plant_id,scientific_name,common_name,display_name,plant_family,image_url,image_source,native_states,growth_habit,plant_type,zone_min,zone_max,maintenance,soil_description,soil_moisture,soil_ph,supports_full_sun,supports_part_shade,supports_shade,supports_low_water,supports_medium_water,supports_high_water,bloom_color,bloom_jan,bloom_feb,bloom_mar,bloom_apr,bloom_may,bloom_jun,bloom_jul,bloom_aug,bloom_sep,bloom_oct,bloom_nov,bloom_dec,supports_bee_observed,supports_butterfly_observed,supports_hummingbird_observed,supports_moth_observed,supports_fly_observed,supports_beetle_observed,supports_wasp_observed,has_ladybird_data,has_pollinator_data
PLANT-00001,Abies balsamea,"Balsam Fir, Blister Pine, Northern Balsam","Balsam Fir, Blister Pine, Northern Balsam",Pinaceae,https://inaturalist-open-data.s3.amazonaws.com/photos/9906794/medium.jpg,iNaturalist,Connecticut | Iowa | Maine | Massachusetts | Michigan | Minnesota | New Hampshire | New Jersey | New York | Pennsylvania | Vermont | Virginia | West Virginia | Wisconsin,Tree,Needled evergreen,3,6,Medium,"Well-drained, acid, moist soils.",Moist,Acidic (pH<6.8),TRUE,TRUE,TRUE,FALSE,TRUE,FALSE,"Yellow , Green , Purple , Brown",FALSE,FALSE,FALSE,FALSE,FALSE,FALSE,FALSE,FALSE,TRUE,TRUE,TRUE,FALSE,FALSE,FALSE,FALSE,FALSE,FALSE,FALSE,FALSE,TRUE,FALSE
PLANT-00002,Abies concolor,"White Fir, Balsam Fir, Colorado Fir, Concolor Fir, Silver Fir, White Balsam, Oyamel De California","White Fir, Balsam Fir, Colorado Fir, Concolor Fir, Silver Fir, White Balsam, Oyamel De California",Pinaceae,https://inaturalist-open-data.s3.amazonaws.com/photos/56287604/medium.jpg,iNaturalist,Arizona | California | Colorado | Idaho | Nevada | Oregon | Utah | Wyoming,Tree,Needled evergreen,3,7,Medium,"Well-drained, gravelly or sandy-loam soils.",,,TRUE,TRUE,FALSE,FALSE,TRUE,FALSE,Red,FALSE,FALSE,FALSE,TRUE,TRUE,TRUE,FALSE,FALSE,FALSE,FALSE,FALSE,FALSE,FALSE,FALSE,FALSE,FALSE,FALSE,FALSE,FALSE,TRUE,FALSE
PLANT-00003,Abies fraseri,"Fraser Fir, She-balsam","Fraser Fir, She-balsam",Pinaceae,https://inaturalist-open-data.s3.amazonaws.com/photos/2043904/medium.jpg,iNaturalist,Georgia | Minnesota | North Carolina | Tennessee | Virginia,Tree,Needled evergreen,4,7,Medium,,,,FALSE,FALSE,TRUE,FALSE,TRUE,FALSE,Purple,FALSE,FALSE,FALSE,TRUE,FALSE,FALSE,FALSE,FALSE,FALSE,FALSE,FALSE,FALSE,FALSE,FALSE,FALSE,FALSE,FALSE,FALSE,FALSE,TRUE,FALSE
PLANT-00004,Abies grandis,"Grand Fir, Giant Fir","Grand Fir, Giant Fir",Pinaceae,https://inaturalist-open-data.s3.amazonaws.com/photos/56287604/medium.jpg,iNaturalist,California | Idaho | Montana | Oregon | Washington,Tree,Needled evergreen,5,6,Medium,Well-drained soils.,"Dry , Moist",,FALSE,TRUE,TRUE,FALSE,TRUE,FALSE,"White , Green",FALSE,FALSE,FALSE,TRUE,TRUE,FALSE,FALSE,FALSE,FALSE,FALSE,FALSE,FALSE,FALSE,FALSE,FALSE,FALSE,FALSE,FALSE,FALSE,TRUE,FALSE
PLANT-00005,Acacia koa,koa,koa,,https://static.inaturalist.org/photos/98778970/medium.jpg,iNaturalist,Hawaii,,Tree,10,11,Medium,,,,FALSE,FALSE,FALSE,FALSE,FALSE,FALSE,,FALSE,FALSE,FALSE,FALSE,FALSE,FALSE,FALSE,FALSE,FALSE,FALSE,FALSE,FALSE,FALSE,FALSE,FALSE,FALSE,FALSE,FALSE,FALSE,FALSE,FALSE
PLANT-00006,Acalypha wilkesiana,Jacob's coat,Jacob's coat,,https://static.inaturalist.org/photos/346178667/medium.jpg,iNaturalist,Hawaii,,Broadleaf evergreen,10,11,Low,,,,FALSE,FALSE,FALSE,FALSE,FALSE,FALSE,,FALSE,FALSE,FALSE,FALSE,FALSE,FALSE,FALSE,FALSE,FALSE,FALSE,FALSE,FALSE,FALSE,FALSE,FALSE,FALSE,FALSE,FALSE,FALSE,FALSE,FALSE
PLANT-00007,Acer macrophyllum,"Bigleaf Maple, Big-leaf Maple","Bigleaf Maple, Big-leaf Maple",Aceraceae,https://inaturalist-open-data.s3.amazonaws.com/photos/494655644/medium.jpg,iNaturalist,California | Oregon | Washington,Tree,Tree,6,7,Low,"Cool, moist soils.","Dry , Moist",,TRUE,TRUE,TRUE,FALSE,TRUE,FALSE,"Yellow , Green , Brown",FALSE,FALSE,FALSE,TRUE,TRUE,FALSE,FALSE,FALSE,FALSE,FALSE,FALSE,FALSE,FALSE,FALSE,FALSE,FALSE,FALSE,FALSE,FALSE,TRUE,FALSE
PLANT-00008,Acer negundo,"Box Elder, Box Elder Maple, Ash-leaved Maple, Ashleaf Maple, Red River Maple, Fresno De Guajuco","Box Elder, Box Elder Maple, Ash-leaved Maple, Ashleaf Maple, Red River Maple, Fresno De Guajuco",Aceraceae,https://inaturalist-open-data.s3.amazonaws.com/photos/486113480/medium.jpg,iNaturalist,Alabama | Arkansas | Colorado | Connecticut | Delaware | Florida | Georgia | Illinois | Indiana | Iowa | Kansas | Kentucky | Louisiana | Maine | Maryland | Massachusetts | Michigan | Minnesota | Mississippi | Missouri | Nebraska | New Hampshire | New Jersey | New York | North Carolina | North Dakota | Ohio | Oklahoma | Oregon | Pennsylvania | Rhode Island | South Carolina | South Dakota | Tennessee | Texas | Utah | Vermont | Virginia | Washington | West Virginia | Wisconsin,Tree,Tree,2,10,Low,Variable.,Moist,,TRUE,FALSE,FALSE,FALSE,TRUE,FALSE,"Yellow , Green , Brown",FALSE,FALSE,TRUE,TRUE,FALSE,FALSE,FALSE,FALSE,FALSE,FALSE,FALSE,FALSE,FALSE,FALSE,FALSE,FALSE,FALSE,FALSE,FALSE,TRUE,FALSE
PLANT-00009,Acer pensylvanicum,"Striped Maple, Moosewood","Striped Maple, Moosewood",Aceraceae,https://inaturalist-open-data.s3.amazonaws.com/photos/8048591/medium.jpg,iNaturalist,Connecticut | Georgia | Indiana | Kentucky | Maine | Maryland | Massachusetts | Michigan | Minnesota | New Hampshire | New Jersey | New York | North Carolina | Ohio | Pennsylvania | Rhode Island | South Carolina | Tennessee | Vermont | Virginia | West Virginia | Wisconsin,Tree,Tree,3,7,Low,"Cool, well-drained, moist, acidic soils.",Moist,Acidic (pH<6.8),FALSE,TRUE,TRUE,TRUE,FALSE,FALSE,"Yellow , Green , Brown",FALSE,FALSE,FALSE,TRUE,TRUE,FALSE,FALSE,FALSE,FALSE,FALSE,FALSE,FALSE,FALSE,FALSE,FALSE,FALSE,FALSE,FALSE,FALSE,TRUE,FALSE
PLANT-00010,Acer rubrum,"Red Maple, Scarlet Maple, Soft Maple","Red Maple, Scarlet Maple, Soft Maple",Aceraceae,https://inaturalist-open-data.s3.amazonaws.com/photos/371065093/medium.jpg,iNaturalist,Alabama | Arkansas | Connecticut | Delaware | Florida | Georgia | Illinois | Indiana | Iowa | Kentucky | Louisiana | Maine | Maryland | Massachusetts | Michigan | Minnesota | Mississippi | Missouri | New Hampshire | New Jersey | New York | North Carolina | Ohio | Oklahoma | Pennsylvania | Rhode Island | South Carolina | Tennessee | Texas | Vermont | Virginia | West Virginia | Wisconsin,Tree,Tree,3,9,Low,"Moist, slightly acidic soils.",Moist,"Acidic (pH<6.8) , Circumneutral (pH 6.8-7.2)",TRUE,TRUE,FALSE,FALSE,FALSE,TRUE,"Red , Yellow",FALSE,FALSE,TRUE,TRUE,FALSE,FALSE,FALSE,FALSE,FALSE,FALSE,FALSE,FALSE,FALSE,FALSE,FALSE,FALSE,FALSE,FALSE,FALSE,TRUE,FALSE
PLANT-00011,Acer saccharinum,"Silver Maple, Soft Maple, White Maple","Silver Maple, Soft Maple, White Maple",Aceraceae,https://inaturalist-open-data.s3.amazonaws.com/photos/135565/medium.jpg,iNaturalist,Alabama | Arkansas | California | Connecticut | Delaware | Florida | Georgia | Illinois | Indiana | Iowa | Kansas | Kentucky | Louisiana | Maine | Maryland | Massachusetts | Michigan | Minnesota | Mississippi | Missouri | Nebraska | New Hampshire | New Jersey | New Mexico | New York | North Carolina | North Dakota | Ohio | Oklahoma | Pennsylvania | Rhode Island | South Carolina | South Dakota | Tennessee | Vermont | Virginia | Washington | West Virginia | Wisconsin,Tree,Tree,3,9,Low,"Rich, wet to moist, slightly acid soils.",Moist,,TRUE,TRUE,TRUE,FALSE,TRUE,FALSE,"White , Red , Yellow",FALSE,FALSE,TRUE,TRUE,FALSE,FALSE,FALSE,FALSE,FALSE,FALSE,FALSE,FALSE,FALSE,FALSE,FALSE,FALSE,FALSE,FALSE,FALSE,TRUE,FALSE
PLANT-00012,Acer saccharum,"Sugar Maple, Northern Sugar Maple","Sugar Maple, Northern Sugar Maple",Aceraceae,https://inaturalist-open-data.s3.amazonaws.com/photos/230661769/medium.jpeg,iNaturalist,Alabama | Arkansas | Connecticut | Delaware | Georgia | Illinois | Indiana | Iowa | Kansas | Kentucky | Louisiana | Maine | Maryland | Massachusetts | Michigan | Minnesota | Mississippi | Missouri | New Hampshire | New Jersey | New York | North Carolina | North Dakota | Ohio | Oklahoma | Pennsylvania | Rhode Island | South Dakota | Tennessee | Vermont | Virginia | West Virginia | Wisconsin,Tree,Tree,3,8,Medium,"Rich, moist, well-drained soils.","Dry , Moist",,TRUE,TRUE,TRUE,FALSE,TRUE,FALSE,"Yellow , Green , Brown",FALSE,FALSE,FALSE,TRUE,TRUE,FALSE,FALSE,FALSE,FALSE,FALSE,FALSE,FALSE,FALSE,FALSE,FALSE,FALSE,FALSE,FALSE,FALSE,TRUE,FALSE
PLANT-00013,Acer saccharum subsp. grandidentatum,bigtooth maple,bigtooth maple,,,,Arizona | Colorado | Idaho | Montana | Nevada | New Mexico | Texas | Utah | Washington | Wyoming,,Deciduous shrub,5,8,Low,,,,FALSE,FALSE,FALSE,FALSE,FALSE,FALSE,,FALSE,FALSE,FALSE,FALSE,FALSE,FALSE,FALSE,FALSE,FALSE,FALSE,FALSE,FALSE,FALSE,FALSE,FALSE,FALSE,FALSE,FALSE,FALSE,FALSE,FALSE
PLANT-00014,Acer saccharum subsp. nigrum,black maple,black maple,,,,Alabama | Arkansas | Connecticut | Delaware | Georgia | Illinois | Indiana | Iowa | Kansas | Kentucky | Maryland | Massachusetts | Michigan | Minnesota | Missouri | New Hampshire | New Jersey | New York | North Carolina | Ohio | Pennsylvania | South Dakota | Tennessee | Vermont | Virginia | West Virginia | Wisconsin,,Tree,4,8,Medium,,,,FALSE,FALSE,FALSE,FALSE,FALSE,FALSE,,FALSE,FALSE,FALSE,FALSE,FALSE,FALSE,FALSE,FALSE,FALSE,FALSE,FALSE,FALSE,FALSE,FALSE,FALSE,FALSE,FALSE,FALSE,FALSE,FALSE,FALSE
PLANT-00015,Achillea millefolium,"Common Yarrow, Western Yarrow, Yarrow, Milfoil","Common Yarrow, Western Yarrow, Yarrow, Milfoil",Asteraceae,https://inaturalist-open-data.s3.amazonaws.com/photos/4902/medium.jpg,iNaturalist,Alabama | Alaska | Arizona | Arkansas | California | Colorado | Connecticut | Delaware | Florida | Georgia | Idaho | Illinois | Indiana | Iowa | Kansas | Kentucky | Louisiana | Maine | Maryland | Massachusetts | Michigan | Minnesota | Mississippi | Missouri | Montana | Nebraska | Nevada | New Hampshire | New Jersey | New Mexico | New York | North Carolina | North Dakota | Ohio | Oklahoma | Oregon | Pennsylvania | Rhode Island | South Carolina | South Dakota | Tennessee | Texas | Utah | Vermont | Virginia | Washington | West Virginia | Wisconsin | Wyoming,Herb,Herbaceous perennial,3,9,Medium,,Dry,,TRUE,TRUE,FALSE,FALSE,TRUE,FALSE,"White , Pink",FALSE,FALSE,FALSE,TRUE,TRUE,TRUE,TRUE,TRUE,TRUE,FALSE,FALSE,FALSE,TRUE,TRUE,FALSE,TRUE,TRUE,TRUE,TRUE,TRUE,TRUE
PLANT-00016,Acoelorrhaphe wrightii,paurotis palm,paurotis palm,,https://inaturalist-open-data.s3.amazonaws.com/photos/119800158/medium.jpeg,iNaturalist,Florida,,Palm or Cycad,9,12,Medium,,,,FALSE,FALSE,FALSE,FALSE,FALSE,FALSE,,FALSE,FALSE,FALSE,FALSE,FALSE,FALSE,FALSE,FALSE,FALSE,FALSE,FALSE,FALSE,FALSE,FALSE,FALSE,FALSE,FALSE,FALSE,FALSE,FALSE,FALSE
PLANT-00017,Acorus calamus,sweet flag,sweet flag,,https://inaturalist-open-data.s3.amazonaws.com/photos/31058762/medium.jpg,iNaturalist,Alaska | Connecticut | Idaho | Illinois | Indiana | Iowa | Kansas | Maine | Massachusetts | Michigan | Minnesota | Montana | Nebraska | New Hampshire | New Jersey | New York | North Dakota | Ohio | Pennsylvania | Rhode Island | South Dakota | Vermont | Virginia | Washington | Wisconsin,,Rush or Sedge,4,10,Low,,,,FALSE,FALSE,FALSE,FALSE,FALSE,FALSE,,FALSE,FALSE,FALSE,FALSE,FALSE,FALSE,FALSE,FALSE,FALSE,FALSE,FALSE,FALSE,FALSE,FALSE,FALSE,FALSE,FALSE,FALSE,FALSE,FALSE,FALSE
PLANT-00018,Actaea pachypoda,"White Baneberry, Dolls Eyes","White Baneberry, Dolls Eyes",Ranunculaceae,https://inaturalist-open-data.s3.amazonaws.com/photos/660709/medium.jpg,iNaturalist,Alabama | Arkansas | Connecticut | Delaware | Florida | Georgia | Illinois | Indiana | Iowa | Kansas | Kentucky | Louisiana | Maine | Maryland | Massachusetts | Michigan | Minnesota | Mississippi | Missouri | Nebraska | New Hampshire | New Jersey | New York | North Carolina | Ohio | Oklahoma | Pennsylvania | Rhode Island | South Carolina | Tennessee | Vermont | Virginia | West Virginia | Wisconsin,Herb,Herbaceous perennial,3,8,Low,"Various well-drained, humus-rich soils.","Moist , Wet",Acidic (pH<6.8),FALSE,TRUE,TRUE,FALSE,FALSE,FALSE,White,FALSE,FALSE,FALSE,TRUE,TRUE,TRUE,FALSE,FALSE,FALSE,FALSE,FALSE,FALSE,FALSE,FALSE,FALSE,FALSE,FALSE,FALSE,FALSE,TRUE,FALSE
PLANT-00019,Actaea racemosa,Black Baneberry,Black Baneberry,Ranunculaceae,https://inaturalist-open-data.s3.amazonaws.com/photos/93111/medium.jpg,iNaturalist,Alabama | Arkansas | Connecticut | Delaware | Georgia | Illinois | Indiana | Iowa | Kentucky | Maine | Maryland | Massachusetts | Michigan | Mississippi | Missouri | New Jersey | New York | North Carolina | Ohio | Pennsylvania | South Carolina | Tennessee | Virginia | West Virginia,Herb,Herbaceous perennial,3,8,Low,,,,FALSE,FALSE,FALSE,FALSE,FALSE,FALSE,"White , Green",FALSE,FALSE,FALSE,FALSE,FALSE,TRUE,TRUE,TRUE,TRUE,FALSE,FALSE,FALSE,FALSE,FALSE,FALSE,FALSE,FALSE,FALSE,FALSE,TRUE,FALSE
PLANT-00020,Adiantum capillus-veneris,"Southern Maidenhair Fern, Common Maidenhair Fern, Maidenhair Fern, Venus Hair Fern","Southern Maidenhair Fern, Common Maidenhair Fern, Maidenhair Fern, Venus Hair Fern",Pteridaceae,https://inaturalist-open-data.s3.amazonaws.com/photos/170713050/medium.jpeg,iNaturalist,Alabama | Arizona | Arkansas | California | Colorado | Florida | Georgia | Hawaii | Kentucky | Louisiana | Maryland | Mississippi | Missouri | Nevada | New Mexico | North Carolina | Ohio | Oklahoma | South Carolina | South Dakota | Tennessee | Texas | Utah | Virginia,Fern,Fern,5,8,Low,"Moist, well-drained sand, loam or limestone. Can occur as an attached mass growing directly on rock outcroppings where moisture is present","Moist , Wet",Alkaline (pH>7.2),FALSE,TRUE,TRUE,FALSE,TRUE,TRUE,Not Applicable,FALSE,FALSE,FALSE,FALSE,FALSE,FALSE,FALSE,FALSE,FALSE,FALSE,FALSE,FALSE,FALSE,FALSE,FALSE,FALSE,FALSE,FALSE,FALSE,TRUE,FALSE
PLANT-00021,Adiantum pedatum,"Northern Maidenhair Fern, Maidenhair Fern","Northern Maidenhair Fern, Maidenhair Fern",Pteridaceae,https://static.inaturalist.org/photos/130175468/medium.jpeg,iNaturalist,Alabama | Alaska | Arkansas | Connecticut | Delaware | Georgia | Illinois | Iowa | Kansas | Kentucky | Louisiana | Maine | Maryland | Michigan | Minnesota | Mississippi | Missouri | Nebraska | New Hampshire | New Jersey | New York | North Carolina | Ohio | Oklahoma | Pennsylvania | Rhode Island | South Carolina | South Dakota | Tennessee | Vermont | Virginia | West Virginia | Wisconsin,Fern,Fern,3,8,Low,"Rich, moist, well-drained soils, mostly acidic but can tolerate some lime.",Moist,Circumneutral (pH 6.8-7.2),FALSE,TRUE,TRUE,FALSE,TRUE,FALSE,Not Applicable,FALSE,FALSE,FALSE,FALSE,FALSE,TRUE,TRUE,TRUE,TRUE,TRUE,TRUE,FALSE,FALSE,FALSE,FALSE,FALSE,FALSE,FALSE,FALSE,TRUE,FALSE
PLANT-00022,Aesculus californica,California Buckeye,California Buckeye,Hippocastanaceae,https://inaturalist-open-data.s3.amazonaws.com/photos/72460428/medium.jpg,iNaturalist,California,Shrub,Tree,7,8,Medium,"Poor, dry soils.",Dry,,TRUE,TRUE,FALSE,FALSE,TRUE,FALSE,"White , Pink",FALSE,FALSE,FALSE,TRUE,TRUE,TRUE,FALSE,FALSE,FALSE,FALSE,FALSE,FALSE,FALSE,FALSE,FALSE,FALSE,FALSE,FALSE,FALSE,TRUE,FALSE
PLANT-00023,Aesculus flava,"Yellow Buckeye, Sweet Buckeye","Yellow Buckeye, Sweet Buckeye",Hippocastanaceae,https://inaturalist-open-data.s3.amazonaws.com/photos/193277568/medium.jpg,iNaturalist,Alabama | Georgia | Illinois | Indiana | Kentucky | Maryland | Mississippi | New Jersey | North Carolina | Ohio | Pennsylvania | South Carolina | Tennessee | Virginia | West Virginia,Tree,Tree,4,8,Medium,"Rich, moist, well-drained soils.",Moist,Circumneutral (pH 6.8-7.2),FALSE,FALSE,TRUE,FALSE,FALSE,TRUE,White,FALSE,FALSE,FALSE,TRUE,TRUE,TRUE,FALSE,FALSE,FALSE,FALSE,FALSE,FALSE,FALSE,FALSE,FALSE,FALSE,FALSE,FALSE,FALSE,TRUE,FALSE
PLANT-00024,Aesculus glabra,"Ohio Buckeye, Texas Buckeye, Fetid Buckeye, Horse Chestnut","Ohio Buckeye, Texas Buckeye, Fetid Buckeye, Horse Chestnut",Hippocastanaceae,https://static.inaturalist.org/photos/37462323/medium.jpeg,iNaturalist,Alabama | Arkansas | Georgia | Illinois | Indiana | Iowa | Kansas | Kentucky | Maine | Maryland | Michigan | Minnesota | Mississippi | Missouri | New Hampshire | New Jersey | New York | North Carolina | Ohio | Oklahoma | Pennsylvania | South Carolina | Tennessee | Texas | West Virginia | Wisconsin,Tree,Tree,3,7,Medium,"Rich, moist, well-drained soils.",Moist,Acidic (pH<6.8),TRUE,TRUE,TRUE,FALSE,TRUE,FALSE,"Yellow , Green , Brown",FALSE,FALSE,TRUE,TRUE,TRUE,FALSE,FALSE,FALSE,FALSE,FALSE,FALSE,FALSE,FALSE,FALSE,FALSE,FALSE,FALSE,FALSE,FALSE,TRUE,FALSE
PLANT-00025,Aesculus parviflora,Bottlebrush Buckeye,Bottlebrush Buckeye,Hippocastanaceae,https://inaturalist-open-data.s3.amazonaws.com/photos/19700508/medium.jpg,iNaturalist,Alabama | Georgia | New Jersey | Pennsylvania | South Carolina,Shrub,Deciduous shrub,4,8,Low,"Moist, well-drained, shallow soils over limestone or loamy sands.",,,FALSE,TRUE,FALSE,FALSE,FALSE,FALSE,White,FALSE,FALSE,FALSE,FALSE,FALSE,TRUE,TRUE,FALSE,FALSE,FALSE,FALSE,FALSE,FALSE,FALSE,FALSE,FALSE,FALSE,FALSE,FALSE,TRUE,FALSE
PLANT-00026,Aesculus parviflora var. serotina,bottlebrush buckeye,bottlebrush buckeye,,,,Alabama | Arkansas | Delaware | Florida | Georgia | Kentucky | Louisiana | Maryland | Mississippi | North Carolina | South Carolina | Tennessee | Virginia,,Deciduous shrub,4,8,Low,,,,FALSE,FALSE,FALSE,FALSE,FALSE,FALSE,,FALSE,FALSE,FALSE,FALSE,FALSE,FALSE,FALSE,FALSE,FALSE,FALSE,FALSE,FALSE,FALSE,FALSE,FALSE,FALSE,FALSE,FALSE,FALSE,FALSE,FALSE
PLANT-00027,Aesculus pavia,"Red Buckeye, Scarlet Buckeye , Firecracker Plant","Red Buckeye, Scarlet Buckeye , Firecracker Plant",Hippocastanaceae,https://inaturalist-open-data.s3.amazonaws.com/photos/34729028/medium.jpeg,iNaturalist,Alabama | Arkansas | Florida | Georgia | Illinois | Kentucky | Louisiana | Mississippi | Missouri | North Carolina | Oklahoma | South Carolina | Tennessee | Texas | Virginia | West Virginia,Shrub,Deciduous shrub,4,8,Medium,"Deep, well-drained sand, loam, clay, limestone. Variety",Moist,"Acidic (pH<6.8) , Circumneutral (pH 6.8-7.2)",FALSE,TRUE,FALSE,FALSE,TRUE,TRUE,"Red , Yellow",FALSE,FALSE,TRUE,TRUE,TRUE,FALSE,FALSE,FALSE,FALSE,FALSE,FALSE,FALSE,FALSE,FALSE,FALSE,FALSE,FALSE,FALSE,FALSE,TRUE,FALSE
PLANT-00028,Aesculus sylvatica,Painted Buckeye,Painted Buckeye,Hippocastanaceae,https://inaturalist-open-data.s3.amazonaws.com/photos/7448565/medium.jpg,iNaturalist,Alabama | Florida | Georgia | Kentucky | North Carolina | South Carolina | Tennessee | Virginia,Shrub,Deciduous shrub,7,8,Medium,,,,FALSE,FALSE,FALSE,FALSE,FALSE,FALSE,"Yellow , Green",FALSE,FALSE,FALSE,TRUE,TRUE,FALSE,FALSE,FALSE,FALSE,FALSE,FALSE,FALSE,FALSE,FALSE,FALSE,FALSE,FALSE,FALSE,FALSE,TRUE,FALSE
PLANT-00029,Agalinis tenuifolia,Slenderleaf False Foxglove,Slenderleaf False Foxglove,Scrophulariaceae,https://inaturalist-open-data.s3.amazonaws.com/photos/420427363/medium.jpg,iNaturalist,Alabama | Arkansas | Colorado | Connecticut | Delaware | Florida | Georgia | Illinois | Indiana | Iowa | Kansas | Kentucky | Louisiana | Maine | Maryland | Massachusetts | Michigan | Minnesota | Mississippi | Missouri | Nebraska | New Hampshire | New Jersey | New Mexico | New York | North Carolina | North Dakota | Ohio | Oklahoma | Pennsylvania | Rhode Island | South Carolina | South Dakota | Tennessee | Texas | Vermont | Virginia | West Virginia | Wisconsin | Wyoming,Herb,Annual,2,11,Medium,,,,TRUE,TRUE,FALSE,FALSE,TRUE,FALSE,"White , Red , Pink , Yellow , Purple",FALSE,FALSE,FALSE,FALSE,FALSE,FALSE,TRUE,TRUE,TRUE,TRUE,TRUE,FALSE,FALSE,FALSE,FALSE,FALSE,FALSE,FALSE,FALSE,TRUE,FALSE
PLANT-00030,Agastache cana,"Mosquito Plant, Mosquito-plant, Texas Hummingbird Mint","Mosquito Plant, Mosquito-plant, Texas Hummingbird Mint",Lamiaceae,https://inaturalist-open-data.s3.amazonaws.com/photos/117346114/medium.jpg,iNaturalist,New Mexico | Texas,Herb,Herbaceous perennial,5,9,Low,,,,FALSE,FALSE,FALSE,FALSE,FALSE,FALSE,Pink,FALSE,FALSE,FALSE,FALSE,FALSE,TRUE,TRUE,TRUE,TRUE,TRUE,FALSE,FALSE,FALSE,FALSE,FALSE,FALSE,FALSE,FALSE,FALSE,TRUE,FALSE
PLANT-00031,Agastache foeniculum,"Blue Giant Hyssop, Blue Giant-hyssop, Fragrant Giant Hyssop, Lavender Hyssop, Anise Hyssop","Blue Giant Hyssop, Blue Giant-hyssop, Fragrant Giant Hyssop, Lavender Hyssop, Anise Hyssop",Lamiaceae,https://inaturalist-open-data.s3.amazonaws.com/photos/417901162/medium.jpeg,iNaturalist,Colorado | Connecticut | Delaware | Idaho | Illinois | Iowa | Kentucky | Michigan | Minnesota | Montana | Nebraska | New Hampshire | New York | North Dakota | Pennsylvania | South Dakota | Washington | Wisconsin | Wyoming,Herb,Herbaceous perennial,4,8,Medium,"Sandy, well-drained soils",Moist,,TRUE,TRUE,TRUE,FALSE,FALSE,FALSE,"Blue , Purple",FALSE,FALSE,FALSE,FALSE,FALSE,TRUE,TRUE,TRUE,TRUE,FALSE,FALSE,FALSE,FALSE,FALSE,FALSE,FALSE,FALSE,FALSE,FALSE,TRUE,FALSE
PLANT-00032,Agastache nepetoides,Yellow Giant Hyssop,Yellow Giant Hyssop,Lamiaceae,https://static.inaturalist.org/photos/152641959/medium.jpg,iNaturalist,Alabama | Arkansas | Delaware | Georgia | Illinois | Indiana | Iowa | Kansas | Kentucky | Maryland | Michigan | Minnesota | Missouri | Nebraska | New Jersey | New York | North Carolina | Ohio | Oklahoma | Pennsylvania | South Carolina | South Dakota | Tennessee | Vermont | Virginia | West Virginia | Wisconsin,Subshrub,Herbaceous perennial,2,8,Low,,,,TRUE,TRUE,FALSE,FALSE,TRUE,FALSE,"Yellow , Green",FALSE,FALSE,FALSE,FALSE,FALSE,FALSE,TRUE,TRUE,TRUE,FALSE,FALSE,FALSE,FALSE,FALSE,FALSE,FALSE,FALSE,FALSE,FALSE,TRUE,FALSE
PLANT-00033,Agastache rupestris,"Threadleaf Giant Hyssop, Thread-leaf Giant-hyssop","Threadleaf Giant Hyssop, Thread-leaf Giant-hyssop",Lamiaceae,https://inaturalist-open-data.s3.amazonaws.com/photos/28669841/medium.jpg,iNaturalist,Arizona | New Mexico,Herb,Herbaceous perennial,5,8,Low,,,,FALSE,FALSE,FALSE,FALSE,FALSE,FALSE,"Red , Pink , Purple",FALSE,FALSE,FALSE,FALSE,FALSE,FALSE,FALSE,TRUE,TRUE,TRUE,FALSE,FALSE,FALSE,FALSE,FALSE,FALSE,FALSE,FALSE,FALSE,TRUE,FALSE
PLANT-00034,Agave americana,"American Century Plant, Century Plant","American Century Plant, Century Plant",Agavaceae,https://static.inaturalist.org/photos/333174371/medium.jpg,iNaturalist,Arizona | Texas,Cactus/Succulent,Herbaceous perennial,8,10,Medium,"Sandy, Sandy Loam, Medium Loam, Clay Loam, Clay, Rocky Soil",Dry,,TRUE,FALSE,FALSE,TRUE,FALSE,FALSE,Yellow,FALSE,FALSE,FALSE,FALSE,FALSE,TRUE,TRUE,FALSE,FALSE,FALSE,FALSE,FALSE,FALSE,FALSE,FALSE,FALSE,FALSE,FALSE,FALSE,TRUE,FALSE
PLANT-00035,Agave havardiana,century plant,century plant,,https://static.inaturalist.org/photos/130121684/medium.jpg,iNaturalist,Texas,,Herbaceous perennial,7,10,Low,,,,FALSE,FALSE,FALSE,FALSE,FALSE,FALSE,,FALSE,FALSE,FALSE,FALSE,FALSE,FALSE,FALSE,FALSE,FALSE,FALSE,FALSE,FALSE,FALSE,FALSE,FALSE,FALSE,FALSE,FALSE,FALSE,FALSE,FALSE
PLANT-00036,Agave parryi,"Parry's Agave, Century Plant, Parry Agave","Parry's Agave, Century Plant, Parry Agave",Agavaceae,https://inaturalist-open-data.s3.amazonaws.com/photos/501694033/medium.jpeg,iNaturalist,Arizona | New Mexico | Texas,Cactus/Succulent,Herbaceous perennial,7,10,Medium,"Dry, rocky soils.",Dry,,TRUE,FALSE,FALSE,TRUE,FALSE,FALSE,"Yellow , Green",FALSE,FALSE,FALSE,TRUE,TRUE,TRUE,TRUE,TRUE,FALSE,FALSE,FALSE,FALSE,FALSE,FALSE,FALSE,FALSE,FALSE,FALSE,FALSE,TRUE,FALSE
PLANT-00037,Agave shawii,"Coastal Agave, Boundary Century Plant, Shaw's Century Plant","Coastal Agave, Boundary Century Plant, Shaw's Century Plant",Agavaceae,https://inaturalist-open-data.s3.amazonaws.com/photos/439947737/medium.jpeg,iNaturalist,California,Cactus/Succulent,Herbaceous perennial,9,10,Low,"Dry, rocky soils.",Dry,,TRUE,FALSE,FALSE,TRUE,FALSE,FALSE,"Yellow , Green",TRUE,TRUE,TRUE,TRUE,TRUE,FALSE,FALSE,FALSE,TRUE,TRUE,TRUE,TRUE,FALSE,FALSE,FALSE,FALSE,FALSE,FALSE,FALSE,TRUE,FALSE
PLANT-00038,Ageratina altissima,White Snakeroot,White Snakeroot,Asteraceae,https://inaturalist-open-data.s3.amazonaws.com/photos/162191139/medium.jpg,iNaturalist,Alabama | Alaska | Arizona | Arkansas | California | Colorado | Connecticut | Delaware | Florida | Georgia | Idaho | Illinois | Indiana | Iowa | Kansas | Kentucky | Louisiana | Maine | Maryland | Massachusetts | Michigan | Minnesota | Mississippi | Missouri | Montana | Nebraska | Nevada | New Hampshire | New Jersey | New Mexico | New York | North Carolina | North Dakota | Ohio | Oklahoma | Oregon | Pennsylvania | Rhode Island | South Carolina | South Dakota | Tennessee | Texas | Utah | Vermont | Virginia | Washington | West Virginia | Wisconsin | Wyoming,Herb,Herbaceous perennial,3,8,Medium,,"Dry , Moist",,TRUE,TRUE,FALSE,TRUE,FALSE,FALSE,White,FALSE,FALSE,FALSE,FALSE,FALSE,FALSE,TRUE,TRUE,TRUE,TRUE,TRUE,FALSE,FALSE,FALSE,FALSE,FALSE,FALSE,FALSE,FALSE,TRUE,FALSE
PLANT-00039,Alisma triviale,Northern Water Plantain,Northern Water Plantain,Alismataceae,https://inaturalist-open-data.s3.amazonaws.com/photos/15400/medium.jpg,iNaturalist,Alaska | Arizona | Arkansas | California | Colorado | Connecticut | Delaware | Georgia | Idaho | Illinois | Indiana | Iowa | Kansas | Maine | Maryland | Massachusetts | Michigan | Minnesota | Missouri | Montana | Nebraska | Nevada | New Hampshire | New Jersey | New Mexico | New York | North Dakota | Ohio | Oklahoma | Oregon | Pennsylvania | Rhode Island | South Dakota | Utah | Vermont | Washington | Wisconsin | Wyoming,Herb,Herbaceous perennial,5,10,Low,,Wet,,FALSE,FALSE,FALSE,FALSE,FALSE,FALSE,"White , Pink",FALSE,FALSE,TRUE,TRUE,TRUE,TRUE,TRUE,TRUE,TRUE,TRUE,TRUE,FALSE,FALSE,FALSE,FALSE,FALSE,FALSE,FALSE,FALSE,TRUE,FALSE
PLANT-00040,Allium cernuum,Nodding Onion,Nodding Onion,Liliaceae,https://static.inaturalist.org/photos/218716747/medium.jpg,iNaturalist,Alabama | Arizona | Arkansas | Colorado | Georgia | Idaho | Illinois | Indiana | Iowa | Kentucky | Maryland | Michigan | Minnesota | Mississippi | Missouri | Montana | Nebraska | New Mexico | New York | North Carolina | Ohio | Oregon | Pennsylvania | South Carolina | South Dakota | Tennessee | Texas | Utah | Virginia | Washington | West Virginia | Wisconsin | Wyoming,Herb,Bulb,4,8,Low,"Humus-rich, neutral to alkaline soils.",Moist,Alkaline (pH>7.2),TRUE,FALSE,FALSE,FALSE,FALSE,FALSE,"White , Pink",FALSE,FALSE,FALSE,FALSE,FALSE,TRUE,TRUE,TRUE,TRUE,TRUE,FALSE,FALSE,TRUE,FALSE,FALSE,FALSE,TRUE,TRUE,TRUE,TRUE,TRUE
PLANT-00041,Allium schoenoprasum,Wild Chives,Wild Chives,Liliaceae,https://inaturalist-open-data.s3.amazonaws.com/photos/90411579/medium.jpg,iNaturalist,Alaska | Colorado | Connecticut | Idaho | Maine | Massachusetts | Michigan | Minnesota | Montana | New Hampshire | New Jersey | New York | Ohio | Oregon | Pennsylvania | Rhode Island | Vermont | Washington | Wisconsin | Wyoming,Herb,Bulb,4,8,Low,,,,FALSE,FALSE,FALSE,FALSE,FALSE,FALSE,"White , Pink , Purple",FALSE,FALSE,FALSE,FALSE,FALSE,TRUE,TRUE,TRUE,FALSE,FALSE,FALSE,FALSE,TRUE,FALSE,FALSE,FALSE,FALSE,FALSE,FALSE,TRUE,TRUE
PLANT-00042,Allium stellatum,"Autumn Onion, Prairie Onion","Autumn Onion, Prairie Onion",Liliaceae,https://inaturalist-open-data.s3.amazonaws.com/photos/360999/medium.jpg,iNaturalist,Alabama | Arkansas | Georgia | Illinois | Indiana | Iowa | Kansas | Michigan | Minnesota | Missouri | Nebraska | Ohio | Oklahoma | South Dakota | Tennessee | Texas | Wisconsin,Herb,Bulb,3,8,Low,"Mesic to dry, rocky soils.",Moist,,FALSE,TRUE,FALSE,FALSE,FALSE,FALSE,"White , Pink , Purple",TRUE,TRUE,TRUE,TRUE,TRUE,TRUE,TRUE,TRUE,TRUE,TRUE,TRUE,TRUE,FALSE,FALSE,FALSE,FALSE,FALSE,FALSE,FALSE,TRUE,FALSE
PLANT-00043,Alnus incana,"Gray Alder, Speckled Alder","Gray Alder, Speckled Alder",Betulaceae,https://inaturalist-open-data.s3.amazonaws.com/photos/542369958/medium.jpg,iNaturalist,Arizona | California | Colorado | Connecticut | Idaho | Illinois | Indiana | Iowa | Maine | Massachusetts | Michigan | Minnesota | Montana | Nevada | New Hampshire | New Jersey | New Mexico | New York | North Dakota | Ohio | Oregon | Pennsylvania | Rhode Island | Utah | Vermont | Virginia | Washington | West Virginia | Wisconsin | Wyoming,Shrub,Tree,2,6,Low,Wet soils.,"Moist , Wet",Circumneutral (pH 6.8-7.2),TRUE,TRUE,TRUE,FALSE,FALSE,TRUE,"Red , Green",FALSE,FALSE,TRUE,TRUE,TRUE,FALSE,FALSE,FALSE,FALSE,FALSE,FALSE,FALSE,FALSE,FALSE,FALSE,FALSE,FALSE,FALSE,FALSE,TRUE,FALSE
PLANT-00044,Alnus incana subsp. rugosa,hazel alder,hazel alder,,,,Connecticut | Illinois | Indiana | Iowa | Maine | Maryland | Massachusetts | Michigan | Minnesota | New Hampshire | New Jersey | New York | North Dakota | Ohio | Pennsylvania | Rhode Island | Vermont | Virginia | West Virginia | Wisconsin,,Tree,2,6,Low,,,,FALSE,FALSE,FALSE,FALSE,FALSE,FALSE,,FALSE,FALSE,FALSE,FALSE,FALSE,FALSE,FALSE,FALSE,FALSE,FALSE,FALSE,FALSE,FALSE,FALSE,FALSE,FALSE,FALSE,FALSE,FALSE,FALSE,FALSE
PLANT-00045,Alnus maritima,Seaside Alder,Seaside Alder,Betulaceae,https://inaturalist-open-data.s3.amazonaws.com/photos/87035246/medium.jpg,iNaturalist,Delaware | Georgia | Maryland | Oklahoma,Shrub,Tree,4,7,Medium,,,,FALSE,TRUE,FALSE,FALSE,FALSE,TRUE,"Red , Green",FALSE,FALSE,FALSE,FALSE,FALSE,FALSE,TRUE,TRUE,FALSE,FALSE,FALSE,FALSE,FALSE,FALSE,FALSE,FALSE,FALSE,FALSE,FALSE,TRUE,FALSE
PLANT-00046,Alnus serrulata,"Smooth Alder, Hazel Alder, Brookside Alder, Tag Alder, Common Alder, Black Alder","Smooth Alder, Hazel Alder, Brookside Alder, Tag Alder, Common Alder, Black Alder",Betulaceae,https://inaturalist-open-data.s3.amazonaws.com/photos/2261216/medium.jpg,iNaturalist,Alabama | Arkansas | Connecticut | Delaware | Florida | Georgia | Illinois | Indiana | Kentucky | Louisiana | Maine | Maryland | Massachusetts | Mississippi | Missouri | New Hampshire | New Jersey | New York | North Carolina | Ohio | Oklahoma | Pennsylvania | Rhode Island | South Carolina | Tennessee | Texas | Vermont | Virginia | West Virginia,Shrub,Tree,4,9,Low,"Wet, fine sandy loams, peats & mucks.","Moist , Wet",Circumneutral (pH 6.8-7.2),TRUE,TRUE,TRUE,FALSE,FALSE,TRUE,"Red , Green , Brown",FALSE,FALSE,TRUE,TRUE,FALSE,FALSE,FALSE,FALSE,FALSE,FALSE,FALSE,FALSE,FALSE,FALSE,FALSE,FALSE,FALSE,FALSE,FALSE,TRUE,FALSE
PLANT-00047,Amelanchier arborea,"Common Serviceberry, Downy Serviceberry, Shadbush, Juneberry, Junebush, Shadblow, Sarvis","Common Serviceberry, Downy Serviceberry, Shadbush, Juneberry, Junebush, Shadblow, Sarvis",Rosaceae,https://inaturalist-open-data.s3.amazonaws.com/photos/18357952/medium.jpeg,iNaturalist,Alabama | Arkansas | Connecticut | Delaware | Florida | Georgia | Illinois | Indiana | Iowa | Kansas | Kentucky | Louisiana | Maine | Maryland | Massachusetts | Michigan | Minnesota | Mississippi | Missouri | Nebraska | New Hampshire | New Jersey | New York | North Carolina | Ohio | Oklahoma | Pennsylvania | Rhode Island | South Carolina | Tennessee | Texas | Vermont | Virginia | West Virginia | Wisconsin,Tree,Tree,4,9,Low,"Moist, well-drained, acid soils.",Dry,Acidic (pH<6.8),TRUE,TRUE,TRUE,FALSE,TRUE,FALSE,White,FALSE,TRUE,TRUE,TRUE,TRUE,FALSE,FALSE,FALSE,FALSE,FALSE,FALSE,FALSE,FALSE,FALSE,FALSE,FALSE,FALSE,FALSE,FALSE,TRUE,FALSE
PLANT-00048,Amelanchier canadensis,"Canadian Serviceberry, Canadian Service-berry, Shadblow Serviceberry, Juneberry, Shadbush, Junebush","Canadian Serviceberry, Canadian Service-berry, Shadblow Serviceberry, Juneberry, Shadbush, Junebush",Rosaceae,https://inaturalist-open-data.s3.amazonaws.com/photos/8047816/medium.jpg,iNaturalist,Alabama | Connecticut | Delaware | Georgia | Maine | Maryland | Mississippi | New Hampshire | New Jersey | New York | North Carolina | Pennsylvania | Rhode Island | South Carolina | Tennessee | Virginia | West Virginia,Tree,Tree,4,8,Low,"Moist, but well-drained, soils.","Moist , Wet",,TRUE,TRUE,TRUE,FALSE,TRUE,FALSE,White,FALSE,FALSE,TRUE,TRUE,TRUE,FALSE,FALSE,FALSE,FALSE,FALSE,FALSE,FALSE,FALSE,FALSE,FALSE,FALSE,FALSE,FALSE,FALSE,TRUE,FALSE
PLANT-00049,Amelanchier laevis,"Allegheny Serviceberry, Allegheny Service-berry, Serviceberry","Allegheny Serviceberry, Allegheny Service-berry, Serviceberry",Rosaceae,https://inaturalist-open-data.s3.amazonaws.com/photos/40513174/medium.jpg,iNaturalist,Alabama | Connecticut | Delaware | Georgia | Illinois | Indiana | Iowa | Kentucky | Maine | Maryland | Massachusetts | Michigan | Minnesota | New Hampshire | New Jersey | New York | North Carolina | Ohio | Pennsylvania | Rhode Island | South Carolina | Tennessee | Vermont | Virginia | West Virginia | Wisconsin,Tree,Tree,4,8,Low,Coarse to medium loams; moist to slightly dry.,"Dry , Moist",Acidic (pH<6.8),TRUE,TRUE,TRUE,FALSE,TRUE,FALSE,White,FALSE,FALSE,TRUE,TRUE,TRUE,TRUE,FALSE,FALSE,FALSE,FALSE,FALSE,FALSE,FALSE,FALSE,FALSE,FALSE,FALSE,FALSE,FALSE,TRUE,FALSE
PLANT-00050,Amelanchier nantucketensis,"Nantucket Serviceberry, Nantucket Shadbush","Nantucket Serviceberry, Nantucket Shadbush",Rosaceae,https://inaturalist-open-data.s3.amazonaws.com/photos/491610807/medium.jpeg,iNaturalist,Maine | Maryland | Massachusetts | New Jersey | New York | Virginia,Shrub,Deciduous shrub,3,6,Medium,,,,FALSE,FALSE,FALSE,FALSE,FALSE,FALSE,White,FALSE,FALSE,TRUE,TRUE,TRUE,FALSE,FALSE,FALSE,FALSE,FALSE,FALSE,FALSE,FALSE,FALSE,FALSE,FALSE,FALSE,FALSE,FALSE,TRUE,FALSE
PLANT-00051,Amelanchier obovalis,coastal serviceberry,coastal serviceberry,,https://inaturalist-open-data.s3.amazonaws.com/photos/6781790/medium.jpeg,iNaturalist,Alabama | Delaware | Georgia | Maryland | Massachusetts | New Jersey | North Carolina | Pennsylvania | South Carolina | Virginia,,Deciduous shrub,5,8,Low,,,,FALSE,FALSE,FALSE,FALSE,FALSE,FALSE,,FALSE,FALSE,FALSE,FALSE,FALSE,FALSE,FALSE,FALSE,FALSE,FALSE,FALSE,FALSE,FALSE,FALSE,FALSE,FALSE,FALSE,FALSE,FALSE,FALSE,FALSE
PLANT-00052,Amelanchier stolonifera,Running Serviceberry,Running Serviceberry,Rosaceae,https://inaturalist-open-data.s3.amazonaws.com/photos/647882/medium.jpg,iNaturalist,Alabama | Connecticut | Georgia | Illinois | Indiana | Iowa | Kentucky | Maine | Maryland | Massachusetts | Michigan | Minnesota | Missouri | New Hampshire | New Jersey | New York | North Carolina | North Dakota | Ohio | Pennsylvania | Rhode Island | South Carolina | South Dakota | Tennessee | Vermont | Virginia | West Virginia | Wisconsin,Shrub,Deciduous shrub,4,8,Low,,"Dry , Moist",,TRUE,TRUE,TRUE,FALSE,TRUE,FALSE,"White , Pink",FALSE,FALSE,FALSE,TRUE,TRUE,TRUE,FALSE,FALSE,FALSE,FALSE,FALSE,FALSE,FALSE,FALSE,FALSE,FALSE,FALSE,FALSE,FALSE,TRUE,FALSE
PLANT-00053,Amorpha canescens,"Leadplant, Leadplant Amorpha, Prairie Shoestring","Leadplant, Leadplant Amorpha, Prairie Shoestring",Fabaceae,https://static.inaturalist.org/photos/209272559/medium.jpg,iNaturalist,Arkansas | Colorado | Illinois | Indiana | Iowa | Kansas | Michigan | Minnesota | Missouri | Montana | Nebraska | New Mexico | North Dakota | Oklahoma | South Dakota | Texas | Wisconsin | Wyoming,Shrub,Deciduous shrub,2,9,Low,"Well-drained, sandy or rocky soils.",Dry,,TRUE,TRUE,FALSE,TRUE,FALSE,FALSE,"Blue , Purple",FALSE,FALSE,FALSE,FALSE,FALSE,TRUE,TRUE,FALSE,FALSE,FALSE,FALSE,FALSE,FALSE,FALSE,FALSE,FALSE,FALSE,FALSE,FALSE,TRUE,FALSE
PLANT-00054,Amorpha fruticosa,"Indigo Bush, False Indigo Bush, False Indigo, Desert False Indigo","Indigo Bush, False Indigo Bush, False Indigo, Desert False Indigo",Fabaceae,https://inaturalist-open-data.s3.amazonaws.com/photos/3976234/medium.jpg,iNaturalist,Alabama | Arizona | Arkansas | California | Colorado | Delaware | Florida | Georgia | Illinois | Indiana | Iowa | Kansas | Kentucky | Louisiana | Maryland | Minnesota | Mississippi | Missouri | Nebraska | New Jersey | New Mexico | North Carolina | North Dakota | Ohio | Oklahoma | Pennsylvania | South Carolina | South Dakota | Tennessee | Texas | Virginia | Wisconsin | Wyoming,Shrub,Deciduous shrub,4,9,Low,"Moist soils to dry sands. pH adaptable. Sandy, Sandy Loam, Medium Loam, Clay Loam, Clay, Acid-based, Calcareous.",Moist,,TRUE,TRUE,FALSE,TRUE,FALSE,FALSE,"Orange , Blue , Purple , Violet",FALSE,FALSE,FALSE,TRUE,TRUE,TRUE,FALSE,FALSE,FALSE,FALSE,FALSE,FALSE,FALSE,FALSE,FALSE,FALSE,FALSE,FALSE,FALSE,TRUE,FALSE
PLANT-00055,Amorpha ouachitensis,Ouachita Mountain leadplant,Ouachita Mountain leadplant,,https://inaturalist-open-data.s3.amazonaws.com/photos/152814/medium.jpg,iNaturalist,Arkansas | Oklahoma,,Deciduous shrub,5,7,Low,,,,FALSE,FALSE,FALSE,FALSE,FALSE,FALSE,,FALSE,FALSE,FALSE,FALSE,FALSE,FALSE,FALSE,FALSE,FALSE,FALSE,FALSE,FALSE,FALSE,FALSE,FALSE,FALSE,FALSE,FALSE,FALSE,FALSE,FALSE
PLANT-00056,Amsonia ciliata,"Fringed Bluestar, Bluestar, Texas Bluestar","Fringed Bluestar, Bluestar, Texas Bluestar",Apocynaceae,https://inaturalist-open-data.s3.amazonaws.com/photos/65633432/medium.jpg,iNaturalist,Alabama | Arkansas | Florida | Georgia | Missouri | North Carolina | Oklahoma | South Carolina | Texas,Herb,Herbaceous perennial,5,9,Low,"Well-drained, sandy loam or limestone. Sandy, Sandy Loam, Medium Loam, Clay Loam, Limestone-based.",Dry,,FALSE,TRUE,FALSE,FALSE,TRUE,FALSE,Blue,FALSE,FALSE,TRUE,TRUE,TRUE,TRUE,FALSE,FALSE,FALSE,FALSE,FALSE,FALSE,FALSE,FALSE,FALSE,FALSE,FALSE,FALSE,FALSE,TRUE,FALSE
PLANT-00057,Amsonia ciliata var. filifolia,blue star,blue star,,,,Alabama | Arkansas | Florida | Georgia | Missouri | North Carolina | Oklahoma | South Carolina | Texas,,Herbaceous perennial,5,9,Low,,,,FALSE,FALSE,FALSE,FALSE,FALSE,FALSE,,FALSE,FALSE,FALSE,FALSE,FALSE,FALSE,FALSE,FALSE,FALSE,FALSE,FALSE,FALSE,FALSE,FALSE,FALSE,FALSE,FALSE,FALSE,FALSE,FALSE,FALSE
PLANT-00058,Amsonia hubrichtii,Hubricht's Bluestar,Hubricht's Bluestar,Apocynaceae,https://inaturalist-open-data.s3.amazonaws.com/photos/124967179/medium.jpg,iNaturalist,Arkansas | Oklahoma,Herb,Herbaceous perennial,5,8,Low,"Grow in medium, well-drained soil in full sun to part shade.",,,TRUE,TRUE,FALSE,FALSE,TRUE,FALSE,Blue,FALSE,FALSE,FALSE,TRUE,TRUE,FALSE,FALSE,FALSE,FALSE,FALSE,FALSE,FALSE,FALSE,FALSE,FALSE,FALSE,FALSE,FALSE,FALSE,TRUE,FALSE
PLANT-00059,Amsonia illustris,"Ozark Bluestar, Showy Blue-star, Missouri Blue Star, Swamp Bluestar","Ozark Bluestar, Showy Blue-star, Missouri Blue Star, Swamp Bluestar",Apocynaceae,https://inaturalist-open-data.s3.amazonaws.com/photos/3664657/medium.jpg,iNaturalist,Arkansas | Kansas | Missouri | Oklahoma | Texas,Herb,Herbaceous perennial,5,9,Low,"Clay, Sand, Sandy Loam, Medium Loam, Acid-based. Perhaps best in clay.",Moist,,FALSE,TRUE,FALSE,FALSE,TRUE,FALSE,Blue,FALSE,FALSE,TRUE,TRUE,TRUE,FALSE,FALSE,FALSE,FALSE,FALSE,FALSE,FALSE,FALSE,FALSE,FALSE,FALSE,FALSE,FALSE,FALSE,TRUE,FALSE
PLANT-00060,Amsonia tabernaemontana,"Eastern Bluestar, Blue Dogbane, Willow Amsonia, Woodland Bluestar","Eastern Bluestar, Blue Dogbane, Willow Amsonia, Woodland Bluestar",Apocynaceae,https://inaturalist-open-data.s3.amazonaws.com/photos/265802650/medium.jpeg,iNaturalist,Alabama | Arkansas | Florida | Georgia | Illinois | Indiana | Kansas | Kentucky | Louisiana | Maryland | Mississippi | Missouri | New Jersey | North Carolina | Ohio | Oklahoma | Pennsylvania | South Carolina | Tennessee | Texas | Virginia,Herb,Herbaceous perennial,3,9,Low,"Wet to moist, sandy soils.",Wet,,FALSE,TRUE,FALSE,FALSE,FALSE,FALSE,"Blue , Purple",FALSE,FALSE,TRUE,TRUE,TRUE,FALSE,FALSE,FALSE,FALSE,FALSE,FALSE,FALSE,FALSE,FALSE,FALSE,FALSE,FALSE,FALSE,FALSE,TRUE,FALSE
PLANT-00061,Amsonia tabernaemontana var. salicifolia,blue star,blue star,,,,Alabama | Arkansas | Georgia | Illinois | Indiana | Kansas | Kentucky | Louisiana | Mississippi | Missouri | New York | North Carolina | Ohio | Oklahoma | South Carolina | Tennessee | Texas,,Herbaceous perennial,3,9,Low,,,,FALSE,FALSE,FALSE,FALSE,FALSE,FALSE,,FALSE,FALSE,FALSE,FALSE,FALSE,FALSE,FALSE,FALSE,FALSE,FALSE,FALSE,FALSE,FALSE,FALSE,FALSE,FALSE,FALSE,FALSE,FALSE,FALSE,FALSE
PLANT-00062,Anaphalis margaritacea,"Western Pearly Everlasting, Pearly-everlasting","Western Pearly Everlasting, Pearly-everlasting",Asteraceae,https://inaturalist-open-data.s3.amazonaws.com/photos/557174771/medium.jpg,iNaturalist,Alaska | Arizona | California | Colorado | Connecticut | Delaware | Idaho | Illinois | Indiana | Iowa | Kentucky | Maine | Maryland | Massachusetts | Michigan | Minnesota | Montana | Nebraska | Nevada | New Hampshire | New Jersey | New Mexico | New York | Ohio | Oregon | Pennsylvania | Rhode Island | South Dakota | Utah | Vermont | Virginia | Washington | West Virginia | Wisconsin | Wyoming,Herb,Herbaceous perennial,3,8,Low,Sandy or gravelly soils.,Dry,,TRUE,TRUE,FALSE,FALSE,TRUE,FALSE,"White , Yellow",FALSE,FALSE,FALSE,FALSE,FALSE,TRUE,TRUE,TRUE,TRUE,TRUE,FALSE,FALSE,TRUE,FALSE,FALSE,FALSE,TRUE,FALSE,FALSE,TRUE,TRUE
PLANT-00063,Andropogon gerardii,"Big Bluestem, Tall Bluestem, Turkeyfoot","Big Bluestem, Tall Bluestem, Turkeyfoot",Poaceae,https://inaturalist-open-data.s3.amazonaws.com/photos/49663357/medium.jpg,iNaturalist,Alabama | Arizona | Arkansas | Colorado | Connecticut | Delaware | Florida | Georgia | Illinois | Indiana | Iowa | Kansas | Kentucky | Louisiana | Maine | Maryland | Massachusetts | Michigan | Mississippi | Missouri | Montana | Nebraska | New Hampshire | New Jersey | New Mexico | New York | North Carolina | North Dakota | Ohio | Oklahoma | Pennsylvania | Rhode Island | South Carolina | South Dakota | Tennessee | Texas | Utah | Vermont | West Virginia | Wisconsin | Wyoming,Grass/Grass-like,Ornamental grass,4,9,Low,"Acid or calcareous sands, loams, and clays.",Moist,,TRUE,TRUE,FALSE,TRUE,TRUE,FALSE,"Red , Blue , Brown",FALSE,FALSE,FALSE,FALSE,FALSE,FALSE,FALSE,TRUE,TRUE,TRUE,TRUE,FALSE,FALSE,FALSE,FALSE,FALSE,FALSE,FALSE,FALSE,TRUE,FALSE
PLANT-00064,Andropogon glomeratus,"Bushy Bluestem, Brushy Bluestem","Bushy Bluestem, Brushy Bluestem",Poaceae,https://inaturalist-open-data.s3.amazonaws.com/photos/90782688/medium.jpg,iNaturalist,Alabama | Arizona | Arkansas | California | Delaware | Florida | Georgia | Illinois | Kentucky | Louisiana | Maryland | Massachusetts | Mississippi | Nevada | New Jersey | New Mexico | New York | North Carolina | Ohio | Oklahoma | Pennsylvania | Rhode Island | South Carolina | Tennessee | Texas | Utah | Virginia | West Virginia,Grass/Grass-like,Ornamental grass,5,9,Low,"Clay, Loam, Sand; Moist, moderately disturbed, relatively sterile soils. Poor drainage all right, even preferred. Tolerates salinity.","Moist , Wet",,TRUE,FALSE,FALSE,FALSE,FALSE,TRUE,"White , Brown",FALSE,FALSE,FALSE,FALSE,FALSE,FALSE,FALSE,TRUE,TRUE,TRUE,TRUE,FALSE,FALSE,FALSE,FALSE,FALSE,FALSE,FALSE,FALSE,TRUE,FALSE
PLANT-00065,Anemone americana,Roundleaf Liverleaf,Roundleaf Liverleaf,,https://inaturalist-open-data.s3.amazonaws.com/photos/34800677/medium.jpg,iNaturalist,Alabama | Arkansas | Connecticut | Delaware | Florida | Georgia | Illinois | Indiana | Iowa | Kentucky | Maine | Maryland | Massachusetts | Michigan | Minnesota | Mississippi | Missouri | New Hampshire | New Jersey | New York | North Carolina | Ohio | Pennsylvania | Rhode Island | South Carolina | Tennessee | Vermont | Virginia | Wisconsin,,Herbaceous perennial,3,8,Low,,,,FALSE,FALSE,FALSE,FALSE,FALSE,FALSE,,FALSE,FALSE,FALSE,FALSE,FALSE,FALSE,FALSE,FALSE,FALSE,FALSE,FALSE,FALSE,FALSE,FALSE,FALSE,FALSE,FALSE,FALSE,FALSE,FALSE,FALSE
PLANT-00066,Anemone canadensis,"Canadian Anemone, Round-leaf Thimbleweed, Canada Anemone, Windflower, Meadow Anemone","Canadian Anemone, Round-leaf Thimbleweed, Canada Anemone, Windflower, Meadow Anemone",Ranunculaceae,https://inaturalist-open-data.s3.amazonaws.com/photos/162600164/medium.jpg,iNaturalist,Colorado | Connecticut | Illinois | Indiana | Iowa | Kansas | Kentucky | Maine | Maryland | Massachusetts | Michigan | Minnesota | Missouri | Montana | Nebraska | New Hampshire | New Jersey | New Mexico | New York | North Dakota | Ohio | Pennsylvania | South Dakota | Tennessee | Vermont | Virginia | West Virginia | Wisconsin | Wyoming,Herb,Herbaceous perennial,3,8,Low,"Moderately moist, sandy soils.",Moist,Circumneutral (pH 6.8-7.2),FALSE,TRUE,TRUE,FALSE,FALSE,FALSE,White,FALSE,FALSE,FALSE,TRUE,TRUE,TRUE,TRUE,TRUE,FALSE,FALSE,FALSE,FALSE,FALSE,FALSE,FALSE,FALSE,FALSE,FALSE,FALSE,TRUE,FALSE
PLANT-00067,Anemone cylindrica,"Candle Anemone, Long-headed Thimbleweed, Longhead Thimbleweed, Thimbleweed","Candle Anemone, Long-headed Thimbleweed, Longhead Thimbleweed, Thimbleweed",Ranunculaceae,https://inaturalist-open-data.s3.amazonaws.com/photos/400853193/medium.jpg,iNaturalist,Arizona | Colorado | Connecticut | Idaho | Illinois | Indiana | Iowa | Kansas | Maine | Massachusetts | Michigan | Minnesota | Missouri | Montana | Nebraska | New Hampshire | New Jersey | New Mexico | New York | North Dakota | Ohio | Pennsylvania | Rhode Island | South Dakota | Vermont | Wisconsin | Wyoming,Herb,Herbaceous perennial,4,7,Low,Rocky soils.,Dry,,TRUE,TRUE,FALSE,FALSE,FALSE,FALSE,"White , Green , Brown",FALSE,FALSE,FALSE,FALSE,TRUE,TRUE,TRUE,TRUE,FALSE,FALSE,FALSE,FALSE,FALSE,FALSE,FALSE,FALSE,FALSE,FALSE,FALSE,TRUE,FALSE
PLANT-00068,Anemone narcissiflora,"Narcissus Anemone, Narcissus-flower Thimbleweed, Narcissis-flowered Anemone","Narcissus Anemone, Narcissus-flower Thimbleweed, Narcissis-flowered Anemone",Ranunculaceae,https://inaturalist-open-data.s3.amazonaws.com/photos/518471485/medium.jpg,iNaturalist,Alaska | Colorado | Wyoming,Herb,Herbaceous perennial,4,7,Low,"Rich, sandy loam.",,,FALSE,TRUE,FALSE,FALSE,FALSE,FALSE,"White , Yellow , Blue",FALSE,FALSE,FALSE,FALSE,TRUE,TRUE,TRUE,TRUE,FALSE,FALSE,FALSE,FALSE,FALSE,FALSE,FALSE,FALSE,FALSE,FALSE,FALSE,TRUE,FALSE
PLANT-00069,Anemone parviflora,Smallflowered Anemone,Smallflowered Anemone,Ranunculaceae,https://inaturalist-open-data.s3.amazonaws.com/photos/337393598/medium.jpeg,iNaturalist,Alaska | Colorado | Idaho | Montana | North Dakota | Oregon | Utah | Washington | Wyoming,Herb,Herbaceous perennial,3,7,Low,,,,FALSE,FALSE,FALSE,FALSE,FALSE,FALSE,"White , Blue",FALSE,FALSE,FALSE,FALSE,TRUE,TRUE,TRUE,TRUE,FALSE,FALSE,FALSE,FALSE,FALSE,FALSE,FALSE,FALSE,FALSE,FALSE,FALSE,TRUE,FALSE
PLANT-00070,Anemone virginiana,"Tall Thimbleweed, Thimbleweed, Tall Anemone","Tall Thimbleweed, Thimbleweed, Tall Anemone",Ranunculaceae,https://static.inaturalist.org/photos/146727896/medium.jpeg,iNaturalist,Alabama | Arkansas | Colorado | Connecticut | Delaware | Georgia | Illinois | Indiana | Iowa | Kansas | Kentucky | Louisiana | Maine | Maryland | Massachusetts | Michigan | Minnesota | Mississippi | Missouri | Nebraska | New Hampshire | New Jersey | New York | North Carolina | North Dakota | Ohio | Oklahoma | Pennsylvania | Rhode Island | South Carolina | South Dakota | Tennessee | Vermont | Virginia | West Virginia | Wisconsin | Wyoming,Herb,Herbaceous perennial,2,8,Medium,"Dry or moist, rich, acid soils. Tolerates lime.","Dry , Moist","Acidic (pH<6.8) , Circumneutral (pH 6.8-7.2)",TRUE,TRUE,FALSE,FALSE,TRUE,FALSE,"White , Yellow , Green",FALSE,FALSE,FALSE,FALSE,TRUE,TRUE,TRUE,TRUE,FALSE,FALSE,FALSE,FALSE,FALSE,FALSE,FALSE,FALSE,FALSE,FALSE,FALSE,TRUE,FALSE
PLANT-00071,Angelica atropurpurea,Purplestem Angelica,Purplestem Angelica,Apiaceae,https://inaturalist-open-data.s3.amazonaws.com/photos/3917485/medium.JPG,iNaturalist,Connecticut | Delaware | Illinois | Indiana | Iowa | Kentucky | Maine | Maryland | Michigan | Minnesota | New Hampshire | New Jersey | New York | North Carolina | Ohio | Pennsylvania | Rhode Island | Tennessee | Vermont | Virginia | Wisconsin,Herb,Herbaceous perennial,4,7,Low,,"Moist , Wet",,TRUE,TRUE,FALSE,FALSE,TRUE,TRUE,"White , Green",FALSE,FALSE,FALSE,FALSE,FALSE,TRUE,TRUE,TRUE,FALSE,FALSE,FALSE,FALSE,FALSE,FALSE,FALSE,FALSE,FALSE,FALSE,FALSE,TRUE,FALSE
PLANT-00072,Anisacanthus quadrifidus var. wrightii,"Flame Acanthus, Hummingbird Bush, Wright's Desert Honeysuckle, Wright Acanthus, Mexican Flame, Wright's Mexican Flame","Flame Acanthus, Hummingbird Bush, Wright's Desert Honeysuckle, Wright Acanthus, Mexican Flame, Wright's Mexican Flame",Acanthaceae,,,Texas,Shrub,Deciduous shrub,7,10,Low,"Well-drained sand, loam, clay, caliche, limestone. Adapts to a wide variety of soils, from rocky slopes to open areas.","Dry , Moist",,TRUE,TRUE,FALSE,TRUE,FALSE,FALSE,"Red , Orange",FALSE,FALSE,FALSE,FALSE,FALSE,TRUE,TRUE,TRUE,TRUE,TRUE,TRUE,FALSE,FALSE,FALSE,FALSE,FALSE,FALSE,FALSE,FALSE,TRUE,FALSE
PLANT-00073,Antennaria dioica,pussytoes,pussytoes,,https://inaturalist-open-data.s3.amazonaws.com/photos/283607825/medium.png,iNaturalist,Alaska | Georgia,,Herbaceous perennial,3,8,Low,,,,FALSE,FALSE,FALSE,FALSE,FALSE,FALSE,,FALSE,FALSE,FALSE,FALSE,FALSE,FALSE,FALSE,FALSE,FALSE,FALSE,FALSE,FALSE,FALSE,FALSE,FALSE,FALSE,FALSE,FALSE,FALSE,FALSE,FALSE
PLANT-00074,Antennaria neglecta,"Field Pussytoes, Prairie Everlasting","Field Pussytoes, Prairie Everlasting",Asteraceae,https://inaturalist-open-data.s3.amazonaws.com/photos/282643574/medium.jpg,iNaturalist,Arkansas | Colorado | Connecticut | Delaware | Idaho | Illinois | Indiana | Iowa | Kansas | Kentucky | Maine | Maryland | Massachusetts | Michigan | Minnesota | Missouri | Montana | Nebraska | New Hampshire | New Jersey | New York | North Carolina | North Dakota | Ohio | Oklahoma | Pennsylvania | Rhode Island | South Dakota | Tennessee | Utah | Vermont | Virginia | West Virginia | Wisconsin | Wyoming,Herb,Herbaceous perennial,3,8,Medium,"Clay, Loam",Dry,,TRUE,FALSE,FALSE,TRUE,FALSE,FALSE,"White , Red , Green , Brown",FALSE,FALSE,FALSE,TRUE,TRUE,TRUE,FALSE,FALSE,FALSE,FALSE,FALSE,FALSE,FALSE,FALSE,FALSE,FALSE,FALSE,FALSE,FALSE,TRUE,FALSE
PLANT-00075,Antennaria parlinii,"Parlin's Pussytoes, Ladies' Tobacco","Parlin's Pussytoes, Ladies' Tobacco",Asteraceae,https://inaturalist-open-data.s3.amazonaws.com/photos/129801648/medium.jpeg,iNaturalist,Alabama | Arkansas | Connecticut | Delaware | Georgia | Illinois | Indiana | Iowa | Kansas | Kentucky | Louisiana | Maine | Maryland | Massachusetts | Michigan | Minnesota | Mississippi | Missouri | Nebraska | New Hampshire | New Jersey | New Mexico | New York | North Carolina | North Dakota | Ohio | Oklahoma | Pennsylvania | Rhode Island | South Carolina | South Dakota | Tennessee | Texas | Vermont | Virginia | West Virginia | Wisconsin,Herb,Herbaceous perennial,5,9,Low,,Dry,,TRUE,FALSE,FALSE,TRUE,FALSE,FALSE,White,FALSE,FALSE,TRUE,TRUE,FALSE,FALSE,FALSE,FALSE,FALSE,FALSE,FALSE,FALSE,FALSE,FALSE,FALSE,FALSE,FALSE,FALSE,FALSE,TRUE,FALSE
PLANT-00076,Antennaria plantaginifolia,"Woman's Tobacco, Ladies' Tobacco, Everlasting, Mouse Ear, Plantain-leaf Pussytoes","Woman's Tobacco, Ladies' Tobacco, Everlasting, Mouse Ear, Plantain-leaf Pussytoes",Asteraceae,https://static.inaturalist.org/photos/118838179/medium.jpg,iNaturalist,Alabama | Arkansas | Connecticut | Delaware | Florida | Georgia | Illinois | Indiana | Iowa | Kentucky | Louisiana | Maine | Maryland | Massachusetts | Minnesota | Mississippi | Missouri | New Hampshire | New Jersey | New York | North Carolina | Ohio | Pennsylvania | Rhode Island | South Carolina | Tennessee | Vermont | Virginia | West Virginia | Wisconsin,Herb,Herbaceous perennial,3,8,Low,"Dry, acidic, sandy or rocky, poor soils",Dry,Acidic (pH<6.8),TRUE,TRUE,FALSE,TRUE,FALSE,FALSE,White,FALSE,FALSE,TRUE,TRUE,TRUE,TRUE,FALSE,FALSE,FALSE,FALSE,FALSE,FALSE,FALSE,FALSE,FALSE,FALSE,FALSE,FALSE,FALSE,TRUE,FALSE
PLANT-00077,Apocynum cannabinum,"Indian Hemp, Prairie Dogbane, Hemp Dogbane, Dogbane","Indian Hemp, Prairie Dogbane, Hemp Dogbane, Dogbane",Apocynaceae,https://static.inaturalist.org/photos/106225/medium.jpg,iNaturalist,Alabama | Arizona | Arkansas | California | Colorado | Connecticut | Delaware | Florida | Georgia | Illinois | Indiana | Iowa | Kentucky | Louisiana | Maine | Maryland | Massachusetts | Michigan | Minnesota | Mississippi | Missouri | Nebraska | Nevada | New Hampshire | New York | North Carolina | North Dakota | Ohio | Oklahoma | Oregon | Pennsylvania | Rhode Island | South Carolina | South Dakota | Texas | Utah | Vermont | Virginia | Washington | West Virginia | Wisconsin | Wyoming,Herb,Herbaceous perennial,4,9,Medium,Various soils.,Moist,,FALSE,TRUE,FALSE,FALSE,FALSE,TRUE,"White , Green , Brown",FALSE,FALSE,FALSE,FALSE,TRUE,TRUE,TRUE,TRUE,TRUE,FALSE,FALSE,FALSE,FALSE,FALSE,FALSE,FALSE,FALSE,FALSE,FALSE,TRUE,FALSE
PLANT-00078,Aquilegia caerulea,columbine,columbine,,https://inaturalist-open-data.s3.amazonaws.com/photos/112033022/medium.jpg,iNaturalist,Arizona | Colorado | Idaho | Montana | Nevada | New Mexico | South Dakota | Utah | Wyoming,,Herbaceous perennial,3,10,Medium,,,,FALSE,FALSE,FALSE,FALSE,FALSE,FALSE,,FALSE,FALSE,FALSE,FALSE,FALSE,FALSE,FALSE,FALSE,FALSE,FALSE,FALSE,FALSE,FALSE,FALSE,FALSE,FALSE,FALSE,FALSE,FALSE,FALSE,FALSE
PLANT-00079,Aquilegia canadensis,"Eastern Red Columbine, Wild Red Columbine","Eastern Red Columbine, Wild Red Columbine",Ranunculaceae,https://inaturalist-open-data.s3.amazonaws.com/photos/503013812/medium.jpeg,iNaturalist,Alabama | Arkansas | Connecticut | Delaware | Florida | Georgia | Illinois | Indiana | Iowa | Kansas | Kentucky | Maine | Maryland | Massachusetts | Michigan | Minnesota | Mississippi | Missouri | Nebraska | New Hampshire | New Jersey | New York | North Carolina | North Dakota | Ohio | Oklahoma | Pennsylvania | Rhode Island | South Carolina | South Dakota | Tennessee | Texas | Vermont | Virginia | West Virginia | Wisconsin,Herb,Herbaceous perennial,3,8,Medium,"Sandy, well-drained soils. Medium Loam, Sandy Loam, Sandy, Limestone-based. Not too rich.","Dry , Moist","Alkaline (pH>7.2) , Circumneutral (pH 6.8-7.2)",FALSE,TRUE,TRUE,TRUE,TRUE,FALSE,"Red , Pink , Yellow",FALSE,TRUE,TRUE,TRUE,TRUE,TRUE,TRUE,FALSE,FALSE,FALSE,FALSE,FALSE,FALSE,FALSE,FALSE,FALSE,FALSE,FALSE,FALSE,TRUE,FALSE
PLANT-00080,Aquilegia chrysantha var. hinckleyana,columbine,columbine,,,,Texas,,Herbaceous perennial,4,8,Medium,,,,FALSE,FALSE,FALSE,FALSE,FALSE,FALSE,,FALSE,FALSE,FALSE,FALSE,FALSE,FALSE,FALSE,FALSE,FALSE,FALSE,FALSE,FALSE,FALSE,FALSE,FALSE,FALSE,FALSE,FALSE,FALSE,FALSE,FALSE
PLANT-00081,Aralia racemosa,American Spikenard,American Spikenard,Araliaceae,https://inaturalist-open-data.s3.amazonaws.com/photos/9802195/medium.jpeg,iNaturalist,Alabama | Arizona | Arkansas | Colorado | Connecticut | Delaware | Georgia | Illinois | Indiana | Iowa | Kansas | Kentucky | Maine | Maryland | Michigan | Minnesota | Mississippi | Missouri | Nebraska | New Hampshire | New Jersey | New Mexico | New York | North Carolina | Ohio | Pennsylvania | Rhode Island | South Carolina | South Dakota | Tennessee | Texas | Utah | Vermont | Virginia | West Virginia | Wisconsin,Herb,Herbaceous perennial,3,8,Low,"Moist, rich soil.",Moist,,TRUE,FALSE,FALSE,FALSE,TRUE,FALSE,"White , Green",FALSE,FALSE,FALSE,FALSE,FALSE,TRUE,TRUE,TRUE,FALSE,FALSE,FALSE,FALSE,FALSE,FALSE,FALSE,FALSE,FALSE,FALSE,FALSE,TRUE,FALSE
PLANT-00082,Aralia spinosa,"Devil's Walking Stick, Hercules Club, Angelica Tree, Pigeon Tree, Shotbush, Prickly Elder, Prickly Ash","Devil's Walking Stick, Hercules Club, Angelica Tree, Pigeon Tree, Shotbush, Prickly Elder, Prickly Ash",Araliaceae,https://inaturalist-open-data.s3.amazonaws.com/photos/83873382/medium.jpg,iNaturalist,Alabama | Arkansas | Connecticut | Delaware | Florida | Georgia | Illinois | Indiana | Kentucky | Louisiana | Maine | Maryland | Massachusetts | Mississippi | Missouri | New Jersey | New York | North Carolina | Ohio | Oklahoma | Pennsylvania | Rhode Island | South Carolina | Tennessee | Texas | Virginia | West Virginia,Tree,Deciduous shrub,4,9,Low,"Moist, well-drained, fertile to poor soils. pH tolerant. Sandy Loam, Medium Loam, Clay Loam.",Moist,,FALSE,TRUE,FALSE,FALSE,FALSE,TRUE,White,FALSE,FALSE,FALSE,FALSE,FALSE,TRUE,TRUE,TRUE,TRUE,FALSE,FALSE,FALSE,FALSE,FALSE,FALSE,FALSE,FALSE,FALSE,FALSE,TRUE,FALSE
PLANT-00083,Arbutus menziesii,"Pacific Madrone, Oregon Laurel, Laurelwood","Pacific Madrone, Oregon Laurel, Laurelwood",Ericaceae,https://inaturalist-open-data.s3.amazonaws.com/photos/8268086/medium.jpg,iNaturalist,California | Oregon | Washington,Tree,Broadleaf evergreen,7,9,Medium,"Sandy, acid, well-drained soil.","Dry , Moist",,TRUE,TRUE,FALSE,TRUE,FALSE,FALSE,White,FALSE,FALSE,TRUE,TRUE,TRUE,FALSE,FALSE,FALSE,FALSE,FALSE,FALSE,FALSE,TRUE,FALSE,FALSE,TRUE,TRUE,FALSE,TRUE,TRUE,TRUE
PLANT-00084,Arctostaphylos uva-ursi,"Kinnikinnick, Red Bearberry, Kinnikinnik","Kinnikinnick, Red Bearberry, Kinnikinnik",Ericaceae,https://static.inaturalist.org/photos/181302737/medium.jpeg,iNaturalist,Alaska | Arizona | California | Colorado | Connecticut | Delaware | Idaho | Illinois | Indiana | Iowa | Maine | Maryland | Michigan | Minnesota | Montana | Nebraska | Nevada | New Hampshire | New Jersey | New Mexico | New York | North Dakota | Ohio | Oregon | Pennsylvania | Rhode Island | South Dakota | Utah | Vermont | Virginia | Washington | Wisconsin | Wyoming,Shrub,Broadleaf evergreen,2,7,Low,"Rocky or sandy, acid soils.","Dry , Moist",Acidic (pH<6.8),TRUE,TRUE,TRUE,TRUE,FALSE,FALSE,"White , Pink",TRUE,TRUE,TRUE,TRUE,TRUE,TRUE,FALSE,FALSE,FALSE,FALSE,FALSE,TRUE,TRUE,TRUE,FALSE,FALSE,TRUE,FALSE,TRUE,TRUE,TRUE
PLANT-00085,Argemone polyanthemos,"Crested Pricklypoppy, Annual Pricklepoppy, Bluestem Pricklepoppy, Bluestem Prickly Poppy, Pricklypoppy, Thistle Poppy, White Prickly Poppy, White Pricklypoppy","Crested Pricklypoppy, Annual Pricklepoppy, Bluestem Pricklepoppy, Bluestem Prickly Poppy, Pricklypoppy, Thistle Poppy, White Prickly Poppy, White Pricklypoppy",Papaveraceae,https://inaturalist-open-data.s3.amazonaws.com/photos/137670627/medium.jpeg,iNaturalist,Arizona | Colorado | Idaho | Illinois | Indiana | Iowa | Kansas | Montana | Nebraska | New Mexico | North Dakota | Ohio | Oklahoma | South Dakota | Texas | Utah | Washington | Wyoming,Herb,Annual,2,11,Low,"Gravelly, Sandy, Sandy Loam, Medium Loam, Clay Loam, Clay",Dry,,TRUE,FALSE,FALSE,TRUE,FALSE,FALSE,"White , Yellow",FALSE,FALSE,FALSE,TRUE,TRUE,TRUE,TRUE,TRUE,TRUE,TRUE,FALSE,FALSE,FALSE,FALSE,FALSE,FALSE,FALSE,FALSE,FALSE,TRUE,FALSE
PLANT-00086,Arisaema dracontium,"Green Dragon, Dragonroot, Greendragon","Green Dragon, Dragonroot, Greendragon",Araceae,https://inaturalist-open-data.s3.amazonaws.com/photos/4020152/medium.jpg,iNaturalist,Alabama | Arkansas | Connecticut | Delaware | Florida | Georgia | Illinois | Indiana | Iowa | Kansas | Kentucky | Louisiana | Maryland | Massachusetts | Michigan | Minnesota | Mississippi | Missouri | Nebraska | New Hampshire | New Jersey | New York | North Carolina | Ohio | Oklahoma | Pennsylvania | South Carolina | Tennessee | Texas | Vermont | Virginia | West Virginia | Wisconsin,Herb,Herbaceous perennial,4,9,Medium,"Rich, slightly acid, soil.",Moist,,TRUE,FALSE,TRUE,FALSE,TRUE,FALSE,"White , Yellow , Green , Purple , Brown",FALSE,TRUE,TRUE,TRUE,TRUE,TRUE,FALSE,FALSE,FALSE,FALSE,FALSE,FALSE,FALSE,FALSE,FALSE,FALSE,FALSE,FALSE,FALSE,TRUE,FALSE
PLANT-00087,Arisaema triphyllum,"Jack In The Pulpit, Indian Jack In The Pulpit, Jack-in-the-pulpit","Jack In The Pulpit, Indian Jack In The Pulpit, Jack-in-the-pulpit",Araceae,https://inaturalist-open-data.s3.amazonaws.com/photos/8204233/medium.jpg,iNaturalist,Alabama | Arkansas | Connecticut | Delaware | Florida | Georgia | Illinois | Indiana | Iowa | Kansas | Kentucky | Louisiana | Maine | Maryland | Massachusetts | Michigan | Minnesota | Mississippi | Missouri | Nebraska | New Hampshire | New Jersey | New York | North Carolina | North Dakota | Ohio | Oklahoma | Pennsylvania | Rhode Island | South Carolina | South Dakota | Tennessee | Texas | Vermont | Virginia | West Virginia | Wisconsin,Herb,Herbaceous perennial,4,9,Medium,"Humus-rich, moist soils.","Moist , Wet",,TRUE,FALSE,TRUE,FALSE,FALSE,TRUE,"Green , Purple , Brown",FALSE,FALSE,TRUE,TRUE,TRUE,TRUE,FALSE,FALSE,FALSE,FALSE,FALSE,FALSE,FALSE,FALSE,FALSE,FALSE,FALSE,FALSE,FALSE,TRUE,FALSE
PLANT-00088,Aristolochia californica,California Dutchman's Pipe,California Dutchman's Pipe,Aristolochiaceae,https://inaturalist-open-data.s3.amazonaws.com/photos/353949827/medium.jpeg,iNaturalist,California,Vine,Vine,8,10,Low,Mesic soils.,Moist,,FALSE,TRUE,FALSE,FALSE,FALSE,FALSE,"Purple , Brown",TRUE,TRUE,TRUE,TRUE,TRUE,FALSE,FALSE,FALSE,FALSE,FALSE,FALSE,FALSE,FALSE,FALSE,FALSE,FALSE,FALSE,FALSE,FALSE,TRUE,FALSE
PLANT-00089,Aristolochia macrophylla,"Pipevine, Dutchman's Pipe","Pipevine, Dutchman's Pipe",Aristolochiaceae,https://inaturalist-open-data.s3.amazonaws.com/photos/113548878/medium.jpeg,iNaturalist,Alabama | Connecticut | Georgia | Kentucky | Maine | Maryland | Massachusetts | North Carolina | Pennsylvania | South Carolina | Tennessee | Vermont | Virginia | West Virginia,Vine,Vine,4,8,Low,"Organic, well-drained soils.",Moist,,FALSE,TRUE,FALSE,FALSE,TRUE,FALSE,"Green , Purple , Brown",FALSE,FALSE,FALSE,FALSE,TRUE,TRUE,FALSE,FALSE,FALSE,FALSE,FALSE,FALSE,FALSE,FALSE,FALSE,FALSE,FALSE,FALSE,FALSE,TRUE,FALSE
PLANT-00090,Aristolochia tomentosa,"Woolly Dutchman's Pipe, Common Dutchman's Pipe","Woolly Dutchman's Pipe, Common Dutchman's Pipe",Aristolochiaceae,https://inaturalist-open-data.s3.amazonaws.com/photos/18121/medium.jpg,iNaturalist,Alabama | Arkansas | Florida | Georgia | Illinois | Indiana | Kansas | Kentucky | Louisiana | Mississippi | Missouri | North Carolina | Oklahoma | South Carolina | Tennessee | Texas,Vine,Vine,5,8,Low,"Sandy, Sandy Loam, Medium Loam",Moist,,FALSE,TRUE,FALSE,FALSE,TRUE,FALSE,"Yellow , Green , Purple",FALSE,FALSE,TRUE,TRUE,TRUE,FALSE,FALSE,FALSE,FALSE,FALSE,FALSE,FALSE,FALSE,FALSE,FALSE,FALSE,FALSE,FALSE,FALSE,TRUE,FALSE
PLANT-00091,Armeria maritima,Thrift Seapink,Thrift Seapink,Plumbaginaceae,https://static.inaturalist.org/photos/176790677/medium.jpeg,iNaturalist,Alaska | California | Colorado | New York | Oregon | Pennsylvania | Utah | Washington,Herb,Herbaceous perennial,4,8,Medium,Well-drained soils.,"Dry , Moist",,TRUE,FALSE,FALSE,FALSE,TRUE,FALSE,"White , Pink , Purple",FALSE,FALSE,TRUE,TRUE,TRUE,TRUE,TRUE,TRUE,FALSE,FALSE,FALSE,FALSE,FALSE,FALSE,FALSE,FALSE,FALSE,FALSE,FALSE,TRUE,FALSE
PLANT-00092,Arnoglossum atriplicifolium,Pale Indian Plantain,Pale Indian Plantain,Asteraceae,https://static.inaturalist.org/photos/45419408/medium.jpg,iNaturalist,Alabama | Arkansas | Delaware | Florida | Georgia | Illinois | Indiana | Iowa | Kansas | Kentucky | Louisiana | Maryland | Massachusetts | Michigan | Minnesota | Mississippi | Missouri | Nebraska | New Jersey | New York | North Carolina | Ohio | Oklahoma | Pennsylvania | South Carolina | Tennessee | Virginia | West Virginia | Wisconsin,Herb,Herbaceous perennial,3,8,Medium,Various soils.,Moist,,TRUE,FALSE,FALSE,FALSE,TRUE,FALSE,White,FALSE,FALSE,FALSE,FALSE,FALSE,FALSE,TRUE,TRUE,TRUE,TRUE,TRUE,FALSE,FALSE,FALSE,FALSE,FALSE,FALSE,FALSE,FALSE,TRUE,FALSE
PLANT-00093,Arnoglossum reniforme,Great Indian Plantain,Great Indian Plantain,Asteraceae,https://static.inaturalist.org/photos/8440881/medium.jpg,iNaturalist,Alabama | Arkansas | Georgia | Illinois | Indiana | Iowa | Kentucky | Maryland | Minnesota | Mississippi | Missouri | New Jersey | North Carolina | Ohio | Oklahoma | Pennsylvania | Tennessee | Virginia | West Virginia | Wisconsin,Herb,Herbaceous perennial,3,8,Low,,,,FALSE,FALSE,FALSE,FALSE,FALSE,FALSE,"White , Green",FALSE,FALSE,FALSE,FALSE,TRUE,TRUE,TRUE,TRUE,TRUE,FALSE,FALSE,FALSE,FALSE,FALSE,FALSE,FALSE,FALSE,FALSE,FALSE,TRUE,FALSE
PLANT-00094,Aronia arbutifolia,"Red Chokeberry, Red Chokecherry","Red Chokeberry, Red Chokecherry",Rosaceae,https://inaturalist-open-data.s3.amazonaws.com/photos/3119507/medium.JPG,iNaturalist,Alabama | Arkansas | Connecticut | Florida | Georgia | Kentucky | Louisiana | Maine | Maryland | Massachusetts | Mississippi | New Hampshire | New Jersey | New York | North Carolina | Oklahoma | Pennsylvania | Rhode Island | South Carolina | Tennessee | Texas | Virginia | West Virginia,Shrub,Deciduous shrub,4,9,Low,"Moist, rich soils.",Moist,Acidic (pH<6.8),TRUE,FALSE,FALSE,FALSE,FALSE,TRUE,"White , Pink",FALSE,TRUE,TRUE,TRUE,TRUE,FALSE,FALSE,FALSE,FALSE,FALSE,FALSE,FALSE,FALSE,FALSE,FALSE,FALSE,FALSE,FALSE,FALSE,TRUE,FALSE
PLANT-00095,Aronia melanocarpa,Black Chokeberry,Black Chokeberry,Rosaceae,https://inaturalist-open-data.s3.amazonaws.com/photos/12231787/medium.jpg,iNaturalist,Alabama | Arkansas | Connecticut | Delaware | Georgia | Illinois | Indiana | Iowa | Kentucky | Maine | Maryland | Michigan | Minnesota | Mississippi | Missouri | New Hampshire | New Jersey | New York | North Carolina | Ohio | Pennsylvania | Rhode Island | South Carolina | Tennessee | Vermont | Virginia | West Virginia | Wisconsin,Shrub,Deciduous shrub,3,8,Low,"Moist, acid soils.",Moist,Acidic (pH<6.8),FALSE,TRUE,FALSE,FALSE,FALSE,FALSE,"White , Pink",FALSE,FALSE,TRUE,TRUE,TRUE,TRUE,FALSE,FALSE,FALSE,FALSE,FALSE,FALSE,FALSE,FALSE,FALSE,FALSE,FALSE,FALSE,FALSE,TRUE,FALSE
PLANT-00096,Aronia melanocarpa var. elata,black chokeberry,black chokeberry,,,,Alabama | Arkansas | Connecticut | Delaware | Florida | Georgia | Indiana | Kentucky | Louisiana | Maine | Maryland | Massachusetts | Michigan | Mississippi | New Hampshire | New Jersey | New York | North Carolina | Ohio | Pennsylvania | Rhode Island | South Carolina | Tennessee | Vermont | Virginia | West Virginia,,Deciduous shrub,3,8,Low,,,,FALSE,FALSE,FALSE,FALSE,FALSE,FALSE,,FALSE,FALSE,FALSE,FALSE,FALSE,FALSE,FALSE,FALSE,FALSE,FALSE,FALSE,FALSE,FALSE,FALSE,FALSE,FALSE,FALSE,FALSE,FALSE,FALSE,FALSE
PLANT-00097,Artemisia dracunculus,Tarragon,Tarragon,Asteraceae,https://inaturalist-open-data.s3.amazonaws.com/photos/84568291/medium.jpg,iNaturalist,Alaska | Arizona | California | Colorado | Idaho | Illinois | Iowa | Kansas | Minnesota | Missouri | Montana | Nebraska | Nevada | New Mexico | North Dakota | Oklahoma | Oregon | South Dakota | Texas | Utah | Washington | Wisconsin | Wyoming,Subshrub,Herbaceous perennial,3,7,Medium,,,,FALSE,FALSE,FALSE,FALSE,FALSE,FALSE,Yellow,FALSE,FALSE,FALSE,FALSE,FALSE,FALSE,TRUE,TRUE,TRUE,TRUE,TRUE,FALSE,FALSE,FALSE,FALSE,FALSE,FALSE,FALSE,FALSE,TRUE,FALSE
PLANT-00098,Artemisia frigida,"Prairie Sagewort, Prairie Sagebrush, Fringed Sage, Pasture Sage","Prairie Sagewort, Prairie Sagebrush, Fringed Sage, Pasture Sage",Asteraceae,https://inaturalist-open-data.s3.amazonaws.com/photos/81464226/medium.jpeg,iNaturalist,Alaska | Arizona | Colorado | Idaho | Illinois | Iowa | Kansas | Minnesota | Montana | Nebraska | New Mexico | North Dakota | South Dakota | Texas | Utah | Washington | Wisconsin | Wyoming,Subshrub,Herbaceous perennial,3,10,Medium,"Poor, dry soil.",Dry,,TRUE,FALSE,FALSE,TRUE,FALSE,FALSE,Yellow,FALSE,FALSE,FALSE,FALSE,FALSE,TRUE,TRUE,TRUE,TRUE,TRUE,TRUE,FALSE,FALSE,FALSE,FALSE,FALSE,FALSE,FALSE,FALSE,TRUE,FALSE
PLANT-00099,Artemisia ludoviciana,"Louisiana Artemisia, Louisiana Sage, White Sage, Prairie Sage, Silver Sage, White Sagebrush, Louisiana Wormwood, Silver Wormwood, Louisiana Sagewort, Gray Sagewort, Cudweed Sagewort, Mugwort Wormwood","Louisiana Artemisia, Louisiana Sage, White Sage, Prairie Sage, Silver Sage, White Sagebrush, Louisiana Wormwood, Silver Wormwood, Louisiana Sagewort, Gray Sagewort, Cudweed Sagewort, Mugwort Wormwood",Asteraceae,https://inaturalist-open-data.s3.amazonaws.com/photos/118315313/medium.jpeg,iNaturalist,Alabama | Alaska | Arizona | Arkansas | California | Colorado | Connecticut | Delaware | Florida | Georgia | Idaho | Illinois | Indiana | Iowa | Kansas | Kentucky | Louisiana | Maine | Maryland | Massachusetts | Michigan | Minnesota | Mississippi | Missouri | Montana | Nebraska | Nevada | New Hampshire | New Jersey | New Mexico | New York | North Carolina | North Dakota | Ohio | Oklahoma | Oregon | Pennsylvania | Rhode Island | South Carolina | South Dakota | Tennessee | Texas | Utah | Vermont | Virginia | Washington | West Virginia | Wisconsin | Wyoming,Subshrub,Herbaceous perennial,4,9,Medium,"Dry to mesic, rocky, shallow soils, well drained. Sand, loam, clay, caliche, limestone. Very adaptable.",Dry,,TRUE,FALSE,FALSE,TRUE,FALSE,FALSE,"Red , Yellow",FALSE,FALSE,FALSE,FALSE,FALSE,TRUE,TRUE,TRUE,TRUE,TRUE,TRUE,FALSE,FALSE,FALSE,FALSE,FALSE,FALSE,FALSE,FALSE,TRUE,FALSE
PLANT-00100,Artemisia vulgaris,mugwort,mugwort,,https://inaturalist-open-data.s3.amazonaws.com/photos/46355424/medium.jpeg,iNaturalist,Alaska | California | Hawaii | Indiana | Kansas | Louisiana | Massachusetts | Michigan | New Jersey | New York | North Carolina | Ohio | Oregon | Rhode Island | South Carolina | Washington | Wisconsin,,Herbaceous perennial,3,8,Medium,,,,FALSE,FALSE,FALSE,FALSE,FALSE,FALSE,,FALSE,FALSE,FALSE,FALSE,FALSE,FALSE,FALSE,FALSE,FALSE,FALSE,FALSE,FALSE,FALSE,FALSE,FALSE,FALSE,FALSE,FALSE,FALSE,FALSE,FALSE
PLANT-00101,Aruncus dioicus,"Bride's Feathers, Goat's Beard","Bride's Feathers, Goat's Beard",Rosaceae,https://inaturalist-open-data.s3.amazonaws.com/photos/153826729/medium.jpg,iNaturalist,Alabama | Alaska | Arkansas | California | Georgia | Illinois | Indiana | Iowa | Kentucky | Maine | Maryland | Massachusetts | Michigan | Mississippi | Missouri | New Jersey | New York | North Carolina | Ohio | Oklahoma | Oregon | Pennsylvania | South Carolina | Tennessee | Virginia | Washington | West Virginia | Wisconsin,Herb,Herbaceous perennial,4,8,Low,"Average to acid, mesic to moist soil.","Moist , Wet",Acidic (pH<6.8),TRUE,TRUE,TRUE,FALSE,TRUE,TRUE,White,FALSE,FALSE,FALSE,FALSE,TRUE,TRUE,TRUE,TRUE,FALSE,FALSE,FALSE,FALSE,FALSE,FALSE,FALSE,FALSE,FALSE,FALSE,FALSE,TRUE,FALSE
PLANT-00102,Arundinaria gigantea,"Giant Cane, River Cane, Switch Cane, American Bamboo","Giant Cane, River Cane, Switch Cane, American Bamboo",Poaceae,https://static.inaturalist.org/photos/35695730/medium.jpg,iNaturalist,Alabama | Arkansas | Delaware | Florida | Georgia | Illinois | Indiana | Kansas | Kentucky | Louisiana | Maryland | Mississippi | Missouri | North Carolina | Ohio | Oklahoma | South Carolina | Tennessee | Texas | Virginia | West Virginia,Grass/Grass-like,Ornamental grass,5,9,Medium,Wet soils.,Wet,,FALSE,TRUE,FALSE,FALSE,TRUE,FALSE,Green,FALSE,TRUE,TRUE,TRUE,TRUE,FALSE,FALSE,FALSE,FALSE,FALSE,FALSE,FALSE,FALSE,FALSE,FALSE,FALSE,FALSE,FALSE,FALSE,TRUE,FALSE
PLANT-00103,Asarum canadense,"Canadian Wild Ginger, Wild Ginger","Canadian Wild Ginger, Wild Ginger",Aristolochiaceae,https://inaturalist-open-data.s3.amazonaws.com/photos/842419/medium.jpg,iNaturalist,Alabama | Arkansas | Connecticut | Delaware | Georgia | Illinois | Indiana | Iowa | Kansas | Kentucky | Louisiana | Maine | Maryland | Massachusetts | Michigan | Minnesota | Mississippi | Missouri | New Hampshire | New Jersey | New York | North Carolina | North Dakota | Ohio | Oklahoma | Pennsylvania | Rhode Island | South Carolina | South Dakota | Tennessee | Vermont | Virginia | West Virginia | Wisconsin,Herb,Herbaceous perennial,4,6,Low,"Moist, rich soils. pH of 6 to 7 best.",Moist,"Acidic (pH<6.8) , Circumneutral (pH 6.8-7.2)",FALSE,TRUE,TRUE,FALSE,TRUE,FALSE,"Red , Green , Purple , Brown",FALSE,FALSE,FALSE,TRUE,TRUE,TRUE,FALSE,FALSE,FALSE,FALSE,FALSE,FALSE,FALSE,FALSE,FALSE,FALSE,FALSE,FALSE,FALSE,TRUE,FALSE
PLANT-00104,Asarum caudatum,"British Columbia Wild Ginger, Long-tail Wild Ginger","British Columbia Wild Ginger, Long-tail Wild Ginger",Aristolochiaceae,https://inaturalist-open-data.s3.amazonaws.com/photos/511529038/medium.jpg,iNaturalist,California | Idaho | Montana | Oregon | Washington,Herb,Herbaceous perennial,7,10,Low,"Moist, rich soil.",Moist,,FALSE,FALSE,TRUE,FALSE,TRUE,FALSE,"Yellow , Green , Purple , Brown",FALSE,FALSE,FALSE,TRUE,TRUE,TRUE,TRUE,TRUE,FALSE,FALSE,FALSE,FALSE,FALSE,FALSE,FALSE,FALSE,FALSE,FALSE,FALSE,TRUE,FALSE
PLANT-00105,Asarum shuttleworthii,wild ginger,wild ginger,,https://inaturalist-open-data.s3.amazonaws.com/photos/19661921/medium.jpg,iNaturalist,Alabama | Georgia | New York | North Carolina | South Carolina | Tennessee | Virginia,,Herbaceous perennial,6,9,Low,,,,FALSE,FALSE,FALSE,FALSE,FALSE,FALSE,,FALSE,FALSE,FALSE,FALSE,FALSE,FALSE,FALSE,FALSE,FALSE,FALSE,FALSE,FALSE,FALSE,FALSE,FALSE,FALSE,FALSE,FALSE,FALSE,FALSE,FALSE
PLANT-00106,Asclepias hirtella,"Green Milkweed, Tall Green Milkweed","Green Milkweed, Tall Green Milkweed",Asclepiadaceae,https://inaturalist-open-data.s3.amazonaws.com/photos/9002086/medium.jpg,iNaturalist,Alabama | Arkansas | Georgia | Illinois | Indiana | Iowa | Kansas | Kentucky | Louisiana | Michigan | Minnesota | Mississippi | Missouri | Ohio | Oklahoma | Tennessee | West Virginia | Wisconsin,Herb,Herbaceous perennial,4,8,Low,,,,FALSE,FALSE,FALSE,FALSE,FALSE,FALSE,"White , Green , Brown",FALSE,FALSE,FALSE,FALSE,TRUE,TRUE,TRUE,TRUE,FALSE,FALSE,FALSE,FALSE,FALSE,FALSE,FALSE,FALSE,FALSE,FALSE,FALSE,TRUE,FALSE
PLANT-00107,Asclepias incarnata,"Swamp Milkweed, Pink Milkweed","Swamp Milkweed, Pink Milkweed",Asclepiadaceae,https://inaturalist-open-data.s3.amazonaws.com/photos/21590017/medium.jpg,iNaturalist,Alabama | Arkansas | Colorado | Connecticut | Delaware | Florida | Georgia | Idaho | Illinois | Indiana | Iowa | Kansas | Kentucky | Louisiana | Maine | Maryland | Massachusetts | Michigan | Minnesota | Missouri | Montana | Nebraska | Nevada | New Hampshire | New Jersey | New Mexico | New York | North Carolina | North Dakota | Ohio | Oklahoma | Pennsylvania | South Dakota | Tennessee | Texas | Utah | Vermont | Virginia | West Virginia | Wisconsin | Wyoming,Herb,Herbaceous perennial,3,6,Low,"Rich, wet, very muddy to average garden moisture. One of the few ornamentals that thrives in mucky clay soils. Prefers neutral to slightly acidic soil but will tolerate heavy clay.","Moist , Wet",,TRUE,TRUE,FALSE,FALSE,FALSE,TRUE,"Pink , Purple",FALSE,FALSE,FALSE,FALSE,FALSE,TRUE,TRUE,TRUE,TRUE,TRUE,FALSE,FALSE,FALSE,FALSE,FALSE,FALSE,FALSE,FALSE,FALSE,TRUE,FALSE
PLANT-00108,Asclepias purpurascens,Purple Milkweed,Purple Milkweed,Asclepiadaceae,https://inaturalist-open-data.s3.amazonaws.com/photos/4194551/medium.jpg,iNaturalist,Arkansas | Connecticut | Delaware | Georgia | Illinois | Indiana | Iowa | Kansas | Kentucky | Louisiana | Maine | Maryland | Massachusetts | Michigan | Minnesota | Mississippi | Missouri | Nebraska | New Hampshire | New Jersey | New York | North Carolina | Ohio | Oklahoma | Pennsylvania | Rhode Island | South Dakota | Tennessee | Texas | Virginia | West Virginia | Wisconsin,Herb,Herbaceous perennial,3,8,Low,,Dry,,TRUE,FALSE,FALSE,FALSE,FALSE,FALSE,"Red , Purple",FALSE,FALSE,FALSE,FALSE,TRUE,TRUE,TRUE,FALSE,FALSE,FALSE,FALSE,FALSE,FALSE,FALSE,FALSE,FALSE,FALSE,FALSE,FALSE,TRUE,FALSE
PLANT-00109,Asclepias quadrifolia,Fourleaf Milkweed,Fourleaf Milkweed,Asclepiadaceae,https://inaturalist-open-data.s3.amazonaws.com/photos/72389821/medium.jpg,iNaturalist,Alabama | Arkansas | Connecticut | Delaware | Georgia | Illinois | Indiana | Iowa | Kansas | Kentucky | Maryland | Massachusetts | Minnesota | Missouri | New Hampshire | New Jersey | New York | North Carolina | Ohio | Oklahoma | Pennsylvania | Rhode Island | South Carolina | Tennessee | Vermont | Virginia | West Virginia,Herb,Herbaceous perennial,5,8,Low,,"Dry , Moist",,TRUE,TRUE,TRUE,FALSE,FALSE,FALSE,"White , Pink",FALSE,FALSE,FALSE,FALSE,TRUE,TRUE,TRUE,FALSE,FALSE,FALSE,FALSE,FALSE,FALSE,FALSE,FALSE,FALSE,FALSE,FALSE,FALSE,TRUE,FALSE
PLANT-00110,Asclepias speciosa,Showy Milkweed,Showy Milkweed,Asclepiadaceae,https://inaturalist-open-data.s3.amazonaws.com/photos/4301196/medium.jpeg,iNaturalist,Arizona | California | Colorado | Idaho | Illinois | Iowa | Kansas | Michigan | Minnesota | Missouri | Montana | Nevada | New Mexico | North Dakota | Oklahoma | Oregon | South Dakota | Texas | Utah | Washington | Wisconsin | Wyoming,Herb,Herbaceous perennial,3,9,Low,"Can grow in course, medium, and fine soils.",Moist,,TRUE,FALSE,FALSE,FALSE,TRUE,FALSE,"Pink , Green , Purple",FALSE,FALSE,FALSE,FALSE,TRUE,TRUE,TRUE,TRUE,TRUE,FALSE,FALSE,FALSE,FALSE,FALSE,FALSE,FALSE,FALSE,FALSE,FALSE,TRUE,FALSE
PLANT-00111,Asclepias sullivantii,"Prairie Milkweed, Sullivant's Milkweed, Smooth Milkweed","Prairie Milkweed, Sullivant's Milkweed, Smooth Milkweed",Asclepiadaceae,https://inaturalist-open-data.s3.amazonaws.com/photos/60310513/medium.jpg,iNaturalist,Arkansas | Illinois | Indiana | Iowa | Kansas | Michigan | Minnesota | Missouri | Nebraska | North Dakota | Ohio | Oklahoma | South Dakota | Wisconsin,Herb,Herbaceous perennial,3,7,Low,Various moist soils.,"Moist , Wet",,TRUE,FALSE,FALSE,FALSE,TRUE,FALSE,Pink,FALSE,FALSE,FALSE,FALSE,FALSE,TRUE,TRUE,TRUE,FALSE,FALSE,FALSE,FALSE,FALSE,FALSE,FALSE,FALSE,FALSE,FALSE,FALSE,TRUE,FALSE
PLANT-00112,Asclepias syriaca,Common Milkweed,Common Milkweed,Asclepiadaceae,https://inaturalist-open-data.s3.amazonaws.com/photos/99923276/medium.jpg,iNaturalist,Alabama | Arkansas | Connecticut | Delaware | Georgia | Illinois | Indiana | Iowa | Kansas | Kentucky | Louisiana | Maine | Maryland | Massachusetts | Michigan | Minnesota | Mississippi | Missouri | Montana | Nebraska | New Hampshire | New Jersey | New York | North Carolina | North Dakota | Ohio | Oklahoma | Oregon | Pennsylvania | Rhode Island | South Carolina | South Dakota | Tennessee | Texas | Vermont | Virginia | West Virginia | Wisconsin,Herb,Herbaceous perennial,3,9,Low,"Medium to fine sandy, clayey, or rocky calcareous soils. Also found in well-drained loamy soils.",Moist,,TRUE,FALSE,FALSE,FALSE,FALSE,FALSE,"White , Purple",FALSE,FALSE,FALSE,FALSE,FALSE,TRUE,TRUE,TRUE,FALSE,FALSE,FALSE,FALSE,FALSE,FALSE,FALSE,FALSE,FALSE,FALSE,FALSE,TRUE,FALSE
PLANT-00113,Asclepias tuberosa,"Butterflyweed, Butterfly Weed, Butterfly Milkweed, Orange Milkweed, Pleurisy Root, Chigger Flower, Chiggerweed","Butterflyweed, Butterfly Weed, Butterfly Milkweed, Orange Milkweed, Pleurisy Root, Chigger Flower, Chiggerweed",Asclepiadaceae,https://inaturalist-open-data.s3.amazonaws.com/photos/206558098/medium.jpeg,iNaturalist,Alabama | Arizona | Arkansas | California | Colorado | Connecticut | Delaware | Florida | Georgia | Illinois | Indiana | Iowa | Kansas | Kentucky | Louisiana | Maine | Maryland | Michigan | Minnesota | Mississippi | Missouri | Nebraska | New Hampshire | New Jersey | New Mexico | New York | North Carolina | Ohio | Oklahoma | Pennsylvania | Rhode Island | South Carolina | South Dakota | Tennessee | Texas | Utah | Vermont | Virginia | West Virginia | Wisconsin,Herb,Herbaceous perennial,3,9,Low,Prefers well-drained sandy soils. Tolerates drought.,"Dry , Moist",,TRUE,FALSE,FALSE,TRUE,FALSE,FALSE,"Orange , Yellow",FALSE,FALSE,FALSE,FALSE,TRUE,TRUE,TRUE,TRUE,TRUE,FALSE,FALSE,FALSE,FALSE,FALSE,FALSE,FALSE,FALSE,FALSE,FALSE,TRUE,FALSE
PLANT-00114,Asclepias verticillata,"Whorled Milkweed, Eastern Whorled Milkweed","Whorled Milkweed, Eastern Whorled Milkweed",Asclepiadaceae,https://inaturalist-open-data.s3.amazonaws.com/photos/4647603/medium.jpg,iNaturalist,Alabama | Arizona | Arkansas | Connecticut | Delaware | Florida | Georgia | Illinois | Indiana | Iowa | Kansas | Kentucky | Louisiana | Maryland | Massachusetts | Michigan | Minnesota | Mississippi | Missouri | Montana | Nebraska | New Jersey | New Mexico | New York | North Carolina | North Dakota | Ohio | Oklahoma | Pennsylvania | Rhode Island | South Carolina | South Dakota | Tennessee | Texas | Vermont | Virginia | West Virginia | Wisconsin | Wyoming,Herb,Herbaceous perennial,4,9,Low,"Sandy, clayey or rocky soils.",Dry,,TRUE,TRUE,FALSE,TRUE,FALSE,FALSE,"White , Green",FALSE,FALSE,FALSE,FALSE,TRUE,TRUE,TRUE,TRUE,TRUE,FALSE,FALSE,FALSE,FALSE,FALSE,FALSE,FALSE,FALSE,FALSE,FALSE,TRUE,FALSE
PLANT-00115,Asclepias viridis,"Green Milkweed, Spider Milkweed","Green Milkweed, Spider Milkweed",Asclepiadaceae,https://static.inaturalist.org/photos/221023/medium.jpg,iNaturalist,Alabama | Arkansas | Florida | Georgia | Illinois | Indiana | Kansas | Kentucky | Louisiana | Mississippi | Missouri | Nebraska | New Mexico | Ohio | Oklahoma | South Carolina | Tennessee | Texas | West Virginia,Herb,Herbaceous perennial,5,9,Low,,Moist,,TRUE,FALSE,FALSE,TRUE,FALSE,FALSE,"White , Yellow , Green , Purple",FALSE,FALSE,FALSE,TRUE,TRUE,TRUE,TRUE,TRUE,TRUE,FALSE,FALSE,FALSE,FALSE,FALSE,FALSE,FALSE,FALSE,FALSE,FALSE,TRUE,FALSE
PLANT-00116,Asimina triloba,"Pawpaw, Common Pawpaw, Custard Apple, Indian Banana, Wild Banana","Pawpaw, Common Pawpaw, Custard Apple, Indian Banana, Wild Banana",Annonaceae,https://inaturalist-open-data.s3.amazonaws.com/photos/4948460/medium.jpg,iNaturalist,Alabama | Arkansas | Delaware | Florida | Georgia | Illinois | Indiana | Iowa | Kansas | Kentucky | Louisiana | Maryland | Michigan | Mississippi | Missouri | Nebraska | New York | North Carolina | Ohio | Oklahoma | Pennsylvania | South Carolina | Tennessee | Texas | Virginia | West Virginia,Tree,Tree,5,9,Low,"Rich, moist, slightly acid soils. Sandy, Sandy Loam, Medium Loam, Clay Loam, Clay",Moist,,TRUE,TRUE,TRUE,FALSE,TRUE,FALSE,"White , Red , Yellow , Purple",FALSE,FALSE,FALSE,TRUE,TRUE,FALSE,FALSE,FALSE,FALSE,FALSE,FALSE,FALSE,FALSE,FALSE,FALSE,FALSE,FALSE,FALSE,FALSE,TRUE,FALSE
PLANT-00117,Asplenium nidus,Hawai'I Birdnest Fern,Hawai'I Birdnest Fern,Aspleniaceae,https://static.inaturalist.org/photos/230834449/medium.jpeg,iNaturalist,Hawaii,Fern,Fern,11,12,Medium,,,,FALSE,FALSE,FALSE,FALSE,FALSE,FALSE,Not Applicable,FALSE,FALSE,FALSE,FALSE,FALSE,FALSE,FALSE,FALSE,FALSE,FALSE,FALSE,FALSE,FALSE,FALSE,FALSE,FALSE,FALSE,FALSE,FALSE,TRUE,FALSE
PLANT-00118,Asplenium platyneuron,Ebony Spleenwort,Ebony Spleenwort,Aspleniaceae,https://inaturalist-open-data.s3.amazonaws.com/photos/393063832/medium.jpeg,iNaturalist,Alabama | Arizona | Arkansas | Colorado | Connecticut | Delaware | Georgia | Illinois | Indiana | Iowa | Kansas | Kentucky | Louisiana | Maine | Maryland | Massachusetts | Michigan | Minnesota | Mississippi | Missouri | Nebraska | New Hampshire | New Jersey | New Mexico | New York | North Carolina | Ohio | Oklahoma | Pennsylvania | Rhode Island | South Carolina | Tennessee | Texas | Vermont | Virginia | West Virginia | Wisconsin,Fern,Fern,3,8,Medium,"Gravelly, slightly acid, well-drained soils. Sandy, Sandy Loam, Medium Loam, Limestone-based. Grows well in acid or alkaline soils.",Moist,"Alkaline (pH>7.2) , Acidic (pH<6.8) , Circumneutral (pH 6.8-7.2)",FALSE,TRUE,TRUE,FALSE,TRUE,FALSE,Not Applicable,FALSE,FALSE,FALSE,FALSE,FALSE,FALSE,FALSE,FALSE,FALSE,FALSE,FALSE,FALSE,FALSE,FALSE,FALSE,FALSE,FALSE,FALSE,FALSE,TRUE,FALSE
PLANT-00119,Asplenium scolopendrium,"Hart's Tongue Fern, Hart's Tonguefern, Hart's-tongue","Hart's Tongue Fern, Hart's Tonguefern, Hart's-tongue",Aspleniaceae,https://static.inaturalist.org/photos/42121986/medium.jpg,iNaturalist,Alabama | Michigan | New Jersey | New York | Tennessee,Herb,Fern,5,9,Low,,,,FALSE,FALSE,FALSE,FALSE,FALSE,FALSE,Not Applicable,FALSE,FALSE,FALSE,FALSE,FALSE,FALSE,FALSE,FALSE,FALSE,FALSE,FALSE,FALSE,FALSE,FALSE,FALSE,FALSE,FALSE,FALSE,FALSE,TRUE,FALSE
PLANT-00120,Asplenium trichomanes,Maidenhair Spleenwort,Maidenhair Spleenwort,Aspleniaceae,https://inaturalist-open-data.s3.amazonaws.com/photos/511602695/medium.jpg,iNaturalist,Alabama | Alaska | Arizona | Arkansas | California | Colorado | Connecticut | Delaware | Florida | Georgia | Idaho | Illinois | Indiana | Kansas | Kentucky | Louisiana | Maine | Maryland | Massachusetts | Michigan | Minnesota | Mississippi | Missouri | Montana | New Hampshire | New Jersey | New Mexico | New York | North Carolina | Ohio | Oklahoma | Oregon | Pennsylvania | Rhode Island | South Carolina | South Dakota | Tennessee | Texas | Utah | Vermont | Virginia | Washington | West Virginia | Wisconsin | Wyoming,Herb,Fern,5,8,Low,Moist humus among limestone rocks.,Moist,,TRUE,FALSE,TRUE,FALSE,FALSE,FALSE,Not Applicable,FALSE,FALSE,FALSE,FALSE,FALSE,FALSE,FALSE,FALSE,FALSE,FALSE,FALSE,FALSE,FALSE,FALSE,FALSE,FALSE,FALSE,FALSE,FALSE,TRUE,FALSE
PLANT-00121,Asplenium Ã— ebenoides,walking spleenwort,walking spleenwort,,https://inaturalist-open-data.s3.amazonaws.com/photos/20729612/medium.jpg,iNaturalist,Alabama | Arkansas | Connecticut | Georgia | Illinois | Indiana | Kentucky | Maryland | Massachusetts | Mississippi | Missouri | New Hampshire | New Jersey | New York | North Carolina | Ohio | Pennsylvania | Tennessee | Vermont | Virginia | West Virginia,,Fern,4,8,Medium,,,,FALSE,FALSE,FALSE,FALSE,FALSE,FALSE,,FALSE,FALSE,FALSE,FALSE,FALSE,FALSE,FALSE,FALSE,FALSE,FALSE,FALSE,FALSE,FALSE,FALSE,FALSE,FALSE,FALSE,FALSE,FALSE,FALSE,FALSE
PLANT-00122,Aster alpinus,Alpine Aster,Alpine Aster,Asteraceae,https://inaturalist-open-data.s3.amazonaws.com/photos/11241242/medium.jpg,iNaturalist,Alaska | Colorado | Idaho | Montana | Wyoming,Herb,Herbaceous perennial,5,7,Low,,,,TRUE,TRUE,FALSE,FALSE,TRUE,FALSE,"White , Pink , Purple",FALSE,FALSE,FALSE,FALSE,FALSE,TRUE,TRUE,FALSE,FALSE,FALSE,FALSE,FALSE,FALSE,FALSE,FALSE,FALSE,FALSE,FALSE,FALSE,TRUE,FALSE
PLANT-00123,Astragalus bisulcatus,Twogrooved Milkvetch,Twogrooved Milkvetch,Fabaceae,https://inaturalist-open-data.s3.amazonaws.com/photos/134869034/medium.jpeg,iNaturalist,Arizona | Colorado | Idaho | Kansas | Montana | Nebraska | New Mexico | North Dakota | Oklahoma | South Dakota | Utah | Wyoming,Herb,Herbaceous perennial,3,6,Low,,,,FALSE,FALSE,FALSE,FALSE,FALSE,FALSE,"Red , Purple",FALSE,FALSE,FALSE,TRUE,TRUE,TRUE,TRUE,FALSE,FALSE,FALSE,FALSE,FALSE,FALSE,FALSE,FALSE,FALSE,FALSE,FALSE,FALSE,TRUE,FALSE
PLANT-00124,Astragalus canadensis,"Canadian Milkvetch, Canada Milkvetch, Milk Vetch","Canadian Milkvetch, Canada Milkvetch, Milk Vetch",Fabaceae,https://inaturalist-open-data.s3.amazonaws.com/photos/45022492/medium.jpg,iNaturalist,Alabama | Arkansas | California | Colorado | Connecticut | Georgia | Idaho | Illinois | Indiana | Iowa | Kansas | Kentucky | Louisiana | Maryland | Michigan | Minnesota | Mississippi | Missouri | Montana | Nebraska | Nevada | New Jersey | New Mexico | New York | North Carolina | North Dakota | Ohio | Oklahoma | Oregon | Pennsylvania | South Carolina | South Dakota | Tennessee | Texas | Utah | Vermont | Virginia | Washington | West Virginia | Wisconsin | Wyoming,Herb,Herbaceous perennial,3,8,Low,Moist to mesic soils,"Dry , Wet",,TRUE,TRUE,FALSE,FALSE,TRUE,FALSE,White,FALSE,FALSE,FALSE,FALSE,TRUE,TRUE,TRUE,FALSE,FALSE,FALSE,FALSE,FALSE,FALSE,FALSE,FALSE,FALSE,FALSE,FALSE,FALSE,TRUE,FALSE
PLANT-00125,Astragalus crassicarpus,"Groundplum Milkvetch, Ground Plum","Groundplum Milkvetch, Ground Plum",Fabaceae,https://inaturalist-open-data.s3.amazonaws.com/photos/388195266/medium.jpg,iNaturalist,Arizona | Arkansas | Colorado | Illinois | Iowa | Kansas | Louisiana | Minnesota | Missouri | Montana | Nebraska | New Mexico | North Dakota | Oklahoma | South Dakota | Texas | Wisconsin | Wyoming,Herb,Herbaceous perennial,3,6,Low,,"Dry , Moist",,TRUE,TRUE,TRUE,FALSE,FALSE,FALSE,"White , Blue , Purple",FALSE,FALSE,FALSE,FALSE,TRUE,TRUE,FALSE,FALSE,FALSE,FALSE,FALSE,FALSE,FALSE,FALSE,FALSE,FALSE,FALSE,FALSE,FALSE,TRUE,FALSE
PLANT-00126,Athyrium asplenioides,southern lady fern,southern lady fern,,https://inaturalist-open-data.s3.amazonaws.com/photos/351760165/medium.jpeg,iNaturalist,Alabama | Arkansas | Connecticut | Delaware | Florida | Georgia | Illinois | Indiana | Kansas | Kentucky | Louisiana | Maryland | Massachusetts | Mississippi | Missouri | New Jersey | New York | North Carolina | Ohio | Oklahoma | Pennsylvania | Rhode Island | South Carolina | Tennessee | Texas | Virginia | West Virginia,,Fern,5,9,Low,,,,FALSE,FALSE,FALSE,FALSE,FALSE,FALSE,,FALSE,FALSE,FALSE,FALSE,FALSE,FALSE,FALSE,FALSE,FALSE,FALSE,FALSE,FALSE,FALSE,FALSE,FALSE,FALSE,FALSE,FALSE,FALSE,FALSE,FALSE
PLANT-00127,Athyrium filix-femina,"Common Lady Fern, Subarctic Lady Fern, Lady Fern, Ladyfern","Common Lady Fern, Subarctic Lady Fern, Lady Fern, Ladyfern",Dryopteridaceae,https://inaturalist-open-data.s3.amazonaws.com/photos/91587454/medium.jpeg,iNaturalist,Alabama | Alaska | Arizona | Arkansas | California | Colorado | Connecticut | Delaware | Florida | Georgia | Idaho | Illinois | Indiana | Iowa | Kansas | Kentucky | Louisiana | Maine | Maryland | Michigan | Minnesota | Mississippi | Missouri | Montana | Nebraska | Nevada | New Hampshire | New Jersey | New Mexico | New York | North Carolina | North Dakota | Ohio | Oklahoma | Oregon | Pennsylvania | Rhode Island | South Carolina | South Dakota | Tennessee | Texas | Utah | Vermont | Virginia | Washington | West Virginia | Wisconsin | Wyoming,Herb,Fern,4,8,Low,"Moist, humus-rich soils.","Moist , Wet",,FALSE,TRUE,TRUE,FALSE,TRUE,FALSE,Not Applicable,FALSE,FALSE,FALSE,FALSE,FALSE,FALSE,FALSE,FALSE,FALSE,FALSE,FALSE,FALSE,FALSE,FALSE,FALSE,FALSE,FALSE,FALSE,FALSE,TRUE,FALSE
PLANT-00128,Athyrium filix-femina var. angustum,northern lady fern,northern lady fern,,,,Colorado | Connecticut | Delaware | Illinois | Indiana | Iowa | Kentucky | Maine | Maryland | Massachusetts | Michigan | Minnesota | Missouri | New Hampshire | New Jersey | New York | North Carolina | North Dakota | Ohio | Pennsylvania | Rhode Island | South Dakota | Tennessee | Vermont | Virginia | West Virginia | Wisconsin,,Fern,3,7,Low,,,,FALSE,FALSE,FALSE,FALSE,FALSE,FALSE,,FALSE,FALSE,FALSE,FALSE,FALSE,FALSE,FALSE,FALSE,FALSE,FALSE,FALSE,FALSE,FALSE,FALSE,FALSE,FALSE,FALSE,FALSE,FALSE,FALSE,FALSE
PLANT-00129,Athyrium thelypterioides,lady fern,lady fern,,https://static.inaturalist.org/photos/4119213/medium.jpg,iNaturalist,Alabama | Arkansas | Connecticut | Delaware | Georgia | Illinois | Indiana | Iowa | Kentucky | Louisiana | Maine | Maryland | Massachusetts | Michigan | Minnesota | Mississippi | Missouri | New Hampshire | New Jersey | New York | North Carolina | Ohio | Pennsylvania | Rhode Island | South Carolina | Tennessee | Vermont | Virginia | West Virginia | Wisconsin,,Fern,4,8,Low,,,,FALSE,FALSE,FALSE,FALSE,FALSE,FALSE,,FALSE,FALSE,FALSE,FALSE,FALSE,FALSE,FALSE,FALSE,FALSE,FALSE,FALSE,FALSE,FALSE,FALSE,FALSE,FALSE,FALSE,FALSE,FALSE,FALSE,FALSE
PLANT-00130,Baccharis halimifolia,"Groundseltree, Sea-myrtle, Consumptionweed, Eastern Baccharis, Groundsel, Groundsel Bush, Salt Marsh-elder, Salt Bush, Florida Groundsel Bush","Groundseltree, Sea-myrtle, Consumptionweed, Eastern Baccharis, Groundsel, Groundsel Bush, Salt Marsh-elder, Salt Bush, Florida Groundsel Bush",Asteraceae,https://static.inaturalist.org/photos/56150639/medium.jpg,iNaturalist,Alabama | Arkansas | Connecticut | Delaware | Florida | Georgia | Louisiana | Maryland | Massachusetts | Mississippi | New Jersey | New York | North Carolina | Oklahoma | Pennsylvania | Rhode Island | South Carolina | Texas | Virginia,Shrub,Deciduous shrub,5,10,Low,"Wet to droughty, gravel to fine sands. Sandy Loam, Sandy, Acid-based.",Wet,Circumneutral (pH 6.8-7.2),FALSE,TRUE,FALSE,FALSE,FALSE,TRUE,White,FALSE,FALSE,FALSE,FALSE,FALSE,FALSE,FALSE,TRUE,TRUE,TRUE,FALSE,FALSE,FALSE,FALSE,FALSE,FALSE,FALSE,FALSE,FALSE,TRUE,FALSE
PLANT-00131,Baccharis pilularis,"Coyotebrush, Chaparral Broom, Coyote Bush","Coyotebrush, Chaparral Broom, Coyote Bush",Asteraceae,https://inaturalist-open-data.s3.amazonaws.com/photos/5362069/medium.jpg,iNaturalist,California | New Mexico | Oregon | Washington,Shrub,Broadleaf evergreen,8,10,Low,Dry sandy soils.,Dry,,TRUE,TRUE,FALSE,TRUE,FALSE,FALSE,"White , Yellow",FALSE,FALSE,FALSE,FALSE,FALSE,FALSE,TRUE,TRUE,TRUE,TRUE,FALSE,FALSE,FALSE,FALSE,FALSE,FALSE,FALSE,FALSE,FALSE,TRUE,FALSE
PLANT-00132,Baptisia alba var. macrophylla,"Largeleaf Wild Indigo, White Wild Indigo","Largeleaf Wild Indigo, White Wild Indigo",Fabaceae,,,Arkansas | Illinois | Indiana | Iowa | Kansas | Kentucky | Louisiana | Michigan | Minnesota | Mississippi | Missouri | Nebraska | New York | Ohio | Oklahoma | Tennessee | Texas | Wisconsin,Herb,Herbaceous perennial,3,9,Low,,"Dry , Moist",,TRUE,FALSE,FALSE,FALSE,FALSE,FALSE,White,FALSE,FALSE,FALSE,TRUE,TRUE,TRUE,TRUE,FALSE,FALSE,FALSE,FALSE,FALSE,FALSE,FALSE,FALSE,FALSE,FALSE,FALSE,FALSE,TRUE,FALSE
PLANT-00133,Baptisia australis,"Blue Wild Indigo, Wild Blue Indigo, Blue False Indigo","Blue Wild Indigo, Wild Blue Indigo, Blue False Indigo",Fabaceae,,,Alabama | Arkansas | Connecticut | Georgia | Illinois | Indiana | Iowa | Kansas | Kentucky | Maryland | Michigan | Missouri | Nebraska | New Hampshire | New Jersey | New York | North Carolina | Ohio | Oklahoma | Pennsylvania | South Carolina | Tennessee | Texas | Vermont | Virginia | West Virginia,Herb,Herbaceous perennial,3,9,Low,"Moist, well-drained, clays. Tolerates lime.",Moist,"Acidic (pH<6.8) , Circumneutral (pH 6.8-7.2)",TRUE,FALSE,FALSE,FALSE,TRUE,FALSE,"Blue , Purple",FALSE,FALSE,FALSE,TRUE,TRUE,TRUE,TRUE,FALSE,FALSE,FALSE,FALSE,FALSE,FALSE,FALSE,FALSE,FALSE,FALSE,FALSE,FALSE,TRUE,FALSE
PLANT-00134,Baptisia australis var. minor,Blue Wild Indigo,Blue Wild Indigo,Fabaceae,,,Arkansas | Illinois | Iowa | Kansas | Kentucky | Missouri | Nebraska | Oklahoma | Texas,Herb,Herbaceous perennial,3,8,Low,,"Dry , Moist",,TRUE,TRUE,FALSE,FALSE,FALSE,FALSE,Blue,FALSE,FALSE,FALSE,FALSE,TRUE,TRUE,FALSE,FALSE,FALSE,FALSE,FALSE,FALSE,FALSE,FALSE,FALSE,FALSE,FALSE,FALSE,FALSE,TRUE,FALSE
PLANT-00135,Baptisia bracteata,Longbract Wild Indigo,Longbract Wild Indigo,Fabaceae,https://inaturalist-open-data.s3.amazonaws.com/photos/1715224/medium.jpg,iNaturalist,Alabama | Arkansas | Georgia | Illinois | Indiana | Iowa | Kansas | Kentucky | Louisiana | Michigan | Minnesota | Mississippi | Missouri | Nebraska | North Carolina | Oklahoma | South Carolina | Tennessee | Texas | Wisconsin,Herb,Herbaceous perennial,3,9,Low,,"Dry , Moist",,TRUE,TRUE,FALSE,FALSE,FALSE,FALSE,"White , Yellow",FALSE,FALSE,FALSE,FALSE,TRUE,TRUE,FALSE,FALSE,FALSE,FALSE,FALSE,FALSE,FALSE,FALSE,FALSE,FALSE,FALSE,FALSE,FALSE,TRUE,FALSE
PLANT-00136,Baptisia bracteata var. leucophaea,"Longbract Wild Indigo, Cream False Indigo, Plains Wild Indigo, Cream Wild Indigo, Large-bracted Wild Indigo","Longbract Wild Indigo, Cream False Indigo, Plains Wild Indigo, Cream Wild Indigo, Large-bracted Wild Indigo",Fabaceae,,,Arkansas | Illinois | Indiana | Iowa | Kansas | Kentucky | Louisiana | Massachusetts | Michigan | Minnesota | Mississippi | Missouri | Nebraska | New Jersey | Oklahoma | South Dakota | Tennessee | Texas | Wisconsin,Herb,Herbaceous perennial,5,9,Low,"Well-drained, sandy to loamy soils.",Moist,,FALSE,TRUE,FALSE,FALSE,FALSE,FALSE,"White , Yellow",FALSE,FALSE,TRUE,TRUE,TRUE,TRUE,FALSE,FALSE,FALSE,FALSE,FALSE,FALSE,FALSE,FALSE,FALSE,FALSE,FALSE,FALSE,FALSE,TRUE,FALSE
PLANT-00137,Baptisia lanceolata,"Gopherweed, Pineland Baptisia","Gopherweed, Pineland Baptisia",Fabaceae,https://inaturalist-open-data.s3.amazonaws.com/photos/69413416/medium.jpg,iNaturalist,Alabama | Arkansas | Delaware | Florida | Georgia | Kentucky | Louisiana | Maryland | Mississippi | North Carolina | South Carolina | Tennessee | Virginia,Herb,Herbaceous perennial,6,9,Low,Sandy soils.,,,TRUE,FALSE,FALSE,FALSE,FALSE,FALSE,Yellow,FALSE,FALSE,TRUE,TRUE,TRUE,FALSE,FALSE,FALSE,FALSE,FALSE,FALSE,FALSE,FALSE,FALSE,FALSE,FALSE,FALSE,FALSE,FALSE,TRUE,FALSE
PLANT-00138,Baptisia perfoliata,false indigo,false indigo,,https://inaturalist-open-data.s3.amazonaws.com/photos/4771059/medium.jpg,iNaturalist,Florida | Georgia | South Carolina,,Herbaceous perennial,7,9,Low,,,,FALSE,FALSE,FALSE,FALSE,FALSE,FALSE,,FALSE,FALSE,FALSE,FALSE,FALSE,FALSE,FALSE,FALSE,FALSE,FALSE,FALSE,FALSE,FALSE,FALSE,FALSE,FALSE,FALSE,FALSE,FALSE,FALSE,FALSE
PLANT-00139,Baptisia sphaerocarpa,"Yellow Wild Indigo, Green Wild Indigo, Bush Pea, Yellow Wisteria","Yellow Wild Indigo, Green Wild Indigo, Bush Pea, Yellow Wisteria",Fabaceae,https://inaturalist-open-data.s3.amazonaws.com/photos/13942254/medium.jpg,iNaturalist,Arkansas | Louisiana | Mississippi | Missouri | Oklahoma | Texas,Herb,Herbaceous perennial,5,8,Low,,,,FALSE,FALSE,FALSE,FALSE,FALSE,FALSE,Yellow,FALSE,FALSE,FALSE,TRUE,TRUE,TRUE,FALSE,FALSE,FALSE,FALSE,FALSE,FALSE,FALSE,FALSE,FALSE,FALSE,FALSE,FALSE,FALSE,TRUE,FALSE
PLANT-00140,Baptisia tinctoria,"Horseflyweed, Yellow Wild Indigo","Horseflyweed, Yellow Wild Indigo",Fabaceae,https://inaturalist-open-data.s3.amazonaws.com/photos/2371460/medium.jpg,iNaturalist,Connecticut | Delaware | Georgia | Illinois | Indiana | Iowa | Kentucky | Louisiana | Maine | Maryland | Massachusetts | Michigan | Minnesota | New Hampshire | New Jersey | New York | North Carolina | Ohio | Pennsylvania | Rhode Island | South Carolina | Tennessee | Vermont | Virginia | West Virginia | Wisconsin,Herb,Herbaceous perennial,3,9,Low,"Loam, Sand",Dry,,TRUE,FALSE,FALSE,TRUE,FALSE,FALSE,Yellow,FALSE,FALSE,FALSE,FALSE,TRUE,TRUE,TRUE,TRUE,TRUE,FALSE,FALSE,FALSE,FALSE,FALSE,FALSE,FALSE,FALSE,FALSE,FALSE,TRUE,FALSE
PLANT-00141,Berberis aquifolium,holly-leaved barberry,holly-leaved barberry,,https://static.inaturalist.org/photos/33215492/medium.jpeg,iNaturalist,California | Georgia | Idaho | Kentucky | Michigan | Montana | New Jersey | New York | Ohio | Oregon | Washington,,Broadleaf evergreen,5,8,Medium,,,,FALSE,FALSE,FALSE,FALSE,FALSE,FALSE,,FALSE,FALSE,FALSE,FALSE,FALSE,FALSE,FALSE,FALSE,FALSE,FALSE,FALSE,FALSE,FALSE,FALSE,FALSE,FALSE,FALSE,FALSE,FALSE,FALSE,FALSE
PLANT-00142,Berberis dictyota,Jepson's Oregon-grape,Jepson's Oregon-grape,,https://inaturalist-open-data.s3.amazonaws.com/photos/3319608/medium.jpg,iNaturalist,California,,Broadleaf evergreen,7,10,Low,,,,FALSE,FALSE,FALSE,FALSE,FALSE,FALSE,,FALSE,FALSE,FALSE,FALSE,FALSE,FALSE,FALSE,FALSE,FALSE,FALSE,FALSE,FALSE,FALSE,FALSE,FALSE,FALSE,FALSE,FALSE,FALSE,FALSE,FALSE
PLANT-00143,Berchemia scandens,"Alabama Supplejack, Alabama Supple-jack, Rattan-vine","Alabama Supplejack, Alabama Supple-jack, Rattan-vine",Rhamnaceae,https://inaturalist-open-data.s3.amazonaws.com/photos/1829369/medium.jpg,iNaturalist,Alabama | Arkansas | Florida | Georgia | Illinois | Kentucky | Louisiana | Maryland | Mississippi | Missouri | North Carolina | Oklahoma | South Carolina | Tennessee | Texas | Virginia,Vine,Vine,6,9,Low,,Moist,Acidic (pH<6.8),FALSE,TRUE,TRUE,FALSE,FALSE,FALSE,Green,FALSE,FALSE,TRUE,TRUE,TRUE,TRUE,FALSE,FALSE,FALSE,FALSE,FALSE,FALSE,FALSE,FALSE,FALSE,FALSE,FALSE,FALSE,FALSE,TRUE,FALSE
PLANT-00144,Berlandiera lyrata,"Chocolate Daisy, Chocolate Flower, Lyreleaf Greeneyes, Green-eyed Lyre Leaf","Chocolate Daisy, Chocolate Flower, Lyreleaf Greeneyes, Green-eyed Lyre Leaf",Asteraceae,https://inaturalist-open-data.s3.amazonaws.com/photos/41882154/medium.jpg,iNaturalist,Arizona | Colorado | Kansas | New Mexico | Oklahoma | Texas,Herb,Herbaceous perennial,4,10,Low,,Moist,,TRUE,TRUE,FALSE,TRUE,FALSE,FALSE,Yellow,FALSE,FALSE,FALSE,TRUE,TRUE,TRUE,TRUE,TRUE,TRUE,TRUE,TRUE,FALSE,FALSE,FALSE,FALSE,FALSE,FALSE,FALSE,FALSE,TRUE,FALSE
PLANT-00145,Berlandiera texana,green eyes,green eyes,,https://inaturalist-open-data.s3.amazonaws.com/photos/979448/medium.JPG,iNaturalist,Arkansas | Kansas | Louisiana | Missouri | New Mexico | Oklahoma | Texas,,Herbaceous perennial,6,8,Low,,,,FALSE,FALSE,FALSE,FALSE,FALSE,FALSE,,FALSE,FALSE,FALSE,FALSE,FALSE,FALSE,FALSE,FALSE,FALSE,FALSE,FALSE,FALSE,FALSE,FALSE,FALSE,FALSE,FALSE,FALSE,FALSE,FALSE,FALSE
PLANT-00146,Betula lenta,"Sweet Birch, Cherry Birch, Black Birch, Mahogany Birch","Sweet Birch, Cherry Birch, Black Birch, Mahogany Birch",Betulaceae,https://inaturalist-open-data.s3.amazonaws.com/photos/215065708/medium.jpg,iNaturalist,Connecticut | Georgia | Kentucky | Maine | Maryland | Massachusetts | New Hampshire | New Jersey | New York | North Carolina | Ohio | Pennsylvania | Rhode Island | South Carolina | Tennessee | Vermont | Virginia | West Virginia,Tree,Tree,3,8,Medium,"Rich, moist, well-drained soil.","Dry , Moist",Acidic (pH<6.8),FALSE,TRUE,TRUE,FALSE,TRUE,FALSE,"Red , Yellow , Green , Brown",FALSE,FALSE,FALSE,TRUE,TRUE,FALSE,FALSE,FALSE,FALSE,FALSE,FALSE,FALSE,FALSE,FALSE,FALSE,FALSE,FALSE,FALSE,FALSE,TRUE,FALSE
PLANT-00147,Betula nigra,"River Birch, Red Birch, Black Birch, Water Birch","River Birch, Red Birch, Black Birch, Water Birch",Betulaceae,https://inaturalist-open-data.s3.amazonaws.com/photos/816571/medium.jpg,iNaturalist,Alabama | Arkansas | Connecticut | Delaware | Florida | Georgia | Illinois | Indiana | Iowa | Kansas | Kentucky | Louisiana | Maryland | Massachusetts | Minnesota | Mississippi | Missouri | New Hampshire | New Jersey | New York | North Carolina | Ohio | Oklahoma | Pennsylvania | South Carolina | Tennessee | Texas | Virginia | West Virginia | Wisconsin,Tree,Tree,4,9,Low,"Sandy, moist soils. Sandy, Sandy Loam, Medium Loam, Clay Loam, Clay, Acid-based",Moist,Circumneutral (pH 6.8-7.2),FALSE,TRUE,FALSE,FALSE,FALSE,TRUE,"Green , Brown",FALSE,TRUE,TRUE,FALSE,FALSE,FALSE,FALSE,FALSE,FALSE,FALSE,FALSE,FALSE,FALSE,FALSE,FALSE,FALSE,FALSE,FALSE,FALSE,TRUE,FALSE
PLANT-00148,Betula occidentalis,"Water Birch, Mountain Birch","Water Birch, Mountain Birch",Betulaceae,https://static.inaturalist.org/photos/131137468/medium.jpg,iNaturalist,Alaska | Arizona | California | Colorado | Idaho | Montana | Nebraska | Nevada | New Mexico | North Dakota | Oregon | South Dakota | Utah | Washington | Wyoming,Tree,Tree,4,6,Low,Moist soils.,Moist,,TRUE,TRUE,TRUE,FALSE,FALSE,TRUE,"Yellow , Green , Brown",FALSE,FALSE,FALSE,TRUE,TRUE,FALSE,FALSE,FALSE,FALSE,FALSE,FALSE,FALSE,FALSE,FALSE,FALSE,FALSE,FALSE,FALSE,FALSE,TRUE,FALSE
PLANT-00149,Betula papyrifera,"Paper Birch, Canoe Birch, White Birch","Paper Birch, Canoe Birch, White Birch",Betulaceae,https://static.inaturalist.org/photos/318921929/medium.jpeg,iNaturalist,Alaska | Colorado | Connecticut | Delaware | Idaho | Illinois | Indiana | Iowa | Maine | Maryland | Michigan | Minnesota | Montana | Nebraska | New Hampshire | New Jersey | New York | North Carolina | North Dakota | Ohio | Oregon | Pennsylvania | Rhode Island | South Dakota | Tennessee | Vermont | Virginia | Washington | West Virginia | Wisconsin | Wyoming,Tree,Tree,2,6,High,"Moist, fertile, cool soils.",Moist,,TRUE,TRUE,TRUE,FALSE,FALSE,TRUE,"Yellow , Green , Brown",FALSE,FALSE,FALSE,TRUE,FALSE,FALSE,FALSE,FALSE,FALSE,FALSE,FALSE,FALSE,FALSE,FALSE,FALSE,FALSE,FALSE,FALSE,FALSE,TRUE,FALSE
PLANT-00150,Betula populifolia,"Gray Birch, White Birch, Aspen-leaved Birch","Gray Birch, White Birch, Aspen-leaved Birch",Betulaceae,https://static.inaturalist.org/photos/141783451/medium.jpg,iNaturalist,Connecticut | Delaware | Indiana | Maine | New Hampshire | New Jersey | New York | North Carolina | Ohio | Pennsylvania | Rhode Island | Vermont | Virginia | West Virginia,Tree,Tree,3,6,High,"Wet to dry, poor soils.","Dry , Moist , Wet",,TRUE,TRUE,TRUE,TRUE,FALSE,FALSE,"Green , Brown",FALSE,FALSE,FALSE,TRUE,FALSE,FALSE,FALSE,FALSE,FALSE,FALSE,FALSE,FALSE,FALSE,FALSE,FALSE,FALSE,FALSE,FALSE,FALSE,TRUE,FALSE
PLANT-00151,Bignonia capreolata,Crossvine,Crossvine,Bignoniaceae,https://inaturalist-open-data.s3.amazonaws.com/photos/255699/medium.jpg,iNaturalist,Alabama | Arkansas | Florida | Georgia | Illinois | Indiana | Kentucky | Louisiana | Maryland | Mississippi | Missouri | North Carolina | Ohio | Oklahoma | South Carolina | Tennessee | Texas | Virginia | West Virginia,Vine,Vine,5,9,Medium,"Moist, well-drained, acidic or calcareous soils. Sandy, Sandy Loam, Medium Loam, Clay Loam, Clay.","Dry , Moist",Circumneutral (pH 6.8-7.2),TRUE,TRUE,FALSE,TRUE,TRUE,FALSE,"Red , Yellow",FALSE,FALSE,TRUE,TRUE,TRUE,FALSE,FALSE,FALSE,FALSE,FALSE,FALSE,FALSE,FALSE,FALSE,FALSE,FALSE,FALSE,FALSE,FALSE,TRUE,FALSE
PLANT-00152,Blechnum spicant,Deer Fern,Deer Fern,Blechnaceae,https://inaturalist-open-data.s3.amazonaws.com/photos/53091615/medium.jpg,iNaturalist,Alaska | California | Idaho | Oregon | Washington,Herb,Fern,5,8,Low,Moist soils.,"Moist , Wet",,FALSE,TRUE,TRUE,FALSE,FALSE,TRUE,Not Applicable,FALSE,FALSE,FALSE,FALSE,FALSE,FALSE,FALSE,FALSE,FALSE,FALSE,FALSE,FALSE,FALSE,FALSE,FALSE,FALSE,FALSE,FALSE,FALSE,TRUE,FALSE
PLANT-00153,Blephilia ciliata,"Downy Pagoda-plant, Sunny Woodmint, Ohio Horsemint","Downy Pagoda-plant, Sunny Woodmint, Ohio Horsemint",Lamiaceae,https://inaturalist-open-data.s3.amazonaws.com/photos/501669/medium.jpg,iNaturalist,Alabama | Arkansas | Connecticut | Delaware | Georgia | Illinois | Indiana | Iowa | Kansas | Kentucky | Louisiana | Maryland | Michigan | Mississippi | Missouri | New Jersey | New York | North Carolina | Ohio | Oklahoma | Pennsylvania | Rhode Island | South Carolina | Tennessee | Texas | Vermont | Virginia | West Virginia | Wisconsin,Herb,Herbaceous perennial,4,8,Medium,Well-drained soils.,Dry,Acidic (pH<6.8),FALSE,TRUE,TRUE,FALSE,FALSE,FALSE,"White , Blue , Purple",FALSE,FALSE,FALSE,FALSE,TRUE,TRUE,TRUE,TRUE,FALSE,FALSE,FALSE,FALSE,FALSE,FALSE,FALSE,FALSE,FALSE,FALSE,FALSE,TRUE,FALSE
PLANT-00154,Blephilia hirsuta,"Hairy Woodmint, Hairy Pagoda-plant","Hairy Woodmint, Hairy Pagoda-plant",Lamiaceae,https://inaturalist-open-data.s3.amazonaws.com/photos/3093905/medium.jpg,iNaturalist,Alabama | Arkansas | Connecticut | Delaware | Georgia | Illinois | Indiana | Iowa | Kansas | Kentucky | Maryland | Michigan | Minnesota | Missouri | Nebraska | New York | North Carolina | Ohio | Pennsylvania | Tennessee | Texas | Vermont | Virginia | West Virginia | Wisconsin,Herb,Herbaceous perennial,4,8,Medium,,,,FALSE,FALSE,FALSE,FALSE,FALSE,FALSE,"Blue , Purple",FALSE,FALSE,FALSE,FALSE,TRUE,TRUE,TRUE,FALSE,TRUE,FALSE,FALSE,FALSE,FALSE,FALSE,FALSE,FALSE,FALSE,FALSE,FALSE,TRUE,FALSE
PLANT-00155,Boltonia asteroides,"Boltonia, White Doll's Daisy","Boltonia, White Doll's Daisy",Asteraceae,https://inaturalist-open-data.s3.amazonaws.com/photos/4902293/medium.jpeg,iNaturalist,Alabama | Arkansas | Connecticut | Delaware | Florida | Georgia | Idaho | Illinois | Indiana | Iowa | Kansas | Kentucky | Louisiana | Maine | Maryland | Massachusetts | Michigan | Minnesota | Mississippi | Missouri | Nebraska | New Jersey | New York | North Carolina | North Dakota | Ohio | Oklahoma | Oregon | Pennsylvania | Rhode Island | South Carolina | South Dakota | Tennessee | Texas | Vermont | Virginia | Wisconsin,Herb,Herbaceous perennial,3,10,Medium,"acidic, rich, also tolerates clay","Dry , Moist",Acidic (pH<6.8),TRUE,FALSE,FALSE,FALSE,TRUE,FALSE,White,FALSE,FALSE,FALSE,FALSE,FALSE,FALSE,TRUE,TRUE,TRUE,TRUE,FALSE,FALSE,FALSE,FALSE,FALSE,FALSE,FALSE,FALSE,FALSE,TRUE,FALSE
PLANT-00156,Boltonia asteroides var. latisquama,"White Doll's Daisy, False Aster, Asterlike Boltonia","White Doll's Daisy, False Aster, Asterlike Boltonia",Asteraceae,,,Arkansas | Connecticut | Iowa | Kansas | Maine | Massachusetts | Minnesota | Missouri | Nebraska | North Dakota | Oklahoma | Rhode Island | South Dakota | Vermont | Wisconsin,Herb,Herbaceous perennial,4,9,Medium,,,,FALSE,FALSE,FALSE,FALSE,FALSE,FALSE,"White , Pink , Yellow , Purple",FALSE,FALSE,FALSE,FALSE,FALSE,FALSE,FALSE,TRUE,TRUE,FALSE,FALSE,FALSE,FALSE,FALSE,FALSE,FALSE,FALSE,FALSE,FALSE,TRUE,FALSE
PLANT-00157,Boltonia decurrens,"Claspingleaf Doll's Daisy, Decurrent False Aster","Claspingleaf Doll's Daisy, Decurrent False Aster",Asteraceae,https://inaturalist-open-data.s3.amazonaws.com/photos/4688507/medium.jpeg,iNaturalist,Illinois | Iowa | Missouri,Herb,Herbaceous perennial,4,8,Medium,,,,FALSE,FALSE,FALSE,FALSE,FALSE,FALSE,"White , Pink , Yellow , Purple",FALSE,FALSE,FALSE,FALSE,FALSE,FALSE,FALSE,TRUE,TRUE,FALSE,FALSE,FALSE,FALSE,FALSE,FALSE,FALSE,FALSE,FALSE,FALSE,TRUE,FALSE
PLANT-00158,Bouteloua curtipendula,"Sideoats Grama, Banderilla, Banderita, Navajita","Sideoats Grama, Banderilla, Banderita, Navajita",Poaceae,https://inaturalist-open-data.s3.amazonaws.com/photos/5329132/medium.jpeg,iNaturalist,Alabama | Arizona | Arkansas | California | Colorado | Connecticut | Florida | Georgia | Idaho | Illinois | Indiana | Iowa | Kansas | Kentucky | Louisiana | Maine | Maryland | Michigan | Minnesota | Mississippi | Missouri | Montana | Nebraska | Nevada | New Jersey | New Mexico | New York | North Carolina | North Dakota | Ohio | Oklahoma | Oregon | Pennsylvania | South Carolina | South Dakota | Tennessee | Texas | Utah | Virginia | Washington | West Virginia | Wisconsin | Wyoming,Grass/Grass-like,Ornamental grass,4,9,Low,"Medium-textured, well-drained soils. Disturbed, igneous, limestone-based sands, loams, and clays.","Dry , Moist",,TRUE,TRUE,FALSE,FALSE,TRUE,FALSE,"Red , Orange , Yellow",FALSE,FALSE,FALSE,FALSE,FALSE,TRUE,TRUE,TRUE,TRUE,TRUE,TRUE,FALSE,FALSE,FALSE,FALSE,FALSE,FALSE,FALSE,FALSE,TRUE,FALSE
PLANT-00159,Bouteloua gracilis,Blue Grama,Blue Grama,Poaceae,https://inaturalist-open-data.s3.amazonaws.com/photos/79232001/medium.jpg,iNaturalist,Arizona | Arkansas | California | Colorado | Idaho | Illinois | Iowa | Kansas | Minnesota | Missouri | Montana | Nebraska | Nevada | New Mexico | North Dakota | Oklahoma | South Dakota | Texas | Utah | Wisconsin | Wyoming,Grass/Grass-like,Ornamental grass,3,10,Low,"Well-drained, low organic content, gravelly soils or sandy loams, clays. Calcareous or granitic.",Dry,,TRUE,FALSE,FALSE,TRUE,TRUE,FALSE,Yellow,FALSE,FALSE,FALSE,FALSE,FALSE,FALSE,TRUE,TRUE,TRUE,TRUE,FALSE,FALSE,FALSE,FALSE,FALSE,FALSE,FALSE,FALSE,FALSE,TRUE,FALSE
PLANT-00160,Boykinia aconitifolia,Allegheny Brookfoam,Allegheny Brookfoam,Saxifragaceae,https://inaturalist-open-data.s3.amazonaws.com/photos/896525/medium.jpeg,iNaturalist,Alabama | Georgia | Kentucky | North Carolina | South Carolina | Tennessee | Virginia | West Virginia,Herb,Herbaceous perennial,5,9,Low,,,,FALSE,FALSE,FALSE,FALSE,FALSE,FALSE,White,FALSE,FALSE,FALSE,FALSE,TRUE,TRUE,TRUE,FALSE,FALSE,FALSE,FALSE,FALSE,FALSE,FALSE,FALSE,FALSE,FALSE,FALSE,FALSE,TRUE,FALSE
PLANT-00161,Brickellia eupatorioides,False Boneset,False Boneset,Asteraceae,https://inaturalist-open-data.s3.amazonaws.com/photos/133690/medium.jpg,iNaturalist,Alabama | Arizona | Arkansas | Colorado | Florida | Georgia | Illinois | Indiana | Iowa | Kansas | Kentucky | Louisiana | Maryland | Michigan | Minnesota | Mississippi | Missouri | Montana | Nebraska | New Jersey | New Mexico | North Carolina | North Dakota | Ohio | Oklahoma | Pennsylvania | South Carolina | South Dakota | Tennessee | Texas | Utah | Virginia | West Virginia | Wisconsin,Herb,Herbaceous perennial,6,9,Low,,,,FALSE,FALSE,FALSE,FALSE,FALSE,FALSE,"White , Pink , Yellow , Green",FALSE,FALSE,FALSE,FALSE,TRUE,TRUE,TRUE,TRUE,TRUE,TRUE,TRUE,FALSE,FALSE,FALSE,FALSE,FALSE,FALSE,FALSE,FALSE,TRUE,FALSE
PLANT-00162,Buchloe dactyloides,buffalo grass,buffalo grass,,https://inaturalist-open-data.s3.amazonaws.com/photos/4157702/medium.JPG,iNaturalist,Arizona | Arkansas | Colorado | Georgia | Illinois | Iowa | Kansas | Louisiana | Minnesota | Missouri | Montana | Nebraska | Nevada | New Mexico | North Dakota | Oklahoma | South Dakota | Texas | Utah | Virginia | Wisconsin | Wyoming,,Ornamental grass,4,8,Low,,,,FALSE,FALSE,FALSE,FALSE,FALSE,FALSE,,FALSE,FALSE,FALSE,FALSE,FALSE,FALSE,FALSE,FALSE,FALSE,FALSE,FALSE,FALSE,FALSE,FALSE,FALSE,FALSE,FALSE,FALSE,FALSE,FALSE,FALSE
PLANT-00163,Bursera simaruba,gumbo-limbo,gumbo-limbo,,https://inaturalist-open-data.s3.amazonaws.com/photos/116222598/medium.jpeg,iNaturalist,Florida,,Tree,10,12,Low,,,,FALSE,FALSE,FALSE,FALSE,FALSE,FALSE,,FALSE,FALSE,FALSE,FALSE,FALSE,FALSE,FALSE,FALSE,FALSE,FALSE,FALSE,FALSE,FALSE,FALSE,FALSE,FALSE,FALSE,FALSE,FALSE,FALSE,FALSE
PLANT-00164,Cabomba caroliniana,"Carolina Fanwort, Green Cabomba, Fish-grass, Washington-grass, Carolina Watershield, Washington-plant","Carolina Fanwort, Green Cabomba, Fish-grass, Washington-grass, Carolina Watershield, Washington-plant",Cabombaceae,https://static.inaturalist.org/photos/58257335/medium.jpeg,iNaturalist,Alabama | Arkansas | California | Connecticut | Delaware | Florida | Georgia | Illinois | Indiana | Kansas | Kentucky | Louisiana | Maryland | Massachusetts | Michigan | Mississippi | Missouri | New Hampshire | New Jersey | New York | North Carolina | Ohio | Oklahoma | Oregon | Pennsylvania | Rhode Island | South Carolina | Tennessee | Texas | Virginia | Washington,Herb,Herbaceous perennial,6,10,Medium,,,,FALSE,FALSE,FALSE,FALSE,FALSE,FALSE,White,FALSE,FALSE,FALSE,FALSE,FALSE,TRUE,TRUE,TRUE,TRUE,FALSE,FALSE,FALSE,FALSE,FALSE,FALSE,FALSE,FALSE,FALSE,FALSE,TRUE,FALSE
PLANT-00165,Calamovilfa arcuata,Cumberland reed grass,Cumberland reed grass,,https://inaturalist-open-data.s3.amazonaws.com/photos/17947459/medium.jpeg,iNaturalist,Alabama | Arkansas | Oklahoma | Tennessee,,Ornamental grass,6,8,Medium,,,,FALSE,FALSE,FALSE,FALSE,FALSE,FALSE,,FALSE,FALSE,FALSE,FALSE,FALSE,FALSE,FALSE,FALSE,FALSE,FALSE,FALSE,FALSE,FALSE,FALSE,FALSE,FALSE,FALSE,FALSE,FALSE,FALSE,FALSE
PLANT-00166,Callicarpa americana,"American Beautyberry , French Mulberry","American Beautyberry , French Mulberry",Verbenaceae,https://inaturalist-open-data.s3.amazonaws.com/photos/225612223/medium.jpeg,iNaturalist,Alabama | Arkansas | Florida | Georgia | Louisiana | Maryland | Mississippi | Missouri | North Carolina | Oklahoma | South Carolina | Tennessee | Texas | Virginia,Shrub,Deciduous shrub,6,12,Medium,"Moist, rich soils, Sandy, Sandy Loam, Medium Loam, Clay Loam, Clay, Acid-based, Calcareous",Moist,,FALSE,TRUE,FALSE,TRUE,FALSE,FALSE,"White , Pink",FALSE,FALSE,FALSE,FALSE,TRUE,TRUE,TRUE,FALSE,FALSE,FALSE,FALSE,FALSE,FALSE,FALSE,FALSE,FALSE,FALSE,FALSE,FALSE,TRUE,FALSE
PLANT-00167,Callirhoe alcaeoides,"Light Poppymallow, Plains Poppy-mallow, Light Poppy-mallow, Pink Poppy-mallow, Light Poppy Mallow","Light Poppymallow, Plains Poppy-mallow, Light Poppy-mallow, Pink Poppy-mallow, Light Poppy Mallow",Malvaceae,https://inaturalist-open-data.s3.amazonaws.com/photos/295464/medium.JPG,iNaturalist,Alabama | Arkansas | Colorado | Idaho | Illinois | Indiana | Iowa | Kansas | Kentucky | Louisiana | Missouri | Nebraska | New Mexico | Oklahoma | South Dakota | Tennessee | Texas | Wisconsin,Herb,Herbaceous perennial,4,9,Low,"Calcareous, clay soils",,,TRUE,FALSE,FALSE,FALSE,FALSE,FALSE,"White , Pink",FALSE,FALSE,TRUE,TRUE,TRUE,TRUE,TRUE,TRUE,FALSE,FALSE,FALSE,FALSE,FALSE,FALSE,FALSE,FALSE,FALSE,FALSE,FALSE,TRUE,FALSE
PLANT-00168,Callirhoe bushii,Bush's Poppy Mallow,Bush's Poppy Mallow,Malvaceae,https://static.inaturalist.org/photos/512460149/medium.jpg,iNaturalist,Arkansas | Iowa | Kansas | Missouri | Oklahoma,Herb,Herbaceous perennial,5,8,Low,,"Dry , Moist",,TRUE,FALSE,FALSE,FALSE,FALSE,FALSE,"Red , Pink , Purple",FALSE,FALSE,FALSE,FALSE,TRUE,TRUE,TRUE,TRUE,TRUE,FALSE,FALSE,FALSE,FALSE,FALSE,FALSE,FALSE,FALSE,FALSE,FALSE,TRUE,FALSE
PLANT-00169,Callirhoe digitata,"Winecup, Standing Winecup, Poppy Mallow, Wine Cup, Finger Poppy-mallow","Winecup, Standing Winecup, Poppy Mallow, Wine Cup, Finger Poppy-mallow",Malvaceae,https://inaturalist-open-data.s3.amazonaws.com/photos/308749184/medium.jpg,iNaturalist,Alabama | Arkansas | Indiana | Kansas | Louisiana | Missouri | Oklahoma,Herb,Herbaceous perennial,5,8,Low,Rocky soils.,Dry,,TRUE,FALSE,FALSE,FALSE,FALSE,FALSE,"White , Red , Purple",FALSE,FALSE,FALSE,TRUE,TRUE,TRUE,TRUE,TRUE,FALSE,FALSE,FALSE,FALSE,FALSE,FALSE,FALSE,FALSE,FALSE,FALSE,FALSE,TRUE,FALSE
PLANT-00170,Callirhoe involucrata,"Winecup, Purple Poppy Mallow","Winecup, Purple Poppy Mallow",Malvaceae,https://static.inaturalist.org/photos/6099856/medium.jpeg,iNaturalist,Arizona | Arkansas | Colorado | Florida | Illinois | Indiana | Iowa | Kansas | Louisiana | Michigan | Minnesota | Missouri | Nebraska | New Mexico | North Dakota | Ohio | Oklahoma | Oregon | Pennsylvania | Texas | Virginia | Wyoming,Herb,Herbaceous perennial,4,8,Low,"Well-drained, rocky or sandy soils. Clay, Clay Loam, Medium Loam, Sandy Loam, Sandy, Gravelly, Calcareous, Acid-based.","Dry , Moist",,TRUE,TRUE,FALSE,FALSE,TRUE,FALSE,"White , Pink , Purple",TRUE,TRUE,TRUE,TRUE,TRUE,TRUE,TRUE,TRUE,TRUE,TRUE,TRUE,TRUE,FALSE,FALSE,FALSE,FALSE,FALSE,FALSE,FALSE,TRUE,FALSE
PLANT-00171,Callirhoe triangulata,"Clustered Poppy-mallow, Clustered Poppymallow, Purple Poppy Mallow, Sand Poppy, Triangular-leaf Mallow","Clustered Poppy-mallow, Clustered Poppymallow, Purple Poppy Mallow, Sand Poppy, Triangular-leaf Mallow",Malvaceae,https://inaturalist-open-data.s3.amazonaws.com/photos/4308112/medium.jpg,iNaturalist,Alabama | Florida | Georgia | Illinois | Indiana | Iowa | Mississippi | Missouri | North Carolina | South Carolina | Wisconsin,Herb,Herbaceous perennial,5,8,Low,,,,FALSE,FALSE,FALSE,FALSE,FALSE,FALSE,"White , Red , Purple",FALSE,FALSE,TRUE,TRUE,TRUE,TRUE,TRUE,TRUE,FALSE,FALSE,FALSE,FALSE,FALSE,FALSE,FALSE,FALSE,FALSE,FALSE,FALSE,TRUE,FALSE
PLANT-00172,Calocedrus decurrens,"Incense Cedar, Incense-cedar","Incense Cedar, Incense-cedar",Cupressaceae,https://inaturalist-open-data.s3.amazonaws.com/photos/52181671/medium.jpg,iNaturalist,California | Nevada | New Mexico | Oregon | Utah,Tree,Needled evergreen,5,8,Low,"Well-drained, mesic soils.",Dry,,TRUE,TRUE,FALSE,TRUE,FALSE,FALSE,Yellow,FALSE,FALSE,FALSE,TRUE,TRUE,FALSE,FALSE,FALSE,FALSE,FALSE,FALSE,FALSE,FALSE,FALSE,FALSE,FALSE,FALSE,FALSE,FALSE,TRUE,FALSE
PLANT-00173,Caltha palustris,"Yellow Marsh Marigold, Cowslip","Yellow Marsh Marigold, Cowslip",Ranunculaceae,https://inaturalist-open-data.s3.amazonaws.com/photos/324010734/medium.jpeg,iNaturalist,Alaska | California | Connecticut | Delaware | Illinois | Indiana | Iowa | Kentucky | Maine | Maryland | Massachusetts | Michigan | Minnesota | Missouri | Nebraska | New Hampshire | New Jersey | New York | North Carolina | North Dakota | Ohio | Oregon | Pennsylvania | Rhode Island | South Dakota | Tennessee | Vermont | Virginia | Washington | West Virginia | Wisconsin,Herb,Herbaceous perennial,3,7,Low,"Muddy, humus-rich soil.","Moist , Wet",Acidic (pH<6.8),FALSE,TRUE,TRUE,FALSE,FALSE,TRUE,Yellow,FALSE,FALSE,FALSE,TRUE,TRUE,FALSE,FALSE,FALSE,FALSE,FALSE,FALSE,FALSE,FALSE,FALSE,FALSE,FALSE,FALSE,FALSE,FALSE,TRUE,FALSE
PLANT-00174,Calycanthus floridus,"Eastern Sweetshrub, Carolina Allspice, Sweet Shrub","Eastern Sweetshrub, Carolina Allspice, Sweet Shrub",Calycanthaceae,https://inaturalist-open-data.s3.amazonaws.com/photos/93751/medium.jpg,iNaturalist,Alabama | Connecticut | Florida | Georgia | Kentucky | Louisiana | Massachusetts | Mississippi | New Jersey | North Carolina | Ohio | South Carolina | Tennessee | West Virginia,Shrub,Deciduous shrub,4,9,Low,"Moist, deep loams.",Moist,,FALSE,TRUE,FALSE,FALSE,FALSE,FALSE,Red,FALSE,FALSE,FALSE,TRUE,TRUE,TRUE,TRUE,FALSE,FALSE,FALSE,FALSE,FALSE,FALSE,FALSE,FALSE,FALSE,FALSE,FALSE,FALSE,TRUE,FALSE
PLANT-00175,Calycanthus occidentalis,"Western Sweetshrub, California Sweet Shrub, Spice Bush, Western Spicebush","Western Sweetshrub, California Sweet Shrub, Spice Bush, Western Spicebush",Calycanthaceae,https://inaturalist-open-data.s3.amazonaws.com/photos/523756956/medium.jpg,iNaturalist,California | Washington,Shrub,Deciduous shrub,6,9,Low,Moist soils.,Moist,,TRUE,TRUE,FALSE,FALSE,FALSE,FALSE,"Red , Pink , Brown",FALSE,FALSE,FALSE,TRUE,TRUE,TRUE,TRUE,TRUE,TRUE,TRUE,FALSE,FALSE,FALSE,FALSE,FALSE,FALSE,FALSE,FALSE,FALSE,TRUE,FALSE
PLANT-00176,Calylophus serrulatus,"Yellow Sundrops, Yellow Evening Primrose, Plains Evening Primrose","Yellow Sundrops, Yellow Evening Primrose, Plains Evening Primrose",Onagraceae,https://inaturalist-open-data.s3.amazonaws.com/photos/707428/medium.jpg,iNaturalist,Missouri,Herb,Herbaceous perennial,3,8,Low,"Dry, well-drained soil.",Dry,,TRUE,FALSE,FALSE,FALSE,FALSE,FALSE,Yellow,FALSE,FALSE,FALSE,TRUE,TRUE,TRUE,TRUE,FALSE,FALSE,FALSE,FALSE,FALSE,FALSE,FALSE,FALSE,FALSE,FALSE,FALSE,FALSE,TRUE,FALSE
PLANT-00177,Camassia angusta,Prairie Camas,Prairie Camas,Liliaceae,https://inaturalist-open-data.s3.amazonaws.com/photos/781413/medium.jpg,iNaturalist,Arkansas | Illinois | Indiana | Iowa | Kansas | Louisiana | Mississippi | Missouri | Oklahoma | Texas,Herb,Bulb,5,8,Low,,Moist,,TRUE,TRUE,FALSE,FALSE,FALSE,FALSE,"White , Blue , Purple , Violet",FALSE,FALSE,FALSE,TRUE,TRUE,FALSE,FALSE,FALSE,FALSE,FALSE,FALSE,FALSE,FALSE,FALSE,FALSE,FALSE,FALSE,FALSE,FALSE,TRUE,FALSE
PLANT-00178,Camassia cusickii,Cusick's Camas,Cusick's Camas,Liliaceae,https://inaturalist-open-data.s3.amazonaws.com/photos/6017646/medium.jpg,iNaturalist,Idaho | Oregon,Herb,Bulb,3,8,Low,,,,TRUE,TRUE,TRUE,FALSE,FALSE,FALSE,"Blue , Violet",FALSE,FALSE,FALSE,TRUE,TRUE,FALSE,FALSE,FALSE,FALSE,FALSE,FALSE,FALSE,FALSE,FALSE,FALSE,FALSE,FALSE,FALSE,FALSE,TRUE,FALSE
PLANT-00179,Camassia leichtlinii,"Large Camas, Leichtlin's Camas","Large Camas, Leichtlin's Camas",Liliaceae,https://inaturalist-open-data.s3.amazonaws.com/photos/6447829/medium.jpeg,iNaturalist,California | Oregon | Washington,Herb,Bulb,5,9,Low,,Moist,,TRUE,FALSE,FALSE,FALSE,TRUE,FALSE,"White , Blue , Violet",FALSE,FALSE,FALSE,TRUE,TRUE,TRUE,TRUE,TRUE,FALSE,FALSE,FALSE,FALSE,TRUE,TRUE,FALSE,TRUE,TRUE,TRUE,TRUE,TRUE,TRUE
PLANT-00180,Camassia scilloides,"Atlantic Camas, Wild Hyacinth","Atlantic Camas, Wild Hyacinth",Liliaceae,https://inaturalist-open-data.s3.amazonaws.com/photos/105788/medium.jpg,iNaturalist,Alabama | Arkansas | Georgia | Illinois | Indiana | Iowa | Kansas | Kentucky | Louisiana | Maryland | Michigan | Mississippi | Missouri | North Carolina | Ohio | Oklahoma | Pennsylvania | South Carolina | Tennessee | Texas | Virginia | West Virginia | Wisconsin,Herb,Bulb,4,8,Low,"Moist, well-drained soils. Limestone-based, Sandy, Sandy Loam, Medium Loam, Clay Loam, Clay",Dry,Circumneutral (pH 6.8-7.2),FALSE,TRUE,TRUE,FALSE,TRUE,FALSE,"White , Blue , Purple",FALSE,FALSE,TRUE,TRUE,TRUE,TRUE,FALSE,FALSE,FALSE,FALSE,FALSE,FALSE,FALSE,FALSE,FALSE,FALSE,FALSE,FALSE,FALSE,TRUE,FALSE
PLANT-00181,Campanula americana,tall bellflower,tall bellflower,,https://inaturalist-open-data.s3.amazonaws.com/photos/262734950/medium.jpeg,iNaturalist,Alabama | Arkansas | Florida | Georgia | Illinois | Indiana | Iowa | Kansas | Kentucky | Louisiana | Maryland | Michigan | Minnesota | Mississippi | Missouri | Nebraska | New York | North Carolina | Ohio | Oklahoma | Pennsylvania | South Carolina | South Dakota | Tennessee | Virginia | West Virginia | Wisconsin,,Herbaceous perennial,4,7,Low,,,,FALSE,FALSE,FALSE,FALSE,FALSE,FALSE,,FALSE,FALSE,FALSE,FALSE,FALSE,FALSE,FALSE,FALSE,FALSE,FALSE,FALSE,FALSE,FALSE,FALSE,FALSE,FALSE,FALSE,FALSE,FALSE,FALSE,FALSE
PLANT-00182,Campanula kemulariae,bellflower,bellflower,,,,Georgia,,Herbaceous perennial,4,8,Low,,,,FALSE,FALSE,FALSE,FALSE,FALSE,FALSE,,FALSE,FALSE,FALSE,FALSE,FALSE,FALSE,FALSE,FALSE,FALSE,FALSE,FALSE,FALSE,FALSE,FALSE,FALSE,FALSE,FALSE,FALSE,FALSE,FALSE,FALSE
PLANT-00183,Campanula rotundifolia,"Bluebell Bellflower, Bluebell Of Scotland, Bluebell, Harebell, Witches' Thimble","Bluebell Bellflower, Bluebell Of Scotland, Bluebell, Harebell, Witches' Thimble",Campanulaceae,https://inaturalist-open-data.s3.amazonaws.com/photos/65358586/medium.jpg,iNaturalist,Alaska | Arizona | California | Colorado | Connecticut | Idaho | Illinois | Indiana | Iowa | Maine | Maryland | Michigan | Minnesota | Missouri | Montana | Nebraska | New Hampshire | New Jersey | New Mexico | New York | North Carolina | North Dakota | Ohio | Oregon | Pennsylvania | South Dakota | Tennessee | Texas | Utah | Vermont | Virginia | Washington | West Virginia | Wisconsin | Wyoming,Herb,Herbaceous perennial,3,6,Low,"Sandy, well-drained soils.",Dry,,TRUE,TRUE,TRUE,FALSE,FALSE,FALSE,"Blue , Purple",FALSE,FALSE,FALSE,FALSE,FALSE,TRUE,TRUE,TRUE,TRUE,FALSE,FALSE,FALSE,TRUE,FALSE,FALSE,FALSE,FALSE,FALSE,FALSE,TRUE,TRUE
PLANT-00184,Campsis radicans,"Trumpet Creeper, Trumpet Vine, Common Trumpet Creeper, Cow Vine, Foxglove Vine, Hellvine, Devil's Shoestring","Trumpet Creeper, Trumpet Vine, Common Trumpet Creeper, Cow Vine, Foxglove Vine, Hellvine, Devil's Shoestring",Bignoniaceae,https://inaturalist-open-data.s3.amazonaws.com/photos/7300976/medium.jpeg,iNaturalist,Alabama | Arkansas | California | Colorado | Connecticut | Delaware | Florida | Georgia | Illinois | Indiana | Iowa | Kansas | Kentucky | Louisiana | Maryland | Massachusetts | Michigan | Mississippi | Missouri | Nebraska | New Hampshire | New Jersey | New York | North Carolina | North Dakota | Ohio | Oklahoma | Pennsylvania | Rhode Island | South Carolina | South Dakota | Tennessee | Texas | Utah | Virginia | Washington | West Virginia | Wisconsin,Vine,Vine,4,9,High,"Various well-drained soils. Sandy, Sandy Loam, Medium Loam, Clay Loam, Clay, Limestone-based, Caliche type","Dry , Moist",Circumneutral (pH 6.8-7.2),TRUE,FALSE,FALSE,TRUE,FALSE,FALSE,"Red , Orange , Yellow",FALSE,FALSE,FALSE,FALSE,FALSE,TRUE,TRUE,TRUE,TRUE,FALSE,FALSE,FALSE,FALSE,FALSE,FALSE,FALSE,FALSE,FALSE,FALSE,TRUE,FALSE
PLANT-00185,Campsis radicans f. flava,trumpetcreeper,trumpetcreeper,,,,Alabama | Arkansas | California | Delaware | Florida | Georgia | Illinois | Iowa | Kansas | Kentucky | Louisiana | Maryland | Minnesota | Mississippi | Missouri | Nebraska | New Mexico | North Carolina | North Dakota | Oklahoma | South Carolina | South Dakota | Tennessee | Texas | Virginia | Washington,,Vine,4,9,High,,,,FALSE,FALSE,FALSE,FALSE,FALSE,FALSE,,FALSE,FALSE,FALSE,FALSE,FALSE,FALSE,FALSE,FALSE,FALSE,FALSE,FALSE,FALSE,FALSE,FALSE,FALSE,FALSE,FALSE,FALSE,FALSE,FALSE,FALSE
PLANT-00186,Capparis sandwichiana,caper,caper,,https://inaturalist-open-data.s3.amazonaws.com/photos/12277235/medium.jpg,iNaturalist,Hawaii,,Broadleaf evergreen,10,12,Medium,,,,FALSE,FALSE,FALSE,FALSE,FALSE,FALSE,,FALSE,FALSE,FALSE,FALSE,FALSE,FALSE,FALSE,FALSE,FALSE,FALSE,FALSE,FALSE,FALSE,FALSE,FALSE,FALSE,FALSE,FALSE,FALSE,FALSE,FALSE
PLANT-00187,Cardamine concatenata,"Cutleaf Toothwort, Pepper Root","Cutleaf Toothwort, Pepper Root",Brassicaceae,https://inaturalist-open-data.s3.amazonaws.com/photos/5903049/medium.jpg,iNaturalist,Alabama | Arkansas | Connecticut | Delaware | Florida | Georgia | Illinois | Indiana | Iowa | Kansas | Kentucky | Louisiana | Maine | Maryland | Michigan | Minnesota | Mississippi | Missouri | Nebraska | New Hampshire | New Jersey | New York | North Carolina | North Dakota | Ohio | Oklahoma | Pennsylvania | South Carolina | South Dakota | Tennessee | Texas | Vermont | Virginia | West Virginia | Wisconsin,Herb,Herbaceous perennial,3,8,Medium,"Rich, mesic to moist soils.",Moist,Circumneutral (pH 6.8-7.2),FALSE,FALSE,TRUE,FALSE,TRUE,FALSE,"White , Pink , Purple",FALSE,FALSE,TRUE,TRUE,TRUE,FALSE,FALSE,FALSE,FALSE,FALSE,FALSE,FALSE,FALSE,FALSE,FALSE,FALSE,FALSE,FALSE,FALSE,TRUE,FALSE
PLANT-00188,Carex alata,Broadwing Sedge,Broadwing Sedge,Cyperaceae,https://inaturalist-open-data.s3.amazonaws.com/photos/253562296/medium.jpeg,iNaturalist,Alabama | Arkansas | Connecticut | Delaware | Florida | Georgia | Illinois | Indiana | Kentucky | Louisiana | Maryland | Massachusetts | Michigan | Missouri | New Hampshire | New Jersey | New York | North Carolina | Ohio | Oklahoma | Pennsylvania | Rhode Island | South Carolina | Tennessee | Texas | Virginia,Grass/Grass-like,Rush or Sedge,4,8,Low,,,,FALSE,FALSE,FALSE,FALSE,FALSE,FALSE,"White , Green , Brown",FALSE,FALSE,FALSE,TRUE,TRUE,TRUE,FALSE,FALSE,FALSE,FALSE,FALSE,FALSE,FALSE,FALSE,FALSE,FALSE,FALSE,FALSE,FALSE,TRUE,FALSE
PLANT-00189,Carex albicans,Whitetinge Sedge,Whitetinge Sedge,Cyperaceae,https://inaturalist-open-data.s3.amazonaws.com/photos/189535218/medium.jpeg,iNaturalist,Alabama | Arkansas | Connecticut | Delaware | Florida | Georgia | Illinois | Indiana | Iowa | Kansas | Kentucky | Louisiana | Maine | Maryland | Michigan | Mississippi | Missouri | Nebraska | New Hampshire | New Jersey | New York | North Carolina | Ohio | Oklahoma | Pennsylvania | Rhode Island | South Carolina | Tennessee | Texas | Vermont | Virginia | West Virginia | Wisconsin,Grass/Grass-like,Rush or Sedge,4,8,Low,,Dry,,FALSE,TRUE,TRUE,FALSE,TRUE,FALSE,"White , Green , Brown",FALSE,FALSE,FALSE,TRUE,TRUE,TRUE,FALSE,FALSE,FALSE,FALSE,FALSE,FALSE,FALSE,FALSE,FALSE,FALSE,FALSE,FALSE,FALSE,TRUE,FALSE
PLANT-00190,Carex annectens,Yellowfruit Sedge,Yellowfruit Sedge,Cyperaceae,https://inaturalist-open-data.s3.amazonaws.com/photos/9415056/medium.jpg,iNaturalist,Alabama | Arkansas | Connecticut | Delaware | Georgia | Illinois | Indiana | Iowa | Kansas | Kentucky | Louisiana | Maine | Maryland | Massachusetts | Michigan | Minnesota | Mississippi | Missouri | Nebraska | New Hampshire | New Jersey | New York | North Carolina | Ohio | Oklahoma | Pennsylvania | Rhode Island | South Carolina | Tennessee | Vermont | Virginia | West Virginia | Wisconsin,Grass/Grass-like,Rush or Sedge,4,8,Low,,,,TRUE,TRUE,FALSE,FALSE,TRUE,TRUE,Not Applicable,FALSE,FALSE,FALSE,FALSE,FALSE,FALSE,TRUE,TRUE,FALSE,FALSE,FALSE,FALSE,FALSE,FALSE,FALSE,FALSE,FALSE,FALSE,FALSE,TRUE,FALSE
PLANT-00191,Carex bicknellii,"Bicknell's Sedge, Prairie Sedge","Bicknell's Sedge, Prairie Sedge",Cyperaceae,https://inaturalist-open-data.s3.amazonaws.com/photos/8426152/medium.jpg,iNaturalist,Arkansas | Connecticut | Delaware | Illinois | Indiana | Iowa | Kansas | Maine | Michigan | Minnesota | Mississippi | Missouri | Nebraska | New Hampshire | New Jersey | New York | North Dakota | Ohio | Oklahoma | Pennsylvania | Rhode Island | South Carolina | South Dakota | Texas | Vermont | Wisconsin,Grass/Grass-like,Rush or Sedge,3,7,Low,,"Dry , Moist , Wet",,TRUE,TRUE,FALSE,FALSE,TRUE,FALSE,Not Applicable,FALSE,FALSE,TRUE,TRUE,TRUE,FALSE,FALSE,FALSE,FALSE,FALSE,FALSE,FALSE,FALSE,FALSE,FALSE,FALSE,FALSE,FALSE,FALSE,TRUE,FALSE
PLANT-00192,Carex bromoides,Bromelike Sedge,Bromelike Sedge,Cyperaceae,,,Alabama | Arkansas | Connecticut | Delaware | Florida | Georgia | Illinois | Indiana | Kentucky | Louisiana | Maine | Maryland | Massachusetts | Michigan | Minnesota | Mississippi | Missouri | New Hampshire | New Jersey | New York | North Carolina | Ohio | Pennsylvania | Rhode Island | South Carolina | Tennessee | Texas | Vermont | Virginia | West Virginia | Wisconsin,Grass/Grass-like,Rush or Sedge,4,8,Low,,"Moist , Wet",,TRUE,TRUE,FALSE,FALSE,FALSE,FALSE,Not Applicable,FALSE,FALSE,TRUE,TRUE,TRUE,TRUE,FALSE,FALSE,FALSE,FALSE,FALSE,FALSE,FALSE,FALSE,FALSE,FALSE,FALSE,FALSE,FALSE,TRUE,FALSE
PLANT-00193,Carex bushii,Bush's Sedge,Bush's Sedge,Cyperaceae,https://inaturalist-open-data.s3.amazonaws.com/photos/127341959/medium.jpg,iNaturalist,Alabama | Arkansas | Connecticut | Delaware | Georgia | Illinois | Indiana | Kansas | Maryland | Massachusetts | Michigan | Mississippi | Missouri | Nebraska | New Jersey | New York | North Carolina | Ohio | Oklahoma | Pennsylvania | Rhode Island | Tennessee | Texas | Vermont | Virginia | West Virginia,Grass/Grass-like,Rush or Sedge,5,8,Low,,,,FALSE,FALSE,FALSE,FALSE,FALSE,FALSE,"White , Green , Brown",FALSE,FALSE,FALSE,FALSE,TRUE,TRUE,FALSE,FALSE,FALSE,FALSE,FALSE,FALSE,FALSE,FALSE,FALSE,FALSE,FALSE,FALSE,FALSE,TRUE,FALSE
PLANT-00194,Carex cherokeensis,Cherokee Sedge,Cherokee Sedge,Cyperaceae,https://inaturalist-open-data.s3.amazonaws.com/photos/195481491/medium.jpeg,iNaturalist,Alabama | Arkansas | Florida | Georgia | Kentucky | Louisiana | Mississippi | Missouri | North Carolina | Oklahoma | South Carolina | Tennessee | Texas | Virginia,Grass/Grass-like,Rush or Sedge,6,9,Low,,"Moist , Wet",,FALSE,TRUE,FALSE,FALSE,TRUE,FALSE,"White , Green , Brown",FALSE,FALSE,FALSE,TRUE,TRUE,TRUE,FALSE,FALSE,FALSE,FALSE,FALSE,FALSE,FALSE,FALSE,FALSE,FALSE,FALSE,FALSE,FALSE,TRUE,FALSE
PLANT-00195,Carex crinita,Fringed Sedge,Fringed Sedge,Cyperaceae,https://inaturalist-open-data.s3.amazonaws.com/photos/78360670/medium.jpeg,iNaturalist,Alabama | Arkansas | Connecticut | Delaware | Florida | Georgia | Illinois | Indiana | Iowa | Kentucky | Louisiana | Maine | Maryland | Michigan | Minnesota | Mississippi | Missouri | New Hampshire | New Jersey | New York | North Carolina | Ohio | Oklahoma | Pennsylvania | Rhode Island | South Carolina | Tennessee | Texas | Vermont | Virginia | West Virginia | Wisconsin,Grass/Grass-like,Rush or Sedge,3,8,Low,,"Moist , Wet",,FALSE,TRUE,TRUE,FALSE,TRUE,FALSE,"White , Green",FALSE,FALSE,FALSE,FALSE,FALSE,TRUE,TRUE,TRUE,FALSE,FALSE,FALSE,FALSE,FALSE,FALSE,FALSE,FALSE,FALSE,FALSE,FALSE,TRUE,FALSE
PLANT-00196,Carex cristatella,Crested Sedge,Crested Sedge,Cyperaceae,https://inaturalist-open-data.s3.amazonaws.com/photos/291863875/medium.jpg,iNaturalist,Alabama | Connecticut | Delaware | Illinois | Indiana | Iowa | Kansas | Kentucky | Massachusetts | Michigan | Minnesota | Missouri | Nebraska | New Hampshire | New Jersey | New York | North Dakota | Ohio | Pennsylvania | South Dakota | Tennessee | Vermont | Virginia | West Virginia | Wisconsin,Grass/Grass-like,Rush or Sedge,5,8,Low,,,,FALSE,FALSE,FALSE,FALSE,FALSE,FALSE,"Green , Brown",FALSE,FALSE,FALSE,FALSE,FALSE,TRUE,TRUE,TRUE,FALSE,FALSE,FALSE,FALSE,FALSE,FALSE,FALSE,FALSE,FALSE,FALSE,FALSE,TRUE,FALSE
PLANT-00197,Carex crus-corvi,sedge,sedge,,https://inaturalist-open-data.s3.amazonaws.com/photos/139516400/medium.jpeg,iNaturalist,Alabama | Arkansas | Florida | Georgia | Illinois | Indiana | Iowa | Kansas | Kentucky | Louisiana | Michigan | Minnesota | Missouri | Nebraska | North Carolina | Ohio | Oklahoma | South Carolina | Tennessee | Texas | Virginia | West Virginia,,Rush or Sedge,4,8,Low,,,,FALSE,FALSE,FALSE,FALSE,FALSE,FALSE,,FALSE,FALSE,FALSE,FALSE,FALSE,FALSE,FALSE,FALSE,FALSE,FALSE,FALSE,FALSE,FALSE,FALSE,FALSE,FALSE,FALSE,FALSE,FALSE,FALSE,FALSE
PLANT-00198,Carex davisii,Davis' Sedge,Davis' Sedge,Cyperaceae,https://inaturalist-open-data.s3.amazonaws.com/photos/139518211/medium.jpeg,iNaturalist,Arkansas | Connecticut | Delaware | Illinois | Indiana | Iowa | Kansas | Kentucky | Maryland | Massachusetts | Michigan | Minnesota | Missouri | Nebraska | New Jersey | New York | Ohio | Oklahoma | Pennsylvania | Tennessee | Texas | Vermont | West Virginia | Wisconsin,Herb,Rush or Sedge,4,7,Low,,"Moist , Wet",Alkaline (pH>7.2),FALSE,FALSE,FALSE,FALSE,TRUE,TRUE,Green,FALSE,FALSE,FALSE,FALSE,TRUE,TRUE,TRUE,FALSE,FALSE,FALSE,FALSE,FALSE,FALSE,FALSE,FALSE,FALSE,FALSE,FALSE,FALSE,TRUE,FALSE
PLANT-00199,Carex eburnea,Bristleleaf Sedge,Bristleleaf Sedge,Cyperaceae,https://inaturalist-open-data.s3.amazonaws.com/photos/20218472/medium.jpg,iNaturalist,Alabama | Alaska | Arkansas | Connecticut | Georgia | Illinois | Indiana | Iowa | Kentucky | Maine | Maryland | Massachusetts | Michigan | Minnesota | Missouri | Montana | Nebraska | New Hampshire | New Jersey | New York | North Carolina | North Dakota | Ohio | Pennsylvania | South Carolina | South Dakota | Tennessee | Vermont | Virginia | Washington | West Virginia | Wisconsin | Wyoming,Grass/Grass-like,Rush or Sedge,2,8,Low,Sand,Moist,Alkaline (pH>7.2),FALSE,TRUE,TRUE,FALSE,FALSE,FALSE,"Green , Brown",FALSE,FALSE,FALSE,FALSE,TRUE,TRUE,TRUE,FALSE,FALSE,FALSE,FALSE,FALSE,FALSE,FALSE,FALSE,FALSE,FALSE,FALSE,FALSE,TRUE,FALSE
PLANT-00200,Carex flacca,blue green sedge,blue green sedge,,https://inaturalist-open-data.s3.amazonaws.com/photos/665084/medium.jpg,iNaturalist,Georgia,,Rush or Sedge,4,9,Low,,,,FALSE,FALSE,FALSE,FALSE,FALSE,FALSE,,FALSE,FALSE,FALSE,FALSE,FALSE,FALSE,FALSE,FALSE,FALSE,FALSE,FALSE,FALSE,FALSE,FALSE,FALSE,FALSE,FALSE,FALSE,FALSE,FALSE,FALSE
PLANT-00201,Carex flaccosperma,Thinfruit Sedge,Thinfruit Sedge,Cyperaceae,https://inaturalist-open-data.s3.amazonaws.com/photos/80207097/medium.jpeg,iNaturalist,Alabama | Arkansas | Florida | Georgia | Kansas | Kentucky | Louisiana | Mississippi | Missouri | North Carolina | Oklahoma | South Carolina | Tennessee | Texas | Virginia,Grass/Grass-like,Rush or Sedge,5,8,Low,,,,FALSE,FALSE,FALSE,FALSE,FALSE,FALSE,"White , Green",FALSE,FALSE,TRUE,TRUE,TRUE,TRUE,FALSE,FALSE,FALSE,FALSE,FALSE,FALSE,FALSE,FALSE,FALSE,FALSE,FALSE,FALSE,FALSE,TRUE,FALSE
PLANT-00202,Carex frankii,Frank's Sedge,Frank's Sedge,Cyperaceae,https://inaturalist-open-data.s3.amazonaws.com/photos/8430747/medium.jpg,iNaturalist,Alabama | Arkansas | Delaware | Georgia | Illinois | Indiana | Iowa | Kansas | Kentucky | Maryland | Michigan | Missouri | Nebraska | New Jersey | New Mexico | New York | North Carolina | Ohio | Oklahoma | Pennsylvania | South Carolina | Tennessee | Virginia | West Virginia,Grass/Grass-like,Rush or Sedge,5,8,Low,,Wet,,TRUE,TRUE,TRUE,FALSE,FALSE,TRUE,"White , Green , Brown",FALSE,FALSE,FALSE,FALSE,FALSE,TRUE,TRUE,TRUE,FALSE,FALSE,FALSE,FALSE,FALSE,FALSE,FALSE,FALSE,FALSE,FALSE,FALSE,TRUE,FALSE
PLANT-00203,Carex grayi,Gray's Sedge,Gray's Sedge,Cyperaceae,https://inaturalist-open-data.s3.amazonaws.com/photos/42523496/medium.jpg,iNaturalist,Alabama | Arkansas | Connecticut | Delaware | Florida | Georgia | Illinois | Indiana | Iowa | Kansas | Kentucky | Maryland | Massachusetts | Michigan | Minnesota | Mississippi | Missouri | New York | North Carolina | Ohio | Oklahoma | Pennsylvania | South Carolina | Tennessee | Vermont | Virginia | Wisconsin,Grass/Grass-like,Rush or Sedge,5,9,Low,,,,FALSE,TRUE,FALSE,FALSE,FALSE,TRUE,"White , Green",FALSE,FALSE,FALSE,FALSE,TRUE,TRUE,TRUE,TRUE,FALSE,FALSE,FALSE,FALSE,FALSE,FALSE,FALSE,FALSE,FALSE,FALSE,FALSE,TRUE,FALSE
PLANT-00204,Carex haydenii,Hayden's Sedge,Hayden's Sedge,Cyperaceae,https://inaturalist-open-data.s3.amazonaws.com/photos/248147311/medium.jpeg,iNaturalist,Illinois | Indiana | Iowa | Maine | Massachusetts | Michigan | Minnesota | Missouri | Nebraska | New Hampshire | New York | North Dakota | Ohio | Pennsylvania | South Dakota | Vermont | Wisconsin,Grass/Grass-like,Rush or Sedge,3,8,Low,,Moist,,TRUE,TRUE,TRUE,FALSE,FALSE,FALSE,"Green , Brown",FALSE,FALSE,FALSE,FALSE,FALSE,TRUE,TRUE,TRUE,FALSE,FALSE,FALSE,FALSE,FALSE,FALSE,FALSE,FALSE,FALSE,FALSE,FALSE,TRUE,FALSE
PLANT-00205,Carex laxiculmis,"Spreading Sedge, Creeping Sedge","Spreading Sedge, Creeping Sedge",Cyperaceae,https://inaturalist-open-data.s3.amazonaws.com/photos/18624095/medium.jpg,iNaturalist,Alabama | Arkansas | Connecticut | Delaware | Georgia | Illinois | Indiana | Iowa | Kentucky | Maine | Maryland | Massachusetts | Michigan | Missouri | New Hampshire | New Jersey | New York | North Carolina | Ohio | Pennsylvania | Rhode Island | South Carolina | Vermont | Virginia | West Virginia | Wisconsin,Grass/Grass-like,Herbaceous perennial,5,9,Low,,,,FALSE,FALSE,FALSE,FALSE,FALSE,FALSE,"Yellow , Green , Brown",FALSE,FALSE,TRUE,TRUE,TRUE,TRUE,FALSE,FALSE,FALSE,FALSE,FALSE,FALSE,FALSE,FALSE,FALSE,FALSE,FALSE,FALSE,FALSE,TRUE,FALSE
PLANT-00206,Carex leporina,oval sedge,oval sedge,,https://inaturalist-open-data.s3.amazonaws.com/photos/438459302/medium.jpeg,iNaturalist,California | Nevada | Oregon | Washington,,Rush or Sedge,4,8,Medium,,,,FALSE,FALSE,FALSE,FALSE,FALSE,FALSE,,FALSE,FALSE,FALSE,FALSE,FALSE,FALSE,FALSE,FALSE,FALSE,FALSE,FALSE,FALSE,FALSE,FALSE,FALSE,FALSE,FALSE,FALSE,FALSE,FALSE,FALSE
PLANT-00207,Carex lurida,"Shallow Sedge, Sallow Sedge, Lurid Sedge","Shallow Sedge, Sallow Sedge, Lurid Sedge",Cyperaceae,https://static.inaturalist.org/photos/11877147/medium.jpg,iNaturalist,Alabama | Arkansas | Connecticut | Delaware | Florida | Georgia | Illinois | Indiana | Iowa | Kentucky | Louisiana | Maine | Maryland | Michigan | Mississippi | Missouri | New Hampshire | New Jersey | New York | North Carolina | Ohio | Oklahoma | Pennsylvania | Rhode Island | South Carolina | Tennessee | Texas | Vermont | Virginia | West Virginia | Wisconsin,Grass/Grass-like,Rush or Sedge,3,8,Low,"Clay, Loam, Sand",Wet,,FALSE,TRUE,FALSE,FALSE,TRUE,FALSE,"White , Green , Brown",FALSE,FALSE,TRUE,TRUE,TRUE,TRUE,TRUE,TRUE,FALSE,FALSE,FALSE,FALSE,FALSE,FALSE,FALSE,FALSE,FALSE,FALSE,FALSE,TRUE,FALSE
PLANT-00208,Carex muskingumensis,"Muskingum Sedge, Palm Sedge","Muskingum Sedge, Palm Sedge",Cyperaceae,https://static.inaturalist.org/photos/137159408/medium.jpeg,iNaturalist,Arkansas | Illinois | Indiana | Iowa | Kansas | Kentucky | Michigan | Minnesota | Missouri | Ohio | Oklahoma | Tennessee | Wisconsin,Grass/Grass-like,Rush or Sedge,4,9,Low,,"Moist , Wet",,TRUE,TRUE,TRUE,FALSE,FALSE,TRUE,"White , Green , Brown",FALSE,FALSE,FALSE,FALSE,TRUE,TRUE,FALSE,FALSE,FALSE,FALSE,FALSE,FALSE,FALSE,FALSE,FALSE,FALSE,FALSE,FALSE,FALSE,TRUE,FALSE
PLANT-00209,Carex nigra,Smooth Black Sedge,Smooth Black Sedge,Cyperaceae,https://inaturalist-open-data.s3.amazonaws.com/photos/296084348/medium.jpg,iNaturalist,Connecticut | Georgia | Maine | Massachusetts | Michigan | New Hampshire | New York | Vermont,Grass/Grass-like,Rush or Sedge,4,8,Low,,,,FALSE,FALSE,FALSE,FALSE,FALSE,FALSE,"White , Green , Brown , Not Applicable",FALSE,FALSE,FALSE,FALSE,FALSE,TRUE,TRUE,TRUE,FALSE,FALSE,FALSE,FALSE,FALSE,FALSE,FALSE,FALSE,FALSE,FALSE,FALSE,TRUE,FALSE
PLANT-00210,Carex normalis,Greater Straw Sedge,Greater Straw Sedge,Cyperaceae,https://inaturalist-open-data.s3.amazonaws.com/photos/288989895/medium.jpg,iNaturalist,Alabama | Arkansas | Connecticut | Delaware | Georgia | Illinois | Indiana | Iowa | Kansas | Kentucky | Maine | Maryland | Massachusetts | Michigan | Minnesota | Missouri | New Hampshire | New Jersey | New York | North Carolina | Ohio | Pennsylvania | Rhode Island | South Carolina | South Dakota | Tennessee | Vermont | Virginia | West Virginia | Wisconsin,Grass/Grass-like,Rush or Sedge,3,8,Low,,,,FALSE,FALSE,FALSE,FALSE,FALSE,FALSE,"Green , Brown",FALSE,FALSE,FALSE,FALSE,FALSE,TRUE,TRUE,FALSE,FALSE,FALSE,FALSE,FALSE,FALSE,FALSE,FALSE,FALSE,FALSE,FALSE,FALSE,TRUE,FALSE
PLANT-00211,Carex pensylvanica,Pennsylvania Sedge,Pennsylvania Sedge,Cyperaceae,https://inaturalist-open-data.s3.amazonaws.com/photos/1811877/medium.jpg,iNaturalist,Alabama | Arkansas | Connecticut | Delaware | Georgia | Illinois | Indiana | Iowa | Kentucky | Maine | Maryland | Massachusetts | Michigan | Minnesota | Missouri | New Hampshire | New Jersey | New York | North Carolina | Ohio | Pennsylvania | Rhode Island | South Dakota | Tennessee | Vermont | Virginia | West Virginia | Wisconsin,Grass/Grass-like,Rush or Sedge,3,8,Low,Dry to moist soils.,Dry,,TRUE,TRUE,TRUE,FALSE,FALSE,FALSE,"White , Green , Brown",FALSE,FALSE,FALSE,FALSE,TRUE,TRUE,TRUE,FALSE,FALSE,FALSE,FALSE,FALSE,FALSE,FALSE,FALSE,FALSE,FALSE,FALSE,FALSE,TRUE,FALSE
PLANT-00212,Carex praegracilis,"Blackcreeper Sedge, Clustered Field Sedge, Field Sedge, Slim Sedge","Blackcreeper Sedge, Clustered Field Sedge, Field Sedge, Slim Sedge",Cyperaceae,https://inaturalist-open-data.s3.amazonaws.com/photos/191291984/medium.jpg,iNaturalist,Alaska | Arizona | California | Colorado | Idaho | Iowa | Kansas | Minnesota | Missouri | Montana | Nebraska | Nevada | New Mexico | North Dakota | Oklahoma | Oregon | South Dakota | Utah | Washington | Wyoming,Grass/Grass-like,Rush or Sedge,4,8,Low,,,,FALSE,FALSE,FALSE,FALSE,FALSE,FALSE,"Green , Brown",FALSE,FALSE,FALSE,FALSE,TRUE,TRUE,TRUE,TRUE,FALSE,FALSE,FALSE,FALSE,FALSE,FALSE,FALSE,FALSE,FALSE,FALSE,FALSE,TRUE,FALSE
PLANT-00213,Carex radiata,Eastern Star Sedge,Eastern Star Sedge,Cyperaceae,https://inaturalist-open-data.s3.amazonaws.com/photos/129199726/medium.jpg,iNaturalist,Alabama | Arkansas | Connecticut | Delaware | Illinois | Indiana | Iowa | Kansas | Kentucky | Louisiana | Maine | Maryland | Massachusetts | Michigan | Minnesota | Mississippi | Missouri | Nebraska | New Hampshire | New Jersey | New York | North Carolina | North Dakota | Ohio | Oklahoma | Pennsylvania | South Carolina | South Dakota | Tennessee | Vermont | Virginia | West Virginia | Wisconsin,Grass/Grass-like,Rush or Sedge,4,8,Low,,Moist,,TRUE,TRUE,FALSE,FALSE,FALSE,FALSE,"White , Green",FALSE,FALSE,FALSE,TRUE,TRUE,TRUE,TRUE,FALSE,FALSE,FALSE,FALSE,FALSE,FALSE,FALSE,FALSE,FALSE,FALSE,FALSE,FALSE,TRUE,FALSE
PLANT-00214,Carex retroflexa,Reflexed Sedge,Reflexed Sedge,Cyperaceae,https://static.inaturalist.org/photos/66547419/medium.jpg,iNaturalist,Arkansas | Connecticut | Delaware | Florida | Georgia | Illinois | Indiana | Kansas | Kentucky | Maryland | Michigan | Mississippi | Missouri | New Jersey | New York | North Carolina | Ohio | Oklahoma | Pennsylvania | Rhode Island | South Carolina | Tennessee | Texas | Virginia | West Virginia,Herb,Rush or Sedge,5,9,Low,,"Dry , Moist",,TRUE,TRUE,FALSE,FALSE,TRUE,FALSE,"Green , Brown",FALSE,FALSE,TRUE,TRUE,TRUE,FALSE,FALSE,FALSE,FALSE,FALSE,FALSE,FALSE,FALSE,FALSE,FALSE,FALSE,FALSE,FALSE,FALSE,TRUE,FALSE
PLANT-00215,Carex squarrosa,"Squarrose Sedge, Narrowleaf Cattail Sedge","Squarrose Sedge, Narrowleaf Cattail Sedge",Cyperaceae,https://inaturalist-open-data.s3.amazonaws.com/photos/587071/medium.jpg,iNaturalist,Alabama | Arkansas | Connecticut | Delaware | Georgia | Illinois | Indiana | Iowa | Kansas | Kentucky | Louisiana | Maryland | Massachusetts | Michigan | Minnesota | Mississippi | Missouri | Nebraska | New Jersey | New York | North Carolina | Ohio | Oklahoma | Pennsylvania | South Carolina | Tennessee | Virginia | West Virginia,Grass/Grass-like,Rush or Sedge,4,6,Low,,"Moist , Wet",,TRUE,TRUE,TRUE,FALSE,TRUE,TRUE,"White , Green",FALSE,FALSE,FALSE,FALSE,FALSE,TRUE,TRUE,TRUE,FALSE,FALSE,FALSE,FALSE,FALSE,FALSE,FALSE,FALSE,FALSE,FALSE,FALSE,TRUE,FALSE
PLANT-00216,Carex stricta,"Upright Sedge, Uptight Sedge, Tussock Sedge","Upright Sedge, Uptight Sedge, Tussock Sedge",Cyperaceae,https://static.inaturalist.org/photos/195929675/medium.jpeg,iNaturalist,Alabama | Connecticut | Delaware | Illinois | Indiana | Iowa | Kansas | Kentucky | Maine | Maryland | Massachusetts | Michigan | Minnesota | Mississippi | Missouri | Nebraska | New Hampshire | New Jersey | New Mexico | New York | North Carolina | North Dakota | Ohio | Rhode Island | South Dakota | Tennessee | Texas | Vermont | Virginia | West Virginia | Wisconsin,Grass/Grass-like,Rush or Sedge,3,8,Low,Wet soil to standing water.,"Moist , Wet",,TRUE,FALSE,FALSE,FALSE,TRUE,FALSE,"White , Green , Brown",FALSE,FALSE,FALSE,FALSE,TRUE,TRUE,FALSE,FALSE,FALSE,FALSE,FALSE,FALSE,FALSE,FALSE,FALSE,FALSE,FALSE,FALSE,FALSE,TRUE,FALSE
PLANT-00217,Carex swanii,Swan's Sedge,Swan's Sedge,Cyperaceae,https://inaturalist-open-data.s3.amazonaws.com/photos/133661150/medium.jpg,iNaturalist,Alabama | Arkansas | Connecticut | Delaware | Georgia | Illinois | Indiana | Kansas | Kentucky | Maine | Maryland | Massachusetts | Michigan | Mississippi | Missouri | New Hampshire | New Jersey | New York | North Carolina | Ohio | Pennsylvania | Rhode Island | Tennessee | Vermont | Virginia | West Virginia | Wisconsin,Grass/Grass-like,Rush or Sedge,4,8,Low,,,,FALSE,FALSE,FALSE,FALSE,FALSE,FALSE,Green,FALSE,FALSE,FALSE,FALSE,TRUE,TRUE,TRUE,FALSE,FALSE,FALSE,FALSE,FALSE,FALSE,FALSE,FALSE,FALSE,FALSE,FALSE,FALSE,TRUE,FALSE
PLANT-00218,Carex tumulicola,Berkeley sedge,Berkeley sedge,,https://inaturalist-open-data.s3.amazonaws.com/photos/354873640/medium.jpg,iNaturalist,California | Oregon | Washington,,Rush or Sedge,8,10,Low,,,,FALSE,FALSE,FALSE,FALSE,FALSE,FALSE,,FALSE,FALSE,FALSE,FALSE,FALSE,FALSE,FALSE,FALSE,FALSE,FALSE,FALSE,FALSE,FALSE,FALSE,FALSE,FALSE,FALSE,FALSE,FALSE,FALSE,FALSE
PLANT-00219,Carex vulpinoidea,"Fox Sedge, Brown Fox Sedge","Fox Sedge, Brown Fox Sedge",Cyperaceae,https://inaturalist-open-data.s3.amazonaws.com/photos/41202772/medium.jpg,iNaturalist,Alabama | Arizona | Arkansas | California | Colorado | Connecticut | Delaware | Florida | Georgia | Idaho | Illinois | Indiana | Iowa | Kansas | Kentucky | Louisiana | Maine | Maryland | Massachusetts | Michigan | Minnesota | Mississippi | Missouri | Montana | Nebraska | New Hampshire | New Jersey | New Mexico | New York | North Carolina | North Dakota | Ohio | Oklahoma | Oregon | Pennsylvania | Rhode Island | South Carolina | South Dakota | Tennessee | Texas | Vermont | Virginia | Washington | West Virginia | Wisconsin | Wyoming,Grass/Grass-like,Rush or Sedge,3,7,Low,"Clay, Loam","Moist , Wet",,TRUE,FALSE,FALSE,FALSE,TRUE,FALSE,"Green , Brown",FALSE,FALSE,FALSE,FALSE,FALSE,TRUE,TRUE,TRUE,FALSE,FALSE,FALSE,FALSE,FALSE,FALSE,FALSE,FALSE,FALSE,FALSE,FALSE,TRUE,FALSE
PLANT-00220,Carpinus betulus,common hornbeam,common hornbeam,,https://static.inaturalist.org/photos/46763976/medium.jpeg,iNaturalist,Georgia,,Tree,4,8,Low,,,,FALSE,FALSE,FALSE,FALSE,FALSE,FALSE,,FALSE,FALSE,FALSE,FALSE,FALSE,FALSE,FALSE,FALSE,FALSE,FALSE,FALSE,FALSE,FALSE,FALSE,FALSE,FALSE,FALSE,FALSE,FALSE,FALSE,FALSE
PLANT-00221,Carpinus caroliniana,"American Hornbeam, Blue Beech, Water Beech, Musclewood, Ironwood","American Hornbeam, Blue Beech, Water Beech, Musclewood, Ironwood",Betulaceae,https://inaturalist-open-data.s3.amazonaws.com/photos/43197119/medium.jpg,iNaturalist,Alabama | Arkansas | Connecticut | Delaware | Florida | Georgia | Illinois | Indiana | Iowa | Kentucky | Louisiana | Maine | Maryland | Michigan | Minnesota | Mississippi | Missouri | New Hampshire | New Jersey | New York | North Carolina | Ohio | Oklahoma | Pennsylvania | Rhode Island | South Carolina | Tennessee | Texas | Vermont | Virginia | West Virginia | Wisconsin,Tree,Tree,3,9,Low,"Moist, rich, deep soils. Sandy, Sandy Loam, Medium Loam, Clay Loam, Clay, Acid-based",Moist,Circumneutral (pH 6.8-7.2),FALSE,TRUE,TRUE,FALSE,TRUE,FALSE,"Red , Green , Brown",FALSE,FALSE,TRUE,TRUE,TRUE,FALSE,FALSE,FALSE,FALSE,FALSE,FALSE,FALSE,FALSE,FALSE,FALSE,FALSE,FALSE,FALSE,FALSE,TRUE,FALSE
PLANT-00222,Carya cordiformis,"Bitternut Hickory, Swamp Hickory, Bitternut, Pig Hickory, Pignut Hickory, Pignut, White Hickory, Red Hickory, Bitter Walnut, Bitter Pecan","Bitternut Hickory, Swamp Hickory, Bitternut, Pig Hickory, Pignut Hickory, Pignut, White Hickory, Red Hickory, Bitter Walnut, Bitter Pecan",Juglandaceae,https://inaturalist-open-data.s3.amazonaws.com/photos/30487088/medium.jpg,iNaturalist,Alabama | Arkansas | Connecticut | Delaware | Florida | Georgia | Illinois | Indiana | Iowa | Kansas | Kentucky | Louisiana | Maine | Maryland | Massachusetts | Michigan | Minnesota | Mississippi | Missouri | Nebraska | New Hampshire | New Jersey | New York | North Carolina | Ohio | Oklahoma | Pennsylvania | Rhode Island | South Carolina | Tennessee | Texas | Vermont | Virginia | West Virginia | Wisconsin,Tree,Tree,4,9,Low,Rich soils.,Moist,Circumneutral (pH 6.8-7.2),TRUE,TRUE,TRUE,FALSE,TRUE,FALSE,"Yellow , Green , Brown",FALSE,FALSE,FALSE,TRUE,FALSE,FALSE,FALSE,FALSE,FALSE,FALSE,FALSE,FALSE,FALSE,FALSE,FALSE,FALSE,FALSE,FALSE,FALSE,TRUE,FALSE
PLANT-00223,Carya glabra,"Pignut Hickory, Sweet Pignut Hickory, Coast Pignut Hickory, Pignut, Sweet Pignut, Smoothbark Hickory, Broom Hickory, Red Hickory, Swamp Hickory, Switch Hickory, Switchbud Hickory","Pignut Hickory, Sweet Pignut Hickory, Coast Pignut Hickory, Pignut, Sweet Pignut, Smoothbark Hickory, Broom Hickory, Red Hickory, Swamp Hickory, Switch Hickory, Switchbud Hickory",Juglandaceae,https://static.inaturalist.org/photos/20780681/medium.jpg,iNaturalist,Alabama | Arkansas | Connecticut | Delaware | Florida | Georgia | Illinois | Indiana | Kansas | Kentucky | Louisiana | Maryland | Massachusetts | Michigan | Mississippi | Missouri | New Hampshire | New Jersey | New York | North Carolina | Ohio | Oklahoma | Pennsylvania | Rhode Island | South Carolina | Tennessee | Texas | Vermont | Virginia | West Virginia,Tree,Tree,4,9,Low,"Well-drained to dry, rich loams & silty clays.",Dry,Circumneutral (pH 6.8-7.2),TRUE,TRUE,TRUE,FALSE,TRUE,FALSE,"Yellow , Green , Brown",FALSE,FALSE,FALSE,TRUE,FALSE,FALSE,FALSE,FALSE,FALSE,FALSE,FALSE,FALSE,FALSE,FALSE,FALSE,FALSE,FALSE,FALSE,FALSE,TRUE,FALSE
PLANT-00224,Carya illinoinensis,Pecan,Pecan,Juglandaceae,https://inaturalist-open-data.s3.amazonaws.com/photos/22049/medium.jpg,iNaturalist,Arkansas | Illinois | Indiana | Iowa | Kansas | Kentucky | Louisiana | Mississippi | Missouri | Oklahoma | Tennessee | Texas,Tree,Tree,5,9,Medium,"Rich, moist, well-drained soils. Sandy, Sandy Loam, Medium Loam, Clay Loam, Clay, Caliche type",Moist,,TRUE,FALSE,FALSE,FALSE,FALSE,TRUE,Yellow,FALSE,FALSE,TRUE,TRUE,TRUE,FALSE,FALSE,FALSE,FALSE,FALSE,FALSE,FALSE,FALSE,FALSE,FALSE,FALSE,FALSE,FALSE,FALSE,TRUE,FALSE
PLANT-00225,Carya laciniosa,Shellbark Hickory,Shellbark Hickory,Juglandaceae,https://inaturalist-open-data.s3.amazonaws.com/photos/7084/medium.jpg,iNaturalist,Alabama | Arkansas | Delaware | Georgia | Illinois | Indiana | Iowa | Kansas | Kentucky | Louisiana | Maine | Maryland | Massachusetts | Michigan | Mississippi | Missouri | Nebraska | New Jersey | New York | North Carolina | Ohio | Oklahoma | Pennsylvania | South Carolina | Tennessee | Texas | Virginia | West Virginia,Tree,Tree,5,8,Low,Loam,"Moist , Wet",,TRUE,TRUE,TRUE,FALSE,FALSE,TRUE,"Yellow , Green , Brown",FALSE,FALSE,TRUE,TRUE,TRUE,FALSE,FALSE,FALSE,FALSE,FALSE,FALSE,FALSE,FALSE,FALSE,FALSE,FALSE,FALSE,FALSE,FALSE,TRUE,FALSE
PLANT-00226,Carya ovata,"Shagbark Hickory, Carolina Hickory, Scalybark Hickory, Upland Hickory, Shellbark Hickory","Shagbark Hickory, Carolina Hickory, Scalybark Hickory, Upland Hickory, Shellbark Hickory",Juglandaceae,https://inaturalist-open-data.s3.amazonaws.com/photos/203172055/medium.jpg,iNaturalist,Alabama | Arkansas | Connecticut | Delaware | Georgia | Illinois | Indiana | Iowa | Kansas | Kentucky | Louisiana | Maine | Maryland | Massachusetts | Michigan | Minnesota | Mississippi | Missouri | Nebraska | New Hampshire | New Jersey | New York | North Carolina | North Dakota | Ohio | Oklahoma | Pennsylvania | Rhode Island | South Carolina | Tennessee | Texas | Vermont | Virginia | West Virginia | Wisconsin,Tree,Tree,4,8,Low,"Well-drained, fertile soils. Sandy, Sandy Loam, Medium Loam, Clay Loam, Clay.","Dry , Moist",Acidic (pH<6.8),TRUE,TRUE,TRUE,FALSE,TRUE,FALSE,"Green , Brown",FALSE,FALSE,TRUE,TRUE,TRUE,TRUE,FALSE,FALSE,FALSE,FALSE,FALSE,FALSE,FALSE,FALSE,FALSE,FALSE,FALSE,FALSE,FALSE,TRUE,FALSE
PLANT-00227,Carya tomentosa,"Mockernut Hickory, Mockernut Hickory, Big Bud Hickory, Mockernut, White Hickory, Whiteheart Hickory, Fragrant Hickory, Bigbud Hickory, Hardbark Hickory, Hognut, Bullnut","Mockernut Hickory, Mockernut Hickory, Big Bud Hickory, Mockernut, White Hickory, Whiteheart Hickory, Fragrant Hickory, Bigbud Hickory, Hardbark Hickory, Hognut, Bullnut",Juglandaceae,https://inaturalist-open-data.s3.amazonaws.com/photos/54840338/medium.jpg,iNaturalist,Alabama | Arkansas | Connecticut | Delaware | Florida | Georgia | Illinois | Indiana | Iowa | Kansas | Kentucky | Louisiana | Maryland | Massachusetts | Mississippi | Missouri | New Jersey | New York | North Carolina | Ohio | Oklahoma | Pennsylvania | Rhode Island | South Carolina | Tennessee | Texas | Virginia | West Virginia,Tree,Tree,4,9,Low,"Dry, sandy to mesic, rich soils.",Moist,Acidic (pH<6.8),FALSE,TRUE,FALSE,FALSE,TRUE,FALSE,Yellow,FALSE,FALSE,FALSE,TRUE,FALSE,FALSE,FALSE,FALSE,FALSE,FALSE,FALSE,FALSE,FALSE,FALSE,FALSE,FALSE,FALSE,FALSE,FALSE,TRUE,FALSE
PLANT-00228,Carya Ã— laneyi,hickory,hickory,,,,New Hampshire | Pennsylvania | Vermont | Wisconsin,,Tree,4,8,Low,,,,FALSE,FALSE,FALSE,FALSE,FALSE,FALSE,,FALSE,FALSE,FALSE,FALSE,FALSE,FALSE,FALSE,FALSE,FALSE,FALSE,FALSE,FALSE,FALSE,FALSE,FALSE,FALSE,FALSE,FALSE,FALSE,FALSE,FALSE
PLANT-00229,Castanea dentata,American Chestnut,American Chestnut,Fagaceae,https://inaturalist-open-data.s3.amazonaws.com/photos/2121/medium.jpg,iNaturalist,Alabama | Connecticut | Delaware | Florida | Georgia | Illinois | Indiana | Kentucky | Louisiana | Maine | Maryland | Massachusetts | Michigan | Mississippi | New Hampshire | New Jersey | New York | North Carolina | Ohio | Oklahoma | Pennsylvania | Rhode Island | South Carolina | Tennessee | Vermont | Virginia | West Virginia,Tree,Tree,5,8,High,,Moist,Acidic (pH<6.8),TRUE,TRUE,TRUE,FALSE,TRUE,FALSE,White,FALSE,FALSE,FALSE,FALSE,FALSE,TRUE,TRUE,FALSE,FALSE,FALSE,FALSE,FALSE,FALSE,FALSE,FALSE,FALSE,FALSE,FALSE,FALSE,TRUE,FALSE
PLANT-00230,Castanea ozarkensis,Ozark chinquapin,Ozark chinquapin,,https://static.inaturalist.org/photos/346292/medium.jpg,iNaturalist,Alabama | Arkansas | Louisiana | Mississippi | Missouri | Oklahoma,,Tree,5,8,High,,,,FALSE,FALSE,FALSE,FALSE,FALSE,FALSE,,FALSE,FALSE,FALSE,FALSE,FALSE,FALSE,FALSE,FALSE,FALSE,FALSE,FALSE,FALSE,FALSE,FALSE,FALSE,FALSE,FALSE,FALSE,FALSE,FALSE,FALSE
PLANT-00231,Castilleja coccinea,"Scarlet Paintbrush, Scarlet Indian Paintbrush, Painted Cup, Indian Paintbrush","Scarlet Paintbrush, Scarlet Indian Paintbrush, Painted Cup, Indian Paintbrush",Scrophulariaceae,https://inaturalist-open-data.s3.amazonaws.com/photos/207949826/medium.jpeg,iNaturalist,Alabama | Arkansas | Connecticut | Delaware | Florida | Georgia | Illinois | Indiana | Iowa | Kansas | Kentucky | Louisiana | Maine | Maryland | Massachusetts | Michigan | Minnesota | Mississippi | Missouri | New Hampshire | New Jersey | New York | North Carolina | Ohio | Oklahoma | Pennsylvania | Rhode Island | South Carolina | Tennessee | Virginia | West Virginia | Wisconsin,Herb,Herbaceous perennial,4,8,Medium,"Damp, sandy soils.",Moist,,TRUE,FALSE,FALSE,FALSE,TRUE,FALSE,"White , Red , Pink , Orange , Yellow , Green",TRUE,TRUE,TRUE,TRUE,TRUE,TRUE,TRUE,TRUE,TRUE,FALSE,FALSE,FALSE,FALSE,FALSE,FALSE,FALSE,FALSE,FALSE,FALSE,TRUE,FALSE
PLANT-00232,Catalpa bignonioides,"Southern Catalpa, Cigar Tree, Indian Bean","Southern Catalpa, Cigar Tree, Indian Bean",Bignoniaceae,https://inaturalist-open-data.s3.amazonaws.com/photos/415075/medium.JPG,iNaturalist,Alabama | Florida | Georgia | Louisiana | Mississippi,Tree,Tree,5,9,Medium,Wet to moist soils.,Wet,,FALSE,TRUE,FALSE,TRUE,FALSE,FALSE,White,FALSE,FALSE,FALSE,FALSE,TRUE,TRUE,FALSE,FALSE,FALSE,FALSE,FALSE,FALSE,FALSE,FALSE,FALSE,FALSE,FALSE,FALSE,FALSE,TRUE,FALSE
PLANT-00233,Catalpa speciosa,"Northern Catalpa, Catalpa Tree, Cigar Tree, Indian Bean","Northern Catalpa, Catalpa Tree, Cigar Tree, Indian Bean",Bignoniaceae,https://static.inaturalist.org/photos/90979804/medium.jpeg,iNaturalist,Alabama | Arkansas | Colorado | Connecticut | Georgia | Illinois | Indiana | Iowa | Kansas | Kentucky | Louisiana | Maine | Maryland | Massachusetts | Michigan | Minnesota | Mississippi | Missouri | Nebraska | New Hampshire | New Jersey | New Mexico | New York | North Carolina | North Dakota | Ohio | Oklahoma | Pennsylvania | Rhode Island | South Carolina | South Dakota | Tennessee | Texas | Utah | Virginia | West Virginia | Wisconsin,Tree,Tree,4,8,Medium,"Deep, rich, moist soils.",Moist,,FALSE,TRUE,FALSE,TRUE,FALSE,FALSE,White,FALSE,FALSE,FALSE,TRUE,TRUE,TRUE,FALSE,FALSE,FALSE,FALSE,FALSE,FALSE,FALSE,FALSE,FALSE,FALSE,FALSE,FALSE,FALSE,TRUE,FALSE
PLANT-00234,Caulophyllum thalictroides,"Blue Cohosh, Squaw-root, Papoose-root, Caulophylle Faux-pigamon","Blue Cohosh, Squaw-root, Papoose-root, Caulophylle Faux-pigamon",Berberidaceae,https://inaturalist-open-data.s3.amazonaws.com/photos/99553/medium.jpg,iNaturalist,Alabama | Arizona | Arkansas | Connecticut | Delaware | Georgia | Illinois | Indiana | Iowa | Kansas | Kentucky | Maine | Maryland | Massachusetts | Michigan | Minnesota | Missouri | Nebraska | New Hampshire | New Jersey | New York | North Carolina | North Dakota | Ohio | Oklahoma | Pennsylvania | Rhode Island | South Carolina | South Dakota | Tennessee | Vermont | Virginia | West Virginia | Wisconsin,Herb,Herbaceous perennial,3,8,Medium,"Rich, moist, well-drained soils",Moist,,FALSE,FALSE,TRUE,FALSE,TRUE,FALSE,"Yellow , Green , Brown",FALSE,FALSE,FALSE,TRUE,TRUE,FALSE,FALSE,FALSE,FALSE,FALSE,FALSE,FALSE,FALSE,FALSE,FALSE,FALSE,FALSE,FALSE,FALSE,TRUE,FALSE
PLANT-00235,Ceanothus americanus,"New Jersey Tea, Redroot","New Jersey Tea, Redroot",Rhamnaceae,https://inaturalist-open-data.s3.amazonaws.com/photos/4096046/medium.JPG,iNaturalist,Alabama | Arkansas | Connecticut | Delaware | Florida | Georgia | Illinois | Indiana | Iowa | Kansas | Kentucky | Louisiana | Maine | Maryland | Massachusetts | Michigan | Minnesota | Mississippi | Missouri | Nebraska | New Hampshire | New Jersey | New York | North Carolina | Ohio | Oklahoma | Pennsylvania | Rhode Island | South Carolina | Tennessee | Texas | Vermont | Virginia | West Virginia | Wisconsin,Shrub,Deciduous shrub,4,8,Low,"Well-drained, mesic sand, loam, or limey soils. Sandy, Sandy Loam, Medium Loam, Limestone-based","Dry , Moist",Circumneutral (pH 6.8-7.2),TRUE,TRUE,FALSE,TRUE,TRUE,FALSE,White,FALSE,FALSE,TRUE,TRUE,TRUE,TRUE,TRUE,TRUE,FALSE,FALSE,FALSE,FALSE,FALSE,FALSE,FALSE,FALSE,FALSE,FALSE,FALSE,TRUE,FALSE
PLANT-00236,Ceanothus herbaceus,"Prairie Redroot, Smaller Redroot, Small Redroot, Inland Ceanothus, Fuzzy Ceanothus, Jersey Tea, Redroot","Prairie Redroot, Smaller Redroot, Small Redroot, Inland Ceanothus, Fuzzy Ceanothus, Jersey Tea, Redroot",Rhamnaceae,https://inaturalist-open-data.s3.amazonaws.com/photos/30423556/medium.jpg,iNaturalist,Arkansas | Colorado | Illinois | Indiana | Iowa | Kansas | Kentucky | Louisiana | Massachusetts | Michigan | Minnesota | Missouri | Montana | Nebraska | New Jersey | New Mexico | New York | North Dakota | Ohio | Oklahoma | South Dakota | Tennessee | Texas | Vermont | Virginia | West Virginia | Wisconsin | Wyoming,Shrub,Deciduous shrub,4,8,Low,"Well-drained clays, sandy loams, or limey soils, calcareous preferred. Often found growing in cracks in limestone outcrops.",Dry,Alkaline (pH>7.2),TRUE,FALSE,FALSE,TRUE,FALSE,FALSE,"White , Blue",FALSE,FALSE,TRUE,TRUE,TRUE,TRUE,TRUE,TRUE,FALSE,FALSE,FALSE,FALSE,FALSE,FALSE,FALSE,FALSE,FALSE,FALSE,FALSE,TRUE,FALSE
PLANT-00237,Celastrus scandens,American Bittersweet,American Bittersweet,Celastraceae,https://inaturalist-open-data.s3.amazonaws.com/photos/4910702/medium.jpg,iNaturalist,Alabama | Arkansas | Connecticut | Delaware | Georgia | Illinois | Indiana | Iowa | Kansas | Kentucky | Louisiana | Maine | Maryland | Massachusetts | Michigan | Minnesota | Mississippi | Missouri | Montana | Nebraska | New Hampshire | New Jersey | New York | North Carolina | North Dakota | Ohio | Oklahoma | Pennsylvania | Rhode Island | South Carolina | South Dakota | Tennessee | Texas | Vermont | Virginia | West Virginia | Wisconsin | Wyoming,Vine,Vine,3,8,Low,Well-drained soils.,"Dry , Moist",Circumneutral (pH 6.8-7.2),TRUE,TRUE,TRUE,FALSE,FALSE,TRUE,"Yellow , Green , Brown",FALSE,FALSE,FALSE,FALSE,TRUE,TRUE,FALSE,FALSE,FALSE,FALSE,FALSE,FALSE,FALSE,FALSE,FALSE,FALSE,FALSE,FALSE,FALSE,TRUE,FALSE
PLANT-00238,Celtis laevigata,"Sugar Hackberry, Texas Sugarberry, Sugarberry, Southern Hackberry, Lowland Hackberry, Hackberry, Palo Blanco","Sugar Hackberry, Texas Sugarberry, Sugarberry, Southern Hackberry, Lowland Hackberry, Hackberry, Palo Blanco",Ulmaceae,https://inaturalist-open-data.s3.amazonaws.com/photos/75312504/medium.jpg,iNaturalist,Alabama | Arkansas | Florida | Georgia | Illinois | Indiana | Kansas | Kentucky | Louisiana | Maryland | Mississippi | Missouri | North Carolina | Oklahoma | South Carolina | Tennessee | Texas | Virginia | West Virginia,Tree,Tree,6,9,Low,"Various moist soils. Sandy, Sandy Loam, Medium Loam, Clay, Clay Loam, Caliche type",Dry,,FALSE,TRUE,FALSE,FALSE,FALSE,TRUE,Green,FALSE,TRUE,TRUE,TRUE,FALSE,FALSE,FALSE,FALSE,FALSE,FALSE,FALSE,FALSE,FALSE,FALSE,FALSE,FALSE,FALSE,FALSE,FALSE,TRUE,FALSE
PLANT-00239,Celtis occidentalis,"Common Hackberry, Northern Hackberry, American Hackberry, Nettle Tree, Beaverwood, False Elm","Common Hackberry, Northern Hackberry, American Hackberry, Nettle Tree, Beaverwood, False Elm",Ulmaceae,https://inaturalist-open-data.s3.amazonaws.com/photos/256037606/medium.jpg,iNaturalist,Alabama | Arkansas | Colorado | Connecticut | Delaware | Florida | Georgia | Illinois | Indiana | Iowa | Kansas | Kentucky | Maryland | Massachusetts | Michigan | Minnesota | Mississippi | Missouri | Montana | Nebraska | New Hampshire | New Jersey | New Mexico | New York | North Carolina | North Dakota | Ohio | Oklahoma | Pennsylvania | Rhode Island | South Carolina | South Dakota | Tennessee | Texas | Utah | Vermont | Virginia | West Virginia | Wisconsin | Wyoming,Tree,Tree,2,9,Low,"Rich, moist soils. pH adaptable.","Dry , Moist",Circumneutral (pH 6.8-7.2),TRUE,TRUE,TRUE,TRUE,FALSE,FALSE,"Green , Brown",FALSE,FALSE,FALSE,TRUE,TRUE,FALSE,FALSE,FALSE,FALSE,FALSE,FALSE,FALSE,FALSE,FALSE,FALSE,FALSE,FALSE,FALSE,FALSE,TRUE,FALSE
PLANT-00240,Cephalanthus occidentalis,"Common Buttonbush, Buttonbush, Button Willow, Honey Bells, Honeybells, Honey Balls, Honeyballs, Button-bush","Common Buttonbush, Buttonbush, Button Willow, Honey Bells, Honeybells, Honey Balls, Honeyballs, Button-bush",Rubiaceae,https://inaturalist-open-data.s3.amazonaws.com/photos/679712269/medium.jpg,iNaturalist,Alabama | Arkansas | California | Connecticut | Delaware | Florida | Georgia | Illinois | Indiana | Iowa | Kansas | Kentucky | Louisiana | Maine | Maryland | Michigan | Minnesota | Mississippi | Missouri | Nebraska | New Hampshire | New Jersey | New Mexico | New York | North Carolina | Ohio | Oklahoma | Pennsylvania | Rhode Island | South Carolina | Tennessee | Texas | Vermont | Virginia | West Virginia | Wisconsin,Shrub,Deciduous shrub,5,9,Low,"Limestone-based, Sandy, Sandy Loam, Medium Loam, Clay Loam, Clay","Moist , Wet",Circumneutral (pH 6.8-7.2),FALSE,TRUE,TRUE,FALSE,FALSE,TRUE,"White , Pink",FALSE,FALSE,FALSE,FALSE,FALSE,TRUE,TRUE,TRUE,TRUE,FALSE,FALSE,FALSE,FALSE,FALSE,FALSE,FALSE,FALSE,FALSE,FALSE,TRUE,FALSE
PLANT-00241,Cercis canadensis,"Eastern Redbud, Redbud","Eastern Redbud, Redbud",Fabaceae,https://static.inaturalist.org/photos/121594068/medium.jpg,iNaturalist,Alabama | Arkansas | Delaware | Florida | Georgia | Illinois | Indiana | Iowa | Kansas | Kentucky | Louisiana | Maryland | Michigan | Mississippi | Missouri | Nebraska | New Jersey | New Mexico | North Carolina | Ohio | Oklahoma | Pennsylvania | South Carolina | Tennessee | Texas | Virginia | West Virginia,Tree,Tree,4,8,Low,"Moist, fertile, well-drained soils.",Moist,,FALSE,TRUE,TRUE,TRUE,FALSE,FALSE,Pink,FALSE,FALSE,TRUE,TRUE,TRUE,FALSE,FALSE,FALSE,FALSE,FALSE,FALSE,FALSE,FALSE,FALSE,FALSE,FALSE,FALSE,FALSE,FALSE,TRUE,FALSE
PLANT-00242,Cercis canadensis var. texensis,Texas Redbud,Texas Redbud,Fabaceae,,,Oklahoma | Texas,Tree,Tree,6,9,Medium,"Well-drained, calcareous, rocky, sandy, loamy, or clay soils, usually limestone-based.",Dry,Alkaline (pH>7.2),TRUE,TRUE,FALSE,TRUE,TRUE,FALSE,"White , Pink , Purple",FALSE,FALSE,TRUE,TRUE,FALSE,FALSE,FALSE,FALSE,FALSE,FALSE,FALSE,FALSE,FALSE,FALSE,FALSE,FALSE,FALSE,FALSE,FALSE,TRUE,FALSE
PLANT-00243,Chamaecrista fasciculata,"Partridge Pea, Sleepingplant, Sensitive Plant","Partridge Pea, Sleepingplant, Sensitive Plant",Fabaceae,https://inaturalist-open-data.s3.amazonaws.com/photos/2203983/medium.jpg,iNaturalist,Alabama | Arkansas | Connecticut | Delaware | Florida | Georgia | Illinois | Indiana | Iowa | Kansas | Kentucky | Louisiana | Maryland | Massachusetts | Michigan | Minnesota | Mississippi | Missouri | Nebraska | New Jersey | New Mexico | New York | North Carolina | Ohio | Oklahoma | Pennsylvania | Rhode Island | South Carolina | South Dakota | Tennessee | Texas | Virginia | West Virginia | Wisconsin,Herb,Annual,3,9,Low,"Dry, deep, sandy, well-drained soils. Clay, Clay Loam, Medium Loam, Sandy Loam, Sandy, Acid-based, Calcareous","Dry , Moist",,TRUE,TRUE,FALSE,FALSE,TRUE,FALSE,Yellow,FALSE,FALSE,FALSE,FALSE,FALSE,TRUE,TRUE,TRUE,TRUE,TRUE,FALSE,FALSE,FALSE,FALSE,FALSE,FALSE,FALSE,FALSE,FALSE,TRUE,FALSE
PLANT-00244,Chamaecyparis lawsoniana,"Port Orford Cedar, Lawson False Cypress, Lawson's False Cypress","Port Orford Cedar, Lawson False Cypress, Lawson's False Cypress",Cupressaceae,https://static.inaturalist.org/photos/110181450/medium.jpeg,iNaturalist,California | Oregon,Tree,Needled evergreen,5,8,Low,"Well-drained, sandy loam.",Dry,,FALSE,TRUE,FALSE,FALSE,TRUE,FALSE,Yellow,FALSE,FALSE,FALSE,TRUE,FALSE,FALSE,FALSE,FALSE,FALSE,FALSE,FALSE,FALSE,FALSE,FALSE,FALSE,FALSE,FALSE,FALSE,FALSE,TRUE,FALSE
PLANT-00245,Chamaecyparis thyoides,Atlantic White Cedar,Atlantic White Cedar,Cupressaceae,https://static.inaturalist.org/photos/526545/medium.jpg,iNaturalist,Alabama | Connecticut | Delaware | Florida | Georgia | Maine | Maryland | Massachusetts | Mississippi | New Hampshire | New Jersey | New York | North Carolina | Pennsylvania | Rhode Island | South Carolina | Virginia,Tree,Needled evergreen,4,8,Low,"Moist, sandy soil.",Wet,,FALSE,TRUE,FALSE,TRUE,FALSE,FALSE,Green,FALSE,FALSE,TRUE,TRUE,TRUE,FALSE,FALSE,FALSE,FALSE,FALSE,FALSE,FALSE,FALSE,FALSE,FALSE,FALSE,FALSE,FALSE,FALSE,TRUE,FALSE
PLANT-00246,Chamaedorea seifrizii,bamboo palm,bamboo palm,,https://inaturalist-open-data.s3.amazonaws.com/photos/170863411/medium.jpg,iNaturalist,Florida,,Palm or Cycad,10,11,Low,,,,FALSE,FALSE,FALSE,FALSE,FALSE,FALSE,,FALSE,FALSE,FALSE,FALSE,FALSE,FALSE,FALSE,FALSE,FALSE,FALSE,FALSE,FALSE,FALSE,FALSE,FALSE,FALSE,FALSE,FALSE,FALSE,FALSE,FALSE
PLANT-00247,Chamaelirium luteum,"Fairywand, Blazing Star","Fairywand, Blazing Star",Liliaceae,https://inaturalist-open-data.s3.amazonaws.com/photos/161799/medium.jpg,iNaturalist,Alabama | Arkansas | Delaware | Florida | Georgia | Illinois | Indiana | Kentucky | Louisiana | Maryland | Massachusetts | Michigan | Mississippi | New Jersey | New York | North Carolina | Ohio | Pennsylvania | South Carolina | Tennessee | Virginia | West Virginia,Herb,Herbaceous perennial,4,9,Low,Humus-rich soil.,,Acidic (pH<6.8),FALSE,TRUE,FALSE,FALSE,FALSE,FALSE,White,FALSE,FALSE,TRUE,TRUE,TRUE,TRUE,FALSE,FALSE,FALSE,FALSE,FALSE,FALSE,FALSE,FALSE,FALSE,FALSE,FALSE,FALSE,FALSE,TRUE,FALSE
PLANT-00248,Chamerion angustifolium,"Fireweed, Willow Herb, Great Willow Herb","Fireweed, Willow Herb, Great Willow Herb",Onagraceae,https://inaturalist-open-data.s3.amazonaws.com/photos/619007051/medium.jpg,iNaturalist,Alaska | Colorado | Minnesota | Montana | Washington | Wyoming,Herb,Herbaceous perennial,2,7,Medium,,,,FALSE,FALSE,FALSE,FALSE,FALSE,FALSE,"White , Pink , Purple",FALSE,FALSE,FALSE,FALSE,FALSE,TRUE,TRUE,TRUE,TRUE,FALSE,FALSE,FALSE,TRUE,FALSE,FALSE,FALSE,TRUE,FALSE,TRUE,TRUE,TRUE
PLANT-00249,Chasmanthium latifolium,"Inland Sea Oats, Indian Wood Oats, Wild Oats, River Oats, Flathead Oats, Upland Oats, Upland Sea Oats","Inland Sea Oats, Indian Wood Oats, Wild Oats, River Oats, Flathead Oats, Upland Oats, Upland Sea Oats",Poaceae,https://inaturalist-open-data.s3.amazonaws.com/photos/56881059/medium.jpg,iNaturalist,Alabama | Arizona | Arkansas | Delaware | Florida | Georgia | Illinois | Indiana | Kansas | Kentucky | Louisiana | Maryland | Michigan | Mississippi | Missouri | Nebraska | New Jersey | New Mexico | North Carolina | Ohio | Oklahoma | Pennsylvania | South Carolina | Tennessee | Texas | Virginia | West Virginia | Wisconsin,Grass/Grass-like,Ornamental grass,3,8,Low,"Moist sands, loams, and clays. Poorly drained okay.",Moist,Acidic (pH<6.8),FALSE,TRUE,TRUE,FALSE,TRUE,FALSE,Green,FALSE,FALSE,FALSE,FALSE,FALSE,TRUE,TRUE,TRUE,TRUE,FALSE,FALSE,FALSE,FALSE,FALSE,FALSE,FALSE,FALSE,FALSE,FALSE,TRUE,FALSE
PLANT-00250,Chelone glabra,White Turtlehead,White Turtlehead,Scrophulariaceae,https://inaturalist-open-data.s3.amazonaws.com/photos/218474600/medium.jpg,iNaturalist,Alabama | Arkansas | Connecticut | Delaware | Georgia | Illinois | Indiana | Iowa | Kentucky | Maine | Maryland | Massachusetts | Michigan | Minnesota | Mississippi | Missouri | New Hampshire | New Jersey | New York | North Carolina | Ohio | Pennsylvania | Rhode Island | South Carolina | Tennessee | Vermont | Virginia | West Virginia | Wisconsin,Herb,Herbaceous perennial,3,8,Low,"Light, rich, wet to moist soils.","Moist , Wet",Acidic (pH<6.8),TRUE,TRUE,TRUE,FALSE,FALSE,FALSE,"White , Red , Pink , Purple",FALSE,FALSE,FALSE,FALSE,FALSE,FALSE,TRUE,TRUE,TRUE,TRUE,TRUE,FALSE,FALSE,FALSE,FALSE,FALSE,FALSE,FALSE,FALSE,TRUE,FALSE
PLANT-00251,Chelone lyonii,Pink Turtlehead,Pink Turtlehead,Scrophulariaceae,https://inaturalist-open-data.s3.amazonaws.com/photos/10230896/medium.jpg,iNaturalist,Alabama | Connecticut | Georgia | Maine | Mississippi | North Carolina | South Carolina | Tennessee | Virginia | West Virginia,Herb,Herbaceous perennial,3,8,Medium,"Light, rich, moist or wet soils.",,,FALSE,TRUE,FALSE,FALSE,FALSE,FALSE,"Pink , Yellow , Purple",FALSE,FALSE,FALSE,FALSE,FALSE,TRUE,TRUE,TRUE,TRUE,TRUE,FALSE,FALSE,FALSE,FALSE,FALSE,FALSE,FALSE,FALSE,FALSE,TRUE,FALSE
PLANT-00252,Chelone obliqua,Red Turtlehead,Red Turtlehead,Scrophulariaceae,https://static.inaturalist.org/photos/427979129/medium.jpeg,iNaturalist,Alabama | Florida | Georgia | Illinois | Indiana | Kentucky | Maryland | Massachusetts | Michigan | Mississippi | Missouri | North Carolina | South Carolina | Tennessee | Virginia,Herb,Herbaceous perennial,5,9,Medium,,Moist,,FALSE,TRUE,FALSE,FALSE,FALSE,FALSE,"White , Pink , Purple",FALSE,FALSE,FALSE,FALSE,FALSE,FALSE,TRUE,TRUE,TRUE,TRUE,FALSE,FALSE,FALSE,FALSE,FALSE,FALSE,FALSE,FALSE,FALSE,TRUE,FALSE
PLANT-00253,Chelone obliqua var. speciosa,shellflower,shellflower,,,,Arkansas | Illinois | Indiana | Iowa | Kentucky | Michigan | Minnesota | Missouri,,Herbaceous perennial,5,9,Medium,,,,FALSE,FALSE,FALSE,FALSE,FALSE,FALSE,,FALSE,FALSE,FALSE,FALSE,FALSE,FALSE,FALSE,FALSE,FALSE,FALSE,FALSE,FALSE,FALSE,FALSE,FALSE,FALSE,FALSE,FALSE,FALSE,FALSE,FALSE
PLANT-00254,Chionanthus virginicus,"White Fringetree, Fringe Tree, Snowflower Tree, Flowering Ash, Old Man's Beard, Grandfather Graybeard, Grancy Graybeard","White Fringetree, Fringe Tree, Snowflower Tree, Flowering Ash, Old Man's Beard, Grandfather Graybeard, Grancy Graybeard",Oleaceae,https://inaturalist-open-data.s3.amazonaws.com/photos/76602996/medium.jpg,iNaturalist,Alabama | Arkansas | Delaware | Florida | Georgia | Kentucky | Louisiana | Maryland | Massachusetts | Mississippi | Missouri | New Jersey | New York | North Carolina | Ohio | Oklahoma | Pennsylvania | South Carolina | Tennessee | Texas | Virginia | West Virginia,Tree,Tree,3,9,Low,"Loose, moist, sandy soils.",Moist,,FALSE,TRUE,FALSE,FALSE,FALSE,TRUE,White,FALSE,FALSE,FALSE,TRUE,TRUE,TRUE,FALSE,FALSE,FALSE,FALSE,FALSE,FALSE,FALSE,FALSE,FALSE,FALSE,FALSE,FALSE,FALSE,TRUE,FALSE
PLANT-00255,Chrysogonum virginianum,"Green And Gold, Green-and-gold","Green And Gold, Green-and-gold",Asteraceae,https://static.inaturalist.org/photos/3228847/medium.jpg,iNaturalist,Kentucky | Maryland | New York | North Carolina | Ohio | Pennsylvania | South Carolina | Virginia | West Virginia,Herb,Herbaceous perennial,5,9,Low,"Moist, but well-drained, to drier soils.",Moist,Acidic (pH<6.8),FALSE,TRUE,FALSE,FALSE,FALSE,FALSE,Yellow,FALSE,FALSE,FALSE,TRUE,TRUE,TRUE,TRUE,TRUE,TRUE,TRUE,FALSE,FALSE,FALSE,FALSE,FALSE,FALSE,FALSE,FALSE,FALSE,TRUE,FALSE
PLANT-00256,Chrysopsis mariana,"Maryland Goldenaster, Maryland Golden-aster","Maryland Goldenaster, Maryland Golden-aster",Asteraceae,https://static.inaturalist.org/photos/57383655/medium.jpeg,iNaturalist,Alabama | Delaware | Florida | Georgia | Kentucky | Louisiana | Maryland | Mississippi | New Jersey | New York | North Carolina | Ohio | Pennsylvania | Rhode Island | South Carolina | Tennessee | Texas | Virginia | West Virginia,Herb,Herbaceous perennial,4,9,Medium,Wet to moist soils.,Wet,,TRUE,FALSE,FALSE,FALSE,FALSE,FALSE,Yellow,FALSE,FALSE,FALSE,FALSE,FALSE,FALSE,FALSE,TRUE,TRUE,TRUE,FALSE,FALSE,FALSE,FALSE,FALSE,FALSE,FALSE,FALSE,FALSE,TRUE,FALSE
PLANT-00257,Cibotium glaucum,tree fern,tree fern,,https://inaturalist-open-data.s3.amazonaws.com/photos/42807485/medium.jpg,iNaturalist,Hawaii,,Fern,10,12,Low,,,,FALSE,FALSE,FALSE,FALSE,FALSE,FALSE,,FALSE,FALSE,FALSE,FALSE,FALSE,FALSE,FALSE,FALSE,FALSE,FALSE,FALSE,FALSE,FALSE,FALSE,FALSE,FALSE,FALSE,FALSE,FALSE,FALSE,FALSE
PLANT-00258,Cinna arundinacea,"Sweet Woodreed, Common Woodreed","Sweet Woodreed, Common Woodreed",Poaceae,https://inaturalist-open-data.s3.amazonaws.com/photos/88489581/medium.jpg,iNaturalist,Alabama | Arkansas | Connecticut | Delaware | Georgia | Illinois | Indiana | Iowa | Kansas | Kentucky | Louisiana | Maine | Maryland | Massachusetts | Michigan | Minnesota | Mississippi | Missouri | Montana | Nebraska | New Hampshire | New Jersey | New York | North Carolina | North Dakota | Ohio | Oklahoma | Pennsylvania | Rhode Island | South Carolina | South Dakota | Tennessee | Texas | Vermont | Virginia | West Virginia | Wisconsin,Grass/Grass-like,Ornamental grass,4,7,Medium,,,,FALSE,TRUE,FALSE,TRUE,FALSE,FALSE,Green,FALSE,FALSE,FALSE,FALSE,FALSE,TRUE,TRUE,TRUE,FALSE,FALSE,FALSE,FALSE,FALSE,FALSE,FALSE,FALSE,FALSE,FALSE,FALSE,TRUE,FALSE
PLANT-00259,Cissus trifoliata,"Cow-itch Vine, Cow Itch Vine, Sorrelvine, Grape Ivy, Possum Grape, Arizona Grape Ivy","Cow-itch Vine, Cow Itch Vine, Sorrelvine, Grape Ivy, Possum Grape, Arizona Grape Ivy",Vitaceae,https://static.inaturalist.org/photos/52608218/medium.jpeg,iNaturalist,Alabama | Arizona | Arkansas | Florida | Georgia | Kansas | Louisiana | Mississippi | Missouri | New Mexico | Oklahoma | Texas,Vine,Vine,6,10,Low,,,,FALSE,TRUE,FALSE,FALSE,FALSE,FALSE,"White , Yellow , Green , Purple",FALSE,FALSE,FALSE,FALSE,TRUE,TRUE,TRUE,FALSE,FALSE,FALSE,FALSE,FALSE,FALSE,FALSE,FALSE,FALSE,FALSE,FALSE,FALSE,TRUE,FALSE
PLANT-00260,Cladrastis kentukea,"Kentucky Yellowwood, Yellowwood, Gopherwood, Virgilia","Kentucky Yellowwood, Yellowwood, Gopherwood, Virgilia",Fabaceae,https://inaturalist-open-data.s3.amazonaws.com/photos/129061871/medium.jpg,iNaturalist,Alabama | Arizona | Arkansas | California | Colorado | Connecticut | Delaware | Florida | Georgia | Idaho | Illinois | Indiana | Iowa | Kansas | Kentucky | Louisiana | Maine | Massachusetts | Mississippi | Missouri | New York | North Carolina | Ohio | Oklahoma | Pennsylvania | Rhode Island | South Carolina | Tennessee,Tree,Tree,4,8,Low,"Rich, well-drained soils.",,Circumneutral (pH 6.8-7.2),FALSE,TRUE,FALSE,TRUE,FALSE,FALSE,White,FALSE,FALSE,FALSE,TRUE,TRUE,TRUE,FALSE,FALSE,FALSE,FALSE,FALSE,FALSE,FALSE,FALSE,FALSE,FALSE,FALSE,FALSE,FALSE,TRUE,FALSE
PLANT-00261,Claytonia virginica,"Virginia Springbeauty, Springbeauty","Virginia Springbeauty, Springbeauty",Portulacaceae,https://static.inaturalist.org/photos/183910009/medium.jpeg,iNaturalist,Alabama | Arkansas | Connecticut | Delaware | Georgia | Illinois | Indiana | Iowa | Kansas | Kentucky | Louisiana | Maryland | Massachusetts | Michigan | Minnesota | Mississippi | Missouri | Nebraska | New Jersey | New York | North Carolina | Ohio | Oklahoma | Pennsylvania | Rhode Island | South Carolina | Tennessee | Texas | Vermont | Virginia | West Virginia | Wisconsin,Herb,Herbaceous perennial,3,8,High,"Rich, moist soils. Prefers high humus.",Moist,Acidic (pH<6.8),FALSE,TRUE,FALSE,FALSE,FALSE,FALSE,"White , Pink",TRUE,TRUE,TRUE,TRUE,TRUE,FALSE,FALSE,FALSE,FALSE,FALSE,FALSE,FALSE,FALSE,FALSE,FALSE,FALSE,FALSE,FALSE,FALSE,TRUE,FALSE
PLANT-00262,Clematis crispa,"Swamp Leatherflower, Curly Clematis, Blue-jasmine, Curlflower, Curly Virgin's Bower, Marsh Clematis","Swamp Leatherflower, Curly Clematis, Blue-jasmine, Curlflower, Curly Virgin's Bower, Marsh Clematis",Ranunculaceae,https://inaturalist-open-data.s3.amazonaws.com/photos/53244624/medium.jpg,iNaturalist,Alabama | Arkansas | Florida | Georgia | Illinois | Kentucky | Louisiana | Mississippi | Missouri | North Carolina | Oklahoma | South Carolina | Tennessee | Texas | Virginia,Vine,Vine,6,9,Medium,"Rich, moist or wet, acidic soils. Sandy, Sandy Loam, Medium Loam, Clay Loam, Clay.","Moist , Wet",Acidic (pH<6.8),TRUE,TRUE,FALSE,FALSE,TRUE,TRUE,"White , Pink , Blue , Purple",FALSE,FALSE,TRUE,TRUE,TRUE,TRUE,TRUE,TRUE,TRUE,FALSE,FALSE,FALSE,FALSE,FALSE,FALSE,FALSE,FALSE,FALSE,FALSE,TRUE,FALSE
PLANT-00263,Clematis fremontii,"Fremont's Leather-flower, Fremont's Clematis, Fremont's Crowsfoot, Freemont's Rattleweed","Fremont's Leather-flower, Fremont's Clematis, Fremont's Crowsfoot, Freemont's Rattleweed",Ranunculaceae,https://inaturalist-open-data.s3.amazonaws.com/photos/72974762/medium.jpg,iNaturalist,Georgia | Kansas | Missouri | Nebraska | Tennessee,Herb,Herbaceous perennial,4,7,Low,Limestone or dolomitic soils.,Moist,Alkaline (pH>7.2),TRUE,TRUE,FALSE,FALSE,TRUE,FALSE,"White , Purple",FALSE,FALSE,FALSE,TRUE,TRUE,FALSE,FALSE,FALSE,FALSE,FALSE,FALSE,FALSE,FALSE,FALSE,FALSE,FALSE,FALSE,FALSE,FALSE,TRUE,FALSE
PLANT-00264,Clematis pitcheri,"Purple Leatherflower, Purple Clematis, Leatherflower, Bluebill, Bellflower Clematis, Pitcher's Clematis","Purple Leatherflower, Purple Clematis, Leatherflower, Bluebill, Bellflower Clematis, Pitcher's Clematis",Ranunculaceae,https://inaturalist-open-data.s3.amazonaws.com/photos/4613086/medium.jpg,iNaturalist,Alabama | Arkansas | Illinois | Indiana | Iowa | Kansas | Kentucky | Mississippi | Missouri | Nebraska | New Mexico | Oklahoma | Tennessee | Texas,Vine,Vine,5,9,Medium,"Moist, well-drained soils. Limestone-based, Sandy, Sandy Loam, Medium Loam, Clay Loam, Clay",Moist,,TRUE,TRUE,FALSE,FALSE,TRUE,FALSE,Purple,FALSE,FALSE,TRUE,TRUE,TRUE,TRUE,TRUE,TRUE,TRUE,TRUE,FALSE,FALSE,FALSE,FALSE,FALSE,FALSE,FALSE,FALSE,FALSE,TRUE,FALSE
PLANT-00265,Clematis scottii,Scott's clematis,Scott's clematis,,,,Colorado | Nebraska | New Mexico | Oklahoma | South Dakota | Utah | Wyoming,,Herbaceous perennial,4,7,Medium,,,,FALSE,FALSE,FALSE,FALSE,FALSE,FALSE,,FALSE,FALSE,FALSE,FALSE,FALSE,FALSE,FALSE,FALSE,FALSE,FALSE,FALSE,FALSE,FALSE,FALSE,FALSE,FALSE,FALSE,FALSE,FALSE,FALSE,FALSE
PLANT-00266,Clematis texensis,"Scarlet Clematis, Scarlet Leatherflower, Texas Clematis","Scarlet Clematis, Scarlet Leatherflower, Texas Clematis",Ranunculaceae,https://inaturalist-open-data.s3.amazonaws.com/photos/51407974/medium.jpg,iNaturalist,Texas,Vine,Vine,4,8,Medium,"Rocky, limestone soils. Sandy, Sandy Loam, Medium Loam, Limestone-based",Moist,,FALSE,TRUE,FALSE,TRUE,FALSE,FALSE,Red,FALSE,FALSE,TRUE,TRUE,TRUE,TRUE,TRUE,FALSE,FALSE,FALSE,FALSE,FALSE,FALSE,FALSE,FALSE,FALSE,FALSE,FALSE,FALSE,TRUE,FALSE
PLANT-00267,Clematis versicolor,pale leather flower,pale leather flower,,https://inaturalist-open-data.s3.amazonaws.com/photos/17943639/medium.jpg,iNaturalist,Alabama | Arkansas | Kentucky | Missouri | Oklahoma | Tennessee | Texas,,Vine,5,9,Medium,,,,FALSE,FALSE,FALSE,FALSE,FALSE,FALSE,,FALSE,FALSE,FALSE,FALSE,FALSE,FALSE,FALSE,FALSE,FALSE,FALSE,FALSE,FALSE,FALSE,FALSE,FALSE,FALSE,FALSE,FALSE,FALSE,FALSE,FALSE
PLANT-00268,Clematis virginiana,"Devil's Darning Needles, Virgin's Bower, Old Man's Beard","Devil's Darning Needles, Virgin's Bower, Old Man's Beard",Ranunculaceae,https://inaturalist-open-data.s3.amazonaws.com/photos/150498198/medium.jpg,iNaturalist,Alabama | Arkansas | Connecticut | Delaware | Florida | Georgia | Illinois | Indiana | Iowa | Kansas | Kentucky | Louisiana | Maine | Maryland | Massachusetts | Michigan | Minnesota | Mississippi | Missouri | Nebraska | New Hampshire | New Jersey | New York | North Carolina | North Dakota | Ohio | Oklahoma | Pennsylvania | Rhode Island | South Carolina | South Dakota | Tennessee | Texas | Vermont | Virginia | West Virginia | Wisconsin,Vine,Vine,3,8,Low,"Prefers moist, rich soils, but will also thrive in dry shade.","Dry , Moist",,TRUE,TRUE,TRUE,FALSE,TRUE,FALSE,"White , Green , Brown",FALSE,FALSE,FALSE,FALSE,FALSE,FALSE,TRUE,TRUE,TRUE,FALSE,FALSE,FALSE,FALSE,FALSE,FALSE,FALSE,FALSE,FALSE,FALSE,TRUE,FALSE
PLANT-00269,Clethra alnifolia,"Coastal Pepperbush, Coastal Sweet Pepperbush, Coastal Sweet Pepper, Alderleaf Pepperbush, Alderleaf Clethra, Clethra, Summer Sweet","Coastal Pepperbush, Coastal Sweet Pepperbush, Coastal Sweet Pepper, Alderleaf Pepperbush, Alderleaf Clethra, Clethra, Summer Sweet",Clethraceae,https://inaturalist-open-data.s3.amazonaws.com/photos/152955653/medium.jpg,iNaturalist,Alabama | Connecticut | Delaware | Florida | Georgia | Louisiana | Maine | Maryland | Massachusetts | Mississippi | New Hampshire | New Jersey | New York | North Carolina | Pennsylvania | Rhode Island | South Carolina | Tennessee | Texas | Virginia | West Virginia,Shrub,Deciduous shrub,3,9,Low,"Many wet to moist, acid soils, including sands and clays.","Moist , Wet",Acidic (pH<6.8),TRUE,TRUE,TRUE,FALSE,FALSE,TRUE,"White , Pink",FALSE,FALSE,FALSE,FALSE,FALSE,FALSE,TRUE,TRUE,FALSE,FALSE,FALSE,FALSE,FALSE,FALSE,FALSE,FALSE,FALSE,FALSE,FALSE,TRUE,FALSE
PLANT-00270,Clinopodium arkansanum,Limestone Calamint,Limestone Calamint,Lamiaceae,https://inaturalist-open-data.s3.amazonaws.com/photos/89562796/medium.jpg,iNaturalist,Arkansas | Illinois | Indiana | Kansas | Michigan | Minnesota | Missouri | New Mexico | New York | Ohio | Oklahoma | Pennsylvania | Tennessee | Texas | Virginia | West Virginia | Wisconsin,Herb,Herbaceous perennial,4,8,Low,,Moist,Alkaline (pH>7.2),TRUE,FALSE,FALSE,FALSE,FALSE,FALSE,"White , Blue , Purple",FALSE,FALSE,FALSE,FALSE,FALSE,TRUE,TRUE,TRUE,FALSE,FALSE,FALSE,FALSE,FALSE,FALSE,FALSE,FALSE,FALSE,FALSE,FALSE,TRUE,FALSE
PLANT-00271,Cocculus carolinus,"Carolina Snailseed, Carolina Coralbead, Carolina Moonseed, Red Berried Moonseed, Carolina Red Berried Moonseed","Carolina Snailseed, Carolina Coralbead, Carolina Moonseed, Red Berried Moonseed, Carolina Red Berried Moonseed",Menispermaceae,https://inaturalist-open-data.s3.amazonaws.com/photos/2498174/medium.jpg,iNaturalist,Alabama | Arkansas | Florida | Georgia | Illinois | Indiana | Kansas | Kentucky | Louisiana | Mississippi | Missouri | North Carolina | Oklahoma | South Carolina | Tennessee | Texas | Virginia,Vine,Vine,5,9,Low,"Various wet to droughty soils. . Sandy, Sandy Loam, Medium Loam, Clay Loam, Clay",Moist,Circumneutral (pH 6.8-7.2),FALSE,TRUE,FALSE,TRUE,FALSE,FALSE,Green,FALSE,FALSE,FALSE,FALSE,FALSE,TRUE,TRUE,TRUE,FALSE,FALSE,FALSE,FALSE,FALSE,FALSE,FALSE,FALSE,FALSE,FALSE,FALSE,TRUE,FALSE
PLANT-00272,Collinsia verna,"Spring Blue Eyed Mary, Spring Blue-eyed Mary","Spring Blue Eyed Mary, Spring Blue-eyed Mary",Scrophulariaceae,https://inaturalist-open-data.s3.amazonaws.com/photos/766453/medium.jpg,iNaturalist,Arkansas | Illinois | Indiana | Iowa | Kansas | Kentucky | Michigan | Missouri | New York | Ohio | Oklahoma | Pennsylvania | Tennessee | Virginia | West Virginia | Wisconsin,Herb,Annual,2,11,Low,,Moist,,FALSE,TRUE,TRUE,FALSE,FALSE,FALSE,"White , Blue",FALSE,FALSE,FALSE,TRUE,TRUE,TRUE,FALSE,FALSE,FALSE,FALSE,FALSE,FALSE,FALSE,FALSE,FALSE,FALSE,FALSE,FALSE,FALSE,TRUE,FALSE
PLANT-00273,Collinsonia canadensis,"Richweed, Stoneroot, Citronella Horsebalm","Richweed, Stoneroot, Citronella Horsebalm",Lamiaceae,https://inaturalist-open-data.s3.amazonaws.com/photos/223829049/medium.jpg,iNaturalist,Alabama | Connecticut | Delaware | Florida | Georgia | Illinois | Indiana | Kentucky | Louisiana | Maryland | Michigan | Mississippi | Missouri | New Hampshire | New Jersey | New York | North Carolina | Ohio | Pennsylvania | Rhode Island | South Carolina | Tennessee | Vermont | Virginia | West Virginia | Wisconsin,Herb,Herbaceous perennial,4,8,Low,Humus-rich soil.,,Circumneutral (pH 6.8-7.2),FALSE,TRUE,FALSE,FALSE,FALSE,FALSE,"White , Yellow",FALSE,FALSE,FALSE,FALSE,FALSE,FALSE,TRUE,TRUE,TRUE,FALSE,FALSE,FALSE,FALSE,FALSE,FALSE,FALSE,FALSE,FALSE,FALSE,TRUE,FALSE
PLANT-00274,Comptonia peregrina,"Sweet-fern, Sweetfern","Sweet-fern, Sweetfern",Myricaceae,https://inaturalist-open-data.s3.amazonaws.com/photos/4639887/medium.jpeg,iNaturalist,Connecticut | Delaware | Georgia | Illinois | Indiana | Maine | Maryland | Massachusetts | Michigan | Minnesota | New Hampshire | New Jersey | New York | North Carolina | Ohio | Pennsylvania | Rhode Island | South Carolina | Tennessee | Vermont | Virginia | West Virginia | Wisconsin,Shrub,Deciduous shrub,2,6,Low,"Sandy, acid soils.",Dry,Acidic (pH<6.8),FALSE,TRUE,FALSE,TRUE,FALSE,FALSE,"White , Green",FALSE,FALSE,FALSE,FALSE,TRUE,TRUE,TRUE,TRUE,FALSE,FALSE,FALSE,FALSE,FALSE,FALSE,FALSE,FALSE,FALSE,FALSE,FALSE,TRUE,FALSE
PLANT-00275,Conoclinium coelestinum,"Blue Mistflower, Wild Ageratum, Blue Boneset","Blue Mistflower, Wild Ageratum, Blue Boneset",Asteraceae,https://inaturalist-open-data.s3.amazonaws.com/photos/2309528/medium.jpg,iNaturalist,Alabama | Arkansas | Delaware | Florida | Georgia | Illinois | Indiana | Kansas | Kentucky | Louisiana | Maryland | Michigan | Mississippi | Missouri | Nebraska | New Jersey | New York | North Carolina | Ohio | Oklahoma | Pennsylvania | South Carolina | Tennessee | Texas | Virginia | West Virginia,Herb,Herbaceous perennial,5,10,Medium,"Moist loam, sand, or clay.",Moist,,TRUE,TRUE,FALSE,FALSE,TRUE,FALSE,"Blue , Purple",FALSE,FALSE,FALSE,FALSE,FALSE,FALSE,TRUE,TRUE,TRUE,TRUE,TRUE,FALSE,FALSE,FALSE,FALSE,FALSE,FALSE,FALSE,FALSE,TRUE,FALSE
PLANT-00276,Conradina verticillata,Cumberland rosemary,Cumberland rosemary,,https://static.inaturalist.org/photos/66450015/medium.jpg,iNaturalist,Kentucky | Tennessee,,Broadleaf evergreen,6,8,Medium,,,,FALSE,FALSE,FALSE,FALSE,FALSE,FALSE,,FALSE,FALSE,FALSE,FALSE,FALSE,FALSE,FALSE,FALSE,FALSE,FALSE,FALSE,FALSE,FALSE,FALSE,FALSE,FALSE,FALSE,FALSE,FALSE,FALSE,FALSE
PLANT-00277,Coreopsis grandiflora,"Largeflower Tickseed, Large-flower Tickseed, Common Coreopsis","Largeflower Tickseed, Large-flower Tickseed, Common Coreopsis",Asteraceae,https://static.inaturalist.org/photos/83322746/medium.jpg,iNaturalist,Alabama | Arkansas | Connecticut | Florida | Georgia | Illinois | Indiana | Iowa | Kansas | Kentucky | Louisiana | Maine | Maryland | Michigan | Mississippi | Missouri | New Jersey | New Mexico | New York | North Carolina | Ohio | Oklahoma | Pennsylvania | Rhode Island | South Carolina | Tennessee | Texas | Vermont | Virginia | West Virginia | Wisconsin,Herb,Herbaceous perennial,4,9,Low,Sandy soils,,,FALSE,TRUE,FALSE,FALSE,FALSE,FALSE,Yellow,FALSE,FALSE,FALSE,FALSE,TRUE,TRUE,TRUE,TRUE,FALSE,FALSE,FALSE,FALSE,FALSE,FALSE,FALSE,FALSE,FALSE,FALSE,FALSE,TRUE,FALSE
PLANT-00278,Coreopsis integrifolia,Fringeleaf Tickseed,Fringeleaf Tickseed,Asteraceae,https://inaturalist-open-data.s3.amazonaws.com/photos/28880930/medium.jpg,iNaturalist,Florida | Georgia | North Carolina | South Carolina,Herb,Herbaceous perennial,5,9,Medium,,,,TRUE,FALSE,FALSE,FALSE,FALSE,FALSE,"Yellow , Purple",FALSE,FALSE,FALSE,FALSE,FALSE,FALSE,FALSE,FALSE,TRUE,TRUE,FALSE,FALSE,FALSE,FALSE,FALSE,FALSE,FALSE,FALSE,FALSE,TRUE,FALSE
PLANT-00279,Coreopsis lanceolata,"Lanceleaf Coreopsis, Lance-leaved Coreopsis, Lanceleaf Tickseed, Sand Coreopsis","Lanceleaf Coreopsis, Lance-leaved Coreopsis, Lanceleaf Tickseed, Sand Coreopsis",Asteraceae,https://static.inaturalist.org/photos/21088529/medium.jpg,iNaturalist,Alabama | Arkansas | Connecticut | Delaware | Florida | Georgia | Illinois | Indiana | Iowa | Kansas | Kentucky | Louisiana | Maine | Maryland | Massachusetts | Michigan | Minnesota | Mississippi | Missouri | Nebraska | New Hampshire | New Jersey | New Mexico | New York | North Carolina | Ohio | Oklahoma | Pennsylvania | Rhode Island | South Carolina | Tennessee | Texas | Vermont | Virginia | West Virginia | Wisconsin,Herb,Herbaceous perennial,4,9,Medium,"Sandy, gravelly soils. Sandy, Sandy Loam, Medium Loam, Clay Loam, Clay, Acid-based, Calcareous",Dry,,TRUE,TRUE,TRUE,FALSE,TRUE,FALSE,Yellow,FALSE,FALSE,TRUE,TRUE,TRUE,TRUE,TRUE,TRUE,FALSE,FALSE,FALSE,FALSE,FALSE,FALSE,FALSE,FALSE,FALSE,FALSE,FALSE,TRUE,FALSE
PLANT-00280,Coreopsis palmata,"Stiff Tickseed, Stiff Coreopsis, Finger Coreopsis","Stiff Tickseed, Stiff Coreopsis, Finger Coreopsis",Asteraceae,https://inaturalist-open-data.s3.amazonaws.com/photos/133694/medium.jpg,iNaturalist,Alabama | Arkansas | Illinois | Indiana | Iowa | Kansas | Louisiana | Michigan | Minnesota | Mississippi | Missouri | Nebraska | Oklahoma | South Dakota | Wisconsin,Herb,Herbaceous perennial,3,8,Low,"Light, sandy or gravelly soils.",,,FALSE,TRUE,FALSE,FALSE,FALSE,FALSE,Yellow,FALSE,FALSE,FALSE,FALSE,FALSE,TRUE,TRUE,TRUE,FALSE,FALSE,FALSE,FALSE,FALSE,FALSE,FALSE,FALSE,FALSE,FALSE,FALSE,TRUE,FALSE
PLANT-00281,Coreopsis pubescens,"Star Tickseed, Hairy Tickseed","Star Tickseed, Hairy Tickseed",Asteraceae,https://inaturalist-open-data.s3.amazonaws.com/photos/216489153/medium.jpeg,iNaturalist,Alabama | Arkansas | Connecticut | Florida | Georgia | Illinois | Kansas | Kentucky | Louisiana | Massachusetts | Mississippi | Missouri | North Carolina | Oklahoma | South Carolina | Tennessee | Texas | Virginia | West Virginia,Herb,Herbaceous perennial,6,9,Low,,"Dry , Moist",,TRUE,FALSE,FALSE,TRUE,TRUE,FALSE,Yellow,FALSE,FALSE,FALSE,TRUE,TRUE,TRUE,TRUE,TRUE,TRUE,FALSE,FALSE,FALSE,FALSE,FALSE,FALSE,FALSE,FALSE,FALSE,FALSE,TRUE,FALSE
PLANT-00282,Coreopsis rosea,"Pink Tickseed, Rose Coreopsis, Pink Coreopsis","Pink Tickseed, Rose Coreopsis, Pink Coreopsis",Asteraceae,https://static.inaturalist.org/photos/93778485/medium.jpg,iNaturalist,Connecticut | Indiana | Maine | Massachusetts | Michigan | New Hampshire | New Jersey | New York | Ohio | Pennsylvania | Rhode Island | Vermont | West Virginia,Herb,Herbaceous perennial,3,8,Low,"Moist, sandy, acid soils.","Moist , Wet",Acidic (pH<6.8),TRUE,TRUE,FALSE,FALSE,FALSE,TRUE,"White , Pink",FALSE,FALSE,FALSE,FALSE,FALSE,FALSE,TRUE,TRUE,TRUE,FALSE,FALSE,FALSE,FALSE,FALSE,FALSE,FALSE,FALSE,FALSE,FALSE,TRUE,FALSE
PLANT-00283,Coreopsis tinctoria,"Plains Coreopsis, Golden Tickseed, Goldenwave, Calliopsis","Plains Coreopsis, Golden Tickseed, Goldenwave, Calliopsis",Asteraceae,https://inaturalist-open-data.s3.amazonaws.com/photos/7330449/medium.jpg,iNaturalist,Alabama | Arizona | Arkansas | California | Colorado | Connecticut | Delaware | Florida | Georgia | Idaho | Illinois | Indiana | Iowa | Kansas | Kentucky | Louisiana | Maine | Maryland | Massachusetts | Michigan | Minnesota | Mississippi | Missouri | Montana | Nebraska | New Jersey | New Mexico | New York | North Carolina | North Dakota | Ohio | Oklahoma | Oregon | Pennsylvania | Rhode Island | South Carolina | South Dakota | Tennessee | Texas | Vermont | Virginia | Washington | West Virginia | Wisconsin | Wyoming,Herb,Annual,2,11,Low,"Prefers moist, sandy soil.",Moist,,TRUE,TRUE,FALSE,FALSE,FALSE,TRUE,"Red , Yellow , Brown",TRUE,TRUE,TRUE,TRUE,TRUE,TRUE,TRUE,TRUE,TRUE,TRUE,TRUE,TRUE,FALSE,FALSE,FALSE,FALSE,FALSE,FALSE,FALSE,TRUE,FALSE
PLANT-00284,Coreopsis tripteris,"Tall Tickseed, Tall Coreopsis","Tall Tickseed, Tall Coreopsis",Asteraceae,https://inaturalist-open-data.s3.amazonaws.com/photos/512356965/medium.jpg,iNaturalist,Alabama | Arkansas | Connecticut | Florida | Georgia | Illinois | Indiana | Iowa | Kansas | Kentucky | Louisiana | Maryland | Massachusetts | Michigan | Mississippi | Missouri | North Carolina | Ohio | Oklahoma | Pennsylvania | Rhode Island | South Carolina | Tennessee | Texas | Virginia | West Virginia | Wisconsin,Herb,Herbaceous perennial,3,8,Low,Moist to dry sands.,Moist,,FALSE,TRUE,FALSE,FALSE,FALSE,FALSE,Yellow,FALSE,FALSE,FALSE,FALSE,FALSE,FALSE,TRUE,TRUE,TRUE,FALSE,FALSE,FALSE,FALSE,FALSE,FALSE,FALSE,FALSE,FALSE,FALSE,TRUE,FALSE
PLANT-00285,Coreopsis verticillata,"Threadleaf Coreopsis, Whorled Tickseed, Whorled Coreopsis","Threadleaf Coreopsis, Whorled Tickseed, Whorled Coreopsis",Asteraceae,https://inaturalist-open-data.s3.amazonaws.com/photos/127119/medium.jpg,iNaturalist,Alabama | Arkansas | Connecticut | Florida | Georgia | Kentucky | Maryland | Massachusetts | Mississippi | New Jersey | New York | North Carolina | Ohio | South Carolina | Tennessee | Virginia | West Virginia,Herb,Herbaceous perennial,3,9,Low,"Sandy, well-drained soil.",Dry,Acidic (pH<6.8),TRUE,TRUE,FALSE,TRUE,FALSE,FALSE,Yellow,FALSE,FALSE,FALSE,FALSE,FALSE,TRUE,TRUE,TRUE,FALSE,FALSE,FALSE,FALSE,FALSE,FALSE,FALSE,FALSE,FALSE,FALSE,FALSE,TRUE,FALSE
PLANT-00286,Cornus alternifolia,"Alternateleaf Dogwood, Alternate-leaf Dogwood, Pagoda Dogwood","Alternateleaf Dogwood, Alternate-leaf Dogwood, Pagoda Dogwood",Cornaceae,https://static.inaturalist.org/photos/11567651/medium.jpg,iNaturalist,Alabama | Arkansas | Connecticut | Delaware | Florida | Georgia | Illinois | Indiana | Iowa | Kentucky | Maine | Maryland | Massachusetts | Michigan | Minnesota | Mississippi | Missouri | New Hampshire | New Jersey | North Carolina | South Carolina | Tennessee | Virginia | West Virginia | Wisconsin,Shrub,Deciduous shrub,3,7,Low,"Cool, moist, acid, well-drained soils.",Moist,,FALSE,TRUE,TRUE,FALSE,TRUE,FALSE,White,FALSE,FALSE,FALSE,TRUE,TRUE,TRUE,FALSE,FALSE,FALSE,FALSE,FALSE,FALSE,FALSE,FALSE,FALSE,FALSE,FALSE,FALSE,FALSE,TRUE,FALSE
PLANT-00287,Cornus amomum,"Silky Dogwood, Red Willow, Silky Cornel","Silky Dogwood, Red Willow, Silky Cornel",Cornaceae,https://inaturalist-open-data.s3.amazonaws.com/photos/15046/medium.jpg,iNaturalist,Alabama | Connecticut | Delaware | Florida | Georgia | Illinois | Indiana | Kentucky | Maine | Maryland | Michigan | Mississippi | New Hampshire | New Jersey | New York | North Carolina | Ohio | Pennsylvania | Rhode Island | South Carolina | Tennessee | Vermont | Virginia | West Virginia,Shrub,Deciduous shrub,5,8,Medium,"Clay, Loam, Sand","Moist , Wet",,FALSE,TRUE,TRUE,FALSE,FALSE,TRUE,White,FALSE,FALSE,TRUE,TRUE,TRUE,TRUE,TRUE,TRUE,FALSE,FALSE,FALSE,FALSE,FALSE,FALSE,FALSE,FALSE,FALSE,FALSE,FALSE,TRUE,FALSE
PLANT-00288,Cornus amomum subsp. obliqua,swamp dogwood,swamp dogwood,,,,Arkansas | Connecticut | Illinois | Indiana | Iowa | Kansas | Kentucky | Maine | Maryland | Massachusetts | Michigan | Minnesota | Missouri | Nebraska | New Hampshire | New Jersey | New York | Ohio | Oklahoma | Pennsylvania | Rhode Island | South Dakota | Tennessee | Vermont | Virginia | West Virginia | Wisconsin,,Deciduous shrub,4,8,Medium,,,,FALSE,FALSE,FALSE,FALSE,FALSE,FALSE,,FALSE,FALSE,FALSE,FALSE,FALSE,FALSE,FALSE,FALSE,FALSE,FALSE,FALSE,FALSE,FALSE,FALSE,FALSE,FALSE,FALSE,FALSE,FALSE,FALSE,FALSE
PLANT-00289,Cornus canadensis,"Bunchberry Dogwood, Canadian Bunchberry","Bunchberry Dogwood, Canadian Bunchberry",Cornaceae,https://inaturalist-open-data.s3.amazonaws.com/photos/3251560/medium.JPG,iNaturalist,Alaska | Colorado | Connecticut | Idaho | Illinois | Indiana | Iowa | Maine | Maryland | Massachusetts | Michigan | Montana | New Hampshire | New Jersey | New Mexico | New York | North Dakota | Ohio | Pennsylvania | Rhode Island | South Dakota | Vermont | Virginia | Washington | West Virginia | Wisconsin | Wyoming,Herb,Deciduous shrub,2,6,Low,"Damp, cool, acid soil or peat moss.",Moist,Acidic (pH<6.8),TRUE,TRUE,TRUE,FALSE,FALSE,TRUE,"White , Yellow , Green , Brown",FALSE,FALSE,FALSE,FALSE,TRUE,TRUE,TRUE,TRUE,TRUE,FALSE,FALSE,FALSE,FALSE,FALSE,FALSE,FALSE,FALSE,FALSE,FALSE,TRUE,FALSE
PLANT-00290,Cornus drummondii,"Roughleaf Dogwood, Drummond's Dogwood, Rough-leaf Dogwood","Roughleaf Dogwood, Drummond's Dogwood, Rough-leaf Dogwood",Cornaceae,https://inaturalist-open-data.s3.amazonaws.com/photos/19623005/medium.jpg,iNaturalist,Alabama | Arkansas | Georgia | Illinois | Indiana | Iowa | Kansas | Kentucky | Louisiana | Michigan | Mississippi | Missouri | Nebraska | New York | Ohio | Oklahoma | Pennsylvania | South Dakota | Tennessee | Texas | Wisconsin,Tree,Deciduous shrub,5,8,Medium,"Dry to moist, alkaline soils. Limestone-based, Sandy, Sandy Loam, Medium Loam, Clay Loam, Clay, Acid-based, Calcareous.","Dry , Moist",,FALSE,TRUE,TRUE,TRUE,FALSE,FALSE,White,FALSE,FALSE,FALSE,TRUE,TRUE,TRUE,TRUE,FALSE,FALSE,FALSE,FALSE,FALSE,FALSE,FALSE,FALSE,FALSE,FALSE,FALSE,FALSE,TRUE,FALSE
PLANT-00291,Cornus florida,"Flowering Dogwood, Virginia Dogwood, Florida Dogwood, White Cornel, Arrowwood, American Boxwood, False Box, St. Peter's Crown, Corona De San Pedro","Flowering Dogwood, Virginia Dogwood, Florida Dogwood, White Cornel, Arrowwood, American Boxwood, False Box, St. Peter's Crown, Corona De San Pedro",Cornaceae,https://inaturalist-open-data.s3.amazonaws.com/photos/15371883/medium.jpeg,iNaturalist,Alabama | Arkansas | Connecticut | Delaware | Florida | Georgia | Illinois | Indiana | Kansas | Kentucky | Louisiana | Maine | Maryland | Michigan | Mississippi | Missouri | New Hampshire | New Jersey | New York | North Carolina | Ohio | Oklahoma | Pennsylvania | Rhode Island | South Carolina | Tennessee | Texas | Vermont | Virginia | West Virginia,Tree,Tree,5,9,Medium,"Rich, well-drained, acid soil. Sandy, Sandy Loam, Medium Loam, Acid-based","Dry , Moist",Acidic (pH<6.8),FALSE,TRUE,TRUE,TRUE,FALSE,FALSE,"White , Pink , Yellow , Green",FALSE,FALSE,TRUE,TRUE,TRUE,TRUE,FALSE,FALSE,FALSE,FALSE,FALSE,FALSE,FALSE,FALSE,FALSE,FALSE,FALSE,FALSE,FALSE,TRUE,FALSE
PLANT-00292,Cornus florida f. rubra,flowering dogwood,flowering dogwood,,,,Alabama | Connecticut | Florida | Georgia | Indiana | Kentucky | Maine | Massachusetts | Michigan | Mississippi | Missouri | New Hampshire | New Jersey | New York | North Carolina | Ohio | Oklahoma | Pennsylvania | Rhode Island | South Carolina | Texas | Vermont | Virginia | Wisconsin,,Tree,5,9,Medium,,,,FALSE,FALSE,FALSE,FALSE,FALSE,FALSE,,FALSE,FALSE,FALSE,FALSE,FALSE,FALSE,FALSE,FALSE,FALSE,FALSE,FALSE,FALSE,FALSE,FALSE,FALSE,FALSE,FALSE,FALSE,FALSE,FALSE,FALSE
PLANT-00293,Cornus mas,cornelian cherry dogwood,cornelian cherry dogwood,,https://static.inaturalist.org/photos/48590986/medium.jpeg,iNaturalist,Georgia,,Tree,4,8,Low,,,,FALSE,FALSE,FALSE,FALSE,FALSE,FALSE,,FALSE,FALSE,FALSE,FALSE,FALSE,FALSE,FALSE,FALSE,FALSE,FALSE,FALSE,FALSE,FALSE,FALSE,FALSE,FALSE,FALSE,FALSE,FALSE,FALSE,FALSE
PLANT-00294,Cornus racemosa,Gray Dogwood,Gray Dogwood,Cornaceae,https://inaturalist-open-data.s3.amazonaws.com/photos/452854/medium.jpg,iNaturalist,Alabama | Arkansas | Connecticut | Delaware | Illinois | Indiana | Iowa | Kentucky | Maine | Maryland | Michigan | Minnesota | Missouri | Nebraska | New Hampshire | New Jersey | New York | North Carolina | North Dakota | Ohio | Pennsylvania | Rhode Island | South Carolina | South Dakota | Texas | Vermont | Virginia | West Virginia | Wisconsin,Shrub,Deciduous shrub,4,8,Low,Moist soils.,Moist,Circumneutral (pH 6.8-7.2),TRUE,TRUE,TRUE,FALSE,TRUE,FALSE,"White , Green",FALSE,FALSE,FALSE,FALSE,TRUE,TRUE,TRUE,FALSE,FALSE,FALSE,FALSE,FALSE,FALSE,FALSE,FALSE,FALSE,FALSE,FALSE,FALSE,TRUE,FALSE
PLANT-00295,Cornus sericea,"Red Osier Dogwood, Red Osier, Red-twig Dogwood","Red Osier Dogwood, Red Osier, Red-twig Dogwood",Cornaceae,https://static.inaturalist.org/photos/16633753/medium.jpg,iNaturalist,Alaska | California | Colorado | Connecticut | Idaho | Illinois | Maine | Massachusetts | Michigan | Minnesota | Nebraska | New Hampshire | New Mexico | New York | North Dakota | Ohio | Oregon | Pennsylvania | Rhode Island | Utah | Vermont | Washington | Wyoming,Shrub,Deciduous shrub,3,7,Medium,"Moist, well-drained soils.",Moist,Circumneutral (pH 6.8-7.2),FALSE,TRUE,FALSE,FALSE,FALSE,FALSE,White,FALSE,FALSE,FALSE,FALSE,TRUE,TRUE,TRUE,TRUE,TRUE,TRUE,FALSE,FALSE,FALSE,FALSE,FALSE,FALSE,FALSE,FALSE,FALSE,TRUE,FALSE
PLANT-00296,Corylus americana,"American Hazelnut, American Filbert","American Hazelnut, American Filbert",Betulaceae,https://inaturalist-open-data.s3.amazonaws.com/photos/9733349/medium.jpg,iNaturalist,Alabama | Arkansas | Connecticut | Delaware | Georgia | Illinois | Indiana | Iowa | Kansas | Kentucky | Louisiana | Maine | Maryland | Massachusetts | Michigan | Minnesota | Mississippi | Missouri | Nebraska | New Hampshire | New Jersey | New York | North Carolina | North Dakota | Ohio | Oklahoma | Pennsylvania | Rhode Island | South Carolina | South Dakota | Tennessee | Vermont | Virginia | West Virginia | Wisconsin,Shrub,Deciduous shrub,4,9,Low,"Various moist to dry, well-drained soils.","Dry , Moist",Circumneutral (pH 6.8-7.2),FALSE,TRUE,TRUE,FALSE,TRUE,FALSE,"White , Green",FALSE,FALSE,TRUE,TRUE,TRUE,TRUE,FALSE,FALSE,FALSE,FALSE,FALSE,FALSE,FALSE,FALSE,FALSE,FALSE,FALSE,FALSE,FALSE,TRUE,FALSE
PLANT-00297,Corylus cornuta,"Beaked Hazelnut, Beaked Filbert","Beaked Hazelnut, Beaked Filbert",Betulaceae,https://inaturalist-open-data.s3.amazonaws.com/photos/141313270/medium.jpeg,iNaturalist,Alabama | California | Colorado | Connecticut | Georgia | Illinois | Iowa | Kentucky | Maine | Maryland | Massachusetts | Michigan | Minnesota | Montana | New Hampshire | New Jersey | New York | North Carolina | North Dakota | Ohio | Oregon | Pennsylvania | Rhode Island | South Carolina | South Dakota | Tennessee | Vermont | Virginia | Washington | West Virginia | Wisconsin | Wyoming,Shrub,Deciduous shrub,4,8,Low,Various moist to dry soils.,Moist,Circumneutral (pH 6.8-7.2),TRUE,TRUE,TRUE,FALSE,TRUE,FALSE,"Yellow , Green , Brown",FALSE,FALSE,TRUE,TRUE,TRUE,FALSE,FALSE,FALSE,FALSE,FALSE,FALSE,FALSE,FALSE,FALSE,FALSE,FALSE,FALSE,FALSE,FALSE,TRUE,FALSE
PLANT-00298,Cosmos bipinnatus,cosmos,cosmos,,https://inaturalist-open-data.s3.amazonaws.com/photos/456061565/medium.jpg,iNaturalist,Arizona | California | New Mexico,,Annual,2,11,Low,,,,FALSE,FALSE,FALSE,FALSE,FALSE,FALSE,,FALSE,FALSE,FALSE,FALSE,FALSE,FALSE,FALSE,FALSE,FALSE,FALSE,FALSE,FALSE,FALSE,FALSE,FALSE,FALSE,FALSE,FALSE,FALSE,FALSE,FALSE
PLANT-00299,Cotinus obovatus,"American Smoke Tree, Texas Smoke Tree, Wild Smoke Tree, Smoke Tree, Smokebush, Chittamwood","American Smoke Tree, Texas Smoke Tree, Wild Smoke Tree, Smoke Tree, Smokebush, Chittamwood",Anacardiaceae,https://inaturalist-open-data.s3.amazonaws.com/photos/19837265/medium.jpg,iNaturalist,Alabama | Arkansas | Georgia | Kentucky | Missouri | Oklahoma | Tennessee | Texas,Tree,Tree,4,8,Medium,"Rocky, well-drained, limestone soils, whether sand, loam, or clay.",Dry,Alkaline (pH>7.2),TRUE,TRUE,FALSE,TRUE,FALSE,FALSE,"Pink , Yellow , Purple",FALSE,FALSE,FALSE,TRUE,TRUE,FALSE,FALSE,FALSE,FALSE,FALSE,FALSE,FALSE,FALSE,FALSE,FALSE,FALSE,FALSE,FALSE,FALSE,TRUE,FALSE
PLANT-00300,Crataegus crus-galli,"Cockspur Hawthorn, Cockspur Thorn, Newcastle Hawthorn, Newcastle Thorn, Hog Apple","Cockspur Hawthorn, Cockspur Thorn, Newcastle Hawthorn, Newcastle Thorn, Hog Apple",Rosaceae,https://inaturalist-open-data.s3.amazonaws.com/photos/342993113/medium.jpeg,iNaturalist,Alabama | Arkansas | Connecticut | Delaware | Florida | Georgia | Illinois | Indiana | Iowa | Kansas | Kentucky | Louisiana | Maine | Maryland | Massachusetts | Michigan | Minnesota | Mississippi | Missouri | New Jersey | New York | North Carolina | Ohio | Oklahoma | Pennsylvania | Rhode Island | South Carolina | Tennessee | Texas | Vermont | Virginia | West Virginia | Wisconsin,Tree,Tree,3,7,Medium,"Variable, preferring moist, well-drained soils. Sandy, Sandy Loam, Medium Loam, Clay Loam, Clay.","Dry , Moist",Acidic (pH<6.8),TRUE,TRUE,TRUE,TRUE,FALSE,FALSE,"White , Pink",FALSE,FALSE,FALSE,FALSE,TRUE,TRUE,FALSE,FALSE,FALSE,FALSE,FALSE,FALSE,FALSE,FALSE,FALSE,FALSE,FALSE,FALSE,FALSE,TRUE,FALSE
PLANT-00301,Crataegus douglasii,Black Hawthorn,Black Hawthorn,Rosaceae,https://inaturalist-open-data.s3.amazonaws.com/photos/66932638/medium.jpg,iNaturalist,Alaska | California | Idaho | Michigan | Minnesota | Montana | Nevada | North Dakota | Oregon | South Dakota | Washington | Wisconsin | Wyoming,Shrub,Tree,3,9,Medium,Moist soils.,"Moist , Wet",,TRUE,TRUE,TRUE,FALSE,FALSE,TRUE,White,FALSE,FALSE,FALSE,FALSE,TRUE,TRUE,FALSE,FALSE,FALSE,FALSE,FALSE,FALSE,FALSE,FALSE,FALSE,FALSE,FALSE,FALSE,FALSE,TRUE,FALSE
PLANT-00302,Crataegus nitida,Glossy Hawthorn,Glossy Hawthorn,Rosaceae,,,Arkansas | Illinois | Missouri | Ohio | Pennsylvania | Tennessee | Wisconsin,Shrub,Tree,5,7,Medium,,,,FALSE,FALSE,FALSE,FALSE,FALSE,FALSE,White,FALSE,FALSE,FALSE,TRUE,FALSE,FALSE,FALSE,FALSE,FALSE,FALSE,FALSE,FALSE,FALSE,FALSE,FALSE,FALSE,FALSE,FALSE,FALSE,TRUE,FALSE
PLANT-00303,Crataegus phaenopyrum,"Washington Hawthorn, Washington-thorn","Washington Hawthorn, Washington-thorn",Rosaceae,https://static.inaturalist.org/photos/15579455/medium.jpg,iNaturalist,Alabama | Arkansas | Delaware | Florida | Georgia | Illinois | Indiana | Kentucky | Louisiana | Maine | Maryland | Massachusetts | Michigan | Mississippi | Missouri | New Jersey | North Carolina | Ohio | Pennsylvania | Rhode Island | South Carolina | Tennessee | Virginia | West Virginia,Shrub,Tree,3,8,Medium,Moist soils.,Moist,Circumneutral (pH 6.8-7.2),TRUE,FALSE,FALSE,FALSE,TRUE,FALSE,White,FALSE,FALSE,FALSE,FALSE,FALSE,TRUE,FALSE,FALSE,FALSE,FALSE,FALSE,FALSE,FALSE,FALSE,FALSE,FALSE,FALSE,FALSE,FALSE,TRUE,FALSE
PLANT-00304,Crataegus viridis,"Green Hawthorn, Southern Hawthorn","Green Hawthorn, Southern Hawthorn",Rosaceae,https://inaturalist-open-data.s3.amazonaws.com/photos/199307946/medium.jpg,iNaturalist,Alabama | Arkansas | Delaware | Florida | Georgia | Illinois | Indiana | Kansas | Kentucky | Louisiana | Maryland | Mississippi | Missouri | North Carolina | Oklahoma | Pennsylvania | South Carolina | Tennessee | Texas | Virginia | West Virginia | Wisconsin,Shrub,Tree,4,8,Low,"Sandy, Sandy Loam, Medium Loam, Clay Loam, Clay",Wet,,FALSE,TRUE,FALSE,FALSE,FALSE,TRUE,White,FALSE,FALSE,TRUE,TRUE,TRUE,FALSE,FALSE,FALSE,FALSE,FALSE,FALSE,FALSE,FALSE,FALSE,FALSE,FALSE,FALSE,FALSE,FALSE,TRUE,FALSE
PLANT-00305,Crinum americanum,"American Crinum Lily, Seven Sisters, Swamp Lily, Southern Swamp Lily, String Lily, Crinum Lily","American Crinum Lily, Seven Sisters, Swamp Lily, Southern Swamp Lily, String Lily, Crinum Lily",Liliaceae,https://static.inaturalist.org/photos/21742403/medium.jpg,iNaturalist,Alabama | Florida | Georgia | Louisiana | Mississippi | South Carolina | Texas,Shrub,Bulb,8,11,Medium,"Wet, rich soils. Sandy, Sandy Loam, Medium Loam, Clay Loam, Clay, Acid-based, Calcareous.",Wet,,FALSE,TRUE,FALSE,FALSE,TRUE,FALSE,White,FALSE,FALSE,FALSE,FALSE,FALSE,TRUE,TRUE,TRUE,TRUE,TRUE,TRUE,FALSE,FALSE,FALSE,FALSE,FALSE,FALSE,FALSE,FALSE,TRUE,FALSE
PLANT-00306,Croton alabamensis,alabama croton,alabama croton,,https://static.inaturalist.org/photos/182324577/medium.jpg,iNaturalist,Alabama | Tennessee | Texas,,Deciduous shrub,6,8,Low,,,,FALSE,FALSE,FALSE,FALSE,FALSE,FALSE,,FALSE,FALSE,FALSE,FALSE,FALSE,FALSE,FALSE,FALSE,FALSE,FALSE,FALSE,FALSE,FALSE,FALSE,FALSE,FALSE,FALSE,FALSE,FALSE,FALSE,FALSE
PLANT-00307,Cryptotaenia canadensis,"Canadian Honewort, Wild Chervil","Canadian Honewort, Wild Chervil",Apiaceae,https://static.inaturalist.org/photos/79513882/medium.jpeg,iNaturalist,Alabama | Arkansas | Connecticut | Delaware | Florida | Georgia | Illinois | Indiana | Iowa | Kansas | Kentucky | Louisiana | Maine | Maryland | Massachusetts | Michigan | Minnesota | Mississippi | Missouri | Nebraska | New Hampshire | New Jersey | New York | North Carolina | North Dakota | Ohio | Oklahoma | Pennsylvania | Rhode Island | South Carolina | South Dakota | Tennessee | Texas | Vermont | Virginia | West Virginia | Wisconsin,Herb,Herbaceous perennial,4,8,Low,,Moist,,FALSE,TRUE,FALSE,FALSE,FALSE,FALSE,White,FALSE,FALSE,FALSE,FALSE,FALSE,TRUE,TRUE,TRUE,TRUE,FALSE,FALSE,FALSE,FALSE,FALSE,FALSE,FALSE,FALSE,FALSE,FALSE,TRUE,FALSE
PLANT-00308,Cunila origanoides,Common Dittany,Common Dittany,Lamiaceae,https://inaturalist-open-data.s3.amazonaws.com/photos/95161327/medium.jpg,iNaturalist,Alabama | Arkansas | Delaware | Georgia | Illinois | Indiana | Kansas | Kentucky | Louisiana | Maryland | Mississippi | Missouri | New Jersey | New York | North Carolina | Ohio | Oklahoma | Pennsylvania | South Carolina | Tennessee | Texas | Virginia | West Virginia,Herb,Herbaceous perennial,5,8,Low,,,,TRUE,TRUE,FALSE,FALSE,FALSE,FALSE,"White , Pink , Purple",FALSE,FALSE,FALSE,FALSE,FALSE,TRUE,TRUE,TRUE,TRUE,TRUE,TRUE,FALSE,FALSE,FALSE,FALSE,FALSE,FALSE,FALSE,FALSE,TRUE,FALSE
PLANT-00309,Cuphea viscosissima,"Blue Waxweed, Clammy Cuphea, Tarweed","Blue Waxweed, Clammy Cuphea, Tarweed",Lythraceae,https://static.inaturalist.org/photos/214355507/medium.jpg,iNaturalist,Alabama | Arkansas | Connecticut | Delaware | Florida | Georgia | Illinois | Indiana | Iowa | Kansas | Kentucky | Louisiana | Maryland | Massachusetts | Mississippi | Missouri | Nebraska | New Hampshire | New Jersey | New York | North Carolina | Ohio | Oklahoma | Pennsylvania | South Carolina | Tennessee | Vermont | Virginia | West Virginia,Herb,Annual,6,9,Low,,,,FALSE,FALSE,FALSE,FALSE,FALSE,FALSE,"Red , Purple",FALSE,FALSE,FALSE,FALSE,FALSE,FALSE,TRUE,TRUE,TRUE,TRUE,FALSE,FALSE,FALSE,FALSE,FALSE,FALSE,FALSE,FALSE,FALSE,TRUE,FALSE
PLANT-00310,Cypripedium kentuckiense,"Southern Lady's-slipper, Kentucky Lady's-slipper, Ivory Lady's-slipper, Purloined Slipper","Southern Lady's-slipper, Kentucky Lady's-slipper, Ivory Lady's-slipper, Purloined Slipper",Orchidaceae,https://static.inaturalist.org/photos/858637/medium.jpg,iNaturalist,Alabama | Arkansas | Georgia | Kentucky | Louisiana | Mississippi | Oklahoma | Tennessee | Texas | Virginia,Herb,Orchid,3,8,Medium,,Moist,,TRUE,TRUE,FALSE,FALSE,FALSE,FALSE,"White , Red , Yellow , Brown",FALSE,FALSE,FALSE,TRUE,TRUE,TRUE,FALSE,FALSE,FALSE,FALSE,FALSE,FALSE,FALSE,FALSE,FALSE,FALSE,FALSE,FALSE,FALSE,TRUE,FALSE
PLANT-00311,Cystopteris protrusa,lowland fragile fern,lowland fragile fern,,https://static.inaturalist.org/photos/3231502/medium.jpg,iNaturalist,Alabama | Arkansas | Connecticut | Delaware | Florida | Georgia | Illinois | Indiana | Iowa | Kansas | Kentucky | Louisiana | Maryland | Massachusetts | Michigan | Minnesota | Mississippi | Missouri | Nebraska | New Hampshire | New Jersey | New York | North Carolina | Ohio | Oklahoma | Pennsylvania | South Carolina | Tennessee | Virginia | West Virginia | Wisconsin,,Fern,2,9,Low,,,,FALSE,FALSE,FALSE,FALSE,FALSE,FALSE,,FALSE,FALSE,FALSE,FALSE,FALSE,FALSE,FALSE,FALSE,FALSE,FALSE,FALSE,FALSE,FALSE,FALSE,FALSE,FALSE,FALSE,FALSE,FALSE,FALSE,FALSE
PLANT-00312,Dalea candida,White Prairie Clover,White Prairie Clover,Fabaceae,https://inaturalist-open-data.s3.amazonaws.com/photos/240228970/medium.jpeg,iNaturalist,Alabama | Arizona | Arkansas | Colorado | Georgia | Illinois | Indiana | Iowa | Kansas | Kentucky | Louisiana | Minnesota | Mississippi | Missouri | Montana | Nebraska | New Hampshire | New Mexico | North Dakota | Oklahoma | South Dakota | Tennessee | Texas | Utah | Wisconsin | Wyoming,Subshrub,Herbaceous perennial,3,8,Low,,Dry,,TRUE,FALSE,FALSE,FALSE,TRUE,FALSE,White,FALSE,FALSE,FALSE,FALSE,TRUE,TRUE,TRUE,TRUE,TRUE,FALSE,FALSE,FALSE,FALSE,FALSE,FALSE,FALSE,FALSE,FALSE,FALSE,TRUE,FALSE
PLANT-00313,Dalea gattingeri,Gattinger's prairie clover,Gattinger's prairie clover,,https://static.inaturalist.org/photos/870929/medium.jpg,iNaturalist,Alabama | Arkansas | Georgia | Missouri | Tennessee,,Herbaceous perennial,6,8,Low,,,,FALSE,FALSE,FALSE,FALSE,FALSE,FALSE,,FALSE,FALSE,FALSE,FALSE,FALSE,FALSE,FALSE,FALSE,FALSE,FALSE,FALSE,FALSE,FALSE,FALSE,FALSE,FALSE,FALSE,FALSE,FALSE,FALSE,FALSE
PLANT-00314,Dalea purpurea,Purple Prairie Clover,Purple Prairie Clover,Fabaceae,https://inaturalist-open-data.s3.amazonaws.com/photos/20428895/medium.jpeg,iNaturalist,Alabama | Arizona | Colorado | Georgia | Illinois | Indiana | Iowa | Kansas | Kentucky | Louisiana | Michigan | Minnesota | Mississippi | Missouri | Montana | Nebraska | New Mexico | New York | North Dakota | Ohio | Oklahoma | South Dakota | Tennessee | Texas | Wisconsin | Wyoming,Subshrub,Herbaceous perennial,3,8,Low,,Dry,,TRUE,FALSE,FALSE,TRUE,FALSE,FALSE,Purple,FALSE,FALSE,FALSE,FALSE,FALSE,TRUE,TRUE,TRUE,TRUE,FALSE,FALSE,FALSE,FALSE,FALSE,FALSE,FALSE,FALSE,FALSE,FALSE,TRUE,FALSE
PLANT-00315,Darmera peltata,"Indian Rhubarb, Indian-rhubarb, Umbrella Plant","Indian Rhubarb, Indian-rhubarb, Umbrella Plant",Saxifragaceae,https://inaturalist-open-data.s3.amazonaws.com/photos/323382416/medium.jpeg,iNaturalist,California | Oregon | Utah,Herb,Herbaceous perennial,5,7,Low,"Wet, rocky soils.",Wet,,FALSE,TRUE,FALSE,FALSE,FALSE,FALSE,"White , Pink",FALSE,FALSE,FALSE,TRUE,TRUE,TRUE,TRUE,FALSE,FALSE,FALSE,FALSE,FALSE,FALSE,FALSE,FALSE,FALSE,FALSE,FALSE,FALSE,TRUE,FALSE
PLANT-00316,Datura inoxia,pricklyburr,pricklyburr,,https://static.inaturalist.org/photos/76593768/medium.jpeg,iNaturalist,Texas,,Herbaceous perennial,9,10,Low,,,,FALSE,FALSE,FALSE,FALSE,FALSE,FALSE,,FALSE,FALSE,FALSE,FALSE,FALSE,FALSE,FALSE,FALSE,FALSE,FALSE,FALSE,FALSE,FALSE,FALSE,FALSE,FALSE,FALSE,FALSE,FALSE,FALSE,FALSE
PLANT-00317,Decodon verticillatus,"Swamp Loosestrife, Swamp-loosestrife, Water Willow","Swamp Loosestrife, Swamp-loosestrife, Water Willow",Lythraceae,https://inaturalist-open-data.s3.amazonaws.com/photos/316881705/medium.jpeg,iNaturalist,Alabama | Arkansas | Connecticut | Delaware | Florida | Georgia | Illinois | Indiana | Iowa | Kentucky | Louisiana | Maine | Maryland | Massachusetts | Michigan | Minnesota | Mississippi | Missouri | New Hampshire | New Jersey | New York | North Carolina | Ohio | Pennsylvania | Rhode Island | South Carolina | Tennessee | Texas | Vermont | Virginia | West Virginia | Wisconsin,Herb,Herbaceous perennial,3,9,Medium,Moist soils.,"Moist , Wet",,TRUE,FALSE,FALSE,FALSE,FALSE,TRUE,"Pink , Purple",FALSE,FALSE,FALSE,FALSE,FALSE,FALSE,TRUE,TRUE,TRUE,FALSE,FALSE,FALSE,FALSE,FALSE,FALSE,FALSE,FALSE,FALSE,FALSE,TRUE,FALSE
PLANT-00318,Delphinium cardinale,Scarlet Larkspur,Scarlet Larkspur,Ranunculaceae,https://inaturalist-open-data.s3.amazonaws.com/photos/3241670/medium.jpg,iNaturalist,California,Herb,Herbaceous perennial,7,10,Low,"Dry, rocky soils.",Dry,,FALSE,TRUE,FALSE,FALSE,FALSE,FALSE,Red,FALSE,FALSE,TRUE,TRUE,TRUE,TRUE,TRUE,FALSE,FALSE,FALSE,FALSE,FALSE,FALSE,FALSE,FALSE,FALSE,FALSE,FALSE,FALSE,TRUE,FALSE
PLANT-00319,Delphinium carolinianum,"Prairie Larkspur, Carolina Larkspur, Blue Larkspur","Prairie Larkspur, Carolina Larkspur, Blue Larkspur",Ranunculaceae,https://inaturalist-open-data.s3.amazonaws.com/photos/4108711/medium.jpg,iNaturalist,Alabama | Arkansas | Florida | Georgia | Illinois | Iowa | Kansas | Kentucky | Louisiana | Mississippi | Missouri | Oklahoma | South Carolina,Herb,Herbaceous perennial,4,7,Medium,"Dry, sandy soils. Sandy, Sandy Loam, Medium Loam, Clay Loam, Clay, Acid-based, Calcareous",Dry,,FALSE,TRUE,FALSE,TRUE,FALSE,FALSE,"White , Blue , Violet",FALSE,FALSE,TRUE,TRUE,TRUE,TRUE,TRUE,FALSE,FALSE,FALSE,FALSE,FALSE,FALSE,FALSE,FALSE,FALSE,FALSE,FALSE,FALSE,TRUE,FALSE
PLANT-00320,Delphinium exaltatum,Tall Larkspur,Tall Larkspur,Ranunculaceae,https://inaturalist-open-data.s3.amazonaws.com/photos/157538096/medium.jpg,iNaturalist,Alabama | Kentucky | Maine | Maryland | Missouri | North Carolina | Ohio | Pennsylvania | Tennessee | Virginia | West Virginia,Herb,Herbaceous perennial,5,7,Medium,"Rich, calcareous soils.",,Circumneutral (pH 6.8-7.2),FALSE,TRUE,FALSE,FALSE,FALSE,FALSE,"White , Blue , Purple",FALSE,FALSE,FALSE,FALSE,FALSE,TRUE,TRUE,TRUE,TRUE,FALSE,FALSE,FALSE,FALSE,FALSE,FALSE,FALSE,FALSE,FALSE,FALSE,TRUE,FALSE
PLANT-00321,Delphinium treleasei,Trelease's larkspur,Trelease's larkspur,,https://inaturalist-open-data.s3.amazonaws.com/photos/134364093/medium.jpeg,iNaturalist,Arkansas | Missouri,,Herbaceous perennial,5,7,Low,,,,FALSE,FALSE,FALSE,FALSE,FALSE,FALSE,,FALSE,FALSE,FALSE,FALSE,FALSE,FALSE,FALSE,FALSE,FALSE,FALSE,FALSE,FALSE,FALSE,FALSE,FALSE,FALSE,FALSE,FALSE,FALSE,FALSE,FALSE
PLANT-00322,Delphinium tricorne,"Dwarf Larkspur, Spring Larkspur","Dwarf Larkspur, Spring Larkspur",Ranunculaceae,https://inaturalist-open-data.s3.amazonaws.com/photos/13316588/medium.jpg,iNaturalist,Alabama | Arkansas | Georgia | Illinois | Indiana | Iowa | Kansas | Kentucky | Maryland | Minnesota | Mississippi | Missouri | Nebraska | North Carolina | Ohio | Oklahoma | Pennsylvania | South Carolina | Tennessee | Virginia | West Virginia,Herb,Herbaceous perennial,4,7,Medium,"Rich, moist soils.",Moist,Circumneutral (pH 6.8-7.2),FALSE,TRUE,FALSE,FALSE,FALSE,FALSE,"White , Pink , Blue , Purple",FALSE,FALSE,TRUE,TRUE,TRUE,FALSE,FALSE,FALSE,FALSE,FALSE,FALSE,FALSE,FALSE,FALSE,FALSE,FALSE,FALSE,FALSE,FALSE,TRUE,FALSE
PLANT-00323,Dennstaedtia punctilobula,Eastern Hay-scented Fern,Eastern Hay-scented Fern,Dennstaedtiaceae,https://static.inaturalist.org/photos/424205704/medium.jpeg,iNaturalist,Alabama | Arkansas | Connecticut | Delaware | Georgia | Illinois | Indiana | Kentucky | Maine | Maryland | Massachusetts | Michigan | Missouri | New Hampshire | New Jersey | New York | North Carolina | Ohio | Pennsylvania | Rhode Island | South Carolina | Tennessee | Vermont | Virginia | West Virginia | Wisconsin,Herb,Fern,3,8,Medium,"Moist, well-drained, somewhat sterile soil.",Moist,Acidic (pH<6.8),FALSE,TRUE,TRUE,FALSE,FALSE,FALSE,Not Applicable,FALSE,FALSE,FALSE,FALSE,FALSE,FALSE,FALSE,FALSE,FALSE,FALSE,FALSE,FALSE,FALSE,FALSE,FALSE,FALSE,FALSE,FALSE,FALSE,TRUE,FALSE
PLANT-00324,Deschampsia cespitosa,"Tufted Hairgrass, Tufted Hair Grass","Tufted Hairgrass, Tufted Hair Grass",Poaceae,https://inaturalist-open-data.s3.amazonaws.com/photos/108225556/medium.jpeg,iNaturalist,Alaska | Arizona | California | Colorado | Connecticut | Idaho | Illinois | Indiana | Kentucky | Maine | Maryland | Michigan | Minnesota | Montana | Nevada | New Hampshire | New Jersey | New Mexico | New York | North Carolina | North Dakota | Ohio | Oregon | Pennsylvania | Rhode Island | South Dakota | Utah | Vermont | Virginia | Washington | West Virginia | Wisconsin | Wyoming,Grass/Grass-like,Ornamental grass,4,9,Low,Moist to wet (rarely on drier) soils.,Wet,Alkaline (pH>7.2),FALSE,TRUE,FALSE,TRUE,FALSE,FALSE,Yellow,FALSE,FALSE,FALSE,FALSE,FALSE,TRUE,FALSE,FALSE,FALSE,FALSE,FALSE,FALSE,FALSE,FALSE,FALSE,FALSE,FALSE,FALSE,FALSE,TRUE,FALSE
PLANT-00325,Deschampsia flexuosa,Wavy Hairgrass,Wavy Hairgrass,Poaceae,https://inaturalist-open-data.s3.amazonaws.com/photos/150447888/medium.jpeg,iNaturalist,Alabama | Arkansas | Connecticut | Delaware | Florida | Georgia | Illinois | Indiana | Kentucky | Louisiana | Maine | Maryland | Massachusetts | Michigan | Minnesota | Mississippi | Missouri | New Hampshire | New Jersey | New York | North Dakota | Ohio | Oklahoma | Pennsylvania | South Carolina | Tennessee | Texas | Vermont | Virginia | West Virginia | Wisconsin,Grass/Grass-like,Ornamental grass,4,7,Low,,,,FALSE,TRUE,FALSE,FALSE,TRUE,FALSE,"White , Purple , Brown",FALSE,FALSE,FALSE,FALSE,FALSE,TRUE,TRUE,TRUE,TRUE,FALSE,FALSE,FALSE,FALSE,FALSE,FALSE,FALSE,FALSE,FALSE,FALSE,TRUE,FALSE
PLANT-00326,Desmanthus illinoensis,"Illinois Bundleflower, Bundleflower, Prairie Bundle Flower, Prickleweed, Illinois Desmanthus, Prairie Mimosa","Illinois Bundleflower, Bundleflower, Prairie Bundle Flower, Prickleweed, Illinois Desmanthus, Prairie Mimosa",Fabaceae,https://inaturalist-open-data.s3.amazonaws.com/photos/141661970/medium.jpg,iNaturalist,Alabama | Arkansas | Colorado | Florida | Georgia | Illinois | Indiana | Iowa | Kansas | Kentucky | Louisiana | Maryland | Minnesota | Mississippi | Missouri | Nebraska | Nevada | New Jersey | New Mexico | North Carolina | North Dakota | Ohio | Oklahoma | Pennsylvania | South Carolina | South Dakota | Tennessee | Texas | Utah | Virginia,Shrub,Herbaceous perennial,5,8,Low,Various soils. Does not tolerate coarse sands or dense clays.,Moist,,TRUE,FALSE,FALSE,FALSE,TRUE,FALSE,White,FALSE,FALSE,FALSE,FALSE,TRUE,TRUE,TRUE,TRUE,TRUE,FALSE,FALSE,FALSE,FALSE,FALSE,FALSE,FALSE,FALSE,FALSE,FALSE,TRUE,FALSE
PLANT-00327,Desmodium illinoense,"Illinois Ticktrefoil, Illinois Tick-trefoil","Illinois Ticktrefoil, Illinois Tick-trefoil",Fabaceae,https://inaturalist-open-data.s3.amazonaws.com/photos/4822620/medium.jpg,iNaturalist,Illinois | Indiana | Iowa | Kansas | Michigan | Minnesota | Missouri | Nebraska | Oklahoma | South Dakota | Texas | Wisconsin,Herb,Herbaceous perennial,4,8,Low,"Rich, moist soils",Moist,,TRUE,TRUE,FALSE,FALSE,FALSE,FALSE,"White , Pink , Purple",FALSE,FALSE,FALSE,FALSE,FALSE,TRUE,TRUE,TRUE,TRUE,FALSE,FALSE,FALSE,FALSE,FALSE,FALSE,FALSE,FALSE,FALSE,FALSE,TRUE,FALSE
PLANT-00328,Diarrhena americana,American Beakgrain,American Beakgrain,Poaceae,https://inaturalist-open-data.s3.amazonaws.com/photos/1311866/medium.jpg,iNaturalist,Alabama | Arkansas | Georgia | Indiana | Kentucky | Maryland | Missouri | North Carolina | Ohio | Oklahoma | Pennsylvania | Tennessee | Virginia | West Virginia,Grass/Grass-like,Ornamental grass,4,8,Low,,,,FALSE,FALSE,FALSE,FALSE,FALSE,FALSE,"Green , Brown",FALSE,FALSE,FALSE,FALSE,FALSE,TRUE,TRUE,FALSE,FALSE,FALSE,FALSE,FALSE,FALSE,FALSE,FALSE,FALSE,FALSE,FALSE,FALSE,TRUE,FALSE
PLANT-00329,Diarrhena obovata,"Hairy Beakgrain, Obovate Beakgrain","Hairy Beakgrain, Obovate Beakgrain",Poaceae,https://inaturalist-open-data.s3.amazonaws.com/photos/1311866/medium.jpg,iNaturalist,Arkansas | Illinois | Indiana | Iowa | Kansas | Kentucky | Maryland | Michigan | Minnesota | Missouri | Nebraska | New York | Ohio | Oklahoma | Pennsylvania | South Dakota | Tennessee | Texas | Virginia | West Virginia | Wisconsin,Grass/Grass-like,Ornamental grass,4,8,Low,,,,FALSE,FALSE,FALSE,FALSE,FALSE,FALSE,"Green , Brown",FALSE,FALSE,FALSE,FALSE,FALSE,FALSE,TRUE,TRUE,TRUE,FALSE,FALSE,FALSE,FALSE,FALSE,FALSE,FALSE,FALSE,FALSE,FALSE,TRUE,FALSE
PLANT-00330,Dicentra cucullaria,Dutchman's Breeches,Dutchman's Breeches,Fumariaceae,https://inaturalist-open-data.s3.amazonaws.com/photos/16316623/medium.jpeg,iNaturalist,Alabama | Arkansas | Connecticut | Delaware | Georgia | Idaho | Illinois | Indiana | Iowa | Kansas | Kentucky | Maine | Maryland | Massachusetts | Michigan | Minnesota | Mississippi | Missouri | Nebraska | New Hampshire | New Jersey | New York | North Carolina | North Dakota | Ohio | Oklahoma | Oregon | Pennsylvania | Rhode Island | South Carolina | South Dakota | Tennessee | Vermont | Virginia | Washington | West Virginia | Wisconsin,Herb,Herbaceous perennial,3,7,Medium,"Humus-rich, acid to neutral soils. Tolerates limestone",Moist,Circumneutral (pH 6.8-7.2),TRUE,TRUE,TRUE,FALSE,FALSE,FALSE,"White , Yellow",FALSE,FALSE,TRUE,TRUE,TRUE,FALSE,FALSE,FALSE,FALSE,FALSE,FALSE,FALSE,FALSE,FALSE,FALSE,FALSE,FALSE,FALSE,FALSE,TRUE,FALSE
PLANT-00331,Dicentra eximia,"Turkey Corn, Fringed Bleedinghearts, Wild Bleedingheart","Turkey Corn, Fringed Bleedinghearts, Wild Bleedingheart",Fumariaceae,https://inaturalist-open-data.s3.amazonaws.com/photos/110884260/medium.jpeg,iNaturalist,Georgia | Maryland | Massachusetts | Michigan | New Jersey | New York | North Carolina | Ohio | Pennsylvania | South Carolina | Tennessee | Virginia | West Virginia,Herb,Herbaceous perennial,3,9,Low,"Moist, humus-rich, acid, rocky soils.",Moist,Acidic (pH<6.8),FALSE,TRUE,TRUE,FALSE,TRUE,FALSE,"White , Pink , Purple",FALSE,FALSE,TRUE,TRUE,TRUE,TRUE,TRUE,TRUE,TRUE,TRUE,FALSE,FALSE,FALSE,FALSE,FALSE,FALSE,FALSE,FALSE,FALSE,TRUE,FALSE
PLANT-00332,Diervilla lonicera,"Northern Bush Honeysuckle, Northern Bush-honeysuckle, Diervilla","Northern Bush Honeysuckle, Northern Bush-honeysuckle, Diervilla",Caprifoliaceae,https://inaturalist-open-data.s3.amazonaws.com/photos/21142762/medium.jpeg,iNaturalist,Alabama | Connecticut | Delaware | Georgia | Illinois | Indiana | Iowa | Maine | Maryland | Massachusetts | Michigan | Minnesota | New Hampshire | New Jersey | New York | North Carolina | North Dakota | Ohio | Pennsylvania | Rhode Island | Tennessee | Vermont | Virginia | West Virginia | Wisconsin,Shrub,Deciduous shrub,3,7,Low,"Dry, rocky, slightly acid soils.",Dry,Acidic (pH<6.8),FALSE,TRUE,TRUE,TRUE,FALSE,FALSE,"Red , Orange , Yellow , Purple",FALSE,FALSE,FALSE,FALSE,TRUE,TRUE,TRUE,TRUE,FALSE,FALSE,FALSE,FALSE,FALSE,FALSE,FALSE,FALSE,FALSE,FALSE,FALSE,TRUE,FALSE
PLANT-00333,Diervilla rivularis,"Mountain Bush-honeysuckle, Hairy Bush-honeysuckle, Georgia Bush-honeysuckle, Riverbank Bush-honeysuckle","Mountain Bush-honeysuckle, Hairy Bush-honeysuckle, Georgia Bush-honeysuckle, Riverbank Bush-honeysuckle",Caprifoliaceae,https://static.inaturalist.org/photos/395713914/medium.jpeg,iNaturalist,Alabama | Georgia | North Carolina | Tennessee,Shrub,Deciduous shrub,5,7,Low,,Moist,,FALSE,TRUE,TRUE,FALSE,TRUE,FALSE,Yellow,FALSE,FALSE,FALSE,FALSE,FALSE,TRUE,TRUE,TRUE,FALSE,FALSE,FALSE,FALSE,FALSE,FALSE,FALSE,FALSE,FALSE,FALSE,FALSE,TRUE,FALSE
PLANT-00334,Dionaea muscipula,"Venus Flytrap, Meadow Clam, Tippitywichit","Venus Flytrap, Meadow Clam, Tippitywichit",Droseraceae,https://inaturalist-open-data.s3.amazonaws.com/photos/108567955/medium.jpg,iNaturalist,North Carolina | South Carolina,Herb,Herbaceous perennial,5,8,High,,,,FALSE,FALSE,FALSE,FALSE,FALSE,FALSE,White,FALSE,FALSE,FALSE,FALSE,TRUE,TRUE,FALSE,FALSE,FALSE,FALSE,FALSE,FALSE,FALSE,FALSE,FALSE,FALSE,FALSE,FALSE,FALSE,TRUE,FALSE
PLANT-00335,Diospyros virginiana,"Common Persimmon, Eastern Persimmon, Possumwood, Date Plum, Winter Plum, Jove's Fruit","Common Persimmon, Eastern Persimmon, Possumwood, Date Plum, Winter Plum, Jove's Fruit",Ebenaceae,https://static.inaturalist.org/photos/92868365/medium.jpeg,iNaturalist,Alabama | Arkansas | Connecticut | Florida | Georgia | Illinois | Indiana | Iowa | Kentucky | Louisiana | Mississippi | Missouri | New York | North Carolina | Ohio | Pennsylvania | South Carolina | Tennessee | Texas | Virginia | West Virginia,Tree,Tree,4,9,Low,"Varibable, growing best in moist, rich soil. Sandy, Sandy Loam, Medium Loam, Clay Loam, Clay, Acid-based, Calcareous.",Dry,,FALSE,TRUE,FALSE,FALSE,TRUE,FALSE,"Yellow , Green",FALSE,FALSE,TRUE,TRUE,TRUE,TRUE,FALSE,FALSE,FALSE,FALSE,FALSE,FALSE,FALSE,FALSE,FALSE,FALSE,FALSE,FALSE,FALSE,TRUE,FALSE
PLANT-00336,Diplazium pycnocarpon,Glade Fern,Glade Fern,Dryopteridaceae,https://static.inaturalist.org/photos/396340585/medium.jpg,iNaturalist,Alabama | Arkansas | Connecticut | Delaware | Florida | Georgia | Illinois | Indiana | Iowa | Kansas | Kentucky | Louisiana | Maryland | Michigan | Minnesota | Mississippi | Missouri | New Hampshire | New Jersey | New York | North Carolina | Ohio | Pennsylvania | South Carolina | Tennessee | Vermont | Virginia | West Virginia | Wisconsin,Herb,Fern,3,8,Low,,,Alkaline (pH>7.2),FALSE,FALSE,FALSE,FALSE,FALSE,FALSE,Not Applicable,FALSE,FALSE,FALSE,FALSE,FALSE,FALSE,FALSE,FALSE,FALSE,FALSE,FALSE,FALSE,FALSE,FALSE,FALSE,FALSE,FALSE,FALSE,FALSE,TRUE,FALSE
PLANT-00337,Dirca palustris,"Eastern Leatherwood, Western Leatherwood, Ropebark, Wicopy","Eastern Leatherwood, Western Leatherwood, Ropebark, Wicopy",Thymelaeaceae,https://inaturalist-open-data.s3.amazonaws.com/photos/1871216/medium.jpg,iNaturalist,Alabama | Arkansas | Connecticut | Delaware | Florida | Georgia | Illinois | Indiana | Iowa | Kansas | Kentucky | Louisiana | Maine | Maryland | Massachusetts | Michigan | Minnesota | Mississippi | Missouri | New Hampshire | New Jersey | New York | North Carolina | North Dakota | Ohio | Oklahoma | Pennsylvania | South Carolina | Tennessee | Vermont | Virginia | West Virginia | Wisconsin,Shrub,Deciduous shrub,3,9,Low,"Moist, well-drained, organic soils.","Dry , Moist",Circumneutral (pH 6.8-7.2),FALSE,TRUE,TRUE,FALSE,FALSE,FALSE,Yellow,FALSE,FALSE,TRUE,TRUE,TRUE,TRUE,FALSE,FALSE,FALSE,FALSE,FALSE,FALSE,FALSE,FALSE,FALSE,FALSE,FALSE,FALSE,FALSE,TRUE,FALSE
PLANT-00338,Dodecatheon meadia,"Eastern Shooting Star, Shooting Star, Pride Of Ohio, Roosterheads, Prairie Pointers","Eastern Shooting Star, Shooting Star, Pride Of Ohio, Roosterheads, Prairie Pointers",Primulaceae,https://inaturalist-open-data.s3.amazonaws.com/photos/9627914/medium.jpg,iNaturalist,Alabama | Arkansas | Florida | Georgia | Illinois | Indiana | Iowa | Kansas | Kentucky | Louisiana | Maryland | Michigan | Minnesota | Mississippi | Missouri | New York | North Carolina | Ohio | Oklahoma | Pennsylvania | South Carolina | Tennessee | Texas | Virginia | West Virginia | Wisconsin,Herb,Herbaceous perennial,4,8,Medium,"Mesic to dry, rocky or sandy soils.",Moist,Acidic (pH<6.8),FALSE,TRUE,FALSE,FALSE,TRUE,FALSE,"White , Pink , Purple",FALSE,FALSE,TRUE,TRUE,TRUE,TRUE,FALSE,FALSE,FALSE,FALSE,FALSE,FALSE,FALSE,FALSE,FALSE,FALSE,FALSE,FALSE,FALSE,TRUE,FALSE
PLANT-00339,Dracopis amplexicaulis,"Clasping Coneflower, Clasping-leaf Coneflower","Clasping Coneflower, Clasping-leaf Coneflower",Asteraceae,https://inaturalist-open-data.s3.amazonaws.com/photos/422483/medium.jpg,iNaturalist,Alabama | Arkansas | Florida | Georgia | Illinois | Kansas | Louisiana | Mississippi | Missouri | New Mexico | North Dakota | Oklahoma | South Carolina | Texas,Herb,Annual,2,11,Low,"Various soils. Sandy, Sandy Loam, Medium Loam, Clay Loam, Clay, Acid-based, Calcareous",Moist,,FALSE,TRUE,FALSE,FALSE,FALSE,TRUE,Yellow,FALSE,FALSE,FALSE,TRUE,TRUE,TRUE,TRUE,FALSE,FALSE,FALSE,FALSE,FALSE,FALSE,FALSE,FALSE,FALSE,FALSE,FALSE,FALSE,TRUE,FALSE
PLANT-00340,Drosera filiformis var. filiformis,thread-leaf sundew,thread-leaf sundew,,,,Florida | Maryland | Massachusetts | New Jersey | New York | North Carolina | Pennsylvania | West Virginia,,Herbaceous perennial,7,8,Low,,,,FALSE,FALSE,FALSE,FALSE,FALSE,FALSE,,FALSE,FALSE,FALSE,FALSE,FALSE,FALSE,FALSE,FALSE,FALSE,FALSE,FALSE,FALSE,FALSE,FALSE,FALSE,FALSE,FALSE,FALSE,FALSE,FALSE,FALSE
PLANT-00341,Dryopteris australis,woodfern,woodfern,,,,Alabama | Arkansas | Georgia | Louisiana | Maryland | Mississippi | North Carolina | South Carolina | Tennessee | Virginia,,Fern,5,9,Low,,,,FALSE,FALSE,FALSE,FALSE,FALSE,FALSE,,FALSE,FALSE,FALSE,FALSE,FALSE,FALSE,FALSE,FALSE,FALSE,FALSE,FALSE,FALSE,FALSE,FALSE,FALSE,FALSE,FALSE,FALSE,FALSE,FALSE,FALSE
PLANT-00342,Dryopteris carthusiana,"Spinulose Woodfern, Spinulose Wood Fern, Shield Fern, Toothed Wood Fern","Spinulose Woodfern, Spinulose Wood Fern, Shield Fern, Toothed Wood Fern",Dryopteridaceae,https://inaturalist-open-data.s3.amazonaws.com/photos/115922163/medium.jpeg,iNaturalist,Alabama | Arkansas | Connecticut | Delaware | Georgia | Idaho | Illinois | Indiana | Iowa | Kentucky | Maine | Maryland | Massachusetts | Michigan | Minnesota | Missouri | Montana | Nebraska | New Hampshire | New Jersey | New York | North Carolina | North Dakota | Ohio | Oregon | Pennsylvania | Rhode Island | South Carolina | South Dakota | Tennessee | Vermont | Virginia | Washington | West Virginia | Wisconsin | Wyoming,Herb,Fern,3,8,Low,"Acidic, humus-rich, moist, well-drained soil.",Moist,Acidic (pH<6.8),FALSE,TRUE,TRUE,FALSE,FALSE,FALSE,Not Applicable,FALSE,FALSE,FALSE,FALSE,FALSE,FALSE,FALSE,FALSE,FALSE,FALSE,FALSE,FALSE,FALSE,FALSE,FALSE,FALSE,FALSE,FALSE,FALSE,TRUE,FALSE
PLANT-00343,Dryopteris celsa,Log Fern,Log Fern,Dryopteridaceae,https://inaturalist-open-data.s3.amazonaws.com/photos/55959418/medium.jpg,iNaturalist,Alabama | Arkansas | Delaware | Georgia | Illinois | Indiana | Kentucky | Louisiana | Maryland | Michigan | Missouri | New Jersey | New York | North Carolina | Pennsylvania | South Carolina | Tennessee | Virginia | West Virginia,Fern,Fern,5,9,Low,,,,FALSE,FALSE,FALSE,FALSE,FALSE,FALSE,Not Applicable,FALSE,FALSE,FALSE,FALSE,FALSE,FALSE,FALSE,FALSE,FALSE,FALSE,FALSE,FALSE,FALSE,FALSE,FALSE,FALSE,FALSE,FALSE,FALSE,TRUE,FALSE
PLANT-00344,Dryopteris clintoniana,Clinton's Woodfern,Clinton's Woodfern,Dryopteridaceae,https://inaturalist-open-data.s3.amazonaws.com/photos/45692959/medium.jpeg,iNaturalist,Connecticut | Delaware | Illinois | Indiana | Maine | Massachusetts | Michigan | New Hampshire | New Jersey | New York | Ohio | Pennsylvania | Rhode Island | Vermont | Wisconsin,Herb,Fern,3,8,Low,"Organic, Humus Enriched",Moist,Acidic (pH<6.8),FALSE,FALSE,FALSE,FALSE,FALSE,FALSE,Not Applicable,FALSE,FALSE,FALSE,FALSE,FALSE,FALSE,FALSE,FALSE,FALSE,FALSE,FALSE,FALSE,FALSE,FALSE,FALSE,FALSE,FALSE,FALSE,FALSE,TRUE,FALSE
PLANT-00345,Dryopteris filix-mas,Male Fern,Male Fern,Dryopteridaceae,https://inaturalist-open-data.s3.amazonaws.com/photos/114518292/medium.jpg,iNaturalist,Arizona | California | Colorado | Idaho | Illinois | Maine | Michigan | Montana | Nevada | New Hampshire | New Mexico | New York | Ohio | Oklahoma | Oregon | Rhode Island | South Dakota | Texas | Utah | Vermont | Washington | Wisconsin | Wyoming,Herb,Fern,4,8,Low,"Moist, rocky soils.",Moist,,FALSE,TRUE,FALSE,FALSE,FALSE,FALSE,Not Applicable,FALSE,FALSE,FALSE,FALSE,FALSE,FALSE,FALSE,FALSE,FALSE,FALSE,FALSE,FALSE,FALSE,FALSE,FALSE,FALSE,FALSE,FALSE,FALSE,TRUE,FALSE
PLANT-00346,Dryopteris goldiana,goldie's shield fern,goldie's shield fern,,https://static.inaturalist.org/photos/133253331/medium.jpg,iNaturalist,Alabama | Arkansas | Connecticut | Delaware | Georgia | Illinois | Indiana | Iowa | Kentucky | Maine | Maryland | Michigan | Minnesota | Missouri | New Hampshire | New Jersey | New York | North Carolina | Ohio | Pennsylvania | Rhode Island | South Carolina | Tennessee | Vermont | Virginia | West Virginia | Wisconsin,,Fern,3,7,Low,,,,FALSE,FALSE,FALSE,FALSE,FALSE,FALSE,,FALSE,FALSE,FALSE,FALSE,FALSE,FALSE,FALSE,FALSE,FALSE,FALSE,FALSE,FALSE,FALSE,FALSE,FALSE,FALSE,FALSE,FALSE,FALSE,FALSE,FALSE
PLANT-00347,Dryopteris intermedia,"Intermediate Woodfern, Evergreen Wood-fern, Fancy Wood Fern","Intermediate Woodfern, Evergreen Wood-fern, Fancy Wood Fern",Dryopteridaceae,https://inaturalist-open-data.s3.amazonaws.com/photos/351763345/medium.jpeg,iNaturalist,Alabama | Connecticut | Delaware | Georgia | Illinois | Indiana | Iowa | Kentucky | Maine | Maryland | Massachusetts | Michigan | Minnesota | Missouri | New Hampshire | New Jersey | New York | North Carolina | Ohio | Pennsylvania | Rhode Island | South Carolina | Tennessee | Vermont | Virginia | West Virginia | Wisconsin,Herb,Fern,5,8,Low,"Organic, Humus Enriched",Moist,,FALSE,FALSE,TRUE,FALSE,FALSE,FALSE,Not Applicable,FALSE,FALSE,FALSE,FALSE,FALSE,FALSE,FALSE,FALSE,FALSE,FALSE,FALSE,FALSE,FALSE,FALSE,FALSE,FALSE,FALSE,FALSE,FALSE,TRUE,FALSE
PLANT-00348,Dryopteris marginalis,"Marginal Woodfern, Marginal Fern, Marginal Shieldfern","Marginal Woodfern, Marginal Fern, Marginal Shieldfern",Dryopteridaceae,https://inaturalist-open-data.s3.amazonaws.com/photos/177337555/medium.jpg,iNaturalist,Alabama | Arkansas | Connecticut | Delaware | Georgia | Illinois | Indiana | Iowa | Kansas | Kentucky | Maine | Maryland | Massachusetts | Michigan | Minnesota | Mississippi | Missouri | New Hampshire | New Jersey | New York | North Carolina | Ohio | Oklahoma | Pennsylvania | Rhode Island | South Carolina | Tennessee | Vermont | Virginia | West Virginia | Wisconsin,Fern,Fern,3,8,Low,"Moist, rocky, acidic, humus-rich soil. Tolerates lime.",Moist,Acidic (pH<6.8),FALSE,TRUE,TRUE,FALSE,TRUE,TRUE,Not Applicable,FALSE,FALSE,FALSE,FALSE,FALSE,FALSE,FALSE,FALSE,FALSE,FALSE,FALSE,FALSE,FALSE,FALSE,FALSE,FALSE,FALSE,FALSE,FALSE,TRUE,FALSE
PLANT-00349,Dryopteris wallichiana,wood fern,wood fern,,https://inaturalist-open-data.s3.amazonaws.com/photos/402830/medium.jpg,iNaturalist,Hawaii,,Fern,6,9,Low,,,,FALSE,FALSE,FALSE,FALSE,FALSE,FALSE,,FALSE,FALSE,FALSE,FALSE,FALSE,FALSE,FALSE,FALSE,FALSE,FALSE,FALSE,FALSE,FALSE,FALSE,FALSE,FALSE,FALSE,FALSE,FALSE,FALSE,FALSE
PLANT-00350,Duranta erecta,golden dewdrops,golden dewdrops,,https://inaturalist-open-data.s3.amazonaws.com/photos/16323821/medium.jpeg,iNaturalist,Arizona | California | Florida | Louisiana | Texas,,Broadleaf evergreen,10,11,Medium,,,,FALSE,FALSE,FALSE,FALSE,FALSE,FALSE,,FALSE,FALSE,FALSE,FALSE,FALSE,FALSE,FALSE,FALSE,FALSE,FALSE,FALSE,FALSE,FALSE,FALSE,FALSE,FALSE,FALSE,FALSE,FALSE,FALSE,FALSE
PLANT-00351,Echinacea angustifolia,"Black Samson, Black Samson Echinacea, Narrow-leaf Coneflower","Black Samson, Black Samson Echinacea, Narrow-leaf Coneflower",Asteraceae,https://inaturalist-open-data.s3.amazonaws.com/photos/74004686/medium.jpg,iNaturalist,Colorado | Iowa | Kansas | Louisiana | Minnesota | Missouri | Montana | Nebraska | New Mexico | North Dakota | Oklahoma | South Dakota | Texas | Wyoming,Herb,Herbaceous perennial,3,8,Low,"Clay Loam, Medium Loam, Sandy Loam, Clay, Sandy.",Dry,Circumneutral (pH 6.8-7.2),TRUE,TRUE,FALSE,TRUE,FALSE,FALSE,"Pink , Purple",FALSE,FALSE,FALSE,FALSE,TRUE,TRUE,TRUE,FALSE,FALSE,FALSE,FALSE,FALSE,FALSE,FALSE,FALSE,FALSE,FALSE,FALSE,FALSE,TRUE,FALSE
PLANT-00352,Echinacea pallida,"Pale Purple Coneflower, Pale Coneflower","Pale Purple Coneflower, Pale Coneflower",Asteraceae,https://inaturalist-open-data.s3.amazonaws.com/photos/27278434/medium.jpeg,iNaturalist,Alabama | Arkansas | Connecticut | Georgia | Illinois | Indiana | Iowa | Kansas | Louisiana | Maine | Maryland | Massachusetts | Michigan | Missouri | Nebraska | New York | North Carolina | Oklahoma | South Carolina | Tennessee | Texas | Virginia | Wisconsin,Herb,Herbaceous perennial,3,10,Low,"Moist to dry, acid or lime soils, preferably rich","Dry , Moist","Alkaline (pH>7.2) , Acidic (pH<6.8) , Circumneutral (pH 6.8-7.2)",TRUE,FALSE,FALSE,FALSE,TRUE,FALSE,"Pink , Purple",FALSE,FALSE,FALSE,FALSE,TRUE,TRUE,TRUE,FALSE,FALSE,FALSE,FALSE,FALSE,FALSE,FALSE,FALSE,FALSE,FALSE,FALSE,FALSE,TRUE,FALSE
PLANT-00353,Echinacea paradoxa,"Yellow Coneflower, Yellow Echinacea","Yellow Coneflower, Yellow Echinacea",Asteraceae,https://inaturalist-open-data.s3.amazonaws.com/photos/411545534/medium.jpeg,iNaturalist,Arkansas | Missouri | Oklahoma | Texas,Herb,Herbaceous perennial,5,8,Low,"Average, slightly basic soils.",,,FALSE,TRUE,FALSE,FALSE,FALSE,FALSE,"White , Pink , Yellow",FALSE,FALSE,FALSE,FALSE,TRUE,TRUE,FALSE,FALSE,FALSE,FALSE,FALSE,FALSE,FALSE,FALSE,FALSE,FALSE,FALSE,FALSE,FALSE,TRUE,FALSE
PLANT-00354,Echinacea purpurea,"Eastern Purple Coneflower, Purple Coneflower","Eastern Purple Coneflower, Purple Coneflower",Asteraceae,https://inaturalist-open-data.s3.amazonaws.com/photos/433818/medium.jpg,iNaturalist,Alabama | Arkansas | Colorado | Connecticut | Delaware | Florida | Georgia | Illinois | Indiana | Iowa | Kansas | Kentucky | Louisiana | Maryland | Michigan | Mississippi | Missouri | New Jersey | New York | North Carolina | Ohio | Oklahoma | Pennsylvania | South Carolina | Tennessee | Texas | Virginia | West Virginia | Wisconsin,Herb,Herbaceous perennial,3,8,Low,"Well-drained, sandy or richer soils.",Dry,,TRUE,TRUE,FALSE,FALSE,TRUE,FALSE,"Pink , Purple",FALSE,FALSE,FALSE,TRUE,TRUE,TRUE,TRUE,TRUE,TRUE,FALSE,FALSE,FALSE,FALSE,FALSE,FALSE,FALSE,FALSE,FALSE,FALSE,TRUE,FALSE
PLANT-00355,Echinacea simulata,Wavyleaf Purple Coneflower,Wavyleaf Purple Coneflower,Asteraceae,https://inaturalist-open-data.s3.amazonaws.com/photos/40067923/medium.jpg,iNaturalist,Alabama | Arkansas | Georgia | Illinois | Indiana | Kentucky | Missouri | North Carolina | Tennessee | Virginia,Herb,Herbaceous perennial,5,8,Low,,,,FALSE,FALSE,FALSE,FALSE,FALSE,FALSE,"Pink , Purple",FALSE,FALSE,FALSE,FALSE,TRUE,TRUE,TRUE,TRUE,FALSE,FALSE,FALSE,FALSE,FALSE,FALSE,FALSE,FALSE,FALSE,FALSE,FALSE,TRUE,FALSE
PLANT-00356,Echinacea tennesseensis,Tennessee Purple Coneflower,Tennessee Purple Coneflower,Asteraceae,https://static.inaturalist.org/photos/61026767/medium.jpeg,iNaturalist,Tennessee,Herb,Herbaceous perennial,5,6,Low,,,,TRUE,TRUE,FALSE,FALSE,TRUE,FALSE,"Pink , Purple",FALSE,FALSE,FALSE,FALSE,FALSE,TRUE,TRUE,TRUE,FALSE,FALSE,FALSE,FALSE,FALSE,FALSE,FALSE,FALSE,FALSE,FALSE,FALSE,TRUE,FALSE
PLANT-00357,Eichhornia crassipes,common water hyacinth,common water hyacinth,,https://inaturalist-open-data.s3.amazonaws.com/photos/28107964/medium.jpeg,iNaturalist,Hawaii,,Herbaceous perennial,9,11,High,,,,FALSE,FALSE,FALSE,FALSE,FALSE,FALSE,,FALSE,FALSE,FALSE,FALSE,FALSE,FALSE,FALSE,FALSE,FALSE,FALSE,FALSE,FALSE,FALSE,FALSE,FALSE,FALSE,FALSE,FALSE,FALSE,FALSE,FALSE
PLANT-00358,Eleocharis palustris,"Common Spikerush, Common Spike-rush, Creeping Spikesedge","Common Spikerush, Common Spike-rush, Creeping Spikesedge",Cyperaceae,https://inaturalist-open-data.s3.amazonaws.com/photos/137519294/medium.jpeg,iNaturalist,Alabama | Alaska | Arizona | Arkansas | California | Colorado | Connecticut | Delaware | Idaho | Illinois | Indiana | Iowa | Missouri,Grass/Grass-like,Rush or Sedge,3,8,Low,"Moist to wet, often alkaline, soils.",Wet,,FALSE,TRUE,FALSE,FALSE,FALSE,TRUE,"Green , Brown",FALSE,FALSE,FALSE,FALSE,FALSE,TRUE,TRUE,TRUE,FALSE,FALSE,FALSE,FALSE,FALSE,FALSE,FALSE,FALSE,FALSE,FALSE,FALSE,TRUE,FALSE
PLANT-00359,Elephantopus carolinianus,Carolina Elephantsfoot,Carolina Elephantsfoot,Asteraceae,https://inaturalist-open-data.s3.amazonaws.com/photos/354378475/medium.jpeg,iNaturalist,Alabama | Arkansas | Delaware | Florida | Georgia | Illinois | Indiana | Kansas | Kentucky | Louisiana | Maryland | Mississippi | Missouri | New Jersey | North Carolina | Ohio | Oklahoma | Pennsylvania | South Carolina | Tennessee | Texas | Virginia | West Virginia,Herb,Herbaceous perennial,4,9,Low,,,,FALSE,FALSE,FALSE,FALSE,FALSE,FALSE,"White , Pink , Purple",FALSE,FALSE,FALSE,FALSE,FALSE,FALSE,FALSE,TRUE,TRUE,TRUE,FALSE,FALSE,FALSE,FALSE,FALSE,FALSE,FALSE,FALSE,FALSE,TRUE,FALSE
PLANT-00360,Elodea canadensis,Canadian Waterweed,Canadian Waterweed,Hydrocharitaceae,https://inaturalist-open-data.s3.amazonaws.com/photos/144898011/medium.jpg,iNaturalist,Alabama | Arkansas | California | Colorado | Connecticut | Delaware | Florida | Idaho | Illinois | Indiana | Iowa | Kansas | Kentucky | Maine | Maryland | Massachusetts | Michigan | Minnesota | Missouri | Montana | Nebraska | Nevada | New Hampshire | New Jersey | New Mexico | New York | North Carolina | North Dakota | Ohio | Oregon | Pennsylvania | Rhode Island | South Dakota | Tennessee | Utah | Vermont | Virginia | Washington | West Virginia | Wisconsin | Wyoming,Herb,Herbaceous perennial,4,10,Medium,,,,TRUE,FALSE,FALSE,FALSE,FALSE,TRUE,White,FALSE,FALSE,FALSE,FALSE,FALSE,TRUE,TRUE,TRUE,FALSE,FALSE,FALSE,FALSE,FALSE,FALSE,FALSE,FALSE,FALSE,FALSE,FALSE,TRUE,FALSE
PLANT-00361,Elymus canadensis,"Canada Wild Rye, Canadian Wildrye, Prairie Wildrye, Nodding Wildrye","Canada Wild Rye, Canadian Wildrye, Prairie Wildrye, Nodding Wildrye",Poaceae,https://inaturalist-open-data.s3.amazonaws.com/photos/218287456/medium.jpeg,iNaturalist,Alabama | Alaska | Arizona | Arkansas | California | Colorado | Connecticut | Delaware | Georgia | Idaho | Illinois | Indiana | Iowa | Kansas | Kentucky | Maine | Maryland | Massachusetts | Michigan | Minnesota | Missouri | Montana | Nebraska | Nevada | New Hampshire | New Jersey | New Mexico | New York | North Carolina | North Dakota | Ohio | Oklahoma | Oregon | Pennsylvania | Rhode Island | South Carolina | South Dakota | Tennessee | Texas | Utah | Vermont | Virginia | Washington | West Virginia | Wisconsin | Wyoming,Grass/Grass-like,Ornamental grass,3,8,Low,"Moist, well-drained, porous, acid or calcareous sand, loam, clay, or limestone",Moist,,TRUE,TRUE,FALSE,FALSE,TRUE,FALSE,"Yellow , Green , Brown",FALSE,FALSE,TRUE,TRUE,TRUE,TRUE,FALSE,FALSE,FALSE,FALSE,FALSE,FALSE,FALSE,FALSE,FALSE,FALSE,FALSE,FALSE,FALSE,TRUE,FALSE
PLANT-00362,Elymus hystrix,"Eastern Bottlebrush Grass, Bottlebrush Grass","Eastern Bottlebrush Grass, Bottlebrush Grass",Poaceae,https://inaturalist-open-data.s3.amazonaws.com/photos/324024420/medium.jpg,iNaturalist,Alabama | Connecticut | Illinois | Indiana | Iowa | Kansas | Kentucky | Maine | Maryland | Massachusetts | Michigan | Minnesota | Missouri | Nebraska | New Hampshire | New Jersey | New York | North Carolina | North Dakota | Ohio | Pennsylvania | Rhode Island | South Dakota | Tennessee | Vermont | West Virginia | Wisconsin,Grass/Grass-like,Ornamental grass,5,9,Low,Loam,"Dry , Moist",,TRUE,TRUE,FALSE,FALSE,FALSE,FALSE,Green,FALSE,FALSE,FALSE,FALSE,FALSE,TRUE,TRUE,TRUE,FALSE,FALSE,FALSE,FALSE,FALSE,FALSE,FALSE,FALSE,FALSE,FALSE,FALSE,TRUE,FALSE
PLANT-00363,Elymus virginicus,"Virginia Wild Rye, Virginia Wildrye","Virginia Wild Rye, Virginia Wildrye",Poaceae,https://inaturalist-open-data.s3.amazonaws.com/photos/5656445/medium.jpg,iNaturalist,Alabama | Arizona | Arkansas | Connecticut | Delaware | Florida | Georgia | Illinois | Indiana | Iowa | Kansas | Kentucky | Louisiana | Maine | Maryland | Massachusetts | Michigan | Minnesota | Mississippi | Missouri | Nebraska | New Hampshire | New Jersey | New Mexico | New York | North Carolina | North Dakota | Ohio | Oklahoma | Pennsylvania | Rhode Island | South Carolina | South Dakota | Tennessee | Texas | Vermont | Virginia | West Virginia | Wisconsin | Wyoming,Grass/Grass-like,Ornamental grass,3,8,Low,"Organic, Clay, Loam, Sandy",Moist,,FALSE,TRUE,FALSE,FALSE,TRUE,FALSE,Yellow,FALSE,FALSE,TRUE,TRUE,TRUE,FALSE,FALSE,FALSE,FALSE,FALSE,FALSE,FALSE,FALSE,FALSE,FALSE,FALSE,FALSE,FALSE,FALSE,TRUE,FALSE
PLANT-00364,Enemion biternatum,"Eastern False Rue Anemone, Isopyrum","Eastern False Rue Anemone, Isopyrum",Ranunculaceae,https://static.inaturalist.org/photos/173109251/medium.jpg,iNaturalist,Alabama | Arkansas | Florida | Illinois | Indiana | Iowa | Kansas | Kentucky | Michigan | Minnesota | Mississippi | Missouri | New York | North Carolina | Ohio | Oklahoma | South Carolina | South Dakota | Tennessee | Texas | Virginia | West Virginia | Wisconsin,Herb,Herbaceous perennial,3,8,Low,"Rich, moist to mesic, acid soils. Tolerates lime.","Moist , Wet",Acidic (pH<6.8),FALSE,TRUE,TRUE,FALSE,TRUE,FALSE,"White , Pink",TRUE,TRUE,TRUE,TRUE,TRUE,FALSE,FALSE,FALSE,FALSE,FALSE,FALSE,FALSE,FALSE,FALSE,FALSE,FALSE,FALSE,FALSE,FALSE,TRUE,FALSE
PLANT-00365,Epimedium pubigerum,bishop's hat,bishop's hat,,https://inaturalist-open-data.s3.amazonaws.com/photos/500874997/medium.jpeg,iNaturalist,Georgia,,Herbaceous perennial,5,9,Low,,,,FALSE,FALSE,FALSE,FALSE,FALSE,FALSE,,FALSE,FALSE,FALSE,FALSE,FALSE,FALSE,FALSE,FALSE,FALSE,FALSE,FALSE,FALSE,FALSE,FALSE,FALSE,FALSE,FALSE,FALSE,FALSE,FALSE,FALSE
PLANT-00366,Equisetum hyemale,"Scouring-rush Horsetail, Horsetail, Scouring Rush, Canuela","Scouring-rush Horsetail, Horsetail, Scouring Rush, Canuela",Equisetaceae,https://inaturalist-open-data.s3.amazonaws.com/photos/64511605/medium.jpeg,iNaturalist,Missouri,Herb,Rush or Sedge,4,9,Medium,"Occurs in wet places, including pond margins, swamps, floodplains and ditches.","Moist , Wet",,TRUE,TRUE,TRUE,FALSE,TRUE,FALSE,Not Applicable,FALSE,FALSE,FALSE,FALSE,FALSE,FALSE,FALSE,FALSE,FALSE,FALSE,FALSE,FALSE,FALSE,FALSE,FALSE,FALSE,FALSE,FALSE,FALSE,TRUE,FALSE
PLANT-00367,Eragrostis spectabilis,"Purple Lovegrass, Purple Love Grass, Purple Plains Lovegrass, Tumblegrass, Petticoat Climber","Purple Lovegrass, Purple Love Grass, Purple Plains Lovegrass, Tumblegrass, Petticoat Climber",Poaceae,https://inaturalist-open-data.s3.amazonaws.com/photos/219308535/medium.jpeg,iNaturalist,Alabama | Arizona | Arkansas | Colorado | Connecticut | Florida | Georgia | Illinois | Indiana | Iowa | Kansas | Kentucky | Louisiana | Maine | Maryland | Massachusetts | Michigan | Minnesota | Mississippi | Missouri | Nebraska | New Hampshire | New Jersey | New Mexico | New York | North Carolina | North Dakota | Ohio | Oklahoma | Pennsylvania | Rhode Island | South Carolina | South Dakota | Tennessee | Texas | Vermont | Virginia | West Virginia | Wisconsin | Wyoming,Grass/Grass-like,Ornamental grass,5,9,Low,"Sandy soils. Well drained open fields. Grows best on moist, sandy soil in full sun.",Moist,,TRUE,FALSE,FALSE,TRUE,FALSE,FALSE,"Red , Purple",FALSE,FALSE,FALSE,FALSE,FALSE,FALSE,FALSE,TRUE,TRUE,TRUE,FALSE,FALSE,FALSE,FALSE,FALSE,FALSE,FALSE,FALSE,FALSE,TRUE,FALSE
PLANT-00368,Eragrostis trichodes,"Sand Lovegrass, Sand Love Grass","Sand Lovegrass, Sand Love Grass",Poaceae,https://inaturalist-open-data.s3.amazonaws.com/photos/4930338/medium.jpg,iNaturalist,Alabama | Arkansas | Colorado | Illinois | Indiana | Iowa | Kansas | Louisiana | Michigan | Minnesota | Mississippi | Missouri | Nebraska | New Mexico | New York | Ohio | Oklahoma | South Dakota | Tennessee | Texas | Virginia | Wisconsin | Wyoming,Grass/Grass-like,Ornamental grass,5,9,Medium,"Deep, sandy soils.",,,FALSE,TRUE,FALSE,FALSE,TRUE,FALSE,"Green , Purple",FALSE,FALSE,FALSE,FALSE,FALSE,FALSE,FALSE,TRUE,TRUE,TRUE,TRUE,FALSE,FALSE,FALSE,FALSE,FALSE,FALSE,FALSE,FALSE,TRUE,FALSE
PLANT-00369,Erianthus alopecuroides,silver plume grass,silver plume grass,,https://inaturalist-open-data.s3.amazonaws.com/photos/10027746/medium.jpeg,iNaturalist,Alabama | Arkansas | Florida | Georgia | Illinois | Indiana | Kentucky | Louisiana | Maryland | Mississippi | Missouri | New Jersey | North Carolina | Ohio | Oklahoma | South Carolina | Tennessee | Texas | Virginia | West Virginia,,Ornamental grass,6,10,Medium,,,,FALSE,FALSE,FALSE,FALSE,FALSE,FALSE,,FALSE,FALSE,FALSE,FALSE,FALSE,FALSE,FALSE,FALSE,FALSE,FALSE,FALSE,FALSE,FALSE,FALSE,FALSE,FALSE,FALSE,FALSE,FALSE,FALSE,FALSE
PLANT-00370,Ericameria nauseosa,"Rubber Rabbitbrush, Gray Rabbitbrush","Rubber Rabbitbrush, Gray Rabbitbrush",Asteraceae,https://inaturalist-open-data.s3.amazonaws.com/photos/317214763/medium.jpeg,iNaturalist,Colorado | Idaho | Montana | Nebraska | North Dakota | South Dakota | Wyoming,Shrub,Deciduous shrub,4,9,Medium,,Dry,,FALSE,FALSE,FALSE,FALSE,FALSE,FALSE,Yellow,FALSE,FALSE,FALSE,FALSE,FALSE,FALSE,FALSE,TRUE,TRUE,TRUE,TRUE,FALSE,FALSE,FALSE,FALSE,FALSE,FALSE,FALSE,FALSE,TRUE,FALSE
PLANT-00371,Erigeron philadelphicus,"Philadelphia Fleabane, Fleabane Daisy","Philadelphia Fleabane, Fleabane Daisy",Asteraceae,https://inaturalist-open-data.s3.amazonaws.com/photos/13932511/medium.jpg,iNaturalist,Alabama | Arkansas | California | Colorado | Connecticut | Delaware | Florida | Georgia | Idaho | Illinois | Indiana | Iowa | Kansas | Kentucky | Louisiana | Maine | Maryland | Massachusetts | Michigan | Minnesota | Mississippi | Missouri | Montana | Nebraska | Nevada | New Hampshire | New Jersey | New Mexico | New York | North Carolina | North Dakota | Ohio | Oklahoma | Oregon | Pennsylvania | Rhode Island | South Carolina | South Dakota | Tennessee | Texas | Vermont | Virginia | Washington | West Virginia | Wisconsin | Wyoming,Herb,Herbaceous perennial,2,7,Low,,,,FALSE,TRUE,FALSE,FALSE,TRUE,FALSE,"White , Pink , Yellow , Purple",FALSE,FALSE,TRUE,TRUE,TRUE,TRUE,TRUE,TRUE,FALSE,FALSE,FALSE,FALSE,FALSE,FALSE,FALSE,FALSE,FALSE,FALSE,FALSE,TRUE,FALSE
PLANT-00372,Erigeron pulchellus,"Robin's Plantain, Poor Robin's Plantain, Rose Petty, Robert's Plantain, Blue Spring-daisy","Robin's Plantain, Poor Robin's Plantain, Rose Petty, Robert's Plantain, Blue Spring-daisy",Asteraceae,https://inaturalist-open-data.s3.amazonaws.com/photos/193396051/medium.jpg,iNaturalist,Alabama | Arkansas | Connecticut | Delaware | Florida | Georgia | Illinois | Indiana | Iowa | Kansas | Kentucky | Louisiana | Maine | Maryland | Massachusetts | Michigan | Minnesota | Mississippi | Missouri | New Hampshire | New Jersey | New York | North Carolina | Ohio | Oklahoma | Pennsylvania | Rhode Island | South Carolina | Tennessee | Texas | Vermont | Virginia | West Virginia | Wisconsin,Herb,Herbaceous perennial,3,8,Low,"Rich, sandy soils",Moist,,FALSE,TRUE,FALSE,FALSE,FALSE,FALSE,"White , Pink , Yellow , Blue , Purple",FALSE,FALSE,TRUE,TRUE,TRUE,TRUE,TRUE,FALSE,FALSE,FALSE,FALSE,FALSE,FALSE,FALSE,FALSE,FALSE,FALSE,FALSE,FALSE,TRUE,FALSE
PLANT-00373,Eriogonum umbellatum,"Sulphur-flower Buckwheat, Sulphur-flower Wild Buckwheat, Sulphur Buckwheat, Sulphur-flower","Sulphur-flower Buckwheat, Sulphur-flower Wild Buckwheat, Sulphur Buckwheat, Sulphur-flower",Polygonaceae,https://inaturalist-open-data.s3.amazonaws.com/photos/431664/medium.jpg,iNaturalist,Arizona | California | Colorado | Idaho | Montana | Nevada | New Mexico | Oregon | Utah | Washington | Wyoming,Herb,Herbaceous perennial,4,8,Low,Gravelly soils.,Dry,Circumneutral (pH 6.8-7.2),TRUE,TRUE,FALSE,TRUE,FALSE,FALSE,"White , Red , Yellow",FALSE,FALSE,FALSE,FALSE,TRUE,TRUE,TRUE,TRUE,TRUE,TRUE,FALSE,FALSE,FALSE,FALSE,FALSE,FALSE,FALSE,FALSE,FALSE,TRUE,FALSE
PLANT-00374,Eryngium aquaticum,"Rattlesnakemaster, Rattlesnake-master, Snakeroot","Rattlesnakemaster, Rattlesnake-master, Snakeroot",Apiaceae,https://inaturalist-open-data.s3.amazonaws.com/photos/45085020/medium.jpeg,iNaturalist,Alabama | Delaware | Florida | Georgia | Maryland | Mississippi | New Jersey | New York | North Carolina | Pennsylvania | South Carolina | Virginia,Herb,Herbaceous perennial,6,8,Low,"Wet, somewhat acid, soils.",Wet,,FALSE,TRUE,FALSE,FALSE,FALSE,FALSE,"White , Green , Blue , Purple",FALSE,FALSE,FALSE,FALSE,FALSE,TRUE,TRUE,TRUE,TRUE,TRUE,TRUE,FALSE,FALSE,FALSE,FALSE,FALSE,FALSE,FALSE,FALSE,TRUE,FALSE
PLANT-00375,Eryngium yuccifolium,"Rattlesnake Master, Button Eryngo, Button Snakeroot, Beargrass, Bear's Grass","Rattlesnake Master, Button Eryngo, Button Snakeroot, Beargrass, Bear's Grass",Apiaceae,https://inaturalist-open-data.s3.amazonaws.com/photos/4979392/medium.jpeg,iNaturalist,Alabama | Arkansas | Connecticut | Florida | Georgia | Illinois | Indiana | Iowa | Kansas | Kentucky | Louisiana | Maryland | Michigan | Minnesota | Mississippi | Missouri | Nebraska | New Jersey | North Carolina | Ohio | South Carolina | Tennessee | Texas | Virginia | Wisconsin,Herb,Herbaceous perennial,3,8,Low,Various well-drained soils.,Moist,,TRUE,FALSE,FALSE,FALSE,TRUE,FALSE,"White , Green",FALSE,FALSE,FALSE,FALSE,TRUE,TRUE,TRUE,TRUE,FALSE,FALSE,FALSE,FALSE,FALSE,FALSE,FALSE,FALSE,FALSE,FALSE,FALSE,TRUE,FALSE
PLANT-00376,Erysimum capitatum,coastal wallflower,coastal wallflower,,https://inaturalist-open-data.s3.amazonaws.com/photos/42162834/medium.jpg,iNaturalist,Arizona | Arkansas | California | Illinois | Indiana | Missouri | Ohio | Oklahoma | Oregon | Tennessee | Texas | Washington,,Herbaceous perennial,3,7,Low,,,,FALSE,FALSE,FALSE,FALSE,FALSE,FALSE,,FALSE,FALSE,FALSE,FALSE,FALSE,FALSE,FALSE,FALSE,FALSE,FALSE,FALSE,FALSE,FALSE,FALSE,FALSE,FALSE,FALSE,FALSE,FALSE,FALSE,FALSE
PLANT-00377,Erythronium albidum,"White Troutlily, White Dogtooth-violet, White Fawnlily, Adder's-tongue","White Troutlily, White Dogtooth-violet, White Fawnlily, Adder's-tongue",Liliaceae,https://inaturalist-open-data.s3.amazonaws.com/photos/20143/medium.jpg,iNaturalist,Alabama | Arkansas | Connecticut | Illinois | Indiana | Iowa | Kansas | Kentucky | Louisiana | Maryland | Michigan | Minnesota | Mississippi | Missouri | Nebraska | New York | Ohio | Oklahoma | Pennsylvania | South Dakota | Tennessee | Texas | Virginia | West Virginia | Wisconsin,Herb,Herbaceous perennial,3,8,Medium,"Deep, humus-rich loam; acid, neutral, and lime soils okay, moist to dry","Dry , Moist","Acidic (pH<6.8) , Circumneutral (pH 6.8-7.2)",FALSE,TRUE,TRUE,TRUE,TRUE,FALSE,"White , Pink , Yellow , Blue , Purple",FALSE,TRUE,TRUE,TRUE,TRUE,FALSE,FALSE,FALSE,FALSE,FALSE,FALSE,FALSE,FALSE,FALSE,FALSE,FALSE,FALSE,FALSE,FALSE,TRUE,FALSE
PLANT-00378,Erythronium americanum,"Yellow Trout-lily, American Trout-lily, Eastern Trout-lily, Yellow Dogtooth Violet, Adder's Tongue","Yellow Trout-lily, American Trout-lily, Eastern Trout-lily, Yellow Dogtooth Violet, Adder's Tongue",Liliaceae,https://inaturalist-open-data.s3.amazonaws.com/photos/495479600/medium.jpg,iNaturalist,Alabama | Arkansas | Connecticut | Delaware | Georgia | Illinois | Indiana | Iowa | Kentucky | Maine | Maryland | Massachusetts | Michigan | Minnesota | Mississippi | Missouri | New Hampshire | New Jersey | New York | North Carolina | Ohio | Pennsylvania | Rhode Island | South Carolina | Tennessee | Vermont | Virginia | West Virginia | Wisconsin,Herb,Herbaceous perennial,3,8,Medium,"Moist, rich soils.",Moist,Acidic (pH<6.8),FALSE,TRUE,FALSE,FALSE,FALSE,FALSE,Yellow,FALSE,FALSE,TRUE,TRUE,TRUE,FALSE,FALSE,FALSE,FALSE,FALSE,FALSE,FALSE,FALSE,FALSE,FALSE,FALSE,FALSE,FALSE,FALSE,TRUE,FALSE
PLANT-00379,Eschscholzia californica,"California Poppy, California Gold Poppy","California Poppy, California Gold Poppy",Papaveraceae,https://inaturalist-open-data.s3.amazonaws.com/photos/67227218/medium.jpg,iNaturalist,Arizona | California | Nevada | New Mexico | Oregon | Washington | Wyoming,Herb,Herbaceous perennial,6,10,Low,"Nutrient-poor, well-drained soils.",Dry,,TRUE,FALSE,FALSE,TRUE,FALSE,FALSE,"Orange , Yellow",FALSE,TRUE,TRUE,TRUE,TRUE,TRUE,TRUE,TRUE,TRUE,TRUE,FALSE,FALSE,TRUE,FALSE,FALSE,FALSE,TRUE,FALSE,TRUE,TRUE,TRUE
PLANT-00380,Eubotrys racemosa,Eubotrys,Eubotrys,,https://inaturalist-open-data.s3.amazonaws.com/photos/344877/medium.jpg,iNaturalist,Alabama | Connecticut | Delaware | Florida | Georgia | Louisiana | Maryland | Massachusetts | Mississippi | New Jersey | New York | North Carolina | Pennsylvania | Rhode Island | South Carolina | Tennessee | Texas | Virginia,,Deciduous shrub,5,9,Low,,,,FALSE,FALSE,FALSE,FALSE,FALSE,FALSE,,FALSE,FALSE,FALSE,FALSE,FALSE,FALSE,FALSE,FALSE,FALSE,FALSE,FALSE,FALSE,FALSE,FALSE,FALSE,FALSE,FALSE,FALSE,FALSE,FALSE,FALSE
PLANT-00381,Euonymus americanus,"American Strawberry Bush, Strawberry Bush, Brook Euonymus, Hearts-a-burstin, Bursting Heart, Wahoo","American Strawberry Bush, Strawberry Bush, Brook Euonymus, Hearts-a-burstin, Bursting Heart, Wahoo",Celastraceae,https://inaturalist-open-data.s3.amazonaws.com/photos/174420173/medium.jpg,iNaturalist,Alabama | Arkansas | Delaware | Florida | Georgia | Illinois | Indiana | Kentucky | Louisiana | Maryland | Mississippi | Missouri | New Jersey | New York | North Carolina | Ohio | Oklahoma | Pennsylvania | South Carolina | Tennessee | Texas | Virginia | West Virginia,Shrub,Deciduous shrub,6,9,Low,Moist to dry soils.,Moist,,FALSE,TRUE,FALSE,FALSE,FALSE,TRUE,"Green , Purple",FALSE,FALSE,TRUE,TRUE,TRUE,TRUE,TRUE,TRUE,FALSE,FALSE,FALSE,FALSE,FALSE,FALSE,FALSE,FALSE,FALSE,FALSE,FALSE,TRUE,FALSE
PLANT-00382,Euonymus atropurpureus,"Burningbush, Eastern Wahoo, Burning Bush, Wahoo, Waahoo, Whahoo, Spindle Tree","Burningbush, Eastern Wahoo, Burning Bush, Wahoo, Waahoo, Whahoo, Spindle Tree",Celastraceae,https://inaturalist-open-data.s3.amazonaws.com/photos/166689181/medium.jpeg,iNaturalist,Alabama | Arkansas | Connecticut | Delaware | Florida | Georgia | Illinois | Indiana | Iowa | Kansas | Kentucky | Louisiana | Maine | Maryland | Massachusetts | Michigan | Minnesota | Mississippi | Missouri | Montana | Nebraska | New Hampshire | New Jersey | New York | North Carolina | North Dakota | Ohio | Oklahoma | Pennsylvania | Rhode Island | South Carolina | South Dakota | Tennessee | Texas | Virginia | West Virginia | Wisconsin,Shrub,Deciduous shrub,3,7,Low,"Fertile, moist soils.",,Circumneutral (pH 6.8-7.2),FALSE,TRUE,FALSE,FALSE,FALSE,FALSE,Purple,FALSE,FALSE,TRUE,TRUE,TRUE,TRUE,TRUE,TRUE,FALSE,FALSE,FALSE,FALSE,FALSE,FALSE,FALSE,FALSE,FALSE,FALSE,FALSE,TRUE,FALSE
PLANT-00383,Eupatorium altissimum,"Tall Thoroughwort, Tall Boneset","Tall Thoroughwort, Tall Boneset",Asteraceae,https://inaturalist-open-data.s3.amazonaws.com/photos/153585642/medium.jpeg,iNaturalist,Alabama | Arkansas | Connecticut | Florida | Georgia | Illinois | Indiana | Iowa | Kansas | Kentucky | Louisiana | Maryland | Massachusetts | Michigan | Minnesota | Mississippi | Missouri | Nebraska | New Jersey | New York | North Carolina | Ohio | Oklahoma | Pennsylvania | South Carolina | Tennessee | Texas | Virginia | West Virginia | Wisconsin,Herb,Herbaceous perennial,4,8,Medium,,,,FALSE,FALSE,FALSE,FALSE,FALSE,FALSE,"White , Green",FALSE,FALSE,FALSE,FALSE,FALSE,FALSE,TRUE,TRUE,TRUE,FALSE,FALSE,FALSE,FALSE,FALSE,FALSE,FALSE,FALSE,FALSE,FALSE,TRUE,FALSE
PLANT-00384,Eupatorium capillifolium,"Dogfennel, Dog Fennel","Dogfennel, Dog Fennel",Asteraceae,https://inaturalist-open-data.s3.amazonaws.com/photos/13817971/medium.jpg,iNaturalist,Alabama | Arkansas | Connecticut | Delaware | Florida | Georgia | Kentucky | Louisiana | Maryland | Massachusetts | Mississippi | Missouri | New Jersey | North Carolina | Oklahoma | Pennsylvania | South Carolina | Tennessee | Texas | Virginia | West Virginia,Herb,Herbaceous perennial,6,9,Low,,,,FALSE,FALSE,FALSE,FALSE,FALSE,FALSE,"White , Green",FALSE,FALSE,FALSE,FALSE,FALSE,FALSE,FALSE,TRUE,TRUE,TRUE,FALSE,FALSE,FALSE,FALSE,FALSE,FALSE,FALSE,FALSE,FALSE,TRUE,FALSE
PLANT-00385,Eupatorium perfoliatum,Common Boneset,Common Boneset,Asteraceae,https://inaturalist-open-data.s3.amazonaws.com/photos/158562297/medium.jpeg,iNaturalist,Alabama | Arkansas | Connecticut | Delaware | Florida | Georgia | Illinois | Indiana | Iowa | Kansas | Kentucky | Louisiana | Maine | Maryland | Massachusetts | Michigan | Minnesota | Mississippi | Missouri | Nebraska | New Hampshire | New Jersey | New York | North Carolina | North Dakota | Ohio | Oklahoma | Pennsylvania | Rhode Island | South Carolina | South Dakota | Tennessee | Texas | Vermont | Virginia | West Virginia | Wisconsin,Herb,Herbaceous perennial,3,8,Low,Moist to wet soils,"Moist , Wet",,TRUE,TRUE,TRUE,FALSE,FALSE,FALSE,White,FALSE,FALSE,FALSE,FALSE,FALSE,TRUE,TRUE,TRUE,TRUE,TRUE,FALSE,FALSE,FALSE,FALSE,FALSE,FALSE,FALSE,FALSE,FALSE,TRUE,FALSE
PLANT-00386,Euphorbia marginata,"Snow On The Mountain, Snow-on-the-mountain","Snow On The Mountain, Snow-on-the-mountain",Euphorbiaceae,https://inaturalist-open-data.s3.amazonaws.com/photos/9591280/medium.jpg,iNaturalist,Arizona | Colorado | Georgia | Kansas | Louisiana | Minnesota | Mississippi | Missouri | Montana | Nebraska | New Mexico | North Carolina | North Dakota | Oklahoma | South Carolina | South Dakota | Tennessee | Texas | Wyoming,Herb,Annual,2,11,Low,"Various soils. Clay, Limestone/chalky, Clay Loam, Medium Loam, Sandy Loam, Sandy",Moist,Circumneutral (pH 6.8-7.2),FALSE,TRUE,FALSE,FALSE,TRUE,FALSE,White,FALSE,FALSE,FALSE,FALSE,FALSE,TRUE,TRUE,TRUE,TRUE,TRUE,TRUE,FALSE,FALSE,FALSE,FALSE,FALSE,FALSE,FALSE,FALSE,TRUE,FALSE
PLANT-00387,Eurybia divaricata,White Wood Aster,White Wood Aster,Asteraceae,https://inaturalist-open-data.s3.amazonaws.com/photos/228478405/medium.jpeg,iNaturalist,Alabama | Connecticut | Delaware | Georgia | Kentucky | Maine | Maryland | Massachusetts | Michigan | New Hampshire | New Jersey | New York | North Carolina | Ohio | Pennsylvania | Rhode Island | South Carolina | Tennessee | Vermont | Virginia | West Virginia,Herb,Herbaceous perennial,3,8,Low,"Tolerates dry soil, shade to part shade neutral to slightly acidic conditions.",Dry,"Acidic (pH<6.8) , Circumneutral (pH 6.8-7.2)",FALSE,TRUE,TRUE,TRUE,FALSE,FALSE,"White , Green , Brown",FALSE,FALSE,FALSE,FALSE,FALSE,FALSE,FALSE,TRUE,TRUE,TRUE,TRUE,FALSE,FALSE,FALSE,FALSE,FALSE,FALSE,FALSE,FALSE,TRUE,FALSE
PLANT-00388,Eurybia furcata,forked aster,forked aster,,https://inaturalist-open-data.s3.amazonaws.com/photos/50635347/medium.jpeg,iNaturalist,Arkansas | Illinois | Indiana | Iowa | Michigan | Missouri | Wisconsin,,Herbaceous perennial,4,8,Low,,,,FALSE,FALSE,FALSE,FALSE,FALSE,FALSE,,FALSE,FALSE,FALSE,FALSE,FALSE,FALSE,FALSE,FALSE,FALSE,FALSE,FALSE,FALSE,FALSE,FALSE,FALSE,FALSE,FALSE,FALSE,FALSE,FALSE,FALSE
PLANT-00389,Eurybia hemispherica,Southern Prairie Aster,Southern Prairie Aster,Asteraceae,https://static.inaturalist.org/photos/579258/medium.jpg,iNaturalist,Alabama | Arkansas | Florida | Georgia | Kansas | Kentucky | Louisiana | Mississippi | Missouri | Oklahoma | Tennessee | Texas,Herb,Herbaceous perennial,6,9,Low,,,,FALSE,FALSE,FALSE,FALSE,FALSE,FALSE,"Yellow , Purple",FALSE,FALSE,FALSE,FALSE,FALSE,FALSE,FALSE,TRUE,TRUE,TRUE,TRUE,FALSE,FALSE,FALSE,FALSE,FALSE,FALSE,FALSE,FALSE,TRUE,FALSE
PLANT-00390,Eurybia macrophylla,"Bigleaf Aster, Large-leaf Wood-aster","Bigleaf Aster, Large-leaf Wood-aster",Asteraceae,https://inaturalist-open-data.s3.amazonaws.com/photos/324347843/medium.jpg,iNaturalist,Connecticut | Delaware | Georgia | Illinois | Indiana | Iowa | Kentucky | Maine | Maryland | Massachusetts | Michigan | Minnesota | Missouri | New Hampshire | New Jersey | New York | North Carolina | Ohio | Pennsylvania | Rhode Island | South Carolina | Tennessee | Vermont | Virginia | West Virginia | Wisconsin,Herb,Herbaceous perennial,3,8,Low,Moist to drier soils,"Dry , Moist",,TRUE,TRUE,TRUE,FALSE,TRUE,FALSE,"White , Blue , Purple",FALSE,FALSE,FALSE,FALSE,FALSE,FALSE,TRUE,TRUE,TRUE,TRUE,FALSE,FALSE,FALSE,FALSE,FALSE,FALSE,FALSE,FALSE,FALSE,TRUE,FALSE
PLANT-00391,Eurybia paludosa,aster,aster,,https://static.inaturalist.org/photos/164333893/medium.jpg,iNaturalist,Florida | Georgia | North Carolina | South Carolina,,Herbaceous perennial,8,9,Medium,,,,FALSE,FALSE,FALSE,FALSE,FALSE,FALSE,,FALSE,FALSE,FALSE,FALSE,FALSE,FALSE,FALSE,FALSE,FALSE,FALSE,FALSE,FALSE,FALSE,FALSE,FALSE,FALSE,FALSE,FALSE,FALSE,FALSE,FALSE
PLANT-00392,Eutrochium dubium,"Coastal Plain Joe Pye Weed, Joepye Thoroughwort","Coastal Plain Joe Pye Weed, Joepye Thoroughwort",Asteraceae,https://static.inaturalist.org/photos/316445576/medium.jpg,iNaturalist,Connecticut | Delaware | Maine | Maryland | New Hampshire | New Jersey | New York | North Carolina | Pennsylvania | Rhode Island | South Carolina | Vermont | Virginia | West Virginia,Herb,Herbaceous perennial,3,9,Low,,,,FALSE,FALSE,FALSE,FALSE,FALSE,FALSE,"White , Pink , Purple",FALSE,FALSE,FALSE,FALSE,FALSE,FALSE,TRUE,TRUE,TRUE,TRUE,FALSE,FALSE,FALSE,FALSE,FALSE,FALSE,FALSE,FALSE,FALSE,TRUE,FALSE
PLANT-00393,Eutrochium fistulosum,"Joe-pye Weed, Trumpetweed, Queen Of The Meadow, Hollow Joe-pye Weed","Joe-pye Weed, Trumpetweed, Queen Of The Meadow, Hollow Joe-pye Weed",Asteraceae,https://static.inaturalist.org/photos/221829681/medium.jpeg,iNaturalist,Alabama | Arkansas | Connecticut | Delaware | Florida | Georgia | Illinois | Indiana | Iowa | Kentucky | Louisiana | Maine | Maryland | Massachusetts | Michigan | Mississippi | Missouri | New Hampshire | New Jersey | New York | North Carolina | Ohio | Oklahoma | Pennsylvania | Rhode Island | South Carolina | Tennessee | Texas | Vermont | Virginia | West Virginia,Herb,Herbaceous perennial,4,8,Low,Moist to wet soils.,"Dry , Moist",Acidic (pH<6.8),TRUE,FALSE,FALSE,FALSE,TRUE,TRUE,"Pink , Purple",FALSE,FALSE,FALSE,FALSE,FALSE,FALSE,TRUE,TRUE,TRUE,FALSE,FALSE,FALSE,FALSE,FALSE,FALSE,FALSE,FALSE,FALSE,FALSE,TRUE,FALSE
PLANT-00394,Eutrochium maculatum,"Spotted Joe-pye Weed, Joe-pye Weed, Spotted Trumpetweed","Spotted Joe-pye Weed, Joe-pye Weed, Spotted Trumpetweed",Asteraceae,https://static.inaturalist.org/photos/88787579/medium.jpeg,iNaturalist,Arizona | Colorado | Connecticut | Georgia | Idaho | Illinois | Indiana | Iowa | Kansas | Kentucky | Maine | Maryland | Massachusetts | Michigan | Minnesota | Missouri | Montana | Nebraska | New Hampshire | New Jersey | New Mexico | New York | North Carolina | North Dakota | Ohio | Pennsylvania | Rhode Island | South Dakota | Tennessee | Utah | Vermont | Virginia | Washington | West Virginia | Wisconsin | Wyoming,Herb,Herbaceous perennial,4,8,Low,,"Moist , Wet",,TRUE,TRUE,FALSE,FALSE,FALSE,FALSE,"Pink , Purple",FALSE,FALSE,FALSE,FALSE,FALSE,FALSE,FALSE,TRUE,TRUE,TRUE,FALSE,FALSE,FALSE,FALSE,FALSE,FALSE,FALSE,FALSE,FALSE,TRUE,FALSE
PLANT-00395,Eutrochium purpureum,"Purple Joepyeweed, Sweet-scented Joepyeweed, Sweet Joepyeweed","Purple Joepyeweed, Sweet-scented Joepyeweed, Sweet Joepyeweed",Asteraceae,https://inaturalist-open-data.s3.amazonaws.com/photos/85646014/medium.jpeg,iNaturalist,Alabama | Arkansas | Connecticut | Delaware | Florida | Georgia | Illinois | Indiana | Iowa | Kansas | Kentucky | Louisiana | Maine | Maryland | Michigan | Minnesota | Mississippi | Missouri | Nebraska | New Hampshire | New Jersey | North Carolina | Ohio | Oklahoma | Pennsylvania | Rhode Island | South Carolina | Tennessee | Vermont | Virginia | West Virginia | Wisconsin,Herb,Herbaceous perennial,4,9,Low,Moist soils,Moist,,TRUE,TRUE,TRUE,FALSE,FALSE,FALSE,"Pink , Purple",FALSE,FALSE,FALSE,FALSE,FALSE,FALSE,TRUE,TRUE,TRUE,FALSE,FALSE,FALSE,FALSE,FALSE,FALSE,FALSE,FALSE,FALSE,FALSE,TRUE,FALSE
PLANT-00396,Evolvulus nuttallianus,"Shaggy Dwarf Morning-glory, Silky Evolvulus, Shaggy Evolvulus","Shaggy Dwarf Morning-glory, Silky Evolvulus, Shaggy Evolvulus",Convolvulaceae,https://inaturalist-open-data.s3.amazonaws.com/photos/148940868/medium.jpg,iNaturalist,Arizona | Arkansas | Colorado | Illinois | Kansas | Missouri | Montana | Nebraska | New Mexico | Oklahoma | South Dakota | Tennessee | Texas | Utah | Wyoming,Herb,Herbaceous perennial,4,10,Low,,,,FALSE,FALSE,FALSE,FALSE,FALSE,FALSE,"Blue , Purple",FALSE,FALSE,FALSE,FALSE,TRUE,TRUE,TRUE,FALSE,FALSE,FALSE,FALSE,FALSE,FALSE,FALSE,FALSE,FALSE,FALSE,FALSE,FALSE,TRUE,FALSE
PLANT-00397,Fagus grandifolia,"American Beech, White Beech, Red Beech, Ridge Beech, Beechnut Tree","American Beech, White Beech, Red Beech, Ridge Beech, Beechnut Tree",Fagaceae,https://inaturalist-open-data.s3.amazonaws.com/photos/9216901/medium.jpeg,iNaturalist,Alabama | Arkansas | Connecticut | Delaware | Florida | Georgia | Illinois | Indiana | Kentucky | Louisiana | Maine | Maryland | Massachusetts | Michigan | Mississippi | Missouri | New Hampshire | New Jersey | New York | North Carolina | Ohio | Oklahoma | Pennsylvania | Rhode Island | South Carolina | Tennessee | Texas | Vermont | Virginia | West Virginia | Wisconsin,Tree,Tree,3,9,Low,"Moist, rich, well-drained soils. Sandy Loam, Clay Loam, Medium Loam, Acid-based",Moist,,FALSE,TRUE,TRUE,FALSE,TRUE,FALSE,"Yellow , Green , Brown",FALSE,FALSE,FALSE,TRUE,TRUE,FALSE,FALSE,FALSE,FALSE,FALSE,FALSE,FALSE,FALSE,FALSE,FALSE,FALSE,FALSE,FALSE,FALSE,TRUE,FALSE
PLANT-00398,Filipendula rubra,"Queen Of The Prairie, Queen-of-the-prairie","Queen Of The Prairie, Queen-of-the-prairie",Rosaceae,https://inaturalist-open-data.s3.amazonaws.com/photos/20758922/medium.jpg,iNaturalist,Connecticut | Illinois | Indiana | Iowa | Maine | Maryland | Massachusetts | Michigan | Minnesota | Missouri | New Hampshire | New Jersey | New York | North Carolina | Ohio | Pennsylvania | Vermont | Virginia | West Virginia | Wisconsin,Herb,Herbaceous perennial,3,8,Low,"Moist, rich soils.",Moist,Acidic (pH<6.8),FALSE,TRUE,FALSE,FALSE,FALSE,FALSE,"Pink , Purple",FALSE,FALSE,FALSE,FALSE,FALSE,TRUE,TRUE,TRUE,FALSE,FALSE,FALSE,FALSE,FALSE,FALSE,FALSE,FALSE,FALSE,FALSE,FALSE,TRUE,FALSE
PLANT-00399,Fothergilla gardenii,"Dwarf Witchalder, Dwarf Witch-alder, Dwarf Fothergilla","Dwarf Witchalder, Dwarf Witch-alder, Dwarf Fothergilla",Hamamelidaceae,https://inaturalist-open-data.s3.amazonaws.com/photos/216947576/medium.jpg,iNaturalist,Alabama | Florida | Georgia | North Carolina | South Carolina,Shrub,Deciduous shrub,5,8,Low,"Well-drained, acid, peaty or sandy loams.",,Acidic (pH<6.8),TRUE,TRUE,FALSE,FALSE,FALSE,TRUE,White,FALSE,FALSE,TRUE,TRUE,TRUE,FALSE,FALSE,FALSE,FALSE,FALSE,FALSE,FALSE,FALSE,FALSE,FALSE,FALSE,FALSE,FALSE,FALSE,TRUE,FALSE
PLANT-00400,Fothergilla major,"Mountain Witchalder, Mountain Witch-alder, Large Fothergilla","Mountain Witchalder, Mountain Witch-alder, Large Fothergilla",Hamamelidaceae,https://inaturalist-open-data.s3.amazonaws.com/photos/85588348/medium.jpg,iNaturalist,Alabama | Arkansas | Georgia | North Carolina | South Carolina | Tennessee,Shrub,Deciduous shrub,4,8,Low,"Acid, gravelly loams.",Moist,Acidic (pH<6.8),TRUE,TRUE,FALSE,FALSE,FALSE,FALSE,White,FALSE,FALSE,FALSE,TRUE,TRUE,FALSE,FALSE,FALSE,FALSE,FALSE,FALSE,FALSE,FALSE,FALSE,FALSE,FALSE,FALSE,FALSE,FALSE,TRUE,FALSE
PLANT-00401,Fragaria vesca,"Woodland Strawberry, California Strawberry, Wood Strawberry","Woodland Strawberry, California Strawberry, Wood Strawberry",Rosaceae,https://inaturalist-open-data.s3.amazonaws.com/photos/134106423/medium.jpg,iNaturalist,Connecticut | Illinois | Indiana | Kentucky | Maine | Massachusetts | Michigan | Missouri | New Hampshire | New Jersey | New York | Ohio | Pennsylvania | Rhode Island | Vermont | West Virginia,Herb,Herbaceous perennial,5,9,Medium,,"Moist , Wet",,FALSE,TRUE,TRUE,FALSE,FALSE,FALSE,White,FALSE,FALSE,TRUE,TRUE,TRUE,TRUE,TRUE,TRUE,FALSE,FALSE,FALSE,FALSE,FALSE,FALSE,FALSE,FALSE,FALSE,FALSE,FALSE,TRUE,FALSE
PLANT-00402,Fragaria virginiana,"Virginia Strawberry, Wild Strawberry","Virginia Strawberry, Wild Strawberry",Rosaceae,https://inaturalist-open-data.s3.amazonaws.com/photos/600014255/medium.jpg,iNaturalist,Alabama | Arkansas | Connecticut | Delaware | Florida | Georgia | Illinois | Indiana | Iowa | Kansas | Kentucky | Louisiana | Maine | Maryland | Massachusetts | Michigan | Minnesota | Mississippi | Missouri | Nebraska | New Hampshire | New Jersey | New York | North Carolina | Ohio | Oklahoma | Pennsylvania | Rhode Island | South Carolina | South Dakota | Tennessee | Texas | Vermont | Virginia | West Virginia | Wisconsin,Herb,Herbaceous perennial,5,9,Medium,Variable. Tolerant of moderately acid soil.,Dry,,TRUE,TRUE,FALSE,FALSE,FALSE,FALSE,White,FALSE,FALSE,TRUE,TRUE,TRUE,TRUE,TRUE,TRUE,TRUE,TRUE,TRUE,FALSE,TRUE,FALSE,FALSE,TRUE,TRUE,TRUE,TRUE,TRUE,TRUE
PLANT-00403,Frangula caroliniana,"Carolina Buckthorn, Carolina False Buckthorn, Yellow Buckthorn, Indian Cherry, Yellowwood","Carolina Buckthorn, Carolina False Buckthorn, Yellow Buckthorn, Indian Cherry, Yellowwood",Rhamnaceae,https://inaturalist-open-data.s3.amazonaws.com/photos/12627329/medium.jpeg,iNaturalist,Alabama | Arkansas | Florida | Georgia | Illinois | Indiana | Kentucky | Louisiana | Maryland | Mississippi | Missouri | North Carolina | Ohio | Oklahoma | South Carolina | Tennessee | Texas | Virginia,Tree,Deciduous shrub,5,9,Low,"Moist, calcareous, rocky soils.",Moist,,FALSE,TRUE,FALSE,FALSE,FALSE,FALSE,"White , Yellow , Green",FALSE,FALSE,FALSE,TRUE,TRUE,TRUE,FALSE,FALSE,FALSE,FALSE,FALSE,FALSE,FALSE,FALSE,FALSE,FALSE,FALSE,FALSE,FALSE,TRUE,FALSE
PLANT-00404,Franklinia alatamaha,"Franklin Tree, Franklintree, Franklinia","Franklin Tree, Franklintree, Franklinia",Theaceae,https://inaturalist-open-data.s3.amazonaws.com/photos/703074/medium.jpg,iNaturalist,Georgia,Shrub,Tree,5,8,Medium,"Moist, acid, well-drained soils.",Moist,,FALSE,TRUE,FALSE,FALSE,FALSE,TRUE,White,FALSE,FALSE,FALSE,FALSE,FALSE,TRUE,TRUE,TRUE,TRUE,TRUE,FALSE,FALSE,FALSE,FALSE,FALSE,FALSE,FALSE,FALSE,FALSE,TRUE,FALSE
PLANT-00405,Fraxinus americana,"White Ash, American Ash, Cane Ash, Smallseed White Ash, Biltmore White Ash, Biltmore Ash","White Ash, American Ash, Cane Ash, Smallseed White Ash, Biltmore White Ash, Biltmore Ash",Oleaceae,https://inaturalist-open-data.s3.amazonaws.com/photos/201680198/medium.jpg,iNaturalist,Alabama | Arkansas | Connecticut | Delaware | Florida | Georgia | Illinois | Indiana | Iowa | Kansas | Kentucky | Louisiana | Maine | Maryland | Massachusetts | Michigan | Minnesota | Mississippi | Missouri | Nebraska | New Hampshire | New Jersey | New York | North Carolina | Ohio | Oklahoma | Pennsylvania | Rhode Island | South Carolina | Tennessee | Texas | Vermont | Virginia | West Virginia | Wisconsin,Tree,Tree,3,9,Medium,"Deep, mesic soils. Sandy, Sandy Loam, Medium Loam, Clay Loam, Clay.","Dry , Moist",Acidic (pH<6.8),TRUE,TRUE,TRUE,FALSE,FALSE,TRUE,"Yellow , Purple",FALSE,FALSE,FALSE,TRUE,TRUE,FALSE,FALSE,FALSE,FALSE,FALSE,FALSE,FALSE,FALSE,FALSE,FALSE,FALSE,FALSE,FALSE,FALSE,TRUE,FALSE
PLANT-00406,Fraxinus ornus,flowering ash,flowering ash,,https://inaturalist-open-data.s3.amazonaws.com/photos/72201155/medium.jpg,iNaturalist,Georgia,,Tree,6,9,Medium,,,,FALSE,FALSE,FALSE,FALSE,FALSE,FALSE,,FALSE,FALSE,FALSE,FALSE,FALSE,FALSE,FALSE,FALSE,FALSE,FALSE,FALSE,FALSE,FALSE,FALSE,FALSE,FALSE,FALSE,FALSE,FALSE,FALSE,FALSE
PLANT-00407,Fraxinus pennsylvanica,"Green Ash, Red Ash, Swamp Ash, River Ash, Water Ash, Darlington Ash","Green Ash, Red Ash, Swamp Ash, River Ash, Water Ash, Darlington Ash",Oleaceae,https://inaturalist-open-data.s3.amazonaws.com/photos/201680198/medium.jpg,iNaturalist,Alabama | Arkansas | Colorado | Connecticut | Delaware | Florida | Georgia | Illinois | Indiana | Iowa | Kansas | Kentucky | Louisiana | Maine | Maryland | Michigan | Minnesota | Mississippi | Missouri | Montana | Nebraska | New Hampshire | New Jersey | New York | North Carolina | North Dakota | Ohio | Oklahoma | Pennsylvania | Rhode Island | South Carolina | South Dakota | Tennessee | Texas | Utah | Vermont | Virginia | West Virginia | Wisconsin | Wyoming,Tree,Tree,3,9,Medium,"Moist, fertile, sandy to loamy soils. Acid-based, Sandy Limestone-based, Sandy Loam, Medium Loam, Clay Loam
Clay","Dry , Moist , Wet",Circumneutral (pH 6.8-7.2),TRUE,TRUE,TRUE,FALSE,TRUE,FALSE,"Green , Purple , Brown",FALSE,FALSE,FALSE,TRUE,TRUE,TRUE,FALSE,FALSE,FALSE,FALSE,FALSE,FALSE,FALSE,FALSE,FALSE,FALSE,FALSE,FALSE,FALSE,TRUE,FALSE
PLANT-00408,Fraxinus profunda,Pumpkin Ash,Pumpkin Ash,Oleaceae,https://inaturalist-open-data.s3.amazonaws.com/photos/154834629/medium.jpeg,iNaturalist,Alabama | Arkansas | Delaware | Florida | Georgia | Illinois | Indiana | Kentucky | Louisiana | Maryland | Michigan | Mississippi | Missouri | New Jersey | North Carolina | Ohio | Pennsylvania | South Carolina | Tennessee | Virginia,Tree,Tree,5,9,Medium,,"Moist , Wet",,TRUE,TRUE,FALSE,FALSE,FALSE,TRUE,"White , Green , Purple , Brown",FALSE,FALSE,TRUE,TRUE,TRUE,FALSE,FALSE,FALSE,FALSE,FALSE,FALSE,FALSE,FALSE,FALSE,FALSE,FALSE,FALSE,FALSE,FALSE,TRUE,FALSE
PLANT-00409,Fraxinus quadrangulata,Blue Ash,Blue Ash,Oleaceae,https://inaturalist-open-data.s3.amazonaws.com/photos/47896201/medium.jpg,iNaturalist,Alabama | Arkansas | Georgia | Illinois | Indiana | Iowa | Kansas | Kentucky | Michigan | Minnesota | Mississippi | Missouri | Ohio | Oklahoma | Tennessee | Virginia | West Virginia | Wisconsin,Tree,Tree,4,7,Medium,Variable.,"Moist , Wet",Circumneutral (pH 6.8-7.2),TRUE,TRUE,FALSE,FALSE,FALSE,FALSE,"Green , Purple , Brown",FALSE,FALSE,FALSE,TRUE,TRUE,FALSE,FALSE,FALSE,FALSE,FALSE,FALSE,FALSE,FALSE,FALSE,FALSE,FALSE,FALSE,FALSE,FALSE,TRUE,FALSE
PLANT-00410,Fremontodendron californicum,"California Flannelbush, Northern Flannelbush, Northern Fremontia, California Slippery Elm","California Flannelbush, Northern Flannelbush, Northern Fremontia, California Slippery Elm",Sterculiaceae,https://inaturalist-open-data.s3.amazonaws.com/photos/19013/medium.jpg,iNaturalist,Arizona | California,Shrub,Broadleaf evergreen,8,10,Medium,"Dry, well-drained, granitic soils.",Dry,,FALSE,TRUE,FALSE,TRUE,FALSE,FALSE,"Red , Yellow",FALSE,FALSE,TRUE,TRUE,TRUE,TRUE,TRUE,TRUE,TRUE,TRUE,TRUE,TRUE,FALSE,FALSE,FALSE,FALSE,FALSE,FALSE,FALSE,TRUE,FALSE
PLANT-00411,Gaillardia aestivalis,"Lanceleaf Blanketflower, Winkler Gaillardia","Lanceleaf Blanketflower, Winkler Gaillardia",Asteraceae,https://inaturalist-open-data.s3.amazonaws.com/photos/2022132/medium.jpg,iNaturalist,Alabama | Arkansas | Florida | Georgia | Illinois | Kansas | Louisiana | Mississippi | Missouri | North Carolina | Oklahoma | South Carolina | Texas,Herb,Herbaceous perennial,5,9,Low,,,,FALSE,FALSE,FALSE,FALSE,FALSE,FALSE,"White , Pink , Yellow , Purple",FALSE,FALSE,FALSE,TRUE,TRUE,TRUE,TRUE,TRUE,TRUE,TRUE,FALSE,FALSE,FALSE,FALSE,FALSE,FALSE,FALSE,FALSE,FALSE,TRUE,FALSE
PLANT-00412,Gaillardia pulchella,"Indian Blanket, Firewheel, Girasol Rojo","Indian Blanket, Firewheel, Girasol Rojo",Asteraceae,https://inaturalist-open-data.s3.amazonaws.com/photos/75102458/medium.jpg,iNaturalist,Alabama | Alaska | Arizona | Arkansas | California | Colorado | Connecticut | Delaware | Florida | Georgia | Illinois | Indiana | Iowa | Kansas | Louisiana | Maine | Massachusetts | Michigan | Minnesota | Mississippi | Missouri | Nebraska | Nevada | New Hampshire | New Mexico | New York | North Carolina | Ohio | Oklahoma | Pennsylvania | South Carolina | South Dakota | Tennessee | Texas | Vermont | Virginia | Wisconsin,Herb,Annual,2,11,Low,"Sandy or calcareous soils, often disturbed places, mostly in grasslands or open places.",Dry,Circumneutral (pH 6.8-7.2),TRUE,TRUE,FALSE,FALSE,TRUE,FALSE,"Red , Yellow , Brown",TRUE,TRUE,TRUE,TRUE,TRUE,TRUE,TRUE,TRUE,TRUE,TRUE,TRUE,TRUE,FALSE,FALSE,FALSE,FALSE,FALSE,FALSE,FALSE,TRUE,FALSE
PLANT-00413,Galearis spectabilis,"Showy Orchid, Purple-hooded Orchid, Gay Orchid","Showy Orchid, Purple-hooded Orchid, Gay Orchid",Orchidaceae,https://inaturalist-open-data.s3.amazonaws.com/photos/127592874/medium.jpg,iNaturalist,Alabama | Arkansas | Connecticut | Delaware | Georgia | Illinois | Indiana | Iowa | Kansas | Kentucky | Maine | Maryland | Massachusetts | Michigan | Minnesota | Mississippi | Missouri | Nebraska | New Hampshire | New Jersey | New York | North Carolina | Ohio | Oklahoma | Pennsylvania | Rhode Island | South Carolina | Tennessee | Vermont | Virginia | West Virginia | Wisconsin,Herb,Herbaceous perennial,4,7,Medium,,,,FALSE,FALSE,FALSE,FALSE,FALSE,FALSE,"White , Pink , Purple",FALSE,FALSE,TRUE,TRUE,TRUE,TRUE,FALSE,FALSE,FALSE,FALSE,FALSE,FALSE,FALSE,FALSE,FALSE,FALSE,FALSE,FALSE,FALSE,TRUE,FALSE
PLANT-00414,Galium boreale,Northern Bedstraw,Northern Bedstraw,Rubiaceae,https://inaturalist-open-data.s3.amazonaws.com/photos/62348964/medium.jpeg,iNaturalist,Alaska | Arizona | California | Colorado | Connecticut | Delaware | Idaho | Illinois | Indiana | Iowa | Kentucky | Maine | Massachusetts | Michigan | Minnesota | Missouri | Montana | Nebraska | Nevada | New Hampshire | New Jersey | New Mexico | New York | North Dakota | Ohio | Oregon | Pennsylvania | Rhode Island | South Dakota | Tennessee | Texas | Utah | Vermont | Virginia | Washington | West Virginia | Wisconsin | Wyoming,Herb,Herbaceous perennial,4,8,Low,"Moist, sometimes rocky, soils.",Moist,Acidic (pH<6.8),TRUE,TRUE,TRUE,FALSE,TRUE,FALSE,White,FALSE,FALSE,FALSE,FALSE,TRUE,TRUE,TRUE,TRUE,TRUE,FALSE,FALSE,FALSE,TRUE,FALSE,FALSE,FALSE,TRUE,FALSE,TRUE,TRUE,TRUE
PLANT-00415,Galium circaezans,Licorice Bedstraw,Licorice Bedstraw,Rubiaceae,https://inaturalist-open-data.s3.amazonaws.com/photos/45357/medium.jpg,iNaturalist,Alabama | Illinois | Kansas | Kentucky | Louisiana | Maine | Maryland | Michigan | Missouri | New Hampshire | New York | North Carolina | Ohio | Oklahoma | South Dakota | Tennessee | Texas | Vermont | Virginia,Subshrub,Herbaceous perennial,4,8,Medium,,,,FALSE,FALSE,FALSE,FALSE,FALSE,FALSE,Green,FALSE,FALSE,FALSE,FALSE,TRUE,TRUE,TRUE,TRUE,FALSE,FALSE,FALSE,FALSE,FALSE,FALSE,FALSE,FALSE,FALSE,FALSE,FALSE,TRUE,FALSE
PLANT-00416,Gaultheria procumbens,"Eastern Teaberry, Wintergreen, Checkerberry","Eastern Teaberry, Wintergreen, Checkerberry",Ericaceae,https://inaturalist-open-data.s3.amazonaws.com/photos/17301/medium.jpg,iNaturalist,Alabama | Connecticut | Delaware | Georgia | Illinois | Indiana | Kentucky | Maine | Maryland | Michigan | Minnesota | New Hampshire | New Jersey | New York | North Carolina | Ohio | Pennsylvania | Rhode Island | South Carolina | Tennessee | Vermont | Virginia | West Virginia | Wisconsin,Shrub,Broadleaf evergreen,3,8,Low,Very variable.,"Dry , Moist",Acidic (pH<6.8),FALSE,TRUE,TRUE,TRUE,FALSE,FALSE,"White , Pink",FALSE,FALSE,FALSE,FALSE,FALSE,TRUE,TRUE,TRUE,TRUE,FALSE,FALSE,FALSE,FALSE,FALSE,FALSE,FALSE,FALSE,FALSE,FALSE,TRUE,FALSE
PLANT-00417,Gaura lindheimeri,Lindheimer's beeblossom,Lindheimer's beeblossom,,https://inaturalist-open-data.s3.amazonaws.com/photos/106545467/medium.jpg,iNaturalist,Louisiana | Oklahoma | Texas,,Herbaceous perennial,5,9,Medium,,,,FALSE,FALSE,FALSE,FALSE,FALSE,FALSE,,FALSE,FALSE,FALSE,FALSE,FALSE,FALSE,FALSE,FALSE,FALSE,FALSE,FALSE,FALSE,FALSE,FALSE,FALSE,FALSE,FALSE,FALSE,FALSE,FALSE,FALSE
PLANT-00418,Gelsemium sempervirens,"Carolina Jessamine, Yellow Jessamine, Evening Trumpetflower, Poor Man's Rope","Carolina Jessamine, Yellow Jessamine, Evening Trumpetflower, Poor Man's Rope",Loganiaceae,https://inaturalist-open-data.s3.amazonaws.com/photos/60591012/medium.jpg,iNaturalist,Alabama | Arkansas | Florida | Georgia | Louisiana | Mississippi | North Carolina | South Carolina | Tennessee | Texas | Virginia,Vine,Vine,7,10,Low,"Moist, well-drained, humus-rich soil. pH adaptable. Sandy, Sandy Loam, Medium Loam, Clay Loam, Clay.",Moist,"Acidic (pH<6.8) , Circumneutral (pH 6.8-7.2)",TRUE,TRUE,FALSE,FALSE,TRUE,FALSE,Yellow,TRUE,TRUE,TRUE,TRUE,TRUE,FALSE,FALSE,FALSE,FALSE,FALSE,FALSE,TRUE,FALSE,FALSE,FALSE,FALSE,FALSE,FALSE,FALSE,TRUE,FALSE
PLANT-00419,Gentiana alba,"Plain Gentian, Yellow Gentian, Cream Gentian","Plain Gentian, Yellow Gentian, Cream Gentian",Gentianaceae,https://inaturalist-open-data.s3.amazonaws.com/photos/559206120/medium.jpg,iNaturalist,Arkansas | Illinois | Indiana | Iowa | Kansas | Kentucky | Maryland | Michigan | Minnesota | Missouri | Nebraska | North Carolina | Ohio | Oklahoma | Pennsylvania | West Virginia | Wisconsin,Herb,Herbaceous perennial,3,7,Medium,"Moist, well-drained soils.",Moist,,FALSE,TRUE,FALSE,FALSE,FALSE,FALSE,White,FALSE,FALSE,FALSE,FALSE,FALSE,FALSE,FALSE,TRUE,TRUE,TRUE,FALSE,FALSE,FALSE,FALSE,FALSE,FALSE,FALSE,FALSE,FALSE,TRUE,FALSE
PLANT-00420,Gentiana andrewsii,"Closed Bottle Gentian, Closed Gentian, Bottle Gentian","Closed Bottle Gentian, Closed Gentian, Bottle Gentian",Gentianaceae,https://inaturalist-open-data.s3.amazonaws.com/photos/6893506/medium.jpeg,iNaturalist,Alabama | Arkansas | Colorado | Connecticut | Delaware | Georgia | Illinois | Indiana | Iowa | Kentucky | Maryland | Massachusetts | Michigan | Minnesota | Missouri | Nebraska | New Hampshire | New Jersey | New York | North Dakota | Ohio | Pennsylvania | Rhode Island | South Dakota | Vermont | Virginia | West Virginia | Wisconsin,Herb,Herbaceous perennial,3,7,Low,"Humus-rich, slightly acidic, sandy loam. Tolerant of lime.","Moist , Wet","Acidic (pH<6.8) , Circumneutral (pH 6.8-7.2)",FALSE,TRUE,TRUE,FALSE,TRUE,TRUE,"White , Blue , Purple",FALSE,FALSE,FALSE,FALSE,FALSE,FALSE,TRUE,TRUE,TRUE,TRUE,FALSE,FALSE,FALSE,FALSE,FALSE,FALSE,FALSE,FALSE,FALSE,TRUE,FALSE
PLANT-00421,Geranium maculatum,"Spotted Geranium, Wild Geranium, Cranesbill","Spotted Geranium, Wild Geranium, Cranesbill",Geraniaceae,https://inaturalist-open-data.s3.amazonaws.com/photos/3489641/medium.JPG,iNaturalist,Alabama | Arkansas | Connecticut | Delaware | Georgia | Illinois | Indiana | Iowa | Kansas | Kentucky | Louisiana | Maine | Maryland | Michigan | Minnesota | Mississippi | Missouri | Nebraska | New Hampshire | New Jersey | New York | North Carolina | North Dakota | Ohio | Oklahoma | Pennsylvania | Rhode Island | South Carolina | South Dakota | Tennessee | Vermont | Virginia | West Virginia | Wisconsin,Herb,Herbaceous perennial,3,8,Medium,"Rich, acid",Moist,Acidic (pH<6.8),FALSE,TRUE,TRUE,FALSE,TRUE,FALSE,"White , Pink , Purple",FALSE,FALSE,TRUE,TRUE,TRUE,TRUE,TRUE,FALSE,FALSE,FALSE,FALSE,FALSE,FALSE,FALSE,FALSE,FALSE,FALSE,FALSE,FALSE,TRUE,FALSE
PLANT-00422,Geranium maculatum f. albiflorum,wild geranium,wild geranium,,,,Connecticut | Indiana | Maine | Massachusetts | Michigan | New Hampshire | New Jersey | New York | Ohio | Pennsylvania | Rhode Island | Vermont | West Virginia,,Herbaceous perennial,3,8,Medium,,,,FALSE,FALSE,FALSE,FALSE,FALSE,FALSE,,FALSE,FALSE,FALSE,FALSE,FALSE,FALSE,FALSE,FALSE,FALSE,FALSE,FALSE,FALSE,FALSE,FALSE,FALSE,FALSE,FALSE,FALSE,FALSE,FALSE,FALSE
PLANT-00423,Geum rivale,"Purple Avens, Water Avens","Purple Avens, Water Avens",Rosaceae,https://inaturalist-open-data.s3.amazonaws.com/photos/3643565/medium.JPG,iNaturalist,Connecticut | Illinois | Indiana | Maine | Maryland | Massachusetts | Michigan | Minnesota | Montana | New Hampshire | New Jersey | New Mexico | New York | North Dakota | Ohio | Pennsylvania | Rhode Island | South Dakota | Vermont | Washington | West Virginia | Wisconsin | Wyoming,Herb,Herbaceous perennial,3,7,Medium,"Wet to moist, acid soils.",Wet,Acidic (pH<6.8),TRUE,FALSE,FALSE,FALSE,FALSE,TRUE,"Yellow , Purple",FALSE,FALSE,FALSE,TRUE,TRUE,TRUE,TRUE,TRUE,FALSE,FALSE,FALSE,FALSE,FALSE,FALSE,FALSE,FALSE,FALSE,FALSE,FALSE,TRUE,FALSE
PLANT-00424,Geum triflorum,"Old Man's Whiskers, Prairie Smoke, Purple Avens","Old Man's Whiskers, Prairie Smoke, Purple Avens",Rosaceae,https://inaturalist-open-data.s3.amazonaws.com/photos/235344228/medium.jpeg,iNaturalist,Arizona | Colorado | Illinois | Iowa | Michigan | Minnesota | Montana | New Mexico | New York | North Dakota | South Dakota | Wisconsin | Wyoming,Herb,Herbaceous perennial,3,7,Low,Thin soil over limestone.,"Dry , Moist",Circumneutral (pH 6.8-7.2),TRUE,TRUE,TRUE,FALSE,TRUE,FALSE,"White , Red , Pink , Yellow , Purple",FALSE,FALSE,FALSE,TRUE,TRUE,TRUE,FALSE,FALSE,FALSE,FALSE,FALSE,FALSE,FALSE,FALSE,FALSE,FALSE,FALSE,FALSE,FALSE,TRUE,FALSE
PLANT-00425,Gillenia stipulata,American Ipecac,American Ipecac,Rosaceae,https://static.inaturalist.org/photos/1931811/medium.jpg,iNaturalist,Alabama | Arkansas | Georgia | Illinois | Indiana | Kansas | Kentucky | Louisiana | Maryland | Michigan | Mississippi | Missouri | New York | North Carolina | Ohio | Oklahoma | Pennsylvania | Tennessee | Texas | Virginia | West Virginia,Herb,Herbaceous perennial,4,8,Low,,,,FALSE,FALSE,FALSE,FALSE,FALSE,FALSE,"White , Pink",FALSE,FALSE,FALSE,TRUE,TRUE,TRUE,TRUE,FALSE,FALSE,FALSE,FALSE,FALSE,FALSE,FALSE,FALSE,FALSE,FALSE,FALSE,FALSE,TRUE,FALSE
PLANT-00426,Glandularia canadensis,"Rose Vervain, Sweet William, Rose Mock Vervain","Rose Vervain, Sweet William, Rose Mock Vervain",Verbenaceae,https://static.inaturalist.org/photos/368776321/medium.jpg,iNaturalist,Alabama | Arkansas | Colorado | Connecticut | Florida | Georgia | Illinois | Indiana | Iowa | Kansas | Kentucky | Louisiana | Michigan | Minnesota | Mississippi | Missouri | Nebraska | New Mexico | New York | North Carolina | Ohio | Oklahoma | Pennsylvania | South Carolina | Tennessee | Texas | Virginia | West Virginia | Wisconsin,Herb,Herbaceous perennial,5,9,Low,"Poor, acidic, sandy or rocky, moist but well-drained soils",Moist,Acidic (pH<6.8),FALSE,TRUE,FALSE,FALSE,TRUE,FALSE,Pink,FALSE,TRUE,TRUE,TRUE,TRUE,TRUE,TRUE,TRUE,TRUE,FALSE,FALSE,FALSE,FALSE,FALSE,FALSE,FALSE,FALSE,FALSE,FALSE,TRUE,FALSE
PLANT-00427,Gleditsia triacanthos,"Honey Locust, Common Honey Locust, Thorny Common Honey Locust, Honey Shucks Locust, Sweet Locust, Thorny Locust, Honey Shucks, Sweet Bean Tree","Honey Locust, Common Honey Locust, Thorny Common Honey Locust, Honey Shucks Locust, Sweet Locust, Thorny Locust, Honey Shucks, Sweet Bean Tree",Fabaceae,https://static.inaturalist.org/photos/18938610/medium.jpeg,iNaturalist,Alabama | Arkansas | Delaware | Florida | Georgia | Illinois | Indiana | Iowa | Kansas | Kentucky | Louisiana | Maryland | Michigan | Minnesota | Mississippi | Missouri | Nebraska | North Carolina | North Dakota | Ohio | Oklahoma | Pennsylvania | South Carolina | South Dakota | Tennessee | Texas | Virginia | West Virginia | Wisconsin,Tree,Tree,3,8,Medium,"Moist, deep, well-drained soil. Medium Loam, Clay Loam, Clay",Moist,Circumneutral (pH 6.8-7.2),FALSE,TRUE,FALSE,FALSE,TRUE,FALSE,Yellow,FALSE,FALSE,FALSE,FALSE,TRUE,TRUE,FALSE,FALSE,FALSE,FALSE,FALSE,FALSE,FALSE,FALSE,FALSE,FALSE,FALSE,FALSE,FALSE,TRUE,FALSE
PLANT-00428,Gomphrena haageana,Rio Grande Globe Amaranth,Rio Grande Globe Amaranth,Amaranthaceae,https://inaturalist-open-data.s3.amazonaws.com/photos/106282981/medium.jpeg,iNaturalist,New Mexico | Texas,Herb,Herbaceous perennial,9,11,Low,,,,FALSE,FALSE,FALSE,FALSE,FALSE,FALSE,"Red , Pink , Purple",FALSE,FALSE,FALSE,FALSE,FALSE,FALSE,FALSE,FALSE,TRUE,TRUE,TRUE,FALSE,FALSE,FALSE,FALSE,FALSE,FALSE,FALSE,FALSE,TRUE,FALSE
PLANT-00429,Goodyera pubescens,Downy Rattlesnake Plantain,Downy Rattlesnake Plantain,Orchidaceae,https://inaturalist-open-data.s3.amazonaws.com/photos/294543324/medium.png,iNaturalist,Alabama | Arkansas | Connecticut | Delaware | Florida | Georgia | Indiana | Kentucky | Maine | Maryland | Massachusetts | Michigan | Mississippi | Missouri | New Hampshire | New Jersey | New York | North Carolina | Ohio | Oklahoma | Pennsylvania | Rhode Island | South Carolina | Tennessee | Vermont | Virginia | West Virginia,Herb,Orchid,5,9,Medium,"Clay, Loam, Sand","Dry , Moist",,FALSE,TRUE,FALSE,FALSE,FALSE,FALSE,White,FALSE,FALSE,FALSE,FALSE,TRUE,TRUE,TRUE,TRUE,TRUE,FALSE,FALSE,FALSE,FALSE,FALSE,FALSE,FALSE,FALSE,FALSE,FALSE,TRUE,FALSE
PLANT-00430,Grindelia lanceolata,"Narrowleaf Gumweed, Fall Gumweed","Narrowleaf Gumweed, Fall Gumweed",Asteraceae,https://inaturalist-open-data.s3.amazonaws.com/photos/2335705/medium.jpg,iNaturalist,Alabama | Arkansas | Connecticut | Kansas | Kentucky | Louisiana | Mississippi | Missouri | New Mexico | Ohio | Oklahoma | Tennessee | Texas | Virginia | Wisconsin,Biennial,Herbaceous perennial,4,8,Low,,,,FALSE,FALSE,FALSE,FALSE,FALSE,FALSE,Yellow,FALSE,FALSE,FALSE,FALSE,FALSE,TRUE,TRUE,TRUE,TRUE,TRUE,FALSE,FALSE,FALSE,FALSE,FALSE,FALSE,FALSE,FALSE,FALSE,TRUE,FALSE
PLANT-00431,Guaiacum sanctum,lignum vitae,lignum vitae,,https://inaturalist-open-data.s3.amazonaws.com/photos/175155623/medium.jpg,iNaturalist,Florida,,Broadleaf evergreen,10,11,Low,,,,FALSE,FALSE,FALSE,FALSE,FALSE,FALSE,,FALSE,FALSE,FALSE,FALSE,FALSE,FALSE,FALSE,FALSE,FALSE,FALSE,FALSE,FALSE,FALSE,FALSE,FALSE,FALSE,FALSE,FALSE,FALSE,FALSE,FALSE
PLANT-00432,Gymnocladus dioicus,"Kentucky Coffeetree, Stump Tree","Kentucky Coffeetree, Stump Tree",Fabaceae,https://inaturalist-open-data.s3.amazonaws.com/photos/71051208/medium.jpg,iNaturalist,Alabama | Arkansas | Connecticut | Illinois | Indiana | Iowa | Kansas | Kentucky | Maryland | Michigan | Minnesota | Mississippi | Missouri | Nebraska | New York | North Dakota | Ohio | Oklahoma | Pennsylvania | South Carolina | South Dakota | Tennessee | Texas | Virginia | West Virginia | Wisconsin,Tree,Tree,3,8,Low,"Deep, rich, moist sandy loams or silty clays.","Dry , Moist",Circumneutral (pH 6.8-7.2),TRUE,TRUE,TRUE,FALSE,FALSE,FALSE,"White , Green , Brown",FALSE,FALSE,FALSE,FALSE,FALSE,TRUE,FALSE,FALSE,FALSE,FALSE,FALSE,FALSE,FALSE,FALSE,FALSE,FALSE,FALSE,FALSE,FALSE,TRUE,FALSE
PLANT-00433,Halesia carolina,Carolina Silverbell,Carolina Silverbell,Styracaceae,https://static.inaturalist.org/photos/34034090/medium.jpg,iNaturalist,Alabama | Arkansas | Florida | Georgia | Illinois | Indiana | Kentucky | Massachusetts | Michigan | Mississippi | New Jersey | New York | North Carolina | Ohio | Oklahoma | Pennsylvania | South Carolina | Tennessee | Virginia | West Virginia,Tree,Tree,4,8,Low,,,,FALSE,FALSE,TRUE,FALSE,TRUE,FALSE,White,FALSE,FALSE,TRUE,TRUE,TRUE,FALSE,FALSE,FALSE,FALSE,FALSE,FALSE,FALSE,FALSE,FALSE,FALSE,FALSE,FALSE,FALSE,FALSE,TRUE,FALSE
PLANT-00434,Halesia diptera,"Two-wing Silverbell, Two-winged Silverbell, Silverbell, American Snowdrop Tree, Snowdrop Tree, Snowbell, Cowlicks","Two-wing Silverbell, Two-winged Silverbell, Silverbell, American Snowdrop Tree, Snowdrop Tree, Snowbell, Cowlicks",Styracaceae,https://inaturalist-open-data.s3.amazonaws.com/photos/1653811/medium.JPG,iNaturalist,Alabama | Arkansas | Florida | Georgia | Louisiana | Mississippi | South Carolina | Texas,Shrub,Tree,5,8,Low,"Rich, well-drained soils. Sandy, Sandy Loam, Medium Loam, Acid-based",Dry,Acidic (pH<6.8),FALSE,TRUE,FALSE,FALSE,TRUE,FALSE,White,FALSE,FALSE,TRUE,TRUE,TRUE,TRUE,FALSE,FALSE,FALSE,FALSE,FALSE,FALSE,FALSE,FALSE,FALSE,FALSE,FALSE,FALSE,FALSE,TRUE,FALSE
PLANT-00435,Halesia monticola,silverbell tree,silverbell tree,,https://static.inaturalist.org/photos/34034090/medium.jpg,iNaturalist,Georgia | Kentucky | North Carolina | Tennessee,,Tree,5,8,Low,,,,FALSE,FALSE,FALSE,FALSE,FALSE,FALSE,,FALSE,FALSE,FALSE,FALSE,FALSE,FALSE,FALSE,FALSE,FALSE,FALSE,FALSE,FALSE,FALSE,FALSE,FALSE,FALSE,FALSE,FALSE,FALSE,FALSE,FALSE
PLANT-00436,Hamamelis vernalis,"Ozark Witch-hazel, Vernal Witch-hazel","Ozark Witch-hazel, Vernal Witch-hazel",Hamamelidaceae,https://inaturalist-open-data.s3.amazonaws.com/photos/1529016/medium.jpg,iNaturalist,Arkansas | Louisiana | Missouri | Oklahoma | Texas,Shrub,Deciduous shrub,4,8,Low,Gravelly to clay soils.,,Acidic (pH<6.8),FALSE,TRUE,FALSE,FALSE,FALSE,FALSE,"Red , Orange , Yellow",TRUE,TRUE,TRUE,FALSE,FALSE,FALSE,FALSE,FALSE,FALSE,FALSE,FALSE,TRUE,FALSE,FALSE,FALSE,FALSE,FALSE,FALSE,FALSE,TRUE,FALSE
PLANT-00437,Hamamelis virginiana,"Witch-hazel, American Witch-hazel, Common Witch-hazel, Winterbloom, Snapping Hazelnut, Striped Alder, Spotted Alder, Tobacco-wood, Water-witch","Witch-hazel, American Witch-hazel, Common Witch-hazel, Winterbloom, Snapping Hazelnut, Striped Alder, Spotted Alder, Tobacco-wood, Water-witch",Hamamelidaceae,https://inaturalist-open-data.s3.amazonaws.com/photos/102104076/medium.jpeg,iNaturalist,Alabama | Arkansas | Connecticut | Delaware | Florida | Georgia | Illinois | Indiana | Iowa | Kentucky | Louisiana | Maine | Maryland | Massachusetts | Michigan | Minnesota | Mississippi | Missouri | New Hampshire | New Jersey | New York | North Carolina | Ohio | Oklahoma | Pennsylvania | Rhode Island | South Carolina | Tennessee | Texas | Vermont | Virginia | West Virginia | Wisconsin,Tree,Deciduous shrub,3,8,Low,"Rich, well-drained soil. Sandy, Sandy Loam, Medium Loam, Clay Loam, Clay, Acid-based, Calcareous","Dry , Moist",Acidic (pH<6.8),FALSE,TRUE,TRUE,FALSE,TRUE,FALSE,"Orange , Yellow , Green , Brown",FALSE,FALSE,FALSE,FALSE,FALSE,FALSE,FALSE,FALSE,TRUE,TRUE,TRUE,TRUE,FALSE,FALSE,FALSE,FALSE,FALSE,FALSE,FALSE,TRUE,FALSE
PLANT-00438,Hasteola suaveolens,"False Indian Plantain, Sweet Indian Plantain","False Indian Plantain, Sweet Indian Plantain",Asteraceae,https://inaturalist-open-data.s3.amazonaws.com/photos/9558215/medium.jpg,iNaturalist,Connecticut | Georgia | Illinois | Indiana | Iowa | Kentucky | Maine | Maryland | Massachusetts | Minnesota | Missouri | New Jersey | New York | North Carolina | Ohio | Pennsylvania | Rhode Island | Tennessee | Virginia | West Virginia | Wisconsin,Herb,Herbaceous perennial,5,8,Low,,,,FALSE,FALSE,FALSE,FALSE,FALSE,FALSE,"White , Pink",FALSE,FALSE,FALSE,FALSE,FALSE,FALSE,FALSE,TRUE,TRUE,TRUE,TRUE,FALSE,FALSE,FALSE,FALSE,FALSE,FALSE,FALSE,FALSE,TRUE,FALSE
PLANT-00439,Heimia salicifolia,shrubby yellowcrest,shrubby yellowcrest,,https://inaturalist-open-data.s3.amazonaws.com/photos/204567766/medium.jpeg,iNaturalist,Arizona | California | Nevada | Utah,,Deciduous shrub,9,11,Medium,,,,FALSE,FALSE,FALSE,FALSE,FALSE,FALSE,,FALSE,FALSE,FALSE,FALSE,FALSE,FALSE,FALSE,FALSE,FALSE,FALSE,FALSE,FALSE,FALSE,FALSE,FALSE,FALSE,FALSE,FALSE,FALSE,FALSE,FALSE
PLANT-00440,Helenium amarum,"Yellow Sneezeweed, Bitterweed, Yellow Bitterweed, Yellowdicks, Slender-leaved Sneezeweed, Fine-leaved Sneezweed, Yellow Dog-fennel","Yellow Sneezeweed, Bitterweed, Yellow Bitterweed, Yellowdicks, Slender-leaved Sneezeweed, Fine-leaved Sneezweed, Yellow Dog-fennel",Asteraceae,https://inaturalist-open-data.s3.amazonaws.com/photos/449507154/medium.jpg,iNaturalist,Louisiana | New Mexico | Oklahoma | Texas,Herb,Annual,3,10,Low,"Disturbed, Acid-based, Calcareous, Limestone-based, Sandy, Sandy Loam, Medium Loam, Clay Loam, Clay.",Dry,,FALSE,TRUE,FALSE,TRUE,FALSE,FALSE,Yellow,FALSE,TRUE,TRUE,TRUE,TRUE,TRUE,TRUE,TRUE,TRUE,TRUE,TRUE,TRUE,FALSE,FALSE,FALSE,FALSE,FALSE,FALSE,FALSE,TRUE,FALSE
PLANT-00441,Helenium autumnale,"Common Sneezeweed, Fall Sneezeweed, Autumn Sneezeweed","Common Sneezeweed, Fall Sneezeweed, Autumn Sneezeweed",Asteraceae,https://inaturalist-open-data.s3.amazonaws.com/photos/168217302/medium.jpg,iNaturalist,Alabama | Arizona | Arkansas | California | Colorado | Connecticut | Delaware | Florida | Georgia | Idaho | Illinois | Indiana | Iowa | Kansas | Kentucky | Louisiana | Maine | Maryland | Massachusetts | Michigan | Minnesota | Mississippi | Missouri | Montana | Nebraska | Nevada | New Jersey | New Mexico | New York | North Carolina | North Dakota | Ohio | Oklahoma | Oregon | Pennsylvania | Rhode Island | South Carolina | South Dakota | Tennessee | Texas | Utah | Vermont | Virginia | Washington | West Virginia | Wisconsin | Wyoming,Herb,Herbaceous perennial,3,8,Medium,Moist clay soils.,Moist,,TRUE,FALSE,FALSE,FALSE,TRUE,FALSE,Yellow,FALSE,FALSE,FALSE,FALSE,FALSE,FALSE,TRUE,TRUE,TRUE,TRUE,FALSE,FALSE,FALSE,FALSE,FALSE,FALSE,FALSE,FALSE,FALSE,TRUE,FALSE
PLANT-00442,Helenium flexuosum,"Purplehead Sneezeweed, Purple-head Sneezeweed","Purplehead Sneezeweed, Purple-head Sneezeweed",Asteraceae,https://inaturalist-open-data.s3.amazonaws.com/photos/146472961/medium.jpeg,iNaturalist,Alabama | Arkansas | Connecticut | Delaware | Florida | Georgia | Illinois | Indiana | Kansas | Kentucky | Louisiana | Maine | Maryland | Massachusetts | Michigan | Minnesota | Mississippi | Missouri | New Hampshire | New Jersey | New York | North Carolina | Ohio | Oklahoma | Pennsylvania | Rhode Island | South Carolina | Tennessee | Texas | Vermont | Virginia | West Virginia | Wisconsin,Herb,Herbaceous perennial,5,9,Medium,,,,TRUE,FALSE,FALSE,TRUE,FALSE,FALSE,"Yellow , Purple , Brown",FALSE,FALSE,FALSE,TRUE,TRUE,TRUE,TRUE,TRUE,TRUE,TRUE,FALSE,FALSE,FALSE,FALSE,FALSE,FALSE,FALSE,FALSE,FALSE,TRUE,FALSE
PLANT-00443,Helenium virginicum,sneezeweed,sneezeweed,,https://inaturalist-open-data.s3.amazonaws.com/photos/94794987/medium.jpeg,iNaturalist,Missouri | Virginia,,Herbaceous perennial,5,8,Low,,,,FALSE,FALSE,FALSE,FALSE,FALSE,FALSE,,FALSE,FALSE,FALSE,FALSE,FALSE,FALSE,FALSE,FALSE,FALSE,FALSE,FALSE,FALSE,FALSE,FALSE,FALSE,FALSE,FALSE,FALSE,FALSE,FALSE,FALSE
PLANT-00444,Helianthella quinquenervis,Fivenerve Helianthella,Fivenerve Helianthella,Asteraceae,https://inaturalist-open-data.s3.amazonaws.com/photos/215824611/medium.jpeg,iNaturalist,Arizona | Colorado | Idaho | Montana | Nevada | New Mexico | Oregon | South Dakota | Utah | Wyoming,Herb,Herbaceous perennial,3,8,Low,,,,FALSE,FALSE,FALSE,FALSE,FALSE,FALSE,Yellow,FALSE,FALSE,FALSE,FALSE,FALSE,TRUE,TRUE,TRUE,FALSE,FALSE,FALSE,FALSE,FALSE,FALSE,FALSE,FALSE,FALSE,FALSE,FALSE,TRUE,FALSE
PLANT-00445,Helianthus annuus,"Common Sunflower, Annual Sunflower","Common Sunflower, Annual Sunflower",Asteraceae,https://inaturalist-open-data.s3.amazonaws.com/photos/323768723/medium.jpg,iNaturalist,Alaska | Arizona | Arkansas | California | Colorado | Indiana | Kansas | Louisiana | Massachusetts | Missouri | Nevada | New Jersey | New York | North Carolina | Ohio | Oklahoma | Oregon | Rhode Island | South Carolina | South Dakota | Washington | Wisconsin,Herb,Annual,2,11,Low,"Dry, disturbed clays or heavy sands.",Dry,,TRUE,FALSE,FALSE,FALSE,TRUE,FALSE,"Red , Yellow , Brown",FALSE,FALSE,FALSE,FALSE,FALSE,TRUE,TRUE,TRUE,TRUE,TRUE,TRUE,FALSE,FALSE,FALSE,FALSE,FALSE,FALSE,FALSE,FALSE,TRUE,FALSE
PLANT-00446,Helianthus divaricatus,"Woodland Sunflower, Rough Sunflower","Woodland Sunflower, Rough Sunflower",Asteraceae,https://inaturalist-open-data.s3.amazonaws.com/photos/301948903/medium.jpg,iNaturalist,Alabama | Arkansas | Connecticut | Delaware | Florida | Georgia | Illinois | Indiana | Iowa | Kentucky | Louisiana | Maine | Maryland | Massachusetts | Michigan | Mississippi | Missouri | New Hampshire | New Jersey | New York | North Carolina | Ohio | Oklahoma | Pennsylvania | Rhode Island | South Carolina | Tennessee | Vermont | Virginia | West Virginia | Wisconsin,Herb,Herbaceous perennial,3,8,Low,Sandy,Dry,,TRUE,TRUE,TRUE,FALSE,FALSE,FALSE,Yellow,FALSE,FALSE,FALSE,FALSE,FALSE,TRUE,TRUE,TRUE,TRUE,FALSE,FALSE,FALSE,FALSE,FALSE,FALSE,FALSE,FALSE,FALSE,FALSE,TRUE,FALSE
PLANT-00447,Helianthus maximiliani,"Maximilian Sunflower, Max Sunflower","Maximilian Sunflower, Max Sunflower",Asteraceae,https://inaturalist-open-data.s3.amazonaws.com/photos/1456982/medium.JPG,iNaturalist,Alabama | Arkansas | California | Colorado | Connecticut | Idaho | Illinois | Indiana | Iowa | Kansas | Kentucky | Maine | Maryland | Massachusetts | Michigan | Minnesota | Mississippi | Missouri | Montana | Nebraska | New Jersey | New Mexico | New York | North Carolina | North Dakota | Ohio | Oklahoma | Pennsylvania | South Carolina | South Dakota | Tennessee | Texas | Virginia | Washington | West Virginia | Wisconsin | Wyoming,Herb,Herbaceous perennial,4,9,Medium,"Prefers moist clay-like soil, but tolerant of a wide range of soils including Limestone-based, Sandy, Sandy Loam, Medium Loam, Clay Loam, Clay.","Dry , Moist",,TRUE,FALSE,FALSE,TRUE,FALSE,FALSE,"Yellow , Brown",FALSE,FALSE,FALSE,FALSE,FALSE,FALSE,FALSE,TRUE,TRUE,TRUE,TRUE,FALSE,FALSE,FALSE,FALSE,FALSE,FALSE,FALSE,FALSE,TRUE,FALSE
PLANT-00448,Helianthus mollis,"Ashy Sunflower, Downy Sunflower","Ashy Sunflower, Downy Sunflower",Asteraceae,https://inaturalist-open-data.s3.amazonaws.com/photos/142173743/medium.jpg,iNaturalist,Alabama | Arkansas | Connecticut | Delaware | Georgia | Illinois | Indiana | Iowa | Kansas | Kentucky | Louisiana | Maine | Maryland | Massachusetts | Michigan | Mississippi | Missouri | Nebraska | New Jersey | New York | North Carolina | Ohio | Oklahoma | Pennsylvania | Rhode Island | South Carolina | Tennessee | Texas | Virginia | West Virginia | Wisconsin,Herb,Herbaceous perennial,4,9,Low,,,,FALSE,FALSE,FALSE,FALSE,FALSE,FALSE,"Yellow , Brown",FALSE,FALSE,FALSE,FALSE,FALSE,TRUE,TRUE,TRUE,TRUE,FALSE,FALSE,FALSE,FALSE,FALSE,FALSE,FALSE,FALSE,FALSE,FALSE,TRUE,FALSE
PLANT-00449,Helianthus occidentalis,"Fewleaf Sunflower, Western Sunflower","Fewleaf Sunflower, Western Sunflower",Asteraceae,https://inaturalist-open-data.s3.amazonaws.com/photos/1108389/medium.jpg,iNaturalist,Arkansas | Florida | Georgia | Illinois | Indiana | Iowa | Kansas | Kentucky | Louisiana | Maryland | Michigan | Minnesota | Missouri | Nebraska | New Jersey | North Carolina | Ohio | Pennsylvania | Tennessee | Texas | Virginia | West Virginia | Wisconsin,Herb,Herbaceous perennial,4,8,Medium,,"Dry , Moist",,TRUE,FALSE,FALSE,FALSE,FALSE,FALSE,Yellow,FALSE,FALSE,FALSE,FALSE,FALSE,TRUE,TRUE,TRUE,TRUE,TRUE,TRUE,FALSE,FALSE,FALSE,FALSE,FALSE,FALSE,FALSE,FALSE,TRUE,FALSE
PLANT-00450,Helianthus salicifolius,"Willowleaf Sunflower, Willow-leaved Sunflower","Willowleaf Sunflower, Willow-leaved Sunflower",Asteraceae,https://static.inaturalist.org/photos/96232956/medium.jpeg,iNaturalist,Kansas | Missouri | Nebraska | Oklahoma | Texas,Herb,Herbaceous perennial,4,9,Medium,,,,FALSE,FALSE,FALSE,FALSE,FALSE,FALSE,"Red , Yellow",FALSE,FALSE,FALSE,FALSE,FALSE,FALSE,FALSE,TRUE,TRUE,TRUE,TRUE,FALSE,FALSE,FALSE,FALSE,FALSE,FALSE,FALSE,FALSE,TRUE,FALSE
PLANT-00451,Helianthus silphioides,rosinweed sunflower,rosinweed sunflower,,https://inaturalist-open-data.s3.amazonaws.com/photos/17887039/medium.jpeg,iNaturalist,Alabama | Arkansas | Illinois | Kentucky | Louisiana | Mississippi | Missouri | Oklahoma | Tennessee,,Herbaceous perennial,5,9,Low,,,,FALSE,FALSE,FALSE,FALSE,FALSE,FALSE,,FALSE,FALSE,FALSE,FALSE,FALSE,FALSE,FALSE,FALSE,FALSE,FALSE,FALSE,FALSE,FALSE,FALSE,FALSE,FALSE,FALSE,FALSE,FALSE,FALSE,FALSE
PLANT-00452,Helianthus tuberosus,"Jerusalem Artichoke, Sunchoke","Jerusalem Artichoke, Sunchoke",Asteraceae,https://inaturalist-open-data.s3.amazonaws.com/photos/47843108/medium.jpg,iNaturalist,Alabama | Arkansas | California | Colorado | Connecticut | Delaware | Florida | Idaho | Illinois | Indiana | Iowa | Kansas | Louisiana | Maine | Maryland | Massachusetts | Michigan | Minnesota | Missouri | Montana | Nebraska | New Jersey | New York | North Carolina | Ohio | Oklahoma | Oregon | Rhode Island | South Carolina | South Dakota | Texas | Utah | Vermont | Virginia | Washington | West Virginia | Wisconsin | Wyoming,Herb,Herbaceous perennial,3,9,Low,Moist to drying soil.,"Dry , Moist",,TRUE,FALSE,FALSE,TRUE,FALSE,FALSE,Yellow,FALSE,FALSE,FALSE,FALSE,FALSE,FALSE,FALSE,TRUE,TRUE,TRUE,TRUE,FALSE,FALSE,FALSE,FALSE,FALSE,FALSE,FALSE,FALSE,TRUE,FALSE
PLANT-00453,Heliopsis helianthoides,"Smooth Oxeye, Oxeye Sunflower, False Sunflower","Smooth Oxeye, Oxeye Sunflower, False Sunflower",Asteraceae,https://inaturalist-open-data.s3.amazonaws.com/photos/309143453/medium.jpeg,iNaturalist,Alabama | Arkansas | Colorado | Connecticut | Delaware | Florida | Georgia | Illinois | Indiana | Iowa | Kansas | Kentucky | Louisiana | Maine | Maryland | Massachusetts | Michigan | Minnesota | Mississippi | Missouri | Nebraska | New Hampshire | New Jersey | New Mexico | New York | North Carolina | North Dakota | Ohio | Oklahoma | Pennsylvania | Rhode Island | South Carolina | South Dakota | Tennessee | Texas | Vermont | Virginia | Washington | West Virginia | Wisconsin,Herb,Herbaceous perennial,3,9,Low,Sandy soils.,Dry,,TRUE,TRUE,FALSE,TRUE,FALSE,FALSE,Yellow,FALSE,FALSE,FALSE,FALSE,FALSE,TRUE,TRUE,TRUE,TRUE,FALSE,FALSE,FALSE,FALSE,FALSE,FALSE,FALSE,FALSE,FALSE,FALSE,TRUE,FALSE
PLANT-00454,Heliopsis helianthoides var. scabra,Smooth Oxeye,Smooth Oxeye,Asteraceae,,,Arkansas | Colorado | Connecticut | Illinois | Indiana | Iowa | Kansas | Kentucky | Louisiana | Maine | Massachusetts | Michigan | Minnesota | Missouri | Nebraska | New Hampshire | New Mexico | North Dakota | Ohio | Oklahoma | Rhode Island | South Dakota | Texas | Vermont | Wisconsin,Herb,Herbaceous perennial,3,9,Low,,,,FALSE,FALSE,FALSE,FALSE,FALSE,FALSE,Yellow,FALSE,FALSE,FALSE,FALSE,TRUE,TRUE,TRUE,TRUE,TRUE,FALSE,FALSE,FALSE,FALSE,FALSE,FALSE,FALSE,FALSE,FALSE,FALSE,TRUE,FALSE
PLANT-00455,Hesperaloe parviflora,"Red Yucca, Coral Yucca, Red-flowered False Yucca, Redflower False Yucca, Yellow Yucca, Hummingbird Yucca, Samandoque","Red Yucca, Coral Yucca, Red-flowered False Yucca, Redflower False Yucca, Yellow Yucca, Hummingbird Yucca, Samandoque",Agavaceae,https://inaturalist-open-data.s3.amazonaws.com/photos/50202635/medium.jpeg,iNaturalist,Texas,Cactus/Succulent,Broadleaf evergreen,5,10,Low,"Dry soils. Sandy, Sandy Loam, Medium Loam, Clay Loam, Clay, Limestone-based, Caliche type",Dry,Circumneutral (pH 6.8-7.2),TRUE,FALSE,FALSE,TRUE,FALSE,FALSE,"Red , Yellow",FALSE,TRUE,TRUE,TRUE,TRUE,TRUE,TRUE,FALSE,FALSE,FALSE,FALSE,FALSE,FALSE,FALSE,FALSE,FALSE,FALSE,FALSE,FALSE,TRUE,FALSE
PLANT-00456,Heterotheca camporum,golden aster,golden aster,,https://inaturalist-open-data.s3.amazonaws.com/photos/5647562/medium.jpeg,iNaturalist,Arkansas | Illinois | Indiana | Missouri,,Herbaceous perennial,4,8,Low,,,,FALSE,FALSE,FALSE,FALSE,FALSE,FALSE,,FALSE,FALSE,FALSE,FALSE,FALSE,FALSE,FALSE,FALSE,FALSE,FALSE,FALSE,FALSE,FALSE,FALSE,FALSE,FALSE,FALSE,FALSE,FALSE,FALSE,FALSE
PLANT-00457,Heuchera americana,"American Alumroot, Alumroot","American Alumroot, Alumroot",Saxifragaceae,https://inaturalist-open-data.s3.amazonaws.com/photos/3469537/medium.jpg,iNaturalist,Alabama | Arkansas | Connecticut | Delaware | Georgia | Illinois | Indiana | Kentucky | Louisiana | Maryland | Michigan | Mississippi | Missouri | New Jersey | New York | North Carolina | Ohio | Oklahoma | Pennsylvania | South Carolina | Tennessee | Virginia | West Virginia,Herb,Herbaceous perennial,4,9,Low,"Well-drained, humus-rich, acid soils, sometimes rocky. Tolerates poor soil, low moisture, and lime.","Dry , Moist",Acidic (pH<6.8),FALSE,TRUE,TRUE,TRUE,TRUE,FALSE,"Red , Green , Purple , Brown",FALSE,FALSE,TRUE,TRUE,TRUE,TRUE,TRUE,TRUE,FALSE,FALSE,FALSE,FALSE,FALSE,FALSE,FALSE,FALSE,FALSE,FALSE,FALSE,TRUE,FALSE
PLANT-00458,Heuchera cylindrica,"Roundleaf Alumroot, Poker Heuchera","Roundleaf Alumroot, Poker Heuchera",Saxifragaceae,https://static.inaturalist.org/photos/142039331/medium.jpg,iNaturalist,California | Idaho | Montana | Nevada | New Mexico | Oregon | Washington | Wyoming,Herb,Herbaceous perennial,3,8,Medium,,,,FALSE,TRUE,TRUE,TRUE,FALSE,FALSE,White,FALSE,FALSE,FALSE,TRUE,TRUE,TRUE,TRUE,TRUE,FALSE,FALSE,FALSE,FALSE,TRUE,FALSE,FALSE,FALSE,FALSE,TRUE,TRUE,TRUE,TRUE
PLANT-00459,Heuchera parviflora,Littleflower Alumroot,Littleflower Alumroot,Saxifragaceae,https://static.inaturalist.org/photos/299981367/medium.jpg,iNaturalist,Alabama | Georgia | Illinois | Indiana | Kentucky | Mississippi | Missouri | North Carolina | Ohio | South Carolina | Tennessee | Virginia | West Virginia,Herb,Herbaceous perennial,5,9,Low,,,,FALSE,FALSE,FALSE,FALSE,FALSE,FALSE,"White , Pink",FALSE,FALSE,FALSE,FALSE,FALSE,FALSE,TRUE,TRUE,TRUE,FALSE,FALSE,FALSE,FALSE,FALSE,FALSE,FALSE,FALSE,FALSE,FALSE,TRUE,FALSE
PLANT-00460,Heuchera parviflora var. puberula,littleflower alumroot,littleflower alumroot,,,,Arkansas | Illinois | Indiana | Kentucky | Missouri | Tennessee,,Herbaceous perennial,5,9,Low,,,,FALSE,FALSE,FALSE,FALSE,FALSE,FALSE,,FALSE,FALSE,FALSE,FALSE,FALSE,FALSE,FALSE,FALSE,FALSE,FALSE,FALSE,FALSE,FALSE,FALSE,FALSE,FALSE,FALSE,FALSE,FALSE,FALSE,FALSE
PLANT-00461,Heuchera richardsonii,"Richardson's Alumroot, Prairie Alumroot","Richardson's Alumroot, Prairie Alumroot",Saxifragaceae,https://static.inaturalist.org/photos/42380936/medium.jpg,iNaturalist,Colorado | Illinois | Indiana | Iowa | Kansas | Michigan | Minnesota | Missouri | Montana | Nebraska | North Dakota | Oklahoma | South Dakota | Wisconsin | Wyoming,Herb,Herbaceous perennial,3,9,Low,Sandy or gravelly soils.,Dry,,TRUE,TRUE,FALSE,FALSE,FALSE,FALSE,"White , Pink , Green , Purple",FALSE,FALSE,FALSE,TRUE,TRUE,TRUE,TRUE,FALSE,FALSE,FALSE,FALSE,FALSE,FALSE,FALSE,FALSE,FALSE,FALSE,FALSE,FALSE,TRUE,FALSE
PLANT-00462,Heuchera sanguinea,"Coralbells, New Mexican Coralbells, Arizona Coralbells","Coralbells, New Mexican Coralbells, Arizona Coralbells",Saxifragaceae,https://inaturalist-open-data.s3.amazonaws.com/photos/24971/medium.jpg,iNaturalist,Arizona | New Mexico,Herb,Herbaceous perennial,3,8,Medium,Rocky soils; moist through the summer.,,Circumneutral (pH 6.8-7.2),FALSE,FALSE,TRUE,FALSE,TRUE,FALSE,"Red , Pink",FALSE,FALSE,TRUE,TRUE,TRUE,TRUE,TRUE,TRUE,TRUE,TRUE,FALSE,FALSE,FALSE,FALSE,FALSE,FALSE,FALSE,FALSE,FALSE,TRUE,FALSE
PLANT-00463,Heuchera villosa,Hairy Alumroot,Hairy Alumroot,Saxifragaceae,https://static.inaturalist.org/photos/19626778/medium.jpeg,iNaturalist,Alabama | Arkansas | Georgia | Indiana | Kentucky | Mississippi | Missouri | New York | North Carolina | Ohio | South Carolina | Tennessee | Virginia | West Virginia,Herb,Herbaceous perennial,3,8,Low,"Moist, humus-rich soil.",Moist,,FALSE,FALSE,TRUE,FALSE,FALSE,FALSE,"White , Pink",FALSE,FALSE,FALSE,FALSE,FALSE,TRUE,TRUE,TRUE,TRUE,FALSE,FALSE,FALSE,FALSE,FALSE,FALSE,FALSE,FALSE,FALSE,FALSE,TRUE,FALSE
PLANT-00464,Hibiscus coccineus,"Scarlet Rosemallow, Crimson Rosemallow, Wild Red Mallow, Texas Star Hibiscus","Scarlet Rosemallow, Crimson Rosemallow, Wild Red Mallow, Texas Star Hibiscus",Malvaceae,https://inaturalist-open-data.s3.amazonaws.com/photos/176920290/medium.jpg,iNaturalist,Alabama | Arkansas | Florida | Georgia | Louisiana | Mississippi | North Carolina | South Carolina | Virginia,Herb,Herbaceous perennial,6,9,Medium,Wet soils.,Wet,,TRUE,FALSE,FALSE,FALSE,FALSE,FALSE,Red,FALSE,FALSE,FALSE,FALSE,TRUE,TRUE,TRUE,TRUE,TRUE,FALSE,FALSE,FALSE,FALSE,FALSE,FALSE,FALSE,FALSE,FALSE,FALSE,TRUE,FALSE
PLANT-00465,Hibiscus dasycalyx,"Neches River Rosemallow, Neches River Rose-mallow","Neches River Rosemallow, Neches River Rose-mallow",Malvaceae,https://inaturalist-open-data.s3.amazonaws.com/photos/4066278/medium.jpg,iNaturalist,Texas,Herb,Herbaceous perennial,7,9,Medium,,,,FALSE,FALSE,FALSE,FALSE,FALSE,FALSE,"White , Red",FALSE,FALSE,FALSE,FALSE,FALSE,TRUE,TRUE,TRUE,FALSE,FALSE,FALSE,FALSE,FALSE,FALSE,FALSE,FALSE,FALSE,FALSE,FALSE,TRUE,FALSE
PLANT-00466,Hibiscus laevis,"Halberdleaf Rosemallow, Halberdleaf Hibiscus, Scarlet Rose Mallow, Halberd-leaved Hibiscus, Halberd-leaved Rose-mallow","Halberdleaf Rosemallow, Halberdleaf Hibiscus, Scarlet Rose Mallow, Halberd-leaved Hibiscus, Halberd-leaved Rose-mallow",Malvaceae,https://inaturalist-open-data.s3.amazonaws.com/photos/12595503/medium.jpg,iNaturalist,Alabama | Arkansas | Florida | Georgia | Illinois | Indiana | Iowa | Kansas | Kentucky | Louisiana | Maryland | Michigan | Minnesota | Mississippi | Missouri | Nebraska | New York | North Carolina | Ohio | Oklahoma | Pennsylvania | South Carolina | Tennessee | Texas | Virginia | West Virginia | Wisconsin,Shrub,Herbaceous perennial,4,9,Low,"Sandy, Sandy Loam, Medium Loam, Clay Loam, Clay, Acid-based, Calcareous",Moist,,TRUE,TRUE,FALSE,FALSE,FALSE,TRUE,"White , Red , Pink",FALSE,FALSE,FALSE,FALSE,TRUE,TRUE,TRUE,TRUE,TRUE,TRUE,TRUE,FALSE,FALSE,FALSE,FALSE,FALSE,FALSE,FALSE,FALSE,TRUE,FALSE
PLANT-00467,Hibiscus lasiocarpos,"Woolly Rose-mallow, Woolly Mallow, Rose-mallow, False Cotton","Woolly Rose-mallow, Woolly Mallow, Rose-mallow, False Cotton",Malvaceae,https://inaturalist-open-data.s3.amazonaws.com/photos/41828377/medium.jpeg,iNaturalist,Alabama | Arkansas | California | Florida | Georgia | Illinois | Indiana | Kansas | Kentucky | Louisiana | Mississippi | Missouri | New Mexico | Oklahoma | Tennessee | Texas | Utah,Shrub,Herbaceous perennial,5,9,Medium,,Wet,,TRUE,FALSE,FALSE,FALSE,TRUE,FALSE,"White , Red , Pink",FALSE,FALSE,FALSE,TRUE,TRUE,TRUE,TRUE,TRUE,TRUE,FALSE,FALSE,FALSE,FALSE,FALSE,FALSE,FALSE,FALSE,FALSE,FALSE,TRUE,FALSE
PLANT-00468,Hibiscus moscheutos,"Crimson-eyed Rose-mallow, Marshmallow Hibiscus","Crimson-eyed Rose-mallow, Marshmallow Hibiscus",Malvaceae,https://inaturalist-open-data.s3.amazonaws.com/photos/411743383/medium.jpg,iNaturalist,Alabama | Arkansas | California | Connecticut | Delaware | Florida | Georgia | Illinois | Indiana | Kansas | Kentucky | Louisiana | Maryland | Massachusetts | Michigan | Mississippi | Missouri | New Hampshire | New Jersey | New Mexico | New York | North Carolina | Ohio | Oklahoma | Pennsylvania | Rhode Island | South Carolina | Tennessee | Texas | Utah | Virginia | West Virginia | Wisconsin,Shrub,Herbaceous perennial,5,9,Low,"Moist to wet, slightly acidic soils.","Moist , Wet",Acidic (pH<6.8),TRUE,TRUE,FALSE,FALSE,FALSE,TRUE,"White , Red , Pink",FALSE,FALSE,FALSE,FALSE,FALSE,TRUE,TRUE,TRUE,TRUE,FALSE,FALSE,FALSE,FALSE,FALSE,FALSE,FALSE,FALSE,FALSE,FALSE,TRUE,FALSE
PLANT-00469,Hibiscus moscheutos subsp. palustris,rose mallow,rose mallow,,,,Alabama | Connecticut | Delaware | Florida | Georgia | Illinois | Indiana | Kansas | Kentucky | Louisiana | Maryland | Massachusetts | Michigan | Mississippi | Missouri | New Jersey | New Mexico | New York | North Carolina | Ohio | Oklahoma | Pennsylvania | Rhode Island | South Carolina | Tennessee | Texas | Utah | Virginia | West Virginia | Wisconsin,,Herbaceous perennial,5,7,Medium,,,,FALSE,FALSE,FALSE,FALSE,FALSE,FALSE,,FALSE,FALSE,FALSE,FALSE,FALSE,FALSE,FALSE,FALSE,FALSE,FALSE,FALSE,FALSE,FALSE,FALSE,FALSE,FALSE,FALSE,FALSE,FALSE,FALSE,FALSE
PLANT-00470,Hibiscus striatus subsp. lambertianus,striped rosemallow,striped rosemallow,,,,Texas,,Herbaceous perennial,7,9,Medium,,,,FALSE,FALSE,FALSE,FALSE,FALSE,FALSE,,FALSE,FALSE,FALSE,FALSE,FALSE,FALSE,FALSE,FALSE,FALSE,FALSE,FALSE,FALSE,FALSE,FALSE,FALSE,FALSE,FALSE,FALSE,FALSE,FALSE,FALSE
PLANT-00471,Hibiscus tiliaceus,sea hibiscus,sea hibiscus,,https://inaturalist-open-data.s3.amazonaws.com/photos/19582594/medium.jpeg,iNaturalist,Hawaii,,Broadleaf evergreen,10,12,Medium,,,,FALSE,FALSE,FALSE,FALSE,FALSE,FALSE,,FALSE,FALSE,FALSE,FALSE,FALSE,FALSE,FALSE,FALSE,FALSE,FALSE,FALSE,FALSE,FALSE,FALSE,FALSE,FALSE,FALSE,FALSE,FALSE,FALSE,FALSE
PLANT-00472,Hydrangea arborescens,"Smooth Hydrangea, Wild Hydrangea, Sevenbark","Smooth Hydrangea, Wild Hydrangea, Sevenbark",Hydrangeaceae,https://inaturalist-open-data.s3.amazonaws.com/photos/177832046/medium.jpg,iNaturalist,Alabama | Arkansas | Delaware | Florida | Georgia | Illinois | Indiana | Kentucky | Louisiana | Maryland | Mississippi | Missouri | New Jersey | New York | North Carolina | Ohio | Oklahoma | Pennsylvania | South Carolina | Tennessee | Vermont | Virginia | West Virginia,Shrub,Deciduous shrub,3,9,Low,"Rich, well-drained, moist soils.",Moist,,FALSE,TRUE,FALSE,FALSE,FALSE,FALSE,"White , Green",FALSE,FALSE,FALSE,FALSE,TRUE,TRUE,TRUE,TRUE,FALSE,FALSE,FALSE,FALSE,FALSE,FALSE,FALSE,FALSE,FALSE,FALSE,FALSE,TRUE,FALSE
PLANT-00473,Hydrangea barbara,climbing hydrangea,climbing hydrangea,,https://inaturalist-open-data.s3.amazonaws.com/photos/383146/medium.JPG,iNaturalist,Alabama,,Vine,6,8,Low,,,,FALSE,FALSE,FALSE,FALSE,FALSE,FALSE,,FALSE,FALSE,FALSE,FALSE,FALSE,FALSE,FALSE,FALSE,FALSE,FALSE,FALSE,FALSE,FALSE,FALSE,FALSE,FALSE,FALSE,FALSE,FALSE,FALSE,FALSE
PLANT-00474,Hydrangea quercifolia,"Oakleaf Hydrangea, Oak-leaf Hydrangea","Oakleaf Hydrangea, Oak-leaf Hydrangea",Hydrangeaceae,https://inaturalist-open-data.s3.amazonaws.com/photos/870031/medium.jpg,iNaturalist,Alabama | Florida | Georgia | Louisiana | Mississippi | North Carolina | South Carolina | Tennessee,Shrub,Deciduous shrub,5,9,Low,"Moist, fertile, well-drained soils.",Moist,Circumneutral (pH 6.8-7.2),FALSE,FALSE,TRUE,FALSE,TRUE,FALSE,"White , Red , Green , Purple",FALSE,FALSE,FALSE,TRUE,TRUE,TRUE,TRUE,FALSE,FALSE,FALSE,FALSE,FALSE,FALSE,FALSE,FALSE,FALSE,FALSE,FALSE,FALSE,TRUE,FALSE
PLANT-00475,Hydrastis canadensis,Goldenseal,Goldenseal,Ranunculaceae,https://inaturalist-open-data.s3.amazonaws.com/photos/141315946/medium.jpg,iNaturalist,Alabama | Arkansas | Connecticut | Delaware | Georgia | Illinois | Indiana | Iowa | Kansas | Kentucky | Maryland | Massachusetts | Michigan | Minnesota | Mississippi | Missouri | New Jersey | New York | North Carolina | Ohio | Oklahoma | Pennsylvania | Tennessee | Vermont | Virginia | West Virginia | Wisconsin,Herb,Herbaceous perennial,3,8,Low,"Moist, humus-rich soil.",Moist,Circumneutral (pH 6.8-7.2),FALSE,TRUE,TRUE,FALSE,FALSE,FALSE,White,FALSE,FALSE,TRUE,TRUE,TRUE,FALSE,FALSE,FALSE,FALSE,FALSE,FALSE,FALSE,FALSE,FALSE,FALSE,FALSE,FALSE,FALSE,FALSE,TRUE,FALSE
PLANT-00476,Hydrophyllum virginianum,"Virginia Waterleaf, Eastern Waterleaf, Shawnee Salad","Virginia Waterleaf, Eastern Waterleaf, Shawnee Salad",Hydrophyllaceae,https://inaturalist-open-data.s3.amazonaws.com/photos/91570/medium.jpg,iNaturalist,Alabama | Arkansas | Connecticut | Delaware | Illinois | Indiana | Iowa | Kansas | Kentucky | Maryland | Massachusetts | Michigan | Minnesota | Missouri | Nebraska | New Hampshire | New Jersey | New York | North Carolina | North Dakota | Ohio | Oklahoma | Pennsylvania | South Dakota | Tennessee | Vermont | Virginia | West Virginia | Wisconsin,Herb,Herbaceous perennial,4,8,Low,"Rich, moist soils.",Moist,Circumneutral (pH 6.8-7.2),FALSE,TRUE,TRUE,FALSE,FALSE,FALSE,"White , Purple",FALSE,FALSE,FALSE,FALSE,TRUE,TRUE,FALSE,FALSE,FALSE,FALSE,FALSE,FALSE,FALSE,FALSE,FALSE,FALSE,FALSE,FALSE,FALSE,TRUE,FALSE
PLANT-00477,Hymenocallis caroliniana,spider lily,spider lily,,https://inaturalist-open-data.s3.amazonaws.com/photos/173503565/medium.jpg,iNaturalist,Alabama | Arkansas | Florida | Georgia | Illinois | Indiana | Kentucky | Louisiana | Mississippi | Missouri | North Carolina | Oklahoma | South Carolina | Tennessee | Texas,,Bulb,5,8,Low,,,,FALSE,FALSE,FALSE,FALSE,FALSE,FALSE,,FALSE,FALSE,FALSE,FALSE,FALSE,FALSE,FALSE,FALSE,FALSE,FALSE,FALSE,FALSE,FALSE,FALSE,FALSE,FALSE,FALSE,FALSE,FALSE,FALSE,FALSE
PLANT-00478,Hymenocallis latifolia,"Perfumed Spiderlily, Perfumed Spider-lily","Perfumed Spiderlily, Perfumed Spider-lily",Liliaceae,https://inaturalist-open-data.s3.amazonaws.com/photos/3223811/medium.jpg,iNaturalist,Florida,Herb,Bulb,10,11,Low,"Moist, rich soil.",Moist,,FALSE,FALSE,TRUE,FALSE,FALSE,FALSE,White,FALSE,FALSE,TRUE,TRUE,TRUE,TRUE,TRUE,TRUE,TRUE,TRUE,FALSE,FALSE,FALSE,FALSE,FALSE,FALSE,FALSE,FALSE,FALSE,TRUE,FALSE
PLANT-00479,Hypericum buckleyi,Buckley's St. Johnswort,Buckley's St. Johnswort,,https://inaturalist-open-data.s3.amazonaws.com/photos/136960421/medium.jpg,iNaturalist,Arkansas | Georgia | South Carolina,,Deciduous shrub,5,8,Low,,,,FALSE,FALSE,FALSE,FALSE,FALSE,FALSE,,FALSE,FALSE,FALSE,FALSE,FALSE,FALSE,FALSE,FALSE,FALSE,FALSE,FALSE,FALSE,FALSE,FALSE,FALSE,FALSE,FALSE,FALSE,FALSE,FALSE,FALSE
PLANT-00480,Hypericum kalmianum,Kalm's St. John's-wort,Kalm's St. John's-wort,Clusiaceae,https://inaturalist-open-data.s3.amazonaws.com/photos/1689276/medium.jpg,iNaturalist,Illinois | Indiana | Michigan | New York | Ohio | Wisconsin,Shrub,Broadleaf evergreen,4,7,Low,Sandy loam,Dry,,TRUE,FALSE,FALSE,FALSE,FALSE,FALSE,Yellow,FALSE,FALSE,FALSE,FALSE,FALSE,FALSE,TRUE,TRUE,FALSE,FALSE,FALSE,FALSE,FALSE,FALSE,FALSE,FALSE,FALSE,FALSE,FALSE,TRUE,FALSE
PLANT-00481,Hypericum lissophloeus,smoothbark St. Johnswort,smoothbark St. Johnswort,,https://inaturalist-open-data.s3.amazonaws.com/photos/84815894/medium.jpeg,iNaturalist,Florida,,Broadleaf evergreen,7,9,Medium,,,,FALSE,FALSE,FALSE,FALSE,FALSE,FALSE,,FALSE,FALSE,FALSE,FALSE,FALSE,FALSE,FALSE,FALSE,FALSE,FALSE,FALSE,FALSE,FALSE,FALSE,FALSE,FALSE,FALSE,FALSE,FALSE,FALSE,FALSE
PLANT-00482,Hypericum prolificum,Shrubby St. John's-wort,Shrubby St. John's-wort,Clusiaceae,https://inaturalist-open-data.s3.amazonaws.com/photos/82400389/medium.jpeg,iNaturalist,Alabama | Arkansas | Connecticut | Delaware | Florida | Georgia | Illinois | Indiana | Iowa | Kentucky | Louisiana | Maine | Maryland | Massachusetts | Michigan | Minnesota | Mississippi | Missouri | New Hampshire | New Jersey | New York | North Carolina | Ohio | Oklahoma | Pennsylvania | Rhode Island | South Carolina | Tennessee | Texas | Vermont | Virginia | West Virginia | Wisconsin,Shrub,Deciduous shrub,3,8,Low,"Dry, rocky soils.","Dry , Moist",Circumneutral (pH 6.8-7.2),FALSE,TRUE,TRUE,FALSE,FALSE,TRUE,Yellow,FALSE,FALSE,FALSE,FALSE,FALSE,TRUE,TRUE,TRUE,TRUE,FALSE,FALSE,FALSE,FALSE,FALSE,FALSE,FALSE,FALSE,FALSE,FALSE,TRUE,FALSE
PLANT-00483,Hypericum pyramidatum,great St. John's wort,great St. John's wort,,,,Connecticut | Illinois | Indiana | Iowa | Kansas | Maryland | Massachusetts | Michigan | Minnesota | Missouri | Nebraska | New Hampshire | New Jersey | New York | Ohio | Pennsylvania | Vermont | West Virginia | Wisconsin,,Herbaceous perennial,4,8,Low,,,,FALSE,FALSE,FALSE,FALSE,FALSE,FALSE,,FALSE,FALSE,FALSE,FALSE,FALSE,FALSE,FALSE,FALSE,FALSE,FALSE,FALSE,FALSE,FALSE,FALSE,FALSE,FALSE,FALSE,FALSE,FALSE,FALSE,FALSE
PLANT-00484,Hypericum sphaerocarpum,Roundseed St. John's-wort,Roundseed St. John's-wort,Clusiaceae,https://inaturalist-open-data.s3.amazonaws.com/photos/4279193/medium.jpeg,iNaturalist,Alabama | Arkansas | Georgia | Illinois | Indiana | Iowa | Kansas | Kentucky | Michigan | Mississippi | Missouri | Nebraska | Ohio | Oklahoma | Pennsylvania | Tennessee | Texas | Wisconsin,Herb,Herbaceous perennial,5,8,Low,,,,FALSE,FALSE,FALSE,FALSE,FALSE,FALSE,Yellow,FALSE,FALSE,FALSE,FALSE,FALSE,TRUE,TRUE,TRUE,FALSE,FALSE,FALSE,FALSE,FALSE,FALSE,FALSE,FALSE,FALSE,FALSE,FALSE,TRUE,FALSE
PLANT-00485,Ilex decidua,"Possumhaw, Possumhaw Holly, Deciduous Holly, Meadow Holly, Prairie Holly, Swamp Holly, Welk Holly, Deciduous Yaupon, Bearberry, Winterberry","Possumhaw, Possumhaw Holly, Deciduous Holly, Meadow Holly, Prairie Holly, Swamp Holly, Welk Holly, Deciduous Yaupon, Bearberry, Winterberry",Aquifoliaceae,https://inaturalist-open-data.s3.amazonaws.com/photos/577951170/medium.jpg,iNaturalist,Alabama | Arkansas | Florida | Georgia | Illinois | Indiana | Kansas | Kentucky | Louisiana | Maryland | Missouri | North Carolina | Oklahoma | South Carolina | Tennessee | Texas | Virginia,Shrub,Deciduous shrub,5,9,Low,"Moist sands, loams or clays. Sandy, Sandy Loam, Medium Loam, Clay Loam, Clay, Caliche type",Moist,,TRUE,TRUE,FALSE,FALSE,TRUE,FALSE,White,FALSE,FALSE,TRUE,TRUE,TRUE,FALSE,FALSE,FALSE,FALSE,FALSE,FALSE,FALSE,FALSE,FALSE,FALSE,FALSE,FALSE,FALSE,FALSE,TRUE,FALSE
PLANT-00486,Ilex glabra,"Inkberry, Gallberry","Inkberry, Gallberry",Aquifoliaceae,https://inaturalist-open-data.s3.amazonaws.com/photos/126467/medium.jpg,iNaturalist,Alabama | Arkansas | Connecticut | Delaware | Florida | Georgia | Louisiana | Maine | Maryland | Massachusetts | Mississippi | New Hampshire | New Jersey | New York | North Carolina | Pennsylvania | Rhode Island | South Carolina | Texas | Virginia,Shrub,Broadleaf evergreen,4,9,Low,"Sandy to peaty, acid soil.","Moist , Wet",Acidic (pH<6.8),FALSE,TRUE,FALSE,FALSE,FALSE,TRUE,White,FALSE,FALSE,FALSE,FALSE,FALSE,TRUE,TRUE,TRUE,TRUE,FALSE,FALSE,FALSE,FALSE,FALSE,FALSE,FALSE,FALSE,FALSE,FALSE,TRUE,FALSE
PLANT-00487,Ilex opaca,"American Holly, White Holly, Prickly Holly, Evergreen Holly, Christmas Holly, Yule Holly","American Holly, White Holly, Prickly Holly, Evergreen Holly, Christmas Holly, Yule Holly",Aquifoliaceae,https://inaturalist-open-data.s3.amazonaws.com/photos/149554033/medium.jpg,iNaturalist,Alabama | Arkansas | Connecticut | Delaware | Florida | Georgia | Illinois | Indiana | Kentucky | Louisiana | Maine | Maryland | Massachusetts | Mississippi | Missouri | New Jersey | New York | North Carolina | Ohio | Oklahoma | Pennsylvania | Rhode Island | South Carolina | Tennessee | Texas | Virginia | West Virginia,Tree,Broadleaf evergreen,5,9,Low,"Moist, well-drained, acidic soils. Acid-based, Sandy, Sandy Loam, Medium Loam. Not so good in clay.","Dry , Wet",Acidic (pH<6.8),TRUE,TRUE,TRUE,FALSE,TRUE,FALSE,"White , Green",FALSE,FALSE,TRUE,TRUE,TRUE,TRUE,FALSE,FALSE,FALSE,FALSE,FALSE,FALSE,FALSE,FALSE,FALSE,FALSE,FALSE,FALSE,FALSE,TRUE,FALSE
PLANT-00488,Ilex verticillata,"Common Winterberry, Winterberry, Michigan Holly, Black Alder","Common Winterberry, Winterberry, Michigan Holly, Black Alder",Aquifoliaceae,https://inaturalist-open-data.s3.amazonaws.com/photos/53818150/medium.jpg,iNaturalist,Alabama | Arkansas | Connecticut | Delaware | Florida | Georgia | Illinois | Indiana | Iowa | Kentucky | Louisiana | Maine | Maryland | Massachusetts | Michigan | Minnesota | Mississippi | Missouri | New Hampshire | New Jersey | New York | North Carolina | Ohio | Pennsylvania | Rhode Island | South Carolina | Tennessee | Texas | Vermont | Virginia | West Virginia | Wisconsin,Tree,Deciduous shrub,3,9,Low,"Moist, acidic soils. Sandy, Sandy Loam Medium Loam Clay Loam, Clay","Dry , Moist , Wet",Acidic (pH<6.8),TRUE,TRUE,TRUE,FALSE,FALSE,TRUE,"White , Yellow , Green , Brown",FALSE,FALSE,FALSE,TRUE,TRUE,TRUE,TRUE,FALSE,FALSE,FALSE,FALSE,FALSE,FALSE,FALSE,FALSE,FALSE,FALSE,FALSE,FALSE,TRUE,FALSE
PLANT-00489,Iliamna remota,Kankakee mallow,Kankakee mallow,,https://inaturalist-open-data.s3.amazonaws.com/photos/9739089/medium.jpg,iNaturalist,Illinois | Indiana | Virginia | Wisconsin,,Herbaceous perennial,5,6,Low,,,,FALSE,FALSE,FALSE,FALSE,FALSE,FALSE,,FALSE,FALSE,FALSE,FALSE,FALSE,FALSE,FALSE,FALSE,FALSE,FALSE,FALSE,FALSE,FALSE,FALSE,FALSE,FALSE,FALSE,FALSE,FALSE,FALSE,FALSE
PLANT-00490,Illicium floridanum,"Florida Anisetree, Florida Anise, Anise Tree, Stinkbush","Florida Anisetree, Florida Anise, Anise Tree, Stinkbush",Illiciaceae,https://inaturalist-open-data.s3.amazonaws.com/photos/64234933/medium.jpg,iNaturalist,Alabama | Florida | Georgia | Louisiana | Mississippi,Shrub,Broadleaf evergreen,7,10,Medium,"Moist, well-drained, rich soils.",,,FALSE,TRUE,FALSE,FALSE,FALSE,FALSE,"White , Red , Pink , Purple",FALSE,FALSE,TRUE,TRUE,TRUE,TRUE,FALSE,FALSE,FALSE,FALSE,FALSE,FALSE,FALSE,FALSE,FALSE,FALSE,FALSE,FALSE,FALSE,TRUE,FALSE
PLANT-00491,Illicium parviflorum,"Yellow Anisetree, Small Anisetree, Star Anise","Yellow Anisetree, Small Anisetree, Star Anise",Illiciaceae,https://inaturalist-open-data.s3.amazonaws.com/photos/275438803/medium.jpg,iNaturalist,Florida,Shrub,Broadleaf evergreen,7,10,Medium,Moist soils.,Moist,,FALSE,TRUE,FALSE,FALSE,FALSE,FALSE,Green,FALSE,FALSE,FALSE,FALSE,TRUE,TRUE,FALSE,FALSE,FALSE,FALSE,FALSE,FALSE,FALSE,FALSE,FALSE,FALSE,FALSE,FALSE,FALSE,TRUE,FALSE
PLANT-00492,Impatiens capensis,"Jewelweed, Orange Jewelweed, Spotted Touch-me-not","Jewelweed, Orange Jewelweed, Spotted Touch-me-not",Balsaminaceae,https://inaturalist-open-data.s3.amazonaws.com/photos/419410578/medium.jpg,iNaturalist,Alabama | Arkansas | Connecticut | Delaware | Florida | Georgia | Idaho | Illinois | Indiana | Iowa | Kansas | Kentucky | Louisiana | Maine | Maryland | Massachusetts | Michigan | Minnesota | Mississippi | Missouri | Nebraska | New Hampshire | New Jersey | New York | North Carolina | North Dakota | Ohio | Oklahoma | Oregon | Pennsylvania | Rhode Island | South Carolina | South Dakota | Tennessee | Texas | Vermont | Virginia | Washington | West Virginia | Wisconsin,Herb,Annual,2,11,Medium,"Clay, Loam, Sand","Moist , Wet",,FALSE,FALSE,TRUE,FALSE,TRUE,FALSE,"Orange , Yellow , Green , Brown",FALSE,FALSE,FALSE,FALSE,FALSE,FALSE,TRUE,TRUE,TRUE,TRUE,FALSE,FALSE,FALSE,FALSE,FALSE,FALSE,FALSE,FALSE,FALSE,TRUE,FALSE
PLANT-00493,Imperata cylindrica,cogon grass,cogon grass,,https://inaturalist-open-data.s3.amazonaws.com/photos/47625648/medium.jpeg,iNaturalist,Alabama | Florida | Georgia | Louisiana | Mississippi | Oregon | South Carolina | Texas | Virginia,,Ornamental grass,5,9,Medium,,,,FALSE,FALSE,FALSE,FALSE,FALSE,FALSE,,FALSE,FALSE,FALSE,FALSE,FALSE,FALSE,FALSE,FALSE,FALSE,FALSE,FALSE,FALSE,FALSE,FALSE,FALSE,FALSE,FALSE,FALSE,FALSE,FALSE,FALSE
PLANT-00494,Iodanthus pinnatifidus,"Purplerocket, Purple Rocket, Purple-rocket, Violet-rocket","Purplerocket, Purple Rocket, Purple-rocket, Violet-rocket",Brassicaceae,https://inaturalist-open-data.s3.amazonaws.com/photos/1016769/medium.jpg,iNaturalist,Alabama | Arkansas | Illinois | Indiana | Iowa | Kansas | Kentucky | Maryland | Minnesota | Missouri | New Jersey | Ohio | Oklahoma | Pennsylvania | Tennessee | Texas | West Virginia | Wisconsin,Herb,Herbaceous perennial,4,8,Low,,,,FALSE,FALSE,FALSE,FALSE,FALSE,FALSE,"White , Pink , Purple",FALSE,FALSE,FALSE,TRUE,TRUE,TRUE,TRUE,FALSE,FALSE,FALSE,FALSE,FALSE,FALSE,FALSE,FALSE,FALSE,FALSE,FALSE,FALSE,TRUE,FALSE
PLANT-00495,Ionactis linariifolia,stiff aster,stiff aster,,https://inaturalist-open-data.s3.amazonaws.com/photos/10366826/medium.jpg,iNaturalist,Alabama | Arkansas | Connecticut | Delaware | Florida | Georgia | Illinois | Indiana | Iowa | Kansas | Kentucky | Louisiana | Maine | Maryland | Massachusetts | Michigan | Minnesota | Mississippi | Missouri | New Hampshire | New Jersey | New York | North Carolina | Ohio | Oklahoma | Pennsylvania | Rhode Island | South Carolina | Tennessee | Texas | Vermont | Virginia | West Virginia | Wisconsin,,Herbaceous perennial,4,9,Low,,,,FALSE,FALSE,FALSE,FALSE,FALSE,FALSE,,FALSE,FALSE,FALSE,FALSE,FALSE,FALSE,FALSE,FALSE,FALSE,FALSE,FALSE,FALSE,FALSE,FALSE,FALSE,FALSE,FALSE,FALSE,FALSE,FALSE,FALSE
PLANT-00496,Ipomoea alba,"Moonflower, Moon Vine, Tropical White Morning Glory","Moonflower, Moon Vine, Tropical White Morning Glory",Convolvulaceae,https://inaturalist-open-data.s3.amazonaws.com/photos/221656903/medium.jpg,iNaturalist,Florida,Vine,Vine,10,12,Low,,,,FALSE,FALSE,FALSE,FALSE,FALSE,FALSE,White,FALSE,FALSE,FALSE,FALSE,FALSE,TRUE,TRUE,TRUE,TRUE,TRUE,FALSE,FALSE,FALSE,FALSE,FALSE,FALSE,FALSE,FALSE,FALSE,TRUE,FALSE
PLANT-00497,Ipomoea pandurata,"Man Of The Earth, Wild Potato, Wild Sweet Potato, Manroot","Man Of The Earth, Wild Potato, Wild Sweet Potato, Manroot",Convolvulaceae,https://inaturalist-open-data.s3.amazonaws.com/photos/84898487/medium.jpg,iNaturalist,Alabama | Arkansas | Connecticut | Delaware | Florida | Georgia | Illinois | Indiana | Iowa | Kansas | Kentucky | Louisiana | Maryland | Massachusetts | Michigan | Mississippi | Missouri | Nebraska | New Jersey | New York | North Carolina | Ohio | Oklahoma | Pennsylvania | South Carolina | Tennessee | Texas | Virginia | West Virginia,Herb,Vine,6,8,Medium,,Moist,,TRUE,TRUE,TRUE,FALSE,FALSE,FALSE,"White , Pink , Purple",FALSE,FALSE,FALSE,FALSE,FALSE,TRUE,TRUE,TRUE,TRUE,FALSE,FALSE,FALSE,FALSE,FALSE,FALSE,FALSE,FALSE,FALSE,FALSE,TRUE,FALSE
PLANT-00498,Ipomopsis rubra,"Standing Cypress, Texas Plume, Red Texas Star, Red Gilia","Standing Cypress, Texas Plume, Red Texas Star, Red Gilia",Polemoniaceae,https://static.inaturalist.org/photos/18590695/medium.jpg,iNaturalist,Alabama | Florida | Louisiana | Mississippi | Oklahoma | Texas,Herb,Herbaceous perennial,6,9,Low,"Dry, sandy or rocky soils. Gravelly, Sandy, Sandy Loam, Medium Loam",Dry,,TRUE,TRUE,FALSE,FALSE,TRUE,FALSE,"Red , Orange , Yellow",FALSE,FALSE,FALSE,FALSE,TRUE,TRUE,TRUE,TRUE,TRUE,FALSE,FALSE,FALSE,FALSE,FALSE,FALSE,FALSE,FALSE,FALSE,FALSE,TRUE,FALSE
PLANT-00499,Iresine rhizomatosa,bloodleaf,bloodleaf,,https://inaturalist-open-data.s3.amazonaws.com/photos/227334543/medium.jpeg,iNaturalist,Alabama | Arkansas | Florida | Georgia | Illinois | Indiana | Kansas | Kentucky | Louisiana | Maryland | Mississippi | Missouri | New Jersey | North Carolina | Ohio | Oklahoma | Pennsylvania | South Carolina | Tennessee | Texas | Virginia,,Herbaceous perennial,5,8,Medium,,,,FALSE,FALSE,FALSE,FALSE,FALSE,FALSE,,FALSE,FALSE,FALSE,FALSE,FALSE,FALSE,FALSE,FALSE,FALSE,FALSE,FALSE,FALSE,FALSE,FALSE,FALSE,FALSE,FALSE,FALSE,FALSE,FALSE,FALSE
PLANT-00500,Iris brevicaulis,Zigzag Iris,Zigzag Iris,Iridaceae,https://inaturalist-open-data.s3.amazonaws.com/photos/3304117/medium.JPG,iNaturalist,Alabama | Arkansas | Florida | Georgia | Illinois | Indiana | Kansas | Kentucky | Louisiana | Mississippi | Missouri | Ohio | Oklahoma | Tennessee,Herb,Herbaceous perennial,4,8,Medium,"Moist, rich soils. Sandy, Sandy Loam, Medium Loam, Clay Loam, Clay","Moist , Wet",,TRUE,TRUE,TRUE,FALSE,TRUE,FALSE,"White , Yellow , Blue , Purple",FALSE,FALSE,TRUE,TRUE,TRUE,TRUE,FALSE,FALSE,FALSE,FALSE,FALSE,FALSE,FALSE,FALSE,FALSE,FALSE,FALSE,FALSE,FALSE,TRUE,FALSE
PLANT-00501,Iris cristata,Dwarf Crested Iris,Dwarf Crested Iris,Iridaceae,https://static.inaturalist.org/photos/290220/medium.jpg,iNaturalist,Alabama | Arkansas | Georgia | Illinois | Indiana | Maryland | Mississippi | Missouri | New York | North Carolina | Ohio | Oklahoma | Pennsylvania | South Carolina | Tennessee | Virginia | West Virginia,Herb,Herbaceous perennial,3,9,Medium,"Well-drained, rich, acid soils.",Moist,Acidic (pH<6.8),FALSE,TRUE,TRUE,FALSE,TRUE,FALSE,"White , Yellow , Blue , Purple",FALSE,FALSE,TRUE,TRUE,TRUE,TRUE,TRUE,FALSE,FALSE,FALSE,FALSE,FALSE,FALSE,FALSE,FALSE,FALSE,FALSE,FALSE,FALSE,TRUE,FALSE
PLANT-00502,Iris fulva,"Copper Iris, Red Iris","Copper Iris, Red Iris",Iridaceae,https://inaturalist-open-data.s3.amazonaws.com/photos/199220204/medium.jpg,iNaturalist,Alabama | Arkansas | Florida | Georgia | Illinois | Kansas | Kentucky | Louisiana | Mississippi | Missouri | Ohio | Tennessee | Texas,Herb,Herbaceous perennial,5,9,Low,"Saturated, rich soils. Normally grows in acid soils but can tolerate lime.","Moist , Wet","Alkaline (pH>7.2) , Acidic (pH<6.8) , Circumneutral (pH 6.8-7.2)",TRUE,TRUE,FALSE,FALSE,TRUE,TRUE,"Red , Orange , Yellow",FALSE,FALSE,TRUE,TRUE,TRUE,TRUE,FALSE,FALSE,FALSE,FALSE,FALSE,FALSE,FALSE,FALSE,FALSE,FALSE,FALSE,FALSE,FALSE,TRUE,FALSE
PLANT-00503,Iris hexagona,Dixie Iris,Dixie Iris,Iridaceae,https://inaturalist-open-data.s3.amazonaws.com/photos/77335918/medium.jpg,iNaturalist,Florida | South Carolina,Herb,Herbaceous perennial,7,9,Medium,,"Moist , Wet",Acidic (pH<6.8),TRUE,TRUE,FALSE,FALSE,FALSE,FALSE,"White , Yellow , Blue , Violet",FALSE,FALSE,FALSE,TRUE,TRUE,FALSE,FALSE,FALSE,FALSE,FALSE,FALSE,FALSE,FALSE,FALSE,FALSE,FALSE,FALSE,FALSE,FALSE,TRUE,FALSE
PLANT-00504,Iris missouriensis,"Rocky Mountain Iris, Western Blue Flag","Rocky Mountain Iris, Western Blue Flag",Iridaceae,https://inaturalist-open-data.s3.amazonaws.com/photos/1899110/medium.jpg,iNaturalist,Arizona | California | Colorado | Idaho | Montana | Nebraska | Nevada | New Mexico | Oregon | South Dakota | Utah | Washington | Wyoming,Herb,Herbaceous perennial,3,8,Low,Wet soils.,Wet,,TRUE,FALSE,FALSE,FALSE,FALSE,TRUE,"White , Yellow , Blue , Purple",FALSE,FALSE,FALSE,FALSE,TRUE,TRUE,TRUE,FALSE,FALSE,FALSE,FALSE,FALSE,FALSE,FALSE,FALSE,FALSE,FALSE,FALSE,FALSE,TRUE,FALSE
PLANT-00505,Iris versicolor,"Harlequin Blueflag, Northern Blue Flag, Large Blue Iris","Harlequin Blueflag, Northern Blue Flag, Large Blue Iris",Iridaceae,https://static.inaturalist.org/photos/135271513/medium.jpg,iNaturalist,Connecticut | Maine | Maryland | Massachusetts | Michigan | Minnesota | New Hampshire | New Jersey | New York | Ohio | Pennsylvania | Rhode Island | Vermont | Virginia | Wisconsin,Herb,Herbaceous perennial,3,9,Low,"Moist, rich soils.","Moist , Wet",Acidic (pH<6.8),TRUE,TRUE,FALSE,FALSE,FALSE,FALSE,"White , Yellow , Blue , Purple , Violet",FALSE,FALSE,FALSE,FALSE,TRUE,TRUE,TRUE,TRUE,FALSE,FALSE,FALSE,FALSE,FALSE,FALSE,FALSE,FALSE,FALSE,FALSE,FALSE,TRUE,FALSE
PLANT-00506,Iris virginica,"Virginia Iris, Great Blue Flag, Southern Blue Flag","Virginia Iris, Great Blue Flag, Southern Blue Flag",Iridaceae,https://static.inaturalist.org/photos/301969594/medium.jpg,iNaturalist,Alabama | Arkansas | Florida | Georgia | Illinois | Indiana | Iowa | Kansas | Kentucky | Louisiana | Maryland | Michigan | Minnesota | Mississippi | Missouri | Nebraska | New York | North Carolina | Ohio | Oklahoma | Pennsylvania | South Carolina | Tennessee | Texas | Virginia | West Virginia | Wisconsin,Herb,Herbaceous perennial,5,9,Low,"Moist, rich soils.",Wet,,TRUE,FALSE,FALSE,FALSE,FALSE,TRUE,"White , Yellow , Blue , Purple , Violet",FALSE,FALSE,FALSE,FALSE,TRUE,TRUE,TRUE,FALSE,FALSE,FALSE,FALSE,FALSE,FALSE,FALSE,FALSE,FALSE,FALSE,FALSE,FALSE,TRUE,FALSE
PLANT-00507,Iris virginica var. shrevei,southern blue flag,southern blue flag,,,,Alabama | Arkansas | Florida | Georgia | Illinois | Indiana | Iowa | Kansas | Kentucky | Louisiana | Maryland | Michigan | Minnesota | Mississippi | Missouri | Nebraska | New York | North Carolina | Ohio | Oklahoma | Pennsylvania | South Carolina | Tennessee | Texas | Virginia | West Virginia | Wisconsin,,Herbaceous perennial,5,9,Low,,,,FALSE,FALSE,FALSE,FALSE,FALSE,FALSE,,FALSE,FALSE,FALSE,FALSE,FALSE,FALSE,FALSE,FALSE,FALSE,FALSE,FALSE,FALSE,FALSE,FALSE,FALSE,FALSE,FALSE,FALSE,FALSE,FALSE,FALSE
PLANT-00508,Itea virginica,"Virginia Sweetspire, Tassel-white, Virginia Willow","Virginia Sweetspire, Tassel-white, Virginia Willow",Grossulariaceae,https://inaturalist-open-data.s3.amazonaws.com/photos/143782553/medium.jpg,iNaturalist,Alabama | Arkansas | Delaware | Florida | Georgia | Illinois | Indiana | Kentucky | Louisiana | Maryland | Mississippi | Missouri | New Jersey | North Carolina | Oklahoma | Pennsylvania | South Carolina | Tennessee | Texas | Virginia,Shrub,Deciduous shrub,5,9,Low,"Moist, acid soils. Acid-based, Sandy, Sandy Loam, Medium Loam, Clay Loam, Clay",Moist,Acidic (pH<6.8),FALSE,TRUE,FALSE,FALSE,FALSE,TRUE,White,FALSE,FALSE,TRUE,TRUE,TRUE,TRUE,FALSE,FALSE,FALSE,FALSE,FALSE,FALSE,FALSE,FALSE,FALSE,FALSE,FALSE,FALSE,FALSE,TRUE,FALSE
PLANT-00509,Jatropha multifida,coralbush,coralbush,,https://inaturalist-open-data.s3.amazonaws.com/photos/57341426/medium.jpg,iNaturalist,Florida,,Broadleaf evergreen,10,12,Low,,,,FALSE,FALSE,FALSE,FALSE,FALSE,FALSE,,FALSE,FALSE,FALSE,FALSE,FALSE,FALSE,FALSE,FALSE,FALSE,FALSE,FALSE,FALSE,FALSE,FALSE,FALSE,FALSE,FALSE,FALSE,FALSE,FALSE,FALSE
PLANT-00510,Jeffersonia diphylla,Twinleaf,Twinleaf,Berberidaceae,https://inaturalist-open-data.s3.amazonaws.com/photos/190055789/medium.jpg,iNaturalist,Alabama | Georgia | Illinois | Indiana | Iowa | Kentucky | Maryland | Michigan | Minnesota | New Jersey | New York | North Carolina | Ohio | Pennsylvania | Tennessee | Virginia | West Virginia | Wisconsin,Herb,Herbaceous perennial,5,7,Low,"Rich, damp soils.",Moist,Acidic (pH<6.8),FALSE,TRUE,FALSE,FALSE,FALSE,FALSE,White,FALSE,FALSE,TRUE,TRUE,TRUE,FALSE,FALSE,FALSE,FALSE,FALSE,FALSE,FALSE,FALSE,FALSE,FALSE,FALSE,FALSE,FALSE,FALSE,TRUE,FALSE
PLANT-00511,Juglans cinerea,"Butternut, White Walnut","Butternut, White Walnut",Juglandaceae,https://inaturalist-open-data.s3.amazonaws.com/photos/62230/medium.jpg,iNaturalist,Alabama | Arkansas | Connecticut | Delaware | Georgia | Illinois | Indiana | Iowa | Kentucky | Maine | Maryland | Massachusetts | Michigan | Minnesota | Mississippi | Missouri | New Hampshire | New Jersey | New York | North Carolina | Ohio | Pennsylvania | Rhode Island | South Carolina | Tennessee | Vermont | Virginia | West Virginia | Wisconsin,Tree,Tree,3,7,Medium,"Rich, moist soils.",Moist,Circumneutral (pH 6.8-7.2),TRUE,FALSE,FALSE,FALSE,TRUE,FALSE,"Green , Brown",FALSE,FALSE,FALSE,TRUE,TRUE,TRUE,FALSE,FALSE,FALSE,FALSE,FALSE,FALSE,FALSE,FALSE,FALSE,FALSE,FALSE,FALSE,FALSE,TRUE,FALSE
PLANT-00512,Juglans nigra,"Black Walnut, Eastern Black Walnut, American Black Walnut","Black Walnut, Eastern Black Walnut, American Black Walnut",Juglandaceae,https://inaturalist-open-data.s3.amazonaws.com/photos/38351837/medium.jpg,iNaturalist,Alabama | Arkansas | Connecticut | Delaware | Florida | Georgia | Illinois | Indiana | Iowa | Kansas | Kentucky | Louisiana | Maine | Maryland | Massachusetts | Michigan | Minnesota | Mississippi | Missouri | Nebraska | New Hampshire | New Jersey | New York | North Carolina | North Dakota | Ohio | Oklahoma | Pennsylvania | Rhode Island | South Carolina | South Dakota | Tennessee | Texas | Utah | Virginia | West Virginia | Wisconsin,Tree,Tree,4,9,Medium,"Moist, rich soils. Sandy Loam, Medium Loam, Clay Loam, Acid-based, Calcareous",Moist,Circumneutral (pH 6.8-7.2),TRUE,TRUE,FALSE,FALSE,FALSE,TRUE,"Yellow , Green , Brown",FALSE,FALSE,FALSE,TRUE,TRUE,FALSE,FALSE,FALSE,FALSE,FALSE,FALSE,FALSE,FALSE,FALSE,FALSE,FALSE,FALSE,FALSE,FALSE,TRUE,FALSE
PLANT-00513,Juncus dudleyi,Dudley's Rush,Dudley's Rush,Juncaceae,https://inaturalist-open-data.s3.amazonaws.com/photos/425009752/medium.jpg,iNaturalist,Alabama | Arizona | Arkansas | California | Colorado | Connecticut | Idaho | Illinois | Indiana | Iowa | Kansas | Kentucky | Maine | Maryland | Massachusetts | Michigan | Minnesota | Missouri | Montana | Nebraska | Nevada | New Hampshire | New Jersey | New Mexico | New York | North Carolina | North Dakota | Ohio | Oklahoma | Oregon | Pennsylvania | Rhode Island | South Carolina | South Dakota | Tennessee | Texas | Utah | Vermont | Virginia | Washington | West Virginia | Wisconsin | Wyoming,Grass/Grass-like,Rush or Sedge,3,9,Low,,,,FALSE,FALSE,FALSE,FALSE,FALSE,FALSE,Green,FALSE,FALSE,FALSE,TRUE,TRUE,TRUE,FALSE,FALSE,FALSE,FALSE,FALSE,FALSE,FALSE,FALSE,FALSE,FALSE,FALSE,FALSE,FALSE,TRUE,FALSE
PLANT-00514,Juncus effusus,"Common Rush, Soft Rush","Common Rush, Soft Rush",Juncaceae,https://inaturalist-open-data.s3.amazonaws.com/photos/41202988/medium.jpg,iNaturalist,Alabama | Alaska | Arizona | Arkansas | California | Colorado | Connecticut | Delaware | Florida | Georgia | Idaho | Illinois | Indiana | Iowa | Kansas | Kentucky | Louisiana | Maine | Maryland | Michigan | Minnesota | Mississippi | Missouri | Montana | Nebraska | Nevada | New Hampshire | New Jersey | New Mexico | New York | North Carolina | North Dakota | Ohio | Oklahoma | Oregon | Pennsylvania | Rhode Island | South Carolina | Tennessee | Texas | Vermont | Virginia | Washington | West Virginia | Wisconsin,Grass/Grass-like,Rush or Sedge,4,9,Low,"Clay, Loam, Sand","Moist , Wet",,TRUE,FALSE,FALSE,FALSE,TRUE,FALSE,"Green , Brown",FALSE,FALSE,FALSE,FALSE,FALSE,FALSE,TRUE,TRUE,TRUE,FALSE,FALSE,FALSE,FALSE,FALSE,FALSE,FALSE,FALSE,FALSE,FALSE,TRUE,FALSE
PLANT-00515,Juncus tenuis,"Poverty Rush, Path Rush","Poverty Rush, Path Rush",Juncaceae,https://inaturalist-open-data.s3.amazonaws.com/photos/32809281/medium.jpg,iNaturalist,Alabama | Alaska | Arizona | California | Connecticut | Delaware | Florida | Georgia | Idaho | Illinois | Indiana | Iowa | Kansas | Kentucky | Louisiana | Maine | Maryland | Michigan | Minnesota | Mississippi | Missouri | Montana | Nebraska | Nevada | New Hampshire | New Jersey | New Mexico | New York | North Carolina | North Dakota | Ohio | Oklahoma | Oregon | Pennsylvania | Rhode Island | South Carolina | South Dakota | Tennessee | Texas | Utah | Vermont | Virginia | Washington | West Virginia | Wisconsin | Wyoming,Grass/Grass-like,Rush or Sedge,2,9,Low,,,,FALSE,TRUE,FALSE,FALSE,TRUE,FALSE,Green,FALSE,FALSE,TRUE,TRUE,TRUE,TRUE,FALSE,FALSE,FALSE,FALSE,FALSE,FALSE,FALSE,FALSE,FALSE,FALSE,FALSE,FALSE,FALSE,TRUE,FALSE
PLANT-00516,Juniperus ashei,ashe juniper,ashe juniper,,https://inaturalist-open-data.s3.amazonaws.com/photos/61302560/medium.jpg,iNaturalist,Arkansas | Missouri | Oklahoma | Texas,,Needled evergreen,6,9,Low,,,,FALSE,FALSE,FALSE,FALSE,FALSE,FALSE,,FALSE,FALSE,FALSE,FALSE,FALSE,FALSE,FALSE,FALSE,FALSE,FALSE,FALSE,FALSE,FALSE,FALSE,FALSE,FALSE,FALSE,FALSE,FALSE,FALSE,FALSE
PLANT-00517,Juniperus communis,Common Juniper,Common Juniper,Cupressaceae,https://inaturalist-open-data.s3.amazonaws.com/photos/61660329/medium.jpg,iNaturalist,Alabama | Alaska | Arizona | California | Colorado | Connecticut | Delaware | Georgia | Idaho | Illinois | Indiana | Iowa | Kentucky | Maine | Maryland | Massachusetts | Michigan | Minnesota | Montana | Nebraska | Nevada | New Hampshire | New Jersey | New Mexico | New York | North Carolina | North Dakota | Ohio | Oregon | Pennsylvania | Rhode Island | South Carolina | South Dakota | Utah | Vermont | Virginia | Washington | West Virginia | Wisconsin | Wyoming,Tree,Needled evergreen,2,7,Low,Sandy,Dry,,TRUE,FALSE,FALSE,TRUE,FALSE,FALSE,Yellow,FALSE,FALSE,FALSE,TRUE,FALSE,FALSE,FALSE,FALSE,FALSE,FALSE,FALSE,FALSE,FALSE,FALSE,FALSE,FALSE,FALSE,FALSE,FALSE,TRUE,FALSE
PLANT-00518,Juniperus horizontalis,"Creeping Juniper, Creeping Savin","Creeping Juniper, Creeping Savin",Cupressaceae,https://inaturalist-open-data.s3.amazonaws.com/photos/250334018/medium.jpg,iNaturalist,Alaska | Illinois | Indiana | Iowa | Maine | Massachusetts | Michigan | Minnesota | Montana | Nebraska | New Hampshire | North Dakota | Ohio | Rhode Island | South Dakota | Vermont | Wisconsin | Wyoming,Shrub,Needled evergreen,3,9,Low,"Dry, rocky soils.",Dry,Circumneutral (pH 6.8-7.2),TRUE,TRUE,FALSE,FALSE,FALSE,TRUE,"White , Brown",FALSE,FALSE,FALSE,TRUE,TRUE,FALSE,FALSE,FALSE,FALSE,FALSE,FALSE,FALSE,FALSE,FALSE,FALSE,FALSE,FALSE,FALSE,FALSE,TRUE,FALSE
PLANT-00519,Juniperus virginiana,"Eastern Red Cedar, Eastern Redcedar, Virginia Juniper, Red Juniper, Pencil Cedar, Carolina Cedar, Red Savin","Eastern Red Cedar, Eastern Redcedar, Virginia Juniper, Red Juniper, Pencil Cedar, Carolina Cedar, Red Savin",Cupressaceae,https://inaturalist-open-data.s3.amazonaws.com/photos/165898544/medium.jpg,iNaturalist,Alabama | Arkansas | Colorado | Connecticut | Delaware | Florida | Georgia | Illinois | Indiana | Iowa | Kansas | Kentucky | Louisiana | Maine | Maryland | Massachusetts | Michigan | Minnesota | Mississippi | Missouri | Nebraska | New Hampshire | New Jersey | New York | North Carolina | Ohio | Oklahoma | Pennsylvania | Rhode Island | South Carolina | South Dakota | Tennessee | Texas | Vermont | Virginia | West Virginia | Wisconsin | Wyoming,Tree,Needled evergreen,2,9,Low,"Dry, limestone soils (adaptable). Sandy, Sandy Loam, Medium Loam Clay Loam, Clay, Rocky, Limestone-based, Caliche type.",Dry,Circumneutral (pH 6.8-7.2),TRUE,TRUE,TRUE,TRUE,FALSE,FALSE,"Green , Purple , Brown",FALSE,FALSE,TRUE,TRUE,TRUE,FALSE,FALSE,FALSE,FALSE,FALSE,FALSE,FALSE,FALSE,FALSE,FALSE,FALSE,FALSE,FALSE,FALSE,TRUE,FALSE
PLANT-00520,Kalmia latifolia,"Mountain Laurel, Calico Bush, Kalmia, Mountain-laurel","Mountain Laurel, Calico Bush, Kalmia, Mountain-laurel",Ericaceae,https://inaturalist-open-data.s3.amazonaws.com/photos/395501030/medium.jpg,iNaturalist,Alabama | Connecticut | Delaware | Florida | Georgia | Indiana | Kentucky | Louisiana | Maine | Maryland | Massachusetts | Mississippi | New Hampshire | New Jersey | New York | North Carolina | Ohio | Pennsylvania | Rhode Island | South Carolina | Tennessee | Vermont | Virginia | West Virginia,Shrub,Broadleaf evergreen,4,9,Medium,"Cool, moist rocky or sandy soils.",Moist,,FALSE,TRUE,FALSE,TRUE,FALSE,FALSE,"White , Pink , Purple",FALSE,FALSE,FALSE,TRUE,TRUE,TRUE,TRUE,FALSE,FALSE,FALSE,FALSE,FALSE,FALSE,FALSE,FALSE,FALSE,FALSE,FALSE,FALSE,TRUE,FALSE
PLANT-00521,Koeleria macrantha,"Prairie Junegrass, Junegrass, Prairie Koeler's Grass","Prairie Junegrass, Junegrass, Prairie Koeler's Grass",Poaceae,https://inaturalist-open-data.s3.amazonaws.com/photos/42363755/medium.jpg,iNaturalist,Missouri,Grass/Grass-like,Ornamental grass,3,9,Low,Sandy or rocky soils.,Dry,,TRUE,FALSE,FALSE,FALSE,FALSE,TRUE,Yellow,FALSE,FALSE,FALSE,TRUE,TRUE,TRUE,FALSE,FALSE,FALSE,FALSE,FALSE,FALSE,FALSE,FALSE,FALSE,FALSE,FALSE,FALSE,FALSE,TRUE,FALSE
PLANT-00522,Lachnocaulon anceps,whitehead bogbutton,whitehead bogbutton,,https://inaturalist-open-data.s3.amazonaws.com/photos/84408306/medium.jpg,iNaturalist,Alabama | Florida | Georgia | Louisiana | Mississippi | New Jersey | North Carolina | South Carolina | Tennessee | Virginia,,Herbaceous perennial,7,10,Medium,,,,FALSE,FALSE,FALSE,FALSE,FALSE,FALSE,,FALSE,FALSE,FALSE,FALSE,FALSE,FALSE,FALSE,FALSE,FALSE,FALSE,FALSE,FALSE,FALSE,FALSE,FALSE,FALSE,FALSE,FALSE,FALSE,FALSE,FALSE
PLANT-00523,Lactuca floridana,"Woodland Lettuce, Florida Lettuce","Woodland Lettuce, Florida Lettuce",Asteraceae,https://static.inaturalist.org/photos/9972831/medium.jpeg,iNaturalist,Alabama | Alaska | Arkansas | Delaware | Florida | Georgia | Illinois | Indiana | Iowa | Kansas | Kentucky | Louisiana | Maryland | Massachusetts | Michigan | Minnesota | Mississippi | Missouri | Nebraska | New Jersey | New Mexico | New York | North Carolina | Ohio | Oklahoma | Pennsylvania | South Carolina | South Dakota | Tennessee | Texas | Virginia | West Virginia | Wisconsin,Biennial,Annual,,,Medium,,"Moist , Wet",,FALSE,TRUE,TRUE,FALSE,FALSE,FALSE,"White , Blue",FALSE,FALSE,FALSE,FALSE,FALSE,TRUE,TRUE,TRUE,TRUE,TRUE,FALSE,FALSE,FALSE,FALSE,FALSE,FALSE,FALSE,FALSE,FALSE,TRUE,FALSE
PLANT-00524,Leitneria floridana,Corkwood,Corkwood,Leitneriaceae,https://inaturalist-open-data.s3.amazonaws.com/photos/255461110/medium.jpeg,iNaturalist,Arkansas | Florida | Georgia | Mississippi | Missouri | Texas,Shrub,Deciduous shrub,5,9,Low,,,,FALSE,FALSE,FALSE,FALSE,FALSE,FALSE,"Red , Green",FALSE,TRUE,TRUE,FALSE,FALSE,FALSE,FALSE,FALSE,FALSE,FALSE,FALSE,FALSE,FALSE,FALSE,FALSE,FALSE,FALSE,FALSE,FALSE,TRUE,FALSE
PLANT-00525,Lemna minor,Common Duckweed,Common Duckweed,Lemnaceae,https://inaturalist-open-data.s3.amazonaws.com/photos/145834264/medium.jpeg,iNaturalist,Alabama | Alaska | Arizona | Arkansas | California | Colorado | Connecticut | Delaware | Florida | Georgia | Idaho | Illinois | Indiana | Iowa | Kansas | Kentucky | Louisiana | Maine | Maryland | Massachusetts | Michigan | Minnesota | Mississippi | Missouri | Montana | Nebraska | Nevada | New Hampshire | New Jersey | New Mexico | New York | North Carolina | North Dakota | Ohio | Oklahoma | Oregon | Pennsylvania | Rhode Island | South Carolina | South Dakota | Tennessee | Texas | Utah | Vermont | Virginia | Washington | West Virginia | Wisconsin | Wyoming,Herb,Herbaceous perennial,4,10,Medium,,Wet,,TRUE,FALSE,FALSE,FALSE,FALSE,TRUE,Green,FALSE,FALSE,FALSE,FALSE,FALSE,TRUE,TRUE,TRUE,FALSE,FALSE,FALSE,FALSE,FALSE,FALSE,FALSE,FALSE,FALSE,FALSE,FALSE,TRUE,FALSE
PLANT-00526,Lespedeza capitata,"Roundhead Lespedeza, Roundhead Bush-clover, Round-headed Lespedeza, Round-headed Bush-clover","Roundhead Lespedeza, Roundhead Bush-clover, Round-headed Lespedeza, Round-headed Bush-clover",Fabaceae,https://static.inaturalist.org/photos/88789131/medium.jpeg,iNaturalist,Alabama | Arkansas | Connecticut | Delaware | Florida | Georgia | Illinois | Indiana | Iowa | Kansas | Kentucky | Louisiana | Maine | Maryland | Massachusetts | Michigan | Minnesota | Mississippi | Missouri | Nebraska | New Hampshire | New Jersey | New York | North Carolina | Ohio | Oklahoma | Pennsylvania | Rhode Island | South Carolina | South Dakota | Tennessee | Texas | Vermont | Virginia | West Virginia | Wisconsin,Herb,Herbaceous perennial,4,8,Low,Well-drained soils.,Dry,,TRUE,FALSE,FALSE,TRUE,FALSE,FALSE,White,FALSE,FALSE,FALSE,FALSE,FALSE,FALSE,TRUE,TRUE,TRUE,FALSE,FALSE,FALSE,FALSE,FALSE,FALSE,FALSE,FALSE,FALSE,FALSE,TRUE,FALSE
PLANT-00527,Leucothoe axillaris,"Coastal Doghobble, Coast Leucothoe","Coastal Doghobble, Coast Leucothoe",Ericaceae,https://inaturalist-open-data.s3.amazonaws.com/photos/146283097/medium.jpg,iNaturalist,Alabama | Delaware | Florida | Georgia | Kentucky | Louisiana | Mississippi | North Carolina | South Carolina | Virginia,Shrub,Broadleaf evergreen,6,9,Medium,"Moist, rich, acidic soils.",Moist,Acidic (pH<6.8),FALSE,TRUE,TRUE,FALSE,TRUE,FALSE,"White , Pink",FALSE,FALSE,FALSE,TRUE,TRUE,FALSE,FALSE,FALSE,FALSE,FALSE,FALSE,FALSE,FALSE,FALSE,FALSE,FALSE,FALSE,FALSE,FALSE,TRUE,FALSE
PLANT-00528,Leucothoe fontanesiana,"Highland Doghobble, Drooping Leucothoe","Highland Doghobble, Drooping Leucothoe",Ericaceae,https://static.inaturalist.org/photos/112608902/medium.jpeg,iNaturalist,Alabama | Georgia | North Carolina | South Carolina | Tennessee | Virginia,Shrub,Broadleaf evergreen,5,8,Low,"Moist, acidic soils.",Moist,Acidic (pH<6.8),FALSE,TRUE,FALSE,FALSE,FALSE,FALSE,White,FALSE,FALSE,FALSE,TRUE,TRUE,TRUE,FALSE,FALSE,FALSE,FALSE,FALSE,FALSE,FALSE,FALSE,FALSE,FALSE,FALSE,FALSE,FALSE,TRUE,FALSE
PLANT-00529,Liatris aspera,"Tall Blazing Star, Tall Gayfeather, Tall Liatris, Rough Blazing Star, Rough Gayfeather, Rough Liatris, Button Snakeroot","Tall Blazing Star, Tall Gayfeather, Tall Liatris, Rough Blazing Star, Rough Gayfeather, Rough Liatris, Button Snakeroot",Asteraceae,https://inaturalist-open-data.s3.amazonaws.com/photos/4779657/medium.jpeg,iNaturalist,Alabama | Arkansas | Florida | Georgia | Illinois | Indiana | Iowa | Kansas | Kentucky | Louisiana | Michigan | Minnesota | Mississippi | Missouri | Nebraska | North Carolina | North Dakota | Ohio | Oklahoma | South Carolina | South Dakota | Tennessee | Texas | Virginia | West Virginia | Wisconsin,Herb,Herbaceous perennial,3,8,Medium,Sandy or rocky soils.,Dry,,TRUE,FALSE,FALSE,FALSE,FALSE,FALSE,"Pink , Purple",FALSE,FALSE,FALSE,FALSE,FALSE,FALSE,FALSE,TRUE,TRUE,TRUE,FALSE,FALSE,FALSE,FALSE,FALSE,FALSE,FALSE,FALSE,FALSE,TRUE,FALSE
PLANT-00530,Liatris cylindracea,"Ontario Blazing Star, Ontario Gayfeather, Ontario Liatris, Dwarf Blazing Star, Dwarf Gayfeather, Dwarf Liatris","Ontario Blazing Star, Ontario Gayfeather, Ontario Liatris, Dwarf Blazing Star, Dwarf Gayfeather, Dwarf Liatris",Asteraceae,https://inaturalist-open-data.s3.amazonaws.com/photos/98446811/medium.jpg,iNaturalist,Alabama | Arkansas | Delaware | Illinois | Indiana | Iowa | Kansas | Kentucky | Michigan | Minnesota | Missouri | New York | Ohio | Tennessee | Wisconsin,Herb,Herbaceous perennial,4,7,Low,"Dry, limey soils.",Dry,,TRUE,FALSE,FALSE,FALSE,FALSE,FALSE,Purple,FALSE,FALSE,FALSE,FALSE,FALSE,FALSE,TRUE,TRUE,TRUE,FALSE,FALSE,FALSE,FALSE,FALSE,FALSE,FALSE,FALSE,FALSE,FALSE,TRUE,FALSE
PLANT-00531,Liatris ligulistylis,"Rocky Mountain Blazing Star, Rocky Mountain Gayfeather, Rocky Mountain Liatris, Meadow Blazing Star, Meadow Gayfeather, Meadow Liatris","Rocky Mountain Blazing Star, Rocky Mountain Gayfeather, Rocky Mountain Liatris, Meadow Blazing Star, Meadow Gayfeather, Meadow Liatris",Asteraceae,https://inaturalist-open-data.s3.amazonaws.com/photos/4618904/medium.jpg,iNaturalist,Colorado | Illinois | Iowa | Minnesota | Missouri | Montana | New Mexico | North Dakota | South Dakota | Wisconsin | Wyoming,Herb,Herbaceous perennial,3,8,Low,,Moist,,TRUE,FALSE,FALSE,FALSE,FALSE,FALSE,"Pink , Purple",FALSE,FALSE,FALSE,FALSE,FALSE,FALSE,TRUE,TRUE,TRUE,TRUE,FALSE,FALSE,FALSE,FALSE,FALSE,FALSE,FALSE,FALSE,FALSE,TRUE,FALSE
PLANT-00532,Liatris microcephala,"Smallhead Blazing Star, Smallhead Gayfeather, Smallhead Liatris","Smallhead Blazing Star, Smallhead Gayfeather, Smallhead Liatris",Asteraceae,https://inaturalist-open-data.s3.amazonaws.com/photos/4940601/medium.jpg,iNaturalist,Alabama | Georgia | Kentucky | North Carolina | South Carolina | Tennessee,Herb,Herbaceous perennial,6,9,Low,,,,FALSE,FALSE,FALSE,FALSE,FALSE,FALSE,"White , Pink , Purple",FALSE,FALSE,FALSE,FALSE,FALSE,FALSE,TRUE,TRUE,TRUE,TRUE,FALSE,FALSE,FALSE,FALSE,FALSE,FALSE,FALSE,FALSE,FALSE,TRUE,FALSE
PLANT-00533,Liatris mucronata,narrow-leaved gayfeather,narrow-leaved gayfeather,,,,Arkansas | Kansas | Missouri | Nebraska | Oklahoma | Texas,,Herbaceous perennial,5,9,Low,,,,FALSE,FALSE,FALSE,FALSE,FALSE,FALSE,,FALSE,FALSE,FALSE,FALSE,FALSE,FALSE,FALSE,FALSE,FALSE,FALSE,FALSE,FALSE,FALSE,FALSE,FALSE,FALSE,FALSE,FALSE,FALSE,FALSE,FALSE
PLANT-00534,Liatris pycnostachya,"Prairie Blazing Star, Prairie Gayfeather, Prairie Liatris, Kansas Blazing Star, Kansas Gayfeather, Kansas Liatris, Cat-tail Blazing Star, Cat-tail Gayfeather, Cat-tail Liatris, Hairy Button-snakeroot","Prairie Blazing Star, Prairie Gayfeather, Prairie Liatris, Kansas Blazing Star, Kansas Gayfeather, Kansas Liatris, Cat-tail Blazing Star, Cat-tail Gayfeather, Cat-tail Liatris, Hairy Button-snakeroot",Asteraceae,https://inaturalist-open-data.s3.amazonaws.com/photos/133681/medium.jpg,iNaturalist,Arkansas | Illinois | Indiana | Iowa | Kansas | Kentucky | Louisiana | Minnesota | Mississippi | Missouri | Nebraska | North Dakota | Oklahoma | South Dakota | Texas | Wisconsin,Herb,Herbaceous perennial,3,9,Low,"Moist, well-drained soils. Rocky, Sandy, Sandy Loam, preferably of poor quality.","Dry , Moist",Acidic (pH<6.8),TRUE,FALSE,FALSE,FALSE,TRUE,FALSE,"Pink , Purple",FALSE,FALSE,FALSE,FALSE,FALSE,TRUE,TRUE,TRUE,TRUE,TRUE,TRUE,TRUE,FALSE,FALSE,FALSE,FALSE,FALSE,FALSE,FALSE,TRUE,FALSE
PLANT-00535,Liatris scariosa,"Devil's Bite, Large Blazing Star, Large Gayfeather, Large Liatris, Savanna Blazing Star, Savanna Gayfeather, Savanna Liatris","Devil's Bite, Large Blazing Star, Large Gayfeather, Large Liatris, Savanna Blazing Star, Savanna Gayfeather, Savanna Liatris",Asteraceae,https://inaturalist-open-data.s3.amazonaws.com/photos/613306/medium.jpg,iNaturalist,Alabama | Arkansas | Connecticut | Delaware | Georgia | Illinois | Indiana | Maine | Maryland | Massachusetts | Michigan | Missouri | New Hampshire | New Jersey | New York | North Carolina | Ohio | Pennsylvania | Rhode Island | South Carolina | Tennessee | Virginia | West Virginia | Wisconsin,Herb,Herbaceous perennial,3,8,Low,"Loam, Sand",Moist,,TRUE,FALSE,FALSE,FALSE,FALSE,FALSE,"Pink , Purple",FALSE,FALSE,FALSE,FALSE,FALSE,FALSE,TRUE,TRUE,TRUE,TRUE,FALSE,FALSE,FALSE,FALSE,FALSE,FALSE,FALSE,FALSE,FALSE,TRUE,FALSE
PLANT-00536,Liatris scariosa var. nieuwlandii,eastern blazingstar,eastern blazingstar,,,,Arkansas | Illinois | Indiana | Michigan | Missouri | New York | Ohio | Pennsylvania | West Virginia | Wisconsin,,Herbaceous perennial,3,8,Low,,,,FALSE,FALSE,FALSE,FALSE,FALSE,FALSE,,FALSE,FALSE,FALSE,FALSE,FALSE,FALSE,FALSE,FALSE,FALSE,FALSE,FALSE,FALSE,FALSE,FALSE,FALSE,FALSE,FALSE,FALSE,FALSE,FALSE,FALSE
PLANT-00537,Liatris spicata,"Dense Blazing Star, Dense Gayfeather, Dense Liatris, Marsh Blazing Star, Marsh Gayfeather, Marsh Liatris","Dense Blazing Star, Dense Gayfeather, Dense Liatris, Marsh Blazing Star, Marsh Gayfeather, Marsh Liatris",Asteraceae,https://inaturalist-open-data.s3.amazonaws.com/photos/86566147/medium.jpg,iNaturalist,Alabama | Connecticut | Delaware | Florida | Georgia | Illinois | Indiana | Kentucky | Louisiana | Maryland | Massachusetts | Michigan | Mississippi | Missouri | New Jersey | North Carolina | Ohio | Pennsylvania | South Carolina | Tennessee | Virginia | West Virginia | Wisconsin,Herb,Herbaceous perennial,3,8,Low,"Moist, average soils.",Moist,Acidic (pH<6.8),TRUE,FALSE,FALSE,FALSE,TRUE,FALSE,Purple,FALSE,FALSE,FALSE,FALSE,FALSE,FALSE,TRUE,TRUE,TRUE,TRUE,TRUE,FALSE,FALSE,FALSE,FALSE,FALSE,FALSE,FALSE,FALSE,TRUE,FALSE
PLANT-00538,Lilium michiganense,"Michigan Lily, Turk's Cap Lily","Michigan Lily, Turk's Cap Lily",Liliaceae,https://inaturalist-open-data.s3.amazonaws.com/photos/2101418/medium.jpg,iNaturalist,Alabama | Arkansas | Georgia | Illinois | Indiana | Iowa | Kansas | Kentucky | Michigan | Minnesota | Missouri | Nebraska | New York | Ohio | Oklahoma | South Dakota | Tennessee | Wisconsin,Herb,Bulb,4,8,Low,"Deep, fertile, moist, cool soil.",Moist,,TRUE,TRUE,TRUE,FALSE,FALSE,FALSE,"Red , Orange , Yellow",FALSE,FALSE,FALSE,FALSE,FALSE,TRUE,TRUE,TRUE,FALSE,FALSE,FALSE,FALSE,FALSE,FALSE,FALSE,FALSE,FALSE,FALSE,FALSE,TRUE,FALSE
PLANT-00539,Lilium superbum,Turk's-cap Lily,Turk's-cap Lily,Liliaceae,https://inaturalist-open-data.s3.amazonaws.com/photos/353432805/medium.jpeg,iNaturalist,Alabama | Arkansas | Connecticut | Delaware | Florida | Georgia | Illinois | Indiana | Kentucky | Louisiana | Maryland | Minnesota | Mississippi | Missouri | New Hampshire | New York | North Carolina | Ohio | Pennsylvania | Rhode Island | Tennessee | Vermont | Virginia | West Virginia,Herb,Bulb,5,8,Medium,"Loam, Sand. Good drainage essential.",Moist,Acidic (pH<6.8),TRUE,FALSE,FALSE,FALSE,TRUE,FALSE,"Red , Orange , Yellow",FALSE,FALSE,FALSE,FALSE,FALSE,FALSE,TRUE,TRUE,TRUE,FALSE,FALSE,FALSE,FALSE,FALSE,FALSE,FALSE,FALSE,FALSE,FALSE,TRUE,FALSE
PLANT-00540,Lindera benzoin,"Northern Spicebush, Spicebush, Wild Allspice","Northern Spicebush, Spicebush, Wild Allspice",Lauraceae,https://inaturalist-open-data.s3.amazonaws.com/photos/313884891/medium.jpg,iNaturalist,Alabama | Arkansas | Connecticut | Delaware | Florida | Georgia | Illinois | Indiana | Iowa | Kansas | Kentucky | Louisiana | Maine | Maryland | Massachusetts | Michigan | Mississippi | Missouri | New Hampshire | New Jersey | New York | North Carolina | Ohio | Oklahoma | Pennsylvania | Rhode Island | South Carolina | Tennessee | Texas | Vermont | Virginia | West Virginia,Shrub,Deciduous shrub,4,9,Low,"Moist, sandy, well-drained soils. Caliche type, Limestone-based, Sandy Loam, Medium Loam","Dry , Moist , Wet",,TRUE,TRUE,TRUE,FALSE,TRUE,FALSE,"White , Yellow , Green",FALSE,FALSE,TRUE,TRUE,TRUE,FALSE,FALSE,FALSE,FALSE,FALSE,FALSE,FALSE,FALSE,FALSE,FALSE,FALSE,FALSE,FALSE,FALSE,TRUE,FALSE
PLANT-00541,Liquidambar styraciflua,"Sweetgum, American Sweetgum, Red Gum, White Gum, Star-leaved Gum, Starleaf Gum, Alligator Tree, Satin Walnut, Bilsted, Liquidambar","Sweetgum, American Sweetgum, Red Gum, White Gum, Star-leaved Gum, Starleaf Gum, Alligator Tree, Satin Walnut, Bilsted, Liquidambar",Hamamelidaceae,https://inaturalist-open-data.s3.amazonaws.com/photos/239888168/medium.jpeg,iNaturalist,Alabama | Arkansas | California | Connecticut | Delaware | Florida | Georgia | Illinois | Indiana | Kentucky | Louisiana | Maryland | Massachusetts | Mississippi | Missouri | New Jersey | New York | North Carolina | Ohio | Oklahoma | Pennsylvania | Rhode Island | South Carolina | Tennessee | Texas | Virginia | West Virginia,Tree,Tree,5,9,Low,"Deep, moist, alluvial loams. Sandy, Sandy Loam, Medium Loam, Clay Loam, Acid-based.",Moist,Acidic (pH<6.8),FALSE,TRUE,FALSE,FALSE,FALSE,TRUE,"White , Green",FALSE,FALSE,TRUE,TRUE,TRUE,FALSE,FALSE,FALSE,FALSE,FALSE,FALSE,FALSE,FALSE,FALSE,FALSE,FALSE,FALSE,FALSE,FALSE,TRUE,FALSE
PLANT-00542,Liriodendron tulipifera,"Tulip Tree, Tulip Poplar, Yellow Poplar","Tulip Tree, Tulip Poplar, Yellow Poplar",Magnoliaceae,https://inaturalist-open-data.s3.amazonaws.com/photos/867903/medium.jpg,iNaturalist,Alabama | Arkansas | Connecticut | Delaware | Florida | Georgia | Illinois | Indiana | Kentucky | Louisiana | Maryland | Massachusetts | Michigan | Mississippi | Missouri | New Jersey | New York | North Carolina | Ohio | Pennsylvania | Rhode Island | South Carolina | Tennessee | Vermont | Virginia | West Virginia,Tree,Tree,4,9,Low,"Rich, moist soils.",Moist,Acidic (pH<6.8),TRUE,TRUE,TRUE,FALSE,TRUE,FALSE,"Yellow , Green , Brown",FALSE,FALSE,FALSE,TRUE,TRUE,TRUE,FALSE,FALSE,FALSE,FALSE,FALSE,FALSE,FALSE,FALSE,FALSE,FALSE,FALSE,FALSE,FALSE,TRUE,FALSE
PLANT-00543,Lobelia cardinalis,Cardinal Flower,Cardinal Flower,Campanulaceae,https://static.inaturalist.org/photos/383016071/medium.jpg,iNaturalist,Alabama | Arizona | Arkansas | California | Colorado | Connecticut | Delaware | Florida | Georgia | Illinois | Indiana | Iowa | Kansas | Kentucky | Louisiana | Maine | Maryland | Michigan | Minnesota | Mississippi | Missouri | Nebraska | Nevada | New Hampshire | New Jersey | New Mexico | New York | North Carolina | Ohio | Oklahoma | Pennsylvania | Rhode Island | South Carolina | Tennessee | Texas | Utah | Vermont | Virginia | West Virginia | Wisconsin,Herb,Herbaceous perennial,3,9,Low,"Moist to wet, humus-rich soil. Medium Loam, Clay Loam, Limestone-based, Sandy, Sandy Loam, Clay","Moist , Wet",,TRUE,TRUE,TRUE,FALSE,TRUE,TRUE,Red,FALSE,FALSE,FALSE,FALSE,TRUE,TRUE,TRUE,TRUE,TRUE,TRUE,FALSE,FALSE,FALSE,FALSE,FALSE,FALSE,FALSE,FALSE,FALSE,TRUE,FALSE
PLANT-00544,Lobelia siphilitica,Great Blue Lobelia,Great Blue Lobelia,Campanulaceae,https://inaturalist-open-data.s3.amazonaws.com/photos/153600161/medium.jpg,iNaturalist,Alabama | Arkansas | Colorado | Connecticut | Delaware | Georgia | Illinois | Indiana | Iowa | Kansas | Kentucky | Louisiana | Maine | Maryland | Michigan | Minnesota | Mississippi | Missouri | Nebraska | New Hampshire | New Jersey | New York | North Carolina | North Dakota | Ohio | Oklahoma | South Carolina | South Dakota | Tennessee | Texas | Vermont | Virginia | West Virginia | Wisconsin | Wyoming,Herb,Herbaceous perennial,4,9,Low,"Clay, Loam, Sand","Moist , Wet",,TRUE,TRUE,TRUE,FALSE,FALSE,FALSE,"White , Blue",FALSE,FALSE,FALSE,FALSE,FALSE,FALSE,TRUE,TRUE,TRUE,TRUE,FALSE,FALSE,FALSE,FALSE,FALSE,FALSE,FALSE,FALSE,FALSE,TRUE,FALSE
PLANT-00545,Lobelia Ã— speciosa,lobelia,lobelia,,,,Illinois | Missouri,,Herbaceous perennial,5,8,Low,,,,FALSE,FALSE,FALSE,FALSE,FALSE,FALSE,,FALSE,FALSE,FALSE,FALSE,FALSE,FALSE,FALSE,FALSE,FALSE,FALSE,FALSE,FALSE,FALSE,FALSE,FALSE,FALSE,FALSE,FALSE,FALSE,FALSE,FALSE
PLANT-00546,Lonicera caerulea,Sweetberry Honeysuckle,Sweetberry Honeysuckle,Caprifoliaceae,https://inaturalist-open-data.s3.amazonaws.com/photos/356932/medium.jpg,iNaturalist,California | Idaho | Montana | Nevada | Oregon | Pennsylvania | Washington | Wisconsin | Wyoming,Shrub,Fruit,2,7,Low,,Moist,,TRUE,FALSE,FALSE,FALSE,FALSE,FALSE,"White , Yellow",FALSE,FALSE,FALSE,FALSE,TRUE,TRUE,TRUE,FALSE,FALSE,FALSE,FALSE,FALSE,FALSE,FALSE,FALSE,FALSE,FALSE,FALSE,FALSE,TRUE,FALSE
PLANT-00547,Lonicera flava,Yellow Honeysuckle,Yellow Honeysuckle,Caprifoliaceae,https://static.inaturalist.org/photos/7540551/medium.jpg,iNaturalist,Alabama | Arkansas | Georgia | Illinois | Kansas | Kentucky | Missouri | North Carolina | Ohio | Oklahoma | South Carolina | Tennessee,Shrub,Vine,5,8,Low,,,,FALSE,FALSE,FALSE,FALSE,FALSE,FALSE,"Orange , Yellow",FALSE,FALSE,FALSE,TRUE,TRUE,FALSE,FALSE,FALSE,FALSE,FALSE,FALSE,FALSE,FALSE,FALSE,FALSE,FALSE,FALSE,FALSE,FALSE,TRUE,FALSE
PLANT-00548,Lonicera involucrata,"Twinberry Honeysuckle, Black Twinberry Honeysuckle, Black Twinberry, Bearberry Honeysuckle, Four-line Honeysuckle","Twinberry Honeysuckle, Black Twinberry Honeysuckle, Black Twinberry, Bearberry Honeysuckle, Four-line Honeysuckle",Caprifoliaceae,https://inaturalist-open-data.s3.amazonaws.com/photos/52126544/medium.jpeg,iNaturalist,Alaska | Arizona | California | Colorado | Idaho | Michigan | Montana | Nevada | New Mexico | Oregon | Utah | Washington | Wisconsin | Wyoming,Shrub,Deciduous shrub,4,10,Low,"Wet, brackish water margins.",Moist,,TRUE,TRUE,TRUE,FALSE,FALSE,TRUE,"Red , Yellow , Purple",FALSE,FALSE,TRUE,TRUE,TRUE,TRUE,TRUE,TRUE,FALSE,FALSE,FALSE,FALSE,TRUE,FALSE,TRUE,FALSE,TRUE,FALSE,TRUE,TRUE,TRUE
PLANT-00549,Lonicera sempervirens,"Coral Honeysuckle, Trumpet Honeysuckle, Woodbine","Coral Honeysuckle, Trumpet Honeysuckle, Woodbine",Caprifoliaceae,https://inaturalist-open-data.s3.amazonaws.com/photos/70049480/medium.jpg,iNaturalist,Alabama | Arkansas | Connecticut | Delaware | Florida | Georgia | Illinois | Iowa | Kansas | Kentucky | Louisiana | Maine | Maryland | Mississippi | Missouri | New Hampshire | New Jersey | New York | North Carolina | Oklahoma | Pennsylvania | South Carolina | Tennessee | Texas | Vermont | Virginia | West Virginia,Vine,Vine,4,9,Low,"Various soils, but rich preferred. Sandy, Sandy Loam, Medium Loam, Clay Loam, Clay, Caliche type. Both lime and acidic OK.",Moist,,TRUE,TRUE,FALSE,FALSE,TRUE,FALSE,"Red , Yellow",FALSE,FALSE,TRUE,TRUE,TRUE,TRUE,FALSE,FALSE,FALSE,FALSE,FALSE,FALSE,FALSE,FALSE,FALSE,FALSE,FALSE,FALSE,FALSE,TRUE,FALSE
PLANT-00550,Ludwigia alternifolia,Seedbox,Seedbox,Onagraceae,https://inaturalist-open-data.s3.amazonaws.com/photos/75401637/medium.jpg,iNaturalist,Alabama | Arkansas | Colorado | Connecticut | Delaware | Florida | Georgia | Illinois | Indiana | Iowa | Kansas | Kentucky | Louisiana | Maryland | Massachusetts | Michigan | Mississippi | Missouri | Nebraska | New Jersey | New York | North Carolina | Ohio | Oklahoma | Pennsylvania | Rhode Island | South Carolina | Tennessee | Texas | Vermont | Virginia | West Virginia | Wisconsin,Herb,Herbaceous perennial,4,8,Medium,Sandy,"Moist , Wet",,TRUE,FALSE,FALSE,FALSE,FALSE,FALSE,Yellow,FALSE,FALSE,FALSE,FALSE,FALSE,TRUE,TRUE,TRUE,TRUE,FALSE,FALSE,FALSE,FALSE,FALSE,FALSE,FALSE,FALSE,FALSE,FALSE,TRUE,FALSE
PLANT-00551,Lycopodiella alopecuroides,Foxtail Clubmoss,Foxtail Clubmoss,Lycopodiaceae,https://inaturalist-open-data.s3.amazonaws.com/photos/20589279/medium.jpg,iNaturalist,Alabama | Arkansas | Connecticut | Delaware | Florida | Georgia | Louisiana | Maine | Maryland | Massachusetts | Mississippi | New Jersey | New York | North Carolina | Pennsylvania | Rhode Island | South Carolina | Tennessee | Texas | Virginia,Herb,Herbaceous perennial,5,9,High,,,,FALSE,FALSE,FALSE,FALSE,FALSE,FALSE,Not Applicable,FALSE,FALSE,FALSE,FALSE,FALSE,FALSE,FALSE,FALSE,FALSE,FALSE,FALSE,FALSE,FALSE,FALSE,FALSE,FALSE,FALSE,FALSE,FALSE,TRUE,FALSE
PLANT-00552,Lyonia lucida,"Shining Fetterbush, Fetterbush Lyonia, Shinyleaf, Fetterbush, Staggerbush","Shining Fetterbush, Fetterbush Lyonia, Shinyleaf, Fetterbush, Staggerbush",Ericaceae,https://inaturalist-open-data.s3.amazonaws.com/photos/76628034/medium.jpg,iNaturalist,Alabama | Florida | Georgia | Louisiana | Mississippi | North Carolina | South Carolina | Virginia,Shrub,Broadleaf evergreen,7,9,Medium,"Moist, well-drained, acidic soil",Moist,Acidic (pH<6.8),FALSE,TRUE,TRUE,FALSE,TRUE,FALSE,Pink,FALSE,FALSE,TRUE,TRUE,TRUE,FALSE,FALSE,FALSE,FALSE,FALSE,FALSE,FALSE,FALSE,FALSE,FALSE,FALSE,FALSE,FALSE,FALSE,TRUE,FALSE
PLANT-00553,Maclura pomifera,"Osage Orange, Bois d' Arc, Bodark, Horse Apple, Hedge Apple, Bowwood, Yellowwood, Naranjo Chino, Monkey Brains","Osage Orange, Bois d' Arc, Bodark, Horse Apple, Hedge Apple, Bowwood, Yellowwood, Naranjo Chino, Monkey Brains",Moraceae,https://inaturalist-open-data.s3.amazonaws.com/photos/52688312/medium.jpg,iNaturalist,Arkansas | Oklahoma | Texas,Tree,Tree,4,9,Low,"Medium Loam, Clay Loam, Clay",Dry,,TRUE,FALSE,FALSE,FALSE,TRUE,FALSE,Green,FALSE,FALSE,FALSE,TRUE,TRUE,TRUE,FALSE,FALSE,FALSE,FALSE,FALSE,FALSE,FALSE,FALSE,FALSE,FALSE,FALSE,FALSE,FALSE,TRUE,FALSE
PLANT-00554,Magnolia acuminata,"Cucumbertree, Cucumber Tree, Mountain Magnolia","Cucumbertree, Cucumber Tree, Mountain Magnolia",Magnoliaceae,https://inaturalist-open-data.s3.amazonaws.com/photos/45551257/medium.jpeg,iNaturalist,Alabama | Arkansas | Connecticut | Florida | Georgia | Illinois | Indiana | Kentucky | Louisiana | Maine | Maryland | Mississippi | Missouri | New Jersey | New York | North Carolina | Ohio | Oklahoma | Pennsylvania | South Carolina | Tennessee | Virginia | West Virginia,Tree,Tree,3,8,Low,"Rich, moist, acidic soils.","Moist , Wet",Acidic (pH<6.8),TRUE,TRUE,TRUE,FALSE,FALSE,TRUE,"Yellow , Green , Brown",FALSE,FALSE,TRUE,TRUE,TRUE,TRUE,FALSE,FALSE,FALSE,FALSE,FALSE,FALSE,FALSE,FALSE,FALSE,FALSE,FALSE,FALSE,FALSE,TRUE,FALSE
PLANT-00555,Magnolia grandiflora,"Southern Magnolia, Evergreen Magnolia, Loblolly Magnolia, Great Laurel Magnolia, Big Laurel, Bull Bay","Southern Magnolia, Evergreen Magnolia, Loblolly Magnolia, Great Laurel Magnolia, Big Laurel, Bull Bay",Magnoliaceae,https://inaturalist-open-data.s3.amazonaws.com/photos/82254330/medium.jpg,iNaturalist,Alabama | Arkansas | Florida | Georgia | Louisiana | Mississippi | North Carolina | Texas | Virginia,Tree,Tree,7,9,Medium,"Rich, porous, acid soils. Sandy, Sandy Loam, Medium Loam, Clay Loam Clay, Acid-based, Calcareous",Dry,,FALSE,TRUE,FALSE,FALSE,FALSE,TRUE,White,FALSE,FALSE,TRUE,TRUE,TRUE,TRUE,FALSE,FALSE,FALSE,FALSE,FALSE,FALSE,FALSE,FALSE,FALSE,FALSE,FALSE,FALSE,FALSE,TRUE,FALSE
PLANT-00556,Magnolia macrophylla,Bigleaf Magnolia,Bigleaf Magnolia,Magnoliaceae,https://inaturalist-open-data.s3.amazonaws.com/photos/53670533/medium.jpeg,iNaturalist,Alabama | Arkansas | Florida | Georgia | Kentucky | Louisiana | Maryland | Mississippi | North Carolina | Ohio | South Carolina | Tennessee | Virginia | West Virginia,Tree,Tree,5,8,Low,"Rich, acid soils.",,,FALSE,TRUE,FALSE,FALSE,FALSE,FALSE,White,FALSE,FALSE,FALSE,FALSE,TRUE,TRUE,FALSE,FALSE,FALSE,FALSE,FALSE,FALSE,FALSE,FALSE,FALSE,FALSE,FALSE,FALSE,FALSE,TRUE,FALSE
PLANT-00557,Magnolia tripetala,"Umbrella Tree, Umbrella Magnolia","Umbrella Tree, Umbrella Magnolia",Magnoliaceae,https://inaturalist-open-data.s3.amazonaws.com/photos/16219358/medium.jpg,iNaturalist,Alabama | Arkansas | Delaware | Florida | Georgia | Indiana | Kentucky | Maryland | Mississippi | North Carolina | Ohio | Oklahoma | Pennsylvania | South Carolina | Tennessee | Virginia | West Virginia,Tree,Tree,5,8,Low,"Moist, rich, acidic, well-drained soils.",Moist,,FALSE,TRUE,FALSE,FALSE,TRUE,FALSE,White,FALSE,FALSE,TRUE,TRUE,TRUE,TRUE,FALSE,FALSE,FALSE,FALSE,FALSE,FALSE,FALSE,FALSE,FALSE,FALSE,FALSE,FALSE,FALSE,TRUE,FALSE
PLANT-00558,Magnolia virginiana,"Sweetbay, Sweetbay Magnolia, Southern Sweetbay, Swampbay, Swamp Magnolia, Sweet Magnolia, Small Magnolia, Laurel Magnolia, White Bay, White Laurel, Swamp Laurel, Beaver Tree","Sweetbay, Sweetbay Magnolia, Southern Sweetbay, Swampbay, Swamp Magnolia, Sweet Magnolia, Small Magnolia, Laurel Magnolia, White Bay, White Laurel, Swamp Laurel, Beaver Tree",Magnoliaceae,https://inaturalist-open-data.s3.amazonaws.com/photos/50032286/medium.jpeg,iNaturalist,Alabama | Arkansas | Delaware | Florida | Georgia | Louisiana | Maryland | Massachusetts | Mississippi | New Jersey | New York | North Carolina | Pennsylvania | South Carolina | Tennessee | Texas | Virginia,Tree,Tree,5,10,Low,"Rich, moist soils. . Sandy, Sandy Loam, Medium Loam, Clay Loam, Clay, Acid-based",Moist,Acidic (pH<6.8),FALSE,TRUE,FALSE,FALSE,FALSE,TRUE,White,FALSE,FALSE,FALSE,TRUE,TRUE,TRUE,TRUE,FALSE,FALSE,FALSE,FALSE,FALSE,FALSE,FALSE,FALSE,FALSE,FALSE,FALSE,FALSE,TRUE,FALSE
PLANT-00559,Magnolia virginiana var. australis,swamp magnolia,swamp magnolia,,,,Alabama | Arkansas | Florida | Georgia | Louisiana | Mississippi | South Carolina | Texas,,Tree,5,10,Low,,,,FALSE,FALSE,FALSE,FALSE,FALSE,FALSE,,FALSE,FALSE,FALSE,FALSE,FALSE,FALSE,FALSE,FALSE,FALSE,FALSE,FALSE,FALSE,FALSE,FALSE,FALSE,FALSE,FALSE,FALSE,FALSE,FALSE,FALSE
PLANT-00560,Mahonia repens,"Creeping Barberry, Creeping Oregon-grape","Creeping Barberry, Creeping Oregon-grape",Berberidaceae,https://inaturalist-open-data.s3.amazonaws.com/photos/141256123/medium.jpg,iNaturalist,Arizona | California | Colorado | Delaware | Idaho | Indiana | Minnesota | Montana | Nebraska | Nevada | New Mexico | North Dakota | Oregon | Pennsylvania | South Dakota | Texas | Utah | Washington | Wyoming,Shrub,Broadleaf evergreen,5,8,Medium,"Rich, well-drained sandy, loamy, chalky, or granitic soils.","Dry , Moist",Acidic (pH<6.8),FALSE,TRUE,FALSE,FALSE,TRUE,FALSE,Yellow,FALSE,FALSE,FALSE,TRUE,TRUE,TRUE,TRUE,FALSE,FALSE,FALSE,FALSE,FALSE,FALSE,FALSE,FALSE,FALSE,FALSE,FALSE,FALSE,TRUE,FALSE
PLANT-00561,Maianthemum racemosum,"Feathery False Lily Of The Valley, False Solomon's Seal, Feathery False Solomon's Seal, False Spikenard, Solomon's Plume, Smilacina","Feathery False Lily Of The Valley, False Solomon's Seal, Feathery False Solomon's Seal, False Spikenard, Solomon's Plume, Smilacina",Liliaceae,https://inaturalist-open-data.s3.amazonaws.com/photos/111809822/medium.jpg,iNaturalist,Alabama | Alaska | Arizona | Arkansas | California | Colorado | Connecticut | Delaware | Florida | Georgia | Idaho | Illinois | Indiana | Iowa | Kansas | Kentucky | Louisiana | Maine | Maryland | Michigan | Minnesota | Mississippi | Missouri | Montana | Nebraska | Nevada | New Hampshire | New Jersey | New Mexico | New York | North Carolina | North Dakota | Ohio | Oklahoma | Oregon | Pennsylvania | Rhode Island | South Carolina | South Dakota | Tennessee | Texas | Utah | Vermont | Virginia | Washington | West Virginia | Wyoming,Herb,Herbaceous perennial,3,8,Medium,,,,FALSE,FALSE,FALSE,FALSE,FALSE,FALSE,White,FALSE,FALSE,FALSE,TRUE,TRUE,TRUE,TRUE,FALSE,FALSE,FALSE,FALSE,FALSE,FALSE,FALSE,FALSE,FALSE,FALSE,FALSE,FALSE,TRUE,FALSE
PLANT-00562,Maianthemum stellatum,"Starry False Lily Of The Valley, Starry False Solomon's Seal, Star-flowered Solomon's Seal","Starry False Lily Of The Valley, Starry False Solomon's Seal, Star-flowered Solomon's Seal",Liliaceae,https://inaturalist-open-data.s3.amazonaws.com/photos/5315/medium.jpg,iNaturalist,Alaska | Arizona | California | Colorado | Connecticut | Delaware | Idaho | Illinois | Indiana | Iowa | Kansas | Kentucky | Maine | Maryland | Massachusetts | Michigan | Minnesota | Missouri | Montana | Nebraska | Nevada | New Hampshire | New Jersey | New Mexico | New York | North Dakota | Ohio | Oklahoma | Oregon | Pennsylvania | Rhode Island | South Dakota | Tennessee | Utah | Vermont | Virginia | Washington | West Virginia | Wisconsin | Wyoming,Herb,Herbaceous perennial,3,7,Medium,"Moist, especially sandy, soils.","Dry , Moist",,FALSE,TRUE,TRUE,FALSE,FALSE,FALSE,White,FALSE,FALSE,FALSE,TRUE,TRUE,TRUE,FALSE,FALSE,FALSE,FALSE,FALSE,FALSE,FALSE,FALSE,FALSE,FALSE,FALSE,FALSE,FALSE,TRUE,FALSE
PLANT-00563,Malpighia coccigera,Singapore holly,Singapore holly,,https://inaturalist-open-data.s3.amazonaws.com/photos/700212/medium.JPG,iNaturalist,Florida,,Broadleaf evergreen,11,12,Low,,,,FALSE,FALSE,FALSE,FALSE,FALSE,FALSE,,FALSE,FALSE,FALSE,FALSE,FALSE,FALSE,FALSE,FALSE,FALSE,FALSE,FALSE,FALSE,FALSE,FALSE,FALSE,FALSE,FALSE,FALSE,FALSE,FALSE,FALSE
PLANT-00564,Manfreda virginica,"False Aloe, Rattlesnake Master","False Aloe, Rattlesnake Master",Agavaceae,https://inaturalist-open-data.s3.amazonaws.com/photos/139830407/medium.jpeg,iNaturalist,Alabama | Arkansas | Florida | Georgia | Illinois | Indiana | Kentucky | Louisiana | Mississippi | Missouri | North Carolina | Ohio | Oklahoma | South Carolina | Tennessee | Texas | Virginia | West Virginia,Cactus/Succulent,Herbaceous perennial,6,9,Low,"Dry, sterile, sometime alkaline soils.",Dry,,TRUE,FALSE,FALSE,FALSE,FALSE,FALSE,Green,FALSE,FALSE,FALSE,FALSE,TRUE,TRUE,TRUE,TRUE,FALSE,FALSE,FALSE,FALSE,FALSE,FALSE,FALSE,FALSE,FALSE,FALSE,FALSE,TRUE,FALSE
PLANT-00565,Marshallia caespitosa,"Barbara's-buttons, Puffballs, White Barbara's-buttons, Barbara's Buttons","Barbara's-buttons, Puffballs, White Barbara's-buttons, Barbara's Buttons",Asteraceae,https://static.inaturalist.org/photos/69858606/medium.jpg,iNaturalist,Arkansas | Kansas | Louisiana | Missouri | Oklahoma | Texas,Herb,Herbaceous perennial,5,8,Low,"Sandy or calcareous soils. Sandy, Sandy Loam, Limestone-based, Medium Loam, Clay Loam, Clay",Dry,,TRUE,TRUE,FALSE,TRUE,FALSE,FALSE,"White , Pink , Purple",FALSE,FALSE,FALSE,TRUE,TRUE,TRUE,FALSE,FALSE,FALSE,FALSE,FALSE,FALSE,FALSE,FALSE,FALSE,FALSE,FALSE,FALSE,FALSE,TRUE,FALSE
PLANT-00566,Marshallia grandiflora,"Monongahela Barbara's Buttons, Large-flowered Marshallia","Monongahela Barbara's Buttons, Large-flowered Marshallia",Asteraceae,https://inaturalist-open-data.s3.amazonaws.com/photos/110544202/medium.jpg,iNaturalist,West Virginia,Herb,Herbaceous perennial,5,9,Low,Moist to drier soils.,Moist,,FALSE,TRUE,FALSE,FALSE,FALSE,FALSE,Pink,FALSE,FALSE,FALSE,FALSE,TRUE,TRUE,TRUE,FALSE,FALSE,FALSE,FALSE,FALSE,FALSE,FALSE,FALSE,FALSE,FALSE,FALSE,FALSE,TRUE,FALSE
PLANT-00567,Marshallia mohrii,Mohr's Barbara's-buttons,Mohr's Barbara's-buttons,,https://static.inaturalist.org/photos/23238/medium.jpg,iNaturalist,Alabama | Georgia,,Herbaceous perennial,7,8,Low,,,,FALSE,FALSE,FALSE,FALSE,FALSE,FALSE,,FALSE,FALSE,FALSE,FALSE,FALSE,FALSE,FALSE,FALSE,FALSE,FALSE,FALSE,FALSE,FALSE,FALSE,FALSE,FALSE,FALSE,FALSE,FALSE,FALSE,FALSE
PLANT-00568,Matelea decipiens,climbing milkweed,climbing milkweed,,https://inaturalist-open-data.s3.amazonaws.com/photos/127527/medium.jpg,iNaturalist,Arkansas | Georgia | Illinois | Indiana | Kansas | Kentucky | Louisiana | Maryland | Missouri | North Carolina | Oklahoma | South Carolina | Tennessee | Texas | Virginia,,Vine,6,8,Medium,,,,FALSE,FALSE,FALSE,FALSE,FALSE,FALSE,,FALSE,FALSE,FALSE,FALSE,FALSE,FALSE,FALSE,FALSE,FALSE,FALSE,FALSE,FALSE,FALSE,FALSE,FALSE,FALSE,FALSE,FALSE,FALSE,FALSE,FALSE
PLANT-00569,Matteuccia struthiopteris subsp. pensylvanica,,Matteuccia struthiopteris subsp. pensylvanica,,,,Alaska | Connecticut | Illinois | Indiana | Iowa | Maine | Massachusetts | Michigan | Minnesota | Missouri | Nebraska | New Hampshire | New Jersey | New York | North Dakota | Ohio | Pennsylvania | Rhode Island | South Dakota | Vermont | Virginia | West Virginia | Wisconsin,,Fern,3,8,Medium,,,,FALSE,FALSE,FALSE,FALSE,FALSE,FALSE,,FALSE,FALSE,FALSE,FALSE,FALSE,FALSE,FALSE,FALSE,FALSE,FALSE,FALSE,FALSE,FALSE,FALSE,FALSE,FALSE,FALSE,FALSE,FALSE,FALSE,FALSE
PLANT-00570,Medeola virginiana,"Indian Cucumber, Indian Cucumber-root","Indian Cucumber, Indian Cucumber-root",Liliaceae,https://inaturalist-open-data.s3.amazonaws.com/photos/81800/medium.jpg,iNaturalist,Alabama | Arkansas | Connecticut | Delaware | Florida | Georgia | Illinois | Indiana | Kentucky | Louisiana | Maine | Maryland | Michigan | Minnesota | Mississippi | Missouri | New Hampshire | New Jersey | New York | North Carolina | Ohio | Pennsylvania | Rhode Island | South Carolina | Tennessee | Vermont | Virginia | West Virginia | Wisconsin,Herb,Herbaceous perennial,3,8,Low,"Loam, Sand",Moist,,TRUE,TRUE,FALSE,FALSE,FALSE,FALSE,"Yellow , Green , Brown",FALSE,FALSE,FALSE,FALSE,TRUE,TRUE,TRUE,FALSE,FALSE,FALSE,FALSE,FALSE,FALSE,FALSE,FALSE,FALSE,FALSE,FALSE,FALSE,TRUE,FALSE
PLANT-00571,Melanthium virginicum,bunchflower,bunchflower,,https://inaturalist-open-data.s3.amazonaws.com/photos/174088786/medium.jpeg,iNaturalist,Alabama | Arkansas | Delaware | Florida | Georgia | Illinois | Indiana | Kansas | Kentucky | Louisiana | Maryland | Minnesota | Mississippi | Missouri | New Jersey | New York | North Carolina | Ohio | Oklahoma | Pennsylvania | South Carolina | Tennessee | Texas | Virginia | West Virginia,,Herbaceous perennial,4,8,Low,,,,FALSE,FALSE,FALSE,FALSE,FALSE,FALSE,,FALSE,FALSE,FALSE,FALSE,FALSE,FALSE,FALSE,FALSE,FALSE,FALSE,FALSE,FALSE,FALSE,FALSE,FALSE,FALSE,FALSE,FALSE,FALSE,FALSE,FALSE
PLANT-00572,Menispermum canadense,Common Moonseed,Common Moonseed,Menispermaceae,https://inaturalist-open-data.s3.amazonaws.com/photos/202091324/medium.jpeg,iNaturalist,Alabama | Arkansas | Connecticut | Delaware | Florida | Georgia | Illinois | Indiana | Iowa | Kansas | Kentucky | Maryland | Massachusetts | Michigan | Minnesota | Mississippi | Missouri | Nebraska | New Hampshire | New Jersey | New York | North Carolina | North Dakota | Ohio | Oklahoma | Pennsylvania | South Carolina | South Dakota | Tennessee | Texas | Vermont | Virginia | West Virginia | Wisconsin,Vine,Vine,5,8,Medium,,Moist,,TRUE,TRUE,TRUE,FALSE,FALSE,FALSE,"White , Green , Brown",FALSE,FALSE,TRUE,TRUE,TRUE,TRUE,TRUE,TRUE,FALSE,FALSE,FALSE,FALSE,FALSE,FALSE,FALSE,FALSE,FALSE,FALSE,FALSE,TRUE,FALSE
PLANT-00573,Menyanthes trifoliata,"Buckbean, Buck-bean","Buckbean, Buck-bean",Menyanthaceae,https://inaturalist-open-data.s3.amazonaws.com/photos/6099661/medium.jpg,iNaturalist,Alaska | Arizona | California | Colorado | Connecticut | Delaware | Idaho | Illinois | Indiana | Iowa | Maine | Maryland | Massachusetts | Michigan | Minnesota | Missouri | Montana | Nebraska | Nevada | New Hampshire | New Jersey | New Mexico | New York | North Carolina | North Dakota | Ohio | Oregon | Pennsylvania | Rhode Island | South Dakota | Utah | Vermont | Virginia | Washington | West Virginia | Wisconsin | Wyoming,Herb,Herbaceous perennial,3,10,Low,"Wet, sometimes acidic, soils.",Wet,,TRUE,TRUE,FALSE,FALSE,FALSE,TRUE,"White , Pink , Purple",FALSE,FALSE,FALSE,TRUE,TRUE,TRUE,TRUE,TRUE,FALSE,FALSE,FALSE,FALSE,FALSE,FALSE,FALSE,FALSE,FALSE,FALSE,FALSE,TRUE,FALSE
PLANT-00574,Mertensia virginica,Virginia Bluebells,Virginia Bluebells,Boraginaceae,https://inaturalist-open-data.s3.amazonaws.com/photos/358541879/medium.jpg,iNaturalist,Alabama | Arkansas | Delaware | Georgia | Illinois | Indiana | Iowa | Kansas | Kentucky | Maine | Maryland | Massachusetts | Michigan | Minnesota | Mississippi | Missouri | New Jersey | New York | North Carolina | Ohio | Pennsylvania | South Carolina | Tennessee | Vermont | Virginia | West Virginia | Wisconsin,Herb,Herbaceous perennial,3,8,Medium,"Rich, moist, sometimes rocky, soils.",Moist,Circumneutral (pH 6.8-7.2),FALSE,TRUE,TRUE,FALSE,FALSE,TRUE,"Pink , Blue , Purple",FALSE,FALSE,TRUE,TRUE,TRUE,TRUE,FALSE,FALSE,FALSE,FALSE,FALSE,FALSE,FALSE,FALSE,FALSE,FALSE,FALSE,FALSE,FALSE,TRUE,FALSE
PLANT-00575,Mespilus canescens,Stern's medlar,Stern's medlar,,,,Arkansas,,Deciduous shrub,6,8,Low,,,,FALSE,FALSE,FALSE,FALSE,FALSE,FALSE,,FALSE,FALSE,FALSE,FALSE,FALSE,FALSE,FALSE,FALSE,FALSE,FALSE,FALSE,FALSE,FALSE,FALSE,FALSE,FALSE,FALSE,FALSE,FALSE,FALSE,FALSE
PLANT-00576,Mimosa quadrivalvis,Fourvalve Mimosa,Fourvalve Mimosa,Fabaceae,https://static.inaturalist.org/photos/9745739/medium.jpeg,iNaturalist,Missouri,Herb,Herbaceous perennial,6,12,Low,,,,FALSE,FALSE,FALSE,FALSE,FALSE,FALSE,Pink,FALSE,FALSE,FALSE,TRUE,TRUE,TRUE,TRUE,TRUE,TRUE,FALSE,FALSE,FALSE,FALSE,FALSE,FALSE,FALSE,FALSE,FALSE,FALSE,TRUE,FALSE
PLANT-00577,Mimulus alatus,"Sharpwing Monkeyflower, Sharp-winged Monkeyflower","Sharpwing Monkeyflower, Sharp-winged Monkeyflower",Scrophulariaceae,https://static.inaturalist.org/photos/20710341/medium.jpg,iNaturalist,Alabama | Arkansas | Connecticut | Delaware | Florida | Georgia | Illinois | Indiana | Iowa | Kansas | Kentucky | Louisiana | Maryland | Massachusetts | Michigan | Mississippi | Missouri | Nebraska | New Jersey | New York | North Carolina | Ohio | Oklahoma | Pennsylvania | South Carolina | Tennessee | Texas | Virginia | West Virginia,Herb,Herbaceous perennial,5,8,Low,,,,FALSE,FALSE,FALSE,FALSE,FALSE,FALSE,"White , Pink , Blue , Violet",FALSE,FALSE,FALSE,FALSE,FALSE,TRUE,TRUE,TRUE,TRUE,TRUE,TRUE,FALSE,FALSE,FALSE,FALSE,FALSE,FALSE,FALSE,FALSE,TRUE,FALSE
PLANT-00578,Mimulus cardinalis,"Scarlet Monkeyflower, Crimson Monkeyflower, Scarlet Monkey-flower","Scarlet Monkeyflower, Crimson Monkeyflower, Scarlet Monkey-flower",Scrophulariaceae,https://static.inaturalist.org/photos/223307305/medium.jpg,iNaturalist,Arizona | California | Nevada | New Mexico | Oregon | Washington,Herb,Herbaceous perennial,7,10,Medium,Moist soils.,Moist,,FALSE,TRUE,FALSE,FALSE,FALSE,TRUE,"Red , Orange , Yellow",FALSE,FALSE,FALSE,TRUE,TRUE,TRUE,TRUE,TRUE,TRUE,TRUE,FALSE,FALSE,FALSE,FALSE,FALSE,FALSE,FALSE,FALSE,FALSE,TRUE,FALSE
PLANT-00579,Mimulus ringens,"Allegheny Monkeyflower, Square-stemmed Monkeyflower, Square-stem Monkeyflower","Allegheny Monkeyflower, Square-stemmed Monkeyflower, Square-stem Monkeyflower",Scrophulariaceae,https://static.inaturalist.org/photos/4532635/medium.jpg,iNaturalist,Alabama | Arkansas | California | Colorado | Connecticut | Delaware | Georgia | Idaho | Illinois | Indiana | Iowa | Kansas | Kentucky | Louisiana | Maine | Maryland | Massachusetts | Michigan | Minnesota | Mississippi | Missouri | Montana | Nebraska | New Hampshire | New Jersey | New York | North Carolina | North Dakota | Ohio | Oklahoma | Oregon | Pennsylvania | Rhode Island | South Carolina | South Dakota | Tennessee | Texas | Vermont | Virginia | Washington | West Virginia | Wisconsin,Herb,Herbaceous perennial,3,8,Low,Loam,"Moist , Wet",,TRUE,FALSE,FALSE,FALSE,FALSE,FALSE,"Red , Pink , Blue , Purple",FALSE,FALSE,FALSE,FALSE,FALSE,TRUE,TRUE,TRUE,TRUE,FALSE,FALSE,FALSE,FALSE,FALSE,FALSE,FALSE,FALSE,FALSE,FALSE,TRUE,FALSE
PLANT-00580,Mitchella repens,"Partridgeberry, Twinberry, Running Box, Pigeon Plum","Partridgeberry, Twinberry, Running Box, Pigeon Plum",Rubiaceae,https://inaturalist-open-data.s3.amazonaws.com/photos/40064/medium.jpg,iNaturalist,Alabama | Connecticut | Florida | Illinois | Louisiana | Maine | Maryland | Massachusetts | Michigan | Minnesota | Missouri | New Hampshire | New York | North Carolina | Ohio | Rhode Island | South Carolina | Tennessee | Texas | Vermont | Virginia,Herb,Broadleaf evergreen,3,8,Low,"Humus-rich, acidic soil. Sandy, Sandy Loam, Medium Loam, Acid-based","Dry , Moist",Acidic (pH<6.8),FALSE,TRUE,TRUE,TRUE,TRUE,FALSE,"White , Pink , Purple",FALSE,FALSE,FALSE,FALSE,TRUE,TRUE,TRUE,TRUE,TRUE,TRUE,FALSE,FALSE,FALSE,FALSE,FALSE,FALSE,FALSE,FALSE,FALSE,TRUE,FALSE
PLANT-00581,Mitella diphylla,"Twoleaf Miterwort, Miterwort","Twoleaf Miterwort, Miterwort",Saxifragaceae,https://inaturalist-open-data.s3.amazonaws.com/photos/6259/medium.jpg,iNaturalist,Alabama | Arkansas | Connecticut | Delaware | Georgia | Illinois | Indiana | Iowa | Kentucky | Maryland | Massachusetts | Michigan | Minnesota | Mississippi | Missouri | New Hampshire | New Jersey | New York | North Carolina | Ohio | Pennsylvania | South Carolina | Tennessee | Vermont | Virginia | West Virginia | Wisconsin,Herb,Herbaceous perennial,3,7,Medium,"Rich, moist, sometimes limey, soils.",Moist,Acidic (pH<6.8),FALSE,FALSE,TRUE,FALSE,FALSE,FALSE,White,FALSE,FALSE,FALSE,TRUE,TRUE,TRUE,FALSE,FALSE,FALSE,FALSE,FALSE,FALSE,FALSE,FALSE,FALSE,FALSE,FALSE,FALSE,FALSE,TRUE,FALSE
PLANT-00582,Monarda bradburiana,"Eastern Beebalm, Wild Bergamot, Horsemint","Eastern Beebalm, Wild Bergamot, Horsemint",Lamiaceae,https://static.inaturalist.org/photos/368774001/medium.jpg,iNaturalist,Alabama | Arkansas | Illinois | Indiana | Iowa | Kansas | Kentucky | Missouri | Nebraska | Oklahoma | Tennessee | Texas,Herb,Herbaceous perennial,5,8,Low,"Clay, Loam",Moist,,TRUE,FALSE,FALSE,FALSE,FALSE,FALSE,"White , Pink , Purple",FALSE,FALSE,FALSE,FALSE,FALSE,TRUE,TRUE,TRUE,TRUE,FALSE,FALSE,FALSE,FALSE,FALSE,FALSE,FALSE,FALSE,FALSE,FALSE,TRUE,FALSE
PLANT-00583,Monarda citriodora,"Lemon Beebalm, Purple Horsemint, Lemon Mint, Plains Horsemint, Lemon Horsemint, Horsemint, Purple Lemon Mint","Lemon Beebalm, Purple Horsemint, Lemon Mint, Plains Horsemint, Lemon Horsemint, Horsemint, Purple Lemon Mint",Lamiaceae,https://static.inaturalist.org/photos/379047/medium.jpg,iNaturalist,Alabama | Arizona | Arkansas | Kansas | Missouri | New Mexico | Oklahoma | Tennessee | Texas | Utah,Herb,Annual,2,11,Low,"Sandy loam to rocky soils. Clay Loam, Medium Loam, Sandy Loam, Sandy, Clay",Dry,,TRUE,TRUE,FALSE,TRUE,FALSE,FALSE,"White , Pink , Purple",FALSE,FALSE,FALSE,FALSE,TRUE,TRUE,TRUE,TRUE,TRUE,TRUE,FALSE,FALSE,FALSE,FALSE,FALSE,FALSE,FALSE,FALSE,FALSE,TRUE,FALSE
PLANT-00584,Monarda didyma,"Scarlet Beebalm, Oswego Tea, Red Bergamot","Scarlet Beebalm, Oswego Tea, Red Bergamot",Lamiaceae,https://static.inaturalist.org/photos/4383433/medium.jpg,iNaturalist,Alabama | Connecticut | Georgia | Maine | Maryland | Massachusetts | Michigan | Mississippi | New Hampshire | New Jersey | New York | North Carolina | Ohio | Pennsylvania | Tennessee | Vermont | Virginia | West Virginia,Herb,Herbaceous perennial,4,9,Medium,"Rich, moist, acid soils. Juglone tolerant.","Moist , Wet",Acidic (pH<6.8),TRUE,TRUE,FALSE,FALSE,TRUE,FALSE,Red,FALSE,FALSE,FALSE,FALSE,TRUE,TRUE,TRUE,TRUE,TRUE,TRUE,FALSE,FALSE,TRUE,FALSE,FALSE,FALSE,FALSE,FALSE,FALSE,TRUE,TRUE
PLANT-00585,Monarda fistulosa,"Wild Bergamot, Beebalm","Wild Bergamot, Beebalm",Lamiaceae,https://inaturalist-open-data.s3.amazonaws.com/photos/301795454/medium.jpg,iNaturalist,Alabama | Arizona | Arkansas | Colorado | Connecticut | Florida | Georgia | Illinois | Indiana | Iowa | Kansas | Kentucky | Louisiana | Maine | Maryland | Massachusetts | Michigan | Minnesota | Mississippi | Missouri | Montana | Nebraska | New Hampshire | New Jersey | New Mexico | New York | North Carolina | North Dakota | Ohio | Oklahoma | Oregon | Pennsylvania | Rhode Island | South Dakota | Tennessee | Texas | Vermont | Virginia | Washington | West Virginia | Wisconsin | Wyoming,Herb,Herbaceous perennial,3,9,Medium,"Thrives in a wide range of soils, from acid to lime to rich to poor to sand to clay. Less tolerant of flooding, but can take it in the winter.","Dry , Moist","Alkaline (pH>7.2) , Acidic (pH<6.8) , Circumneutral (pH 6.8-7.2)",TRUE,TRUE,FALSE,FALSE,TRUE,FALSE,"White , Pink , Purple",FALSE,FALSE,FALSE,FALSE,TRUE,TRUE,TRUE,TRUE,TRUE,TRUE,FALSE,FALSE,FALSE,FALSE,FALSE,FALSE,FALSE,FALSE,FALSE,TRUE,FALSE
PLANT-00586,Monarda punctata,"Spotted Beebalm, Spotted Horsemint, Horsemint","Spotted Beebalm, Spotted Horsemint, Horsemint",Lamiaceae,https://inaturalist-open-data.s3.amazonaws.com/photos/9440970/medium.jpeg,iNaturalist,Alabama | Arkansas | Connecticut | Florida | Georgia | Illinois | Indiana | Iowa | Kansas | Kentucky | Louisiana | Maryland | Massachusetts | Michigan | Minnesota | Mississippi | Missouri | New Jersey | New Mexico | New York | North Carolina | Ohio | Oklahoma | Pennsylvania | South Carolina | Tennessee | Texas | Vermont | Virginia | Wisconsin,Herb,Herbaceous perennial,3,8,Medium,"Dry, sandy soils",Dry,Circumneutral (pH 6.8-7.2),TRUE,FALSE,FALSE,TRUE,FALSE,FALSE,"White , Pink , Yellow , Green , Purple",FALSE,FALSE,FALSE,TRUE,TRUE,TRUE,TRUE,TRUE,TRUE,FALSE,FALSE,FALSE,FALSE,FALSE,FALSE,FALSE,FALSE,FALSE,FALSE,TRUE,FALSE
PLANT-00587,Morella cerifera,"Wax Myrtle , Southern Wax Myrtle, Southern Bayberry, Eastern Bayberry, Bayberry, Candleberry, Tallow Shrub","Wax Myrtle , Southern Wax Myrtle, Southern Bayberry, Eastern Bayberry, Bayberry, Candleberry, Tallow Shrub",Myricaceae,https://inaturalist-open-data.s3.amazonaws.com/photos/347780/medium.gif,iNaturalist,Alabama | Arkansas | Delaware | Florida | Georgia | Louisiana | Maryland | Mississippi | New Jersey | North Carolina | Oklahoma | South Carolina | Texas | Virginia | West Virginia,Shrub,Broadleaf evergreen,7,10,Low,"Slightly acidic, moist, deep sands, loams, clays.","Moist , Wet","Acidic (pH<6.8) , Circumneutral (pH 6.8-7.2)",TRUE,TRUE,FALSE,FALSE,FALSE,TRUE,Green,FALSE,TRUE,TRUE,TRUE,TRUE,FALSE,FALSE,FALSE,FALSE,FALSE,FALSE,FALSE,FALSE,FALSE,FALSE,FALSE,FALSE,FALSE,FALSE,TRUE,FALSE
PLANT-00588,Morus rubra,"Red Mulberry, Moral","Red Mulberry, Moral",Moraceae,https://inaturalist-open-data.s3.amazonaws.com/photos/37595678/medium.jpg,iNaturalist,Alabama | Arkansas | Connecticut | Delaware | Florida | Georgia | Illinois | Indiana | Iowa | Kansas | Kentucky | Louisiana | Maryland | Massachusetts | Michigan | Minnesota | Mississippi | Missouri | Nebraska | New Jersey | New York | North Carolina | Ohio | Oklahoma | Pennsylvania | Rhode Island | South Carolina | South Dakota | Tennessee | Texas | Vermont | Virginia | West Virginia | Wisconsin,Tree,Tree,4,8,Medium,"Sandy, Sandy Loam, Medium Loam, Clay Loam, Clay","Dry , Moist",,TRUE,TRUE,TRUE,FALSE,TRUE,FALSE,"White , Red , Green , Brown",FALSE,FALSE,TRUE,TRUE,TRUE,TRUE,TRUE,TRUE,FALSE,FALSE,FALSE,FALSE,FALSE,FALSE,FALSE,FALSE,FALSE,FALSE,FALSE,TRUE,FALSE
PLANT-00589,Muhlenbergia capillaris,"Gulf Muhly, Hair-awn Muhly, Hairy-awn Muhly, Hair Grass, Pink Muhly","Gulf Muhly, Hair-awn Muhly, Hairy-awn Muhly, Hair Grass, Pink Muhly",Poaceae,https://inaturalist-open-data.s3.amazonaws.com/photos/101581372/medium.jpeg,iNaturalist,Alabama | Arkansas | Connecticut | Delaware | Florida | Georgia | Illinois | Indiana | Kansas | Kentucky | Louisiana | Maryland | Massachusetts | Mississippi | Missouri | New Jersey | New York | North Carolina | Ohio | Oklahoma | Pennsylvania | South Carolina | Tennessee | Texas | Virginia | West Virginia,Grass/Grass-like,Ornamental grass,5,9,Low,"Sandy soils. Sandy, Sandy Loam, Clayey soils, Rocky soils.","Dry , Moist",,TRUE,FALSE,FALSE,TRUE,TRUE,FALSE,"Pink , Purple",FALSE,FALSE,FALSE,FALSE,FALSE,FALSE,FALSE,FALSE,FALSE,TRUE,FALSE,FALSE,FALSE,FALSE,FALSE,FALSE,FALSE,FALSE,FALSE,TRUE,FALSE
PLANT-00590,Muhlenbergia rigens,"Deergrass, Meadow Muhly, Deer Muhly","Deergrass, Meadow Muhly, Deer Muhly",Poaceae,https://static.inaturalist.org/photos/123270171/medium.jpeg,iNaturalist,Arizona | California | Nevada | New Mexico | Texas,Grass/Grass-like,Ornamental grass,6,9,Low,Seasonally wet to dry soils.,Moist,,TRUE,FALSE,FALSE,TRUE,FALSE,FALSE,Yellow,FALSE,FALSE,FALSE,TRUE,TRUE,TRUE,TRUE,TRUE,TRUE,FALSE,FALSE,FALSE,FALSE,FALSE,FALSE,FALSE,FALSE,FALSE,FALSE,TRUE,FALSE
PLANT-00591,Myrica pensylvanica,bayberry,bayberry,,https://inaturalist-open-data.s3.amazonaws.com/photos/151276750/medium.jpg,iNaturalist,Connecticut | Delaware | Maine | Maryland | Massachusetts | New Hampshire | New Jersey | New York | North Carolina | Ohio | Pennsylvania | Rhode Island | Virginia | West Virginia,,Deciduous shrub,3,7,Low,,,,FALSE,FALSE,FALSE,FALSE,FALSE,FALSE,,FALSE,FALSE,FALSE,FALSE,FALSE,FALSE,FALSE,FALSE,FALSE,FALSE,FALSE,FALSE,FALSE,FALSE,FALSE,FALSE,FALSE,FALSE,FALSE,FALSE,FALSE
PLANT-00592,Napaea dioica,Glade Mallow,Glade Mallow,Malvaceae,,,Illinois | Indiana | Iowa | Minnesota | Ohio | Pennsylvania | Vermont | Virginia | Wisconsin,Herb,Herbaceous perennial,3,8,Low,Wet soils.,Wet,,FALSE,TRUE,FALSE,FALSE,FALSE,FALSE,White,FALSE,FALSE,FALSE,FALSE,FALSE,TRUE,TRUE,TRUE,TRUE,FALSE,FALSE,FALSE,FALSE,FALSE,FALSE,FALSE,FALSE,FALSE,FALSE,TRUE,FALSE
PLANT-00593,Nassella tenuissima,"Mexican Feathergrass, Mexican Wiregrass, Finestem Needlegrass, Ponytail Grass, Texas Tussock","Mexican Feathergrass, Mexican Wiregrass, Finestem Needlegrass, Ponytail Grass, Texas Tussock",Poaceae,https://inaturalist-open-data.s3.amazonaws.com/photos/54342486/medium.jpg,iNaturalist,New Mexico | Texas,Grass/Grass-like,Ornamental grass,7,10,Low,"Well-drained, acid or calcareous sands, loams, or clays.","Dry , Moist",,TRUE,TRUE,FALSE,TRUE,FALSE,FALSE,White,FALSE,FALSE,FALSE,FALSE,FALSE,TRUE,TRUE,TRUE,TRUE,FALSE,FALSE,FALSE,FALSE,FALSE,FALSE,FALSE,FALSE,FALSE,FALSE,TRUE,FALSE
PLANT-00594,Nelumbo lutea,"American Lotus, Yellow Water Lotus, Yellow Lotus","American Lotus, Yellow Water Lotus, Yellow Lotus",Nelumbonaceae,https://inaturalist-open-data.s3.amazonaws.com/photos/7944542/medium.jpg,iNaturalist,Alabama | Arkansas | Delaware | Florida | Georgia | Illinois | Indiana | Iowa | Kansas | Kentucky | Louisiana | Maryland | Michigan | Minnesota | Mississippi | Missouri | Nebraska | New Jersey | North Carolina | Ohio | Oklahoma | Pennsylvania | South Carolina | Tennessee | Texas | Virginia | West Virginia | Wisconsin,Herb,Herbaceous perennial,4,10,Low,Any pond bottom or very large submerged pot.,Wet,,TRUE,FALSE,FALSE,FALSE,FALSE,TRUE,Yellow,FALSE,FALSE,FALSE,FALSE,TRUE,TRUE,TRUE,TRUE,TRUE,FALSE,FALSE,FALSE,FALSE,FALSE,FALSE,FALSE,FALSE,FALSE,FALSE,TRUE,FALSE
PLANT-00595,Neviusia alabamensis,"Alabama Snow-wreath, Neviusia","Alabama Snow-wreath, Neviusia",Rosaceae,https://inaturalist-open-data.s3.amazonaws.com/photos/481185728/medium.jpeg,iNaturalist,Alabama | Arkansas | Georgia | Mississippi | Missouri | Tennessee,Shrub,Deciduous shrub,5,8,Low,"Well-drained, shallow soils.",Moist,Circumneutral (pH 6.8-7.2),FALSE,TRUE,FALSE,FALSE,FALSE,FALSE,White,FALSE,FALSE,TRUE,TRUE,TRUE,FALSE,FALSE,FALSE,FALSE,FALSE,FALSE,FALSE,FALSE,FALSE,FALSE,FALSE,FALSE,FALSE,FALSE,TRUE,FALSE
PLANT-00596,Nothoscordum bivalve,"Crowpoison, False Garlic, Crow Poison","Crowpoison, False Garlic, Crow Poison",Liliaceae,https://static.inaturalist.org/photos/93200/medium.jpg,iNaturalist,Alabama | Arizona | Arkansas | Florida | Georgia | Illinois | Indiana | Kansas | Kentucky | Louisiana | Mississippi | Missouri | New Mexico | North Carolina | Ohio | Oklahoma | South Carolina | Tennessee | Texas | Virginia,Herb,Bulb,5,9,Low,,,,TRUE,FALSE,FALSE,FALSE,FALSE,FALSE,White,FALSE,FALSE,TRUE,TRUE,TRUE,TRUE,TRUE,TRUE,TRUE,TRUE,TRUE,TRUE,FALSE,FALSE,FALSE,FALSE,FALSE,FALSE,FALSE,TRUE,FALSE
PLANT-00597,Nuphar lutea,"Yellow Pond Lily, Yellow Cow Lily, Cow Lily, Spatter Dock, Wakas","Yellow Pond Lily, Yellow Cow Lily, Cow Lily, Spatter Dock, Wakas",Nymphaeaceae,https://inaturalist-open-data.s3.amazonaws.com/photos/31011083/medium.jpg,iNaturalist,Missouri,Herb,Herbaceous perennial,4,10,Low,"Clay, Loam, Sand",Wet,,FALSE,TRUE,FALSE,FALSE,FALSE,FALSE,Yellow,FALSE,FALSE,TRUE,TRUE,TRUE,TRUE,TRUE,TRUE,TRUE,TRUE,FALSE,FALSE,FALSE,FALSE,FALSE,FALSE,FALSE,FALSE,FALSE,TRUE,FALSE
PLANT-00598,Nymphoides indica,water snowflake,water snowflake,,https://inaturalist-open-data.s3.amazonaws.com/photos/29282656/medium.jpeg,iNaturalist,Hawaii,,Herbaceous perennial,8,11,Medium,,,,FALSE,FALSE,FALSE,FALSE,FALSE,FALSE,,FALSE,FALSE,FALSE,FALSE,FALSE,FALSE,FALSE,FALSE,FALSE,FALSE,FALSE,FALSE,FALSE,FALSE,FALSE,FALSE,FALSE,FALSE,FALSE,FALSE,FALSE
PLANT-00599,Nyssa aquatica,"Water Tupelo, Blackgum, Sourgum, Cotton Gum, Swamp Tupelo, Water Gum","Water Tupelo, Blackgum, Sourgum, Cotton Gum, Swamp Tupelo, Water Gum",Cornaceae,https://static.inaturalist.org/photos/55025564/medium.jpg,iNaturalist,Alabama | Arkansas | Florida | Georgia | Illinois | Kentucky | Louisiana | Mississippi | Missouri | North Carolina | South Carolina | Tennessee | Texas | Virginia,Tree,Tree,6,9,Low,"Wet, rich soils.",Wet,,TRUE,FALSE,FALSE,FALSE,FALSE,TRUE,Green,FALSE,FALSE,FALSE,TRUE,TRUE,FALSE,FALSE,FALSE,FALSE,FALSE,FALSE,FALSE,FALSE,FALSE,FALSE,FALSE,FALSE,FALSE,FALSE,TRUE,FALSE
PLANT-00600,Nyssa sylvatica,"Tupelo, Blackgum, Black Tupelo, Sourgum, Pepperidge, Tupelo Gum, Beetlebung","Tupelo, Blackgum, Black Tupelo, Sourgum, Pepperidge, Tupelo Gum, Beetlebung",Cornaceae,https://inaturalist-open-data.s3.amazonaws.com/photos/197904434/medium.jpg,iNaturalist,Alabama | Arkansas | Connecticut | Delaware | Florida | Georgia | Illinois | Indiana | Kansas | Kentucky | Louisiana | Maine | Maryland | Michigan | Mississippi | Missouri | New Hampshire | New Jersey | New York | North Carolina | Ohio | Oklahoma | Pennsylvania | Rhode Island | South Carolina | Tennessee | Texas | Vermont | Virginia | West Virginia | Wisconsin,Tree,Tree,3,9,Low,"Various acid soils. Acid-based, Gravelly, Sandy, Sandy Loam, Medium Loam, Clay Loam, Clay.",Moist,,TRUE,TRUE,TRUE,FALSE,TRUE,FALSE,"White , Green , Brown",FALSE,FALSE,FALSE,TRUE,TRUE,TRUE,FALSE,FALSE,FALSE,FALSE,FALSE,FALSE,FALSE,FALSE,FALSE,FALSE,FALSE,FALSE,FALSE,TRUE,FALSE
PLANT-00601,Oemleria cerasiformis,"Indian Plum, Oso-berry","Indian Plum, Oso-berry",Rosaceae,https://inaturalist-open-data.s3.amazonaws.com/photos/5410/medium.jpg,iNaturalist,California | Oregon | Washington,Shrub,Deciduous shrub,6,10,Low,Moist to drier soils.,"Dry , Moist",,TRUE,TRUE,TRUE,FALSE,FALSE,FALSE,"White , Green , Brown",FALSE,TRUE,TRUE,TRUE,TRUE,FALSE,FALSE,FALSE,FALSE,FALSE,FALSE,FALSE,FALSE,FALSE,FALSE,FALSE,FALSE,FALSE,FALSE,TRUE,FALSE
PLANT-00602,Oenothera biennis,"Common Evening-primrose, King's Cure-all, Common Evening Primrose","Common Evening-primrose, King's Cure-all, Common Evening Primrose",Onagraceae,https://inaturalist-open-data.s3.amazonaws.com/photos/149646914/medium.jpg,iNaturalist,Alabama | Arkansas | California | Connecticut | Delaware | Florida | Georgia | Illinois | Indiana | Iowa | Kansas | Kentucky | Louisiana | Maine | Maryland | Massachusetts | Michigan | Minnesota | Mississippi | Missouri | Montana | Nebraska | Nevada | New Hampshire | New Jersey | New Mexico | New York | North Carolina | North Dakota | Ohio | Oklahoma | Oregon | Pennsylvania | Rhode Island | South Carolina | South Dakota | Tennessee | Texas | Vermont | Virginia | Washington | West Virginia | Wisconsin,Herb,Herbaceous perennial,4,9,Medium,Rocky or sandy soils.,Dry,,TRUE,TRUE,TRUE,FALSE,TRUE,FALSE,Yellow,FALSE,FALSE,FALSE,FALSE,FALSE,FALSE,TRUE,TRUE,TRUE,TRUE,FALSE,FALSE,FALSE,FALSE,FALSE,FALSE,FALSE,FALSE,FALSE,TRUE,FALSE
PLANT-00603,Oenothera fruticosa subsp. glauca,sundrops,sundrops,,,,Alabama | Connecticut | Delaware | Georgia | Illinois | Indiana | Kentucky | Louisiana | Maine | Maryland | Massachusetts | Michigan | Missouri | New Hampshire | New Jersey | New York | North Carolina | Ohio | Pennsylvania | Rhode Island | South Carolina | Tennessee | Virginia | West Virginia,,Herbaceous perennial,3,8,Low,,,,FALSE,FALSE,FALSE,FALSE,FALSE,FALSE,,FALSE,FALSE,FALSE,FALSE,FALSE,FALSE,FALSE,FALSE,FALSE,FALSE,FALSE,FALSE,FALSE,FALSE,FALSE,FALSE,FALSE,FALSE,FALSE,FALSE,FALSE
PLANT-00604,Oenothera macrocarpa,"Bigfruit Evening-primrose, Missouri Evening-primrose, Fluttermill, Big-fruit Evening-primrose, Missouri Primrose, Bigfruit Evening Primrose","Bigfruit Evening-primrose, Missouri Evening-primrose, Fluttermill, Big-fruit Evening-primrose, Missouri Primrose, Bigfruit Evening Primrose",Onagraceae,https://inaturalist-open-data.s3.amazonaws.com/photos/1756069/medium.jpg,iNaturalist,Arkansas | Illinois | Kansas | Missouri | Nebraska | Oklahoma | Tennessee | Texas | Wyoming,Herb,Herbaceous perennial,3,7,Low,"Rocky, gravelly, or sandy soils. Calcareous, Sandy, Limestone-based, Sandy Loam, Medium Loam",Dry,,TRUE,FALSE,FALSE,TRUE,FALSE,FALSE,Yellow,FALSE,FALSE,FALSE,TRUE,TRUE,TRUE,TRUE,TRUE,FALSE,FALSE,FALSE,FALSE,FALSE,FALSE,FALSE,FALSE,FALSE,FALSE,FALSE,TRUE,FALSE
PLANT-00605,Oenothera pilosella,Meadow Evening-primrose,Meadow Evening-primrose,Onagraceae,https://inaturalist-open-data.s3.amazonaws.com/photos/990505/medium.jpg,iNaturalist,Alabama | Arkansas | Illinois | Indiana | Iowa | Kentucky | Louisiana | Michigan | Mississippi | Missouri | New York | Ohio | Pennsylvania | West Virginia | Wisconsin,Herb,Herbaceous perennial,3,8,Low,,,,FALSE,FALSE,FALSE,FALSE,FALSE,FALSE,Yellow,FALSE,FALSE,FALSE,FALSE,TRUE,TRUE,TRUE,TRUE,FALSE,FALSE,FALSE,FALSE,FALSE,FALSE,FALSE,FALSE,FALSE,FALSE,FALSE,TRUE,FALSE
PLANT-00606,Oenothera speciosa,"Pink Evening Primrose, Showy Evening Primrose, Mexican Evening Primrose, Showy Primrose, Pink Ladies, Buttercups, Pink Buttercups","Pink Evening Primrose, Showy Evening Primrose, Mexican Evening Primrose, Showy Primrose, Pink Ladies, Buttercups, Pink Buttercups",Onagraceae,https://static.inaturalist.org/photos/79516474/medium.jpg,iNaturalist,Alabama | Arizona | Arkansas | California | Connecticut | Florida | Georgia | Illinois | Indiana | Iowa | Kansas | Kentucky | Louisiana | Mississippi | Missouri | Nebraska | New Mexico | North Carolina | Ohio | Oklahoma | Pennsylvania | South Carolina | Tennessee | Texas | Utah | Virginia | West Virginia,Herb,Herbaceous perennial,4,9,Low,"Readily colonizes in open areas in a variety of well-drained soils, rich or poor, dry or moist, disturbed or not: loams, clays, sand, caliche, rocky, or gravelly.","Dry , Moist",,TRUE,FALSE,FALSE,TRUE,TRUE,FALSE,"White , Pink",FALSE,TRUE,TRUE,TRUE,TRUE,TRUE,TRUE,TRUE,TRUE,TRUE,FALSE,FALSE,FALSE,FALSE,FALSE,FALSE,FALSE,FALSE,FALSE,TRUE,FALSE
PLANT-00607,Onoclea sensibilis,"Sensitive Fern, Bead Fern, Sympathy Fern","Sensitive Fern, Bead Fern, Sympathy Fern",Dryopteridaceae,https://inaturalist-open-data.s3.amazonaws.com/photos/200080819/medium.jpg,iNaturalist,Alabama | Arkansas | Colorado | Connecticut | Delaware | Florida | Georgia | Illinois | Indiana | Iowa | Kansas | Kentucky | Louisiana | Maine | Maryland | Massachusetts | Michigan | Minnesota | Mississippi | Missouri | Nebraska | New Hampshire | New Jersey | New York | North Carolina | North Dakota | Ohio | Oklahoma | Pennsylvania | Rhode Island | South Carolina | South Dakota | Tennessee | Texas | Vermont | Virginia | West Virginia | Wisconsin | Wyoming,Herb,Fern,4,8,Medium,"Various loose, acidic, moist to wet soils. Sandy, Sandy Loam, Medium Loam, Limestone-based.","Moist , Wet",Acidic (pH<6.8),FALSE,TRUE,TRUE,FALSE,TRUE,TRUE,Not Applicable,FALSE,FALSE,FALSE,FALSE,FALSE,FALSE,FALSE,FALSE,FALSE,FALSE,FALSE,FALSE,FALSE,FALSE,FALSE,FALSE,FALSE,FALSE,FALSE,TRUE,FALSE
PLANT-00608,Onosmodium molle,false gromwell,false gromwell,,https://inaturalist-open-data.s3.amazonaws.com/photos/483732411/medium.jpeg,iNaturalist,Alabama | Arkansas | Illinois | Kentucky | Louisiana | Oklahoma | Tennessee | Texas,,Herbaceous perennial,3,8,Low,,,,FALSE,FALSE,FALSE,FALSE,FALSE,FALSE,,FALSE,FALSE,FALSE,FALSE,FALSE,FALSE,FALSE,FALSE,FALSE,FALSE,FALSE,FALSE,FALSE,FALSE,FALSE,FALSE,FALSE,FALSE,FALSE,FALSE,FALSE
PLANT-00609,Onosmodium molle subsp. occidentale,false gromwell,false gromwell,,,,Alabama | Arkansas | Colorado | Georgia | Illinois | Iowa | Kansas | Kentucky | Louisiana | Minnesota | Mississippi | Missouri | Montana | Nebraska | New Mexico | North Dakota | Oklahoma | South Dakota | Tennessee | Texas | Utah | Virginia | Wisconsin | Wyoming,,Herbaceous perennial,3,8,Low,,,,FALSE,FALSE,FALSE,FALSE,FALSE,FALSE,,FALSE,FALSE,FALSE,FALSE,FALSE,FALSE,FALSE,FALSE,FALSE,FALSE,FALSE,FALSE,FALSE,FALSE,FALSE,FALSE,FALSE,FALSE,FALSE,FALSE,FALSE
PLANT-00610,Opuntia humifusa,"Low Prickly Pear, Smooth Prickly Pear, Devil's Tongue","Low Prickly Pear, Smooth Prickly Pear, Devil's Tongue",Cactaceae,https://static.inaturalist.org/photos/80402277/medium.jpg,iNaturalist,Alabama | Arkansas | Connecticut | Delaware | Florida | Georgia | Illinois | Indiana | Iowa | Kansas | Kentucky | Louisiana | Maryland | Massachusetts | Michigan | Minnesota | Mississippi | Missouri | New Hampshire | New Jersey | New York | North Carolina | Ohio | Oklahoma | Pennsylvania | Rhode Island | South Carolina | Tennessee | Texas | Virginia | West Virginia | Wisconsin,Cactus/Succulent,Herbaceous perennial,4,9,Low,Sandy or rocky soils.,Dry,,TRUE,FALSE,FALSE,TRUE,FALSE,FALSE,Yellow,FALSE,TRUE,TRUE,TRUE,TRUE,TRUE,TRUE,TRUE,FALSE,FALSE,FALSE,FALSE,FALSE,FALSE,FALSE,FALSE,FALSE,FALSE,FALSE,TRUE,FALSE
PLANT-00611,Opuntia macrorhiza,"Bigroot Prickly Pear, Twist-spine Prickly Pear, Common Prickly Pear, Plains Prickly Pear","Bigroot Prickly Pear, Twist-spine Prickly Pear, Common Prickly Pear, Plains Prickly Pear",Cactaceae,https://inaturalist-open-data.s3.amazonaws.com/photos/195720840/medium.jpg,iNaturalist,Arizona | Arkansas | Colorado | Missouri | New Mexico | Texas | Utah,Cactus/Succulent,Herbaceous perennial,3,9,Low,"Rocky or sandy soils. Sandy, Gravelly, Sandy Loam",Dry,Acidic (pH<6.8),TRUE,FALSE,FALSE,TRUE,FALSE,FALSE,"Red , Orange , Yellow",FALSE,FALSE,FALSE,FALSE,TRUE,TRUE,FALSE,FALSE,FALSE,FALSE,FALSE,FALSE,FALSE,FALSE,FALSE,FALSE,FALSE,FALSE,FALSE,TRUE,FALSE
PLANT-00612,Orontium aquaticum,"Goldenclub, Neverwet","Goldenclub, Neverwet",Araceae,https://inaturalist-open-data.s3.amazonaws.com/photos/35184254/medium.jpg,iNaturalist,Alabama | Connecticut | Delaware | Florida | Georgia | Kentucky | Louisiana | Maryland | Massachusetts | Mississippi | New Jersey | New York | North Carolina | Pennsylvania | Rhode Island | South Carolina | Tennessee | Texas | Virginia | West Virginia,Herb,Herbaceous perennial,5,10,Low,"Acid, loamy soil under shallow, moving water.",Wet,Acidic (pH<6.8),FALSE,TRUE,FALSE,FALSE,FALSE,TRUE,Yellow,FALSE,TRUE,TRUE,TRUE,FALSE,FALSE,FALSE,FALSE,FALSE,FALSE,FALSE,FALSE,FALSE,FALSE,FALSE,FALSE,FALSE,FALSE,FALSE,TRUE,FALSE
PLANT-00613,Osmorhiza longistylis,"Longstyle Sweetroot, Aniseroot, Sweet-cicely, Wild Licorice","Longstyle Sweetroot, Aniseroot, Sweet-cicely, Wild Licorice",Apiaceae,https://inaturalist-open-data.s3.amazonaws.com/photos/2421958/medium.jpg,iNaturalist,Alabama | Arkansas | Colorado | Connecticut | Delaware | Georgia | Illinois | Indiana | Iowa | Kansas | Kentucky | Maine | Maryland | Massachusetts | Michigan | Minnesota | Mississippi | Missouri | Montana | Nebraska | New Hampshire | New Jersey | New Mexico | New York | North Carolina | North Dakota | Ohio | Oklahoma | Pennsylvania | Rhode Island | South Carolina | South Dakota | Tennessee | Texas | Vermont | Virginia | West Virginia | Wisconsin | Wyoming,Herb,Herbaceous perennial,5,8,Low,"Moist, rich soils.",Moist,,FALSE,FALSE,TRUE,FALSE,FALSE,FALSE,White,FALSE,FALSE,FALSE,TRUE,TRUE,TRUE,FALSE,FALSE,FALSE,FALSE,FALSE,FALSE,FALSE,FALSE,FALSE,FALSE,FALSE,FALSE,FALSE,TRUE,FALSE
PLANT-00614,Osmunda claytoniana,Interrupted Fern,Interrupted Fern,Osmundaceae,https://inaturalist-open-data.s3.amazonaws.com/photos/33125132/medium.jpeg,iNaturalist,Alabama | Arkansas | Connecticut | Delaware | Georgia | Illinois | Indiana | Iowa | Kentucky | Maine | Maryland | Massachusetts | Michigan | Minnesota | Mississippi | Missouri | New Hampshire | New Jersey | New York | North Carolina | Ohio | Pennsylvania | Rhode Island | South Carolina | Tennessee | Vermont | Virginia | West Virginia | Wisconsin,Herb,Fern,3,8,Low,"Moist to dry, acid to neutral soils.",Moist,Acidic (pH<6.8),FALSE,FALSE,TRUE,FALSE,FALSE,TRUE,Not Applicable,FALSE,FALSE,FALSE,FALSE,FALSE,FALSE,FALSE,FALSE,FALSE,FALSE,FALSE,FALSE,FALSE,FALSE,FALSE,FALSE,FALSE,FALSE,FALSE,TRUE,FALSE
PLANT-00615,Osmunda regalis var. spectabilis,Royal Fern,Royal Fern,Osmundaceae,,,Alabama | Arkansas | Connecticut | Delaware | Florida | Georgia | Illinois | Indiana | Iowa | Kansas | Kentucky | Louisiana | Maine | Maryland | Massachusetts | Michigan | Minnesota | Mississippi | Missouri | New Hampshire | New Jersey | New York | North Carolina | Ohio | Oklahoma | Pennsylvania | Rhode Island | South Carolina | Tennessee | Texas | Vermont | Virginia | West Virginia | Wisconsin,Herb,Fern,3,9,Low,,Wet,,FALSE,TRUE,TRUE,FALSE,TRUE,FALSE,Not Applicable,FALSE,FALSE,FALSE,FALSE,FALSE,FALSE,FALSE,FALSE,FALSE,FALSE,FALSE,FALSE,FALSE,FALSE,FALSE,FALSE,FALSE,FALSE,FALSE,TRUE,FALSE
PLANT-00616,Osmundastrum cinnamomeum,cinnamon fern,cinnamon fern,,https://static.inaturalist.org/photos/75969516/medium.jpg,iNaturalist,Alabama | Arkansas | Connecticut | Delaware | Florida | Georgia | Illinois | Indiana | Iowa | Kentucky | Louisiana | Maine | Maryland | Massachusetts | Michigan | Minnesota | Mississippi | Missouri | New Hampshire | New Jersey | New York | North Carolina | Ohio | Oklahoma | Pennsylvania | Rhode Island | South Carolina | Tennessee | Texas | Vermont | Virginia | West Virginia | Wisconsin,,Fern,3,9,Low,,,,FALSE,FALSE,FALSE,FALSE,FALSE,FALSE,,FALSE,FALSE,FALSE,FALSE,FALSE,FALSE,FALSE,FALSE,FALSE,FALSE,FALSE,FALSE,FALSE,FALSE,FALSE,FALSE,FALSE,FALSE,FALSE,FALSE,FALSE
PLANT-00617,Ostrya virginiana,"Eastern Hop-hornbeam, American Hop-hornbeam, Woolly Hop-hornbean, Eastern Ironwood, Roughbark Ironwood, Ironwood, Deerwood, Leverwood","Eastern Hop-hornbeam, American Hop-hornbeam, Woolly Hop-hornbean, Eastern Ironwood, Roughbark Ironwood, Ironwood, Deerwood, Leverwood",Betulaceae,https://inaturalist-open-data.s3.amazonaws.com/photos/15550/medium.jpg,iNaturalist,Alabama | Arkansas | Connecticut | Delaware | Florida | Georgia | Illinois | Indiana | Iowa | Kansas | Kentucky | Louisiana | Maine | Maryland | Massachusetts | Michigan | Minnesota | Mississippi | Missouri | Nebraska | New Hampshire | New Jersey | New York | North Carolina | North Dakota | Ohio | Oklahoma | Pennsylvania | Rhode Island | South Carolina | South Dakota | Tennessee | Texas | Vermont | Virginia | West Virginia | Wisconsin | Wyoming,Tree,Tree,3,9,Low,"Rich, well-drained soils.","Dry , Moist",Circumneutral (pH 6.8-7.2),TRUE,TRUE,TRUE,TRUE,FALSE,FALSE,"White , Yellow , Green , Brown",FALSE,FALSE,FALSE,TRUE,FALSE,FALSE,FALSE,FALSE,FALSE,FALSE,FALSE,FALSE,FALSE,FALSE,FALSE,FALSE,FALSE,FALSE,FALSE,TRUE,FALSE
PLANT-00618,Oxalis violacea,"Violet Woodsorrel, Violet Wood-sorrel","Violet Woodsorrel, Violet Wood-sorrel",Oxalidaceae,https://inaturalist-open-data.s3.amazonaws.com/photos/120266744/medium.jpg,iNaturalist,Alabama | Arizona | Arkansas | Colorado | Connecticut | Delaware | Florida | Georgia | Illinois | Indiana | Iowa | Kansas | Kentucky | Louisiana | Maryland | Massachusetts | Michigan | Minnesota | Mississippi | Missouri | Nebraska | New Jersey | New Mexico | New York | North Carolina | North Dakota | Ohio | Oklahoma | Oregon | Pennsylvania | Rhode Island | South Carolina | South Dakota | Tennessee | Texas | Vermont | Virginia | West Virginia | Wisconsin | Wyoming,Herb,Herbaceous perennial,5,9,Low,Loam,Moist,,FALSE,TRUE,FALSE,FALSE,FALSE,FALSE,"White , Pink , Green , Purple , Violet",FALSE,FALSE,FALSE,TRUE,TRUE,TRUE,TRUE,TRUE,TRUE,TRUE,FALSE,FALSE,FALSE,FALSE,FALSE,FALSE,FALSE,FALSE,FALSE,TRUE,FALSE
PLANT-00619,Oxydendrum arboreum,"Sourwood, Sorrel Tree","Sourwood, Sorrel Tree",Ericaceae,https://inaturalist-open-data.s3.amazonaws.com/photos/396498/medium.JPG,iNaturalist,Alabama | Arkansas | Florida | Georgia | Indiana | Kentucky | Louisiana | Maryland | Mississippi | North Carolina | Ohio | Pennsylvania | Rhode Island | South Carolina | Tennessee | Texas | Virginia | West Virginia,Tree,Tree,5,9,Low,"Gritty, woodsy, acidic, well-drained soils.",,Acidic (pH<6.8),FALSE,TRUE,FALSE,TRUE,FALSE,FALSE,White,FALSE,FALSE,FALSE,FALSE,TRUE,TRUE,TRUE,TRUE,FALSE,FALSE,FALSE,FALSE,FALSE,FALSE,FALSE,FALSE,FALSE,FALSE,FALSE,TRUE,FALSE
PLANT-00620,Pachysandra procumbens,"Allegheny Spurge, Mountain Spurge","Allegheny Spurge, Mountain Spurge",Buxaceae,https://inaturalist-open-data.s3.amazonaws.com/photos/476249582/medium.jpeg,iNaturalist,Alabama | Florida | Georgia | Indiana | Kentucky | Louisiana | Mississippi | North Carolina | Pennsylvania | South Carolina | Tennessee,Herb,Herbaceous perennial,5,9,Low,"Moist, humus-rich, acid soil. In the wild, found in rich soils with limestone substrate.",Moist,Circumneutral (pH 6.8-7.2),FALSE,TRUE,TRUE,FALSE,TRUE,FALSE,"White , Pink",FALSE,FALSE,TRUE,TRUE,TRUE,FALSE,FALSE,FALSE,FALSE,FALSE,FALSE,FALSE,FALSE,FALSE,FALSE,FALSE,FALSE,FALSE,FALSE,TRUE,FALSE
PLANT-00621,Packera aurea,"Golden Groundsel, Golden Ragwort, Butterweed","Golden Groundsel, Golden Ragwort, Butterweed",Asteraceae,https://inaturalist-open-data.s3.amazonaws.com/photos/102867/medium.jpg,iNaturalist,Alabama | Arkansas | Connecticut | Delaware | Florida | Georgia | Illinois | Indiana | Iowa | Kentucky | Maine | Maryland | Massachusetts | Michigan | Minnesota | Mississippi | Missouri | New Hampshire | New Jersey | New York | North Carolina | Ohio | Oklahoma | Pennsylvania | Rhode Island | South Carolina | Tennessee | Texas | Vermont | Virginia | West Virginia | Wisconsin,Herb,Herbaceous perennial,3,8,Medium,"Rich, acidic soils.",Moist,Acidic (pH<6.8),TRUE,TRUE,TRUE,FALSE,TRUE,TRUE,Yellow,FALSE,FALSE,TRUE,TRUE,TRUE,TRUE,TRUE,TRUE,FALSE,FALSE,FALSE,FALSE,FALSE,FALSE,FALSE,FALSE,FALSE,FALSE,FALSE,TRUE,FALSE
PLANT-00622,Packera obovata,"Golden Groundsel, Roundleaf Groundsel, Roundleaf Ragwort","Golden Groundsel, Roundleaf Groundsel, Roundleaf Ragwort",Asteraceae,https://inaturalist-open-data.s3.amazonaws.com/photos/736668/medium.jpg,iNaturalist,Alabama | Arkansas | Connecticut | Florida | Georgia | Illinois | Indiana | Kansas | Kentucky | Louisiana | Maryland | Massachusetts | Michigan | Mississippi | Missouri | New Hampshire | New Jersey | New Mexico | New York | North Carolina | Ohio | Oklahoma | Pennsylvania | Rhode Island | South Carolina | Tennessee | Texas | Vermont | Virginia | West Virginia,Herb,Herbaceous perennial,3,8,Medium,"Moist, well-drained, humus-rich, preferably calcareous soils. Loam or clay.",Moist,,FALSE,TRUE,TRUE,TRUE,TRUE,FALSE,Yellow,FALSE,TRUE,TRUE,TRUE,TRUE,TRUE,FALSE,FALSE,FALSE,FALSE,FALSE,FALSE,FALSE,FALSE,FALSE,FALSE,FALSE,FALSE,FALSE,TRUE,FALSE
PLANT-00623,Panax quinquefolius,"American Ginseng, Wild Ginseng","American Ginseng, Wild Ginseng",Araliaceae,https://inaturalist-open-data.s3.amazonaws.com/photos/5091105/medium.jpeg,iNaturalist,Alabama | Arkansas | Connecticut | Delaware | Florida | Georgia | Illinois | Indiana | Iowa | Kansas | Kentucky | Louisiana | Maine | Maryland | Massachusetts | Michigan | Minnesota | Mississippi | Missouri | Nebraska | New Hampshire | New Jersey | New York | North Carolina | Ohio | Oklahoma | Pennsylvania | South Carolina | South Dakota | Tennessee | Vermont | Virginia | West Virginia | Wisconsin,Herb,Herbaceous perennial,4,8,Low,"Organic, Humus Enriched",Moist,,TRUE,TRUE,TRUE,FALSE,FALSE,FALSE,White,FALSE,FALSE,FALSE,FALSE,FALSE,TRUE,TRUE,TRUE,FALSE,FALSE,FALSE,FALSE,FALSE,FALSE,FALSE,FALSE,FALSE,FALSE,FALSE,TRUE,FALSE
PLANT-00624,Pandanus tectorius,screw pine,screw pine,,https://static.inaturalist.org/photos/118180458/medium.jpg,iNaturalist,Hawaii,,Broadleaf evergreen,10,12,Medium,,,,FALSE,FALSE,FALSE,FALSE,FALSE,FALSE,,FALSE,FALSE,FALSE,FALSE,FALSE,FALSE,FALSE,FALSE,FALSE,FALSE,FALSE,FALSE,FALSE,FALSE,FALSE,FALSE,FALSE,FALSE,FALSE,FALSE,FALSE
PLANT-00625,Panicum bulbosum,"Bulb Panic Grass, Bulb Panicgrass","Bulb Panic Grass, Bulb Panicgrass",Poaceae,https://inaturalist-open-data.s3.amazonaws.com/photos/10668926/medium.jpeg,iNaturalist,Arizona | Nevada | New Mexico | Texas | Utah,Grass/Grass-like,Ornamental grass,6,9,Low,,,,FALSE,FALSE,FALSE,FALSE,FALSE,FALSE,"Green , Purple , Brown",FALSE,FALSE,FALSE,FALSE,FALSE,TRUE,TRUE,TRUE,TRUE,FALSE,FALSE,FALSE,FALSE,FALSE,FALSE,FALSE,FALSE,FALSE,FALSE,TRUE,FALSE
PLANT-00626,Panicum virgatum,"Switchgrass, Wand Panic Grass","Switchgrass, Wand Panic Grass",Poaceae,https://inaturalist-open-data.s3.amazonaws.com/photos/9682082/medium.jpg,iNaturalist,Alabama | Arizona | Arkansas | Colorado | Connecticut | Delaware | Florida | Georgia | Idaho | Illinois | Indiana | Iowa | Kansas | Kentucky | Louisiana | Maine | Maryland | Michigan | Minnesota | Mississippi | Missouri | Montana | Nebraska | Nevada | New Hampshire | New Jersey | New Mexico | New York | North Carolina | North Dakota | Ohio | Oklahoma | Pennsylvania | Rhode Island | South Carolina | South Dakota | Tennessee | Texas | Utah | Vermont | Virginia | West Virginia | Wisconsin,Grass/Grass-like,Ornamental grass,5,9,Low,"Dry to moist soils. Sandy, Sandy Loam, Medium Loam Clay Loam, Clay, Limestone-based.","Dry , Moist",,TRUE,TRUE,FALSE,FALSE,TRUE,FALSE,"Green , Brown",FALSE,FALSE,FALSE,FALSE,FALSE,FALSE,FALSE,TRUE,TRUE,TRUE,TRUE,FALSE,FALSE,FALSE,FALSE,FALSE,FALSE,FALSE,FALSE,TRUE,FALSE
PLANT-00627,Parthenium hispidum,American feverfew,American feverfew,,https://inaturalist-open-data.s3.amazonaws.com/photos/367378012/medium.jpg,iNaturalist,Arkansas | Illinois | Kansas | Louisiana | Michigan | Minnesota | Missouri | Oklahoma | Tennessee,,Herbaceous perennial,5,8,Low,,,,FALSE,FALSE,FALSE,FALSE,FALSE,FALSE,,FALSE,FALSE,FALSE,FALSE,FALSE,FALSE,FALSE,FALSE,FALSE,FALSE,FALSE,FALSE,FALSE,FALSE,FALSE,FALSE,FALSE,FALSE,FALSE,FALSE,FALSE
PLANT-00628,Parthenium integrifolium,"Wild Quinine, American Fever-few","Wild Quinine, American Fever-few",Asteraceae,https://static.inaturalist.org/photos/8171530/medium.jpg,iNaturalist,Alabama | Arkansas | Connecticut | Georgia | Illinois | Indiana | Iowa | Kansas | Kentucky | Louisiana | Maryland | Massachusetts | Michigan | Minnesota | Mississippi | Missouri | New York | North Carolina | Ohio | Oklahoma | Pennsylvania | South Carolina | Tennessee | Texas | Virginia | West Virginia | Wisconsin,Herb,Herbaceous perennial,4,8,Low,Well-drained soils.,,,FALSE,TRUE,FALSE,FALSE,FALSE,FALSE,White,FALSE,FALSE,FALSE,FALSE,TRUE,TRUE,TRUE,TRUE,TRUE,FALSE,FALSE,FALSE,FALSE,FALSE,FALSE,FALSE,FALSE,FALSE,FALSE,TRUE,FALSE
PLANT-00629,Parthenocissus quinquefolia,Virginia Creeper,Virginia Creeper,Vitaceae,https://inaturalist-open-data.s3.amazonaws.com/photos/428768/medium.jpg,iNaturalist,Alabama | Arkansas | Colorado | Connecticut | Delaware | Florida | Georgia | Illinois | Indiana | Iowa | Kansas | Kentucky | Louisiana | Maine | Maryland | Massachusetts | Michigan | Minnesota | Mississippi | Missouri | Nebraska | New Hampshire | New Jersey | New York | North Carolina | Ohio | Oklahoma | Pennsylvania | Rhode Island | South Carolina | South Dakota | Tennessee | Texas | Utah | Vermont | Virginia | West Virginia | Wisconsin,Vine,Vine,3,9,Medium,"Moist, well-drained soils. Sandy, Sandy Loam, Medium Loam, Clay Loam, Clay, Rocky, Limestone-based
Caliche type",Moist,,TRUE,TRUE,TRUE,TRUE,FALSE,FALSE,"White , Green",FALSE,FALSE,FALSE,FALSE,TRUE,TRUE,FALSE,FALSE,FALSE,FALSE,FALSE,FALSE,FALSE,FALSE,FALSE,FALSE,FALSE,FALSE,FALSE,TRUE,FALSE
PLANT-00630,Paspalum floridanum,Florida Paspalum,Florida Paspalum,Poaceae,https://inaturalist-open-data.s3.amazonaws.com/photos/319234155/medium.jpeg,iNaturalist,Alabama | Arkansas | Delaware | Florida | Georgia | Illinois | Indiana | Kansas | Kentucky | Louisiana | Maryland | Mississippi | Missouri | New Jersey | North Carolina | Oklahoma | South Carolina | Tennessee | Texas | Virginia,Grass/Grass-like,Ornamental grass,5,9,Low,"Sandy, Sandy Loam, Medium Loam, Clay Loam, Clay",Moist,,FALSE,TRUE,FALSE,FALSE,TRUE,FALSE,"White , Green , Brown",FALSE,FALSE,FALSE,FALSE,FALSE,FALSE,FALSE,TRUE,TRUE,TRUE,TRUE,FALSE,FALSE,FALSE,FALSE,FALSE,FALSE,FALSE,FALSE,TRUE,FALSE
PLANT-00631,Passiflora incarnata,"Maypop, Purple Passionflower, Purple Passion Vine, Apricot Vine","Maypop, Purple Passionflower, Purple Passion Vine, Apricot Vine",Passifloraceae,https://inaturalist-open-data.s3.amazonaws.com/photos/91738617/medium.jpg,iNaturalist,Alabama | Arkansas | Delaware | Florida | Georgia | Illinois | Indiana | Kansas | Kentucky | Louisiana | Maryland | Mississippi | Missouri | North Carolina | Ohio | Oklahoma | Pennsylvania | South Carolina | Tennessee | Texas | Virginia | West Virginia,Vine,Vine,5,9,Medium,"Rich, non-saline clays, loams, sands.","Dry , Moist",,TRUE,TRUE,FALSE,TRUE,TRUE,FALSE,"Pink , Blue , Purple",FALSE,FALSE,TRUE,TRUE,TRUE,TRUE,TRUE,TRUE,TRUE,TRUE,TRUE,FALSE,FALSE,FALSE,FALSE,FALSE,FALSE,FALSE,FALSE,TRUE,FALSE
PLANT-00632,Paxistima canbyi,Canby's Mountain-lover,Canby's Mountain-lover,Celastraceae,https://inaturalist-open-data.s3.amazonaws.com/photos/48990/medium.jpg,iNaturalist,Kentucky | Maryland | North Carolina | Ohio | Pennsylvania | Tennessee | Virginia | West Virginia,Shrub,Broadleaf evergreen,3,7,Low,"Fertile, well-drained soils.",,Acidic (pH<6.8),FALSE,TRUE,FALSE,FALSE,FALSE,FALSE,"Green , Brown",FALSE,FALSE,TRUE,TRUE,TRUE,FALSE,FALSE,FALSE,FALSE,FALSE,FALSE,FALSE,FALSE,FALSE,FALSE,FALSE,FALSE,FALSE,FALSE,TRUE,FALSE
PLANT-00633,Pedicularis canadensis,"Canadian Lousewort, Wood Betony","Canadian Lousewort, Wood Betony",Scrophulariaceae,https://inaturalist-open-data.s3.amazonaws.com/photos/2166510/medium.jpg,iNaturalist,Alabama | Arkansas | Connecticut | Delaware | Florida | Georgia | Illinois | Indiana | Iowa | Kansas | Kentucky | Louisiana | Maine | Maryland | Massachusetts | Michigan | Minnesota | Mississippi | Missouri | Nebraska | New Hampshire | New Jersey | New Mexico | New York | North Carolina | North Dakota | Ohio | Oklahoma | Pennsylvania | Rhode Island | South Carolina | South Dakota | Tennessee | Texas | Vermont | Virginia | West Virginia | Wisconsin,Herb,Herbaceous perennial,4,8,Low,,,,FALSE,FALSE,TRUE,FALSE,TRUE,FALSE,"Red , Yellow , Purple",FALSE,FALSE,FALSE,TRUE,TRUE,TRUE,FALSE,FALSE,FALSE,FALSE,FALSE,FALSE,FALSE,FALSE,FALSE,FALSE,FALSE,FALSE,FALSE,TRUE,FALSE
PLANT-00634,Peltandra virginica,"Tuckahoe, Green Arrow Arum, Arrow Arum, Green Arum","Tuckahoe, Green Arrow Arum, Arrow Arum, Green Arum",Araceae,https://inaturalist-open-data.s3.amazonaws.com/photos/38914811/medium.jpg,iNaturalist,Alabama | Arkansas | Connecticut | Delaware | Florida | Georgia | Illinois | Indiana | Iowa | Kentucky | Louisiana | Maine | Maryland | Michigan | Minnesota | Mississippi | Missouri | New Hampshire | New Jersey | New York | North Carolina | Ohio | Oklahoma | Pennsylvania | Rhode Island | South Carolina | Tennessee | Texas | Vermont | Virginia | West Virginia | Wisconsin,Herb,Herbaceous perennial,5,9,Medium,"Mud, Shallow water.",Wet,,FALSE,TRUE,FALSE,FALSE,FALSE,TRUE,"White , Yellow , Green",FALSE,FALSE,TRUE,TRUE,TRUE,TRUE,TRUE,TRUE,FALSE,FALSE,FALSE,FALSE,FALSE,FALSE,FALSE,FALSE,FALSE,FALSE,FALSE,TRUE,FALSE
PLANT-00635,Penstemon barbatus,"Scarlet Bugler, Beard-lip Penstemon, Beard-lip Beardtongue, Red Penstemon, Red Beardtongue, Goldenbeard Penstemon, Goldenbeard Beardtongue, Saint Joseph's Staff, Varita De San Jose","Scarlet Bugler, Beard-lip Penstemon, Beard-lip Beardtongue, Red Penstemon, Red Beardtongue, Goldenbeard Penstemon, Goldenbeard Beardtongue, Saint Joseph's Staff, Varita De San Jose",Scrophulariaceae,https://inaturalist-open-data.s3.amazonaws.com/photos/512221/medium.jpg,iNaturalist,Arizona | California | New Mexico | Texas,Herb,Herbaceous perennial,4,8,Medium,Rocky soils.,Dry,,FALSE,TRUE,FALSE,TRUE,FALSE,FALSE,Red,FALSE,FALSE,FALSE,FALSE,TRUE,TRUE,TRUE,TRUE,TRUE,TRUE,FALSE,FALSE,FALSE,FALSE,FALSE,FALSE,FALSE,FALSE,FALSE,TRUE,FALSE
PLANT-00636,Penstemon cobaea,"Prairie Penstemon, Prairie Beardtongue, Foxglove Penstemon, Foxglove Beardtongue, False Foxglove, Large-flowered Penstemon, Large-flowered Beardtongue, Cobaea Penstemon, Cobaea Beardtongue, Wild Foxglove","Prairie Penstemon, Prairie Beardtongue, Foxglove Penstemon, Foxglove Beardtongue, False Foxglove, Large-flowered Penstemon, Large-flowered Beardtongue, Cobaea Penstemon, Cobaea Beardtongue, Wild Foxglove",Scrophulariaceae,,,Arizona | Arkansas | Colorado | Illinois | Iowa | Kansas | Missouri | Nebraska | New Mexico | Ohio | Oklahoma | Texas,Herb,Herbaceous perennial,5,8,Low,"Calcareous or sandy loam. Rocky, Sandy, Limestone-based, Sandy Loam, Medium Loam, Clay Loam
Clay",Dry,Acidic (pH<6.8),TRUE,TRUE,FALSE,FALSE,TRUE,FALSE,"White , Pink , Purple , Violet",FALSE,FALSE,FALSE,TRUE,TRUE,TRUE,FALSE,FALSE,FALSE,FALSE,FALSE,FALSE,FALSE,FALSE,FALSE,FALSE,FALSE,FALSE,FALSE,TRUE,FALSE
PLANT-00637,Penstemon cobaea var. purpureus,dew flower,dew flower,,,,Arizona | Arkansas | Colorado | Illinois | Iowa | Kansas | Missouri | Nebraska | New Mexico | Ohio | Oklahoma | Texas,,Herbaceous perennial,5,8,Low,,,,FALSE,FALSE,FALSE,FALSE,FALSE,FALSE,,FALSE,FALSE,FALSE,FALSE,FALSE,FALSE,FALSE,FALSE,FALSE,FALSE,FALSE,FALSE,FALSE,FALSE,FALSE,FALSE,FALSE,FALSE,FALSE,FALSE,FALSE
PLANT-00638,Penstemon digitalis,"Mississippi Penstemon, Mississippi Beardtongue, Smooth White Penstemon, Smooth White Beardtongue, Talus Slope Penstemon, Talus Slope Beardtongue, Foxglove Penstemon, Foxglove Beardtongue","Mississippi Penstemon, Mississippi Beardtongue, Smooth White Penstemon, Smooth White Beardtongue, Talus Slope Penstemon, Talus Slope Beardtongue, Foxglove Penstemon, Foxglove Beardtongue",Scrophulariaceae,https://static.inaturalist.org/photos/203469375/medium.jpg,iNaturalist,Alabama | Arkansas | Connecticut | Delaware | Georgia | Illinois | Indiana | Iowa | Kansas | Kentucky | Louisiana | Maryland | Michigan | Mississippi | Missouri | Nebraska | New Jersey | North Carolina | Ohio | Oklahoma | Pennsylvania | South Carolina | Tennessee | Texas | Virginia | West Virginia,Herb,Herbaceous perennial,3,8,Medium,"Fertile, well-drained loams, clay loams, and sand. Acid preferably but tolerates lime.","Dry , Moist , Wet",Acidic (pH<6.8),TRUE,TRUE,FALSE,TRUE,TRUE,TRUE,"White , Purple",FALSE,FALSE,FALSE,TRUE,TRUE,TRUE,TRUE,FALSE,FALSE,FALSE,FALSE,FALSE,FALSE,FALSE,FALSE,FALSE,FALSE,FALSE,FALSE,TRUE,FALSE
PLANT-00639,Penstemon grandiflorus,"Large Penstemon, Large Beardtongue, Large-flower Penstemon, Large-flower Beardtongue, Large-flowered Penstemon, Large-flowered Beardtongue","Large Penstemon, Large Beardtongue, Large-flower Penstemon, Large-flower Beardtongue, Large-flowered Penstemon, Large-flowered Beardtongue",Scrophulariaceae,,,Colorado | Illinois | Indiana | Iowa | Kansas | Michigan | Minnesota | Missouri | Montana | Nebraska | New Mexico | North Dakota | Oklahoma | South Dakota | Texas | Wisconsin | Wyoming,Herb,Herbaceous perennial,3,9,Low,Sandy soils.,,,TRUE,FALSE,FALSE,FALSE,FALSE,FALSE,"Pink , Blue , Purple",FALSE,FALSE,FALSE,TRUE,TRUE,TRUE,TRUE,FALSE,FALSE,FALSE,FALSE,FALSE,FALSE,FALSE,FALSE,FALSE,FALSE,FALSE,FALSE,TRUE,FALSE
PLANT-00640,Penstemon pallidus,"Pale Penstemon, Pale Beardtongue","Pale Penstemon, Pale Beardtongue",Scrophulariaceae,https://inaturalist-open-data.s3.amazonaws.com/photos/207173300/medium.jpg,iNaturalist,Alabama | Arkansas | Georgia | Illinois | Indiana | Iowa | Kansas | Kentucky | Maryland | Michigan | Missouri | North Carolina | Ohio | Tennessee | West Virginia | Wisconsin,Herb,Herbaceous perennial,4,8,Low,Well-drained soils.,,,FALSE,TRUE,FALSE,FALSE,FALSE,FALSE,"White , Blue , Purple",FALSE,FALSE,FALSE,TRUE,TRUE,TRUE,TRUE,FALSE,FALSE,FALSE,FALSE,FALSE,FALSE,FALSE,FALSE,FALSE,FALSE,FALSE,FALSE,TRUE,FALSE
PLANT-00641,Penstemon tubaeflorus,"White Wand Penstemon, White Wand Beardtongue","White Wand Penstemon, White Wand Beardtongue",Scrophulariaceae,https://inaturalist-open-data.s3.amazonaws.com/photos/1974384/medium.jpg,iNaturalist,Arkansas | Illinois | Indiana | Iowa | Kansas | Kentucky | Louisiana | Mississippi | Missouri | Nebraska | New Hampshire | Ohio | Pennsylvania | Tennessee | Texas | Wisconsin,Herb,Herbaceous perennial,4,8,Low,,,,FALSE,FALSE,FALSE,FALSE,FALSE,FALSE,White,FALSE,FALSE,FALSE,FALSE,TRUE,TRUE,TRUE,FALSE,FALSE,FALSE,FALSE,FALSE,FALSE,FALSE,FALSE,FALSE,FALSE,FALSE,FALSE,TRUE,FALSE
PLANT-00642,Peperomia obtusifolia,Baby Rubberplant,Baby Rubberplant,Piperaceae,,,Florida,Herb,Herbaceous perennial,10,12,Low,,,,FALSE,FALSE,FALSE,FALSE,FALSE,FALSE,"Green , Brown",TRUE,TRUE,TRUE,TRUE,TRUE,TRUE,TRUE,TRUE,TRUE,TRUE,TRUE,TRUE,FALSE,FALSE,FALSE,FALSE,FALSE,FALSE,FALSE,TRUE,FALSE
PLANT-00643,Persea borbonia,"Redbay, Red Bay, Sweet Bay, Silk Bay, Red Bay Persea, Laurel Tree","Redbay, Red Bay, Sweet Bay, Silk Bay, Red Bay Persea, Laurel Tree",Lauraceae,https://inaturalist-open-data.s3.amazonaws.com/photos/620002/medium.JPG,iNaturalist,Alabama | Arkansas | Florida | Georgia | Louisiana | Mississippi | North Carolina | South Carolina | Texas,Tree,Tree,7,9,Low,"Moist, acid soils.",Moist,,FALSE,TRUE,FALSE,FALSE,FALSE,TRUE,Yellow,FALSE,FALSE,TRUE,TRUE,TRUE,TRUE,FALSE,FALSE,FALSE,FALSE,FALSE,FALSE,FALSE,FALSE,FALSE,FALSE,FALSE,FALSE,FALSE,TRUE,FALSE
PLANT-00644,Persicaria virginiana,knotweed,knotweed,,https://inaturalist-open-data.s3.amazonaws.com/photos/184431181/medium.jpg,iNaturalist,Alabama | Arkansas | Connecticut | Delaware | Florida | Georgia | Illinois | Indiana | Iowa | Kansas | Kentucky | Louisiana | Maryland | Massachusetts | Michigan | Minnesota | Mississippi | Missouri | Nebraska | New Hampshire | New Jersey | New York | North Carolina | Ohio | Oklahoma | Pennsylvania | Rhode Island | South Carolina | Tennessee | Texas | Virginia | West Virginia | Wisconsin,,Herbaceous perennial,4,8,Medium,,,,FALSE,FALSE,FALSE,FALSE,FALSE,FALSE,,FALSE,FALSE,FALSE,FALSE,FALSE,FALSE,FALSE,FALSE,FALSE,FALSE,FALSE,FALSE,FALSE,FALSE,FALSE,FALSE,FALSE,FALSE,FALSE,FALSE,FALSE
PLANT-00645,Petrea volubilis,queen's wreath,queen's wreath,,https://inaturalist-open-data.s3.amazonaws.com/photos/45881615/medium.jpg,iNaturalist,Florida,,Vine,10,11,Medium,,,,FALSE,FALSE,FALSE,FALSE,FALSE,FALSE,,FALSE,FALSE,FALSE,FALSE,FALSE,FALSE,FALSE,FALSE,FALSE,FALSE,FALSE,FALSE,FALSE,FALSE,FALSE,FALSE,FALSE,FALSE,FALSE,FALSE,FALSE
PLANT-00646,Phegopteris connectilis,Long Beechfern,Long Beechfern,Thelypteridaceae,https://inaturalist-open-data.s3.amazonaws.com/photos/403949915/medium.jpeg,iNaturalist,Alaska | Colorado | Connecticut | Delaware | Idaho | Illinois | Iowa | Maine | Maryland | Michigan | Minnesota | Montana | New Hampshire | New Jersey | New York | North Carolina | Ohio | Oregon | Pennsylvania | Rhode Island | Tennessee | Vermont | Washington | West Virginia | Wisconsin,Herb,Fern,2,5,Low,,"Moist , Wet",Acidic (pH<6.8),FALSE,FALSE,FALSE,FALSE,FALSE,FALSE,Not Applicable,FALSE,FALSE,FALSE,FALSE,FALSE,FALSE,FALSE,FALSE,FALSE,FALSE,FALSE,FALSE,FALSE,FALSE,FALSE,FALSE,FALSE,FALSE,FALSE,TRUE,FALSE
PLANT-00647,Phegopteris hexagonoptera,"Broad Beechfern, Broad Beech Fern","Broad Beechfern, Broad Beech Fern",Thelypteridaceae,https://inaturalist-open-data.s3.amazonaws.com/photos/205216708/medium.jpg,iNaturalist,Alabama | Arkansas | Connecticut | Delaware | Florida | Georgia | Illinois | Indiana | Iowa | Kansas | Kentucky | Louisiana | Maine | Maryland | Massachusetts | Michigan | Minnesota | Mississippi | Missouri | New Hampshire | New Jersey | New York | North Carolina | Ohio | Oklahoma | Pennsylvania | Rhode Island | South Carolina | Tennessee | Texas | Vermont | Virginia | West Virginia | Wisconsin,Herb,Fern,5,9,Low,"Moist, acid, humus-rich soil.",Moist,,FALSE,FALSE,TRUE,FALSE,FALSE,FALSE,Not Applicable,FALSE,FALSE,FALSE,FALSE,FALSE,FALSE,FALSE,FALSE,FALSE,FALSE,FALSE,FALSE,FALSE,FALSE,FALSE,FALSE,FALSE,FALSE,FALSE,TRUE,FALSE
PLANT-00648,Phemeranthus calycinus,"Largeflower Flameflower, Largeflower Fameflower","Largeflower Flameflower, Largeflower Fameflower",Portulacaceae,https://inaturalist-open-data.s3.amazonaws.com/photos/226146108/medium.jpg,iNaturalist,Alabama | Arkansas | Colorado | Illinois | Kansas | Louisiana | Missouri | Montana | Nebraska | New Mexico | Oklahoma | Texas,Subshrub,Herbaceous perennial,5,9,Low,,,,FALSE,FALSE,FALSE,FALSE,FALSE,FALSE,"Red , Pink , Purple",FALSE,FALSE,FALSE,FALSE,TRUE,TRUE,TRUE,TRUE,TRUE,TRUE,FALSE,FALSE,FALSE,FALSE,FALSE,FALSE,FALSE,FALSE,FALSE,TRUE,FALSE
PLANT-00649,Philadelphus pubescens,Hoary Mock Orange,Hoary Mock Orange,Hydrangeaceae,https://inaturalist-open-data.s3.amazonaws.com/photos/343362370/medium.jpeg,iNaturalist,Alabama | Arkansas | Connecticut | Georgia | Illinois | Iowa | Kentucky | Louisiana | Maryland | Massachusetts | Mississippi | Missouri | New York | Ohio | Oklahoma | Pennsylvania | South Carolina | Tennessee | Texas | Virginia | Wyoming,Shrub,Deciduous shrub,6,9,Medium,,,,FALSE,FALSE,FALSE,FALSE,FALSE,FALSE,"White , Yellow",FALSE,FALSE,FALSE,FALSE,TRUE,TRUE,TRUE,FALSE,FALSE,FALSE,FALSE,FALSE,FALSE,FALSE,FALSE,FALSE,FALSE,FALSE,FALSE,TRUE,FALSE
PLANT-00650,Philadelphus pubescens var. verrucosus,mock orange,mock orange,,,,Alabama | Arkansas | Connecticut | Illinois | Iowa | Kentucky | Louisiana | Massachusetts | Missouri | New York | Ohio | Oklahoma | Pennsylvania | Tennessee | Texas | Wyoming,,Deciduous shrub,6,9,Medium,,,,FALSE,FALSE,FALSE,FALSE,FALSE,FALSE,,FALSE,FALSE,FALSE,FALSE,FALSE,FALSE,FALSE,FALSE,FALSE,FALSE,FALSE,FALSE,FALSE,FALSE,FALSE,FALSE,FALSE,FALSE,FALSE,FALSE,FALSE
PLANT-00651,Phlox bifida,"Cleft Phlox, Sand Phlox","Cleft Phlox, Sand Phlox",Polemoniaceae,https://inaturalist-open-data.s3.amazonaws.com/photos/828360/medium.JPG,iNaturalist,Arkansas | Illinois | Indiana | Iowa | Kansas | Kentucky | Michigan | Missouri | Tennessee | Wisconsin,Herb,Herbaceous perennial,4,8,Medium,,,,FALSE,FALSE,FALSE,FALSE,FALSE,FALSE,"White , Blue , Violet",FALSE,FALSE,FALSE,TRUE,TRUE,TRUE,FALSE,FALSE,FALSE,FALSE,FALSE,FALSE,FALSE,FALSE,FALSE,FALSE,FALSE,FALSE,FALSE,TRUE,FALSE
PLANT-00652,Phlox divaricata,"Wild Blue Phlox, Louisiana Phlox, Blue Woodland Phlox, Sweet William, Wild Sweet William","Wild Blue Phlox, Louisiana Phlox, Blue Woodland Phlox, Sweet William, Wild Sweet William",Polemoniaceae,https://inaturalist-open-data.s3.amazonaws.com/photos/3365048/medium.jpg,iNaturalist,Alabama | Arkansas | Connecticut | Delaware | Florida | Georgia | Illinois | Indiana | Iowa | Kansas | Kentucky | Louisiana | Maryland | Michigan | Minnesota | Mississippi | Missouri | Nebraska | New Jersey | New York | North Carolina | Ohio | Oklahoma | Pennsylvania | South Carolina | South Dakota | Tennessee | Texas | Vermont | Virginia | West Virginia | Wisconsin,Herb,Herbaceous perennial,3,8,Medium,"Rich, moist, acid soils, but also found in calcareous areas. Sandy, Sandy Loam, Medium Loam, Clay Loam, Clay.",Moist,"Alkaline (pH>7.2) , Acidic (pH<6.8)",FALSE,TRUE,TRUE,FALSE,TRUE,FALSE,"White , Pink , Purple , Violet",FALSE,FALSE,TRUE,TRUE,TRUE,TRUE,FALSE,FALSE,FALSE,FALSE,FALSE,FALSE,FALSE,FALSE,FALSE,FALSE,FALSE,FALSE,FALSE,TRUE,FALSE
PLANT-00653,Phlox divaricata subsp. laphamii,wild sweet William,wild sweet William,,,,Alabama | Arkansas | Florida | Georgia | Illinois | Indiana | Iowa | Kansas | Kentucky | Louisiana | Maryland | Minnesota | Mississippi | Missouri | Nebraska | North Carolina | Oklahoma | Pennsylvania | South Dakota | Tennessee | Texas | Virginia | West Virginia | Wisconsin,,Herbaceous perennial,3,8,Medium,,,,FALSE,FALSE,FALSE,FALSE,FALSE,FALSE,,FALSE,FALSE,FALSE,FALSE,FALSE,FALSE,FALSE,FALSE,FALSE,FALSE,FALSE,FALSE,FALSE,FALSE,FALSE,FALSE,FALSE,FALSE,FALSE,FALSE,FALSE
PLANT-00654,Phlox drummondii,"Annual Phlox, Drummond Phlox, Pride-of-Texas, Texas Pride","Annual Phlox, Drummond Phlox, Pride-of-Texas, Texas Pride",Polemoniaceae,,,Oklahoma | Texas,Herb,Annual,2,11,Medium,"Although it prefers sandy, fertile soil, it can be established in a variety of well-drained soils, including alkaline substrates.",Dry,"Acidic (pH<6.8) , Circumneutral (pH 6.8-7.2)",TRUE,TRUE,FALSE,TRUE,FALSE,FALSE,"White , Red , Pink , Purple",FALSE,FALSE,TRUE,TRUE,TRUE,TRUE,FALSE,FALSE,FALSE,FALSE,FALSE,FALSE,FALSE,FALSE,FALSE,FALSE,FALSE,FALSE,FALSE,TRUE,FALSE
PLANT-00655,Phlox glaberrima,"Smooth Phlox, Marsh Phlox","Smooth Phlox, Marsh Phlox",Polemoniaceae,https://inaturalist-open-data.s3.amazonaws.com/photos/2084494/medium.JPG,iNaturalist,Alabama | Arkansas | Florida | Georgia | Illinois | Indiana | Kentucky | Louisiana | Maryland | Mississippi | Missouri | New Jersey | North Carolina | Ohio | Oklahoma | South Carolina | Tennessee | Virginia | West Virginia | Wisconsin,Herb,Herbaceous perennial,3,8,Medium,,,,FALSE,FALSE,FALSE,FALSE,FALSE,FALSE,"Pink , Purple",FALSE,FALSE,FALSE,TRUE,TRUE,TRUE,TRUE,FALSE,FALSE,FALSE,FALSE,FALSE,FALSE,FALSE,FALSE,FALSE,FALSE,FALSE,FALSE,TRUE,FALSE
PLANT-00656,Phlox maculata,"Wild Sweetwilliam, Phlox, Meadow Phlox, Wild Sweet William","Wild Sweetwilliam, Phlox, Meadow Phlox, Wild Sweet William",Polemoniaceae,https://inaturalist-open-data.s3.amazonaws.com/photos/172759372/medium.jpg,iNaturalist,Alabama | Delaware | Georgia | Illinois | Indiana | Iowa | Kentucky | Maryland | Michigan | Minnesota | Missouri | New Jersey | New York | North Carolina | Ohio | Pennsylvania | South Carolina | Tennessee | Virginia | West Virginia,Herb,Herbaceous perennial,3,8,Medium,"Clay, Loam",Wet,,TRUE,FALSE,FALSE,FALSE,FALSE,FALSE,"Red , Purple",FALSE,FALSE,FALSE,FALSE,TRUE,TRUE,TRUE,TRUE,TRUE,FALSE,FALSE,FALSE,FALSE,FALSE,FALSE,FALSE,FALSE,FALSE,FALSE,TRUE,FALSE
PLANT-00657,Phlox paniculata,"Fall Phlox, Perennial Phlox","Fall Phlox, Perennial Phlox",Polemoniaceae,https://static.inaturalist.org/photos/4940063/medium.jpg,iNaturalist,Alabama | Arkansas | Delaware | Georgia | Illinois | Indiana | Kansas | Kentucky | Maryland | Missouri | New Jersey | North Carolina | Ohio | Pennsylvania | South Carolina | Tennessee | Virginia | West Virginia,Herb,Herbaceous perennial,4,8,Medium,"Organic, Loam",Moist,,TRUE,FALSE,FALSE,FALSE,FALSE,FALSE,"White , Pink , Purple",FALSE,FALSE,FALSE,FALSE,FALSE,TRUE,TRUE,TRUE,TRUE,TRUE,FALSE,FALSE,FALSE,FALSE,FALSE,FALSE,FALSE,FALSE,FALSE,TRUE,FALSE
PLANT-00658,Phlox pilosa,"Downy Phlox, Prairie Phlox, Fragrant Phlox","Downy Phlox, Prairie Phlox, Fragrant Phlox",Polemoniaceae,https://inaturalist-open-data.s3.amazonaws.com/photos/514252781/medium.jpg,iNaturalist,Alabama | Arkansas | Connecticut | Delaware | Florida | Georgia | Illinois | Indiana | Iowa | Kansas | Kentucky | Louisiana | Maryland | Michigan | Mississippi | Missouri | New Jersey | New York | North Carolina | Ohio | Oklahoma | Pennsylvania | South Carolina | Tennessee | Texas | Virginia | West Virginia | Wisconsin,Herb,Herbaceous perennial,4,9,Medium,"Sandy or rocky, well-drained soils.",Dry,Acidic (pH<6.8),TRUE,TRUE,FALSE,TRUE,FALSE,FALSE,"White , Pink , Purple",FALSE,FALSE,TRUE,TRUE,TRUE,TRUE,TRUE,TRUE,FALSE,FALSE,FALSE,FALSE,FALSE,FALSE,FALSE,FALSE,FALSE,FALSE,FALSE,TRUE,FALSE
PLANT-00659,Phlox pilosa subsp. ozarkana,Ozark phlox,Ozark phlox,,,,Arkansas | Kansas | Louisiana | Missouri | Oklahoma | Tennessee,,Herbaceous perennial,4,9,Medium,,,,FALSE,FALSE,FALSE,FALSE,FALSE,FALSE,,FALSE,FALSE,FALSE,FALSE,FALSE,FALSE,FALSE,FALSE,FALSE,FALSE,FALSE,FALSE,FALSE,FALSE,FALSE,FALSE,FALSE,FALSE,FALSE,FALSE,FALSE
PLANT-00660,Physocarpus opulifolius,"Common Ninebark, Atlantic Ninebark","Common Ninebark, Atlantic Ninebark",Rosaceae,https://inaturalist-open-data.s3.amazonaws.com/photos/135237890/medium.jpeg,iNaturalist,Alabama | Arkansas | Colorado | Connecticut | Delaware | Florida | Georgia | Illinois | Indiana | Iowa | Kansas | Kentucky | Maine | Maryland | Michigan | Minnesota | Missouri | Nebraska | New Hampshire | New Jersey | New York | North Carolina | North Dakota | Ohio | Oklahoma | Pennsylvania | Rhode Island | South Carolina | South Dakota | Tennessee | Vermont | Virginia | West Virginia | Wisconsin,Shrub,Deciduous shrub,2,8,Medium,"Clay, Loam","Dry , Moist , Wet",Circumneutral (pH 6.8-7.2),TRUE,TRUE,TRUE,TRUE,FALSE,FALSE,"White , Pink",FALSE,FALSE,FALSE,FALSE,TRUE,TRUE,FALSE,FALSE,FALSE,FALSE,FALSE,FALSE,FALSE,FALSE,FALSE,FALSE,FALSE,FALSE,FALSE,TRUE,FALSE
PLANT-00661,Physostegia angustifolia,obedient plant,obedient plant,,https://static.inaturalist.org/photos/1970559/medium.jpg,iNaturalist,Alabama | Arkansas | Georgia | Illinois | Kansas | Louisiana | Mississippi | Missouri | Oklahoma | Texas,,Herbaceous perennial,3,9,Medium,,,,FALSE,FALSE,FALSE,FALSE,FALSE,FALSE,,FALSE,FALSE,FALSE,FALSE,FALSE,FALSE,FALSE,FALSE,FALSE,FALSE,FALSE,FALSE,FALSE,FALSE,FALSE,FALSE,FALSE,FALSE,FALSE,FALSE,FALSE
PLANT-00662,Physostegia virginiana,"Fall Obedient Plant, False Dragonhead, Virginia Lions-heart","Fall Obedient Plant, False Dragonhead, Virginia Lions-heart",Lamiaceae,https://inaturalist-open-data.s3.amazonaws.com/photos/49931148/medium.jpg,iNaturalist,Alabama | Arkansas | Connecticut | Delaware | Florida | Georgia | Illinois | Indiana | Iowa | Kansas | Kentucky | Louisiana | Maine | Maryland | Michigan | Minnesota | Mississippi | Missouri | Nebraska | New Hampshire | New Jersey | New Mexico | New York | North Carolina | North Dakota | Ohio | Oklahoma | Pennsylvania | Rhode Island | South Carolina | South Dakota | Tennessee | Texas | Utah | Vermont | Virginia | West Virginia | Wisconsin,Herb,Herbaceous perennial,3,9,Medium,"Moist, humus-rich soils.",Moist,,TRUE,TRUE,TRUE,FALSE,FALSE,FALSE,"White , Pink , Purple",FALSE,FALSE,FALSE,FALSE,FALSE,FALSE,FALSE,TRUE,TRUE,TRUE,TRUE,FALSE,FALSE,FALSE,FALSE,FALSE,FALSE,FALSE,FALSE,TRUE,FALSE
PLANT-00663,Phytolacca americana,"American Pokeweed, Great Pokeweed, Pokeweed, Pokeberry, Red Ink Plant, Pigeonberry","American Pokeweed, Great Pokeweed, Pokeweed, Pokeberry, Red Ink Plant, Pigeonberry",Phytolaccaceae,https://inaturalist-open-data.s3.amazonaws.com/photos/164206478/medium.jpeg,iNaturalist,Alabama | Arizona | Arkansas | California | Connecticut | Delaware | Florida | Georgia | Illinois | Indiana | Iowa | Kansas | Kentucky | Louisiana | Maine | Maryland | Massachusetts | Michigan | Minnesota | Mississippi | Missouri | Nebraska | New Hampshire | New Jersey | New Mexico | New York | North Carolina | Ohio | Oklahoma | Oregon | Pennsylvania | Rhode Island | South Carolina | Tennessee | Texas | Vermont | Virginia | West Virginia | Wisconsin,Herb,Herbaceous perennial,4,8,Low,,Moist,,FALSE,TRUE,FALSE,FALSE,TRUE,FALSE,"White , Pink , Purple",TRUE,TRUE,TRUE,TRUE,TRUE,TRUE,TRUE,TRUE,TRUE,TRUE,TRUE,TRUE,FALSE,FALSE,FALSE,FALSE,FALSE,FALSE,FALSE,TRUE,FALSE
PLANT-00664,Picea breweriana,"Brewer Spruce, Weeping Spruce","Brewer Spruce, Weeping Spruce",Pinaceae,https://inaturalist-open-data.s3.amazonaws.com/photos/83823016/medium.jpg,iNaturalist,California | Oregon,Tree,Needled evergreen,6,8,Low,Moist soils.,Moist,,FALSE,TRUE,FALSE,FALSE,TRUE,FALSE,Red,FALSE,FALSE,FALSE,FALSE,FALSE,TRUE,TRUE,TRUE,FALSE,FALSE,FALSE,FALSE,FALSE,FALSE,FALSE,FALSE,FALSE,FALSE,FALSE,TRUE,FALSE
PLANT-00665,Picea engelmannii,"Engelmann's Spruce, Engelmann Spruce","Engelmann's Spruce, Engelmann Spruce",Pinaceae,https://inaturalist-open-data.s3.amazonaws.com/photos/45245918/medium.jpeg,iNaturalist,Arizona | California | Colorado | Idaho | Montana | Nevada | New Mexico | Oregon | Texas | Utah | Washington | Wyoming,Tree,Needled evergreen,2,5,Low,"Moist, rich, loamy soils.",Moist,,TRUE,TRUE,FALSE,FALSE,TRUE,FALSE,Yellow,FALSE,FALSE,FALSE,TRUE,TRUE,FALSE,FALSE,FALSE,FALSE,FALSE,FALSE,FALSE,FALSE,FALSE,FALSE,FALSE,FALSE,FALSE,FALSE,TRUE,FALSE
PLANT-00666,Picea glauca,White Spruce,White Spruce,Pinaceae,https://inaturalist-open-data.s3.amazonaws.com/photos/10737093/medium.jpeg,iNaturalist,Maine | Michigan | Minnesota | Montana | New Hampshire | New York | South Dakota,Tree,Needled evergreen,2,6,Low,"Moist loam or alluvium, though tolerant of many soil types.","Dry , Moist",Circumneutral (pH 6.8-7.2),TRUE,TRUE,TRUE,FALSE,TRUE,FALSE,"Red , Yellow",FALSE,FALSE,FALSE,TRUE,TRUE,FALSE,FALSE,FALSE,FALSE,FALSE,FALSE,FALSE,FALSE,FALSE,FALSE,FALSE,FALSE,FALSE,FALSE,TRUE,FALSE
PLANT-00667,Picea pungens,"Blue Spruce, Colorado Spruce","Blue Spruce, Colorado Spruce",Pinaceae,https://inaturalist-open-data.s3.amazonaws.com/photos/389275799/medium.jpeg,iNaturalist,Arizona | Colorado | Idaho | Utah | Wyoming,Tree,Needled evergreen,2,7,Low,"Moist, rich soils.",Moist,Acidic (pH<6.8),FALSE,TRUE,FALSE,FALSE,TRUE,FALSE,Yellow,FALSE,FALSE,FALSE,TRUE,TRUE,FALSE,FALSE,FALSE,FALSE,FALSE,FALSE,FALSE,FALSE,FALSE,FALSE,FALSE,FALSE,FALSE,FALSE,TRUE,FALSE
PLANT-00668,Pinguicula caerulea,"Blue Butterwort, Blueflower Butterwort, Violet Butterwort","Blue Butterwort, Blueflower Butterwort, Violet Butterwort",Lentibulariaceae,https://inaturalist-open-data.s3.amazonaws.com/photos/2164572/medium.jpg,iNaturalist,Florida | Georgia | North Carolina | South Carolina,Herb,Herbaceous perennial,8,9,Medium,,,,FALSE,FALSE,FALSE,FALSE,FALSE,FALSE,"White , Pink , Blue , Purple",TRUE,TRUE,TRUE,TRUE,TRUE,TRUE,TRUE,FALSE,FALSE,FALSE,FALSE,FALSE,FALSE,FALSE,FALSE,FALSE,FALSE,FALSE,FALSE,TRUE,FALSE
PLANT-00669,Pinus banksiana,"Jack Pine, Gray Pine, Scrub Pine","Jack Pine, Gray Pine, Scrub Pine",Pinaceae,,,Indiana | Maine | Michigan | Minnesota | New Hampshire | New York | Wisconsin,Tree,Needled evergreen,2,6,Low,"Sandy, acid sands.",Dry,Acidic (pH<6.8),TRUE,FALSE,FALSE,TRUE,FALSE,FALSE,"Red , Yellow",FALSE,FALSE,FALSE,TRUE,TRUE,FALSE,FALSE,FALSE,FALSE,FALSE,FALSE,FALSE,FALSE,FALSE,FALSE,FALSE,FALSE,FALSE,FALSE,TRUE,FALSE
PLANT-00670,Pinus echinata,"Shortleaf Pine, Shortleaf Yellow Pine, Southern Yellow Pine, Yellow Pine, Shortstraw Pine, Arkansas Pine, Longtag Pine, Spruce Pine, Oldfield Pine, Arkansas Soft Pine","Shortleaf Pine, Shortleaf Yellow Pine, Southern Yellow Pine, Yellow Pine, Shortstraw Pine, Arkansas Pine, Longtag Pine, Spruce Pine, Oldfield Pine, Arkansas Soft Pine",Pinaceae,https://inaturalist-open-data.s3.amazonaws.com/photos/2903118/medium.JPG,iNaturalist,Alabama | Arkansas | Delaware | Florida | Georgia | Illinois | Kentucky | Louisiana | Maryland | Mississippi | Missouri | New Jersey | New York | North Carolina | Ohio | Oklahoma | Pennsylvania | South Carolina | Tennessee | Texas | Virginia | West Virginia,Tree,Needled evergreen,6,9,Low,"Dry, sandy soils. Acid-based, Sandy, Sandy Loam, Medium Loam",Dry,,FALSE,TRUE,FALSE,FALSE,TRUE,FALSE,Yellow,FALSE,TRUE,TRUE,FALSE,FALSE,FALSE,FALSE,FALSE,FALSE,FALSE,FALSE,FALSE,FALSE,FALSE,FALSE,FALSE,FALSE,FALSE,FALSE,TRUE,FALSE
PLANT-00671,Pinus flexilis,"Limber Pine, Pino Enano","Limber Pine, Pino Enano",Pinaceae,https://inaturalist-open-data.s3.amazonaws.com/photos/120066558/medium.jpeg,iNaturalist,Arizona | California | Colorado | Idaho | Montana | Nevada | New Mexico,Tree,Needled evergreen,4,7,Low,"Well-drained, rocky soils.","Dry , Moist",Acidic (pH<6.8),TRUE,TRUE,FALSE,TRUE,FALSE,FALSE,"Red , Green , Purple",FALSE,FALSE,FALSE,FALSE,FALSE,TRUE,TRUE,TRUE,FALSE,FALSE,FALSE,FALSE,FALSE,FALSE,FALSE,FALSE,FALSE,FALSE,FALSE,TRUE,FALSE
PLANT-00672,Pinus jeffreyi,Jeffrey Pine,Jeffrey Pine,Pinaceae,https://inaturalist-open-data.s3.amazonaws.com/photos/281075604/medium.jpg,iNaturalist,California | Nevada | Oregon,Tree,Needled evergreen,5,7,Medium,"Well-drained, rocky soils.",Dry,,FALSE,TRUE,FALSE,FALSE,TRUE,FALSE,Brown,FALSE,FALSE,FALSE,TRUE,TRUE,FALSE,FALSE,FALSE,FALSE,FALSE,FALSE,FALSE,FALSE,FALSE,FALSE,FALSE,FALSE,FALSE,FALSE,TRUE,FALSE
PLANT-00673,Pinus ponderosa,"Ponderosa Pine, Western Yellow Pine, Pino Blanco","Ponderosa Pine, Western Yellow Pine, Pino Blanco",Pinaceae,https://inaturalist-open-data.s3.amazonaws.com/photos/3790446/medium.JPG,iNaturalist,Arizona | California | Colorado | Idaho | Montana | Nebraska | Nevada | New Mexico | North Dakota | Oregon | South Dakota | Texas | Utah | Washington | Wyoming,Tree,Needled evergreen,3,7,Low,"Deep, sandy, gravelly or clay loams.","Dry , Moist",Acidic (pH<6.8),TRUE,TRUE,TRUE,FALSE,TRUE,FALSE,"Red , Yellow",FALSE,FALSE,FALSE,TRUE,FALSE,FALSE,FALSE,FALSE,FALSE,FALSE,FALSE,FALSE,FALSE,FALSE,FALSE,FALSE,FALSE,FALSE,FALSE,TRUE,FALSE
PLANT-00674,Pinus resinosa,"Red Pine, Norway Pine, Canadian Pine","Red Pine, Norway Pine, Canadian Pine",Pinaceae,https://inaturalist-open-data.s3.amazonaws.com/photos/4013782/medium.jpg,iNaturalist,Maine | Massachusetts | Michigan | Minnesota | New Hampshire | New York | Pennsylvania | Vermont | Wisconsin,Tree,Needled evergreen,2,5,Low,"Sandy or gravelly, acid soils.","Dry , Moist",Acidic (pH<6.8),TRUE,FALSE,FALSE,TRUE,FALSE,FALSE,"Red , Brown",FALSE,FALSE,TRUE,TRUE,TRUE,FALSE,FALSE,FALSE,FALSE,FALSE,FALSE,FALSE,FALSE,FALSE,FALSE,FALSE,FALSE,FALSE,FALSE,TRUE,FALSE
PLANT-00675,Pinus strobus,"Eastern White Pine, Weymouth Pine","Eastern White Pine, Weymouth Pine",Pinaceae,https://inaturalist-open-data.s3.amazonaws.com/photos/638440764/medium.jpg,iNaturalist,Connecticut | Delaware | Georgia | Illinois | Indiana | Iowa | Kentucky | Maine | Maryland | Massachusetts | Michigan | Minnesota | New Hampshire | New Jersey | New York | North Carolina | Ohio | Pennsylvania | Rhode Island | South Carolina | Tennessee | Vermont | Virginia | West Virginia | Wisconsin,Tree,Needled evergreen,3,8,Low,"Fertile, moist, well-drained soils.","Dry , Moist",Acidic (pH<6.8),TRUE,TRUE,TRUE,FALSE,TRUE,FALSE,"Red , Pink , Yellow , Green , Brown",FALSE,FALSE,FALSE,TRUE,TRUE,FALSE,FALSE,FALSE,FALSE,FALSE,FALSE,FALSE,FALSE,FALSE,FALSE,FALSE,FALSE,FALSE,FALSE,TRUE,FALSE
PLANT-00676,Pinus taeda,"Loblolly Pine, Oldfield Pine, Bull Pine, Rosemary Pine","Loblolly Pine, Oldfield Pine, Bull Pine, Rosemary Pine",Pinaceae,https://inaturalist-open-data.s3.amazonaws.com/photos/102085356/medium.jpeg,iNaturalist,Alabama | Arkansas | Delaware | Florida | Georgia | Kentucky | Louisiana | Maryland | Mississippi | North Carolina | Oklahoma | South Carolina | Tennessee | Texas | Virginia,Tree,Needled evergreen,6,9,Low,"Adaptable, but prefers moist, sandy soils. Sandy, Sandy Loam Acid-based, Medium Loam",Dry,,FALSE,TRUE,FALSE,FALSE,FALSE,TRUE,"Yellow , Brown",FALSE,TRUE,TRUE,FALSE,FALSE,FALSE,FALSE,FALSE,FALSE,FALSE,FALSE,FALSE,FALSE,FALSE,FALSE,FALSE,FALSE,FALSE,FALSE,TRUE,FALSE
PLANT-00677,Pistia stratiotes,Water Lettuce,Water Lettuce,Araceae,https://inaturalist-open-data.s3.amazonaws.com/photos/309359974/medium.jpeg,iNaturalist,Florida | Louisiana | Mississippi | Texas,Herb,Herbaceous perennial,8,10,High,,,,FALSE,FALSE,FALSE,FALSE,FALSE,FALSE,White,FALSE,FALSE,FALSE,TRUE,FALSE,FALSE,FALSE,FALSE,FALSE,FALSE,FALSE,FALSE,FALSE,FALSE,FALSE,FALSE,FALSE,FALSE,FALSE,TRUE,FALSE
PLANT-00678,Platanus occidentalis,"American Sycamore, Eastern Sycamore, American Plane Tree, Plane Tree, Buttonwood, Buttonball Tree","American Sycamore, Eastern Sycamore, American Plane Tree, Plane Tree, Buttonwood, Buttonball Tree",Platanaceae,https://inaturalist-open-data.s3.amazonaws.com/photos/204738082/medium.jpg,iNaturalist,Alabama | Arkansas | Connecticut | Delaware | Florida | Georgia | Illinois | Indiana | Iowa | Kansas | Kentucky | Louisiana | Maine | Maryland | Massachusetts | Michigan | Mississippi | Missouri | Nebraska | New Hampshire | New Jersey | New York | North Carolina | Ohio | Oklahoma | Pennsylvania | Rhode Island | South Carolina | Tennessee | Texas | Vermont | Virginia | West Virginia | Wisconsin,Tree,Tree,4,9,High,"Moist, sandy loams or silty clays.",Moist,,TRUE,TRUE,TRUE,FALSE,FALSE,TRUE,"Red , Yellow , Green , Brown",FALSE,FALSE,TRUE,TRUE,FALSE,FALSE,FALSE,FALSE,FALSE,FALSE,FALSE,FALSE,FALSE,FALSE,FALSE,FALSE,FALSE,FALSE,FALSE,TRUE,FALSE
PLANT-00679,Platycodon grandiflorus,balloon flower,balloon flower,,https://inaturalist-open-data.s3.amazonaws.com/photos/31305123/medium.jpeg,iNaturalist,Hawaii,,Herbaceous perennial,3,8,Low,,,,FALSE,FALSE,FALSE,FALSE,FALSE,FALSE,,FALSE,FALSE,FALSE,FALSE,FALSE,FALSE,FALSE,FALSE,FALSE,FALSE,FALSE,FALSE,FALSE,FALSE,FALSE,FALSE,FALSE,FALSE,FALSE,FALSE,FALSE
PLANT-00680,Podophyllum peltatum,"Mayapple, Indian Apple, Wild Mandrake, Pomme De Mai, Podophylle Pelt","Mayapple, Indian Apple, Wild Mandrake, Pomme De Mai, Podophylle Pelt",Berberidaceae,https://inaturalist-open-data.s3.amazonaws.com/photos/35674124/medium.jpg,iNaturalist,Alabama | Arkansas | Connecticut | Delaware | Florida | Georgia | Illinois | Indiana | Iowa | Kansas | Kentucky | Louisiana | Maine | Maryland | Massachusetts | Michigan | Minnesota | Mississippi | Missouri | Nebraska | New Hampshire | New Jersey | New York | North Carolina | Ohio | Oklahoma | Pennsylvania | Rhode Island | South Carolina | Tennessee | Texas | Vermont | Virginia | West Virginia | Wisconsin,Herb,Herbaceous perennial,3,8,Medium,"Moist, humus-rich soils. Acid-based, Sandy, Sandy Loam, Medium Loam",Moist,Acidic (pH<6.8),FALSE,TRUE,TRUE,FALSE,TRUE,FALSE,"White , Pink",FALSE,FALSE,TRUE,TRUE,TRUE,FALSE,FALSE,FALSE,FALSE,FALSE,FALSE,FALSE,FALSE,FALSE,FALSE,FALSE,FALSE,FALSE,FALSE,TRUE,FALSE
PLANT-00681,Pogonia ophioglossoides,"Rose Pogonia, Snake-mouth Orchid, Beard Flower","Rose Pogonia, Snake-mouth Orchid, Beard Flower",Orchidaceae,https://inaturalist-open-data.s3.amazonaws.com/photos/523530720/medium.jpg,iNaturalist,Alabama | Arkansas | Connecticut | Delaware | Florida | Georgia | Illinois | Indiana | Iowa | Kentucky | Louisiana | Maine | Maryland | Massachusetts | Michigan | Minnesota | Mississippi | Missouri | New Hampshire | New Jersey | New York | North Carolina | North Dakota | Ohio | Oklahoma | Pennsylvania | Rhode Island | South Carolina | Tennessee | Texas | Vermont | Virginia | West Virginia | Wisconsin,Herb,Herbaceous perennial,3,8,High,,"Moist , Wet",,TRUE,FALSE,FALSE,FALSE,FALSE,FALSE,"White , Pink , Yellow , Purple",FALSE,FALSE,TRUE,TRUE,TRUE,TRUE,TRUE,TRUE,FALSE,FALSE,FALSE,FALSE,FALSE,FALSE,FALSE,FALSE,FALSE,FALSE,FALSE,TRUE,FALSE
PLANT-00682,Polemonium reptans,"Greek Valerian, Jacob's Ladder","Greek Valerian, Jacob's Ladder",Polemoniaceae,https://inaturalist-open-data.s3.amazonaws.com/photos/23272/medium.jpg,iNaturalist,Alabama | Arkansas | Delaware | Georgia | Illinois | Indiana | Iowa | Kansas | Kentucky | Maine | Maryland | Massachusetts | Michigan | Minnesota | Mississippi | Missouri | Nebraska | New Jersey | New York | North Carolina | Ohio | Oklahoma | Pennsylvania | Rhode Island | South Dakota | Tennessee | Virginia | West Virginia | Wisconsin,Herb,Herbaceous perennial,3,8,Medium,"Moist, humus-rich soils.",Moist,Circumneutral (pH 6.8-7.2),FALSE,FALSE,TRUE,FALSE,FALSE,FALSE,"Blue , Purple",FALSE,FALSE,FALSE,TRUE,TRUE,TRUE,FALSE,FALSE,FALSE,FALSE,FALSE,FALSE,FALSE,FALSE,FALSE,FALSE,FALSE,FALSE,FALSE,TRUE,FALSE
PLANT-00683,Polygonatum biflorum,"Smooth Solomon's Seal, Great Solomon's-seal, Sealwort","Smooth Solomon's Seal, Great Solomon's-seal, Sealwort",Liliaceae,https://static.inaturalist.org/photos/38749166/medium.jpg,iNaturalist,Alabama | Arizona | Arkansas | Connecticut | Delaware | Florida | Georgia | Illinois | Indiana | Iowa | Kansas | Kentucky | Louisiana | Maine | Maryland | Michigan | Minnesota | Mississippi | Missouri | Nebraska | New Hampshire | New Jersey | New Mexico | New York | North Carolina | North Dakota | Ohio | Oklahoma | Pennsylvania | Rhode Island | South Carolina | South Dakota | Tennessee | Texas | Vermont | Virginia | West Virginia | Wisconsin | Wyoming,Herb,Herbaceous perennial,3,8,Low,"Moist, rich, acid soils, though also occurs in calcareous areas. Prefers high humus. Sandy, Sandy Loam, Medium Loam, Clay Loam, Clay.","Dry , Moist",Acidic (pH<6.8),FALSE,TRUE,TRUE,FALSE,TRUE,FALSE,"White , Yellow , Green , Brown",FALSE,FALSE,TRUE,TRUE,TRUE,TRUE,FALSE,FALSE,FALSE,FALSE,FALSE,FALSE,FALSE,FALSE,FALSE,FALSE,FALSE,FALSE,FALSE,TRUE,FALSE
PLANT-00684,Polygonatum biflorum var. commutatum,"Great Solomon's Seal, Giant Solomon's Seal","Great Solomon's Seal, Giant Solomon's Seal",Liliaceae,,,Alabama | Arizona | Arkansas | Connecticut | Delaware | Florida | Georgia | Illinois | Indiana | Iowa | Kansas | Kentucky | Louisiana | Maine | Maryland | Massachusetts | Michigan | Minnesota | Mississippi | Missouri | Nebraska | New Hampshire | New Jersey | New Mexico | New York | North Carolina | North Dakota | Ohio | Oklahoma | Pennsylvania | Rhode Island | South Carolina | South Dakota | Tennessee | Texas | Vermont | Virginia | West Virginia | Wisconsin | Wyoming,Herb,Herbaceous perennial,3,7,Low,,,,FALSE,FALSE,FALSE,FALSE,FALSE,FALSE,"White , Yellow",FALSE,FALSE,TRUE,TRUE,TRUE,TRUE,FALSE,FALSE,FALSE,FALSE,FALSE,FALSE,FALSE,FALSE,FALSE,FALSE,FALSE,FALSE,FALSE,TRUE,FALSE
PLANT-00685,Polymnia canadensis,Whiteflower Leafcup,Whiteflower Leafcup,Asteraceae,https://static.inaturalist.org/photos/95847304/medium.jpeg,iNaturalist,Alabama | Arkansas | Connecticut | Georgia | Illinois | Indiana | Iowa | Kansas | Kentucky | Maryland | Michigan | Minnesota | Missouri | New York | North Carolina | Ohio | Oklahoma | Pennsylvania | Tennessee | Vermont | Virginia | West Virginia | Wisconsin,Herb,Herbaceous perennial,4,7,Low,,,,FALSE,FALSE,FALSE,FALSE,FALSE,FALSE,"White , Yellow",FALSE,FALSE,FALSE,FALSE,TRUE,TRUE,TRUE,TRUE,TRUE,TRUE,FALSE,FALSE,FALSE,FALSE,FALSE,FALSE,FALSE,FALSE,FALSE,TRUE,FALSE
PLANT-00686,Polypodium virginianum,Rock Polypody,Rock Polypody,Polypodiaceae,https://inaturalist-open-data.s3.amazonaws.com/photos/19678/medium.jpg,iNaturalist,Alabama | Alaska | Arkansas | Connecticut | Delaware | Georgia | Illinois | Indiana | Iowa | Kentucky | Maine | Maryland | Massachusetts | Michigan | Minnesota | Missouri | New Hampshire | New Jersey | New York | North Carolina | Ohio | Pennsylvania | Rhode Island | South Carolina | South Dakota | Tennessee | Vermont | Virginia | West Virginia | Wisconsin,Herb,Fern,3,8,Low,Will only tolerate moist soil with good drainage.,Dry,"Acidic (pH<6.8) , Circumneutral (pH 6.8-7.2)",FALSE,TRUE,TRUE,FALSE,FALSE,FALSE,Not Applicable,FALSE,FALSE,FALSE,FALSE,FALSE,FALSE,FALSE,FALSE,FALSE,FALSE,FALSE,FALSE,FALSE,FALSE,FALSE,FALSE,FALSE,FALSE,FALSE,TRUE,FALSE
PLANT-00687,Polystichum acrostichoides,Christmas Fern,Christmas Fern,Dryopteridaceae,https://inaturalist-open-data.s3.amazonaws.com/photos/657065592/medium.jpg,iNaturalist,Alabama | Arkansas | Connecticut | Delaware | Florida | Georgia | Illinois | Indiana | Iowa | Kansas | Kentucky | Louisiana | Maine | Maryland | Massachusetts | Michigan | Minnesota | Mississippi | Missouri | New Hampshire | New Jersey | New York | North Carolina | Ohio | Oklahoma | Pennsylvania | Rhode Island | South Carolina | Tennessee | Texas | Vermont | Virginia | West Virginia | Wisconsin,Fern,Fern,3,9,Low,"Moist, acid, humus-rich soils. Sandy, Sandy Loam, Medium Loam, Acid-based. Best in rocky or sandy soils.",Moist,Acidic (pH<6.8),FALSE,TRUE,TRUE,FALSE,TRUE,FALSE,Not Applicable,FALSE,FALSE,FALSE,FALSE,FALSE,FALSE,FALSE,FALSE,FALSE,FALSE,FALSE,FALSE,FALSE,FALSE,FALSE,FALSE,FALSE,FALSE,FALSE,TRUE,FALSE
PLANT-00688,Polystichum braunii,Braun's Holly Fern,Braun's Holly Fern,Dryopteridaceae,https://inaturalist-open-data.s3.amazonaws.com/photos/542360495/medium.jpg,iNaturalist,Alaska | Connecticut | Idaho | Maine | Massachusetts | Michigan | Minnesota | New Hampshire | New York | Pennsylvania | Vermont | Wisconsin,Herb,Fern,3,8,Low,,,,FALSE,FALSE,FALSE,FALSE,FALSE,FALSE,Not Applicable,FALSE,FALSE,FALSE,FALSE,FALSE,FALSE,FALSE,FALSE,FALSE,FALSE,FALSE,FALSE,FALSE,FALSE,FALSE,FALSE,FALSE,FALSE,FALSE,TRUE,FALSE
PLANT-00689,Pontederia cordata,"Pickerelweed, Pickerel Rush","Pickerelweed, Pickerel Rush",Pontederiaceae,https://static.inaturalist.org/photos/20738067/medium.jpg,iNaturalist,Alabama | Arkansas | Connecticut | Delaware | Florida | Georgia | Illinois | Indiana | Iowa | Kansas | Kentucky | Louisiana | Maine | Maryland | Massachusetts | Michigan | Minnesota | Mississippi | Missouri | Nebraska | New Hampshire | New Jersey | New York | North Carolina | Ohio | Oklahoma | Pennsylvania | Rhode Island | South Carolina | South Dakota | Tennessee | Texas | Vermont | West Virginia | Wisconsin,Herb,Herbaceous perennial,3,10,Medium,"Sandy, Sandy Loam, Medium Loam, Clay, Clay Loam, Mud","Moist , Wet",,TRUE,TRUE,FALSE,FALSE,FALSE,TRUE,"Blue , Purple",FALSE,FALSE,TRUE,TRUE,TRUE,TRUE,TRUE,TRUE,TRUE,TRUE,TRUE,FALSE,FALSE,FALSE,FALSE,FALSE,FALSE,FALSE,FALSE,TRUE,FALSE
PLANT-00690,Populus deltoides,"Eastern Cottonwood, Carolina Poplar, Necklace Poplar, Alamo","Eastern Cottonwood, Carolina Poplar, Necklace Poplar, Alamo",Salicaceae,https://inaturalist-open-data.s3.amazonaws.com/photos/4350/medium.jpg,iNaturalist,Alabama | Arkansas | Connecticut | Delaware | Florida | Georgia | Illinois | Indiana | Iowa | Kentucky | Louisiana | Maine | Maryland | Massachusetts | Michigan | Mississippi | Missouri | New Hampshire | New Jersey | New York | North Carolina | Ohio | Oklahoma | Pennsylvania | Rhode Island | South Carolina | Tennessee | Texas | Vermont | Virginia | West Virginia,Tree,Tree,2,9,Medium,"Moist soils. Sandy, Sandy Loam, Medium Loam, Clay Loam, Clay","Dry , Moist , Wet",Circumneutral (pH 6.8-7.2),TRUE,TRUE,TRUE,FALSE,FALSE,TRUE,Yellow,FALSE,TRUE,TRUE,TRUE,FALSE,FALSE,FALSE,FALSE,FALSE,FALSE,FALSE,FALSE,FALSE,FALSE,FALSE,FALSE,FALSE,FALSE,FALSE,TRUE,FALSE
PLANT-00691,Populus tremuloides,"Quaking Aspen, Golden Aspen, Trembling Aspen, Mountain Aspen, Aspen, Trembling Poplar, Alamo Blanco","Quaking Aspen, Golden Aspen, Trembling Aspen, Mountain Aspen, Aspen, Trembling Poplar, Alamo Blanco",Salicaceae,https://inaturalist-open-data.s3.amazonaws.com/photos/706118724/medium.jpg,iNaturalist,Alaska | Arizona | Arkansas | California | Colorado | Connecticut | Delaware | Idaho | Illinois | Indiana | Iowa | Maine | Maryland | Massachusetts | Michigan | Minnesota | Missouri | Montana | Nebraska | Nevada | New Hampshire | New Jersey | New Mexico | New York | North Carolina | North Dakota | Ohio | Oregon | Pennsylvania | Rhode Island | South Dakota | Texas | Utah | Vermont | Virginia | Washington | West Virginia | Wisconsin | Wyoming,Tree,Tree,1,6,High,"Igneous, Limestone-based, Sandy, Sandy Loam, Medium Loam, Caliche type, Shallow, moist, rocky , sandy to fine clay soils.","Dry , Moist , Wet",,TRUE,TRUE,TRUE,FALSE,FALSE,TRUE,"Yellow , Green , Brown",FALSE,FALSE,TRUE,TRUE,TRUE,TRUE,FALSE,FALSE,FALSE,FALSE,FALSE,FALSE,FALSE,FALSE,FALSE,FALSE,FALSE,FALSE,FALSE,TRUE,FALSE
PLANT-00692,Porteranthus trifoliatus,Indian physic,Indian physic,,https://inaturalist-open-data.s3.amazonaws.com/photos/869373/medium.jpg,iNaturalist,Alabama | Arkansas | Delaware | Georgia | Illinois | Kentucky | Maryland | Massachusetts | Michigan | Missouri | New Jersey | New York | North Carolina | Ohio | Pennsylvania | Rhode Island | South Carolina | Tennessee | Virginia | West Virginia,,Herbaceous perennial,4,8,Low,,,,FALSE,FALSE,FALSE,FALSE,FALSE,FALSE,,FALSE,FALSE,FALSE,FALSE,FALSE,FALSE,FALSE,FALSE,FALSE,FALSE,FALSE,FALSE,FALSE,FALSE,FALSE,FALSE,FALSE,FALSE,FALSE,FALSE,FALSE
PLANT-00693,Portulaca oleracea,little hogweed,little hogweed,,https://inaturalist-open-data.s3.amazonaws.com/photos/157729445/medium.jpeg,iNaturalist,Alabama | Alaska | Arizona | Arkansas | California | Colorado | Connecticut | Delaware | Florida | Georgia | Idaho | Illinois | Indiana | Iowa | Kansas | Kentucky | Louisiana | Maine | Maryland | Massachusetts | Michigan | Minnesota | Mississippi | Missouri | Montana | Nebraska | Nevada | New Hampshire | New Jersey | New Mexico | New York | North Carolina | North Dakota | Ohio | Oklahoma | Oregon | Pennsylvania | Rhode Island | South Carolina | South Dakota | Tennessee | Texas | Utah | Vermont | Virginia | Washington | West Virginia | Wisconsin | Wyoming,,Annual,2,11,Low,,,,FALSE,FALSE,FALSE,FALSE,FALSE,FALSE,,FALSE,FALSE,FALSE,FALSE,FALSE,FALSE,FALSE,FALSE,FALSE,FALSE,FALSE,FALSE,FALSE,FALSE,FALSE,FALSE,FALSE,FALSE,FALSE,FALSE,FALSE
PLANT-00694,Potentilla fruticosa,shrubby cinquefoil,shrubby cinquefoil,,https://inaturalist-open-data.s3.amazonaws.com/photos/302097709/medium.jpeg,iNaturalist,Alaska | Arizona | California | Colorado | Connecticut | Illinois | Indiana | Iowa | Maine | Massachusetts | Michigan | Minnesota | Montana | Nevada | New Hampshire | New Jersey | New Mexico | New York | North Carolina | North Dakota | Ohio | Oregon | Pennsylvania | South Dakota | Utah | Vermont | Washington | Wisconsin | Wyoming,,Deciduous shrub,3,7,Low,,,,FALSE,FALSE,FALSE,FALSE,FALSE,FALSE,,FALSE,FALSE,FALSE,FALSE,FALSE,FALSE,FALSE,FALSE,FALSE,FALSE,FALSE,FALSE,FALSE,FALSE,FALSE,FALSE,FALSE,FALSE,FALSE,FALSE,FALSE
PLANT-00695,Potentilla gracilis,Slender Cinquefoil,Slender Cinquefoil,Rosaceae,https://inaturalist-open-data.s3.amazonaws.com/photos/8401365/medium.jpeg,iNaturalist,Alaska | California | Minnesota | Montana | New Hampshire | Oregon | Washington,Herb,Herbaceous perennial,3,7,Low,,,,TRUE,FALSE,FALSE,TRUE,FALSE,FALSE,Yellow,FALSE,FALSE,FALSE,FALSE,FALSE,TRUE,TRUE,TRUE,FALSE,FALSE,FALSE,FALSE,TRUE,FALSE,FALSE,FALSE,TRUE,TRUE,TRUE,TRUE,TRUE
PLANT-00696,Prunella grandiflora,self heal,self heal,,https://inaturalist-open-data.s3.amazonaws.com/photos/107085903/medium.jpeg,iNaturalist,Georgia,,Herbaceous perennial,4,8,Medium,,,,FALSE,FALSE,FALSE,FALSE,FALSE,FALSE,,FALSE,FALSE,FALSE,FALSE,FALSE,FALSE,FALSE,FALSE,FALSE,FALSE,FALSE,FALSE,FALSE,FALSE,FALSE,FALSE,FALSE,FALSE,FALSE,FALSE,FALSE
PLANT-00697,Prunus americana,"American Plum, Wild Plum","American Plum, Wild Plum",Rosaceae,https://static.inaturalist.org/photos/6553272/medium.jpg,iNaturalist,Alabama | Arizona | Arkansas | Colorado | Connecticut | Delaware | Florida | Georgia | Illinois | Indiana | Iowa | Kansas | Kentucky | Louisiana | Maine | Maryland | Massachusetts | Michigan | Minnesota | Mississippi | Missouri | Montana | Nebraska | New Hampshire | New Jersey | New Mexico | New York | North Carolina | North Dakota | Ohio | Oklahoma | Pennsylvania | Rhode Island | South Carolina | South Dakota | Tennessee | Utah | Vermont | Virginia | Washington | West Virginia | Wisconsin | Wyoming,Tree,Tree,3,8,Low,"Moist, rich, well-drained loams.",Moist,Circumneutral (pH 6.8-7.2),TRUE,TRUE,TRUE,FALSE,TRUE,FALSE,White,FALSE,FALSE,FALSE,TRUE,TRUE,TRUE,FALSE,FALSE,FALSE,FALSE,FALSE,FALSE,FALSE,FALSE,FALSE,FALSE,FALSE,FALSE,FALSE,TRUE,FALSE
PLANT-00698,Prunus angustifolia,"Chickasaw Plum, Sandhill Plum","Chickasaw Plum, Sandhill Plum",Rosaceae,https://static.inaturalist.org/photos/115808401/medium.jpg,iNaturalist,Alabama | Arkansas | Colorado | Florida | Georgia | Illinois | Indiana | Kansas | Kentucky | Louisiana | Maryland | Mississippi | Missouri | Nebraska | New Jersey | North Carolina | Oklahoma | Pennsylvania | South Carolina | Tennessee | Texas | Virginia | West Virginia,Tree,Deciduous shrub,5,9,Low,"Sandy, loose",Dry,,TRUE,TRUE,FALSE,TRUE,TRUE,FALSE,White,FALSE,TRUE,TRUE,TRUE,TRUE,FALSE,FALSE,FALSE,FALSE,FALSE,FALSE,FALSE,FALSE,FALSE,FALSE,FALSE,FALSE,FALSE,FALSE,TRUE,FALSE
PLANT-00699,Prunus caroliniana,"Carolina Cherry-laurel, Cherry-laurel, Laurel Cherry, Carolina Laurel Cherry","Carolina Cherry-laurel, Cherry-laurel, Laurel Cherry, Carolina Laurel Cherry",Rosaceae,https://inaturalist-open-data.s3.amazonaws.com/photos/195635137/medium.jpg,iNaturalist,Alabama | Arizona | Arkansas | California | Delaware | Florida | Georgia | Kentucky | Louisiana | Maryland | Mississippi | Nevada | New Mexico | North Carolina | South Carolina | Tennessee | Texas | Utah | Virginia,Tree,Broadleaf evergreen,7,10,Low,"Moist, deep, loamy, well-drained soils. Clay Loam, Medium Loam, Sandy Loam, Sandy",Moist,,TRUE,TRUE,FALSE,FALSE,TRUE,FALSE,White,FALSE,TRUE,TRUE,TRUE,FALSE,FALSE,FALSE,FALSE,FALSE,FALSE,FALSE,FALSE,FALSE,FALSE,FALSE,FALSE,FALSE,FALSE,FALSE,TRUE,FALSE
PLANT-00700,Prunus mexicana,"Mexican Plum, Bigtree Plum, Inch Plum","Mexican Plum, Bigtree Plum, Inch Plum",Rosaceae,https://static.inaturalist.org/photos/519370/medium.jpg,iNaturalist,Alabama | Arkansas | Georgia | Illinois | Indiana | Iowa | Kansas | Kentucky | Louisiana | Minnesota | Mississippi | Missouri | Nebraska | North Carolina | Ohio | Oklahoma | South Carolina | South Dakota | Tennessee | Texas | Wisconsin,Tree,Tree,6,8,Medium,"Dry to moist, well-drained soils. Sandy, Sandy Loam, Medium Loam, Clay Loam, Clay, Limestone-based","Dry , Moist",,TRUE,TRUE,FALSE,TRUE,FALSE,FALSE,"White , Pink",FALSE,TRUE,TRUE,TRUE,FALSE,FALSE,FALSE,FALSE,FALSE,FALSE,FALSE,FALSE,FALSE,FALSE,FALSE,FALSE,FALSE,FALSE,FALSE,TRUE,FALSE
PLANT-00701,Prunus padus,bird cherry,bird cherry,,https://inaturalist-open-data.s3.amazonaws.com/photos/11624584/medium.jpg,iNaturalist,Alaska | Montana,,Tree,3,6,Low,,,,FALSE,FALSE,FALSE,FALSE,FALSE,FALSE,,FALSE,FALSE,FALSE,FALSE,FALSE,FALSE,FALSE,FALSE,FALSE,FALSE,FALSE,FALSE,FALSE,FALSE,FALSE,FALSE,FALSE,FALSE,FALSE,FALSE,FALSE
PLANT-00702,Prunus serotina,"Black Cherry, Wild Black Cherry, Rum Cherry","Black Cherry, Wild Black Cherry, Rum Cherry",Rosaceae,https://inaturalist-open-data.s3.amazonaws.com/photos/14006/medium.jpg,iNaturalist,Alabama | Arkansas | Connecticut | Delaware | Florida | Georgia | Illinois | Indiana | Iowa | Kansas | Kentucky | Louisiana | Maine | Maryland | Massachusetts | Michigan | Minnesota | Mississippi | Missouri | Nebraska | New Hampshire | New Jersey | New York | North Carolina | North Dakota | Ohio | Oklahoma | Pennsylvania | Rhode Island | South Carolina | Tennessee | Texas | Vermont | Virginia | West Virginia | Wisconsin,Tree,Tree,3,9,Low,"Well-drained soils. pH preference depends on variety and region, with Eastern Black Cherry preferring neutral to acidic, Escarpment Black Cherry rich but more calcareous limestone soils, and the Southwestern varieties accepting a broad range.","Dry , Moist","Alkaline (pH>7.2) , Acidic (pH<6.8) , Circumneutral (pH 6.8-7.2)",TRUE,TRUE,TRUE,FALSE,TRUE,FALSE,White,FALSE,FALSE,TRUE,TRUE,TRUE,TRUE,FALSE,FALSE,FALSE,FALSE,FALSE,FALSE,FALSE,FALSE,FALSE,FALSE,FALSE,FALSE,FALSE,TRUE,FALSE
PLANT-00703,Prunus virginiana,"Chokecherry, Common Chokecherry, Choke Cherry","Chokecherry, Common Chokecherry, Choke Cherry",Rosaceae,https://inaturalist-open-data.s3.amazonaws.com/photos/146282563/medium.jpg,iNaturalist,Arkansas | Connecticut | Delaware | Georgia | Illinois | Indiana | Kansas | Kentucky | Maine | Maryland | Massachusetts | Michigan | Minnesota | Missouri | Nebraska | New Hampshire | New Jersey | New York | North Carolina | North Dakota | Ohio | Oklahoma | Pennsylvania | Rhode Island | Tennessee | Vermont | Virginia | West Virginia | Wisconsin,Tree,Tree,2,7,Medium,"Rich, moist soils. Limestone-based, Sandy, Sandy Loam, Medium Loam, Clay Loam, Clay","Dry , Moist",Circumneutral (pH 6.8-7.2),TRUE,TRUE,TRUE,FALSE,TRUE,FALSE,White,FALSE,FALSE,FALSE,TRUE,TRUE,TRUE,TRUE,FALSE,FALSE,FALSE,FALSE,FALSE,FALSE,FALSE,FALSE,FALSE,FALSE,FALSE,FALSE,TRUE,FALSE
PLANT-00704,Pseudotsuga menziesii,"Douglas Fir, Blue Douglas Fir","Douglas Fir, Blue Douglas Fir",Pinaceae,https://inaturalist-open-data.s3.amazonaws.com/photos/140217013/medium.jpg,iNaturalist,Arizona | California | Colorado | Idaho | Minnesota | Nevada | New Mexico | Oregon | Texas | Utah | Washington | Wyoming,Tree,Needled evergreen,4,6,High,"Igneous, Limestone-based, Sandy, Sandy Loam, Moist, well-drained, neutral or slightly acid soils.",Dry,,FALSE,TRUE,FALSE,FALSE,TRUE,FALSE,"Red , Yellow",FALSE,FALSE,FALSE,TRUE,FALSE,FALSE,FALSE,FALSE,FALSE,FALSE,FALSE,FALSE,FALSE,FALSE,FALSE,FALSE,FALSE,FALSE,FALSE,TRUE,FALSE
PLANT-00705,Ptelea trifoliata,"Wafer Ash, Common Hoptree, Hop Tree","Wafer Ash, Common Hoptree, Hop Tree",Rutaceae,https://static.inaturalist.org/photos/6941847/medium.jpeg,iNaturalist,Alabama | Arizona | Arkansas | Colorado | Florida | Georgia | Illinois | Indiana | Iowa | Kansas | Kentucky | Louisiana | Maine | Maryland | Michigan | Minnesota | Mississippi | Missouri | New Jersey | New Mexico | New York | North Carolina | Ohio | Oklahoma | Pennsylvania | South Carolina | Tennessee | Texas | Utah | Virginia | West Virginia | Wisconsin,Tree,Tree,4,9,Low,"Moist to dry, well-drained loams. Sandy, Medium Loam Sandy Loam, Clay Loam Clay, Limestone-based, Acid-based, Calcareous.","Dry , Moist , Wet",Circumneutral (pH 6.8-7.2),TRUE,TRUE,TRUE,TRUE,TRUE,TRUE,"White , Green , Brown",FALSE,FALSE,TRUE,TRUE,TRUE,TRUE,TRUE,FALSE,FALSE,FALSE,FALSE,FALSE,FALSE,FALSE,FALSE,FALSE,FALSE,FALSE,FALSE,TRUE,FALSE
PLANT-00706,Pteridium aquilinum,"Western Bracken Fern, Bracken Fern, Western Bracken, Bracken","Western Bracken Fern, Bracken Fern, Western Bracken, Bracken",Dennstaedtiaceae,https://inaturalist-open-data.s3.amazonaws.com/photos/64559686/medium.jpg,iNaturalist,Missouri,Herb,Fern,3,10,Medium,"Acid clays, loams, and sands, preferably poor and sterile","Dry , Moist , Wet",Acidic (pH<6.8),FALSE,TRUE,TRUE,TRUE,TRUE,FALSE,Not Applicable,FALSE,FALSE,FALSE,FALSE,FALSE,FALSE,FALSE,FALSE,FALSE,FALSE,FALSE,FALSE,FALSE,FALSE,FALSE,FALSE,FALSE,FALSE,FALSE,TRUE,FALSE
PLANT-00707,Pycnanthemum incanum,"Hoary Mountain Mint, Silverleaf Mountain Mint","Hoary Mountain Mint, Silverleaf Mountain Mint",Lamiaceae,https://inaturalist-open-data.s3.amazonaws.com/photos/248768/medium.jpg,iNaturalist,Alabama | Connecticut | Delaware | Florida | Georgia | Illinois | Indiana | Kentucky | Maryland | Massachusetts | Michigan | Mississippi | New Hampshire | New Jersey | New York | North Carolina | Ohio | Pennsylvania | Rhode Island | South Carolina | Tennessee | Vermont | Virginia | West Virginia,Herb,Herbaceous perennial,4,8,Low,"Mesic to dry, rich soils.","Dry , Moist",Acidic (pH<6.8),TRUE,TRUE,FALSE,TRUE,TRUE,FALSE,"White , Purple",FALSE,FALSE,FALSE,FALSE,FALSE,TRUE,TRUE,FALSE,FALSE,FALSE,FALSE,FALSE,FALSE,FALSE,FALSE,FALSE,FALSE,FALSE,FALSE,TRUE,FALSE
PLANT-00708,Pycnanthemum muticum,Clustered Mountainmint,Clustered Mountainmint,Lamiaceae,https://static.inaturalist.org/photos/47735589/medium.jpg,iNaturalist,Alabama | Arkansas | Connecticut | Delaware | Florida | Georgia | Illinois | Kentucky | Louisiana | Maine | Maryland | Massachusetts | Michigan | Mississippi | Missouri | New Hampshire | New Jersey | New York | North Carolina | Ohio | Pennsylvania | Rhode Island | South Carolina | Tennessee | Texas | Vermont | Virginia | West Virginia,Herb,Herbaceous perennial,4,8,Low,,,,FALSE,FALSE,FALSE,FALSE,FALSE,FALSE,"White , Red , Pink , Blue , Purple",FALSE,FALSE,FALSE,FALSE,FALSE,FALSE,TRUE,TRUE,TRUE,FALSE,FALSE,FALSE,FALSE,FALSE,FALSE,FALSE,FALSE,FALSE,FALSE,TRUE,FALSE
PLANT-00709,Pycnanthemum pilosum,American mountain mint,American mountain mint,,,,Alabama | Arkansas | Connecticut | Georgia | Illinois | Iowa | Kansas | Kentucky | Michigan | Missouri | Nebraska | Ohio | Oklahoma | Tennessee | Texas,,Herbaceous perennial,4,8,Low,,,,FALSE,FALSE,FALSE,FALSE,FALSE,FALSE,,FALSE,FALSE,FALSE,FALSE,FALSE,FALSE,FALSE,FALSE,FALSE,FALSE,FALSE,FALSE,FALSE,FALSE,FALSE,FALSE,FALSE,FALSE,FALSE,FALSE,FALSE
PLANT-00710,Pycnanthemum setosum,mountain mint,mountain mint,,https://inaturalist-open-data.s3.amazonaws.com/photos/211580788/medium.jpeg,iNaturalist,Delaware | Florida | Georgia | Louisiana | Maryland | New Jersey | North Carolina | Virginia,,Herbaceous perennial,5,9,Low,,,,FALSE,FALSE,FALSE,FALSE,FALSE,FALSE,,FALSE,FALSE,FALSE,FALSE,FALSE,FALSE,FALSE,FALSE,FALSE,FALSE,FALSE,FALSE,FALSE,FALSE,FALSE,FALSE,FALSE,FALSE,FALSE,FALSE,FALSE
PLANT-00711,Pycnanthemum tenuifolium,"Narrowleaf Mountain Mint, Slender Mountain Mint, Common Horsemint","Narrowleaf Mountain Mint, Slender Mountain Mint, Common Horsemint",Lamiaceae,https://inaturalist-open-data.s3.amazonaws.com/photos/228203253/medium.jpeg,iNaturalist,Alabama | Arkansas | Connecticut | Delaware | Florida | Georgia | Illinois | Indiana | Iowa | Kansas | Kentucky | Louisiana | Maine | Maryland | Michigan | Minnesota | Mississippi | Missouri | Nebraska | New Hampshire | New Jersey | New York | North Carolina | Ohio | Oklahoma | Pennsylvania | Rhode Island | South Carolina | Tennessee | Texas | Vermont | Virginia | West Virginia | Wisconsin,Herb,Herbaceous perennial,4,8,Low,Various moist to dry soils.,"Dry , Moist",Acidic (pH<6.8),TRUE,TRUE,FALSE,FALSE,TRUE,FALSE,"White , Blue , Purple",FALSE,FALSE,FALSE,FALSE,FALSE,TRUE,TRUE,TRUE,TRUE,FALSE,FALSE,FALSE,FALSE,FALSE,FALSE,FALSE,FALSE,FALSE,FALSE,TRUE,FALSE
PLANT-00712,Pycnanthemum virginianum,Virginia Mountain Mint,Virginia Mountain Mint,Lamiaceae,https://inaturalist-open-data.s3.amazonaws.com/photos/9055947/medium.jpeg,iNaturalist,Alabama | Arkansas | Connecticut | Delaware | Georgia | Illinois | Indiana | Iowa | Kansas | Kentucky | Maine | Maryland | Michigan | Minnesota | Mississippi | Missouri | Nebraska | New Hampshire | New Jersey | New York | North Carolina | North Dakota | Ohio | Oklahoma | Pennsylvania | Rhode Island | South Dakota | Tennessee | Vermont | Virginia | West Virginia | Wisconsin,Herb,Herbaceous perennial,3,7,Low,"Moist, calcareous soils.",Moist,,FALSE,TRUE,FALSE,FALSE,FALSE,FALSE,"White , Purple",FALSE,FALSE,FALSE,FALSE,FALSE,FALSE,TRUE,TRUE,TRUE,FALSE,FALSE,FALSE,FALSE,FALSE,FALSE,FALSE,FALSE,FALSE,FALSE,TRUE,FALSE
PLANT-00713,Quercus acerifolia,maple-leaved oak,maple-leaved oak,,https://inaturalist-open-data.s3.amazonaws.com/photos/77844520/medium.jpeg,iNaturalist,Arkansas,,Tree,5,8,Low,,,,FALSE,FALSE,FALSE,FALSE,FALSE,FALSE,,FALSE,FALSE,FALSE,FALSE,FALSE,FALSE,FALSE,FALSE,FALSE,FALSE,FALSE,FALSE,FALSE,FALSE,FALSE,FALSE,FALSE,FALSE,FALSE,FALSE,FALSE
PLANT-00714,Quercus alba,"White Oak, Northern White Oak, Eastern White Oak, Stave Oak, Ridge White Oak, Forked-leaf White Oak","White Oak, Northern White Oak, Eastern White Oak, Stave Oak, Ridge White Oak, Forked-leaf White Oak",Fagaceae,https://inaturalist-open-data.s3.amazonaws.com/photos/7298947/medium.jpg,iNaturalist,Alabama | Arkansas | Connecticut | Delaware | Florida | Georgia | Illinois | Indiana | Iowa | Kansas | Kentucky | Louisiana | Maine | Maryland | Massachusetts | Michigan | Minnesota | Mississippi | Missouri | Nebraska | New Hampshire | New Jersey | New York | North Carolina | Ohio | Oklahoma | Pennsylvania | Rhode Island | South Carolina | Tennessee | Texas | Vermont | Virginia | West Virginia | Wisconsin,Tree,Tree,3,9,Medium,"Deep, moist, well-drained, loams & sands. Sandy, Sandy Loam, Medium Loam, Clay Loam, Clay, Acid-based.","Dry , Moist","Acidic (pH<6.8) , Circumneutral (pH 6.8-7.2)",TRUE,TRUE,TRUE,FALSE,TRUE,FALSE,"Red , Yellow , Green , Brown",FALSE,FALSE,TRUE,TRUE,TRUE,FALSE,FALSE,FALSE,FALSE,FALSE,FALSE,FALSE,FALSE,FALSE,FALSE,FALSE,FALSE,FALSE,FALSE,TRUE,FALSE
PLANT-00715,Quercus bicolor,Swamp White Oak,Swamp White Oak,Fagaceae,https://inaturalist-open-data.s3.amazonaws.com/photos/314396075/medium.jpg,iNaturalist,Alabama | Connecticut | Delaware | Illinois | Indiana | Iowa | Kentucky | Maine | Maryland | Massachusetts | Michigan | Minnesota | Missouri | Nebraska | New Hampshire | New Jersey | New York | North Carolina | Ohio | Pennsylvania | Rhode Island | South Carolina | Tennessee | Vermont | Virginia | West Virginia | Wisconsin,Tree,Tree,3,8,Low,"Poorly drained, heavy or fine loams or clays.",Moist,Acidic (pH<6.8),FALSE,TRUE,FALSE,FALSE,FALSE,TRUE,"Red , Yellow , Green",FALSE,FALSE,TRUE,TRUE,TRUE,FALSE,FALSE,FALSE,FALSE,FALSE,FALSE,FALSE,FALSE,FALSE,FALSE,FALSE,FALSE,FALSE,FALSE,TRUE,FALSE
PLANT-00716,Quercus coccinea,"Scarlet Oak, Red Oak","Scarlet Oak, Red Oak",Fagaceae,https://inaturalist-open-data.s3.amazonaws.com/photos/18732434/medium.jpg,iNaturalist,Alabama | Arkansas | Connecticut | Delaware | Georgia | Illinois | Indiana | Kentucky | Louisiana | Maine | Maryland | Massachusetts | Mississippi | Missouri | New Hampshire | New Jersey | New York | North Carolina | Ohio | Pennsylvania | Rhode Island | South Carolina | Tennessee | Vermont | Virginia | West Virginia | Wisconsin,Tree,Tree,4,9,Low,Shallow infertile soils over sandstone or limestone.,Moist,Acidic (pH<6.8),TRUE,FALSE,FALSE,FALSE,TRUE,FALSE,Yellow,FALSE,FALSE,TRUE,TRUE,TRUE,FALSE,FALSE,FALSE,FALSE,FALSE,FALSE,FALSE,FALSE,FALSE,FALSE,FALSE,FALSE,FALSE,FALSE,TRUE,FALSE
PLANT-00717,Quercus ellipsoidalis,"Northern Pin Oak, Black Oak, Hill's Oak","Northern Pin Oak, Black Oak, Hill's Oak",Fagaceae,https://inaturalist-open-data.s3.amazonaws.com/photos/321941633/medium.jpg,iNaturalist,Illinois | Indiana | Iowa | Michigan | Minnesota | Missouri | North Dakota | Ohio | Wisconsin,Tree,Tree,4,7,Low,"Dry, sandy soils.",Dry,Circumneutral (pH 6.8-7.2),TRUE,FALSE,FALSE,FALSE,FALSE,FALSE,"Green , Brown",FALSE,FALSE,TRUE,TRUE,TRUE,FALSE,FALSE,FALSE,FALSE,FALSE,FALSE,FALSE,FALSE,FALSE,FALSE,FALSE,FALSE,FALSE,FALSE,TRUE,FALSE
PLANT-00718,Quercus falcata,"Southern Red Oak, Bottomland Red Oak, Three-lobed Red Oak, Spanish Oak","Southern Red Oak, Bottomland Red Oak, Three-lobed Red Oak, Spanish Oak",Fagaceae,,,Alabama | Arkansas | Delaware | Florida | Georgia | Illinois | Indiana | Kentucky | Louisiana | Maryland | Mississippi | Missouri | New Jersey | North Carolina | Ohio | Oklahoma | Pennsylvania | South Carolina | Tennessee | Texas | Virginia | West Virginia,Tree,Tree,6,9,Low,"Sandy, loamy or clay soils. Acid-based, Sandy, Sandy Loam",Dry,,FALSE,TRUE,FALSE,FALSE,TRUE,FALSE,Yellow,FALSE,FALSE,TRUE,TRUE,TRUE,FALSE,FALSE,FALSE,FALSE,FALSE,FALSE,FALSE,FALSE,FALSE,FALSE,FALSE,FALSE,FALSE,FALSE,TRUE,FALSE
PLANT-00719,Quercus imbricaria,"Shingle Oak, Laurel Oak","Shingle Oak, Laurel Oak",Fagaceae,https://inaturalist-open-data.s3.amazonaws.com/photos/18739200/medium.jpg,iNaturalist,Alabama | Arkansas | Georgia | Illinois | Indiana | Iowa | Kansas | Kentucky | Louisiana | Maryland | Michigan | Mississippi | Missouri | New Jersey | North Carolina | Ohio | Oklahoma | Pennsylvania | Tennessee | Texas | Virginia | West Virginia,Tree,Tree,5,8,Low,"Moist, rich, well-drained soil.",Moist,Acidic (pH<6.8),TRUE,FALSE,FALSE,FALSE,TRUE,FALSE,Yellow,FALSE,FALSE,TRUE,TRUE,TRUE,FALSE,FALSE,FALSE,FALSE,FALSE,FALSE,FALSE,FALSE,FALSE,FALSE,FALSE,FALSE,FALSE,FALSE,TRUE,FALSE
PLANT-00720,Quercus lyrata,"Overcup Oak, Swamp Post Oak, Water White Oak, Swamp White Oak","Overcup Oak, Swamp Post Oak, Water White Oak, Swamp White Oak",Fagaceae,,,Alabama | Arkansas | Delaware | Florida | Georgia | Illinois | Indiana | Iowa | Kentucky | Louisiana | Maryland | Mississippi | Missouri | New Jersey | North Carolina | Oklahoma | South Carolina | Tennessee | Texas | Virginia,Tree,Tree,5,9,Low,Poorly drained soils.,Dry,,FALSE,TRUE,FALSE,FALSE,FALSE,TRUE,Yellow,FALSE,FALSE,TRUE,TRUE,TRUE,FALSE,FALSE,FALSE,FALSE,FALSE,FALSE,FALSE,FALSE,FALSE,FALSE,FALSE,FALSE,FALSE,FALSE,TRUE,FALSE
PLANT-00721,Quercus macrocarpa,"Bur Oak, Burr Oak, Savanna Oak, Overcup Oak, Prairie Oak, Mossy-cup Oak, Mossy-overcup Oak, Blue Oak","Bur Oak, Burr Oak, Savanna Oak, Overcup Oak, Prairie Oak, Mossy-cup Oak, Mossy-overcup Oak, Blue Oak",Fagaceae,,,Alabama | Arkansas | Connecticut | Illinois | Indiana | Iowa | Kansas | Kentucky | Louisiana | Maine | Maryland | Massachusetts | Michigan | Minnesota | Mississippi | Missouri | Montana | Nebraska | New Hampshire | New Mexico | New York | North Dakota | Ohio | Oklahoma | Pennsylvania | Rhode Island | South Dakota | Tennessee | Texas | Vermont | Virginia | West Virginia | Wisconsin | Wyoming,Tree,Tree,3,8,Low,"Various soils & moisture conditions. Sandy, Sandy Loam, Medium Loam, Clay Loam, Clay, Caliche type, Limestone-based","Dry , Moist , Wet",Acidic (pH<6.8),TRUE,TRUE,TRUE,FALSE,TRUE,FALSE,"Yellow , Green , Brown",FALSE,FALSE,TRUE,TRUE,TRUE,FALSE,FALSE,FALSE,FALSE,FALSE,FALSE,FALSE,FALSE,FALSE,FALSE,FALSE,FALSE,FALSE,FALSE,TRUE,FALSE
PLANT-00722,Quercus marilandica,"Blackjack Oak, Barren Oak, Black Oak, Jack Oak","Blackjack Oak, Barren Oak, Black Oak, Jack Oak",Fagaceae,https://inaturalist-open-data.s3.amazonaws.com/photos/72036030/medium.jpg,iNaturalist,Alabama | Arkansas | Delaware | Florida | Georgia | Illinois | Indiana | Iowa | Kansas | Kentucky | Louisiana | Maryland | Mississippi | Missouri | Nebraska | New Jersey | New York | North Carolina | Ohio | Oklahoma | Pennsylvania | South Carolina | Tennessee | Texas | Virginia | West Virginia,Tree,Tree,6,9,Low,"Variable. Gravelly, Sandy, Sandy Loam, Medium Loam, Clay Loam, Clay.",Dry,,FALSE,TRUE,FALSE,TRUE,FALSE,FALSE,"White , Red , Green",FALSE,FALSE,TRUE,TRUE,TRUE,FALSE,FALSE,FALSE,FALSE,FALSE,FALSE,FALSE,FALSE,FALSE,FALSE,FALSE,FALSE,FALSE,FALSE,TRUE,FALSE
PLANT-00723,Quercus michauxii,"Swamp Chestnut Oak, Basket Oak, Cow Oak, Swamp Oak","Swamp Chestnut Oak, Basket Oak, Cow Oak, Swamp Oak",Fagaceae,https://inaturalist-open-data.s3.amazonaws.com/photos/22485690/medium.jpg,iNaturalist,Alabama | Arkansas | Delaware | Florida | Georgia | Illinois | Indiana | Kentucky | Louisiana | Maryland | Mississippi | Missouri | New Jersey | North Carolina | Oklahoma | Pennsylvania | South Carolina | Tennessee | Texas | Virginia,Tree,Tree,5,9,Low,"Deep, rich soils. Sandy, Sandy Loam, Medium Loam, Clay Loam, Clay, Acid-based.",Moist,,FALSE,TRUE,FALSE,FALSE,TRUE,FALSE,Yellow,FALSE,FALSE,TRUE,TRUE,TRUE,FALSE,FALSE,FALSE,FALSE,FALSE,FALSE,FALSE,FALSE,FALSE,FALSE,FALSE,FALSE,FALSE,FALSE,TRUE,FALSE
PLANT-00724,Quercus montana,"Chestnut Oak, Rock Chestnut Oak, Mountain Chestnut Oak, Rock Oak, Tanbark Oak","Chestnut Oak, Rock Chestnut Oak, Mountain Chestnut Oak, Rock Oak, Tanbark Oak",Fagaceae,https://inaturalist-open-data.s3.amazonaws.com/photos/151750720/medium.jpeg,iNaturalist,Alabama | Connecticut | Delaware | Georgia | Illinois | Indiana | Kentucky | Louisiana | Maine | Maryland | Massachusetts | Michigan | Mississippi | New Hampshire | New Jersey | New York | North Carolina | Ohio | Pennsylvania | Rhode Island | South Carolina | Tennessee | Vermont | Virginia | West Virginia,Tree,Tree,4,8,Low,"Loam, Sand",Dry,,FALSE,TRUE,FALSE,FALSE,TRUE,FALSE,"Yellow , Green",FALSE,FALSE,TRUE,TRUE,TRUE,FALSE,FALSE,FALSE,FALSE,FALSE,FALSE,FALSE,FALSE,FALSE,FALSE,FALSE,FALSE,FALSE,FALSE,TRUE,FALSE
PLANT-00725,Quercus muehlenbergii,"Chinkapin Oak, Chinquapin Oak, Chestnut Oak, Yellow Chestnut Oak, Rock Chestnut Oak, Yellow Oak, Rock Oak","Chinkapin Oak, Chinquapin Oak, Chestnut Oak, Yellow Chestnut Oak, Rock Chestnut Oak, Yellow Oak, Rock Oak",Fagaceae,https://inaturalist-open-data.s3.amazonaws.com/photos/124734257/medium.jpg,iNaturalist,Alabama | Arkansas | Connecticut | Florida | Georgia | Illinois | Indiana | Iowa | Kansas | Kentucky | Louisiana | Maryland | Massachusetts | Michigan | Minnesota | Mississippi | Missouri | Nebraska | New Jersey | New Mexico | New York | North Carolina | Ohio | Oklahoma | Pennsylvania | South Carolina | Tennessee | Texas | Vermont | Virginia | West Virginia | Wisconsin,Tree,Tree,5,7,Low,Rocky or sandy soils. This oak species is localized throughout its range and seems dependent upon soil type and a pH above 6.0.,Dry,Alkaline (pH>7.2),TRUE,TRUE,FALSE,FALSE,TRUE,FALSE,"Yellow , Green , Brown",FALSE,FALSE,TRUE,TRUE,TRUE,FALSE,FALSE,FALSE,FALSE,FALSE,FALSE,FALSE,FALSE,FALSE,FALSE,FALSE,FALSE,FALSE,FALSE,TRUE,FALSE
PLANT-00726,Quercus myrtifolia,myrtle oak,myrtle oak,,https://static.inaturalist.org/photos/76268810/medium.jpeg,iNaturalist,Alabama | Florida | Georgia | Mississippi | South Carolina,,Broadleaf evergreen,8,10,Low,,,,FALSE,FALSE,FALSE,FALSE,FALSE,FALSE,,FALSE,FALSE,FALSE,FALSE,FALSE,FALSE,FALSE,FALSE,FALSE,FALSE,FALSE,FALSE,FALSE,FALSE,FALSE,FALSE,FALSE,FALSE,FALSE,FALSE,FALSE
PLANT-00727,Quercus nigra,"Water Oak, Possum Oak, Duck Oak, Punk Oak, Spotted Oak","Water Oak, Possum Oak, Duck Oak, Punk Oak, Spotted Oak",Fagaceae,https://inaturalist-open-data.s3.amazonaws.com/photos/5502529/medium.jpeg,iNaturalist,Alabama | Arkansas | Delaware | Florida | Georgia | Kentucky | Louisiana | Maryland | Mississippi | Missouri | New Jersey | North Carolina | Oklahoma | South Carolina | Tennessee | Texas | Virginia,Tree,Tree,6,9,Medium,"Deep, moist, poorly drained soils. Sandy, Sandy Loam, Medium Loam Clay Loam, Clay, Acid-based.",Wet,,FALSE,TRUE,FALSE,FALSE,FALSE,TRUE,Yellow,FALSE,FALSE,TRUE,TRUE,TRUE,FALSE,FALSE,FALSE,FALSE,FALSE,FALSE,FALSE,FALSE,FALSE,FALSE,FALSE,FALSE,FALSE,FALSE,TRUE,FALSE
PLANT-00728,Quercus palustris,"Pin Oak, Swamp Spanish Oak","Pin Oak, Swamp Spanish Oak",Fagaceae,https://inaturalist-open-data.s3.amazonaws.com/photos/23431353/medium.jpg,iNaturalist,Alabama | Arkansas | Connecticut | Delaware | Georgia | Illinois | Indiana | Iowa | Kansas | Kentucky | Maryland | Massachusetts | Michigan | Mississippi | Missouri | New Jersey | New York | North Carolina | Ohio | Oklahoma | Pennsylvania | Rhode Island | South Carolina | Tennessee | Virginia | West Virginia | Wisconsin,Tree,Tree,4,8,Medium,"Heavy, poorly drained soils.","Moist , Wet",Acidic (pH<6.8),TRUE,TRUE,TRUE,FALSE,FALSE,TRUE,"Yellow , Green , Brown",FALSE,FALSE,TRUE,TRUE,TRUE,FALSE,FALSE,FALSE,FALSE,FALSE,FALSE,FALSE,FALSE,FALSE,FALSE,FALSE,FALSE,FALSE,FALSE,TRUE,FALSE
PLANT-00729,Quercus phellos,"Willow Oak, Swamp Willow Oak, Pin Oak, Peach Oak","Willow Oak, Swamp Willow Oak, Pin Oak, Peach Oak",Fagaceae,https://inaturalist-open-data.s3.amazonaws.com/photos/149585805/medium.jpg,iNaturalist,Alabama | Arkansas | Delaware | Florida | Georgia | Illinois | Kentucky | Louisiana | Maryland | Mississippi | Missouri | New Jersey | New York | North Carolina | Oklahoma | Pennsylvania | South Carolina | Tennessee | Texas | Virginia,Tree,Tree,5,9,Low,"Moist clay or loamy, slightly acid, soils. Sandy, Sandy Loam, Medium Loam, Clay Loam, Clay, Acid-based",Moist,,FALSE,TRUE,FALSE,FALSE,FALSE,TRUE,Yellow,FALSE,FALSE,TRUE,TRUE,TRUE,FALSE,FALSE,FALSE,FALSE,FALSE,FALSE,FALSE,FALSE,FALSE,FALSE,FALSE,FALSE,FALSE,FALSE,TRUE,FALSE
PLANT-00730,Quercus rubra,Northern Red Oak,Northern Red Oak,Fagaceae,https://inaturalist-open-data.s3.amazonaws.com/photos/96523422/medium.jpeg,iNaturalist,Alabama | Arkansas | Connecticut | Delaware | Georgia | Illinois | Indiana | Iowa | Kansas | Kentucky | Louisiana | Maine | Maryland | Michigan | Minnesota | Mississippi | Missouri | Nebraska | New Hampshire | New Jersey | New York | North Carolina | Ohio | Oklahoma | Pennsylvania | Rhode Island | South Carolina | Tennessee | Vermont | Virginia | West Virginia | Wisconsin,Tree,Tree,4,8,Low,"Well-drained, loamy sands.","Dry , Moist",Acidic (pH<6.8),TRUE,TRUE,FALSE,FALSE,TRUE,FALSE,"Yellow , Green , Brown",FALSE,FALSE,TRUE,TRUE,TRUE,FALSE,FALSE,FALSE,FALSE,FALSE,FALSE,FALSE,FALSE,FALSE,FALSE,FALSE,FALSE,FALSE,FALSE,TRUE,FALSE
PLANT-00731,Quercus shumardii,"Shumard Oak, Shumard's Oak, Shumard Red Oak, Southern Red Oak, Swamp Red Oak, Spotted Oak","Shumard Oak, Shumard's Oak, Shumard Red Oak, Southern Red Oak, Swamp Red Oak, Spotted Oak",Fagaceae,https://inaturalist-open-data.s3.amazonaws.com/photos/207177890/medium.jpg,iNaturalist,Alabama | Arkansas | Delaware | Florida | Georgia | Illinois | Indiana | Kansas | Kentucky | Louisiana | Maryland | Michigan | Mississippi | Missouri | Nebraska | New York | North Carolina | Ohio | Oklahoma | Pennsylvania | South Carolina | Tennessee | Texas | Virginia | West Virginia,Tree,Tree,5,9,Low,"Sandy, Sandy Loam Medium Loam, Clay Loam, Clay, Limestone-based, Caliche type","Dry , Moist",,TRUE,TRUE,FALSE,FALSE,TRUE,FALSE,"White , Green",FALSE,FALSE,TRUE,TRUE,TRUE,FALSE,FALSE,FALSE,FALSE,FALSE,FALSE,FALSE,FALSE,FALSE,FALSE,FALSE,FALSE,FALSE,FALSE,TRUE,FALSE
PLANT-00732,Quercus stellata,"Post Oak, Iron Oak, Cross Oak","Post Oak, Iron Oak, Cross Oak",Fagaceae,https://static.inaturalist.org/photos/1351437/medium.jpg,iNaturalist,Alabama | Arkansas | Connecticut | Delaware | Florida | Georgia | Illinois | Indiana | Iowa | Kansas | Kentucky | Louisiana | Maryland | Massachusetts | Mississippi | Missouri | Nebraska | New Jersey | New York | North Carolina | Ohio | Oklahoma | Pennsylvania | Rhode Island | South Carolina | Tennessee | Texas | Virginia | West Virginia,Tree,Tree,5,9,Low,"Dry to moist, rocky or sandy soils. Sandy, Sandy Loam, Acid-based.",Dry,,FALSE,TRUE,FALSE,FALSE,TRUE,FALSE,"Yellow , Brown",FALSE,FALSE,TRUE,TRUE,TRUE,FALSE,FALSE,FALSE,FALSE,FALSE,FALSE,FALSE,FALSE,FALSE,FALSE,FALSE,FALSE,FALSE,FALSE,TRUE,FALSE
PLANT-00733,Quercus texana,"Nuttall Oak, Texas Oak","Nuttall Oak, Texas Oak",Fagaceae,https://static.inaturalist.org/photos/20604265/medium.jpeg,iNaturalist,Alabama | Arkansas | Illinois | Kentucky | Louisiana | Mississippi | Missouri | Oklahoma | Tennessee | Texas,Tree,Tree,6,9,Low,Wet clay soils along streams.,,,FALSE,TRUE,FALSE,FALSE,TRUE,FALSE,Yellow,FALSE,FALSE,TRUE,TRUE,TRUE,FALSE,FALSE,FALSE,FALSE,FALSE,FALSE,FALSE,FALSE,FALSE,FALSE,FALSE,FALSE,FALSE,FALSE,TRUE,FALSE
PLANT-00734,Quercus velutina,"Black Oak, Quercitron Oak, Yellow Oak, Smoothbark Oak, Yellowbark Oak","Black Oak, Quercitron Oak, Yellow Oak, Smoothbark Oak, Yellowbark Oak",Fagaceae,https://inaturalist-open-data.s3.amazonaws.com/photos/219545770/medium.jpeg,iNaturalist,Alabama | Arkansas | Connecticut | Delaware | Florida | Georgia | Illinois | Indiana | Iowa | Kansas | Kentucky | Louisiana | Maine | Maryland | Massachusetts | Michigan | Minnesota | Mississippi | Missouri | Nebraska | New Hampshire | New Jersey | New York | North Carolina | Ohio | Oklahoma | Pennsylvania | Rhode Island | South Carolina | Tennessee | Texas | Vermont | Virginia | West Virginia | Wisconsin,Tree,Tree,3,9,Low,"Dry, sandy to moist, rich soils.",Dry,Acidic (pH<6.8),TRUE,TRUE,FALSE,FALSE,TRUE,FALSE,"Yellow , Green , Brown",FALSE,FALSE,TRUE,TRUE,TRUE,FALSE,FALSE,FALSE,FALSE,FALSE,FALSE,FALSE,FALSE,FALSE,FALSE,FALSE,FALSE,FALSE,FALSE,TRUE,FALSE
PLANT-00735,Ratibida columnifera,"Mexican Hat, Red-spike Mexican Hat, Upright Prairie Coneflower, Prairie Coneflower, Long-headed Coneflower, Thimbleflower","Mexican Hat, Red-spike Mexican Hat, Upright Prairie Coneflower, Prairie Coneflower, Long-headed Coneflower, Thimbleflower",Asteraceae,https://static.inaturalist.org/photos/401477062/medium.jpeg,iNaturalist,Alabama | Arizona | Arkansas | California | Colorado | Connecticut | Delaware | Florida | Georgia | Idaho | Illinois | Indiana | Iowa | Kansas | Louisiana | Massachusetts | Michigan | Minnesota | Mississippi | Missouri | Montana | Nebraska | New Jersey | New Mexico | New York | North Carolina | North Dakota | Ohio | Oklahoma | Pennsylvania | South Carolina | South Dakota | Tennessee | Texas | Utah | West Virginia | Wisconsin | Wyoming,Herb,Herbaceous perennial,4,9,Medium,"Various well-drained, usually calcareous soils. Also Limestone-based, Caliche type, Clay, Clay Loam, Medium Loam, Sandy Loam, Sandy.","Dry , Moist",Circumneutral (pH 6.8-7.2),TRUE,FALSE,FALSE,FALSE,TRUE,FALSE,"Orange , Yellow , Brown",FALSE,FALSE,FALSE,FALSE,TRUE,TRUE,TRUE,TRUE,TRUE,TRUE,FALSE,FALSE,FALSE,FALSE,FALSE,FALSE,FALSE,FALSE,FALSE,TRUE,FALSE
PLANT-00736,Ratibida pinnata,"Grayhead Coneflower, Gray-headed Coneflower, Grayhead Mexican Hat, Gray-headed Mexican Hat, Pinnate Prairie Coneflower, Yellow Coneflower","Grayhead Coneflower, Gray-headed Coneflower, Grayhead Mexican Hat, Gray-headed Mexican Hat, Pinnate Prairie Coneflower, Yellow Coneflower",Asteraceae,https://inaturalist-open-data.s3.amazonaws.com/photos/148417289/medium.jpeg,iNaturalist,Alabama | Arkansas | Florida | Georgia | Illinois | Indiana | Iowa | Kansas | Kentucky | Louisiana | Michigan | Minnesota | Mississippi | Missouri | Nebraska | Ohio | Oklahoma | Pennsylvania | South Carolina | South Dakota | Tennessee | Wisconsin,Herb,Herbaceous perennial,3,8,Medium,Tolerant of a wide range of soils: sandy to clay and calcareous soils.,"Dry , Moist",,TRUE,TRUE,FALSE,FALSE,TRUE,FALSE,Yellow,FALSE,FALSE,FALSE,FALSE,TRUE,TRUE,TRUE,TRUE,TRUE,TRUE,FALSE,FALSE,FALSE,FALSE,FALSE,FALSE,FALSE,FALSE,FALSE,TRUE,FALSE
PLANT-00737,Rhapidophyllum hystrix,"Needle Palm, Blue Palmetto","Needle Palm, Blue Palmetto",Arecaceae,https://static.inaturalist.org/photos/4658008/medium.jpg,iNaturalist,Alabama | Florida | Georgia | Mississippi | South Carolina,Shrub,Palm or Cycad,6,10,High,Various wet to dry soils.,,,FALSE,TRUE,FALSE,FALSE,FALSE,FALSE,"White , Yellow",FALSE,FALSE,TRUE,TRUE,TRUE,TRUE,TRUE,TRUE,FALSE,FALSE,FALSE,FALSE,FALSE,FALSE,FALSE,FALSE,FALSE,FALSE,FALSE,TRUE,FALSE
PLANT-00738,Rhododendron arborescens,"Smooth Azalea, Sweet Azalea","Smooth Azalea, Sweet Azalea",Ericaceae,https://inaturalist-open-data.s3.amazonaws.com/photos/211468/medium.JPG,iNaturalist,Alabama | Georgia | Kentucky | Maryland | Mississippi | North Carolina | Pennsylvania | South Carolina | Tennessee | Virginia | West Virginia,Shrub,Deciduous shrub,4,7,Low,"Moist, well-drained soils.",Moist,Acidic (pH<6.8),FALSE,TRUE,FALSE,FALSE,TRUE,FALSE,"White , Pink",FALSE,FALSE,FALSE,FALSE,TRUE,TRUE,TRUE,TRUE,FALSE,FALSE,FALSE,FALSE,FALSE,FALSE,FALSE,FALSE,FALSE,FALSE,FALSE,TRUE,FALSE
PLANT-00739,Rhododendron atlanticum,"Dwarf Azalea, Coastal Azalea","Dwarf Azalea, Coastal Azalea",Ericaceae,https://inaturalist-open-data.s3.amazonaws.com/photos/188620436/medium.jpeg,iNaturalist,Delaware | Georgia | Maryland | New Jersey | North Carolina | Pennsylvania | South Carolina | Virginia,Shrub,Deciduous shrub,6,8,Low,"Well-drained, sandy soil.",Dry,Acidic (pH<6.8),FALSE,TRUE,FALSE,FALSE,FALSE,TRUE,"White , Pink",FALSE,FALSE,TRUE,TRUE,TRUE,FALSE,FALSE,FALSE,FALSE,FALSE,FALSE,FALSE,FALSE,FALSE,FALSE,FALSE,FALSE,FALSE,FALSE,TRUE,FALSE
PLANT-00740,Rhododendron austrinum,"Orange Azalea, Florida Azalea, Yellow Azalea","Orange Azalea, Florida Azalea, Yellow Azalea",Ericaceae,https://inaturalist-open-data.s3.amazonaws.com/photos/1540701/medium.jpg,iNaturalist,Alabama | Arkansas | Delaware | Florida | Georgia | Kentucky | Louisiana | Maryland | Mississippi | North Carolina | South Carolina | Tennessee | Virginia,Shrub,Deciduous shrub,6,9,Medium,"Well-drained, sandy soil.",Dry,Acidic (pH<6.8),FALSE,TRUE,FALSE,FALSE,FALSE,FALSE,"White , Red , Orange , Yellow",FALSE,FALSE,TRUE,TRUE,TRUE,FALSE,FALSE,FALSE,FALSE,FALSE,FALSE,FALSE,FALSE,FALSE,FALSE,FALSE,FALSE,FALSE,FALSE,TRUE,FALSE
PLANT-00741,Rhododendron calendulaceum,Flame Azalea,Flame Azalea,Ericaceae,https://static.inaturalist.org/photos/23050389/medium.jpg,iNaturalist,Alabama | Georgia | Kentucky | Maryland | North Carolina | Ohio | Pennsylvania | South Carolina | Tennessee | Virginia | West Virginia,Shrub,Deciduous shrub,5,7,Low,Well-drained soil.,Moist,Acidic (pH<6.8),FALSE,TRUE,FALSE,FALSE,FALSE,FALSE,"Red , Orange , Yellow",FALSE,FALSE,TRUE,TRUE,TRUE,TRUE,TRUE,TRUE,FALSE,FALSE,FALSE,FALSE,FALSE,FALSE,FALSE,FALSE,FALSE,FALSE,FALSE,TRUE,FALSE
PLANT-00742,Rhododendron canescens,"Mountain Azalea, Wild Azalea, Honeysuckle Azalea, Piedmont Azalea, Sweet Azalea, Hoary Azalea, Southern Pinxterflower","Mountain Azalea, Wild Azalea, Honeysuckle Azalea, Piedmont Azalea, Sweet Azalea, Hoary Azalea, Southern Pinxterflower",Ericaceae,https://inaturalist-open-data.s3.amazonaws.com/photos/1650298/medium.JPG,iNaturalist,Alabama | Arkansas | Delaware | Florida | Georgia | Illinois | Kentucky | Louisiana | Maryland | Mississippi | North Carolina | Oklahoma | Pennsylvania | South Carolina | Tennessee | Texas,Shrub,Deciduous shrub,5,9,Medium,"Moist, well-drained soil. . Acid-based, Sandy, Sandy Loam, Medium Loam",Dry,Acidic (pH<6.8),FALSE,TRUE,FALSE,FALSE,TRUE,FALSE,"White , Pink",FALSE,FALSE,TRUE,TRUE,TRUE,FALSE,FALSE,FALSE,FALSE,FALSE,FALSE,FALSE,FALSE,FALSE,FALSE,FALSE,FALSE,FALSE,FALSE,TRUE,FALSE
PLANT-00743,Rhododendron catawbiense,"Catawba Rosebay, Purple Rhododendron, Red Laurel, Catawba Rhododendron, Mountain Rosebay","Catawba Rosebay, Purple Rhododendron, Red Laurel, Catawba Rhododendron, Mountain Rosebay",Ericaceae,https://inaturalist-open-data.s3.amazonaws.com/photos/86538698/medium.jpg,iNaturalist,Alabama | Georgia | Kentucky | Massachusetts | North Carolina | South Carolina | Tennessee | Virginia | West Virginia,Shrub,Broadleaf evergreen,4,8,Medium,Various well-drained soils.,,Acidic (pH<6.8),FALSE,FALSE,TRUE,FALSE,FALSE,FALSE,"Pink , Purple",FALSE,FALSE,TRUE,TRUE,TRUE,TRUE,FALSE,FALSE,FALSE,FALSE,FALSE,FALSE,FALSE,FALSE,FALSE,FALSE,FALSE,FALSE,FALSE,TRUE,FALSE
PLANT-00744,Rhododendron flammeum,"Piedmont Azalea, Oconee Azalea","Piedmont Azalea, Oconee Azalea",Ericaceae,https://static.inaturalist.org/photos/195490719/medium.jpg,iNaturalist,Georgia | South Carolina,Shrub,Deciduous shrub,6,7,Medium,,,,FALSE,FALSE,FALSE,FALSE,FALSE,FALSE,"Red , Orange , Yellow",FALSE,FALSE,TRUE,TRUE,TRUE,FALSE,FALSE,FALSE,FALSE,FALSE,FALSE,FALSE,FALSE,FALSE,FALSE,FALSE,FALSE,FALSE,FALSE,TRUE,FALSE
PLANT-00745,Rhododendron maximum,"Great Laurel, Wild Rhododendron, Rosebay Rhododendron, White Laurel, Rosebay","Great Laurel, Wild Rhododendron, Rosebay Rhododendron, White Laurel, Rosebay",Ericaceae,,,Alabama | Connecticut | Georgia | Kentucky | Maine | Maryland | Massachusetts | New Hampshire | New Jersey | New York | North Carolina | Ohio | Pennsylvania | Rhode Island | South Carolina | Tennessee | Vermont | Virginia | West Virginia,Shrub,Broadleaf evergreen,3,7,Medium,"Cool, moist, well-drained soil.","Moist , Wet",Acidic (pH<6.8),FALSE,TRUE,FALSE,FALSE,TRUE,FALSE,"White , Pink",FALSE,FALSE,FALSE,FALSE,FALSE,TRUE,TRUE,TRUE,FALSE,FALSE,FALSE,FALSE,FALSE,FALSE,FALSE,FALSE,FALSE,FALSE,FALSE,TRUE,FALSE
PLANT-00746,Rhododendron periclymenoides,"Pink Azalea, Pinxterbloom Azalea, Pinxterflower","Pink Azalea, Pinxterbloom Azalea, Pinxterflower",Ericaceae,https://inaturalist-open-data.s3.amazonaws.com/photos/69075198/medium.jpg,iNaturalist,Alabama | Connecticut | Delaware | Georgia | Illinois | Kentucky | Maryland | Massachusetts | New Hampshire | New Jersey | New York | North Carolina | Ohio | Pennsylvania | Rhode Island | South Carolina | Tennessee | Vermont | Virginia | West Virginia,Shrub,Deciduous shrub,4,9,Low,Various well-drained soils.,Wet,Acidic (pH<6.8),FALSE,TRUE,FALSE,TRUE,FALSE,FALSE,"White , Pink",FALSE,FALSE,TRUE,TRUE,TRUE,FALSE,FALSE,FALSE,FALSE,FALSE,FALSE,FALSE,FALSE,FALSE,FALSE,FALSE,FALSE,FALSE,FALSE,TRUE,FALSE
PLANT-00747,Rhododendron prinophyllum,"Early Azalea, Roseshell Azalea, Woolly Azalea","Early Azalea, Roseshell Azalea, Woolly Azalea",Ericaceae,https://inaturalist-open-data.s3.amazonaws.com/photos/3904098/medium.jpg,iNaturalist,Alabama | Arkansas | Connecticut | Delaware | Georgia | Illinois | Kentucky | Maine | Maryland | Massachusetts | Missouri | New Hampshire | New Jersey | New York | North Carolina | Ohio | Pennsylvania | Rhode Island | Tennessee | Texas | Vermont | Virginia | West Virginia,Shrub,Deciduous shrub,3,8,Medium,"Thin, well-drained soils.",Moist,Circumneutral (pH 6.8-7.2),FALSE,FALSE,TRUE,FALSE,FALSE,FALSE,"White , Pink",FALSE,FALSE,TRUE,TRUE,TRUE,TRUE,FALSE,FALSE,FALSE,FALSE,FALSE,FALSE,FALSE,FALSE,FALSE,FALSE,FALSE,FALSE,FALSE,TRUE,FALSE
PLANT-00748,Rhododendron viscosum,"Swamp Azalea, Clammy Azalea, Cory Azalea, Hammock Sweet Azalea","Swamp Azalea, Clammy Azalea, Cory Azalea, Hammock Sweet Azalea",Ericaceae,https://static.inaturalist.org/photos/42976725/medium.jpg,iNaturalist,Alabama | Arkansas | Connecticut | Delaware | Florida | Georgia | Louisiana | Maine | Maryland | Massachusetts | Mississippi | New Hampshire | New Jersey | New York | North Carolina | Oklahoma | Pennsylvania | Rhode Island | South Carolina | Tennessee | Texas | Virginia | West Virginia,Shrub,Deciduous shrub,4,9,Medium,Wet soil.,Wet,Acidic (pH<6.8),FALSE,TRUE,FALSE,FALSE,FALSE,TRUE,"White , Pink",FALSE,FALSE,FALSE,FALSE,TRUE,TRUE,TRUE,TRUE,FALSE,FALSE,FALSE,FALSE,FALSE,FALSE,FALSE,FALSE,FALSE,FALSE,FALSE,TRUE,FALSE
PLANT-00749,Rhus aromatica,"Fragrant Sumac, Aromatic Sumac, Lemon Sumac, Polecat Bush","Fragrant Sumac, Aromatic Sumac, Lemon Sumac, Polecat Bush",Anacardiaceae,https://inaturalist-open-data.s3.amazonaws.com/photos/310253516/medium.jpg,iNaturalist,Alabama | Arkansas | Connecticut | Florida | Georgia | Illinois | Indiana | Iowa | Kansas | Kentucky | Louisiana | Maryland | Massachusetts | Michigan | Minnesota | Mississippi | Missouri | New Hampshire | New Jersey | New York | North Carolina | Ohio | Oklahoma | Pennsylvania | South Carolina | Tennessee | Texas | Vermont | Virginia | West Virginia | Wisconsin,Shrub,Deciduous shrub,3,9,Low,"Dry, rocky soils. Sandy, Sandy Loam, Medium Loam, Clay Loam Clay, Rocky, Caliche type, Limestone-based","Dry , Moist",Circumneutral (pH 6.8-7.2),TRUE,TRUE,TRUE,TRUE,FALSE,FALSE,Yellow,FALSE,FALSE,FALSE,TRUE,TRUE,TRUE,FALSE,FALSE,FALSE,FALSE,FALSE,FALSE,FALSE,FALSE,FALSE,FALSE,FALSE,FALSE,FALSE,TRUE,FALSE
PLANT-00750,Rhus copallinum,"Winged Sumac, Shining Sumac, Flameleaf Sumac, Mountain Sumac, Dwarf Sumac, Wing-rib Sumac, Black Sumac, Upland Sumac","Winged Sumac, Shining Sumac, Flameleaf Sumac, Mountain Sumac, Dwarf Sumac, Wing-rib Sumac, Black Sumac, Upland Sumac",Anacardiaceae,https://inaturalist-open-data.s3.amazonaws.com/photos/149017043/medium.jpg,iNaturalist,Alabama | Arkansas | Connecticut | Delaware | Florida | Georgia | Illinois | Indiana | Iowa | Kansas | Kentucky | Louisiana | Maine | Maryland | Massachusetts | Michigan | Mississippi | Missouri | Nebraska | New Hampshire | New Jersey | New York | North Carolina | Ohio | Oklahoma | Pennsylvania | Rhode Island | South Carolina | Tennessee | Texas | Vermont | Virginia | West Virginia | Wisconsin,Shrub,Deciduous shrub,4,9,Medium,"Rocky, poor soils.",Dry,,TRUE,FALSE,FALSE,TRUE,FALSE,FALSE,"Yellow , Green",FALSE,FALSE,FALSE,FALSE,FALSE,FALSE,TRUE,TRUE,FALSE,FALSE,FALSE,FALSE,FALSE,FALSE,FALSE,FALSE,FALSE,FALSE,FALSE,TRUE,FALSE
PLANT-00751,Rhus copallinum var. latifolia,dwarf sumac,dwarf sumac,,,,Alabama | Arkansas | Connecticut | Florida | Georgia | Illinois | Indiana | Iowa | Kansas | Kentucky | Louisiana | Maine | Massachusetts | Michigan | Mississippi | Missouri | Nebraska | New Hampshire | New York | North Carolina | Ohio | Oklahoma | Pennsylvania | Rhode Island | South Carolina | Tennessee | Texas | Vermont | Virginia | West Virginia | Wisconsin,,Deciduous shrub,4,9,Low,,,,FALSE,FALSE,FALSE,FALSE,FALSE,FALSE,,FALSE,FALSE,FALSE,FALSE,FALSE,FALSE,FALSE,FALSE,FALSE,FALSE,FALSE,FALSE,FALSE,FALSE,FALSE,FALSE,FALSE,FALSE,FALSE,FALSE,FALSE
PLANT-00752,Rhus glabra,Smooth Sumac,Smooth Sumac,Anacardiaceae,https://inaturalist-open-data.s3.amazonaws.com/photos/389287395/medium.jpg,iNaturalist,Alabama | Arizona | Arkansas | California | Colorado | Connecticut | Delaware | Florida | Georgia | Idaho | Illinois | Indiana | Iowa | Kansas | Kentucky | Louisiana | Maine | Maryland | Massachusetts | Michigan | Minnesota | Mississippi | Missouri | Montana | Nebraska | Nevada | New Hampshire | New Jersey | New Mexico | New York | North Carolina | North Dakota | Ohio | Oklahoma | Oregon | Pennsylvania | Rhode Island | South Carolina | South Dakota | Tennessee | Texas | Utah | Vermont | Virginia | Washington | West Virginia | Wisconsin | Wyoming,Shrub,Deciduous shrub,3,9,Medium,"Most dry soils. Sandy, Sandy Loam Medium Loam, Clay Loam, Clay, Caliche type",Dry,Circumneutral (pH 6.8-7.2),TRUE,TRUE,TRUE,TRUE,FALSE,FALSE,"White , Yellow , Green , Brown",FALSE,FALSE,FALSE,TRUE,TRUE,TRUE,TRUE,TRUE,FALSE,FALSE,FALSE,FALSE,TRUE,FALSE,FALSE,FALSE,FALSE,FALSE,FALSE,TRUE,TRUE
PLANT-00753,Rhus typhina,"Staghorn Sumac, Velvet Sumac","Staghorn Sumac, Velvet Sumac",Anacardiaceae,https://inaturalist-open-data.s3.amazonaws.com/photos/41368056/medium.jpg,iNaturalist,Alabama | Connecticut | Delaware | Georgia | Illinois | Indiana | Iowa | Kentucky | Maine | Maryland | Massachusetts | Michigan | Minnesota | Mississippi | Missouri | New Hampshire | New Jersey | New York | North Carolina | Ohio | Pennsylvania | Rhode Island | South Carolina | Tennessee | Vermont | Virginia | West Virginia | Wisconsin,Shrub,Deciduous shrub,3,8,Medium,"Dry, rocky or gravelly soils.",Dry,Circumneutral (pH 6.8-7.2),TRUE,TRUE,TRUE,TRUE,FALSE,FALSE,"Red , Yellow , Green",FALSE,FALSE,FALSE,FALSE,FALSE,TRUE,TRUE,FALSE,FALSE,FALSE,FALSE,FALSE,FALSE,FALSE,FALSE,FALSE,FALSE,FALSE,FALSE,TRUE,FALSE
PLANT-00754,Ribes aureum,Golden Currant,Golden Currant,Grossulariaceae,https://inaturalist-open-data.s3.amazonaws.com/photos/497524076/medium.jpg,iNaturalist,Arizona | California | Colorado | Idaho | Missouri | Montana | Nevada | New Mexico | Oregon | South Dakota | Texas | Utah | Washington | Wyoming,Shrub,Deciduous shrub,4,8,Medium,Moist to drier soils.,"Dry , Moist",,TRUE,TRUE,FALSE,TRUE,FALSE,FALSE,"Red , Orange , Yellow",FALSE,FALSE,TRUE,TRUE,TRUE,TRUE,TRUE,FALSE,FALSE,FALSE,FALSE,FALSE,FALSE,FALSE,FALSE,FALSE,FALSE,FALSE,FALSE,TRUE,FALSE
PLANT-00755,Ribes missouriense,Missouri Gooseberry,Missouri Gooseberry,Grossulariaceae,,,Arkansas | Illinois | Indiana | Iowa | Kansas | Kentucky | Michigan | Minnesota | Missouri | Nebraska | New Jersey | North Dakota | Ohio | Oklahoma | Pennsylvania | South Dakota | Tennessee | Virginia | West Virginia | Wisconsin,Shrub,Deciduous shrub,4,7,Medium,Variable.,,Circumneutral (pH 6.8-7.2),FALSE,TRUE,FALSE,FALSE,FALSE,FALSE,"White , Pink , Green",FALSE,FALSE,FALSE,TRUE,TRUE,TRUE,FALSE,FALSE,FALSE,FALSE,FALSE,FALSE,FALSE,FALSE,FALSE,FALSE,FALSE,FALSE,FALSE,TRUE,FALSE
PLANT-00756,Ribes odoratum,clove currant,clove currant,,,,Arkansas | Colorado | Connecticut | Illinois | Indiana | Iowa | Kansas | Maryland | Massachusetts | Michigan | Minnesota | Missouri | Montana | Nebraska | New Mexico | New York | North Dakota | Ohio | Oklahoma | Pennsylvania | South Dakota | Tennessee | Texas | Vermont | Wisconsin | Wyoming,,Deciduous shrub,4,8,Low,,,,FALSE,FALSE,FALSE,FALSE,FALSE,FALSE,,FALSE,FALSE,FALSE,FALSE,FALSE,FALSE,FALSE,FALSE,FALSE,FALSE,FALSE,FALSE,FALSE,FALSE,FALSE,FALSE,FALSE,FALSE,FALSE,FALSE,FALSE
PLANT-00757,Robinia hispida,"Bristly Locust, Standing Sweet Pea","Bristly Locust, Standing Sweet Pea",Fabaceae,https://static.inaturalist.org/photos/196049605/medium.jpg,iNaturalist,Alabama | Georgia | Kentucky | North Carolina | South Carolina | Tennessee | Virginia,Shrub,Deciduous shrub,5,8,Medium,Sandy or thin soils.,,Circumneutral (pH 6.8-7.2),TRUE,FALSE,FALSE,FALSE,FALSE,FALSE,"Red , Pink , Purple",FALSE,FALSE,FALSE,TRUE,TRUE,TRUE,TRUE,FALSE,FALSE,FALSE,FALSE,FALSE,FALSE,FALSE,FALSE,FALSE,FALSE,FALSE,FALSE,TRUE,FALSE
PLANT-00758,Robinia pseudoacacia,Black Locust,Black Locust,Fabaceae,https://inaturalist-open-data.s3.amazonaws.com/photos/37431398/medium.jpeg,iNaturalist,Alabama | Arkansas | Georgia | Illinois | Indiana | Kentucky | Maryland | Missouri | North Carolina | Ohio | Pennsylvania | South Carolina | Tennessee | Virginia | West Virginia,Tree,Tree,3,8,Medium,"Moist, rich to dry, rocky soils.","Dry , Moist",Circumneutral (pH 6.8-7.2),TRUE,FALSE,FALSE,FALSE,TRUE,FALSE,White,FALSE,FALSE,FALSE,TRUE,TRUE,TRUE,FALSE,FALSE,FALSE,FALSE,FALSE,FALSE,FALSE,FALSE,FALSE,FALSE,FALSE,FALSE,FALSE,TRUE,FALSE
PLANT-00759,Rosa carolina,"Carolina Rose, Pasture Rose","Carolina Rose, Pasture Rose",Rosaceae,https://static.inaturalist.org/photos/42238806/medium.jpg,iNaturalist,Alabama | Arkansas | Connecticut | Delaware | Florida | Georgia | Illinois | Indiana | Iowa | Kansas | Kentucky | Louisiana | Maine | Maryland | Massachusetts | Michigan | Minnesota | Mississippi | Missouri | Nebraska | New Hampshire | New Jersey | New York | North Carolina | Ohio | Oklahoma | Pennsylvania | Rhode Island | South Carolina | Tennessee | Texas | Vermont | Virginia | West Virginia | Wisconsin,Shrub,Deciduous shrub,4,9,Medium,"Rocky or sandy, well-drained soils.","Dry , Moist , Wet",Acidic (pH<6.8),TRUE,TRUE,FALSE,TRUE,FALSE,FALSE,Pink,FALSE,FALSE,FALSE,FALSE,TRUE,TRUE,TRUE,TRUE,FALSE,FALSE,FALSE,FALSE,FALSE,FALSE,FALSE,FALSE,FALSE,FALSE,FALSE,TRUE,FALSE
PLANT-00760,Rosa palustris,Swamp Rose,Swamp Rose,Rosaceae,https://inaturalist-open-data.s3.amazonaws.com/photos/241284130/medium.jpg,iNaturalist,Alabama | Arkansas | Connecticut | Delaware | Florida | Georgia | Illinois | Indiana | Iowa | Kentucky | Louisiana | Maine | Maryland | Massachusetts | Michigan | Mississippi | Missouri | New Hampshire | New Jersey | New York | North Carolina | Ohio | Oklahoma | Pennsylvania | Rhode Island | South Carolina | Tennessee | Vermont | Virginia | West Virginia,Shrub,Deciduous shrub,4,9,Medium,"Wet, rich soils.","Moist , Wet",,TRUE,TRUE,TRUE,FALSE,TRUE,FALSE,Pink,FALSE,FALSE,FALSE,FALSE,TRUE,TRUE,TRUE,TRUE,FALSE,FALSE,FALSE,FALSE,FALSE,FALSE,FALSE,FALSE,FALSE,FALSE,FALSE,TRUE,FALSE
PLANT-00761,Rosa setigera,"Climbing Prairie Rose, Climbing Rose, Prairie Rose","Climbing Prairie Rose, Climbing Rose, Prairie Rose",Rosaceae,https://inaturalist-open-data.s3.amazonaws.com/photos/137275/medium.jpg,iNaturalist,Alabama | Arkansas | Connecticut | Delaware | Florida | Georgia | Illinois | Indiana | Kansas | Kentucky | Louisiana | Michigan | Mississippi | Missouri | New Jersey | New York | Ohio | Oklahoma | South Carolina | Tennessee | Texas | Virginia | West Virginia,Shrub,Deciduous shrub,5,8,Medium,"Clay, Sand, Loam","Dry , Moist",,TRUE,TRUE,TRUE,TRUE,FALSE,FALSE,"White , Pink",FALSE,FALSE,FALSE,FALSE,TRUE,TRUE,TRUE,TRUE,FALSE,FALSE,FALSE,FALSE,FALSE,FALSE,FALSE,FALSE,FALSE,FALSE,FALSE,TRUE,FALSE
PLANT-00762,Rubus odoratus,"Purple-flowering Raspberry, Thimbleberry","Purple-flowering Raspberry, Thimbleberry",Rosaceae,https://inaturalist-open-data.s3.amazonaws.com/photos/17302/medium.jpg,iNaturalist,Alabama | Connecticut | Delaware | Georgia | Illinois | Indiana | Kentucky | Maine | Maryland | Massachusetts | Michigan | New Hampshire | New Jersey | New York | North Carolina | Ohio | Pennsylvania | Rhode Island | Tennessee | Vermont | Virginia | Washington | West Virginia | Wisconsin,Subshrub,Deciduous shrub,3,8,Low,"Gravelly, sandy, or deep forest loams.",Moist,Acidic (pH<6.8),TRUE,TRUE,TRUE,FALSE,TRUE,FALSE,"Pink , Purple",FALSE,FALSE,FALSE,FALSE,FALSE,TRUE,TRUE,TRUE,FALSE,FALSE,FALSE,FALSE,FALSE,FALSE,FALSE,FALSE,FALSE,FALSE,FALSE,TRUE,FALSE
PLANT-00763,Rubus parviflorus,"Western Thimbleberry, Thimbleberry","Western Thimbleberry, Thimbleberry",Rosaceae,https://static.inaturalist.org/photos/508162072/medium.jpg,iNaturalist,Alaska | Arizona | California | Colorado | Idaho | Illinois | Iowa | Massachusetts | Michigan | Minnesota | Montana | Nevada | New Mexico | Oregon | South Dakota | Utah | Washington | Wisconsin | Wyoming,Subshrub,Deciduous shrub,3,10,Medium,Rocky soils.,"Dry , Moist",,TRUE,TRUE,TRUE,FALSE,FALSE,TRUE,White,FALSE,FALSE,FALSE,FALSE,TRUE,TRUE,TRUE,TRUE,FALSE,FALSE,FALSE,FALSE,FALSE,FALSE,FALSE,FALSE,FALSE,FALSE,FALSE,TRUE,FALSE
PLANT-00764,Rudbeckia fulgida,"Orange Coneflower, Orange Rudbeckia, Perennial Black-eyed Susan","Orange Coneflower, Orange Rudbeckia, Perennial Black-eyed Susan",Asteraceae,,,Alabama | Arkansas | Delaware | Florida | Georgia | Illinois | Indiana | Iowa | Kentucky | Maryland | Michigan | Mississippi | Missouri | New Jersey | North Carolina | Ohio | Oklahoma | Pennsylvania | South Carolina | Tennessee | Texas | Virginia | West Virginia | Wisconsin,Herb,Herbaceous perennial,3,9,Low,Various soils.,Moist,,TRUE,FALSE,FALSE,FALSE,FALSE,FALSE,"Orange , Yellow",FALSE,FALSE,FALSE,FALSE,FALSE,FALSE,TRUE,TRUE,TRUE,TRUE,FALSE,FALSE,TRUE,FALSE,FALSE,FALSE,FALSE,FALSE,FALSE,TRUE,TRUE
PLANT-00765,Rudbeckia fulgida var. sullivantii,black-eyed Susan,black-eyed Susan,,,,Arkansas | Illinois | Indiana | Michigan | Missouri | New York | Ohio | Pennsylvania | West Virginia,,Herbaceous perennial,3,9,Low,,,,FALSE,FALSE,FALSE,FALSE,FALSE,FALSE,,FALSE,FALSE,FALSE,FALSE,FALSE,FALSE,FALSE,FALSE,FALSE,FALSE,FALSE,FALSE,FALSE,FALSE,FALSE,FALSE,FALSE,FALSE,FALSE,FALSE,FALSE
PLANT-00766,Rudbeckia fulgida var. umbrosa,Appalachian black-eyed Susan,Appalachian black-eyed Susan,,,,Alabama | Arkansas | Georgia | Indiana | Kentucky | Mississippi | Missouri | North Carolina | Ohio | South Carolina | Tennessee | Virginia,,Herbaceous perennial,3,9,Low,,,,FALSE,FALSE,FALSE,FALSE,FALSE,FALSE,,FALSE,FALSE,FALSE,FALSE,FALSE,FALSE,FALSE,FALSE,FALSE,FALSE,FALSE,FALSE,FALSE,FALSE,FALSE,FALSE,FALSE,FALSE,FALSE,FALSE,FALSE
PLANT-00767,Rudbeckia hirta,"Black-eyed Susan, Common Black-eyed Susan, Brown-eyed Susan, Blackeyed Susan","Black-eyed Susan, Common Black-eyed Susan, Brown-eyed Susan, Blackeyed Susan",Asteraceae,,,Alabama | Arkansas | Colorado | Connecticut | Delaware | Florida | Georgia | Illinois | Indiana | Iowa | Kansas | Kentucky | Louisiana | Maine | Maryland | Massachusetts | Michigan | Minnesota | Mississippi | Missouri | Nebraska | New Hampshire | New Jersey | New Mexico | New York | North Carolina | North Dakota | Ohio | Oklahoma | Pennsylvania | Rhode Island | South Carolina | South Dakota | Tennessee | Texas | Vermont | Virginia | West Virginia | Wisconsin | Wyoming,Perennial,Herbaceous perennial,3,7,Low,"Moist to dry, well-drained soils. Juglones tolerant","Dry , Moist",Acidic (pH<6.8),TRUE,FALSE,FALSE,FALSE,TRUE,FALSE,"Red , Orange , Yellow",FALSE,FALSE,TRUE,TRUE,TRUE,TRUE,TRUE,TRUE,TRUE,TRUE,TRUE,FALSE,FALSE,FALSE,FALSE,FALSE,FALSE,FALSE,FALSE,TRUE,FALSE
PLANT-00768,Rudbeckia laciniata,"Green-headed Coneflower, Greenhead Coneflower, Cutleaf Coneflower, Wild Goldenglow, Sochan","Green-headed Coneflower, Greenhead Coneflower, Cutleaf Coneflower, Wild Goldenglow, Sochan",Asteraceae,https://inaturalist-open-data.s3.amazonaws.com/photos/234705640/medium.jpg,iNaturalist,Alabama | Arizona | Arkansas | Colorado | Connecticut | Delaware | Florida | Georgia | Idaho | Illinois | Indiana | Iowa | Kansas | Kentucky | Louisiana | Maine | Maryland | Massachusetts | Michigan | Minnesota | Mississippi | Missouri | Montana | Nebraska | New Hampshire | New Jersey | New Mexico | New York | North Carolina | North Dakota | Ohio | Oklahoma | Pennsylvania | Rhode Island | South Carolina | South Dakota | Tennessee | Texas | Utah | Vermont | Virginia | Washington | West Virginia | Wisconsin | Wyoming,Herb,Herbaceous perennial,3,9,Medium,"Moist, slightly acid soil.",Moist,Acidic (pH<6.8),TRUE,TRUE,TRUE,TRUE,FALSE,FALSE,Yellow,FALSE,FALSE,FALSE,FALSE,FALSE,TRUE,TRUE,TRUE,TRUE,TRUE,TRUE,FALSE,FALSE,FALSE,FALSE,FALSE,FALSE,FALSE,FALSE,TRUE,FALSE
PLANT-00769,Rudbeckia maxima,"Giant Coneflower, Great Coneflower, Giant Brown-eyed Susan, Cabbage Coneflower","Giant Coneflower, Great Coneflower, Giant Brown-eyed Susan, Cabbage Coneflower",Asteraceae,https://inaturalist-open-data.s3.amazonaws.com/photos/134071315/medium.jpg,iNaturalist,Arkansas | Louisiana | Oklahoma | South Carolina | Texas,Herb,Herbaceous perennial,4,9,Low,,Moist,,TRUE,TRUE,FALSE,FALSE,FALSE,TRUE,"Yellow , Brown",FALSE,FALSE,TRUE,TRUE,TRUE,TRUE,TRUE,TRUE,TRUE,FALSE,FALSE,FALSE,FALSE,FALSE,FALSE,FALSE,FALSE,FALSE,FALSE,TRUE,FALSE
PLANT-00770,Rudbeckia missouriensis,"Missouri Coneflower, Missouri Orange Coneflower","Missouri Coneflower, Missouri Orange Coneflower",Asteraceae,,,Arkansas | Illinois | Louisiana | Missouri | Oklahoma | Texas,Herb,Herbaceous perennial,5,8,Low,,,,FALSE,FALSE,FALSE,FALSE,FALSE,FALSE,"Orange , Yellow , Brown",FALSE,FALSE,FALSE,FALSE,TRUE,TRUE,TRUE,TRUE,TRUE,TRUE,TRUE,FALSE,FALSE,FALSE,FALSE,FALSE,FALSE,FALSE,FALSE,TRUE,FALSE
PLANT-00771,Rudbeckia subtomentosa,"Sweet Coneflower, Sweet Black-eyed Susan","Sweet Coneflower, Sweet Black-eyed Susan",Asteraceae,https://static.inaturalist.org/photos/9999597/medium.jpeg,iNaturalist,Arkansas | Illinois | Indiana | Iowa | Kansas | Kentucky | Louisiana | Michigan | Mississippi | Missouri | Oklahoma | Tennessee | Texas | Wisconsin,Herb,Herbaceous perennial,4,8,Low,Moist soils.,Moist,,FALSE,TRUE,FALSE,FALSE,FALSE,FALSE,Yellow,FALSE,FALSE,FALSE,FALSE,FALSE,FALSE,TRUE,TRUE,TRUE,TRUE,TRUE,FALSE,FALSE,FALSE,FALSE,FALSE,FALSE,FALSE,FALSE,TRUE,FALSE
PLANT-00772,Rudbeckia triloba,"Browneyed Susan, Brown-eyed-susan, Thin-leaved Coneflower, Three-lobed Rudbeckia","Browneyed Susan, Brown-eyed-susan, Thin-leaved Coneflower, Three-lobed Rudbeckia",Asteraceae,https://inaturalist-open-data.s3.amazonaws.com/photos/4749943/medium.jpeg,iNaturalist,Alabama | Arkansas | Colorado | Connecticut | Delaware | Florida | Georgia | Illinois | Indiana | Iowa | Kansas | Kentucky | Louisiana | Maryland | Massachusetts | Michigan | Minnesota | Mississippi | Missouri | Nebraska | New Jersey | New York | North Carolina | Ohio | Oklahoma | Pennsylvania | South Carolina | Tennessee | Texas | Utah | Vermont | Virginia | West Virginia | Wisconsin,Herb,Herbaceous perennial,4,8,Low,Moist soils.,"Dry , Moist",,TRUE,TRUE,FALSE,FALSE,FALSE,FALSE,"Red , Yellow , Brown",FALSE,FALSE,FALSE,FALSE,FALSE,TRUE,TRUE,TRUE,TRUE,TRUE,TRUE,FALSE,FALSE,FALSE,FALSE,FALSE,FALSE,FALSE,FALSE,TRUE,FALSE
PLANT-00773,Ruellia humilis,"Prairie Petunia, Fringeleaf Wild Petunia, Hairy Ruellia, Low Wild Petunia, Low Ruellia, Fringeleaf Ruellia, Fringe-leaf Wild Petunia","Prairie Petunia, Fringeleaf Wild Petunia, Hairy Ruellia, Low Wild Petunia, Low Ruellia, Fringeleaf Ruellia, Fringe-leaf Wild Petunia",Acanthaceae,https://static.inaturalist.org/photos/415628928/medium.jpeg,iNaturalist,Alabama | Arkansas | Florida | Georgia | Illinois | Indiana | Iowa | Kansas | Kentucky | Louisiana | Maryland | Michigan | Minnesota | Mississippi | Missouri | Nebraska | New Jersey | North Carolina | Ohio | Oklahoma | Pennsylvania | Tennessee | Texas | Virginia | West Virginia | Wisconsin,Herb,Herbaceous perennial,4,8,Medium,,Moist,,FALSE,TRUE,FALSE,TRUE,FALSE,FALSE,Purple,FALSE,FALSE,FALSE,FALSE,TRUE,TRUE,TRUE,TRUE,TRUE,FALSE,FALSE,FALSE,FALSE,FALSE,FALSE,FALSE,FALSE,FALSE,FALSE,TRUE,FALSE
PLANT-00774,Ruellia strepens,"Limestone Ruellia, Limestone Wild Petunia","Limestone Ruellia, Limestone Wild Petunia",Acanthaceae,https://inaturalist-open-data.s3.amazonaws.com/photos/136599/medium.jpg,iNaturalist,Alabama | Arkansas | Delaware | Florida | Georgia | Illinois | Indiana | Iowa | Kansas | Kentucky | Louisiana | Maryland | Michigan | Mississippi | Missouri | Nebraska | New Jersey | North Carolina | Ohio | Oklahoma | Pennsylvania | South Carolina | Tennessee | Texas | Virginia | West Virginia,Herb,Herbaceous perennial,5,8,Low,,,,FALSE,FALSE,FALSE,FALSE,FALSE,FALSE,"White , Purple , Violet",FALSE,FALSE,FALSE,FALSE,TRUE,TRUE,TRUE,TRUE,FALSE,FALSE,FALSE,FALSE,FALSE,FALSE,FALSE,FALSE,FALSE,FALSE,FALSE,TRUE,FALSE
PLANT-00775,Sabal etonia,scrub palmetto,scrub palmetto,,https://inaturalist-open-data.s3.amazonaws.com/photos/60313070/medium.jpg,iNaturalist,Florida,,Palm or Cycad,8,11,Medium,,,,FALSE,FALSE,FALSE,FALSE,FALSE,FALSE,,FALSE,FALSE,FALSE,FALSE,FALSE,FALSE,FALSE,FALSE,FALSE,FALSE,FALSE,FALSE,FALSE,FALSE,FALSE,FALSE,FALSE,FALSE,FALSE,FALSE,FALSE
PLANT-00776,Sabal minor,"Dwarf Palmetto, Bush Palmetto, Palmetto","Dwarf Palmetto, Bush Palmetto, Palmetto",Arecaceae,https://inaturalist-open-data.s3.amazonaws.com/photos/407909479/medium.jpg,iNaturalist,Alabama | Arkansas | Florida | Louisiana | Mississippi | North Carolina | Oklahoma | South Carolina | Texas,Shrub,Palm or Cycad,7,10,High,"Moist soils. Sandy, Sandy Loam, Medium Loam, Clay Loam, Clay","Dry , Moist",,TRUE,TRUE,TRUE,FALSE,TRUE,FALSE,White,FALSE,FALSE,FALSE,FALSE,TRUE,TRUE,FALSE,FALSE,FALSE,FALSE,FALSE,FALSE,FALSE,FALSE,FALSE,FALSE,FALSE,FALSE,FALSE,TRUE,FALSE
PLANT-00777,Sabatia angularis,"Rosepink, Rose-pink","Rosepink, Rose-pink",Gentianaceae,https://inaturalist-open-data.s3.amazonaws.com/photos/35109540/medium.jpeg,iNaturalist,Alabama | Arkansas | Connecticut | Delaware | Florida | Georgia | Illinois | Indiana | Kansas | Kentucky | Louisiana | Maryland | Massachusetts | Michigan | Mississippi | Missouri | New Jersey | New Mexico | New York | North Carolina | Ohio | Oklahoma | Pennsylvania | South Carolina | Tennessee | Texas | Virginia | West Virginia | Wisconsin,Herb,Herbaceous perennial,6,9,Low,"Moist, sandy or peaty soils.",Moist,,FALSE,TRUE,FALSE,FALSE,FALSE,FALSE,"White , Pink , Yellow",FALSE,FALSE,FALSE,FALSE,FALSE,FALSE,TRUE,TRUE,TRUE,TRUE,FALSE,FALSE,FALSE,FALSE,FALSE,FALSE,FALSE,FALSE,FALSE,TRUE,FALSE
PLANT-00778,Sagittaria graminea,"Grassy Arrowhead, Grass-leaf Arrowhead","Grassy Arrowhead, Grass-leaf Arrowhead",Alismataceae,https://inaturalist-open-data.s3.amazonaws.com/photos/50208403/medium.jpg,iNaturalist,Alabama | Arkansas | Colorado | Connecticut | Delaware | Florida | Georgia | Illinois | Indiana | Iowa | Kansas | Kentucky | Louisiana | Maine | Maryland | Massachusetts | Michigan | Minnesota | Mississippi | Missouri | Nebraska | New Hampshire | New Jersey | New Mexico | New York | North Carolina | Ohio | Oklahoma | Pennsylvania | Rhode Island | South Carolina | South Dakota | Tennessee | Texas | Vermont | Virginia | West Virginia | Wisconsin,Herb,Herbaceous perennial,4,10,Low,,,,FALSE,FALSE,FALSE,FALSE,FALSE,FALSE,"White , Yellow",FALSE,FALSE,FALSE,TRUE,TRUE,TRUE,TRUE,TRUE,TRUE,TRUE,TRUE,FALSE,FALSE,FALSE,FALSE,FALSE,FALSE,FALSE,FALSE,TRUE,FALSE
PLANT-00779,Sagittaria latifolia,"Broadleaf Arrowhead, Arrowhead, Duckroot, Duck-potato, Wapato","Broadleaf Arrowhead, Arrowhead, Duckroot, Duck-potato, Wapato",Alismataceae,https://inaturalist-open-data.s3.amazonaws.com/photos/89848802/medium.jpg,iNaturalist,Alabama | Arkansas | California | Colorado | Connecticut | Delaware | Florida | Georgia | Illinois | Indiana | Iowa | Kansas | Kentucky | Louisiana | Maine | Maryland | Michigan | Minnesota | Mississippi | Missouri | Nebraska | New Hampshire | New Jersey | New York | North Carolina | North Dakota | Ohio | Oklahoma | Pennsylvania | Rhode Island | South Carolina | South Dakota | Tennessee | Texas | Vermont | Virginia | West Virginia | Wisconsin,Herb,Herbaceous perennial,5,10,Medium,"Mud, Shallow water or fully saturated soils.",Wet,,TRUE,TRUE,FALSE,FALSE,FALSE,TRUE,"White , Pink",FALSE,FALSE,FALSE,FALSE,FALSE,TRUE,TRUE,TRUE,TRUE,TRUE,TRUE,FALSE,FALSE,FALSE,FALSE,FALSE,FALSE,FALSE,FALSE,TRUE,FALSE
PLANT-00780,Salix discolor,"Pussy Willow, Glaucous Willow","Pussy Willow, Glaucous Willow",Salicaceae,https://inaturalist-open-data.s3.amazonaws.com/photos/65143489/medium.jpg,iNaturalist,Colorado | Connecticut | Delaware | Idaho | Illinois | Indiana | Iowa | Kentucky | Maine | Maryland | Massachusetts | Michigan | Minnesota | Missouri | Montana | New Hampshire | New Jersey | New York | North Dakota | Ohio | Oklahoma | Pennsylvania | Rhode Island | South Dakota | Vermont | Virginia | West Virginia | Wisconsin | Wyoming,Shrub,Deciduous shrub,4,8,Low,Damp soils.,Moist,Circumneutral (pH 6.8-7.2),TRUE,FALSE,FALSE,FALSE,FALSE,TRUE,"White , Green , Brown",FALSE,TRUE,TRUE,TRUE,TRUE,FALSE,FALSE,FALSE,FALSE,FALSE,FALSE,FALSE,FALSE,FALSE,FALSE,FALSE,FALSE,FALSE,FALSE,TRUE,FALSE
PLANT-00781,Salix nigra,"Black Willow, Gulf Black Willow, Swamp Willow, Sauz","Black Willow, Gulf Black Willow, Swamp Willow, Sauz",Salicaceae,https://inaturalist-open-data.s3.amazonaws.com/photos/17363461/medium.jpg,iNaturalist,Alabama | Arkansas | Colorado | Connecticut | Delaware | Florida | Georgia | Illinois | Indiana | Iowa | Kansas | Kentucky | Louisiana | Maine | Maryland | Massachusetts | Michigan | Minnesota | Mississippi | Missouri | Nebraska | New Hampshire | New Jersey | New York | North Carolina | Ohio | Oklahoma | Pennsylvania | Rhode Island | South Carolina | Tennessee | Texas | Vermont | Virginia | West Virginia | Wisconsin,Tree,Tree,4,9,High,"Clay, Loam, Sand","Moist , Wet",,TRUE,TRUE,TRUE,FALSE,FALSE,TRUE,Yellow,FALSE,TRUE,TRUE,TRUE,TRUE,TRUE,FALSE,FALSE,FALSE,FALSE,FALSE,FALSE,FALSE,FALSE,FALSE,FALSE,FALSE,FALSE,FALSE,TRUE,FALSE
PLANT-00782,Salvia azurea,"Pitcher Sage, Big Blue Sage, Azure Sage, Giant Blue Sage, Blue Sage","Pitcher Sage, Big Blue Sage, Azure Sage, Giant Blue Sage, Blue Sage",Lamiaceae,https://inaturalist-open-data.s3.amazonaws.com/photos/15789/medium.jpg,iNaturalist,Alabama | Arkansas | Florida | Georgia | Iowa | Kansas | Louisiana | Mississippi | Missouri | Nebraska | North Carolina | Oklahoma | South Carolina | Texas,Herb,Herbaceous perennial,5,9,Low,"Limestone-based, Sandy, Sandy Loam, Medium Loam, Clay Loam, Clay",Dry,,FALSE,TRUE,FALSE,TRUE,FALSE,FALSE,"White , Blue",FALSE,FALSE,FALSE,FALSE,FALSE,FALSE,TRUE,TRUE,TRUE,TRUE,TRUE,FALSE,FALSE,FALSE,FALSE,FALSE,FALSE,FALSE,FALSE,TRUE,FALSE
PLANT-00783,Salvia azurea var. grandiflora,blue sage,blue sage,,,,Alabama | Arizona | Arkansas | Colorado | Florida | Georgia | Illinois | Kansas | Louisiana | Mississippi | Missouri | Nebraska | New Mexico | Oklahoma | South Carolina | Tennessee | Texas,,Herbaceous perennial,5,9,Medium,,,,FALSE,FALSE,FALSE,FALSE,FALSE,FALSE,,FALSE,FALSE,FALSE,FALSE,FALSE,FALSE,FALSE,FALSE,FALSE,FALSE,FALSE,FALSE,FALSE,FALSE,FALSE,FALSE,FALSE,FALSE,FALSE,FALSE,FALSE
PLANT-00784,Salvia lyrata,"Lyreleaf Sage, Cancer Weed","Lyreleaf Sage, Cancer Weed",Lamiaceae,https://inaturalist-open-data.s3.amazonaws.com/photos/80497432/medium.jpg,iNaturalist,Alabama | Arkansas | Connecticut | Delaware | Florida | Georgia | Illinois | Indiana | Kansas | Kentucky | Louisiana | Maryland | Mississippi | Missouri | New Jersey | New York | North Carolina | Ohio | Oklahoma | Pennsylvania | South Carolina | Tennessee | Texas | Virginia | West Virginia,Herb,Herbaceous perennial,5,8,Medium,"Acid or calcareous sands, loams, or clays, well-drained or not.","Dry , Moist",Circumneutral (pH 6.8-7.2),TRUE,TRUE,TRUE,TRUE,TRUE,FALSE,"White , Blue , Purple",FALSE,FALSE,TRUE,TRUE,TRUE,TRUE,FALSE,FALSE,FALSE,FALSE,FALSE,FALSE,FALSE,FALSE,FALSE,FALSE,FALSE,FALSE,FALSE,TRUE,FALSE
PLANT-00785,Salvia penstemonoides,big red sage,big red sage,,,,Texas,,Herbaceous perennial,6,10,Low,,,,FALSE,FALSE,FALSE,FALSE,FALSE,FALSE,,FALSE,FALSE,FALSE,FALSE,FALSE,FALSE,FALSE,FALSE,FALSE,FALSE,FALSE,FALSE,FALSE,FALSE,FALSE,FALSE,FALSE,FALSE,FALSE,FALSE,FALSE
PLANT-00786,Salvia pratensis,meadow sage,meadow sage,,https://inaturalist-open-data.s3.amazonaws.com/photos/19428761/medium.jpg,iNaturalist,Massachusetts | Montana,,Herbaceous perennial,4,8,Low,,,,FALSE,FALSE,FALSE,FALSE,FALSE,FALSE,,FALSE,FALSE,FALSE,FALSE,FALSE,FALSE,FALSE,FALSE,FALSE,FALSE,FALSE,FALSE,FALSE,FALSE,FALSE,FALSE,FALSE,FALSE,FALSE,FALSE,FALSE
PLANT-00787,Sambucus canadensis,American black elderberry,American black elderberry,,https://inaturalist-open-data.s3.amazonaws.com/photos/104695913/medium.jpg,iNaturalist,Alabama | Arizona | Arkansas | California | Colorado | Connecticut | Delaware | Florida | Georgia | Illinois | Indiana | Iowa | Kansas | Kentucky | Louisiana | Maine | Maryland | Massachusetts | Michigan | Minnesota | Mississippi | Missouri | Montana | Nebraska | New Hampshire | New Jersey | New Mexico | New York | North Carolina | North Dakota | Ohio | Oklahoma | Pennsylvania | Rhode Island | South Carolina | South Dakota | Tennessee | Texas | Vermont | Virginia | West Virginia | Wisconsin | Wyoming,,Deciduous shrub,3,9,High,,,,FALSE,FALSE,FALSE,FALSE,FALSE,FALSE,,FALSE,FALSE,FALSE,FALSE,FALSE,FALSE,FALSE,FALSE,FALSE,FALSE,FALSE,FALSE,FALSE,FALSE,FALSE,FALSE,FALSE,FALSE,FALSE,FALSE,FALSE
PLANT-00788,Sambucus racemosa,Red Elderberry,Red Elderberry,Caprifoliaceae,,,Alaska | Arizona | California | Colorado | Connecticut | Delaware | Georgia | Idaho | Illinois | Indiana | Iowa | Kentucky | Maine | Maryland | Massachusetts | Michigan | Minnesota | Missouri | Montana | Nevada | New Hampshire | New Jersey | New Mexico | New York | North Carolina | North Dakota | Ohio | Oregon | Pennsylvania | Rhode Island | South Dakota | Tennessee | Utah | Vermont | Virginia | Washington | West Virginia | Wisconsin | Wyoming,Tree,Deciduous shrub,3,7,Medium,,"Moist , Wet",,TRUE,TRUE,TRUE,FALSE,FALSE,FALSE,White,FALSE,FALSE,FALSE,FALSE,TRUE,TRUE,TRUE,TRUE,FALSE,FALSE,FALSE,FALSE,TRUE,FALSE,FALSE,FALSE,TRUE,TRUE,FALSE,TRUE,TRUE
PLANT-00789,Sanguinaria canadensis,Bloodroot,Bloodroot,Papaveraceae,,,Alabama | Arkansas | Connecticut | Delaware | Florida | Georgia | Illinois | Indiana | Iowa | Kansas | Kentucky | Louisiana | Maine | Maryland | Massachusetts | Michigan | Minnesota | Mississippi | Missouri | Nebraska | New Hampshire | New Jersey | New York | North Carolina | North Dakota | Ohio | Oklahoma | Pennsylvania | Rhode Island | South Carolina | South Dakota | Tennessee | Texas | Vermont | Virginia | West Virginia | Wisconsin,Herb,Herbaceous perennial,3,8,Medium,"Moist to mesic, well-drained, humus-rich soils.","Moist , Wet",Circumneutral (pH 6.8-7.2),FALSE,TRUE,TRUE,FALSE,FALSE,FALSE,White,FALSE,FALSE,TRUE,TRUE,FALSE,FALSE,FALSE,FALSE,FALSE,FALSE,FALSE,FALSE,FALSE,FALSE,FALSE,FALSE,FALSE,FALSE,FALSE,TRUE,FALSE
PLANT-00790,Sanguisorba officinalis,"Burnet Bloodwort, Burnet-bloodwort, Great Burnet","Burnet Bloodwort, Burnet-bloodwort, Great Burnet",Rosaceae,,,Alaska | California | Maine | Michigan | Minnesota | Nebraska | Oregon | Pennsylvania | Washington,Herb,Herbaceous perennial,4,8,Low,,,,FALSE,FALSE,FALSE,FALSE,FALSE,FALSE,Green,FALSE,FALSE,FALSE,FALSE,FALSE,TRUE,TRUE,TRUE,TRUE,FALSE,FALSE,FALSE,FALSE,FALSE,FALSE,FALSE,FALSE,FALSE,FALSE,TRUE,FALSE
PLANT-00791,Sapindus drummondii,western soapberry,western soapberry,,,,Arizona | Arkansas | Colorado | Kansas | Louisiana | Missouri | New Mexico | Oklahoma | Texas,,Tree,6,9,Medium,,,,FALSE,FALSE,FALSE,FALSE,FALSE,FALSE,,FALSE,FALSE,FALSE,FALSE,FALSE,FALSE,FALSE,FALSE,FALSE,FALSE,FALSE,FALSE,FALSE,FALSE,FALSE,FALSE,FALSE,FALSE,FALSE,FALSE,FALSE
PLANT-00792,Sarracenia flava,"Yellow Pitcherplant, Trumpets, Yellow Pitcher Plant","Yellow Pitcherplant, Trumpets, Yellow Pitcher Plant",Sarraceniaceae,,,Alabama | Florida | Georgia | North Carolina | South Carolina | Virginia,Herb,Herbaceous perennial,6,8,High,,,,FALSE,FALSE,FALSE,FALSE,FALSE,FALSE,Yellow,FALSE,FALSE,FALSE,TRUE,TRUE,FALSE,FALSE,FALSE,FALSE,FALSE,FALSE,FALSE,FALSE,FALSE,FALSE,FALSE,FALSE,FALSE,FALSE,TRUE,FALSE
PLANT-00793,Sarracenia flava var. rubricorpora,yellow trumpet pitcher plant,yellow trumpet pitcher plant,,,,Alabama | Florida | South Carolina,,Herbaceous perennial,6,8,High,,,,FALSE,FALSE,FALSE,FALSE,FALSE,FALSE,,FALSE,FALSE,FALSE,FALSE,FALSE,FALSE,FALSE,FALSE,FALSE,FALSE,FALSE,FALSE,FALSE,FALSE,FALSE,FALSE,FALSE,FALSE,FALSE,FALSE,FALSE
PLANT-00794,Sarracenia leucophylla,"Crimson Pitcherplant, Crimson Pitcher-plant, Crimson Pitcher Plant","Crimson Pitcherplant, Crimson Pitcher-plant, Crimson Pitcher Plant",Sarraceniaceae,,,Alabama | Florida | Georgia | Mississippi,Herb,Herbaceous perennial,6,8,High,,,,FALSE,FALSE,FALSE,FALSE,FALSE,FALSE,"Red , Green",FALSE,FALSE,TRUE,TRUE,FALSE,FALSE,FALSE,FALSE,FALSE,FALSE,FALSE,FALSE,FALSE,FALSE,FALSE,FALSE,FALSE,FALSE,FALSE,TRUE,FALSE
PLANT-00795,Sarracenia minor,"Hooded Pitcherplant, Hooded Pitcher-plant, Hooded Pitcher Plant","Hooded Pitcherplant, Hooded Pitcher-plant, Hooded Pitcher Plant",Sarraceniaceae,,,Florida | Georgia | North Carolina | South Carolina,Herb,Herbaceous perennial,6,8,High,,,,FALSE,FALSE,FALSE,FALSE,FALSE,FALSE,"Yellow , Green",FALSE,FALSE,TRUE,TRUE,TRUE,FALSE,FALSE,FALSE,FALSE,FALSE,FALSE,FALSE,FALSE,FALSE,FALSE,FALSE,FALSE,FALSE,FALSE,TRUE,FALSE
PLANT-00796,Sarracenia oreophila,green pitcherplant,green pitcherplant,,,,Alabama | Georgia | North Carolina | Tennessee,,Herbaceous perennial,6,8,High,,,,FALSE,FALSE,FALSE,FALSE,FALSE,FALSE,,FALSE,FALSE,FALSE,FALSE,FALSE,FALSE,FALSE,FALSE,FALSE,FALSE,FALSE,FALSE,FALSE,FALSE,FALSE,FALSE,FALSE,FALSE,FALSE,FALSE,FALSE
PLANT-00797,Sarracenia purpurea,"Purple Pitcherplant, Northern Pitcher-plant, Purple Pitcher Plant","Purple Pitcherplant, Northern Pitcher-plant, Purple Pitcher Plant",Sarraceniaceae,,,Alabama | California | Connecticut | Delaware | Florida | Georgia | Illinois | Indiana | Louisiana | Maine | Maryland | Michigan | Minnesota | Mississippi | New Hampshire | New Jersey | New York | North Carolina | Ohio | Pennsylvania | Rhode Island | South Carolina | Tennessee | Vermont | Virginia | Washington | West Virginia | Wisconsin,Herb,Herbaceous perennial,3,8,High,,"Moist , Wet",Acidic (pH<6.8),TRUE,FALSE,FALSE,FALSE,FALSE,FALSE,"Red , Green , Purple",FALSE,FALSE,FALSE,FALSE,TRUE,TRUE,TRUE,TRUE,FALSE,FALSE,FALSE,FALSE,FALSE,FALSE,FALSE,FALSE,FALSE,FALSE,FALSE,TRUE,FALSE
PLANT-00798,Sarracenia purpurea subsp. purpurea,common pitcher plant,common pitcher plant,,,,Alaska | Connecticut | Indiana | Maine | Massachusetts | Michigan | New Hampshire | New Jersey | New York | Ohio | Pennsylvania | Rhode Island | Vermont | West Virginia,,Herbaceous perennial,3,7,High,,,,FALSE,FALSE,FALSE,FALSE,FALSE,FALSE,,FALSE,FALSE,FALSE,FALSE,FALSE,FALSE,FALSE,FALSE,FALSE,FALSE,FALSE,FALSE,FALSE,FALSE,FALSE,FALSE,FALSE,FALSE,FALSE,FALSE,FALSE
PLANT-00799,Sarracenia purpurea subsp. venosa,purple pitcher plant,purple pitcher plant,,,,Alabama | Arkansas | Delaware | Florida | Georgia | Kentucky | Louisiana | Maryland | Mississippi | North Carolina | South Carolina | Tennessee | Virginia,,Herbaceous perennial,6,8,High,,,,FALSE,FALSE,FALSE,FALSE,FALSE,FALSE,,FALSE,FALSE,FALSE,FALSE,FALSE,FALSE,FALSE,FALSE,FALSE,FALSE,FALSE,FALSE,FALSE,FALSE,FALSE,FALSE,FALSE,FALSE,FALSE,FALSE,FALSE
PLANT-00800,Sarracenia rubra,"Sweet Pitcherplant, Sweet Pitcher Plant","Sweet Pitcherplant, Sweet Pitcher Plant",Sarraceniaceae,,,Alabama | Florida | Georgia | North Carolina | South Carolina,Herb,Herbaceous perennial,6,8,High,,,,FALSE,FALSE,FALSE,FALSE,FALSE,FALSE,Red,FALSE,FALSE,FALSE,TRUE,TRUE,FALSE,FALSE,FALSE,FALSE,FALSE,FALSE,FALSE,FALSE,FALSE,FALSE,FALSE,FALSE,FALSE,FALSE,TRUE,FALSE
PLANT-00801,Sarracenia rubra f. jonesii,sweet pitcher plant,sweet pitcher plant,,,,Alabama | Arkansas | Delaware | Florida | Georgia | Kentucky | Louisiana | Maryland | Mississippi | North Carolina | South Carolina | Tennessee | Virginia,,Herbaceous perennial,6,8,High,,,,FALSE,FALSE,FALSE,FALSE,FALSE,FALSE,,FALSE,FALSE,FALSE,FALSE,FALSE,FALSE,FALSE,FALSE,FALSE,FALSE,FALSE,FALSE,FALSE,FALSE,FALSE,FALSE,FALSE,FALSE,FALSE,FALSE,FALSE
PLANT-00802,Sarracenia Ã— catesbaei,hybrid pitcher plant,hybrid pitcher plant,,,,Alabama | Florida | Georgia | North Carolina | Pennsylvania | South Carolina | Virginia,,Herbaceous perennial,5,9,High,,,,FALSE,FALSE,FALSE,FALSE,FALSE,FALSE,,FALSE,FALSE,FALSE,FALSE,FALSE,FALSE,FALSE,FALSE,FALSE,FALSE,FALSE,FALSE,FALSE,FALSE,FALSE,FALSE,FALSE,FALSE,FALSE,FALSE,FALSE
PLANT-00803,Sassafras albidum,"Sassafras, White Sassafras, Ague Tree, Cinnamon Wood, Mitten Tree, Saloop, Smelling Stick","Sassafras, White Sassafras, Ague Tree, Cinnamon Wood, Mitten Tree, Saloop, Smelling Stick",Lauraceae,,,Alabama | Arkansas | Connecticut | Delaware | Florida | Georgia | Illinois | Indiana | Iowa | Kansas | Kentucky | Louisiana | Maine | Maryland | Massachusetts | Michigan | Mississippi | Missouri | New Hampshire | New Jersey | New York | North Carolina | Ohio | Oklahoma | Pennsylvania | Rhode Island | South Carolina | Tennessee | Texas | Vermont | Virginia | West Virginia | Wisconsin,Tree,Tree,4,9,Medium,"Rich, moist, sandy loams. Sandy, Sandy Loam, Medium Loam, Acid-based",Moist,Acidic (pH<6.8),TRUE,TRUE,TRUE,TRUE,FALSE,FALSE,"Yellow , Green , Brown",FALSE,FALSE,TRUE,TRUE,TRUE,FALSE,FALSE,FALSE,FALSE,FALSE,FALSE,FALSE,FALSE,FALSE,FALSE,FALSE,FALSE,FALSE,FALSE,TRUE,FALSE
PLANT-00804,Saururus cernuus,"Lizard's Tail, Lizard Tail, Breastweed, Water Dragon","Lizard's Tail, Lizard Tail, Breastweed, Water Dragon",Saururaceae,https://inaturalist-open-data.s3.amazonaws.com/photos/391564513/medium.jpeg,iNaturalist,Alabama | Arkansas | Connecticut | Delaware | Florida | Georgia | Illinois | Indiana | Kansas | Kentucky | Louisiana | Maryland | Massachusetts | Michigan | Mississippi | Missouri | New Jersey | New York | North Carolina | Ohio | Oklahoma | Pennsylvania | Rhode Island | South Carolina | Tennessee | Texas | Virginia | West Virginia | Wisconsin,Herb,Herbaceous perennial,3,9,Low,Wet soils. Mud.,"Moist , Wet",,FALSE,TRUE,TRUE,FALSE,FALSE,TRUE,White,FALSE,FALSE,TRUE,TRUE,TRUE,TRUE,TRUE,TRUE,TRUE,FALSE,FALSE,FALSE,FALSE,FALSE,FALSE,FALSE,FALSE,FALSE,FALSE,TRUE,FALSE
PLANT-00805,Schizachyrium scoparium,"Little Bluestem, Popotillo Azul","Little Bluestem, Popotillo Azul",Poaceae,https://inaturalist-open-data.s3.amazonaws.com/photos/163915824/medium.jpg,iNaturalist,Alabama | Arizona | Arkansas | California | Colorado | Connecticut | Delaware | Florida | Georgia | Idaho | Illinois | Indiana | Iowa | Kansas | Kentucky | Louisiana | Maine | Maryland | Michigan | Minnesota | Mississippi | Missouri | Montana | Nebraska | New Hampshire | New Jersey | New Mexico | New York | North Carolina | North Dakota | Ohio | Oklahoma | Pennsylvania | Rhode Island | South Carolina | South Dakota | Tennessee | Texas | Utah | Vermont | Virginia | Washington | West Virginia | Wisconsin | Wyoming,Grass/Grass-like,Ornamental grass,3,9,Low,"Well-drained soil. Sandy, Sandy Loam, Medium Loam, Clay Loam, Clay, Limestone-based",Dry,,TRUE,TRUE,FALSE,TRUE,FALSE,FALSE,"White , Green , Brown",FALSE,FALSE,FALSE,FALSE,FALSE,TRUE,TRUE,TRUE,TRUE,TRUE,TRUE,TRUE,FALSE,FALSE,FALSE,FALSE,FALSE,FALSE,FALSE,TRUE,FALSE
PLANT-00806,Schoenoplectus tabernaemontani,"Softstem Bulrush, Soft-stem Club-rush, Great Bulrush","Softstem Bulrush, Soft-stem Club-rush, Great Bulrush",Cyperaceae,https://inaturalist-open-data.s3.amazonaws.com/photos/341177034/medium.jpeg,iNaturalist,Alabama | Alaska | Arizona | Arkansas | California | Colorado | Connecticut | Delaware | Florida | Georgia | Hawaii | Idaho | Illinois | Indiana | Iowa | Kansas | Kentucky | Louisiana | Maine | Maryland | Massachusetts | Michigan | Minnesota | Mississippi | Missouri | Montana | Nebraska | Nevada | New Hampshire | New Jersey | New Mexico | New York | North Carolina | North Dakota | Ohio | Oklahoma | Oregon | Pennsylvania | Rhode Island | South Carolina | South Dakota | Tennessee | Texas | Utah | Vermont | Virginia | Washington | West Virginia | Wisconsin | Wyoming,Grass/Grass-like,Rush or Sedge,4,9,Low,Wet soil to standing water.,Wet,,TRUE,FALSE,FALSE,FALSE,FALSE,TRUE,Brown,TRUE,TRUE,TRUE,TRUE,TRUE,TRUE,TRUE,TRUE,TRUE,TRUE,TRUE,TRUE,FALSE,FALSE,FALSE,FALSE,FALSE,FALSE,FALSE,TRUE,FALSE
PLANT-00807,Scirpus atrovirens,"Green Bulrush, Dark Green Bulrush","Green Bulrush, Dark Green Bulrush",Cyperaceae,https://inaturalist-open-data.s3.amazonaws.com/photos/129765/medium.jpg,iNaturalist,Alabama | Arizona | Arkansas | Connecticut | Delaware | Georgia | Idaho | Illinois | Indiana | Iowa | Kansas | Kentucky | Louisiana | Maine | Maryland | Michigan | Minnesota | Mississippi | Missouri | Montana | Nebraska | New Hampshire | New Jersey | New York | North Carolina | North Dakota | Ohio | Oklahoma | Pennsylvania | Rhode Island | South Carolina | South Dakota | Tennessee | Texas | Vermont | Virginia | Washington | West Virginia | Wisconsin,Grass/Grass-like,Rush or Sedge,3,9,Low,Wet soils.,Wet,,TRUE,FALSE,FALSE,FALSE,TRUE,FALSE,"Green , Brown",FALSE,FALSE,FALSE,FALSE,TRUE,TRUE,TRUE,TRUE,FALSE,FALSE,FALSE,FALSE,FALSE,FALSE,FALSE,FALSE,FALSE,FALSE,FALSE,TRUE,FALSE
PLANT-00808,Scirpus cyperinus,"Woolgrass, Cottongrass Bulrush, Marsh Bulrush, Teddybear Paws","Woolgrass, Cottongrass Bulrush, Marsh Bulrush, Teddybear Paws",Cyperaceae,https://inaturalist-open-data.s3.amazonaws.com/photos/9233128/medium.jpeg,iNaturalist,Alabama | Arkansas | Connecticut | Delaware | Florida | Georgia | Idaho | Illinois | Indiana | Iowa | Kentucky | Louisiana | Maine | Maryland | Massachusetts | Michigan | Minnesota | Mississippi | Missouri | Montana | New Hampshire | New Jersey | New York | North Carolina | Ohio | Oklahoma | Oregon | Pennsylvania | Rhode Island | South Carolina | South Dakota | Tennessee | Texas | Vermont | Virginia | Washington | West Virginia | Wisconsin,Grass/Grass-like,Rush or Sedge,4,8,Low,Wet soil to standing water.,Wet,"Acidic (pH<6.8) , Circumneutral (pH 6.8-7.2)",TRUE,FALSE,FALSE,FALSE,FALSE,TRUE,"Green , Brown",FALSE,FALSE,FALSE,FALSE,FALSE,TRUE,TRUE,TRUE,TRUE,FALSE,FALSE,FALSE,FALSE,FALSE,FALSE,FALSE,FALSE,FALSE,FALSE,TRUE,FALSE
PLANT-00809,Scrophularia marilandica,"Carpenter's Square, Maryland Figwort","Carpenter's Square, Maryland Figwort",Scrophulariaceae,https://inaturalist-open-data.s3.amazonaws.com/photos/89064687/medium.jpg,iNaturalist,Alabama | Arkansas | Connecticut | Delaware | Florida | Georgia | Illinois | Indiana | Iowa | Kansas | Kentucky | Louisiana | Maine | Maryland | Massachusetts | Michigan | Minnesota | Mississippi | Missouri | Nebraska | New Hampshire | New Jersey | New York | North Carolina | Ohio | Oklahoma | Pennsylvania | Rhode Island | South Carolina | South Dakota | Tennessee | Texas | Vermont | Virginia | West Virginia | Wisconsin,Herb,Herbaceous perennial,4,7,Low,,,,FALSE,FALSE,FALSE,FALSE,FALSE,FALSE,"Green , Brown",FALSE,FALSE,FALSE,FALSE,FALSE,TRUE,TRUE,TRUE,TRUE,TRUE,FALSE,FALSE,FALSE,FALSE,FALSE,FALSE,FALSE,FALSE,FALSE,TRUE,FALSE
PLANT-00810,Scutellaria incana,"Hoary Skullcap, Downy Skullcap","Hoary Skullcap, Downy Skullcap",Lamiaceae,https://inaturalist-open-data.s3.amazonaws.com/photos/392851462/medium.jpg,iNaturalist,Alabama | Arkansas | Delaware | Georgia | Illinois | Indiana | Iowa | Kansas | Kentucky | Louisiana | Maryland | Mississippi | Missouri | New Jersey | New York | North Carolina | Ohio | Oklahoma | Pennsylvania | South Carolina | Tennessee | Texas | Virginia | West Virginia | Wisconsin,Herb,Herbaceous perennial,5,8,Low,"rich, acid soils and sands; dry to moist","Dry , Moist",Acidic (pH<6.8),TRUE,TRUE,TRUE,TRUE,TRUE,FALSE,"White , Blue , Purple , Violet",FALSE,FALSE,FALSE,FALSE,FALSE,TRUE,TRUE,TRUE,TRUE,FALSE,FALSE,FALSE,FALSE,FALSE,FALSE,FALSE,FALSE,FALSE,FALSE,TRUE,FALSE
PLANT-00811,Scutellaria lateriflora,Blue Skullcap,Blue Skullcap,Lamiaceae,https://inaturalist-open-data.s3.amazonaws.com/photos/29644765/medium.jpg,iNaturalist,Alabama | Arizona | Arkansas | California | Connecticut | Delaware | Florida | Georgia | Idaho | Illinois | Indiana | Iowa | Kansas | Kentucky | Louisiana | Maryland | Massachusetts | Michigan | Minnesota | Mississippi | Missouri | Nebraska | New Hampshire | New Jersey | New Mexico | New York | North Carolina | North Dakota | Ohio | Oklahoma | Oregon | Pennsylvania | Rhode Island | South Carolina | South Dakota | Tennessee | Texas | Vermont | Virginia | Washington | West Virginia | Wisconsin,Herb,Herbaceous perennial,3,9,Low,,,,FALSE,FALSE,FALSE,FALSE,FALSE,FALSE,"Blue , Purple , Violet",FALSE,FALSE,FALSE,FALSE,FALSE,TRUE,TRUE,TRUE,TRUE,TRUE,FALSE,FALSE,FALSE,FALSE,FALSE,FALSE,FALSE,FALSE,FALSE,TRUE,FALSE
PLANT-00812,Scutellaria ovata,"Heartleaf Skullcap, Heart-leaf Skullcap","Heartleaf Skullcap, Heart-leaf Skullcap",Lamiaceae,https://inaturalist-open-data.s3.amazonaws.com/photos/138159799/medium.jpg,iNaturalist,Alabama | Arkansas | Georgia | Illinois | Indiana | Iowa | Kansas | Kentucky | Louisiana | Maryland | Minnesota | Mississippi | Missouri | North Carolina | Ohio | Oklahoma | South Carolina | Tennessee | Texas | Virginia | West Virginia | Wisconsin,Herb,Herbaceous perennial,4,9,Low,,Moist,,FALSE,TRUE,TRUE,FALSE,FALSE,FALSE,"Blue , Purple , Violet",FALSE,FALSE,FALSE,TRUE,TRUE,TRUE,TRUE,FALSE,FALSE,FALSE,FALSE,FALSE,FALSE,FALSE,FALSE,FALSE,FALSE,FALSE,FALSE,TRUE,FALSE
PLANT-00813,Sedum pulchellum,Widowscross,Widowscross,Crassulaceae,https://inaturalist-open-data.s3.amazonaws.com/photos/205234861/medium.jpeg,iNaturalist,Alabama | Arkansas | Georgia | Illinois | Kansas | Kentucky | Mississippi | Missouri | Ohio | Oklahoma | Tennessee | Texas,Herb,Herbaceous perennial,6,9,Low,,Wet,Alkaline (pH>7.2),FALSE,FALSE,FALSE,FALSE,FALSE,TRUE,"White , Pink , Purple",FALSE,FALSE,TRUE,TRUE,TRUE,TRUE,FALSE,FALSE,FALSE,FALSE,FALSE,FALSE,FALSE,FALSE,FALSE,FALSE,FALSE,FALSE,FALSE,TRUE,FALSE
PLANT-00814,Sedum ternatum,"Woodland Stonecrop, Wild Stonecrop","Woodland Stonecrop, Wild Stonecrop",Crassulaceae,https://inaturalist-open-data.s3.amazonaws.com/photos/116652/medium.jpg,iNaturalist,Alabama | Arkansas | Delaware | Georgia | Illinois | Indiana | Iowa | Kentucky | Maryland | Mississippi | Missouri | New Jersey | North Carolina | Ohio | Pennsylvania | South Carolina | Tennessee | Virginia | West Virginia,Herb,Herbaceous perennial,4,8,Low,"Thin, limey soils.",Moist,,FALSE,TRUE,FALSE,FALSE,FALSE,FALSE,White,FALSE,FALSE,TRUE,TRUE,TRUE,TRUE,FALSE,FALSE,FALSE,FALSE,FALSE,FALSE,FALSE,FALSE,FALSE,FALSE,FALSE,FALSE,FALSE,TRUE,FALSE
PLANT-00815,Senna marilandica,"Maryland Senna, Maryland Wild Senna, Southern Wild Senna, Wild Senna","Maryland Senna, Maryland Wild Senna, Southern Wild Senna, Wild Senna",Fabaceae,https://inaturalist-open-data.s3.amazonaws.com/photos/2217177/medium.jpg,iNaturalist,Alabama | Arkansas | Delaware | Florida | Georgia | Illinois | Indiana | Iowa | Kansas | Kentucky | Louisiana | Maryland | Mississippi | Missouri | Nebraska | New Jersey | New York | North Carolina | Ohio | Oklahoma | Pennsylvania | South Carolina | Tennessee | Texas | Virginia | West Virginia | Wisconsin,Herb,Herbaceous perennial,4,9,Low,"Loam, Sand",Moist,,TRUE,FALSE,FALSE,FALSE,FALSE,FALSE,Yellow,FALSE,FALSE,FALSE,FALSE,FALSE,FALSE,TRUE,TRUE,FALSE,FALSE,FALSE,FALSE,FALSE,FALSE,FALSE,FALSE,FALSE,FALSE,FALSE,TRUE,FALSE
PLANT-00816,Senna obtusifolia,java-bean,java-bean,,https://static.inaturalist.org/photos/22944932/medium.jpg,iNaturalist,Alabama | Arkansas | California | Connecticut | Delaware | Florida | Georgia | Illinois | Indiana | Iowa | Kansas | Kentucky | Louisiana | Maine | Maryland | Massachusetts | Michigan | Mississippi | Missouri | Nebraska | New Hampshire | New Jersey | New York | North Carolina | Ohio | Oklahoma | Pennsylvania | Rhode Island | South Carolina | Tennessee | Texas | Vermont | Virginia | West Virginia | Wisconsin,,Herbaceous perennial,5,10,Low,,,,FALSE,FALSE,FALSE,FALSE,FALSE,FALSE,,FALSE,FALSE,FALSE,FALSE,FALSE,FALSE,FALSE,FALSE,FALSE,FALSE,FALSE,FALSE,FALSE,FALSE,FALSE,FALSE,FALSE,FALSE,FALSE,FALSE,FALSE
PLANT-00817,Sequoia sempervirens,"Coast Redwood, California Redwood, Redwood","Coast Redwood, California Redwood, Redwood",Cupressaceae,,,California | Oregon,Tree,Needled evergreen,7,9,Medium,"Moist, acid, deep, well-drained soils.",Moist,,TRUE,FALSE,FALSE,FALSE,TRUE,FALSE,Yellow,FALSE,FALSE,FALSE,FALSE,FALSE,FALSE,FALSE,FALSE,TRUE,TRUE,TRUE,FALSE,FALSE,FALSE,FALSE,FALSE,FALSE,FALSE,FALSE,TRUE,FALSE
PLANT-00818,Sequoiadendron giganteum,"Giant Sequoia, Giant-sequoia, Giant Redwood, Sierra Redwood","Giant Sequoia, Giant-sequoia, Giant Redwood, Sierra Redwood",Cupressaceae,,,California,Tree,Needled evergreen,6,8,Medium,"Deep, well-drained soil.",,,TRUE,FALSE,FALSE,FALSE,TRUE,FALSE,Green,FALSE,FALSE,FALSE,TRUE,TRUE,FALSE,FALSE,FALSE,FALSE,FALSE,FALSE,FALSE,FALSE,FALSE,FALSE,FALSE,FALSE,FALSE,FALSE,TRUE,FALSE
PLANT-00819,Shepherdia argentea,"Silver Buffaloberry, Buffaloberry","Silver Buffaloberry, Buffaloberry",Elaeagnaceae,,,Arizona | California | Colorado | Idaho | Iowa | Kansas | Michigan | Minnesota | Montana | Nebraska | Nevada | New Mexico | New York | North Dakota | Oregon | South Dakota | Utah | Wisconsin | Wyoming,Shrub,Deciduous shrub,3,9,Low,"Rocky, sandy or clayey soils.","Dry , Moist",Circumneutral (pH 6.8-7.2),TRUE,FALSE,FALSE,FALSE,TRUE,FALSE,"White , Yellow",FALSE,FALSE,FALSE,TRUE,TRUE,FALSE,FALSE,FALSE,FALSE,FALSE,FALSE,FALSE,FALSE,FALSE,FALSE,FALSE,FALSE,FALSE,FALSE,TRUE,FALSE
PLANT-00820,Shortia galacifolia,"Oconee Bells, Oconee-bells, Shortia","Oconee Bells, Oconee-bells, Shortia",Diapensiaceae,https://inaturalist-open-data.s3.amazonaws.com/photos/33992274/medium.jpg,iNaturalist,Georgia | North Carolina | South Carolina | Tennessee | Virginia,Herb,Herbaceous perennial,5,7,Medium,"Well-drained, acid, humus-rich soil.",,,FALSE,TRUE,FALSE,FALSE,FALSE,FALSE,"White , Pink",FALSE,FALSE,TRUE,TRUE,FALSE,FALSE,FALSE,FALSE,FALSE,FALSE,FALSE,FALSE,FALSE,FALSE,FALSE,FALSE,FALSE,FALSE,FALSE,TRUE,FALSE
PLANT-00821,Sideroxylon lanuginosum,"Gum Bumelia, Gum Bully, Woollybucket Bumelia, Woolly Bumelia, Gum Woollybucket, Woolly Buckthorn, Chittamwood, Shittamwood, Gum Elastic, Coma, Black Haw","Gum Bumelia, Gum Bully, Woollybucket Bumelia, Woolly Bumelia, Gum Woollybucket, Woolly Buckthorn, Chittamwood, Shittamwood, Gum Elastic, Coma, Black Haw",Sapotaceae,https://inaturalist-open-data.s3.amazonaws.com/photos/137701945/medium.jpeg,iNaturalist,Alabama | Arizona | Arkansas | Florida | Georgia | Illinois | Kansas | Louisiana | Mississippi | Missouri | New Mexico | Oklahoma | Texas,Shrub,Tree,6,10,Low,,Dry,,TRUE,TRUE,FALSE,TRUE,TRUE,FALSE,White,FALSE,FALSE,FALSE,FALSE,FALSE,TRUE,TRUE,FALSE,FALSE,FALSE,FALSE,FALSE,FALSE,FALSE,FALSE,FALSE,FALSE,FALSE,FALSE,TRUE,FALSE
PLANT-00822,Silene caroliniana,"Sticky Catchfly, Wild Pink","Sticky Catchfly, Wild Pink",Caryophyllaceae,https://inaturalist-open-data.s3.amazonaws.com/photos/472142/medium.jpg,iNaturalist,Alabama | Connecticut | Delaware | Florida | Georgia | Kentucky | Maryland | Massachusetts | Missouri | New Hampshire | New Jersey | New York | North Carolina | Ohio | Pennsylvania | Rhode Island | South Carolina | Tennessee | Virginia | West Virginia,Herb,Herbaceous perennial,5,8,Medium,"Well-drained, rocky soil.",Moist,,FALSE,TRUE,FALSE,FALSE,FALSE,FALSE,"White , Pink",FALSE,FALSE,TRUE,TRUE,TRUE,TRUE,FALSE,FALSE,FALSE,FALSE,FALSE,FALSE,FALSE,FALSE,FALSE,FALSE,FALSE,FALSE,FALSE,TRUE,FALSE
PLANT-00823,Silene regia,Royal Catchfly,Royal Catchfly,Caryophyllaceae,https://static.inaturalist.org/photos/217180476/medium.jpg,iNaturalist,Alabama | Arkansas | Florida | Georgia | Illinois | Indiana | Kansas | Kentucky | Mississippi | Missouri | Ohio | Oklahoma | Tennessee | Wisconsin,Herb,Herbaceous perennial,5,8,Medium,Rocky soils.,Dry,,FALSE,TRUE,FALSE,FALSE,FALSE,FALSE,Red,FALSE,FALSE,FALSE,FALSE,TRUE,TRUE,TRUE,TRUE,TRUE,TRUE,TRUE,FALSE,FALSE,FALSE,FALSE,FALSE,FALSE,FALSE,FALSE,TRUE,FALSE
PLANT-00824,Silene stellata,"Widow's Frill, Starry Campion","Widow's Frill, Starry Campion",Caryophyllaceae,https://inaturalist-open-data.s3.amazonaws.com/photos/353169921/medium.jpeg,iNaturalist,Alabama | Arkansas | Connecticut | Delaware | Georgia | Illinois | Indiana | Iowa | Kansas | Kentucky | Louisiana | Maryland | Michigan | Minnesota | Mississippi | Missouri | Nebraska | New Jersey | New York | North Carolina | Ohio | Oklahoma | Pennsylvania | Rhode Island | South Carolina | South Dakota | Tennessee | Texas | Vermont | Virginia | West Virginia | Wisconsin,Herb,Herbaceous perennial,5,8,Medium,Rich soils.,Moist,Acidic (pH<6.8),FALSE,TRUE,FALSE,FALSE,FALSE,FALSE,White,FALSE,FALSE,FALSE,FALSE,TRUE,TRUE,TRUE,TRUE,TRUE,TRUE,FALSE,FALSE,FALSE,FALSE,FALSE,FALSE,FALSE,FALSE,FALSE,TRUE,FALSE
PLANT-00825,Silene virginica,"Fire Pink, Scarlet Catchfly","Fire Pink, Scarlet Catchfly",Caryophyllaceae,https://inaturalist-open-data.s3.amazonaws.com/photos/148356/medium.jpg,iNaturalist,Alabama | Arkansas | Delaware | Florida | Georgia | Illinois | Indiana | Kansas | Kentucky | Louisiana | Maryland | Michigan | Mississippi | Missouri | North Carolina | Ohio | Oklahoma | Pennsylvania | South Carolina | Tennessee | Texas | Virginia | West Virginia | Wisconsin,Herb,Herbaceous perennial,4,8,Medium,"Well-drained, rocky, acid soils. Poor soils preferred.","Dry , Moist",Acidic (pH<6.8),FALSE,TRUE,FALSE,TRUE,TRUE,FALSE,Red,FALSE,FALSE,FALSE,TRUE,TRUE,TRUE,TRUE,TRUE,FALSE,FALSE,FALSE,FALSE,FALSE,FALSE,FALSE,FALSE,FALSE,FALSE,FALSE,TRUE,FALSE
PLANT-00826,Silphium gracile,slender rosinweed,slender rosinweed,,https://inaturalist-open-data.s3.amazonaws.com/photos/126832346/medium.jpg,iNaturalist,Florida | Georgia | Louisiana | Mississippi | Texas,,Herbaceous perennial,5,9,Low,,,,FALSE,FALSE,FALSE,FALSE,FALSE,FALSE,,FALSE,FALSE,FALSE,FALSE,FALSE,FALSE,FALSE,FALSE,FALSE,FALSE,FALSE,FALSE,FALSE,FALSE,FALSE,FALSE,FALSE,FALSE,FALSE,FALSE,FALSE
PLANT-00827,Silphium integrifolium,"Wholeleaf Rosinweed, Entire-leaf Rosinweed","Wholeleaf Rosinweed, Entire-leaf Rosinweed",Asteraceae,https://inaturalist-open-data.s3.amazonaws.com/photos/4279354/medium.jpeg,iNaturalist,Alabama | Arkansas | Colorado | Illinois | Indiana | Iowa | Kansas | Kentucky | Louisiana | Michigan | Minnesota | Mississippi | Missouri | Nebraska | Ohio | Oklahoma | South Dakota | Tennessee | Texas | Wisconsin | Wyoming,Herb,Herbaceous perennial,4,8,Low,Well-drained soils.,,,TRUE,FALSE,FALSE,FALSE,FALSE,FALSE,Yellow,FALSE,FALSE,FALSE,FALSE,FALSE,FALSE,TRUE,TRUE,TRUE,FALSE,FALSE,FALSE,FALSE,FALSE,FALSE,FALSE,FALSE,FALSE,FALSE,TRUE,FALSE
PLANT-00828,Silphium laciniatum,"Compassplant, Compass Plant","Compassplant, Compass Plant",Asteraceae,https://inaturalist-open-data.s3.amazonaws.com/photos/547704572/medium.jpg,iNaturalist,Alabama | Arkansas | Colorado | Illinois | Indiana | Iowa | Kansas | Kentucky | Louisiana | Michigan | Minnesota | Mississippi | Missouri | Nebraska | North Dakota | Ohio | Oklahoma | South Dakota | Tennessee | Texas | Wisconsin,Herb,Herbaceous perennial,3,8,Low,Various well-drained soils.,Dry,,TRUE,FALSE,FALSE,FALSE,FALSE,FALSE,Yellow,FALSE,FALSE,FALSE,FALSE,FALSE,FALSE,TRUE,TRUE,TRUE,FALSE,FALSE,FALSE,FALSE,FALSE,FALSE,FALSE,FALSE,FALSE,FALSE,TRUE,FALSE
PLANT-00829,Silphium perfoliatum,"Cup Plant, Indian Cup","Cup Plant, Indian Cup",Asteraceae,https://static.inaturalist.org/photos/307233594/medium.jpg,iNaturalist,Alabama | Arkansas | Georgia | Illinois | Indiana | Iowa | Kansas | Kentucky | Louisiana | Maryland | Michigan | Minnesota | Mississippi | Missouri | Nebraska | North Carolina | North Dakota | Ohio | Oklahoma | Pennsylvania | South Dakota | Tennessee | Virginia | West Virginia | Wisconsin,Herb,Herbaceous perennial,3,9,Low,Wet to mesic soils. Will tolerate clay soil.,"Dry , Moist , Wet",,TRUE,FALSE,FALSE,FALSE,FALSE,FALSE,Yellow,FALSE,FALSE,FALSE,FALSE,FALSE,TRUE,TRUE,TRUE,TRUE,FALSE,FALSE,FALSE,FALSE,FALSE,FALSE,FALSE,FALSE,FALSE,FALSE,TRUE,FALSE
PLANT-00830,Silphium terebinthinaceum,"Prairie Rosinweed, Prairie Dock","Prairie Rosinweed, Prairie Dock",Asteraceae,https://inaturalist-open-data.s3.amazonaws.com/photos/71435/medium.jpg,iNaturalist,Alabama | Arkansas | Georgia | Illinois | Indiana | Iowa | Kentucky | Michigan | Mississippi | Missouri | New York | North Carolina | Ohio | South Carolina | Tennessee | Virginia | West Virginia | Wisconsin,Herb,Herbaceous perennial,4,8,Low,Wet to mesic soils.,"Moist , Wet",,TRUE,FALSE,FALSE,FALSE,FALSE,FALSE,Yellow,FALSE,FALSE,FALSE,FALSE,FALSE,FALSE,TRUE,TRUE,TRUE,FALSE,FALSE,FALSE,FALSE,FALSE,FALSE,FALSE,FALSE,FALSE,FALSE,TRUE,FALSE
PLANT-00831,Silphium terebinthinaceum var. pinnatifidum,prairie dock,prairie dock,,,,Alabama | Georgia | Illinois | Indiana | Kentucky | Tennessee | Wisconsin,,Herbaceous perennial,4,8,Low,,,,FALSE,FALSE,FALSE,FALSE,FALSE,FALSE,,FALSE,FALSE,FALSE,FALSE,FALSE,FALSE,FALSE,FALSE,FALSE,FALSE,FALSE,FALSE,FALSE,FALSE,FALSE,FALSE,FALSE,FALSE,FALSE,FALSE,FALSE
PLANT-00832,Sisyrinchium angustifolium,"Narrowleaf Blue-eyed Grass, Narrow-leaf Blue-eyed-grass, Bermuda Blue-eyed Grass, Blue-eyed Grass","Narrowleaf Blue-eyed Grass, Narrow-leaf Blue-eyed-grass, Bermuda Blue-eyed Grass, Blue-eyed Grass",Iridaceae,https://inaturalist-open-data.s3.amazonaws.com/photos/20283/medium.jpg,iNaturalist,Alabama | Arkansas | Connecticut | Delaware | Florida | Georgia | Illinois | Indiana | Iowa | Kansas | Kentucky | Louisiana | Maine | Maryland | Massachusetts | Michigan | Mississippi | Missouri | Nebraska | New Hampshire | New Jersey | New York | North Carolina | Ohio | Oklahoma | Pennsylvania | Rhode Island | South Carolina | Tennessee | Texas | Vermont | Virginia | West Virginia | Wisconsin,Herb,Herbaceous perennial,4,9,Medium,"Moist, poor to average soils","Moist , Wet",,TRUE,TRUE,FALSE,FALSE,TRUE,FALSE,"White , Yellow , Blue , Violet",FALSE,FALSE,TRUE,TRUE,TRUE,TRUE,TRUE,FALSE,FALSE,FALSE,FALSE,FALSE,FALSE,FALSE,FALSE,FALSE,FALSE,FALSE,FALSE,TRUE,FALSE
PLANT-00833,Sisyrinchium campestre,"Prairie Blue-eyed Grass, White-eyed Grass","Prairie Blue-eyed Grass, White-eyed Grass",Iridaceae,https://static.inaturalist.org/photos/1894178/medium.jpg,iNaturalist,Arkansas | Illinois | Indiana | Iowa | Kansas | Louisiana | Michigan | Minnesota | Missouri | Nebraska | North Dakota | Ohio | Oklahoma | South Dakota | Texas | Wisconsin,Herb,Herbaceous perennial,2,8,Low,Sandy soils.,"Dry , Moist",,TRUE,FALSE,FALSE,FALSE,FALSE,FALSE,"White , Yellow , Blue",FALSE,FALSE,TRUE,TRUE,TRUE,TRUE,FALSE,FALSE,FALSE,FALSE,FALSE,FALSE,FALSE,FALSE,FALSE,FALSE,FALSE,FALSE,FALSE,TRUE,FALSE
PLANT-00834,Sium suave,"Hemlock Waterparsnip, Water Parsnip","Hemlock Waterparsnip, Water Parsnip",Apiaceae,https://inaturalist-open-data.s3.amazonaws.com/photos/44286732/medium.jpeg,iNaturalist,Alabama | Alaska | Arizona | Arkansas | California | Colorado | Connecticut | Delaware | Florida | Georgia | Idaho | Illinois | Indiana | Iowa | Kansas | Kentucky | Louisiana | Maine | Maryland | Massachusetts | Michigan | Minnesota | Mississippi | Missouri | Montana | Nebraska | Nevada | New Hampshire | New Jersey | New York | North Carolina | North Dakota | Ohio | Oregon | Pennsylvania | Rhode Island | South Carolina | South Dakota | Tennessee | Texas | Utah | Vermont | Virginia | Washington | West Virginia | Wisconsin | Wyoming,Herb,Herbaceous perennial,3,9,Medium,,"Moist , Wet",,FALSE,FALSE,FALSE,FALSE,FALSE,FALSE,White,FALSE,FALSE,FALSE,FALSE,FALSE,FALSE,TRUE,TRUE,TRUE,FALSE,FALSE,FALSE,FALSE,FALSE,FALSE,FALSE,FALSE,FALSE,FALSE,TRUE,FALSE
PLANT-00835,Smilax hispida,sarsaparilla plant,sarsaparilla plant,,https://static.inaturalist.org/photos/116638/medium.jpg,iNaturalist,Alabama | Arkansas | Delaware | Florida | Georgia | Illinois | Indiana | Iowa | Kansas | Kentucky | Louisiana | Maryland | Michigan | Minnesota | Mississippi | Missouri | Nebraska | New Jersey | New York | North Carolina | North Dakota | Ohio | Oklahoma | Pennsylvania | South Carolina | Tennessee | Texas | Virginia | West Virginia | Wisconsin,,Vine,4,8,Low,,,,FALSE,FALSE,FALSE,FALSE,FALSE,FALSE,,FALSE,FALSE,FALSE,FALSE,FALSE,FALSE,FALSE,FALSE,FALSE,FALSE,FALSE,FALSE,FALSE,FALSE,FALSE,FALSE,FALSE,FALSE,FALSE,FALSE,FALSE
PLANT-00836,Solidago caesia,"Wreath Goldenrod, Blue-stemmed Goldenrod, Bluestem Goldenrod","Wreath Goldenrod, Blue-stemmed Goldenrod, Bluestem Goldenrod",Asteraceae,https://static.inaturalist.org/photos/157945142/medium.jpg,iNaturalist,Alabama | Arkansas | Connecticut | Delaware | Florida | Georgia | Illinois | Indiana | Iowa | Kentucky | Louisiana | Maine | Maryland | Massachusetts | Michigan | Mississippi | Missouri | New Hampshire | New Jersey | New York | North Carolina | Ohio | Oklahoma | Pennsylvania | Rhode Island | South Carolina | Tennessee | Texas | Vermont | Virginia | West Virginia | Wisconsin,Herb,Herbaceous perennial,4,8,Low,Various soils.,Dry,,TRUE,TRUE,FALSE,FALSE,TRUE,FALSE,Yellow,FALSE,FALSE,FALSE,FALSE,FALSE,FALSE,FALSE,TRUE,TRUE,TRUE,FALSE,FALSE,FALSE,FALSE,FALSE,FALSE,FALSE,FALSE,FALSE,TRUE,FALSE
PLANT-00837,Solidago canadensis,"Canada Goldenrod, Canadian Goldenrod, Tall Goldenrod, Giant Goldenrod","Canada Goldenrod, Canadian Goldenrod, Tall Goldenrod, Giant Goldenrod",Asteraceae,https://inaturalist-open-data.s3.amazonaws.com/photos/87573048/medium.jpg,iNaturalist,Delaware | Indiana | Kansas | Maine | Massachusetts | Michigan | Missouri | Nebraska | New Jersey | New York | North Carolina | Ohio | Rhode Island | South Dakota | Vermont | West Virginia | Wisconsin,Herb,Herbaceous perennial,3,9,Low,"Caliche type, Sandy, Sandy Loam, Medium Loam, Clay Loam, Clay.","Dry , Moist",,TRUE,TRUE,FALSE,FALSE,TRUE,FALSE,Yellow,FALSE,FALSE,FALSE,FALSE,FALSE,FALSE,FALSE,TRUE,TRUE,TRUE,TRUE,FALSE,TRUE,FALSE,FALSE,FALSE,FALSE,FALSE,TRUE,TRUE,TRUE
PLANT-00838,Solidago drummondii,goldenrod,goldenrod,,https://inaturalist-open-data.s3.amazonaws.com/photos/157141574/medium.jpg,iNaturalist,Arkansas | Illinois | Louisiana | Missouri,,Herbaceous perennial,5,8,Low,,,,FALSE,FALSE,FALSE,FALSE,FALSE,FALSE,,FALSE,FALSE,FALSE,FALSE,FALSE,FALSE,FALSE,FALSE,FALSE,FALSE,FALSE,FALSE,FALSE,FALSE,FALSE,FALSE,FALSE,FALSE,FALSE,FALSE,FALSE
PLANT-00839,Solidago flexicaulis,"Zigzag Goldenrod, Broadleaf Goldenrod","Zigzag Goldenrod, Broadleaf Goldenrod",Asteraceae,https://inaturalist-open-data.s3.amazonaws.com/photos/98559/medium.jpg,iNaturalist,Alabama | Arkansas | Connecticut | Delaware | Georgia | Illinois | Indiana | Iowa | Kansas | Kentucky | Louisiana | Maine | Maryland | Massachusetts | Michigan | Minnesota | Missouri | Nebraska | New Hampshire | New Jersey | New York | North Carolina | North Dakota | Ohio | Pennsylvania | Rhode Island | South Carolina | South Dakota | Tennessee | Vermont | Virginia | West Virginia | Wisconsin,Herb,Herbaceous perennial,3,8,Low,"Various rich, mesic, acid soils. Tolerates lime.",Moist,Acidic (pH<6.8),TRUE,TRUE,TRUE,FALSE,TRUE,FALSE,Yellow,FALSE,FALSE,FALSE,FALSE,FALSE,FALSE,TRUE,TRUE,TRUE,TRUE,FALSE,FALSE,FALSE,FALSE,FALSE,FALSE,FALSE,FALSE,FALSE,TRUE,FALSE
PLANT-00840,Solidago gattingeri,goldenrod,goldenrod,,https://inaturalist-open-data.s3.amazonaws.com/photos/31220103/medium.jpg,iNaturalist,Arkansas | Missouri | Tennessee | Texas,,Herbaceous perennial,5,8,Low,,,,FALSE,FALSE,FALSE,FALSE,FALSE,FALSE,,FALSE,FALSE,FALSE,FALSE,FALSE,FALSE,FALSE,FALSE,FALSE,FALSE,FALSE,FALSE,FALSE,FALSE,FALSE,FALSE,FALSE,FALSE,FALSE,FALSE,FALSE
PLANT-00841,Solidago gigantea,"Giant Goldenrod, Smooth Goldenrod, Tall Goldenrod, Late Goldenrod, Early Goldenrod","Giant Goldenrod, Smooth Goldenrod, Tall Goldenrod, Late Goldenrod, Early Goldenrod",Asteraceae,https://static.inaturalist.org/photos/51528183/medium.jpeg,iNaturalist,Alabama | Arkansas | Colorado | Connecticut | Delaware | Florida | Georgia | Illinois | Indiana | Iowa | Kansas | Kentucky | Louisiana | Maine | Maryland | Massachusetts | Michigan | Minnesota | Mississippi | Missouri | Montana | Nebraska | New Hampshire | New Jersey | New York | North Carolina | North Dakota | Ohio | Oklahoma | Pennsylvania | Rhode Island | South Carolina | South Dakota | Tennessee | Texas | Vermont | Virginia | West Virginia | Wisconsin | Wyoming,Herb,Herbaceous perennial,3,8,Low,,,,FALSE,TRUE,FALSE,FALSE,TRUE,FALSE,Yellow,FALSE,FALSE,FALSE,FALSE,FALSE,FALSE,FALSE,TRUE,TRUE,TRUE,FALSE,FALSE,FALSE,FALSE,FALSE,FALSE,FALSE,FALSE,FALSE,TRUE,FALSE
PLANT-00842,Solidago hispida,Hairy Goldenrod,Hairy Goldenrod,Asteraceae,https://inaturalist-open-data.s3.amazonaws.com/photos/2350791/medium.jpg,iNaturalist,Alabama | Arkansas | Connecticut | Delaware | Georgia | Illinois | Indiana | Iowa | Kentucky | Louisiana | Maine | Maryland | Massachusetts | Michigan | Minnesota | Mississippi | Missouri | New Hampshire | New Jersey | New York | North Carolina | Ohio | Oklahoma | Pennsylvania | Rhode Island | South Carolina | South Dakota | Tennessee | Vermont | Virginia | West Virginia | Wisconsin,Herb,Herbaceous perennial,3,8,Low,,,Alkaline (pH>7.2),FALSE,FALSE,FALSE,FALSE,FALSE,FALSE,Yellow,FALSE,FALSE,FALSE,FALSE,FALSE,FALSE,FALSE,TRUE,TRUE,TRUE,FALSE,FALSE,FALSE,FALSE,FALSE,FALSE,FALSE,FALSE,FALSE,TRUE,FALSE
PLANT-00843,Solidago juncea,"Early Goldenrod, Plume Goldenrod","Early Goldenrod, Plume Goldenrod",Asteraceae,https://inaturalist-open-data.s3.amazonaws.com/photos/425157/medium.jpg,iNaturalist,Alabama | Arkansas | Connecticut | Delaware | Georgia | Illinois | Indiana | Iowa | Kentucky | Louisiana | Maine | Maryland | Massachusetts | Michigan | Minnesota | Mississippi | Missouri | New Hampshire | New Jersey | New York | North Carolina | Ohio | Oklahoma | Pennsylvania | Rhode Island | South Carolina | Tennessee | Vermont | Virginia | West Virginia | Wisconsin,Herb,Herbaceous perennial,3,8,Low,"Dry, sandy soils.","Dry , Moist",,TRUE,TRUE,TRUE,FALSE,FALSE,FALSE,Yellow,FALSE,FALSE,FALSE,FALSE,FALSE,TRUE,TRUE,TRUE,FALSE,FALSE,FALSE,FALSE,FALSE,FALSE,FALSE,FALSE,FALSE,FALSE,FALSE,TRUE,FALSE
PLANT-00844,Solidago nemoralis,"Gray Goldenrod, Prairie Goldenrod, Oldfield Goldenrod, Grayleaf Goldenrod, Gray-leaved Goldenrod, Dyersweed Goldenrod, Dwarf Goldenrod, Field Goldenrod","Gray Goldenrod, Prairie Goldenrod, Oldfield Goldenrod, Grayleaf Goldenrod, Gray-leaved Goldenrod, Dyersweed Goldenrod, Dwarf Goldenrod, Field Goldenrod",Asteraceae,https://inaturalist-open-data.s3.amazonaws.com/photos/4745737/medium.jpeg,iNaturalist,Alabama | Arkansas | Colorado | Connecticut | Delaware | Florida | Georgia | Illinois | Indiana | Iowa | Kansas | Kentucky | Louisiana | Maine | Maryland | Massachusetts | Michigan | Minnesota | Mississippi | Missouri | Montana | Nebraska | New Hampshire | New Jersey | New Mexico | New York | North Carolina | North Dakota | Ohio | Oklahoma | Pennsylvania | Rhode Island | South Carolina | South Dakota | Tennessee | Texas | Vermont | Virginia | West Virginia | Wisconsin | Wyoming,Herb,Herbaceous perennial,3,9,Low,"Sandy, rocky soils. Sandy, Sandy Loam, Medium Loam, Clay Loam, Clay, Caliche type",Dry,,TRUE,TRUE,TRUE,FALSE,TRUE,FALSE,Yellow,FALSE,FALSE,FALSE,FALSE,FALSE,TRUE,TRUE,TRUE,TRUE,TRUE,FALSE,FALSE,FALSE,FALSE,FALSE,FALSE,FALSE,FALSE,FALSE,TRUE,FALSE
PLANT-00845,Solidago odora,"Anisescented Goldenrod, Anise-scented Goldenrod, Sweet Goldenrod","Anisescented Goldenrod, Anise-scented Goldenrod, Sweet Goldenrod",Asteraceae,https://inaturalist-open-data.s3.amazonaws.com/photos/24896651/medium.jpeg,iNaturalist,Alabama | Arkansas | Connecticut | Delaware | Florida | Georgia | Kentucky | Louisiana | Maryland | Massachusetts | Mississippi | Missouri | New Hampshire | New Jersey | New York | North Carolina | Ohio | Oklahoma | Pennsylvania | Rhode Island | South Carolina | Tennessee | Texas | Vermont | Virginia | West Virginia,Herb,Herbaceous perennial,4,9,Low,"Average to poor, sandy soils.",Moist,Acidic (pH<6.8),TRUE,FALSE,FALSE,FALSE,FALSE,FALSE,Yellow,FALSE,FALSE,FALSE,FALSE,FALSE,FALSE,TRUE,TRUE,TRUE,TRUE,FALSE,FALSE,FALSE,FALSE,FALSE,FALSE,FALSE,FALSE,FALSE,TRUE,FALSE
PLANT-00846,Solidago ouachitensis,Ouachita Mountain goldenrod,Ouachita Mountain goldenrod,,https://static.inaturalist.org/photos/5003400/medium.jpeg,iNaturalist,Arkansas | Oklahoma,,Herbaceous perennial,6,9,Low,,,,FALSE,FALSE,FALSE,FALSE,FALSE,FALSE,,FALSE,FALSE,FALSE,FALSE,FALSE,FALSE,FALSE,FALSE,FALSE,FALSE,FALSE,FALSE,FALSE,FALSE,FALSE,FALSE,FALSE,FALSE,FALSE,FALSE,FALSE
PLANT-00847,Solidago ptarmicoides,prairie aster,prairie aster,,https://inaturalist-open-data.s3.amazonaws.com/photos/172609006/medium.jpeg,iNaturalist,Arkansas | Colorado | Connecticut | Georgia | Illinois | Indiana | Iowa | Massachusetts | Michigan | Minnesota | Missouri | Montana | New Hampshire | New York | North Carolina | North Dakota | Ohio | Oklahoma | South Carolina | South Dakota | Tennessee | Vermont | Wisconsin | Wyoming,,Herbaceous perennial,3,8,Low,,,,FALSE,FALSE,FALSE,FALSE,FALSE,FALSE,,FALSE,FALSE,FALSE,FALSE,FALSE,FALSE,FALSE,FALSE,FALSE,FALSE,FALSE,FALSE,FALSE,FALSE,FALSE,FALSE,FALSE,FALSE,FALSE,FALSE,FALSE
PLANT-00848,Solidago riddellii,Riddell's goldenrod,Riddell's goldenrod,,,,Arkansas | Georgia | Illinois | Indiana | Iowa | Kansas | Michigan | Minnesota | Missouri | North Dakota | Ohio | South Dakota | Wisconsin,,Herbaceous perennial,3,7,Low,,,,FALSE,FALSE,FALSE,FALSE,FALSE,FALSE,,FALSE,FALSE,FALSE,FALSE,FALSE,FALSE,FALSE,FALSE,FALSE,FALSE,FALSE,FALSE,FALSE,FALSE,FALSE,FALSE,FALSE,FALSE,FALSE,FALSE,FALSE
PLANT-00849,Solidago rigida,goldenrod,goldenrod,,,,Alabama | Arkansas | Colorado | Connecticut | Georgia | Illinois | Indiana | Iowa | Kansas | Kentucky | Louisiana | Maryland | Massachusetts | Michigan | Minnesota | Mississippi | Missouri | Montana | Nebraska | New Jersey | New Mexico | New York | North Carolina | North Dakota | Ohio | Oklahoma | Pennsylvania | Rhode Island | South Carolina | South Dakota | Tennessee | Texas | Virginia | West Virginia | Wisconsin | Wyoming,,Herbaceous perennial,3,9,Medium,,,,FALSE,FALSE,FALSE,FALSE,FALSE,FALSE,,FALSE,FALSE,FALSE,FALSE,FALSE,FALSE,FALSE,FALSE,FALSE,FALSE,FALSE,FALSE,FALSE,FALSE,FALSE,FALSE,FALSE,FALSE,FALSE,FALSE,FALSE
PLANT-00850,Solidago rugosa,"Wrinkleleaf Goldenrod, Wrinkle-leaf Goldenrod, Rough-leaved Goldenrod, Roughleaf Goldenrod, Rough-stemmed Goldenrod, Roughstem Goldenrod","Wrinkleleaf Goldenrod, Wrinkle-leaf Goldenrod, Rough-leaved Goldenrod, Roughleaf Goldenrod, Rough-stemmed Goldenrod, Roughstem Goldenrod",Asteraceae,https://inaturalist-open-data.s3.amazonaws.com/photos/94984667/medium.jpg,iNaturalist,Alabama | Arkansas | Connecticut | Delaware | Florida | Georgia | Illinois | Indiana | Iowa | Kentucky | Louisiana | Maine | Maryland | Massachusetts | Michigan | Mississippi | Missouri | New Hampshire | New Jersey | New York | North Carolina | Ohio | Oklahoma | Pennsylvania | Rhode Island | South Carolina | Tennessee | Texas | Vermont | Virginia | West Virginia,Herb,Herbaceous perennial,4,8,Low,Most well-drained soils.,Wet,,TRUE,FALSE,FALSE,FALSE,TRUE,FALSE,Yellow,FALSE,FALSE,FALSE,FALSE,FALSE,FALSE,FALSE,TRUE,TRUE,TRUE,TRUE,FALSE,FALSE,FALSE,FALSE,FALSE,FALSE,FALSE,FALSE,TRUE,FALSE
PLANT-00851,Solidago shortii,Short's Goldenrod,Short's Goldenrod,Asteraceae,https://inaturalist-open-data.s3.amazonaws.com/photos/24790636/medium.jpg,iNaturalist,Indiana | Kentucky,Herb,Herbaceous perennial,6,9,Low,,,,FALSE,FALSE,FALSE,FALSE,FALSE,FALSE,Yellow,FALSE,FALSE,FALSE,FALSE,FALSE,FALSE,FALSE,TRUE,TRUE,TRUE,FALSE,FALSE,FALSE,FALSE,FALSE,FALSE,FALSE,FALSE,FALSE,TRUE,FALSE
PLANT-00852,Solidago speciosa,"Showy Goldenrod, Noble Goldenrod","Showy Goldenrod, Noble Goldenrod",Asteraceae,https://inaturalist-open-data.s3.amazonaws.com/photos/173927160/medium.jpg,iNaturalist,Alabama | Connecticut | Georgia | Indiana | Kentucky | Louisiana | Maryland | Massachusetts | Michigan | New Jersey | New York | North Carolina | Ohio | Rhode Island | South Carolina | Tennessee | Vermont | Virginia | West Virginia,Herb,Herbaceous perennial,3,8,Medium,Rocky or clay soils.,Moist,,FALSE,TRUE,FALSE,FALSE,FALSE,FALSE,Yellow,FALSE,FALSE,FALSE,FALSE,FALSE,FALSE,FALSE,TRUE,TRUE,TRUE,FALSE,FALSE,FALSE,FALSE,FALSE,FALSE,FALSE,FALSE,FALSE,TRUE,FALSE
PLANT-00853,Solidago uliginosa,Bog Goldenrod,Bog Goldenrod,Asteraceae,https://inaturalist-open-data.s3.amazonaws.com/photos/12983479/medium.jpg,iNaturalist,Alabama | Connecticut | Delaware | Georgia | Illinois | Maine | Michigan | Minnesota | New Hampshire | New York | North Carolina | Pennsylvania | Tennessee | Vermont | Virginia | West Virginia | Wisconsin,Herb,Herbaceous perennial,4,8,Low,,,Acidic (pH<6.8),FALSE,FALSE,FALSE,FALSE,FALSE,FALSE,Yellow,FALSE,FALSE,FALSE,FALSE,FALSE,FALSE,FALSE,TRUE,TRUE,FALSE,FALSE,FALSE,FALSE,FALSE,FALSE,FALSE,FALSE,FALSE,FALSE,TRUE,FALSE
PLANT-00854,Solidago ulmifolia,"Elmleaf Goldenrod, Elm-leaved Goldenrod","Elmleaf Goldenrod, Elm-leaved Goldenrod",Asteraceae,https://inaturalist-open-data.s3.amazonaws.com/photos/51268611/medium.jpg,iNaturalist,Alabama | Arkansas | Connecticut | Delaware | Florida | Georgia | Illinois | Indiana | Iowa | Kansas | Kentucky | Louisiana | Maine | Maryland | Massachusetts | Michigan | Minnesota | Mississippi | Missouri | Nebraska | New Hampshire | New Jersey | New York | North Carolina | Ohio | Oklahoma | Pennsylvania | Rhode Island | South Carolina | Tennessee | Texas | Vermont | Virginia | West Virginia | Wisconsin,Herb,Herbaceous perennial,3,8,Low,Rocky soils.,Dry,,TRUE,FALSE,FALSE,FALSE,FALSE,FALSE,Yellow,FALSE,FALSE,FALSE,FALSE,FALSE,FALSE,FALSE,TRUE,TRUE,TRUE,FALSE,FALSE,FALSE,FALSE,FALSE,FALSE,FALSE,FALSE,FALSE,TRUE,FALSE
PLANT-00855,Sorbus americana,"American Mountain Ash, American Mountain-ash","American Mountain Ash, American Mountain-ash",Rosaceae,https://inaturalist-open-data.s3.amazonaws.com/photos/15533/medium.jpg,iNaturalist,Connecticut | Georgia | Illinois | Maine | Maryland | Massachusetts | Michigan | Minnesota | New Hampshire | New Jersey | New York | North Carolina | Pennsylvania | Rhode Island | South Carolina | Tennessee | Virginia | West Virginia | Wisconsin,Tree,Deciduous shrub,3,6,Medium,"Cool, moist, acid soils.","Dry , Moist",,TRUE,TRUE,TRUE,FALSE,TRUE,FALSE,White,FALSE,FALSE,FALSE,TRUE,TRUE,TRUE,FALSE,FALSE,FALSE,FALSE,FALSE,FALSE,FALSE,FALSE,FALSE,FALSE,FALSE,FALSE,FALSE,TRUE,FALSE
PLANT-00856,Sorbus decora,"Northern Mountain Ash, Northern Mountain-ash, Showy Mountain-ash","Northern Mountain Ash, Northern Mountain-ash, Showy Mountain-ash",Rosaceae,https://inaturalist-open-data.s3.amazonaws.com/photos/15534/medium.jpg,iNaturalist,Connecticut | Illinois | Indiana | Iowa | Maine | Massachusetts | Michigan | Minnesota | New Hampshire | New York | Ohio | Pennsylvania | Vermont | Wisconsin,Tree,Tree,2,6,Medium,"Any poor- to well-drained, wet to mesic soil.",Moist,Circumneutral (pH 6.8-7.2),FALSE,TRUE,TRUE,FALSE,FALSE,FALSE,White,FALSE,FALSE,FALSE,FALSE,TRUE,TRUE,FALSE,FALSE,FALSE,FALSE,FALSE,FALSE,FALSE,FALSE,FALSE,FALSE,FALSE,FALSE,FALSE,TRUE,FALSE
PLANT-00857,Sorghastrum nutans,"Indiangrass, Yellow Indiangrass, Indian Grass","Indiangrass, Yellow Indiangrass, Indian Grass",Poaceae,,,Alabama | Arizona | Arkansas | Colorado | Connecticut | Delaware | Florida | Georgia | Illinois | Indiana | Iowa | Kansas | Kentucky | Louisiana | Maine | Maryland | Massachusetts | Michigan | Minnesota | Mississippi | Missouri | Montana | Nebraska | New Hampshire | New Jersey | New Mexico | New York | North Carolina | North Dakota | Ohio | Oklahoma | Pennsylvania | Rhode Island | South Carolina | South Dakota | Tennessee | Texas | Utah | Vermont | Virginia | West Virginia | Wisconsin | Wyoming,Grass/Grass-like,Ornamental grass,4,9,Medium,"Moist, rich soils. Calcareous, Sandy Sandy Loam, Medium Loam, Clay Loam, Clay, Limestone-based","Dry , Moist",,TRUE,TRUE,TRUE,FALSE,TRUE,FALSE,Yellow,FALSE,FALSE,FALSE,FALSE,FALSE,FALSE,FALSE,TRUE,TRUE,TRUE,FALSE,FALSE,FALSE,FALSE,FALSE,FALSE,FALSE,FALSE,FALSE,TRUE,FALSE
PLANT-00858,Spartina pectinata,"Prairie Cordgrass, Freshwater Cordgrass, Sloughgrass","Prairie Cordgrass, Freshwater Cordgrass, Sloughgrass",Poaceae,https://inaturalist-open-data.s3.amazonaws.com/photos/556992973/medium.jpg,iNaturalist,Arkansas | Colorado | Connecticut | Delaware | Georgia | Idaho | Illinois | Indiana | Iowa | Kansas | Kentucky | Louisiana | Maine | Maryland | Massachusetts | Michigan | Minnesota | Missouri | Montana | Nebraska | New Hampshire | New Jersey | New Mexico | New York | North Carolina | North Dakota | Ohio | Oklahoma | Oregon | Pennsylvania | Rhode Island | South Dakota | Tennessee | Texas | Utah | Vermont | Virginia | Washington | West Virginia | Wisconsin | Wyoming,Grass/Grass-like,Ornamental grass,4,9,Medium,"Wet to moist, rich soils.",Wet,,TRUE,FALSE,FALSE,FALSE,FALSE,TRUE,Yellow,FALSE,FALSE,FALSE,FALSE,FALSE,TRUE,FALSE,FALSE,FALSE,FALSE,FALSE,FALSE,FALSE,FALSE,FALSE,FALSE,FALSE,FALSE,FALSE,TRUE,FALSE
PLANT-00859,Spigelia marilandica,"Woodland Pinkroot, Pinkroot, Indian Pink","Woodland Pinkroot, Pinkroot, Indian Pink",Loganiaceae,https://inaturalist-open-data.s3.amazonaws.com/photos/169981/medium.jpg,iNaturalist,Alabama | Arkansas | Florida | Georgia | Illinois | Indiana | Kentucky | Louisiana | Maryland | Mississippi | Missouri | North Carolina | Oklahoma | South Carolina | Tennessee | Texas | Virginia,Herb,Herbaceous perennial,5,9,Low,"Moist, sandy, fertile soils. Sandy, Sandy Loam, Medium Loam, Acid-based",Dry,Acidic (pH<6.8),FALSE,TRUE,FALSE,FALSE,TRUE,FALSE,"Red , Yellow , Green",FALSE,FALSE,TRUE,TRUE,TRUE,TRUE,FALSE,FALSE,FALSE,FALSE,FALSE,FALSE,FALSE,FALSE,FALSE,FALSE,FALSE,FALSE,FALSE,TRUE,FALSE
PLANT-00860,Spiraea alba,White Meadowsweet,White Meadowsweet,Rosaceae,https://inaturalist-open-data.s3.amazonaws.com/photos/61182739/medium.jpeg,iNaturalist,Delaware | Illinois | Indiana | Iowa | Kentucky | Maryland | Massachusetts | Michigan | Minnesota | Missouri | New Jersey | New York | North Carolina | North Dakota | Ohio | Pennsylvania | South Dakota | Tennessee | Vermont | Virginia | West Virginia | Wisconsin,Shrub,Deciduous shrub,3,7,Low,Wet soils.,"Moist , Wet",Circumneutral (pH 6.8-7.2),TRUE,TRUE,TRUE,FALSE,TRUE,FALSE,"White , Pink",FALSE,FALSE,FALSE,FALSE,FALSE,TRUE,TRUE,TRUE,TRUE,FALSE,FALSE,FALSE,FALSE,FALSE,FALSE,FALSE,FALSE,FALSE,FALSE,TRUE,FALSE
PLANT-00861,Spiraea betulifolia,White Spirea,White Spirea,Rosaceae,https://static.inaturalist.org/photos/261365274/medium.jpg,iNaturalist,Alabama | Idaho | Maryland | Minnesota | Montana | New Jersey | North Carolina | North Dakota | Oregon | Pennsylvania | South Dakota | Tennessee | Virginia | Washington | Wyoming,Shrub,Deciduous shrub,5,8,Low,,,,FALSE,TRUE,FALSE,FALSE,FALSE,TRUE,White,FALSE,FALSE,FALSE,FALSE,FALSE,TRUE,TRUE,FALSE,FALSE,FALSE,FALSE,FALSE,FALSE,FALSE,FALSE,FALSE,FALSE,FALSE,FALSE,TRUE,FALSE
PLANT-00862,Spiraea douglasii,"Rose Spirea, Western Spiraea, Hardhack Spiraea","Rose Spirea, Western Spiraea, Hardhack Spiraea",Rosaceae,https://inaturalist-open-data.s3.amazonaws.com/photos/293367164/medium.jpeg,iNaturalist,Alaska | California | Colorado | Idaho | Montana | Oregon | Washington,Shrub,Deciduous shrub,5,8,Low,Moist soils.,Moist,,FALSE,TRUE,FALSE,TRUE,FALSE,FALSE,Pink,FALSE,FALSE,FALSE,FALSE,TRUE,TRUE,TRUE,TRUE,TRUE,FALSE,FALSE,FALSE,FALSE,FALSE,FALSE,FALSE,FALSE,FALSE,FALSE,TRUE,FALSE
PLANT-00863,Spiraea tomentosa,Steeplebush,Steeplebush,Rosaceae,https://inaturalist-open-data.s3.amazonaws.com/photos/17466/medium.jpg,iNaturalist,Arkansas | Connecticut | Delaware | Georgia | Illinois | Indiana | Kansas | Kentucky | Louisiana | Maine | Maryland | Massachusetts | Michigan | Minnesota | Mississippi | Missouri | New Hampshire | New Jersey | New York | North Carolina | Ohio | Oregon | Pennsylvania | Rhode Island | South Carolina | Tennessee | Vermont | Virginia | Washington | West Virginia | Wisconsin,Shrub,Deciduous shrub,3,8,Low,"Wet, moderately acid, soils.",Moist,Acidic (pH<6.8),TRUE,TRUE,TRUE,TRUE,FALSE,FALSE,"Red , Pink , Purple",FALSE,FALSE,FALSE,FALSE,TRUE,TRUE,TRUE,TRUE,TRUE,FALSE,FALSE,FALSE,FALSE,FALSE,FALSE,FALSE,FALSE,FALSE,FALSE,TRUE,FALSE
PLANT-00864,Spiranthes odorata,"Marsh Ladies'-tresses, Fragrant Ladies'-tresses, Marsh Lady's Tresses","Marsh Ladies'-tresses, Fragrant Ladies'-tresses, Marsh Lady's Tresses",Orchidaceae,https://static.inaturalist.org/photos/359820291/medium.jpg,iNaturalist,Alabama | Arkansas | Delaware | Florida | Georgia | Kentucky | Louisiana | Maryland | Mississippi | New Jersey | New York | North Carolina | Oklahoma | South Carolina | Tennessee | Texas | Virginia,Herb,Herbaceous perennial,5,9,Medium,,,,FALSE,FALSE,FALSE,FALSE,FALSE,FALSE,White,FALSE,FALSE,FALSE,FALSE,FALSE,FALSE,FALSE,FALSE,TRUE,TRUE,TRUE,TRUE,FALSE,FALSE,FALSE,FALSE,FALSE,FALSE,FALSE,TRUE,FALSE
PLANT-00865,Sporobolus heterolepis,Prairie Dropseed,Prairie Dropseed,Poaceae,https://static.inaturalist.org/photos/158094846/medium.jpg,iNaturalist,Arkansas | Colorado | Connecticut | Georgia | Illinois | Indiana | Iowa | Kansas | Kentucky | Maryland | Michigan | Minnesota | Missouri | Montana | Nebraska | New Mexico | New York | North Carolina | North Dakota | Ohio | Oklahoma | Pennsylvania | South Dakota | Tennessee | Virginia | Wisconsin | Wyoming,Grass/Grass-like,Ornamental grass,3,9,Low,"Dry, sandy soils.",Dry,,TRUE,FALSE,FALSE,TRUE,FALSE,FALSE,"Pink , Yellow , Green , Brown",FALSE,FALSE,FALSE,FALSE,FALSE,TRUE,TRUE,TRUE,FALSE,FALSE,FALSE,FALSE,FALSE,FALSE,FALSE,FALSE,FALSE,FALSE,FALSE,TRUE,FALSE
PLANT-00866,Staphylea pinnata,European bladdernut,European bladdernut,,https://inaturalist-open-data.s3.amazonaws.com/photos/511530274/medium.jpg,iNaturalist,Georgia,,Deciduous shrub,6,8,Low,,,,FALSE,FALSE,FALSE,FALSE,FALSE,FALSE,,FALSE,FALSE,FALSE,FALSE,FALSE,FALSE,FALSE,FALSE,FALSE,FALSE,FALSE,FALSE,FALSE,FALSE,FALSE,FALSE,FALSE,FALSE,FALSE,FALSE,FALSE
PLANT-00867,Staphylea trifolia,American Bladdernut,American Bladdernut,Staphyleaceae,https://inaturalist-open-data.s3.amazonaws.com/photos/30252001/medium.jpg,iNaturalist,Alabama | Arkansas | Connecticut | Delaware | Florida | Georgia | Illinois | Indiana | Iowa | Kansas | Kentucky | Louisiana | Maryland | Massachusetts | Michigan | Minnesota | Mississippi | Missouri | Nebraska | New Hampshire | New Jersey | New York | North Carolina | Ohio | Oklahoma | Pennsylvania | South Carolina | Tennessee | Vermont | Virginia | West Virginia | Wisconsin,Shrub,Deciduous shrub,3,8,Low,"Moist, well-drained sandy or silty loams.",Moist,Circumneutral (pH 6.8-7.2),FALSE,FALSE,TRUE,FALSE,FALSE,FALSE,White,FALSE,FALSE,FALSE,TRUE,TRUE,TRUE,FALSE,FALSE,FALSE,FALSE,FALSE,FALSE,FALSE,FALSE,FALSE,FALSE,FALSE,FALSE,FALSE,TRUE,FALSE
PLANT-00868,Stenaria nigricans,"Bluets, Diamond-flowers","Bluets, Diamond-flowers",Rubiaceae,https://static.inaturalist.org/photos/132933/medium.jpg,iNaturalist,Alabama | Arkansas | Colorado | Florida | Georgia | Illinois | Indiana | Iowa | Kansas | Kentucky | Louisiana | Michigan | Mississippi | Missouri | Nebraska | New Mexico | Ohio | Oklahoma | South Carolina | Tennessee | Texas | Virginia | West Virginia,Herb,Herbaceous perennial,4,8,Low,,,,FALSE,FALSE,FALSE,FALSE,FALSE,FALSE,"White , Pink , Purple",FALSE,FALSE,FALSE,TRUE,TRUE,TRUE,TRUE,TRUE,TRUE,TRUE,TRUE,FALSE,FALSE,FALSE,FALSE,FALSE,FALSE,FALSE,FALSE,TRUE,FALSE
PLANT-00869,Stewartia ovata,"Mountain Camellia, Mountain Stewartia","Mountain Camellia, Mountain Stewartia",Theaceae,https://static.inaturalist.org/photos/41667415/medium.jpg,iNaturalist,Alabama | Florida | Georgia | Kentucky | Mississippi | North Carolina | South Carolina | Tennessee | Virginia,Shrub,Tree,5,9,Low,"Moist, humus rich, sandy loams.",Moist,Acidic (pH<6.8),FALSE,FALSE,TRUE,FALSE,FALSE,FALSE,White,FALSE,FALSE,FALSE,FALSE,TRUE,TRUE,TRUE,TRUE,TRUE,TRUE,FALSE,FALSE,FALSE,FALSE,FALSE,FALSE,FALSE,FALSE,FALSE,TRUE,FALSE
PLANT-00870,Stokesia laevis,Stokes Aster,Stokes Aster,Asteraceae,https://inaturalist-open-data.s3.amazonaws.com/photos/503598916/medium.jpeg,iNaturalist,Alabama | Florida | Georgia | Louisiana | Mississippi | North Carolina | South Carolina,Herb,Herbaceous perennial,5,9,Low,"Moist, rich, well-drained soil, acidic sands preferred.",Moist,Acidic (pH<6.8),TRUE,TRUE,FALSE,FALSE,TRUE,TRUE,"White , Blue , Purple",FALSE,FALSE,FALSE,FALSE,TRUE,TRUE,TRUE,TRUE,TRUE,FALSE,FALSE,FALSE,FALSE,FALSE,FALSE,FALSE,FALSE,FALSE,FALSE,TRUE,FALSE
PLANT-00871,Stylophorum diphyllum,"Celandine Poppy, Yellow Wood Poppy","Celandine Poppy, Yellow Wood Poppy",Papaveraceae,https://inaturalist-open-data.s3.amazonaws.com/photos/8075178/medium.jpg,iNaturalist,Alabama | Arkansas | Delaware | Georgia | Illinois | Indiana | Kentucky | Maryland | Michigan | Missouri | Ohio | Pennsylvania | Tennessee | Virginia | West Virginia,Herb,Herbaceous perennial,4,9,High,"Rich, acidic, well-drained soils. Tolerates lime.",Moist,Acidic (pH<6.8),FALSE,TRUE,TRUE,FALSE,TRUE,FALSE,"Orange , Yellow",FALSE,FALSE,TRUE,TRUE,TRUE,FALSE,FALSE,FALSE,FALSE,FALSE,FALSE,FALSE,FALSE,FALSE,FALSE,FALSE,FALSE,FALSE,FALSE,TRUE,FALSE
PLANT-00872,Styrax americanus,"American Snowbell, American Snowbells, American Silverbells, Big-leaf Snowbell, Storax","American Snowbell, American Snowbells, American Silverbells, Big-leaf Snowbell, Storax",Styracaceae,https://static.inaturalist.org/photos/58536192/medium.jpeg,iNaturalist,Alabama | Arkansas | Florida | Georgia | Illinois | Indiana | Kentucky | Louisiana | Mississippi | Missouri | North Carolina | Ohio | Oklahoma | Pennsylvania | South Carolina | Tennessee | Texas | Virginia,Tree,Deciduous shrub,6,8,Medium,"Moist to wet, cool, acid soils. Acid-based, Sandy, Sandy Loam",Wet,,FALSE,TRUE,FALSE,FALSE,TRUE,FALSE,White,FALSE,FALSE,TRUE,TRUE,TRUE,TRUE,TRUE,FALSE,FALSE,FALSE,FALSE,FALSE,FALSE,FALSE,FALSE,FALSE,FALSE,FALSE,FALSE,TRUE,FALSE
PLANT-00873,Swietenia mahagoni,West Indian mahogany,West Indian mahogany,,https://inaturalist-open-data.s3.amazonaws.com/photos/1691499/medium.jpg,iNaturalist,Florida,,Tree,10,11,Medium,,,,FALSE,FALSE,FALSE,FALSE,FALSE,FALSE,,FALSE,FALSE,FALSE,FALSE,FALSE,FALSE,FALSE,FALSE,FALSE,FALSE,FALSE,FALSE,FALSE,FALSE,FALSE,FALSE,FALSE,FALSE,FALSE,FALSE,FALSE
PLANT-00874,Symphoricarpos orbiculatus,"Coralberry, Indian Currant, Buckbrush","Coralberry, Indian Currant, Buckbrush",Caprifoliaceae,https://inaturalist-open-data.s3.amazonaws.com/photos/6613354/medium.jpg,iNaturalist,Alabama | Arkansas | Connecticut | Delaware | Florida | Georgia | Illinois | Indiana | Iowa | Kansas | Kentucky | Louisiana | Maryland | Massachusetts | Michigan | Minnesota | Mississippi | Missouri | Nebraska | New Jersey | New York | North Carolina | Ohio | Oklahoma | Pennsylvania | Rhode Island | South Carolina | South Dakota | Tennessee | Texas | Utah | Vermont | Virginia | West Virginia | Wisconsin,Shrub,Deciduous shrub,2,7,Medium,"Well-drained sand, loam, or clay.","Dry , Moist",Circumneutral (pH 6.8-7.2),FALSE,TRUE,TRUE,TRUE,TRUE,FALSE,"White , Green",FALSE,FALSE,FALSE,TRUE,TRUE,TRUE,TRUE,TRUE,TRUE,FALSE,FALSE,FALSE,FALSE,FALSE,FALSE,FALSE,FALSE,FALSE,FALSE,TRUE,FALSE
PLANT-00875,Symphyotrichum anomalum,Manyray Aster,Manyray Aster,Asteraceae,https://inaturalist-open-data.s3.amazonaws.com/photos/51831446/medium.jpeg,iNaturalist,Arkansas | Illinois | Kansas | Missouri | Oklahoma,Herb,Herbaceous perennial,5,7,Low,,,,FALSE,FALSE,FALSE,FALSE,FALSE,FALSE,"White , Blue , Purple",FALSE,FALSE,FALSE,FALSE,FALSE,FALSE,FALSE,TRUE,TRUE,TRUE,FALSE,FALSE,FALSE,FALSE,FALSE,FALSE,FALSE,FALSE,FALSE,TRUE,FALSE
PLANT-00876,Symphyotrichum cordifolium,"Broad-leaved Aster, Common Blue Wood Aster, Heartleaf Aster","Broad-leaved Aster, Common Blue Wood Aster, Heartleaf Aster",Asteraceae,https://inaturalist-open-data.s3.amazonaws.com/photos/234797159/medium.jpeg,iNaturalist,Alabama | Arkansas | Connecticut | Delaware | Florida | Georgia | Illinois | Indiana | Iowa | Kansas | Kentucky | Maine | Maryland | Massachusetts | Michigan | Minnesota | Mississippi | Missouri | Nebraska | New Hampshire | New Jersey | New York | North Carolina | North Dakota | Ohio | Oklahoma | Pennsylvania | Rhode Island | South Carolina | South Dakota | Tennessee | Vermont | Virginia | West Virginia | Wisconsin,Herb,Herbaceous perennial,3,8,Low,"Clay, Loam, Sand",Moist,,TRUE,FALSE,FALSE,TRUE,FALSE,FALSE,"White , Pink , Blue , Purple",FALSE,FALSE,FALSE,FALSE,FALSE,TRUE,TRUE,TRUE,TRUE,TRUE,TRUE,FALSE,FALSE,FALSE,FALSE,FALSE,FALSE,FALSE,FALSE,TRUE,FALSE
PLANT-00877,Symphyotrichum drummondii,Drummond's Aster,Drummond's Aster,Asteraceae,https://inaturalist-open-data.s3.amazonaws.com/photos/10436335/medium.jpeg,iNaturalist,Alabama | Arkansas | Georgia | Illinois | Indiana | Iowa | Kansas | Kentucky | Louisiana | Maryland | Michigan | Minnesota | Mississippi | Missouri | Nebraska | Ohio | Oklahoma | Pennsylvania | Tennessee | Texas | Vermont | West Virginia | Wisconsin,Herb,Herbaceous perennial,5,8,Low,,,,FALSE,FALSE,FALSE,FALSE,FALSE,FALSE,"White , Yellow , Blue , Purple",FALSE,FALSE,FALSE,FALSE,FALSE,FALSE,FALSE,TRUE,TRUE,TRUE,TRUE,FALSE,FALSE,FALSE,FALSE,FALSE,FALSE,FALSE,FALSE,TRUE,FALSE
PLANT-00878,Symphyotrichum ericoides,"White Heath Aster, Heath Aster","White Heath Aster, Heath Aster",Asteraceae,https://inaturalist-open-data.s3.amazonaws.com/photos/51847175/medium.jpg,iNaturalist,Alabama | Arizona | Arkansas | Colorado | Connecticut | Delaware | Georgia | Idaho | Illinois | Indiana | Iowa | Kansas | Maine | Maryland | Massachusetts | Michigan | Minnesota | Mississippi | Missouri | Montana | Nebraska | New Hampshire | New Jersey | New Mexico | New York | North Dakota | Ohio | Oklahoma | Oregon | Pennsylvania | Rhode Island | South Dakota | Tennessee | Texas | Utah | Vermont | Virginia | Washington | West Virginia | Wisconsin | Wyoming,Herb,Herbaceous perennial,3,10,Low,,Dry,,TRUE,FALSE,FALSE,FALSE,FALSE,FALSE,"White , Pink , Yellow , Blue",FALSE,FALSE,FALSE,FALSE,FALSE,FALSE,TRUE,TRUE,TRUE,TRUE,TRUE,FALSE,FALSE,FALSE,FALSE,FALSE,FALSE,FALSE,FALSE,TRUE,FALSE
PLANT-00879,Symphyotrichum laeve,Smooth Blue Aster,Smooth Blue Aster,Asteraceae,https://inaturalist-open-data.s3.amazonaws.com/photos/411456090/medium.jpeg,iNaturalist,Alabama | Arkansas | Connecticut | Delaware | Georgia | Illinois | Indiana | Iowa | Kansas | Kentucky | Maine | Maryland | Massachusetts | Michigan | Minnesota | Missouri | Nebraska | New Hampshire | New Jersey | New York | North Carolina | North Dakota | Ohio | Oklahoma | Pennsylvania | Rhode Island | South Dakota | Tennessee | Vermont | Virginia | West Virginia | Wisconsin,Herb,Herbaceous perennial,3,8,Low,,Dry,,TRUE,FALSE,FALSE,FALSE,FALSE,FALSE,"White , Yellow , Blue , Purple",FALSE,FALSE,FALSE,FALSE,FALSE,FALSE,TRUE,TRUE,TRUE,TRUE,FALSE,FALSE,FALSE,FALSE,FALSE,FALSE,FALSE,FALSE,FALSE,TRUE,FALSE
PLANT-00880,Symphyotrichum lateriflorum,Calico Aster,Calico Aster,Asteraceae,https://inaturalist-open-data.s3.amazonaws.com/photos/5044116/medium.jpg,iNaturalist,Alabama | Arkansas | Connecticut | Delaware | Florida | Georgia | Illinois | Indiana | Iowa | Kansas | Kentucky | Louisiana | Maine | Maryland | Massachusetts | Michigan | Minnesota | Mississippi | Missouri | Nebraska | New Hampshire | New Jersey | New York | North Carolina | Ohio | Oklahoma | Pennsylvania | Rhode Island | South Carolina | South Dakota | Tennessee | Texas | Vermont | Virginia | West Virginia | Wisconsin,Herb,Herbaceous perennial,4,8,Low,,,,TRUE,FALSE,FALSE,FALSE,FALSE,FALSE,"White , Pink , Yellow , Purple",FALSE,FALSE,FALSE,FALSE,FALSE,FALSE,FALSE,TRUE,TRUE,TRUE,FALSE,FALSE,FALSE,FALSE,FALSE,FALSE,FALSE,FALSE,FALSE,TRUE,FALSE
PLANT-00881,Symphyotrichum novae-angliae,"New England Aster, New England American-aster","New England Aster, New England American-aster",Asteraceae,https://inaturalist-open-data.s3.amazonaws.com/photos/52293886/medium.jpg,iNaturalist,Alabama | Arkansas | Colorado | Connecticut | Delaware | Georgia | Illinois | Indiana | Iowa | Kansas | Kentucky | Maine | Maryland | Massachusetts | Michigan | Minnesota | Mississippi | Missouri | Montana | Nebraska | New Hampshire | New Jersey | New Mexico | New York | North Carolina | North Dakota | Ohio | Oklahoma | Oregon | Pennsylvania | Rhode Island | South Carolina | South Dakota | Tennessee | Utah | Vermont | Virginia | Washington | West Virginia | Wisconsin | Wyoming,Herb,Herbaceous perennial,4,8,Medium,Moist soils.,Moist,Acidic (pH<6.8),FALSE,TRUE,FALSE,FALSE,FALSE,FALSE,"Pink , Yellow , Purple",FALSE,FALSE,FALSE,FALSE,FALSE,FALSE,FALSE,TRUE,TRUE,TRUE,TRUE,FALSE,FALSE,FALSE,FALSE,FALSE,FALSE,FALSE,FALSE,TRUE,FALSE
PLANT-00882,Symphyotrichum oblongifolium,"Aromatic Aster, Aromatic American Aster, Fall Aster, Wild Blue Aster, Shale Aster","Aromatic Aster, Aromatic American Aster, Fall Aster, Wild Blue Aster, Shale Aster",Asteraceae,,,Alabama | Arkansas | Colorado | Illinois | Indiana | Iowa | Kansas | Kentucky | Maryland | Michigan | Minnesota | Mississippi | Missouri | Montana | Nebraska | New Mexico | North Carolina | North Dakota | Ohio | Oklahoma | Pennsylvania | South Dakota | Tennessee | Texas | Virginia | West Virginia | Wisconsin | Wyoming,Herb,Herbaceous perennial,3,8,Medium,"Rocky, calcareous or sandy soils. Well drained.","Dry , Moist",,TRUE,TRUE,FALSE,TRUE,FALSE,FALSE,"Purple , Violet",FALSE,FALSE,FALSE,FALSE,FALSE,FALSE,FALSE,FALSE,TRUE,TRUE,TRUE,FALSE,FALSE,FALSE,FALSE,FALSE,FALSE,FALSE,FALSE,TRUE,FALSE
PLANT-00883,Symphyotrichum oolentangiense,"Skyblue Aster, Sky Blue American-aster, Azure Aster, Blue Devils","Skyblue Aster, Sky Blue American-aster, Azure Aster, Blue Devils",Asteraceae,,,Alabama | Arkansas | Delaware | Florida | Georgia | Illinois | Indiana | Iowa | Kansas | Kentucky | Louisiana | Maryland | Michigan | Minnesota | Mississippi | Missouri | Nebraska | New York | North Carolina | Ohio | Oklahoma | South Carolina | South Dakota | Tennessee | Texas | Virginia | Wisconsin,Herb,Herbaceous perennial,3,8,Low,"Mesic to dry, average soils.","Dry , Moist",,TRUE,TRUE,TRUE,TRUE,FALSE,FALSE,"Blue , Purple , Violet",FALSE,FALSE,FALSE,FALSE,FALSE,FALSE,FALSE,FALSE,TRUE,TRUE,TRUE,FALSE,FALSE,FALSE,FALSE,FALSE,FALSE,FALSE,FALSE,TRUE,FALSE
PLANT-00884,Symphyotrichum patens,Late Purple Aster,Late Purple Aster,Asteraceae,,,Alabama | Arkansas | Connecticut | Delaware | Florida | Georgia | Illinois | Indiana | Kansas | Kentucky | Louisiana | Maine | Maryland | Massachusetts | Michigan | Minnesota | Mississippi | Missouri | New Hampshire | New Jersey | New York | North Carolina | Ohio | Oklahoma | Pennsylvania | Rhode Island | South Carolina | Tennessee | Texas | Virginia | West Virginia,Herb,Herbaceous perennial,4,8,Low,,,,FALSE,FALSE,FALSE,FALSE,FALSE,FALSE,"Purple , Violet",FALSE,FALSE,FALSE,FALSE,FALSE,FALSE,FALSE,TRUE,TRUE,TRUE,TRUE,TRUE,FALSE,FALSE,FALSE,FALSE,FALSE,FALSE,FALSE,TRUE,FALSE
PLANT-00885,Symphyotrichum pilosum,Hairy White Oldfield Aster,Hairy White Oldfield Aster,Asteraceae,,,Alabama | Arkansas | Florida | Georgia | Illinois | Indiana | Iowa | Kansas | Kentucky | Maine | Massachusetts | Michigan | Minnesota | Mississippi | Missouri | Nebraska | New Hampshire | New Jersey | New York | North Carolina | Ohio | Oklahoma | Pennsylvania | South Carolina | South Dakota | Tennessee | Virginia | Wisconsin,Herb,Herbaceous perennial,4,8,Low,,,,FALSE,FALSE,FALSE,FALSE,FALSE,FALSE,"White , Pink , Blue",FALSE,FALSE,FALSE,FALSE,FALSE,FALSE,FALSE,TRUE,TRUE,TRUE,FALSE,FALSE,FALSE,FALSE,FALSE,FALSE,FALSE,FALSE,FALSE,TRUE,FALSE
PLANT-00886,Symphyotrichum praealtum,Willowleaf Aster,Willowleaf Aster,Asteraceae,https://inaturalist-open-data.s3.amazonaws.com/photos/99582643/medium.jpg,iNaturalist,Alabama | Arkansas | Connecticut | Delaware | Florida | Illinois | Indiana | Iowa | Kansas | Kentucky | Louisiana | Maine | Maryland | Massachusetts | Michigan | Mississippi | Missouri | Nebraska | New Hampshire | New Jersey | New York | Ohio | Oklahoma | Pennsylvania | Rhode Island | South Dakota | Tennessee | Texas | Virginia | West Virginia | Wisconsin,Herb,Herbaceous perennial,4,8,Low,,Moist,,TRUE,TRUE,TRUE,FALSE,FALSE,FALSE,"White , Blue , Purple , Violet",FALSE,FALSE,FALSE,FALSE,FALSE,FALSE,FALSE,TRUE,TRUE,TRUE,TRUE,FALSE,FALSE,FALSE,FALSE,FALSE,FALSE,FALSE,FALSE,TRUE,FALSE
PLANT-00887,Symphyotrichum puniceum,"Purplestem Aster, Purple-stemmed Aster","Purplestem Aster, Purple-stemmed Aster",Asteraceae,https://inaturalist-open-data.s3.amazonaws.com/photos/158898865/medium.jpg,iNaturalist,Alabama | Connecticut | Delaware | Georgia | Illinois | Indiana | Iowa | Maine | Maryland | Michigan | Minnesota | Missouri | New Hampshire | New Jersey | New York | North Carolina | North Dakota | Ohio | Pennsylvania | Rhode Island | South Carolina | South Dakota | Tennessee | Vermont | Virginia | West Virginia | Wisconsin,Herb,Herbaceous perennial,2,9,Low,,"Moist , Wet",,TRUE,FALSE,FALSE,FALSE,FALSE,FALSE,"White , Pink , Blue , Purple",FALSE,FALSE,FALSE,FALSE,FALSE,FALSE,TRUE,TRUE,TRUE,TRUE,TRUE,FALSE,FALSE,FALSE,FALSE,FALSE,FALSE,FALSE,FALSE,TRUE,FALSE
PLANT-00888,Symphyotrichum sericeum,"Western Silver Aster, Western Silver American-aster, Silky Aster","Western Silver Aster, Western Silver American-aster, Silky Aster",Asteraceae,https://inaturalist-open-data.s3.amazonaws.com/photos/567998831/medium.jpg,iNaturalist,Arkansas | Illinois | Indiana | Iowa | Kansas | Michigan | Minnesota | Missouri | Nebraska | New Mexico | North Dakota | Ohio | Oklahoma | South Dakota | Texas | Wisconsin,Herb,Herbaceous perennial,4,8,Low,Dry soils.,Dry,Acidic (pH<6.8),TRUE,TRUE,FALSE,FALSE,FALSE,FALSE,"White , Pink , Blue , Purple",FALSE,FALSE,FALSE,FALSE,FALSE,FALSE,FALSE,TRUE,TRUE,TRUE,FALSE,FALSE,FALSE,FALSE,FALSE,FALSE,FALSE,FALSE,FALSE,TRUE,FALSE
PLANT-00889,Symphyotrichum turbinellum,Smooth Violet Prairie Aster,Smooth Violet Prairie Aster,Asteraceae,https://inaturalist-open-data.s3.amazonaws.com/photos/160110997/medium.jpg,iNaturalist,Arkansas | Illinois | Iowa | Kansas | Louisiana | Missouri | Nebraska | Oklahoma,Herb,Herbaceous perennial,5,8,Low,,,,FALSE,FALSE,FALSE,FALSE,FALSE,FALSE,"Yellow , Blue , Purple",FALSE,FALSE,FALSE,FALSE,FALSE,FALSE,FALSE,TRUE,TRUE,TRUE,FALSE,FALSE,FALSE,FALSE,FALSE,FALSE,FALSE,FALSE,FALSE,TRUE,FALSE
PLANT-00890,Symplocarpus foetidus,"Skunk Cabbage, Skunk-cabbage","Skunk Cabbage, Skunk-cabbage",Araceae,https://inaturalist-open-data.s3.amazonaws.com/photos/1840324/medium.jpg,iNaturalist,Connecticut | Delaware | Illinois | Indiana | Iowa | Maine | Maryland | Massachusetts | Michigan | Minnesota | New Hampshire | New Jersey | New York | North Carolina | Ohio | Pennsylvania | Rhode Island | Tennessee | Vermont | Virginia | West Virginia | Wisconsin,Herb,Herbaceous perennial,4,7,Low,"Damp, humus-rich soil.",Wet,,FALSE,FALSE,TRUE,FALSE,FALSE,TRUE,"Yellow , Green , Purple , Brown",FALSE,TRUE,TRUE,TRUE,TRUE,FALSE,FALSE,FALSE,FALSE,FALSE,FALSE,FALSE,FALSE,FALSE,FALSE,FALSE,FALSE,FALSE,FALSE,TRUE,FALSE
PLANT-00891,Taenidia integerrima,Yellow Pimpernel,Yellow Pimpernel,Apiaceae,https://inaturalist-open-data.s3.amazonaws.com/photos/20567134/medium.jpg,iNaturalist,Alabama | Arkansas | Connecticut | Delaware | Georgia | Illinois | Indiana | Iowa | Kansas | Kentucky | Louisiana | Maryland | Michigan | Minnesota | Mississippi | Missouri | New Jersey | New York | North Carolina | Ohio | Oklahoma | Pennsylvania | Rhode Island | South Carolina | South Dakota | Tennessee | Texas | Vermont | Virginia | West Virginia | Wisconsin,Herb,Herbaceous perennial,4,8,Medium,,,,FALSE,FALSE,FALSE,FALSE,FALSE,FALSE,Yellow,FALSE,FALSE,FALSE,FALSE,TRUE,TRUE,TRUE,FALSE,FALSE,FALSE,FALSE,FALSE,FALSE,FALSE,FALSE,FALSE,FALSE,FALSE,FALSE,TRUE,FALSE
PLANT-00892,Taxodium distichum var. distichum,bald cypress,bald cypress,,,,Alabama | Arkansas | Delaware | Florida | Georgia | Illinois | Indiana | Kentucky | Louisiana | Maryland | Mississippi | Missouri | North Carolina | Oklahoma | South Carolina | Tennessee | Texas | Virginia,,Tree,4,9,Low,,,,FALSE,FALSE,FALSE,FALSE,FALSE,FALSE,,FALSE,FALSE,FALSE,FALSE,FALSE,FALSE,FALSE,FALSE,FALSE,FALSE,FALSE,FALSE,FALSE,FALSE,FALSE,FALSE,FALSE,FALSE,FALSE,FALSE,FALSE
PLANT-00893,Taxodium distichum var. imbricarium,pond cypress,pond cypress,,,,Alabama | Florida | Georgia | Louisiana | Mississippi | North Carolina | South Carolina | Texas | Virginia,,Tree,5,9,Low,,,,FALSE,FALSE,FALSE,FALSE,FALSE,FALSE,,FALSE,FALSE,FALSE,FALSE,FALSE,FALSE,FALSE,FALSE,FALSE,FALSE,FALSE,FALSE,FALSE,FALSE,FALSE,FALSE,FALSE,FALSE,FALSE,FALSE,FALSE
PLANT-00894,Taxus baccata,English yew,English yew,,https://inaturalist-open-data.s3.amazonaws.com/photos/8502/medium.jpg,iNaturalist,Georgia,,Needled evergreen,6,7,Low,,,,FALSE,FALSE,FALSE,FALSE,FALSE,FALSE,,FALSE,FALSE,FALSE,FALSE,FALSE,FALSE,FALSE,FALSE,FALSE,FALSE,FALSE,FALSE,FALSE,FALSE,FALSE,FALSE,FALSE,FALSE,FALSE,FALSE,FALSE
PLANT-00895,Taxus floridana,Florida yew,Florida yew,,https://inaturalist-open-data.s3.amazonaws.com/photos/73500332/medium.jpeg,iNaturalist,Florida,,Needled evergreen,8,10,Medium,,,,FALSE,FALSE,FALSE,FALSE,FALSE,FALSE,,FALSE,FALSE,FALSE,FALSE,FALSE,FALSE,FALSE,FALSE,FALSE,FALSE,FALSE,FALSE,FALSE,FALSE,FALSE,FALSE,FALSE,FALSE,FALSE,FALSE,FALSE
PLANT-00896,Tecoma stans,"Yellow Bells, Yellowbells, Esperanza, Yellow Trumpetbush, Yellow Trumpetflower, Trumpetbush, Trumpetflower, Yellow Elder, Hardy Yellow Trumpet, Yellow Trumpet Bush","Yellow Bells, Yellowbells, Esperanza, Yellow Trumpetbush, Yellow Trumpetflower, Trumpetbush, Trumpetflower, Yellow Elder, Hardy Yellow Trumpet, Yellow Trumpet Bush",Bignoniaceae,https://inaturalist-open-data.s3.amazonaws.com/photos/248877294/medium.jpeg,iNaturalist,Arizona | Florida | New Mexico | Texas,Shrub,Broadleaf evergreen,10,11,Medium,"Well drained, rocky, limestone, sand, and loam soils",Dry,,TRUE,TRUE,FALSE,TRUE,FALSE,FALSE,Yellow,FALSE,FALSE,FALSE,TRUE,TRUE,TRUE,TRUE,TRUE,TRUE,TRUE,TRUE,FALSE,FALSE,FALSE,FALSE,FALSE,FALSE,FALSE,FALSE,TRUE,FALSE
PLANT-00897,Tellima grandiflora,"Bigflower Tellima, Fragrant Fringecup","Bigflower Tellima, Fragrant Fringecup",Saxifragaceae,https://inaturalist-open-data.s3.amazonaws.com/photos/143999155/medium.jpg,iNaturalist,Alaska | California | Idaho | Montana | Oregon | Washington,Herb,Herbaceous perennial,4,7,Low,"Moist, rich, well-drained soils.",Moist,,TRUE,TRUE,TRUE,FALSE,FALSE,FALSE,"White , Red , Pink , Green",FALSE,FALSE,FALSE,TRUE,TRUE,TRUE,TRUE,FALSE,FALSE,FALSE,FALSE,FALSE,TRUE,FALSE,FALSE,FALSE,FALSE,FALSE,FALSE,TRUE,TRUE
PLANT-00898,Tephrosia virginiana,"Goat's Rue, Virginia Tephrosia, Devil's Shoestring","Goat's Rue, Virginia Tephrosia, Devil's Shoestring",Fabaceae,https://inaturalist-open-data.s3.amazonaws.com/photos/9191638/medium.jpeg,iNaturalist,Alabama | Arkansas | Connecticut | Delaware | Florida | Georgia | Illinois | Indiana | Iowa | Kansas | Kentucky | Louisiana | Maryland | Massachusetts | Michigan | Minnesota | Mississippi | Missouri | Nebraska | New Hampshire | New Jersey | New York | North Carolina | Ohio | Oklahoma | Pennsylvania | Rhode Island | South Carolina | Tennessee | Texas | Virginia | West Virginia | Wisconsin,Herb,Herbaceous perennial,3,9,Low,Sandy soils.,Dry,,TRUE,TRUE,TRUE,FALSE,FALSE,FALSE,"Pink , Yellow",FALSE,FALSE,FALSE,TRUE,TRUE,TRUE,TRUE,FALSE,FALSE,FALSE,FALSE,FALSE,FALSE,FALSE,FALSE,FALSE,FALSE,FALSE,FALSE,TRUE,FALSE
PLANT-00899,Terminalia catappa,tropical almond,tropical almond,,https://static.inaturalist.org/photos/51210593/medium.jpeg,iNaturalist,Hawaii,,Tree,10,11,Low,,,,FALSE,FALSE,FALSE,FALSE,FALSE,FALSE,,FALSE,FALSE,FALSE,FALSE,FALSE,FALSE,FALSE,FALSE,FALSE,FALSE,FALSE,FALSE,FALSE,FALSE,FALSE,FALSE,FALSE,FALSE,FALSE,FALSE,FALSE
PLANT-00900,Teucrium canadense,"American Germander, Canada Germander, Canadian Germander, Germander, Hairy Germander, Wood Sage","American Germander, Canada Germander, Canadian Germander, Germander, Hairy Germander, Wood Sage",Lamiaceae,https://inaturalist-open-data.s3.amazonaws.com/photos/519213061/medium.jpg,iNaturalist,Alabama | Arizona | Arkansas | Colorado | Connecticut | Florida | Georgia | Illinois | Iowa | Kansas | Maine | Massachusetts | Minnesota | Mississippi | Missouri | Montana | Nebraska | New Hampshire | New Jersey | New Mexico | New York | North Dakota | Ohio | Oklahoma | Oregon | Pennsylvania | Rhode Island | South Dakota | Tennessee | Texas | Vermont | Virginia | Washington | Wyoming,Herb,Herbaceous perennial,4,9,Medium,"Sandy Sandy Loam Clay Loam Clay, Medium Loam Caliche type, Limestone-based
Gypseous",Moist,,FALSE,TRUE,FALSE,FALSE,FALSE,TRUE,"White , Pink , Purple",FALSE,FALSE,FALSE,FALSE,TRUE,TRUE,TRUE,TRUE,TRUE,TRUE,FALSE,FALSE,FALSE,FALSE,FALSE,FALSE,FALSE,FALSE,FALSE,TRUE,FALSE
PLANT-00901,Thalia dealbata,"Powdery Alligator-flag, Powdery Thalia, Water Canna","Powdery Alligator-flag, Powdery Thalia, Water Canna",Marantaceae,https://inaturalist-open-data.s3.amazonaws.com/photos/84955827/medium.jpg,iNaturalist,Alabama | Arkansas | Georgia | Illinois | Louisiana | Mississippi | Missouri | Oklahoma | South Carolina | Texas,Herb,Herbaceous perennial,6,10,Low,"Shallow water or poorly drained, wet soils. Mud, Saline tolerant",Wet,,FALSE,TRUE,FALSE,FALSE,FALSE,TRUE,"White , Purple",FALSE,FALSE,FALSE,FALSE,TRUE,TRUE,TRUE,TRUE,TRUE,TRUE,FALSE,FALSE,FALSE,FALSE,FALSE,FALSE,FALSE,FALSE,FALSE,TRUE,FALSE
PLANT-00902,Thalictrum dasycarpum,"Purple Meadow-rue, Tall Meadow-rue, Meadow Rue","Purple Meadow-rue, Tall Meadow-rue, Meadow Rue",Ranunculaceae,https://inaturalist-open-data.s3.amazonaws.com/photos/20631492/medium.jpg,iNaturalist,Alabama | Arizona | Arkansas | Colorado | Idaho | Illinois | Indiana | Iowa | Kansas | Kentucky | Louisiana | Michigan | Minnesota | Mississippi | Missouri | Montana | Nebraska | New Mexico | New York | North Dakota | Ohio | Oklahoma | Pennsylvania | South Dakota | Tennessee | Texas | Utah | Washington | Wisconsin | Wyoming,Herb,Herbaceous perennial,4,7,Medium,"Rich, sandy or calcareous loams. Sandy, Sandy Loam, Medium Loam Clay Loam Acid-based, Calcareous","Moist , Wet",,FALSE,TRUE,FALSE,FALSE,TRUE,FALSE,"White , Yellow , Green , Purple",FALSE,FALSE,TRUE,TRUE,TRUE,TRUE,TRUE,FALSE,FALSE,FALSE,FALSE,FALSE,FALSE,FALSE,FALSE,FALSE,FALSE,FALSE,FALSE,TRUE,FALSE
PLANT-00903,Thalictrum dioicum,Early Meadow-rue,Early Meadow-rue,Ranunculaceae,https://inaturalist-open-data.s3.amazonaws.com/photos/33016/medium.jpg,iNaturalist,Alabama | Arkansas | Connecticut | Delaware | Georgia | Illinois | Indiana | Iowa | Kansas | Kentucky | Maine | Maryland | Massachusetts | Michigan | Minnesota | Mississippi | Missouri | Nebraska | New Hampshire | New Jersey | New York | North Carolina | North Dakota | Ohio | Pennsylvania | Rhode Island | South Carolina | South Dakota | Tennessee | Vermont | Virginia | West Virginia | Wisconsin,Herb,Herbaceous perennial,4,7,Medium,"Rich, mesic soils.",Moist,,FALSE,TRUE,FALSE,FALSE,FALSE,FALSE,"Green , Purple",FALSE,FALSE,FALSE,TRUE,TRUE,TRUE,FALSE,FALSE,FALSE,FALSE,FALSE,FALSE,FALSE,FALSE,FALSE,FALSE,FALSE,FALSE,FALSE,TRUE,FALSE
PLANT-00904,Thalictrum pubescens,"King Of The Meadow, King-of-the-meadow, Tall Meadow Rue","King Of The Meadow, King-of-the-meadow, Tall Meadow Rue",Ranunculaceae,https://inaturalist-open-data.s3.amazonaws.com/photos/46189643/medium.jpg,iNaturalist,Alabama | Connecticut | Delaware | Georgia | Illinois | Indiana | Kentucky | Maine | Maryland | Massachusetts | Michigan | Mississippi | New Hampshire | New Jersey | New York | North Carolina | Ohio | Pennsylvania | Rhode Island | South Carolina | Tennessee | Vermont | Virginia | West Virginia,Herb,Herbaceous perennial,3,8,Low,Moist soils.,Moist,Acidic (pH<6.8),FALSE,TRUE,FALSE,FALSE,FALSE,FALSE,"White , Purple",FALSE,FALSE,FALSE,FALSE,FALSE,TRUE,TRUE,TRUE,FALSE,FALSE,FALSE,FALSE,FALSE,FALSE,FALSE,FALSE,FALSE,FALSE,FALSE,TRUE,FALSE
PLANT-00905,Thalictrum thalictroides,"Rue Anemone, Rue-anemone","Rue Anemone, Rue-anemone",Ranunculaceae,,,Alabama | Arkansas | Connecticut | Delaware | Florida | Georgia | Illinois | Indiana | Iowa | Kansas | Kentucky | Maine | Maryland | Massachusetts | Michigan | Minnesota | Mississippi | Missouri | New Hampshire | New Jersey | New York | North Carolina | Ohio | Oklahoma | Pennsylvania | Rhode Island | South Carolina | Tennessee | Texas | Vermont | Virginia | West Virginia | Wisconsin,Herb,Herbaceous perennial,4,8,Medium,"Humus-rich, sometimes dry, soils.",Moist,Acidic (pH<6.8),FALSE,TRUE,FALSE,FALSE,FALSE,FALSE,"White , Pink",FALSE,FALSE,TRUE,TRUE,TRUE,TRUE,FALSE,FALSE,FALSE,FALSE,FALSE,FALSE,FALSE,FALSE,FALSE,FALSE,FALSE,FALSE,FALSE,TRUE,FALSE
PLANT-00906,Thaspium trifoliatum,"Purple Meadowparsnip, Purple Meadow Parsnip","Purple Meadowparsnip, Purple Meadow Parsnip",Apiaceae,https://inaturalist-open-data.s3.amazonaws.com/photos/75570328/medium.jpeg,iNaturalist,Alabama | Arkansas | Florida | Georgia | Illinois | Kansas | Kentucky | Louisiana | Mississippi | Missouri | New Jersey | North Carolina | Ohio | Pennsylvania | Rhode Island | South Carolina | Tennessee | Virginia | West Virginia,Herb,Herbaceous perennial,3,9,Low,,,,FALSE,FALSE,FALSE,FALSE,FALSE,FALSE,"Red , Green , Purple",FALSE,FALSE,FALSE,TRUE,TRUE,TRUE,TRUE,FALSE,FALSE,FALSE,FALSE,FALSE,FALSE,FALSE,FALSE,FALSE,FALSE,FALSE,FALSE,TRUE,FALSE
PLANT-00907,Thermopsis villosa,"Carolina Bushpea, Aaron's Rod, Bush Pea","Carolina Bushpea, Aaron's Rod, Bush Pea",Fabaceae,https://inaturalist-open-data.s3.amazonaws.com/photos/13040666/medium.jpg,iNaturalist,Alabama | Georgia | Kentucky | Maryland | North Carolina | Tennessee | Virginia,Herb,Herbaceous perennial,4,9,Low,"Humus-rich, well-drained soil.",Moist,Acidic (pH<6.8),TRUE,TRUE,FALSE,FALSE,TRUE,FALSE,"White , Yellow",FALSE,FALSE,FALSE,FALSE,TRUE,TRUE,FALSE,FALSE,FALSE,FALSE,FALSE,FALSE,FALSE,FALSE,FALSE,FALSE,FALSE,FALSE,FALSE,TRUE,FALSE
PLANT-00908,Thuja occidentalis,"Arborvitae, Eastern Arborvitae, Northern White Cedar","Arborvitae, Eastern Arborvitae, Northern White Cedar",Cupressaceae,https://inaturalist-open-data.s3.amazonaws.com/photos/4684247/medium.jpeg,iNaturalist,Connecticut | Illinois | Indiana | Iowa | Kentucky | Maine | Maryland | Michigan | Minnesota | New Hampshire | New Jersey | New York | North Carolina | Ohio | Pennsylvania | Rhode Island | South Carolina | Tennessee | Vermont | Virginia | West Virginia | Wisconsin,Tree,Needled evergreen,2,7,Low,"Moist, well-drained alkaline soils.","Dry , Moist",Circumneutral (pH 6.8-7.2),TRUE,TRUE,TRUE,FALSE,TRUE,FALSE,"Yellow , Green , Brown",FALSE,FALSE,FALSE,TRUE,FALSE,FALSE,FALSE,FALSE,FALSE,FALSE,FALSE,FALSE,FALSE,FALSE,FALSE,FALSE,FALSE,FALSE,FALSE,TRUE,FALSE
PLANT-00909,Thuja plicata,"Western Red Cedar, Western Arborvitae, Canoe Cedar","Western Red Cedar, Western Arborvitae, Canoe Cedar",Cupressaceae,https://inaturalist-open-data.s3.amazonaws.com/photos/7846522/medium.jpeg,iNaturalist,Alaska | California | Idaho | Montana | Washington,Tree,Needled evergreen,5,7,Medium,"Moist, slightly acidic soils.","Moist , Wet",,FALSE,TRUE,TRUE,FALSE,TRUE,FALSE,"Red , Purple",FALSE,FALSE,FALSE,TRUE,FALSE,FALSE,FALSE,FALSE,FALSE,FALSE,FALSE,FALSE,FALSE,FALSE,FALSE,FALSE,FALSE,FALSE,FALSE,TRUE,FALSE
PLANT-00910,Tiarella cordifolia,"Heartleaf Foamflower, Heart-leaf Foamflower","Heartleaf Foamflower, Heart-leaf Foamflower",Saxifragaceae,https://inaturalist-open-data.s3.amazonaws.com/photos/55362104/medium.jpg,iNaturalist,Alabama | Connecticut | Georgia | Kentucky | Maine | Maryland | Massachusetts | Michigan | Minnesota | Mississippi | New Hampshire | New Jersey | New York | North Carolina | Ohio | Pennsylvania | Rhode Island | South Carolina | Tennessee | Vermont | Virginia | Wisconsin,Herb,Herbaceous perennial,4,9,Low,"Moist, well-drained, humus-rich soils.",Moist,Acidic (pH<6.8),FALSE,FALSE,TRUE,FALSE,FALSE,FALSE,"White , Pink , Purple",FALSE,FALSE,TRUE,TRUE,TRUE,TRUE,TRUE,FALSE,FALSE,FALSE,FALSE,FALSE,FALSE,FALSE,FALSE,FALSE,FALSE,FALSE,FALSE,TRUE,FALSE
PLANT-00911,Tilia americana,"American Basswood, American Linden, Lime Tree, Bee Tree","American Basswood, American Linden, Lime Tree, Bee Tree",Tiliaceae,https://static.inaturalist.org/photos/404975522/medium.jpeg,iNaturalist,Alabama | Arkansas | Connecticut | Delaware | Florida | Georgia | Illinois | Indiana | Iowa | Kansas | Kentucky | Louisiana | Maine | Maryland | Massachusetts | Michigan | Minnesota | Mississippi | Missouri | Nebraska | New Hampshire | New Jersey | New York | North Carolina | North Dakota | Ohio | Oklahoma | Pennsylvania | Rhode Island | South Carolina | South Dakota | Tennessee | Texas | Vermont | Virginia | West Virginia | Wisconsin,Tree,Tree,2,8,Low,"Moist, rich, well-drained, loamy soils.","Dry , Moist",Circumneutral (pH 6.8-7.2),TRUE,TRUE,TRUE,FALSE,TRUE,FALSE,Yellow,FALSE,FALSE,FALSE,TRUE,TRUE,TRUE,TRUE,FALSE,FALSE,FALSE,FALSE,FALSE,FALSE,FALSE,FALSE,FALSE,FALSE,FALSE,FALSE,TRUE,FALSE
PLANT-00912,Tilia americana var. heterophylla,"American Basswood, White Basswood, Linden","American Basswood, White Basswood, Linden",Tiliaceae,,,Alabama | Arkansas | Florida | Georgia | Illinois | Indiana | Iowa | Kentucky | Louisiana | Maine | Maryland | Massachusetts | Mississippi | Missouri | New Jersey | New York | North Carolina | Ohio | Pennsylvania | South Carolina | Tennessee | Virginia | West Virginia,Tree,Tree,3,7,Low,"Rich, rocky soils.",,,FALSE,TRUE,FALSE,FALSE,FALSE,TRUE,"White , Yellow",FALSE,FALSE,FALSE,TRUE,TRUE,TRUE,TRUE,FALSE,FALSE,FALSE,FALSE,FALSE,FALSE,FALSE,FALSE,FALSE,FALSE,FALSE,FALSE,TRUE,FALSE
PLANT-00913,Tilia cordata,little-leaf linden,little-leaf linden,,https://inaturalist-open-data.s3.amazonaws.com/photos/12491246/medium.jpg,iNaturalist,Maine | Maryland | Wisconsin,,Tree,3,7,Low,,,,FALSE,FALSE,FALSE,FALSE,FALSE,FALSE,,FALSE,FALSE,FALSE,FALSE,FALSE,FALSE,FALSE,FALSE,FALSE,FALSE,FALSE,FALSE,FALSE,FALSE,FALSE,FALSE,FALSE,FALSE,FALSE,FALSE,FALSE
PLANT-00914,Tillandsia usneoides,Spanish Moss,Spanish Moss,Bromeliaceae,https://static.inaturalist.org/photos/22694434/medium.jpeg,iNaturalist,Alabama | Arkansas | Florida | Georgia | Louisiana | Mississippi | North Carolina | South Carolina | Texas | Virginia,Herb,Epiphyte,8,11,Low,,,,FALSE,FALSE,TRUE,FALSE,TRUE,FALSE,White,FALSE,FALSE,FALSE,TRUE,TRUE,TRUE,FALSE,FALSE,FALSE,FALSE,FALSE,FALSE,FALSE,FALSE,FALSE,FALSE,FALSE,FALSE,FALSE,TRUE,FALSE
PLANT-00915,Toona ciliata,Australian redcedar,Australian redcedar,,https://inaturalist-open-data.s3.amazonaws.com/photos/346961838/medium.jpeg,iNaturalist,Hawaii,,Tree,9,12,Low,,,,FALSE,FALSE,FALSE,FALSE,FALSE,FALSE,,FALSE,FALSE,FALSE,FALSE,FALSE,FALSE,FALSE,FALSE,FALSE,FALSE,FALSE,FALSE,FALSE,FALSE,FALSE,FALSE,FALSE,FALSE,FALSE,FALSE,FALSE
PLANT-00916,Torreya taxifolia,"Florida Nutmeg, Florida Torreya, Stinking-cedar, Torrey Tree, Savin, Gopher Wood, Polecat Wood, Stinking-yew","Florida Nutmeg, Florida Torreya, Stinking-cedar, Torrey Tree, Savin, Gopher Wood, Polecat Wood, Stinking-yew",Taxaceae,https://inaturalist-open-data.s3.amazonaws.com/photos/168560298/medium.jpg,iNaturalist,Florida | Georgia,Tree,Needled evergreen,5,9,High,,,Circumneutral (pH 6.8-7.2),TRUE,TRUE,FALSE,FALSE,TRUE,FALSE,Not Applicable,FALSE,FALSE,FALSE,TRUE,FALSE,FALSE,FALSE,FALSE,FALSE,FALSE,FALSE,FALSE,FALSE,FALSE,FALSE,FALSE,FALSE,FALSE,FALSE,TRUE,FALSE
PLANT-00917,Toxicodendron diversilobum,western poison oak,western poison oak,,https://static.inaturalist.org/photos/14897857/medium.jpeg,iNaturalist,California | Nevada | Oregon | Washington,,Deciduous shrub,5,9,High,,,,FALSE,FALSE,FALSE,FALSE,FALSE,FALSE,,FALSE,FALSE,FALSE,FALSE,FALSE,FALSE,FALSE,FALSE,FALSE,FALSE,FALSE,FALSE,FALSE,FALSE,FALSE,FALSE,FALSE,FALSE,FALSE,FALSE,FALSE
PLANT-00918,Toxicodendron radicans,"Eastern Poison Ivy, Poison Ivy","Eastern Poison Ivy, Poison Ivy",Anacardiaceae,https://inaturalist-open-data.s3.amazonaws.com/photos/2237896/medium.jpg,iNaturalist,Alabama | Arkansas | Connecticut | Delaware | Florida | Georgia | Illinois | Indiana | Kentucky | Louisiana | Maine | Maryland | Massachusetts | Mississippi | Missouri | New Hampshire | New Jersey | New York | North Carolina | Oklahoma | Pennsylvania | Rhode Island | South Carolina | Tennessee | Texas | Vermont | Virginia | West Virginia,Shrub,Deciduous shrub,4,10,High,,Moist,,FALSE,TRUE,TRUE,FALSE,FALSE,FALSE,"White , Green , Brown",FALSE,TRUE,TRUE,TRUE,TRUE,TRUE,FALSE,FALSE,FALSE,FALSE,FALSE,FALSE,FALSE,FALSE,FALSE,FALSE,FALSE,FALSE,FALSE,TRUE,FALSE
PLANT-00919,Tradescantia bracteata,"Bracted Spiderwort, Long-bract Spiderwort","Bracted Spiderwort, Long-bract Spiderwort",Commelinaceae,https://inaturalist-open-data.s3.amazonaws.com/photos/19947472/medium.jpg,iNaturalist,Arkansas | Illinois | Indiana | Iowa | Kansas | Michigan | Minnesota | Missouri | Montana | Nebraska | North Dakota | Oklahoma | South Dakota | Wisconsin | Wyoming,Herb,Herbaceous perennial,4,9,Medium,Moist to dry soils,Moist,,FALSE,TRUE,FALSE,FALSE,FALSE,FALSE,"Blue , Purple",FALSE,FALSE,FALSE,TRUE,TRUE,TRUE,TRUE,FALSE,FALSE,FALSE,FALSE,FALSE,FALSE,FALSE,FALSE,FALSE,FALSE,FALSE,FALSE,TRUE,FALSE
PLANT-00920,Tradescantia ernestiana,spiderwort,spiderwort,,https://inaturalist-open-data.s3.amazonaws.com/photos/188005251/medium.jpg,iNaturalist,Alabama | Arkansas | Mississippi | Missouri | Oklahoma,,Herbaceous perennial,5,9,Medium,,,,FALSE,FALSE,FALSE,FALSE,FALSE,FALSE,,FALSE,FALSE,FALSE,FALSE,FALSE,FALSE,FALSE,FALSE,FALSE,FALSE,FALSE,FALSE,FALSE,FALSE,FALSE,FALSE,FALSE,FALSE,FALSE,FALSE,FALSE
PLANT-00921,Tradescantia longipes,spiderwort,spiderwort,,https://inaturalist-open-data.s3.amazonaws.com/photos/3303949/medium.jpg,iNaturalist,Arkansas | Missouri,,Herbaceous perennial,4,9,Medium,,,,FALSE,FALSE,FALSE,FALSE,FALSE,FALSE,,FALSE,FALSE,FALSE,FALSE,FALSE,FALSE,FALSE,FALSE,FALSE,FALSE,FALSE,FALSE,FALSE,FALSE,FALSE,FALSE,FALSE,FALSE,FALSE,FALSE,FALSE
PLANT-00922,Tradescantia ohiensis,"Ohio Spiderwort, Bluejacket","Ohio Spiderwort, Bluejacket",Commelinaceae,https://static.inaturalist.org/photos/100260194/medium.jpg,iNaturalist,Alabama | Arkansas | Connecticut | Florida | Georgia | Illinois | Indiana | Iowa | Kansas | Kentucky | Louisiana | Maryland | Massachusetts | Michigan | Minnesota | Mississippi | Missouri | Nebraska | New Hampshire | New Jersey | New York | North Carolina | Ohio | Oklahoma | Pennsylvania | Rhode Island | South Carolina | Tennessee | Texas | Virginia | West Virginia | Wisconsin,Herb,Herbaceous perennial,4,9,Medium,"Various wet to dry soils. Acid-based, Calcareous, Limestone-based, Sandy, Sandy Loam, Medium Loam Clay",Dry,,FALSE,TRUE,FALSE,TRUE,FALSE,FALSE,"White , Pink , Blue",FALSE,FALSE,TRUE,TRUE,TRUE,TRUE,TRUE,TRUE,TRUE,FALSE,FALSE,FALSE,FALSE,FALSE,FALSE,FALSE,FALSE,FALSE,FALSE,TRUE,FALSE
PLANT-00923,Tradescantia subaspera,Zigzag Spiderwort,Zigzag Spiderwort,Commelinaceae,https://inaturalist-open-data.s3.amazonaws.com/photos/70972797/medium.jpg,iNaturalist,Alabama | Arkansas | Florida | Georgia | Illinois | Indiana | Kentucky | Louisiana | Mississippi | Missouri | North Carolina | Ohio | South Carolina | Tennessee | Virginia | West Virginia,Herb,Herbaceous perennial,5,9,Medium,,,,FALSE,FALSE,FALSE,FALSE,FALSE,FALSE,"White , Blue",FALSE,FALSE,FALSE,FALSE,TRUE,TRUE,TRUE,TRUE,TRUE,FALSE,FALSE,FALSE,FALSE,FALSE,FALSE,FALSE,FALSE,FALSE,FALSE,TRUE,FALSE
PLANT-00924,Tradescantia tharpii,spider lily,spider lily,,https://inaturalist-open-data.s3.amazonaws.com/photos/191727335/medium.jpg,iNaturalist,Kansas | Missouri | Oklahoma | Texas,,Herbaceous perennial,4,9,Medium,,,,FALSE,FALSE,FALSE,FALSE,FALSE,FALSE,,FALSE,FALSE,FALSE,FALSE,FALSE,FALSE,FALSE,FALSE,FALSE,FALSE,FALSE,FALSE,FALSE,FALSE,FALSE,FALSE,FALSE,FALSE,FALSE,FALSE,FALSE
PLANT-00925,Tradescantia virginiana,"Virginia Spiderwort, Spider Lily","Virginia Spiderwort, Spider Lily",Commelinaceae,https://inaturalist-open-data.s3.amazonaws.com/photos/198713059/medium.jpeg,iNaturalist,Alabama | Arkansas | Delaware | Georgia | Illinois | Indiana | Iowa | Kentucky | Louisiana | Maryland | Michigan | Mississippi | Missouri | New Jersey | North Carolina | Ohio | Pennsylvania | South Carolina | Tennessee | Virginia | West Virginia,Herb,Herbaceous perennial,4,9,Medium,"Very adaptable plant prefers humus-rich soil but will grow in a wide range of soils: moist/dry, clay/sand, acid/alkaline.","Dry , Moist",Circumneutral (pH 6.8-7.2),TRUE,TRUE,TRUE,TRUE,TRUE,FALSE,"White , Blue , Purple",FALSE,FALSE,TRUE,TRUE,TRUE,TRUE,TRUE,TRUE,FALSE,FALSE,FALSE,FALSE,FALSE,FALSE,FALSE,FALSE,FALSE,FALSE,FALSE,TRUE,FALSE
PLANT-00926,Trautvetteria caroliniensis,Carolina Bugbane,Carolina Bugbane,Ranunculaceae,https://static.inaturalist.org/photos/43739595/medium.jpg,iNaturalist,Alabama | Arizona | Arkansas | California | Colorado | Florida | Georgia | Idaho | Illinois | Indiana | Kentucky | Maryland | Mississippi | Missouri | Montana | New Mexico | North Carolina | Oregon | Pennsylvania | South Carolina | Tennessee | Texas | Utah | Virginia | Washington | West Virginia | Wyoming,Herb,Herbaceous perennial,5,8,Low,,,,FALSE,FALSE,FALSE,FALSE,FALSE,FALSE,White,FALSE,FALSE,FALSE,FALSE,FALSE,TRUE,TRUE,TRUE,TRUE,FALSE,FALSE,FALSE,FALSE,FALSE,FALSE,FALSE,FALSE,FALSE,FALSE,TRUE,FALSE
PLANT-00927,Tridens strictus,longspike tridens,longspike tridens,,https://inaturalist-open-data.s3.amazonaws.com/photos/24722425/medium.jpeg,iNaturalist,Alabama | Arkansas | Florida | Georgia | Kansas | Kentucky | Louisiana | Mississippi | Missouri | Oklahoma | Tennessee | Texas,,Ornamental grass,5,9,Low,,,,FALSE,FALSE,FALSE,FALSE,FALSE,FALSE,,FALSE,FALSE,FALSE,FALSE,FALSE,FALSE,FALSE,FALSE,FALSE,FALSE,FALSE,FALSE,FALSE,FALSE,FALSE,FALSE,FALSE,FALSE,FALSE,FALSE,FALSE
PLANT-00928,Trillium cuneatum,Little Sweet Betsy,Little Sweet Betsy,Liliaceae,https://inaturalist-open-data.s3.amazonaws.com/photos/260215512/medium.jpg,iNaturalist,Alabama | Georgia | Illinois | Kentucky | Mississippi | North Carolina | South Carolina | Tennessee,Herb,Herbaceous perennial,5,8,Low,,,,FALSE,FALSE,FALSE,FALSE,FALSE,FALSE,"Yellow , Green , Purple , Brown",FALSE,TRUE,TRUE,TRUE,FALSE,FALSE,FALSE,FALSE,FALSE,FALSE,FALSE,FALSE,FALSE,FALSE,FALSE,FALSE,FALSE,FALSE,FALSE,TRUE,FALSE
PLANT-00929,Trillium erectum,"Red Trillium, Red Wakerobin, Stinking Benjamin, Wet Dog Trillium, Wet Dog Wakerobin, Purple Trillium, Purple Wakerobin","Red Trillium, Red Wakerobin, Stinking Benjamin, Wet Dog Trillium, Wet Dog Wakerobin, Purple Trillium, Purple Wakerobin",Liliaceae,https://inaturalist-open-data.s3.amazonaws.com/photos/2802581/medium.jpg,iNaturalist,Connecticut | Delaware | Georgia | Illinois | Indiana | Kentucky | Maine | Maryland | Massachusetts | Michigan | New Hampshire | New Jersey | New York | North Carolina | Ohio | Pennsylvania | Rhode Island | South Carolina | Tennessee | Vermont | Virginia | West Virginia,Herb,Herbaceous perennial,4,7,Medium,Humus-rich soils.,Moist,Acidic (pH<6.8),FALSE,TRUE,FALSE,FALSE,FALSE,FALSE,"White , Red , Yellow , Purple , Brown",FALSE,FALSE,TRUE,TRUE,TRUE,TRUE,FALSE,FALSE,FALSE,FALSE,FALSE,FALSE,FALSE,FALSE,FALSE,FALSE,FALSE,FALSE,FALSE,TRUE,FALSE
PLANT-00930,Trillium flexipes,"Nodding Wakerobin, Nodding Trillium, Bent Trillium, Bent Wakerobin","Nodding Wakerobin, Nodding Trillium, Bent Trillium, Bent Wakerobin",Liliaceae,https://inaturalist-open-data.s3.amazonaws.com/photos/18295248/medium.jpeg,iNaturalist,Alabama | Delaware | Illinois | Indiana | Iowa | Kentucky | Michigan | Minnesota | Missouri | New York | Ohio | Pennsylvania | South Dakota | Tennessee | Virginia | West Virginia | Wisconsin,Herb,Herbaceous perennial,4,7,Medium,"Sand, Loam",Dry,,TRUE,TRUE,TRUE,FALSE,FALSE,FALSE,White,FALSE,FALSE,FALSE,TRUE,TRUE,TRUE,FALSE,FALSE,FALSE,FALSE,FALSE,FALSE,FALSE,FALSE,FALSE,FALSE,FALSE,FALSE,FALSE,TRUE,FALSE
PLANT-00931,Trillium grandiflorum,"White Wake-robin, White Trillium, Large-flower Wake-robin, Large-flower Trillium, Large-flowered Wake-robin, Large-flowered Trillium","White Wake-robin, White Trillium, Large-flower Wake-robin, Large-flower Trillium, Large-flowered Wake-robin, Large-flowered Trillium",Liliaceae,https://inaturalist-open-data.s3.amazonaws.com/photos/80252/medium.jpg,iNaturalist,Alabama | Connecticut | Delaware | Georgia | Illinois | Indiana | Iowa | Kentucky | Maine | Maryland | Massachusetts | Michigan | Minnesota | New Hampshire | New Jersey | New York | North Carolina | Ohio | Pennsylvania | South Carolina | Tennessee | Vermont | Virginia | West Virginia | Wisconsin,Herb,Herbaceous perennial,4,8,Medium,"Moist, humus-rich, sandy loam.",Moist,Acidic (pH<6.8),TRUE,TRUE,TRUE,FALSE,FALSE,FALSE,"White , Pink",FALSE,FALSE,FALSE,TRUE,TRUE,TRUE,FALSE,FALSE,FALSE,FALSE,FALSE,FALSE,FALSE,FALSE,FALSE,FALSE,FALSE,FALSE,FALSE,TRUE,FALSE
PLANT-00932,Trillium luteum,"Yellow Wakerobin, Yellow Trillium","Yellow Wakerobin, Yellow Trillium",Liliaceae,https://inaturalist-open-data.s3.amazonaws.com/photos/65672692/medium.jpeg,iNaturalist,Alabama | Georgia | Kentucky | Maryland | Michigan | North Carolina | South Carolina | Tennessee | Virginia,Herb,Herbaceous perennial,4,8,Medium,,,,FALSE,FALSE,FALSE,FALSE,FALSE,FALSE,"Yellow , Green",FALSE,FALSE,FALSE,TRUE,TRUE,FALSE,FALSE,FALSE,FALSE,FALSE,FALSE,FALSE,FALSE,FALSE,FALSE,FALSE,FALSE,FALSE,FALSE,TRUE,FALSE
PLANT-00933,Trillium recurvatum,"Prairie Trillium, Prairie Wake-robin, Bloody Butcher","Prairie Trillium, Prairie Wake-robin, Bloody Butcher",Liliaceae,https://static.inaturalist.org/photos/92924/medium.jpg,iNaturalist,Alabama | Arkansas | Illinois | Indiana | Iowa | Kentucky | Louisiana | Michigan | Mississippi | Missouri | North Carolina | Ohio | Oklahoma | Tennessee | Texas | Wisconsin,Herb,Herbaceous perennial,4,9,Medium,,,,FALSE,FALSE,FALSE,FALSE,FALSE,FALSE,"Yellow , Green , Purple",FALSE,FALSE,TRUE,TRUE,TRUE,FALSE,FALSE,FALSE,FALSE,FALSE,FALSE,FALSE,FALSE,FALSE,FALSE,FALSE,FALSE,FALSE,FALSE,TRUE,FALSE
PLANT-00934,Trillium sessile,"Toadshade, Red Trillium, Red Wake-robin, Sessile Trillium, Sessile Wake-robin, Yellow Trillium, Yellow Wake-robin","Toadshade, Red Trillium, Red Wake-robin, Sessile Trillium, Sessile Wake-robin, Yellow Trillium, Yellow Wake-robin",Liliaceae,https://inaturalist-open-data.s3.amazonaws.com/photos/816842/medium.JPG,iNaturalist,Alabama | Arkansas | Georgia | Illinois | Indiana | Kansas | Kentucky | Maryland | Michigan | Missouri | New York | North Carolina | Ohio | Oklahoma | Pennsylvania | Tennessee | Virginia | West Virginia,Herb,Herbaceous perennial,4,8,Medium,"Moist, rich soils. Sandy, Sandy Loam",Moist,,FALSE,FALSE,TRUE,FALSE,TRUE,FALSE,"Red , Green",FALSE,FALSE,TRUE,TRUE,TRUE,FALSE,FALSE,FALSE,FALSE,FALSE,FALSE,FALSE,FALSE,FALSE,FALSE,FALSE,FALSE,FALSE,FALSE,TRUE,FALSE
PLANT-00935,Trillium undulatum,"Painted Trillium, Painted Wakerobin","Painted Trillium, Painted Wakerobin",Liliaceae,https://inaturalist-open-data.s3.amazonaws.com/photos/3614/medium.jpg,iNaturalist,Connecticut | Georgia | Kentucky | Maine | Maryland | Massachusetts | Michigan | New Hampshire | New Jersey | New York | North Carolina | Ohio | Pennsylvania | Rhode Island | South Carolina | Tennessee | Vermont | Virginia | West Virginia,Herb,Herbaceous perennial,3,8,Medium,"Moist, acid sands.",Moist,Acidic (pH<6.8),TRUE,FALSE,TRUE,FALSE,FALSE,FALSE,"White , Purple",FALSE,FALSE,FALSE,TRUE,TRUE,TRUE,FALSE,FALSE,FALSE,FALSE,FALSE,FALSE,FALSE,FALSE,FALSE,FALSE,FALSE,FALSE,FALSE,TRUE,FALSE
PLANT-00936,Trillium viride,green trillium,green trillium,,https://static.inaturalist.org/photos/23251/medium.jpg,iNaturalist,Illinois | Missouri,,Herbaceous perennial,5,8,Medium,,,,FALSE,FALSE,FALSE,FALSE,FALSE,FALSE,,FALSE,FALSE,FALSE,FALSE,FALSE,FALSE,FALSE,FALSE,FALSE,FALSE,FALSE,FALSE,FALSE,FALSE,FALSE,FALSE,FALSE,FALSE,FALSE,FALSE,FALSE
PLANT-00937,Tripsacum dactyloides,"Eastern Gamagrass, Fakahatchee Grass","Eastern Gamagrass, Fakahatchee Grass",Poaceae,https://inaturalist-open-data.s3.amazonaws.com/photos/21709424/medium.jpg,iNaturalist,Missouri,Grass/Grass-like,Ornamental grass,4,9,Low,"Moist soils. Sandy, Sandy Loam, Medium Loam, Clay Loam, Clay, Calcareous, Acid-based",Moist,,FALSE,TRUE,FALSE,FALSE,FALSE,TRUE,Brown,FALSE,FALSE,FALSE,TRUE,TRUE,TRUE,TRUE,TRUE,TRUE,FALSE,FALSE,FALSE,FALSE,FALSE,FALSE,FALSE,FALSE,FALSE,FALSE,TRUE,FALSE
PLANT-00938,Tsuga canadensis,Eastern Hemlock,Eastern Hemlock,Pinaceae,https://inaturalist-open-data.s3.amazonaws.com/photos/400071107/medium.jpeg,iNaturalist,Alabama | Connecticut,Tree,Needled evergreen,3,7,Low,"Rocky, cool, moist soils.",Moist,Acidic (pH<6.8),FALSE,TRUE,TRUE,FALSE,TRUE,FALSE,Yellow,FALSE,FALSE,FALSE,TRUE,FALSE,FALSE,FALSE,FALSE,FALSE,FALSE,FALSE,FALSE,FALSE,FALSE,FALSE,FALSE,FALSE,FALSE,FALSE,TRUE,FALSE
PLANT-00939,Tsuga caroliniana,Carolina Hemlock,Carolina Hemlock,Pinaceae,https://inaturalist-open-data.s3.amazonaws.com/photos/229227407/medium.jpg,iNaturalist,Georgia | North Carolina | South Carolina | Tennessee | Virginia,Tree,Needled evergreen,6,7,Medium,"Moist to dry, well-drained soils.",Moist,,FALSE,TRUE,FALSE,FALSE,TRUE,FALSE,Yellow,FALSE,FALSE,FALSE,TRUE,FALSE,FALSE,FALSE,FALSE,FALSE,FALSE,FALSE,FALSE,FALSE,FALSE,FALSE,FALSE,FALSE,FALSE,FALSE,TRUE,FALSE
PLANT-00940,Typha latifolia,"Broadleaf Cattail, Common Cattail","Broadleaf Cattail, Common Cattail",Typhaceae,https://inaturalist-open-data.s3.amazonaws.com/photos/4280840/medium.jpeg,iNaturalist,Alabama | Alaska | Arizona | Arkansas | California | Colorado | Connecticut | Delaware | Florida | Georgia | Hawaii | Idaho | Illinois | Indiana | Iowa | Kansas | Kentucky | Louisiana | Maine | Maryland | Massachusetts | Michigan | Minnesota | Mississippi | Missouri | Montana | Nebraska | Nevada | New Hampshire | New Jersey | New Mexico | New York | North Carolina | North Dakota | Ohio | Oklahoma | Oregon | Pennsylvania | Rhode Island | South Carolina | South Dakota | Tennessee | Texas | Utah | Vermont | Virginia | Washington | West Virginia | Wisconsin | Wyoming,Grass/Grass-like,Herbaceous perennial,3,10,Medium,"Rich, wet soils. Mud, Saline tolerant",Wet,,TRUE,TRUE,FALSE,FALSE,FALSE,TRUE,"Yellow , Green , Brown",FALSE,FALSE,TRUE,TRUE,TRUE,TRUE,TRUE,TRUE,FALSE,FALSE,FALSE,FALSE,FALSE,FALSE,FALSE,FALSE,FALSE,FALSE,FALSE,TRUE,FALSE
PLANT-00941,Ulmus alata,"Winged Elm, Wahoo Elm, Cork Elm, Witch Elm","Winged Elm, Wahoo Elm, Cork Elm, Witch Elm",Ulmaceae,https://inaturalist-open-data.s3.amazonaws.com/photos/135400022/medium.jpg,iNaturalist,Alabama | Arkansas | Florida | Georgia | Illinois | Indiana | Kansas | Kentucky | Louisiana | Maryland | Mississippi | Missouri | North Carolina | Oklahoma | South Carolina | Tennessee | Texas | Virginia,Tree,Tree,6,9,Low,Variety of soils; best on terraces and bottomlands; may be somewhat weedy; fast growing; medium-lives.,Dry,,FALSE,TRUE,FALSE,FALSE,TRUE,FALSE,"Yellow , Green",FALSE,TRUE,TRUE,TRUE,FALSE,FALSE,FALSE,FALSE,FALSE,FALSE,FALSE,FALSE,FALSE,FALSE,FALSE,FALSE,FALSE,FALSE,FALSE,TRUE,FALSE
PLANT-00942,Ulmus americana,"American Elm, White Elm, Soft Elm, Water Elm, Common Elm","American Elm, White Elm, Soft Elm, Water Elm, Common Elm",Ulmaceae,https://inaturalist-open-data.s3.amazonaws.com/photos/8798295/medium.jpeg,iNaturalist,Alabama | Arkansas | Connecticut | Delaware | Florida | Georgia | Illinois | Indiana | Iowa | Kansas | Kentucky | Louisiana | Maine | Maryland | Massachusetts | Michigan | Minnesota | Mississippi | Missouri | Montana | Nebraska | New Hampshire | New Jersey | New York | North Carolina | North Dakota | Ohio | Oklahoma | Pennsylvania | Rhode Island | South Carolina | South Dakota | Tennessee | Texas | Vermont | Virginia | West Virginia | Wisconsin | Wyoming,Tree,Tree,2,9,Medium,"Moist, fertile soils. Sandy, Sandy Loam, Medium Loam, Clay Loam, Clay, Limestone-based",Moist,Circumneutral (pH 6.8-7.2),TRUE,TRUE,FALSE,FALSE,FALSE,TRUE,"Red , Green",FALSE,TRUE,TRUE,TRUE,FALSE,FALSE,FALSE,FALSE,FALSE,FALSE,FALSE,FALSE,FALSE,FALSE,FALSE,FALSE,FALSE,FALSE,FALSE,TRUE,FALSE
PLANT-00943,Ulmus glabra,wych elm,wych elm,,https://inaturalist-open-data.s3.amazonaws.com/photos/221899/medium.jpg,iNaturalist,Georgia,,Tree,4,6,Medium,,,,FALSE,FALSE,FALSE,FALSE,FALSE,FALSE,,FALSE,FALSE,FALSE,FALSE,FALSE,FALSE,FALSE,FALSE,FALSE,FALSE,FALSE,FALSE,FALSE,FALSE,FALSE,FALSE,FALSE,FALSE,FALSE,FALSE,FALSE
PLANT-00944,Ulmus rubra,"Slippery Elm, Red Elm, Gray Elm, Soft Elm","Slippery Elm, Red Elm, Gray Elm, Soft Elm",Ulmaceae,https://inaturalist-open-data.s3.amazonaws.com/photos/19572287/medium.jpeg,iNaturalist,Alabama | Arkansas | Connecticut | Delaware | Georgia | Illinois | Indiana | Iowa | Kansas | Kentucky | Louisiana | Maine | Maryland | Massachusetts | Michigan | Minnesota | Mississippi | Missouri | Nebraska | New Hampshire | New Jersey | New York | North Carolina | North Dakota | Ohio | Oklahoma | Pennsylvania | Rhode Island | South Carolina | South Dakota | Tennessee | Texas | Vermont | Virginia | West Virginia | Wisconsin,Tree,Tree,3,9,Medium,"Moist, rich to dry, limestone soils.",Moist,Alkaline (pH>7.2),TRUE,TRUE,FALSE,FALSE,FALSE,TRUE,"Red , Yellow , Green , Brown",TRUE,FALSE,FALSE,FALSE,FALSE,FALSE,FALSE,FALSE,FALSE,FALSE,FALSE,TRUE,FALSE,FALSE,FALSE,FALSE,FALSE,FALSE,FALSE,TRUE,FALSE
PLANT-00945,Uvularia grandiflora,"Largeflower Bellwort, Large-flower Bellwort, Merrybells","Largeflower Bellwort, Large-flower Bellwort, Merrybells",Liliaceae,https://inaturalist-open-data.s3.amazonaws.com/photos/96536/medium.jpg,iNaturalist,Alabama | Arkansas | Connecticut | Georgia | Illinois | Indiana | Iowa | Kansas | Kentucky | Louisiana | Maryland | Massachusetts | Michigan | Minnesota | Mississippi | Missouri | New Hampshire | New York | North Carolina | North Dakota | Ohio | Oklahoma | Pennsylvania | South Carolina | South Dakota | Tennessee | Vermont | Virginia | West Virginia | Wisconsin,Herb,Herbaceous perennial,4,9,Low,Humus-rich soils.,Moist,,FALSE,FALSE,TRUE,FALSE,FALSE,FALSE,Yellow,FALSE,FALSE,TRUE,TRUE,TRUE,TRUE,FALSE,FALSE,FALSE,FALSE,FALSE,FALSE,FALSE,FALSE,FALSE,FALSE,FALSE,FALSE,FALSE,TRUE,FALSE
PLANT-00946,Vaccinium corymbosum,Highbush Blueberry,Highbush Blueberry,Ericaceae,https://inaturalist-open-data.s3.amazonaws.com/photos/216577733/medium.jpg,iNaturalist,Alabama | Arkansas | Connecticut | Delaware | Georgia | Illinois | Indiana | Kentucky | Louisiana | Maine | Maryland | Massachusetts | Michigan | Mississippi | New Hampshire | New Jersey | New York | North Carolina | Ohio | Oklahoma | Oregon | Pennsylvania | Rhode Island | South Carolina | Tennessee | Vermont | Virginia | Washington | West Virginia | Wisconsin,Shrub,Deciduous shrub,5,8,Medium,"Wet to dry, acid, rocky soils to organic peats.","Dry , Moist , Wet",Acidic (pH<6.8),TRUE,TRUE,TRUE,FALSE,TRUE,FALSE,"White , Pink",FALSE,FALSE,TRUE,TRUE,TRUE,TRUE,FALSE,FALSE,FALSE,FALSE,FALSE,FALSE,TRUE,FALSE,FALSE,FALSE,TRUE,TRUE,TRUE,TRUE,TRUE
PLANT-00947,Vaccinium macrocarpon,"Cranberry, Large Cranberry","Cranberry, Large Cranberry",Ericaceae,https://inaturalist-open-data.s3.amazonaws.com/photos/259774277/medium.jpeg,iNaturalist,California | Connecticut | Illinois | Indiana | Maine | Maryland | Massachusetts | Michigan | Minnesota | New Hampshire | New Jersey | New York | North Carolina | Ohio | Oregon | Pennsylvania | Rhode Island | Tennessee | Vermont | Virginia | Washington | West Virginia | Wisconsin,Shrub,Broadleaf evergreen,3,7,Medium,"Wet to moist, peaty soils.",Wet,Acidic (pH<6.8),FALSE,TRUE,FALSE,FALSE,FALSE,FALSE,"White , Pink",FALSE,FALSE,FALSE,FALSE,TRUE,TRUE,TRUE,FALSE,FALSE,FALSE,FALSE,FALSE,FALSE,FALSE,FALSE,FALSE,FALSE,FALSE,FALSE,TRUE,FALSE
PLANT-00948,Vaccinium stamineum,Deerberry,Deerberry,Ericaceae,https://static.inaturalist.org/photos/194120623/medium.jpg,iNaturalist,Alabama | Arkansas | Connecticut | Delaware | Florida | Georgia | Illinois | Indiana | Kansas | Kentucky | Louisiana | Maine | Maryland | Massachusetts | Mississippi | Missouri | New Jersey | New York | North Carolina | Ohio | Oklahoma | Pennsylvania | Rhode Island | South Carolina | Tennessee | Texas | Vermont | Virginia | West Virginia,Shrub,Deciduous shrub,5,9,Low,"Moist to droughty, acid soils.","Dry , Moist",Acidic (pH<6.8),FALSE,TRUE,FALSE,TRUE,FALSE,FALSE,White,FALSE,FALSE,TRUE,TRUE,TRUE,TRUE,FALSE,FALSE,FALSE,FALSE,FALSE,FALSE,FALSE,FALSE,FALSE,FALSE,FALSE,FALSE,FALSE,TRUE,FALSE
PLANT-00949,Vaccinium vitis-idaea,"Lingonberry, Northern Mountain-cranberry, Cowberry","Lingonberry, Northern Mountain-cranberry, Cowberry",Ericaceae,https://inaturalist-open-data.s3.amazonaws.com/photos/32657295/medium.jpg,iNaturalist,Alaska | Connecticut | Maine | Michigan | Minnesota | New Hampshire | Vermont | Wisconsin,Shrub,Broadleaf evergreen,3,7,Medium,"Acid, peaty or rocky soils.","Moist , Wet",,TRUE,TRUE,TRUE,FALSE,FALSE,FALSE,"White , Pink",FALSE,FALSE,FALSE,FALSE,TRUE,TRUE,TRUE,FALSE,FALSE,FALSE,FALSE,FALSE,FALSE,FALSE,FALSE,FALSE,FALSE,FALSE,FALSE,TRUE,FALSE
PLANT-00950,Verbena hastata,"Swamp Verbena, Blue Verbena, Blue Vervain, Simpler's Joy","Swamp Verbena, Blue Verbena, Blue Vervain, Simpler's Joy",Verbenaceae,https://static.inaturalist.org/photos/6560152/medium.jpeg,iNaturalist,Alabama | Arizona | Arkansas | California | Colorado | Connecticut | Delaware | Florida | Georgia | Idaho | Illinois | Indiana | Iowa | Kansas | Kentucky | Louisiana | Maine | Maryland | Michigan | Minnesota | Mississippi | Missouri | Montana | Nebraska | Nevada | New Hampshire | New Jersey | New Mexico | New York | North Carolina | North Dakota | Ohio | Oklahoma | Oregon | Pennsylvania | Rhode Island | South Carolina | South Dakota | Tennessee | Texas | Utah | Vermont | Virginia | Washington | West Virginia | Wisconsin | Wyoming,Herb,Herbaceous perennial,3,8,Low,Moist soils.,"Moist , Wet",,TRUE,TRUE,TRUE,FALSE,FALSE,FALSE,"Blue , Purple",FALSE,FALSE,FALSE,FALSE,FALSE,TRUE,TRUE,TRUE,TRUE,TRUE,FALSE,FALSE,FALSE,FALSE,FALSE,FALSE,FALSE,FALSE,FALSE,TRUE,FALSE
PLANT-00951,Verbena stricta,"Hoary Verbena, Hoary Vervain, Tall Vervain, Woolly Verbena","Hoary Verbena, Hoary Vervain, Tall Vervain, Woolly Verbena",Verbenaceae,https://inaturalist-open-data.s3.amazonaws.com/photos/20278651/medium.jpg,iNaturalist,Arkansas | Colorado | Illinois | Indiana | Iowa | Kansas | Kentucky | Michigan | Minnesota | Mississippi | Missouri | Montana | Nebraska | New Mexico | North Dakota | Ohio | Oklahoma | South Dakota | Tennessee | Texas | Wisconsin | Wyoming,Herb,Herbaceous perennial,4,7,Low,Sandy soils,Dry,,TRUE,FALSE,FALSE,FALSE,FALSE,FALSE,"Blue , Purple",FALSE,FALSE,FALSE,FALSE,FALSE,TRUE,TRUE,TRUE,TRUE,FALSE,FALSE,FALSE,FALSE,FALSE,FALSE,FALSE,FALSE,FALSE,FALSE,TRUE,FALSE
PLANT-00952,Verbesina alternifolia,"Wingstem, Yellow Ironweed","Wingstem, Yellow Ironweed",Asteraceae,https://static.inaturalist.org/photos/229484444/medium.jpg,iNaturalist,Alabama | Arkansas | Delaware | Florida | Georgia | Illinois | Indiana | Iowa | Kansas | Kentucky | Louisiana | Maryland | Michigan | Mississippi | Missouri | Nebraska | New Jersey | New York | North Carolina | Ohio | Oklahoma | Pennsylvania | Rhode Island | South Carolina | Tennessee | Texas | Virginia | West Virginia | Wisconsin,Herb,Herbaceous perennial,4,8,Low,,Moist,,TRUE,FALSE,FALSE,FALSE,FALSE,FALSE,Yellow,FALSE,FALSE,FALSE,FALSE,FALSE,FALSE,FALSE,TRUE,TRUE,TRUE,FALSE,FALSE,FALSE,FALSE,FALSE,FALSE,FALSE,FALSE,FALSE,TRUE,FALSE
PLANT-00953,Verbesina helianthoides,Gravelweed,Gravelweed,Asteraceae,https://inaturalist-open-data.s3.amazonaws.com/photos/40149497/medium.jpg,iNaturalist,Alabama | Arkansas | Georgia | Illinois | Indiana | Iowa | Kansas | Kentucky | Louisiana | Mississippi | Missouri | North Carolina | Ohio | Oklahoma | Tennessee | Texas,Herb,Herbaceous perennial,5,8,Low,,,,FALSE,FALSE,FALSE,FALSE,FALSE,FALSE,Yellow,FALSE,FALSE,FALSE,FALSE,TRUE,TRUE,TRUE,FALSE,FALSE,FALSE,FALSE,FALSE,FALSE,FALSE,FALSE,FALSE,FALSE,FALSE,FALSE,TRUE,FALSE
PLANT-00954,Vernonia arkansana,Arkansas Ironweed,Arkansas Ironweed,Asteraceae,https://inaturalist-open-data.s3.amazonaws.com/photos/307605101/medium.jpg,iNaturalist,Arkansas | Iowa | Kansas | Missouri | Oklahoma,Herb,Herbaceous perennial,5,8,Low,,,,FALSE,FALSE,FALSE,FALSE,FALSE,FALSE,"Pink , Purple",FALSE,FALSE,FALSE,FALSE,FALSE,FALSE,FALSE,TRUE,TRUE,TRUE,FALSE,FALSE,FALSE,FALSE,FALSE,FALSE,FALSE,FALSE,FALSE,TRUE,FALSE
PLANT-00955,Vernonia baldwinii,"Western Ironweed, Baldwin's Ironweed, Ironweed","Western Ironweed, Baldwin's Ironweed, Ironweed",Asteraceae,https://inaturalist-open-data.s3.amazonaws.com/photos/151301/medium.jpg,iNaturalist,Arkansas | Colorado | Illinois | Indiana | Iowa | Kansas | Kentucky | Louisiana | Michigan | Minnesota | Missouri | Nebraska | Oklahoma | South Dakota | Texas,Herb,Herbaceous perennial,5,9,Low,"Rocky or sandy soils. Clay, Clay Loam, Medium Loam, Sandy Loam, Sandy, Limestone-based, Caliche type",Moist,,TRUE,FALSE,FALSE,TRUE,FALSE,FALSE,"Pink , Purple",FALSE,FALSE,FALSE,FALSE,FALSE,FALSE,TRUE,TRUE,TRUE,TRUE,TRUE,FALSE,FALSE,FALSE,FALSE,FALSE,FALSE,FALSE,FALSE,TRUE,FALSE
PLANT-00956,Vernonia fasciculata,"Prairie Ironweed, Common Ironweed","Prairie Ironweed, Common Ironweed",Asteraceae,https://inaturalist-open-data.s3.amazonaws.com/photos/4572546/medium.jpg,iNaturalist,Arkansas | Colorado | Illinois | Indiana | Iowa | Kansas | Kentucky | Massachusetts | Minnesota | Mississippi | Missouri | Montana | Nebraska | New York | North Dakota | Ohio | Oklahoma | South Dakota | Wisconsin,Herb,Herbaceous perennial,4,9,Low,"Fertile, moist to wet soils.","Moist , Wet",,TRUE,TRUE,TRUE,FALSE,FALSE,FALSE,Purple,FALSE,FALSE,FALSE,FALSE,FALSE,FALSE,TRUE,TRUE,TRUE,FALSE,FALSE,FALSE,FALSE,FALSE,FALSE,FALSE,FALSE,FALSE,FALSE,TRUE,FALSE
PLANT-00957,Vernonia gigantea,"Giant Ironweed, Tall Ironweed","Giant Ironweed, Tall Ironweed",Asteraceae,https://inaturalist-open-data.s3.amazonaws.com/photos/228207800/medium.jpg,iNaturalist,Alabama | Arkansas | Delaware | Florida | Georgia | Illinois | Indiana | Iowa | Kansas | Kentucky | Louisiana | Maryland | Michigan | Mississippi | Missouri | Nebraska | New Mexico | New York | North Carolina | Ohio | Oklahoma | Pennsylvania | South Carolina | Tennessee | Texas | Virginia | West Virginia,Herb,Herbaceous perennial,5,8,Low,,Moist,,TRUE,TRUE,TRUE,FALSE,FALSE,FALSE,Purple,FALSE,FALSE,FALSE,FALSE,FALSE,TRUE,TRUE,TRUE,TRUE,TRUE,FALSE,FALSE,FALSE,FALSE,FALSE,FALSE,FALSE,FALSE,FALSE,TRUE,FALSE
PLANT-00958,Vernonia missurica,Missouri Ironweed,Missouri Ironweed,Asteraceae,https://inaturalist-open-data.s3.amazonaws.com/photos/9211895/medium.jpg,iNaturalist,Alabama | Arkansas | Florida | Georgia | Illinois | Indiana | Iowa | Kansas | Kentucky | Louisiana | Massachusetts | Michigan | Mississippi | Missouri | Nebraska | New Mexico | Ohio | Oklahoma | Tennessee | Texas,Herb,Herbaceous perennial,4,9,Low,,,,FALSE,FALSE,FALSE,FALSE,FALSE,FALSE,Purple,FALSE,FALSE,FALSE,FALSE,FALSE,FALSE,TRUE,TRUE,TRUE,FALSE,FALSE,FALSE,FALSE,FALSE,FALSE,FALSE,FALSE,FALSE,FALSE,TRUE,FALSE
PLANT-00959,Vernonia noveboracensis,New York Ironweed,New York Ironweed,Asteraceae,https://inaturalist-open-data.s3.amazonaws.com/photos/92055781/medium.jpeg,iNaturalist,Alabama | Connecticut | Delaware | Florida | Georgia | Maryland | Massachusetts | New Jersey | New York | North Carolina | Pennsylvania | Rhode Island | South Carolina | Tennessee | Virginia | West Virginia,Herb,Herbaceous perennial,5,9,Low,"Is found in moist soils in the wild, but will flourish in regular or dry soil. Tolerates clay and neutral to acidic conditions.",Moist,Acidic (pH<6.8),TRUE,FALSE,FALSE,FALSE,TRUE,FALSE,Purple,FALSE,FALSE,FALSE,FALSE,FALSE,FALSE,FALSE,TRUE,TRUE,TRUE,FALSE,FALSE,FALSE,FALSE,FALSE,FALSE,FALSE,FALSE,FALSE,TRUE,FALSE
PLANT-00960,Veronicastrum virginicum,Culver's Root,Culver's Root,Scrophulariaceae,https://inaturalist-open-data.s3.amazonaws.com/photos/2173863/medium.jpg,iNaturalist,Alabama | Arkansas | Connecticut | Delaware | Florida | Georgia | Illinois | Indiana | Iowa | Kansas | Kentucky | Louisiana | Maine | Maryland | Massachusetts | Michigan | Minnesota | Mississippi | Missouri | Nebraska | New Jersey | New York | North Carolina | North Dakota | Ohio | Oklahoma | Pennsylvania | South Carolina | South Dakota | Tennessee | Texas | Vermont | Virginia | West Virginia | Wisconsin,Herb,Herbaceous perennial,3,8,Low,"Moist, rich soils.",Moist,Acidic (pH<6.8),TRUE,TRUE,FALSE,FALSE,FALSE,FALSE,"White , Pink",FALSE,FALSE,FALSE,FALSE,FALSE,TRUE,TRUE,TRUE,TRUE,FALSE,FALSE,FALSE,FALSE,FALSE,FALSE,FALSE,FALSE,FALSE,FALSE,TRUE,FALSE
PLANT-00961,Viburnum acerifolium,"Mapleleaf Viburnum, Maple-leaf Viburnum, Maple-leaf Arrowwood, Arrowwood","Mapleleaf Viburnum, Maple-leaf Viburnum, Maple-leaf Arrowwood, Arrowwood",Caprifoliaceae,https://inaturalist-open-data.s3.amazonaws.com/photos/11426771/medium.jpg,iNaturalist,Alabama | Arkansas | Connecticut | Delaware | Florida | Georgia | Illinois | Indiana | Kentucky | Louisiana | Maine | Maryland | Massachusetts | Michigan | Mississippi | New Hampshire | New Jersey | New York | North Carolina | Ohio | Pennsylvania | Rhode Island | South Carolina | Tennessee | Texas | Vermont | Virginia | West Virginia | Wisconsin,Shrub,Deciduous shrub,3,8,Low,"Dry, rocky soils. Sandy, Sandy Loam, Medium Loam, Clay Loam, Clay, Acid-based","Dry , Moist",Acidic (pH<6.8),TRUE,TRUE,TRUE,FALSE,TRUE,FALSE,White,FALSE,FALSE,FALSE,TRUE,TRUE,TRUE,TRUE,TRUE,FALSE,FALSE,FALSE,FALSE,FALSE,FALSE,FALSE,FALSE,FALSE,FALSE,FALSE,TRUE,FALSE
PLANT-00962,Viburnum cassinoides,witherod viburnum,witherod viburnum,,https://inaturalist-open-data.s3.amazonaws.com/photos/78066376/medium.jpeg,iNaturalist,Alabama | Connecticut | Delaware | Georgia | Illinois | Indiana | Kentucky | Maine | Maryland | Massachusetts | Michigan | New Hampshire | New Jersey | New York | North Carolina | Ohio | Pennsylvania | Rhode Island | South Carolina | Tennessee | Vermont | Virginia | West Virginia | Wisconsin,,Deciduous shrub,3,8,Low,,,,FALSE,FALSE,FALSE,FALSE,FALSE,FALSE,,FALSE,FALSE,FALSE,FALSE,FALSE,FALSE,FALSE,FALSE,FALSE,FALSE,FALSE,FALSE,FALSE,FALSE,FALSE,FALSE,FALSE,FALSE,FALSE,FALSE,FALSE
PLANT-00963,Viburnum dentatum,Southern Arrowwood,Southern Arrowwood,Caprifoliaceae,https://inaturalist-open-data.s3.amazonaws.com/photos/197714531/medium.jpg,iNaturalist,Alabama | Arkansas | Connecticut | Delaware | Florida | Georgia | Illinois | Indiana | Iowa | Kentucky | Louisiana | Maine | Maryland | Mississippi | Missouri | New Jersey | North Carolina | Ohio | Pennsylvania | South Carolina | Tennessee | Texas | Virginia | West Virginia,Shrub,Deciduous shrub,2,8,Low,"Dry to wet, acid soils and sands.",Moist,Acidic (pH<6.8),TRUE,TRUE,TRUE,FALSE,FALSE,FALSE,White,FALSE,FALSE,FALSE,FALSE,TRUE,TRUE,TRUE,FALSE,FALSE,FALSE,FALSE,FALSE,FALSE,FALSE,FALSE,FALSE,FALSE,FALSE,FALSE,TRUE,FALSE
PLANT-00964,Viburnum lentago,"Nannyberry, Blackhaw, Sweet Viburnum, Sheepberry","Nannyberry, Blackhaw, Sweet Viburnum, Sheepberry",Caprifoliaceae,https://inaturalist-open-data.s3.amazonaws.com/photos/172175665/medium.jpg,iNaturalist,Alabama | Colorado | Connecticut | Georgia | Illinois | Indiana | Iowa | Maine | Maryland | Massachusetts | Michigan | Minnesota | Missouri | Montana | Nebraska | New Hampshire | New Jersey | New York | North Carolina | North Dakota | Ohio | Pennsylvania | Rhode Island | South Dakota | Vermont | Virginia | West Virginia | Wisconsin | Wyoming,Shrub,Deciduous shrub,2,8,Low,Moist to dry soils.,Moist,Circumneutral (pH 6.8-7.2),TRUE,TRUE,TRUE,FALSE,TRUE,FALSE,White,FALSE,FALSE,FALSE,TRUE,TRUE,TRUE,FALSE,FALSE,FALSE,FALSE,FALSE,FALSE,FALSE,FALSE,FALSE,FALSE,FALSE,FALSE,FALSE,TRUE,FALSE
PLANT-00965,Viburnum nudum,"Possumhaw Viburnum, Possumhaw","Possumhaw Viburnum, Possumhaw",Caprifoliaceae,https://inaturalist-open-data.s3.amazonaws.com/photos/78066376/medium.jpeg,iNaturalist,Alabama | Arkansas | Connecticut | Delaware | Florida | Georgia | Kentucky | Louisiana | Maryland | Mississippi | New Jersey | New York | North Carolina | Pennsylvania | Rhode Island | South Carolina | Tennessee | Texas | Virginia | West Virginia,Shrub,Deciduous shrub,5,9,Low,"Adaptable but prefers wet, mucky, acid soils.","Moist , Wet",Acidic (pH<6.8),TRUE,TRUE,TRUE,FALSE,FALSE,FALSE,White,FALSE,FALSE,FALSE,FALSE,TRUE,TRUE,TRUE,FALSE,FALSE,FALSE,FALSE,FALSE,FALSE,FALSE,FALSE,FALSE,FALSE,FALSE,FALSE,TRUE,FALSE
PLANT-00966,Viburnum opulus var. americanum,"American Cranberry Bush, Highbush Cranberry, American Cranberrybush Viburnum, Cranberry Viburnum","American Cranberry Bush, Highbush Cranberry, American Cranberrybush Viburnum, Cranberry Viburnum",Caprifoliaceae,,,Connecticut | Idaho | Illinois | Indiana | Iowa | Maine | Michigan | Minnesota | Missouri | Montana | Nebraska | New Hampshire | New Mexico | New York | North Dakota | Ohio | Pennsylvania | Rhode Island | South Dakota | Vermont | Washington | West Virginia | Wisconsin | Wyoming,Shrub,Deciduous shrub,2,7,Low,"Wet to average, well-drained loams.","Moist , Wet",Circumneutral (pH 6.8-7.2),FALSE,TRUE,FALSE,FALSE,FALSE,TRUE,White,FALSE,FALSE,FALSE,FALSE,TRUE,TRUE,TRUE,FALSE,FALSE,FALSE,FALSE,FALSE,FALSE,FALSE,FALSE,FALSE,FALSE,FALSE,FALSE,TRUE,FALSE
PLANT-00967,Viburnum prunifolium,"Blackhaw, Smooth Blackhaw, Blackhaw Viburnum, Smooth Blackhaw Viburnum, Stagbush","Blackhaw, Smooth Blackhaw, Blackhaw Viburnum, Smooth Blackhaw Viburnum, Stagbush",Caprifoliaceae,https://inaturalist-open-data.s3.amazonaws.com/photos/35211762/medium.jpg,iNaturalist,Alabama | Arkansas | Connecticut | Delaware | Georgia | Illinois | Indiana | Iowa | Kansas | Kentucky | Louisiana | Maryland | Michigan | Mississippi | Missouri | New Jersey | New York | North Carolina | Ohio | Oklahoma | Pennsylvania | South Carolina | Tennessee | Texas | Virginia | West Virginia | Wisconsin,Shrub,Deciduous shrub,3,9,Low,"Moist to dry, well-drained soils.",Moist,Circumneutral (pH 6.8-7.2),FALSE,TRUE,FALSE,FALSE,TRUE,FALSE,White,FALSE,FALSE,FALSE,TRUE,TRUE,TRUE,FALSE,FALSE,FALSE,FALSE,FALSE,FALSE,FALSE,FALSE,FALSE,FALSE,FALSE,FALSE,FALSE,TRUE,FALSE
PLANT-00968,Viburnum rufidulum,"Rusty Blackhaw Viburnum, Rusty Blackhaw, Southern Blackhaw, Blackhaw, Bluehaw, Downy Viburnum, Southern Nannyberry, Rusty Nannyberry, Nannyberry","Rusty Blackhaw Viburnum, Rusty Blackhaw, Southern Blackhaw, Blackhaw, Bluehaw, Downy Viburnum, Southern Nannyberry, Rusty Nannyberry, Nannyberry",Caprifoliaceae,https://static.inaturalist.org/photos/32886182/medium.jpg,iNaturalist,Alabama | Arkansas | Florida | Georgia | Illinois | Indiana | Kansas | Kentucky | Louisiana | Mississippi | Missouri | North Carolina | Ohio | Oklahoma | South Carolina | Tennessee | Texas | Virginia,Tree,Deciduous shrub,5,9,Low,"Dry soils. Limestone-based, Sandy, Sandy Loam, Medium Loam, Clay Loam, Clay",Dry,,FALSE,TRUE,FALSE,TRUE,FALSE,FALSE,White,FALSE,FALSE,TRUE,TRUE,TRUE,FALSE,FALSE,FALSE,FALSE,FALSE,FALSE,FALSE,FALSE,FALSE,FALSE,FALSE,FALSE,FALSE,FALSE,TRUE,FALSE
PLANT-00969,Viola blanda,"Sweet White Violet, Woodland White Violet","Sweet White Violet, Woodland White Violet",Violaceae,https://inaturalist-open-data.s3.amazonaws.com/photos/70788825/medium.jpeg,iNaturalist,Alabama | Connecticut | Delaware | Georgia | Illinois | Indiana | Iowa | Kentucky | Maine | Maryland | Massachusetts | Michigan | Minnesota | New Hampshire | New Jersey | New York | North Carolina | North Dakota | Ohio | Pennsylvania | Rhode Island | South Carolina | Tennessee | Vermont | Virginia | West Virginia,Herb,Herbaceous perennial,2,7,Low,,,,FALSE,FALSE,FALSE,FALSE,FALSE,FALSE,"White , Purple",FALSE,FALSE,FALSE,TRUE,TRUE,TRUE,FALSE,FALSE,FALSE,FALSE,FALSE,FALSE,FALSE,FALSE,FALSE,FALSE,FALSE,FALSE,FALSE,TRUE,FALSE
PLANT-00970,Viola canadensis,"Canadian White Violet, Canada Violet","Canadian White Violet, Canada Violet",Violaceae,https://inaturalist-open-data.s3.amazonaws.com/photos/125678/medium.jpg,iNaturalist,Alabama | Arkansas | Connecticut | Georgia | Illinois | Indiana | Kentucky | Maine | Maryland | Massachusetts | Michigan | New Hampshire | New Jersey | New York | North Carolina | Ohio | Pennsylvania | Rhode Island | South Carolina | Tennessee | Vermont | Virginia | West Virginia | Wisconsin,Herb,Herbaceous perennial,3,8,Medium,"Rich, moist soils.",Moist,Circumneutral (pH 6.8-7.2),FALSE,FALSE,TRUE,FALSE,FALSE,FALSE,"White , Yellow , Purple , Violet",FALSE,FALSE,TRUE,TRUE,TRUE,TRUE,TRUE,TRUE,TRUE,TRUE,FALSE,FALSE,FALSE,FALSE,FALSE,FALSE,FALSE,FALSE,FALSE,TRUE,FALSE
PLANT-00971,Viola labradorica,"Alpine Violet, American Dog Violet","Alpine Violet, American Dog Violet",Violaceae,https://static.inaturalist.org/photos/380169293/medium.jpg,iNaturalist,Alabama | Colorado | Connecticut | Delaware | Florida | Georgia | Illinois | Indiana | Kentucky | Maine | Maryland | Massachusetts | Michigan | Minnesota | New Hampshire | New Jersey | New York | North Carolina | North Dakota | Ohio | Pennsylvania | Rhode Island | South Carolina | Tennessee | Vermont | Virginia | West Virginia | Wisconsin,Herb,Herbaceous perennial,3,8,Low,,Moist,,TRUE,FALSE,FALSE,FALSE,FALSE,FALSE,"White , Blue , Purple , Violet",FALSE,FALSE,FALSE,TRUE,TRUE,TRUE,TRUE,TRUE,FALSE,FALSE,FALSE,FALSE,FALSE,FALSE,FALSE,FALSE,FALSE,FALSE,FALSE,TRUE,FALSE
PLANT-00972,Viola pedata,"Birdfoot Violet, Bird's-foot Violet, Bird-foot Violet","Birdfoot Violet, Bird's-foot Violet, Bird-foot Violet",Violaceae,https://static.inaturalist.org/photos/340500/medium.jpg,iNaturalist,Alabama | Arkansas | Connecticut | Delaware | Georgia | Illinois | Indiana | Iowa | Kansas | Kentucky | Louisiana | Maine | Maryland | Massachusetts | Michigan | Minnesota | Mississippi | Missouri | Nebraska | New Hampshire | New Jersey | New York | North Carolina | Ohio | Oklahoma | Pennsylvania | Rhode Island | South Carolina | Tennessee | Texas | Virginia | West Virginia | Wisconsin,Herb,Herbaceous perennial,4,8,Medium,"Dry, rocky, or sandy soils.",Dry,Acidic (pH<6.8),FALSE,TRUE,TRUE,FALSE,FALSE,FALSE,"White , Blue , Purple , Violet",FALSE,FALSE,TRUE,TRUE,TRUE,TRUE,FALSE,FALSE,FALSE,FALSE,FALSE,FALSE,FALSE,FALSE,FALSE,FALSE,FALSE,FALSE,FALSE,TRUE,FALSE
PLANT-00973,Viola pedatifida,"Prairie Violet, Purple Prairie Violet, Larkspur Violet, Crow-foot Violet, Coastal Violet","Prairie Violet, Purple Prairie Violet, Larkspur Violet, Crow-foot Violet, Coastal Violet",Violaceae,https://inaturalist-open-data.s3.amazonaws.com/photos/3514117/medium.jpg,iNaturalist,Arizona | Arkansas | Colorado | Illinois | Indiana | Iowa | Kansas | Michigan | Minnesota | Missouri | Montana | Nebraska | New Mexico | North Carolina | North Dakota | Ohio | Oklahoma | South Dakota | Tennessee | Texas | Virginia | Wisconsin | Wyoming,Herb,Herbaceous perennial,3,8,Low,Mesic to dry soils.,Moist,,TRUE,FALSE,FALSE,FALSE,FALSE,FALSE,"White , Purple , Violet",FALSE,FALSE,TRUE,TRUE,TRUE,TRUE,FALSE,FALSE,FALSE,FALSE,FALSE,FALSE,FALSE,FALSE,FALSE,FALSE,FALSE,FALSE,FALSE,TRUE,FALSE
PLANT-00974,Viola pubescens var. eriocarpa,smooth yellow violet,smooth yellow violet,,,,Alabama | Connecticut | Delaware | Georgia | Illinois | Indiana | Kansas | Kentucky | Maine | Maryland | Massachusetts | Michigan | Minnesota | Missouri | New Hampshire | New Jersey | New York | North Carolina | Ohio | Oklahoma | Pennsylvania | Rhode Island | South Carolina | Tennessee | Vermont | Virginia | West Virginia | Wisconsin,,Herbaceous perennial,3,7,Low,,,,FALSE,FALSE,FALSE,FALSE,FALSE,FALSE,,FALSE,FALSE,FALSE,FALSE,FALSE,FALSE,FALSE,FALSE,FALSE,FALSE,FALSE,FALSE,FALSE,FALSE,FALSE,FALSE,FALSE,FALSE,FALSE,FALSE,FALSE
PLANT-00975,Viola rotundifolia,"Roundleaf Yellow Violet, Round-leaved Yellow Violet, Early Yellow Violet, Roundleaf Violet","Roundleaf Yellow Violet, Round-leaved Yellow Violet, Early Yellow Violet, Roundleaf Violet",Violaceae,https://inaturalist-open-data.s3.amazonaws.com/photos/657606/medium.JPG,iNaturalist,Connecticut | Delaware | Georgia | Kentucky | Maine | Maryland | Massachusetts | New Hampshire | New Jersey | New York | North Carolina | Ohio | Pennsylvania | Rhode Island | South Carolina | Tennessee | Vermont | Virginia | West Virginia,Herb,Herbaceous perennial,3,7,Low,,,,FALSE,FALSE,FALSE,FALSE,FALSE,FALSE,"Yellow , Purple",FALSE,FALSE,TRUE,TRUE,TRUE,FALSE,FALSE,FALSE,FALSE,FALSE,FALSE,FALSE,FALSE,FALSE,FALSE,FALSE,FALSE,FALSE,FALSE,TRUE,FALSE
PLANT-00976,Viola sororia,"Missouri Violet, Common Blue Violet, Hooded Blue Violet, Florida Violet, Meadow Violet, Confederate Violet, Dooryard Violet, Purple Violet, Woolly Blue Violet, Wood Violet, Hooded Violet","Missouri Violet, Common Blue Violet, Hooded Blue Violet, Florida Violet, Meadow Violet, Confederate Violet, Dooryard Violet, Purple Violet, Woolly Blue Violet, Wood Violet, Hooded Violet",Violaceae,https://static.inaturalist.org/photos/1631436/medium.jpg,iNaturalist,Alabama | Arkansas | Connecticut | Delaware | Florida | Georgia | Illinois | Indiana | Iowa | Kansas | Kentucky | Louisiana | Maine | Maryland | Massachusetts | Michigan | Minnesota | Mississippi | Missouri | Nebraska | New Hampshire | New Jersey | New York | North Carolina | North Dakota | Ohio | Oklahoma | Pennsylvania | Rhode Island | South Carolina | South Dakota | Tennessee | Texas | Vermont | Virginia | West Virginia | Wisconsin,Herb,Herbaceous perennial,3,7,Medium,"Moist, rich soils.",Moist,,TRUE,TRUE,FALSE,FALSE,FALSE,TRUE,"White , Pink , Blue , Purple",FALSE,FALSE,TRUE,TRUE,TRUE,FALSE,FALSE,FALSE,FALSE,FALSE,FALSE,FALSE,FALSE,FALSE,FALSE,FALSE,FALSE,FALSE,FALSE,TRUE,FALSE
PLANT-00977,Viola striata,"Striped Cream Violet, Striped Violet, Common White Violet, Pale Violet","Striped Cream Violet, Striped Violet, Common White Violet, Pale Violet",Violaceae,https://inaturalist-open-data.s3.amazonaws.com/photos/3543767/medium.JPG,iNaturalist,Alabama | Arkansas | Connecticut | Delaware | Georgia | Illinois | Indiana | Iowa | Kentucky | Maryland | Massachusetts | Michigan | Missouri | New Hampshire | New Jersey | New York | North Carolina | Ohio | Oklahoma | Pennsylvania | South Carolina | Tennessee | Virginia | West Virginia | Wisconsin,Herb,Herbaceous perennial,4,7,Medium,Loam,Wet,,FALSE,TRUE,FALSE,FALSE,FALSE,FALSE,"White , Purple",FALSE,FALSE,TRUE,TRUE,TRUE,TRUE,TRUE,FALSE,FALSE,FALSE,FALSE,FALSE,FALSE,FALSE,FALSE,FALSE,FALSE,FALSE,FALSE,TRUE,FALSE
PLANT-00978,Vitex negundo,chaste tree,chaste tree,,https://inaturalist-open-data.s3.amazonaws.com/photos/80459619/medium.jpeg,iNaturalist,Alabama | Florida | Texas,,Deciduous shrub,6,9,Medium,,,,FALSE,FALSE,FALSE,FALSE,FALSE,FALSE,,FALSE,FALSE,FALSE,FALSE,FALSE,FALSE,FALSE,FALSE,FALSE,FALSE,FALSE,FALSE,FALSE,FALSE,FALSE,FALSE,FALSE,FALSE,FALSE,FALSE,FALSE
PLANT-00979,Vitis aestivalis,"Summer Grape , Pigeon Grape","Summer Grape , Pigeon Grape",Vitaceae,https://inaturalist-open-data.s3.amazonaws.com/photos/46768846/medium.jpeg,iNaturalist,Alabama | Arkansas | California | Connecticut | Delaware | Florida | Georgia | Illinois | Indiana | Iowa | Kansas | Kentucky | Louisiana | Maryland | Massachusetts | Mississippi | Missouri | Nebraska | New Jersey | New York | North Carolina | Ohio | Oklahoma | Rhode Island | South Carolina | Tennessee | Texas | Virginia | West Virginia | Wisconsin,Vine,Herbaceous perennial,5,8,High,,,,FALSE,FALSE,FALSE,FALSE,FALSE,FALSE,"White , Yellow , Green",FALSE,FALSE,FALSE,TRUE,TRUE,TRUE,FALSE,FALSE,FALSE,FALSE,FALSE,FALSE,FALSE,FALSE,FALSE,FALSE,FALSE,FALSE,FALSE,TRUE,FALSE
PLANT-00980,Vitis labrusca,Fox Grape,Fox Grape,Vitaceae,https://inaturalist-open-data.s3.amazonaws.com/photos/10367171/medium.jpeg,iNaturalist,Alabama | Connecticut | Delaware | Georgia | Indiana | Kentucky | Maine | Maryland | Massachusetts | Michigan | Mississippi | New Hampshire | New Jersey | New York | North Carolina | Ohio | Pennsylvania | Rhode Island | South Carolina | Tennessee | Utah | Vermont | Virginia | West Virginia | Wisconsin,Vine,Fruit,5,8,High,,"Dry , Moist",,TRUE,TRUE,TRUE,FALSE,FALSE,FALSE,"White , Yellow , Green , Brown",FALSE,FALSE,FALSE,FALSE,TRUE,TRUE,FALSE,FALSE,FALSE,FALSE,FALSE,FALSE,FALSE,FALSE,FALSE,FALSE,FALSE,FALSE,FALSE,TRUE,FALSE
PLANT-00981,Waldsteinia fragarioides,"Appalachian Barren Strawberry, Barren Strawberry","Appalachian Barren Strawberry, Barren Strawberry",Rosaceae,https://inaturalist-open-data.s3.amazonaws.com/photos/474194373/medium.jpg,iNaturalist,Alabama | Arkansas | Connecticut | Georgia | Illinois | Indiana | Kentucky | Maine | Maryland | Massachusetts | Michigan | Minnesota | Missouri | New Hampshire | New Jersey | New York | North Carolina | Ohio | Pennsylvania | Tennessee | Vermont | Virginia | West Virginia | Wisconsin,Herb,Herbaceous perennial,4,7,Low,,"Dry , Moist",,FALSE,FALSE,FALSE,FALSE,FALSE,FALSE,Yellow,FALSE,FALSE,FALSE,TRUE,TRUE,TRUE,FALSE,FALSE,FALSE,FALSE,FALSE,FALSE,FALSE,FALSE,FALSE,FALSE,FALSE,FALSE,FALSE,TRUE,FALSE
PLANT-00982,Waldsteinia lobata,piedmont barren strawberry,piedmont barren strawberry,,https://inaturalist-open-data.s3.amazonaws.com/photos/268258262/medium.jpg,iNaturalist,Alabama | Georgia | North Carolina | South Carolina,,Herbaceous perennial,7,9,Low,,,,FALSE,FALSE,FALSE,FALSE,FALSE,FALSE,,FALSE,FALSE,FALSE,FALSE,FALSE,FALSE,FALSE,FALSE,FALSE,FALSE,FALSE,FALSE,FALSE,FALSE,FALSE,FALSE,FALSE,FALSE,FALSE,FALSE,FALSE
PLANT-00983,Wisteria frutescens,"American Wisteria, Texas Wisteria, Kentucky Wisteria","American Wisteria, Texas Wisteria, Kentucky Wisteria",Fabaceae,https://static.inaturalist.org/photos/35736058/medium.jpg,iNaturalist,Alabama | Arkansas | Delaware | Florida | Georgia | Illinois | Indiana | Kentucky | Louisiana | Michigan | Mississippi | Missouri | North Carolina | Oklahoma | South Carolina | Tennessee | Texas,Vine,Vine,5,9,Medium,"Rich, moist to mesic, neutral to slightly acid soils. Sandy, Sandy Loam, Medium Loam, Clay Loam, Clay.",Moist,"Acidic (pH<6.8) , Circumneutral (pH 6.8-7.2)",TRUE,TRUE,TRUE,FALSE,TRUE,FALSE,"White , Pink , Blue , Purple , Violet",FALSE,FALSE,FALSE,FALSE,TRUE,TRUE,FALSE,FALSE,FALSE,FALSE,FALSE,FALSE,FALSE,FALSE,FALSE,FALSE,FALSE,FALSE,FALSE,TRUE,FALSE
PLANT-00984,Woodsia obtusa subsp. obtusa,blunt-lobed woodsia,blunt-lobed woodsia,,,,Alabama | Arkansas | Connecticut | Delaware | Florida | Georgia | Illinois | Indiana | Iowa | Kansas | Kentucky | Louisiana | Maine | Maryland | Massachusetts | Michigan | Minnesota | Mississippi | Missouri | Nebraska | New Hampshire | New Jersey | New York | North Carolina | Ohio | Oklahoma | Pennsylvania | Rhode Island | South Carolina | Tennessee | Texas | Vermont | Virginia | West Virginia | Wisconsin,,Fern,4,8,Medium,,,,FALSE,FALSE,FALSE,FALSE,FALSE,FALSE,,FALSE,FALSE,FALSE,FALSE,FALSE,FALSE,FALSE,FALSE,FALSE,FALSE,FALSE,FALSE,FALSE,FALSE,FALSE,FALSE,FALSE,FALSE,FALSE,FALSE,FALSE
PLANT-00985,Woodwardia areolata,"Netted Chainfern, Chain Fern, Netted Chain Fern","Netted Chainfern, Chain Fern, Netted Chain Fern",Blechnaceae,https://inaturalist-open-data.s3.amazonaws.com/photos/85809395/medium.jpg,iNaturalist,Alabama | Arkansas | Connecticut | Delaware | Florida | Georgia | Illinois | Indiana | Kentucky | Louisiana | Maine | Maryland | Massachusetts | Michigan | Mississippi | Missouri | New Hampshire | New Jersey | New York | North Carolina | Ohio | Oklahoma | Pennsylvania | Rhode Island | South Carolina | Tennessee | Texas | Virginia | West Virginia,Fern,Fern,3,9,Low,"Wet, acid soils. Acid-based, Calcareous, Sandy, Sandy Loam, Medium Loam, Clay Loam, Clay. Tolerates brackish soils.","Moist , Wet",Acidic (pH<6.8),FALSE,TRUE,TRUE,FALSE,TRUE,TRUE,Not Applicable,FALSE,FALSE,FALSE,FALSE,FALSE,FALSE,FALSE,FALSE,FALSE,FALSE,FALSE,FALSE,FALSE,FALSE,FALSE,FALSE,FALSE,FALSE,FALSE,TRUE,FALSE
PLANT-00986,Xanthocyparis nootkatensis,nootka cypress,nootka cypress,,https://inaturalist-open-data.s3.amazonaws.com/photos/43618148/medium.jpg,iNaturalist,Alaska | California | Oregon | Washington,,Needled evergreen,4,7,Medium,,,,FALSE,FALSE,FALSE,FALSE,FALSE,FALSE,,FALSE,FALSE,FALSE,FALSE,FALSE,FALSE,FALSE,FALSE,FALSE,FALSE,FALSE,FALSE,FALSE,FALSE,FALSE,FALSE,FALSE,FALSE,FALSE,FALSE,FALSE
PLANT-00987,Xanthorhiza simplicissima,"Yellowroot, Shrub Yellowroot","Yellowroot, Shrub Yellowroot",Ranunculaceae,https://static.inaturalist.org/photos/186124189/medium.jpg,iNaturalist,Alabama | Florida | Georgia | Kentucky | Louisiana | Maryland | Mississippi | North Carolina | Pennsylvania | South Carolina | Tennessee | Texas | Virginia | West Virginia,Shrub,Deciduous shrub,3,9,Low,"Sands, gravels or silts.",,Acidic (pH<6.8),FALSE,FALSE,TRUE,FALSE,FALSE,FALSE,"Yellow , Purple",FALSE,FALSE,FALSE,TRUE,TRUE,FALSE,FALSE,FALSE,FALSE,FALSE,FALSE,FALSE,FALSE,FALSE,FALSE,FALSE,FALSE,FALSE,FALSE,TRUE,FALSE
PLANT-00988,Yucca brevifolia,"Joshua Tree, Tree Yucca, Cactus-yucca, Yucca-palm","Joshua Tree, Tree Yucca, Cactus-yucca, Yucca-palm",Agavaceae,https://static.inaturalist.org/photos/262955271/medium.jpg,iNaturalist,California | Nevada,Cactus/Succulent,Broadleaf evergreen,6,10,Low,Sandy or rocky soils.,,,TRUE,FALSE,FALSE,FALSE,FALSE,FALSE,White,FALSE,FALSE,TRUE,TRUE,TRUE,FALSE,FALSE,FALSE,FALSE,FALSE,FALSE,FALSE,FALSE,FALSE,FALSE,FALSE,FALSE,FALSE,FALSE,TRUE,FALSE
PLANT-00989,Yucca filamentosa,Adam's Needle,Adam's Needle,Agavaceae,https://static.inaturalist.org/photos/82597214/medium.jpg,iNaturalist,Alabama | Arkansas | Delaware | Florida | Georgia | Louisiana | Maryland | Mississippi | North Carolina | South Carolina | Tennessee | Virginia,Cactus/Succulent,Broadleaf evergreen,5,10,Low,"Coarse, dry sands.",Dry,Circumneutral (pH 6.8-7.2),TRUE,FALSE,FALSE,FALSE,FALSE,FALSE,White,FALSE,FALSE,FALSE,TRUE,TRUE,TRUE,TRUE,TRUE,FALSE,FALSE,FALSE,FALSE,FALSE,FALSE,FALSE,FALSE,FALSE,FALSE,FALSE,TRUE,FALSE
PLANT-00990,Zanthoxylum americanum,"Common Pricklyash, Toothache Tree, Prickly Ash","Common Pricklyash, Toothache Tree, Prickly Ash",Rutaceae,https://inaturalist-open-data.s3.amazonaws.com/photos/108813/medium.jpg,iNaturalist,Alabama | Arkansas | Connecticut | Delaware | Florida | Georgia | Illinois | Indiana | Iowa | Kansas | Kentucky | Louisiana | Maine | Maryland | Massachusetts | Michigan | Minnesota | Missouri | Nebraska | New Hampshire | New Jersey | New York | North Carolina | North Dakota | Ohio | Oklahoma | Pennsylvania | Rhode Island | South Carolina | South Dakota | Tennessee | Vermont | Virginia | West Virginia | Wisconsin,Shrub,Tree,3,7,Medium,"Rocky, calcareous soils.",,Circumneutral (pH 6.8-7.2),TRUE,FALSE,FALSE,FALSE,FALSE,FALSE,"White , Green",FALSE,FALSE,FALSE,TRUE,TRUE,TRUE,FALSE,FALSE,FALSE,FALSE,FALSE,FALSE,FALSE,FALSE,FALSE,FALSE,FALSE,FALSE,FALSE,TRUE,FALSE
PLANT-00991,Zanthoxylum clava-herculis,"Hercules Club, Pepperbark, Toothache Tree, Tickle Tongue, Prickly Ash","Hercules Club, Pepperbark, Toothache Tree, Tickle Tongue, Prickly Ash",Rutaceae,https://inaturalist-open-data.s3.amazonaws.com/photos/4109252/medium.JPG,iNaturalist,Alabama | Arkansas | Florida | Georgia | Louisiana | Mississippi | North Carolina | Oklahoma | South Carolina | Texas | Virginia,Tree,Tree,7,9,Low,"Sandy Loam, Sandy, Medium Loam, Acid-based",Dry,,TRUE,FALSE,FALSE,FALSE,TRUE,FALSE,"Yellow , Green",TRUE,TRUE,TRUE,TRUE,TRUE,FALSE,FALSE,FALSE,FALSE,FALSE,FALSE,FALSE,FALSE,FALSE,FALSE,FALSE,FALSE,FALSE,FALSE,TRUE,FALSE
PLANT-00992,Zenobia pulverulenta,"Honeycup, Dusty Zenobia","Honeycup, Dusty Zenobia",Ericaceae,https://inaturalist-open-data.s3.amazonaws.com/photos/19428282/medium.jpg,iNaturalist,Georgia | North Carolina | South Carolina | Virginia,Shrub,Deciduous shrub,6,9,Medium,"Wet sands, peats & mucks.",Wet,Acidic (pH<6.8),FALSE,TRUE,FALSE,FALSE,FALSE,TRUE,White,FALSE,FALSE,TRUE,TRUE,TRUE,TRUE,FALSE,FALSE,FALSE,FALSE,FALSE,FALSE,FALSE,FALSE,FALSE,FALSE,FALSE,FALSE,FALSE,TRUE,FALSE
PLANT-00993,Zephyranthes simpsonii,rain lily,rain lily,,https://static.inaturalist.org/photos/4437794/medium.jpg,iNaturalist,Alabama | Florida | Georgia | Mississippi | North Carolina | South Carolina,,Bulb,7,10,Medium,,,,FALSE,FALSE,FALSE,FALSE,FALSE,FALSE,,FALSE,FALSE,FALSE,FALSE,FALSE,FALSE,FALSE,FALSE,FALSE,FALSE,FALSE,FALSE,FALSE,FALSE,FALSE,FALSE,FALSE,FALSE,FALSE,FALSE,FALSE
PLANT-00994,Zephyranthes treatiae,Zephyrlily,Zephyrlily,Liliaceae,https://inaturalist-open-data.s3.amazonaws.com/photos/31553170/medium.jpg,iNaturalist,Alabama | Florida | Georgia | Louisiana,Herb,Bulb,7,10,Medium,,,,FALSE,FALSE,FALSE,FALSE,FALSE,FALSE,"White , Pink",TRUE,TRUE,TRUE,TRUE,TRUE,TRUE,FALSE,FALSE,FALSE,FALSE,FALSE,FALSE,FALSE,FALSE,FALSE,FALSE,FALSE,FALSE,FALSE,TRUE,FALSE
PLANT-00995,Zinnia elegans,zinnia,zinnia,,https://inaturalist-open-data.s3.amazonaws.com/photos/24339002/medium.jpeg,iNaturalist,Alabama | California | Connecticut | Florida | Georgia | Louisiana | Maryland | Mississippi | North Carolina | Pennsylvania | South Carolina | Texas,,Annual,2,11,Medium,,,,FALSE,FALSE,FALSE,FALSE,FALSE,FALSE,,FALSE,FALSE,FALSE,FALSE,FALSE,FALSE,FALSE,FALSE,FALSE,FALSE,FALSE,FALSE,FALSE,FALSE,FALSE,FALSE,FALSE,FALSE,FALSE,FALSE,FALSE
PLANT-00996,Zizia aptera,"Heart-leaved Meadow Parsnip, Heartleaf Meadow Parsnip, Meadow Parsnip, Heartleaf Alexanders, Meadow Zizia, Zizia","Heart-leaved Meadow Parsnip, Heartleaf Meadow Parsnip, Meadow Parsnip, Heartleaf Alexanders, Meadow Zizia, Zizia",Apiaceae,https://inaturalist-open-data.s3.amazonaws.com/photos/75570328/medium.jpeg,iNaturalist,Alabama | Arkansas | Colorado | Connecticut | Delaware | Florida | Georgia | Idaho | Illinois | Indiana | Iowa | Kentucky | Maryland | Michigan | Minnesota | Mississippi | Missouri | Montana | Nevada | New Jersey | New York | North Carolina | North Dakota | Ohio | Oklahoma | Oregon | Pennsylvania | Rhode Island | South Carolina | South Dakota | Tennessee | Utah | Virginia | Washington | West Virginia | Wisconsin | Wyoming,Herb,Herbaceous perennial,3,8,Medium,"Moist, sandy or sandy-clay soils.",Moist,,TRUE,TRUE,TRUE,FALSE,FALSE,FALSE,Yellow,FALSE,FALSE,FALSE,FALSE,TRUE,TRUE,FALSE,FALSE,FALSE,FALSE,FALSE,FALSE,FALSE,FALSE,FALSE,FALSE,FALSE,FALSE,FALSE,TRUE,FALSE
PLANT-00997,Zizia aurea,"Golden Zizia, Golden Alexanders","Golden Zizia, Golden Alexanders",Apiaceae,https://inaturalist-open-data.s3.amazonaws.com/photos/387361379/medium.jpg,iNaturalist,Alabama | Arkansas | Connecticut | Delaware | Florida | Georgia | Illinois | Indiana | Iowa | Kansas | Kentucky | Louisiana | Maine | Maryland | Massachusetts | Michigan | Minnesota | Mississippi | Missouri | Montana | Nebraska | New Hampshire | New Jersey | New York | North Carolina | North Dakota | Ohio | Oklahoma | Pennsylvania | Rhode Island | South Carolina | South Dakota | Tennessee | Texas | Vermont | Virginia | West Virginia | Wisconsin,Herb,Herbaceous perennial,3,8,Medium,"Moist, sandy or sandy-clay soils.",Moist,,TRUE,TRUE,FALSE,FALSE,FALSE,FALSE,Yellow,FALSE,FALSE,FALSE,TRUE,TRUE,TRUE,TRUE,TRUE,FALSE,FALSE,FALSE,FALSE,FALSE,FALSE,FALSE,FALSE,FALSE,FALSE,FALSE,TRUE,FALSE
