plant_id,scientific_name_key,native_state
PLANT-00001,abies balsamea,Connecticut
PLANT-00001,abies balsamea,Iowa
PLANT-00001,abies balsamea,Maine
PLANT-00001,abies balsamea,Massachusetts
PLANT-00001,abies balsamea,Michigan
PLANT-00001,abies balsamea,Minnesota
PLANT-00001,abies balsamea,New Hampshire
PLANT-00001,abies balsamea,New Jersey
PLANT-00001,abies balsamea,New York
PLANT-00001,abies balsamea,Pennsylvania
PLANT-00001,abies balsamea,Vermont
PLANT-00001,abies balsamea,Virginia
PLANT-00001,abies balsamea,West Virginia
PLANT-00001,abies balsamea,Wisconsin
PLANT-00002,abies concolor,Arizona
PLANT-00002,abies concolor,California
PLANT-00002,abies concolor,Colorado
PLANT-00002,abies concolor,Idaho
PLANT-00002,abies concolor,Nevada
PLANT-00002,abies concolor,Oregon
PLANT-00002,abies concolor,Utah
PLANT-00002,abies concolor,Wyoming
PLANT-00003,abies fraseri,Georgia
PLANT-00003,abies fraseri,Minnesota
PLANT-00003,abies fraseri,North Carolina
PLANT-00003,abies fraseri,Tennessee
PLANT-00003,abies fraseri,Virginia
PLANT-00004,abies grandis,California
PLANT-00004,abies grandis,Idaho
PLANT-00004,abies grandis,Montana
PLANT-00004,abies grandis,Oregon
PLANT-00004,abies grandis,Washington
PLANT-00005,acacia koa,Hawaii
PLANT-00006,acalypha wilkesiana,Hawaii
PLANT-00007,acer macrophyllum,California
PLANT-00007,acer macrophyllum,Oregon
PLANT-00007,acer macrophyllum,Washington
PLANT-00008,acer negundo,Alabama
PLANT-00008,acer negundo,Arkansas
PLANT-00008,acer negundo,Colorado
PLANT-00008,acer negundo,Connecticut
PLANT-00008,acer negundo,Delaware
PLANT-00008,acer negundo,Florida
PLANT-00008,acer negundo,Georgia
PLANT-00008,acer negundo,Illinois
PLANT-00008,acer negundo,Indiana
PLANT-00008,acer negundo,Iowa
PLANT-00008,acer negundo,Kansas
PLANT-00008,acer negundo,Kentucky
PLANT-00008,acer negundo,Louisiana
PLANT-00008,acer negundo,Maine
PLANT-00008,acer negundo,Maryland
PLANT-00008,acer negundo,Massachusetts
PLANT-00008,acer negundo,Michigan
PLANT-00008,acer negundo,Minnesota
PLANT-00008,acer negundo,Mississippi
PLANT-00008,acer negundo,Missouri
PLANT-00008,acer negundo,Nebraska
PLANT-00008,acer negundo,New Hampshire
PLANT-00008,acer negundo,New Jersey
PLANT-00008,acer negundo,New York
PLANT-00008,acer negundo,North Carolina
PLANT-00008,acer negundo,North Dakota
PLANT-00008,acer negundo,Ohio
PLANT-00008,acer negundo,Oklahoma
PLANT-00008,acer negundo,Oregon
PLANT-00008,acer negundo,Pennsylvania
PLANT-00008,acer negundo,Rhode Island
PLANT-00008,acer negundo,South Carolina
PLANT-00008,acer negundo,South Dakota
PLANT-00008,acer negundo,Tennessee
PLANT-00008,acer negundo,Texas
PLANT-00008,acer negundo,Utah
PLANT-00008,acer negundo,Vermont
PLANT-00008,acer negundo,Virginia
PLANT-00008,acer negundo,Washington
PLANT-00008,acer negundo,West Virginia
PLANT-00008,acer negundo,Wisconsin
PLANT-00009,acer pensylvanicum,Connecticut
PLANT-00009,acer pensylvanicum,Georgia
PLANT-00009,acer pensylvanicum,Indiana
PLANT-00009,acer pensylvanicum,Kentucky
PLANT-00009,acer pensylvanicum,Maine
PLANT-00009,acer pensylvanicum,Maryland
PLANT-00009,acer pensylvanicum,Massachusetts
PLANT-00009,acer pensylvanicum,Michigan
PLANT-00009,acer pensylvanicum,Minnesota
PLANT-00009,acer pensylvanicum,New Hampshire
PLANT-00009,acer pensylvanicum,New Jersey
PLANT-00009,acer pensylvanicum,New York
PLANT-00009,acer pensylvanicum,North Carolina
PLANT-00009,acer pensylvanicum,Ohio
PLANT-00009,acer pensylvanicum,Pennsylvania
PLANT-00009,acer pensylvanicum,Rhode Island
PLANT-00009,acer pensylvanicum,South Carolina
PLANT-00009,acer pensylvanicum,Tennessee
PLANT-00009,acer pensylvanicum,Vermont
PLANT-00009,acer pensylvanicum,Virginia
PLANT-00009,acer pensylvanicum,West Virginia
PLANT-00009,acer pensylvanicum,Wisconsin
PLANT-00010,acer rubrum,Alabama
PLANT-00010,acer rubrum,Arkansas
PLANT-00010,acer rubrum,Connecticut
PLANT-00010,acer rubrum,Delaware
PLANT-00010,acer rubrum,Florida
PLANT-00010,acer rubrum,Georgia
PLANT-00010,acer rubrum,Illinois
PLANT-00010,acer rubrum,Indiana
PLANT-00010,acer rubrum,Iowa
PLANT-00010,acer rubrum,Kentucky
PLANT-00010,acer rubrum,Louisiana
PLANT-00010,acer rubrum,Maine
PLANT-00010,acer rubrum,Maryland
PLANT-00010,acer rubrum,Massachusetts
PLANT-00010,acer rubrum,Michigan
PLANT-00010,acer rubrum,Minnesota
PLANT-00010,acer rubrum,Mississippi
PLANT-00010,acer rubrum,Missouri
PLANT-00010,acer rubrum,New Hampshire
PLANT-00010,acer rubrum,New Jersey
PLANT-00010,acer rubrum,New York
PLANT-00010,acer rubrum,North Carolina
PLANT-00010,acer rubrum,Ohio
PLANT-00010,acer rubrum,Oklahoma
PLANT-00010,acer rubrum,Pennsylvania
PLANT-00010,acer rubrum,Rhode Island
PLANT-00010,acer rubrum,South Carolina
PLANT-00010,acer rubrum,Tennessee
PLANT-00010,acer rubrum,Texas
PLANT-00010,acer rubrum,Vermont
PLANT-00010,acer rubrum,Virginia
PLANT-00010,acer rubrum,West Virginia
PLANT-00010,acer rubrum,Wisconsin
PLANT-00011,acer saccharinum,Alabama
PLANT-00011,acer saccharinum,Arkansas
PLANT-00011,acer saccharinum,California
PLANT-00011,acer saccharinum,Connecticut
PLANT-00011,acer saccharinum,Delaware
PLANT-00011,acer saccharinum,Florida
PLANT-00011,acer saccharinum,Georgia
PLANT-00011,acer saccharinum,Illinois
PLANT-00011,acer saccharinum,Indiana
PLANT-00011,acer saccharinum,Iowa
PLANT-00011,acer saccharinum,Kansas
PLANT-00011,acer saccharinum,Kentucky
PLANT-00011,acer saccharinum,Louisiana
PLANT-00011,acer saccharinum,Maine
PLANT-00011,acer saccharinum,Maryland
PLANT-00011,acer saccharinum,Massachusetts
PLANT-00011,acer saccharinum,Michigan
PLANT-00011,acer saccharinum,Minnesota
PLANT-00011,acer saccharinum,Mississippi
PLANT-00011,acer saccharinum,Missouri
PLANT-00011,acer saccharinum,Nebraska
PLANT-00011,acer saccharinum,New Hampshire
PLANT-00011,acer saccharinum,New Jersey
PLANT-00011,acer saccharinum,New Mexico
PLANT-00011,acer saccharinum,New York
PLANT-00011,acer saccharinum,North Carolina
PLANT-00011,acer saccharinum,North Dakota
PLANT-00011,acer saccharinum,Ohio
PLANT-00011,acer saccharinum,Oklahoma
PLANT-00011,acer saccharinum,Pennsylvania
PLANT-00011,acer saccharinum,Rhode Island
PLANT-00011,acer saccharinum,South Carolina
PLANT-00011,acer saccharinum,South Dakota
PLANT-00011,acer saccharinum,Tennessee
PLANT-00011,acer saccharinum,Vermont
PLANT-00011,acer saccharinum,Virginia
PLANT-00011,acer saccharinum,Washington
PLANT-00011,acer saccharinum,West Virginia
PLANT-00011,acer saccharinum,Wisconsin
PLANT-00012,acer saccharum,Alabama
PLANT-00012,acer saccharum,Arkansas
PLANT-00012,acer saccharum,Connecticut
PLANT-00012,acer saccharum,Delaware
PLANT-00012,acer saccharum,Georgia
PLANT-00012,acer saccharum,Illinois
PLANT-00012,acer saccharum,Indiana
PLANT-00012,acer saccharum,Iowa
PLANT-00012,acer saccharum,Kansas
PLANT-00012,acer saccharum,Kentucky
PLANT-00012,acer saccharum,Louisiana
PLANT-00012,acer saccharum,Maine
PLANT-00012,acer saccharum,Maryland
PLANT-00012,acer saccharum,Massachusetts
PLANT-00012,acer saccharum,Michigan
PLANT-00012,acer saccharum,Minnesota
PLANT-00012,acer saccharum,Mississippi
PLANT-00012,acer saccharum,Missouri
PLANT-00012,acer saccharum,New Hampshire
PLANT-00012,acer saccharum,New Jersey
PLANT-00012,acer saccharum,New York
PLANT-00012,acer saccharum,North Carolina
PLANT-00012,acer saccharum,North Dakota
PLANT-00012,acer saccharum,Ohio
PLANT-00012,acer saccharum,Oklahoma
PLANT-00012,acer saccharum,Pennsylvania
PLANT-00012,acer saccharum,Rhode Island
PLANT-00012,acer saccharum,South Dakota
PLANT-00012,acer saccharum,Tennessee
PLANT-00012,acer saccharum,Vermont
PLANT-00012,acer saccharum,Virginia
PLANT-00012,acer saccharum,West Virginia
PLANT-00012,acer saccharum,Wisconsin
PLANT-00013,acer saccharum subsp. grandidentatum,Arizona
PLANT-00013,acer saccharum subsp. grandidentatum,Colorado
PLANT-00013,acer saccharum subsp. grandidentatum,Idaho
PLANT-00013,acer saccharum subsp. grandidentatum,Montana
PLANT-00013,acer saccharum subsp. grandidentatum,Nevada
PLANT-00013,acer saccharum subsp. grandidentatum,New Mexico
PLANT-00013,acer saccharum subsp. grandidentatum,Texas
PLANT-00013,acer saccharum subsp. grandidentatum,Utah
PLANT-00013,acer saccharum subsp. grandidentatum,Washington
PLANT-00013,acer saccharum subsp. grandidentatum,Wyoming
PLANT-00014,acer saccharum subsp. nigrum,Alabama
PLANT-00014,acer saccharum subsp. nigrum,Arkansas
PLANT-00014,acer saccharum subsp. nigrum,Connecticut
PLANT-00014,acer saccharum subsp. nigrum,Delaware
PLANT-00014,acer saccharum subsp. nigrum,Georgia
PLANT-00014,acer saccharum subsp. nigrum,Illinois
PLANT-00014,acer saccharum subsp. nigrum,Indiana
PLANT-00014,acer saccharum subsp. nigrum,Iowa
PLANT-00014,acer saccharum subsp. nigrum,Kansas
PLANT-00014,acer saccharum subsp. nigrum,Kentucky
PLANT-00014,acer saccharum subsp. nigrum,Maryland
PLANT-00014,acer saccharum subsp. nigrum,Massachusetts
PLANT-00014,acer saccharum subsp. nigrum,Michigan
PLANT-00014,acer saccharum subsp. nigrum,Minnesota
PLANT-00014,acer saccharum subsp. nigrum,Missouri
PLANT-00014,acer saccharum subsp. nigrum,New Hampshire
PLANT-00014,acer saccharum subsp. nigrum,New Jersey
PLANT-00014,acer saccharum subsp. nigrum,New York
PLANT-00014,acer saccharum subsp. nigrum,North Carolina
PLANT-00014,acer saccharum subsp. nigrum,Ohio
PLANT-00014,acer saccharum subsp. nigrum,Pennsylvania
PLANT-00014,acer saccharum subsp. nigrum,South Dakota
PLANT-00014,acer saccharum subsp. nigrum,Tennessee
PLANT-00014,acer saccharum subsp. nigrum,Vermont
PLANT-00014,acer saccharum subsp. nigrum,Virginia
PLANT-00014,acer saccharum subsp. nigrum,West Virginia
PLANT-00014,acer saccharum subsp. nigrum,Wisconsin
PLANT-00015,achillea millefolium,Alabama
PLANT-00015,achillea millefolium,Alaska
PLANT-00015,achillea millefolium,Arizona
PLANT-00015,achillea millefolium,Arkansas
PLANT-00015,achillea millefolium,California
PLANT-00015,achillea millefolium,Colorado
PLANT-00015,achillea millefolium,Connecticut
PLANT-00015,achillea millefolium,Delaware
PLANT-00015,achillea millefolium,Florida
PLANT-00015,achillea millefolium,Georgia
PLANT-00015,achillea millefolium,Idaho
PLANT-00015,achillea millefolium,Illinois
PLANT-00015,achillea millefolium,Indiana
PLANT-00015,achillea millefolium,Iowa
PLANT-00015,achillea millefolium,Kansas
PLANT-00015,achillea millefolium,Kentucky
PLANT-00015,achillea millefolium,Louisiana
PLANT-00015,achillea millefolium,Maine
PLANT-00015,achillea millefolium,Maryland
PLANT-00015,achillea millefolium,Massachusetts
PLANT-00015,achillea millefolium,Michigan
PLANT-00015,achillea millefolium,Minnesota
PLANT-00015,achillea millefolium,Mississippi
PLANT-00015,achillea millefolium,Missouri
PLANT-00015,achillea millefolium,Montana
PLANT-00015,achillea millefolium,Nebraska
PLANT-00015,achillea millefolium,Nevada
PLANT-00015,achillea millefolium,New Hampshire
PLANT-00015,achillea millefolium,New Jersey
PLANT-00015,achillea millefolium,New Mexico
PLANT-00015,achillea millefolium,New York
PLANT-00015,achillea millefolium,North Carolina
PLANT-00015,achillea millefolium,North Dakota
PLANT-00015,achillea millefolium,Ohio
PLANT-00015,achillea millefolium,Oklahoma
PLANT-00015,achillea millefolium,Oregon
PLANT-00015,achillea millefolium,Pennsylvania
PLANT-00015,achillea millefolium,Rhode Island
PLANT-00015,achillea millefolium,South Carolina
PLANT-00015,achillea millefolium,South Dakota
PLANT-00015,achillea millefolium,Tennessee
PLANT-00015,achillea millefolium,Texas
PLANT-00015,achillea millefolium,Utah
PLANT-00015,achillea millefolium,Vermont
PLANT-00015,achillea millefolium,Virginia
PLANT-00015,achillea millefolium,Washington
PLANT-00015,achillea millefolium,West Virginia
PLANT-00015,achillea millefolium,Wisconsin
PLANT-00015,achillea millefolium,Wyoming
PLANT-00016,acoelorrhaphe wrightii,Florida
PLANT-00017,acorus calamus,Alaska
PLANT-00017,acorus calamus,Connecticut
PLANT-00017,acorus calamus,Idaho
PLANT-00017,acorus calamus,Illinois
PLANT-00017,acorus calamus,Indiana
PLANT-00017,acorus calamus,Iowa
PLANT-00017,acorus calamus,Kansas
PLANT-00017,acorus calamus,Maine
PLANT-00017,acorus calamus,Massachusetts
PLANT-00017,acorus calamus,Michigan
PLANT-00017,acorus calamus,Minnesota
PLANT-00017,acorus calamus,Montana
PLANT-00017,acorus calamus,Nebraska
PLANT-00017,acorus calamus,New Hampshire
PLANT-00017,acorus calamus,New Jersey
PLANT-00017,acorus calamus,New York
PLANT-00017,acorus calamus,North Dakota
PLANT-00017,acorus calamus,Ohio
PLANT-00017,acorus calamus,Pennsylvania
PLANT-00017,acorus calamus,Rhode Island
PLANT-00017,acorus calamus,South Dakota
PLANT-00017,acorus calamus,Vermont
PLANT-00017,acorus calamus,Virginia
PLANT-00017,acorus calamus,Washington
PLANT-00017,acorus calamus,Wisconsin
PLANT-00018,actaea pachypoda,Alabama
PLANT-00018,actaea pachypoda,Arkansas
PLANT-00018,actaea pachypoda,Connecticut
PLANT-00018,actaea pachypoda,Delaware
PLANT-00018,actaea pachypoda,Florida
PLANT-00018,actaea pachypoda,Georgia
PLANT-00018,actaea pachypoda,Illinois
PLANT-00018,actaea pachypoda,Indiana
PLANT-00018,actaea pachypoda,Iowa
PLANT-00018,actaea pachypoda,Kansas
PLANT-00018,actaea pachypoda,Kentucky
PLANT-00018,actaea pachypoda,Louisiana
PLANT-00018,actaea pachypoda,Maine
PLANT-00018,actaea pachypoda,Maryland
PLANT-00018,actaea pachypoda,Massachusetts
PLANT-00018,actaea pachypoda,Michigan
PLANT-00018,actaea pachypoda,Minnesota
PLANT-00018,actaea pachypoda,Mississippi
PLANT-00018,actaea pachypoda,Missouri
PLANT-00018,actaea pachypoda,Nebraska
PLANT-00018,actaea pachypoda,New Hampshire
PLANT-00018,actaea pachypoda,New Jersey
PLANT-00018,actaea pachypoda,New York
PLANT-00018,actaea pachypoda,North Carolina
PLANT-00018,actaea pachypoda,Ohio
PLANT-00018,actaea pachypoda,Oklahoma
PLANT-00018,actaea pachypoda,Pennsylvania
PLANT-00018,actaea pachypoda,Rhode Island
PLANT-00018,actaea pachypoda,South Carolina
PLANT-00018,actaea pachypoda,Tennessee
PLANT-00018,actaea pachypoda,Vermont
PLANT-00018,actaea pachypoda,Virginia
PLANT-00018,actaea pachypoda,West Virginia
PLANT-00018,actaea pachypoda,Wisconsin
PLANT-00019,actaea racemosa,Alabama
PLANT-00019,actaea racemosa,Arkansas
PLANT-00019,actaea racemosa,Connecticut
PLANT-00019,actaea racemosa,Delaware
PLANT-00019,actaea racemosa,Georgia
PLANT-00019,actaea racemosa,Illinois
PLANT-00019,actaea racemosa,Indiana
PLANT-00019,actaea racemosa,Iowa
PLANT-00019,actaea racemosa,Kentucky
PLANT-00019,actaea racemosa,Maine
PLANT-00019,actaea racemosa,Maryland
PLANT-00019,actaea racemosa,Massachusetts
PLANT-00019,actaea racemosa,Michigan
PLANT-00019,actaea racemosa,Mississippi
PLANT-00019,actaea racemosa,Missouri
PLANT-00019,actaea racemosa,New Jersey
PLANT-00019,actaea racemosa,New York
PLANT-00019,actaea racemosa,North Carolina
PLANT-00019,actaea racemosa,Ohio
PLANT-00019,actaea racemosa,Pennsylvania
PLANT-00019,actaea racemosa,South Carolina
PLANT-00019,actaea racemosa,Tennessee
PLANT-00019,actaea racemosa,Virginia
PLANT-00019,actaea racemosa,West Virginia
PLANT-00020,adiantum capillus-veneris,Alabama
PLANT-00020,adiantum capillus-veneris,Arizona
PLANT-00020,adiantum capillus-veneris,Arkansas
PLANT-00020,adiantum capillus-veneris,California
PLANT-00020,adiantum capillus-veneris,Colorado
PLANT-00020,adiantum capillus-veneris,Florida
PLANT-00020,adiantum capillus-veneris,Georgia
PLANT-00020,adiantum capillus-veneris,Hawaii
PLANT-00020,adiantum capillus-veneris,Kentucky
PLANT-00020,adiantum capillus-veneris,Louisiana
PLANT-00020,adiantum capillus-veneris,Maryland
PLANT-00020,adiantum capillus-veneris,Mississippi
PLANT-00020,adiantum capillus-veneris,Missouri
PLANT-00020,adiantum capillus-veneris,Nevada
PLANT-00020,adiantum capillus-veneris,New Mexico
PLANT-00020,adiantum capillus-veneris,North Carolina
PLANT-00020,adiantum capillus-veneris,Ohio
PLANT-00020,adiantum capillus-veneris,Oklahoma
PLANT-00020,adiantum capillus-veneris,South Carolina
PLANT-00020,adiantum capillus-veneris,South Dakota
PLANT-00020,adiantum capillus-veneris,Tennessee
PLANT-00020,adiantum capillus-veneris,Texas
PLANT-00020,adiantum capillus-veneris,Utah
PLANT-00020,adiantum capillus-veneris,Virginia
PLANT-00021,adiantum pedatum,Alabama
PLANT-00021,adiantum pedatum,Alaska
PLANT-00021,adiantum pedatum,Arkansas
PLANT-00021,adiantum pedatum,Connecticut
PLANT-00021,adiantum pedatum,Delaware
PLANT-00021,adiantum pedatum,Georgia
PLANT-00021,adiantum pedatum,Illinois
PLANT-00021,adiantum pedatum,Iowa
PLANT-00021,adiantum pedatum,Kansas
PLANT-00021,adiantum pedatum,Kentucky
PLANT-00021,adiantum pedatum,Louisiana
PLANT-00021,adiantum pedatum,Maine
PLANT-00021,adiantum pedatum,Maryland
PLANT-00021,adiantum pedatum,Michigan
PLANT-00021,adiantum pedatum,Minnesota
PLANT-00021,adiantum pedatum,Mississippi
PLANT-00021,adiantum pedatum,Missouri
PLANT-00021,adiantum pedatum,Nebraska
PLANT-00021,adiantum pedatum,New Hampshire
PLANT-00021,adiantum pedatum,New Jersey
PLANT-00021,adiantum pedatum,New York
PLANT-00021,adiantum pedatum,North Carolina
PLANT-00021,adiantum pedatum,Ohio
PLANT-00021,adiantum pedatum,Oklahoma
PLANT-00021,adiantum pedatum,Pennsylvania
PLANT-00021,adiantum pedatum,Rhode Island
PLANT-00021,adiantum pedatum,South Carolina
PLANT-00021,adiantum pedatum,South Dakota
PLANT-00021,adiantum pedatum,Tennessee
PLANT-00021,adiantum pedatum,Vermont
PLANT-00021,adiantum pedatum,Virginia
PLANT-00021,adiantum pedatum,West Virginia
PLANT-00021,adiantum pedatum,Wisconsin
PLANT-00022,aesculus californica,California
PLANT-00023,aesculus flava,Alabama
PLANT-00023,aesculus flava,Georgia
PLANT-00023,aesculus flava,Illinois
PLANT-00023,aesculus flava,Indiana
PLANT-00023,aesculus flava,Kentucky
PLANT-00023,aesculus flava,Maryland
PLANT-00023,aesculus flava,Mississippi
PLANT-00023,aesculus flava,New Jersey
PLANT-00023,aesculus flava,North Carolina
PLANT-00023,aesculus flava,Ohio
PLANT-00023,aesculus flava,Pennsylvania
PLANT-00023,aesculus flava,South Carolina
PLANT-00023,aesculus flava,Tennessee
PLANT-00023,aesculus flava,Virginia
PLANT-00023,aesculus flava,West Virginia
PLANT-00024,aesculus glabra,Alabama
PLANT-00024,aesculus glabra,Arkansas
PLANT-00024,aesculus glabra,Georgia
PLANT-00024,aesculus glabra,Illinois
PLANT-00024,aesculus glabra,Indiana
PLANT-00024,aesculus glabra,Iowa
PLANT-00024,aesculus glabra,Kansas
PLANT-00024,aesculus glabra,Kentucky
PLANT-00024,aesculus glabra,Maine
PLANT-00024,aesculus glabra,Maryland
PLANT-00024,aesculus glabra,Michigan
PLANT-00024,aesculus glabra,Minnesota
PLANT-00024,aesculus glabra,Mississippi
PLANT-00024,aesculus glabra,Missouri
PLANT-00024,aesculus glabra,New Hampshire
PLANT-00024,aesculus glabra,New Jersey
PLANT-00024,aesculus glabra,New York
PLANT-00024,aesculus glabra,North Carolina
PLANT-00024,aesculus glabra,Ohio
PLANT-00024,aesculus glabra,Oklahoma
PLANT-00024,aesculus glabra,Pennsylvania
PLANT-00024,aesculus glabra,South Carolina
PLANT-00024,aesculus glabra,Tennessee
PLANT-00024,aesculus glabra,Texas
PLANT-00024,aesculus glabra,West Virginia
PLANT-00024,aesculus glabra,Wisconsin
PLANT-00025,aesculus parviflora,Alabama
PLANT-00025,aesculus parviflora,Georgia
PLANT-00025,aesculus parviflora,New Jersey
PLANT-00025,aesculus parviflora,Pennsylvania
PLANT-00025,aesculus parviflora,South Carolina
PLANT-00026,aesculus parviflora var. serotina,Alabama
PLANT-00026,aesculus parviflora var. serotina,Arkansas
PLANT-00026,aesculus parviflora var. serotina,Delaware
PLANT-00026,aesculus parviflora var. serotina,Florida
PLANT-00026,aesculus parviflora var. serotina,Georgia
PLANT-00026,aesculus parviflora var. serotina,Kentucky
PLANT-00026,aesculus parviflora var. serotina,Louisiana
PLANT-00026,aesculus parviflora var. serotina,Maryland
PLANT-00026,aesculus parviflora var. serotina,Mississippi
PLANT-00026,aesculus parviflora var. serotina,North Carolina
PLANT-00026,aesculus parviflora var. serotina,South Carolina
PLANT-00026,aesculus parviflora var. serotina,Tennessee
PLANT-00026,aesculus parviflora var. serotina,Virginia
PLANT-00027,aesculus pavia,Alabama
PLANT-00027,aesculus pavia,Arkansas
PLANT-00027,aesculus pavia,Florida
PLANT-00027,aesculus pavia,Georgia
PLANT-00027,aesculus pavia,Illinois
PLANT-00027,aesculus pavia,Kentucky
PLANT-00027,aesculus pavia,Louisiana
PLANT-00027,aesculus pavia,Mississippi
PLANT-00027,aesculus pavia,Missouri
PLANT-00027,aesculus pavia,North Carolina
PLANT-00027,aesculus pavia,Oklahoma
PLANT-00027,aesculus pavia,South Carolina
PLANT-00027,aesculus pavia,Tennessee
PLANT-00027,aesculus pavia,Texas
PLANT-00027,aesculus pavia,Virginia
PLANT-00027,aesculus pavia,West Virginia
PLANT-00028,aesculus sylvatica,Alabama
PLANT-00028,aesculus sylvatica,Florida
PLANT-00028,aesculus sylvatica,Georgia
PLANT-00028,aesculus sylvatica,Kentucky
PLANT-00028,aesculus sylvatica,North Carolina
PLANT-00028,aesculus sylvatica,South Carolina
PLANT-00028,aesculus sylvatica,Tennessee
PLANT-00028,aesculus sylvatica,Virginia
PLANT-00029,agalinis tenuifolia,Alabama
PLANT-00029,agalinis tenuifolia,Arkansas
PLANT-00029,agalinis tenuifolia,Colorado
PLANT-00029,agalinis tenuifolia,Connecticut
PLANT-00029,agalinis tenuifolia,Delaware
PLANT-00029,agalinis tenuifolia,Florida
PLANT-00029,agalinis tenuifolia,Georgia
PLANT-00029,agalinis tenuifolia,Illinois
PLANT-00029,agalinis tenuifolia,Indiana
PLANT-00029,agalinis tenuifolia,Iowa
PLANT-00029,agalinis tenuifolia,Kansas
PLANT-00029,agalinis tenuifolia,Kentucky
PLANT-00029,agalinis tenuifolia,Louisiana
PLANT-00029,agalinis tenuifolia,Maine
PLANT-00029,agalinis tenuifolia,Maryland
PLANT-00029,agalinis tenuifolia,Massachusetts
PLANT-00029,agalinis tenuifolia,Michigan
PLANT-00029,agalinis tenuifolia,Minnesota
PLANT-00029,agalinis tenuifolia,Mississippi
PLANT-00029,agalinis tenuifolia,Missouri
PLANT-00029,agalinis tenuifolia,Nebraska
PLANT-00029,agalinis tenuifolia,New Hampshire
PLANT-00029,agalinis tenuifolia,New Jersey
PLANT-00029,agalinis tenuifolia,New Mexico
PLANT-00029,agalinis tenuifolia,New York
PLANT-00029,agalinis tenuifolia,North Carolina
PLANT-00029,agalinis tenuifolia,North Dakota
PLANT-00029,agalinis tenuifolia,Ohio
PLANT-00029,agalinis tenuifolia,Oklahoma
PLANT-00029,agalinis tenuifolia,Pennsylvania
PLANT-00029,agalinis tenuifolia,Rhode Island
PLANT-00029,agalinis tenuifolia,South Carolina
PLANT-00029,agalinis tenuifolia,South Dakota
PLANT-00029,agalinis tenuifolia,Tennessee
PLANT-00029,agalinis tenuifolia,Texas
PLANT-00029,agalinis tenuifolia,Vermont
PLANT-00029,agalinis tenuifolia,Virginia
PLANT-00029,agalinis tenuifolia,West Virginia
PLANT-00029,agalinis tenuifolia,Wisconsin
PLANT-00029,agalinis tenuifolia,Wyoming
PLANT-00030,agastache cana,New Mexico
PLANT-00030,agastache cana,Texas
PLANT-00031,agastache foeniculum,Colorado
PLANT-00031,agastache foeniculum,Connecticut
PLANT-00031,agastache foeniculum,Delaware
PLANT-00031,agastache foeniculum,Idaho
PLANT-00031,agastache foeniculum,Illinois
PLANT-00031,agastache foeniculum,Iowa
PLANT-00031,agastache foeniculum,Kentucky
PLANT-00031,agastache foeniculum,Michigan
PLANT-00031,agastache foeniculum,Minnesota
PLANT-00031,agastache foeniculum,Montana
PLANT-00031,agastache foeniculum,Nebraska
PLANT-00031,agastache foeniculum,New Hampshire
PLANT-00031,agastache foeniculum,New York
PLANT-00031,agastache foeniculum,North Dakota
PLANT-00031,agastache foeniculum,Pennsylvania
PLANT-00031,agastache foeniculum,South Dakota
PLANT-00031,agastache foeniculum,Washington
PLANT-00031,agastache foeniculum,Wisconsin
PLANT-00031,agastache foeniculum,Wyoming
PLANT-00032,agastache nepetoides,Alabama
PLANT-00032,agastache nepetoides,Arkansas
PLANT-00032,agastache nepetoides,Delaware
PLANT-00032,agastache nepetoides,Georgia
PLANT-00032,agastache nepetoides,Illinois
PLANT-00032,agastache nepetoides,Indiana
PLANT-00032,agastache nepetoides,Iowa
PLANT-00032,agastache nepetoides,Kansas
PLANT-00032,agastache nepetoides,Kentucky
PLANT-00032,agastache nepetoides,Maryland
PLANT-00032,agastache nepetoides,Michigan
PLANT-00032,agastache nepetoides,Minnesota
PLANT-00032,agastache nepetoides,Missouri
PLANT-00032,agastache nepetoides,Nebraska
PLANT-00032,agastache nepetoides,New Jersey
PLANT-00032,agastache nepetoides,New York
PLANT-00032,agastache nepetoides,North Carolina
PLANT-00032,agastache nepetoides,Ohio
PLANT-00032,agastache nepetoides,Oklahoma
PLANT-00032,agastache nepetoides,Pennsylvania
PLANT-00032,agastache nepetoides,South Carolina
PLANT-00032,agastache nepetoides,South Dakota
PLANT-00032,agastache nepetoides,Tennessee
PLANT-00032,agastache nepetoides,Vermont
PLANT-00032,agastache nepetoides,Virginia
PLANT-00032,agastache nepetoides,West Virginia
PLANT-00032,agastache nepetoides,Wisconsin
PLANT-00033,agastache rupestris,Arizona
PLANT-00033,agastache rupestris,New Mexico
PLANT-00034,agave americana,Arizona
PLANT-00034,agave americana,Texas
PLANT-00035,agave havardiana,Texas
PLANT-00036,agave parryi,Arizona
PLANT-00036,agave parryi,New Mexico
PLANT-00036,agave parryi,Texas
PLANT-00037,agave shawii,California
PLANT-00038,ageratina altissima,Alabama
PLANT-00038,ageratina altissima,Alaska
PLANT-00038,ageratina altissima,Arizona
PLANT-00038,ageratina altissima,Arkansas
PLANT-00038,ageratina altissima,California
PLANT-00038,ageratina altissima,Colorado
PLANT-00038,ageratina altissima,Connecticut
PLANT-00038,ageratina altissima,Delaware
PLANT-00038,ageratina altissima,Florida
PLANT-00038,ageratina altissima,Georgia
PLANT-00038,ageratina altissima,Idaho
PLANT-00038,ageratina altissima,Illinois
PLANT-00038,ageratina altissima,Indiana
PLANT-00038,ageratina altissima,Iowa
PLANT-00038,ageratina altissima,Kansas
PLANT-00038,ageratina altissima,Kentucky
PLANT-00038,ageratina altissima,Louisiana
PLANT-00038,ageratina altissima,Maine
PLANT-00038,ageratina altissima,Maryland
PLANT-00038,ageratina altissima,Massachusetts
PLANT-00038,ageratina altissima,Michigan
PLANT-00038,ageratina altissima,Minnesota
PLANT-00038,ageratina altissima,Mississippi
PLANT-00038,ageratina altissima,Missouri
PLANT-00038,ageratina altissima,Montana
PLANT-00038,ageratina altissima,Nebraska
PLANT-00038,ageratina altissima,Nevada
PLANT-00038,ageratina altissima,New Hampshire
PLANT-00038,ageratina altissima,New Jersey
PLANT-00038,ageratina altissima,New Mexico
PLANT-00038,ageratina altissima,New York
PLANT-00038,ageratina altissima,North Carolina
PLANT-00038,ageratina altissima,North Dakota
PLANT-00038,ageratina altissima,Ohio
PLANT-00038,ageratina altissima,Oklahoma
PLANT-00038,ageratina altissima,Oregon
PLANT-00038,ageratina altissima,Pennsylvania
PLANT-00038,ageratina altissima,Rhode Island
PLANT-00038,ageratina altissima,South Carolina
PLANT-00038,ageratina altissima,South Dakota
PLANT-00038,ageratina altissima,Tennessee
PLANT-00038,ageratina altissima,Texas
PLANT-00038,ageratina altissima,Utah
PLANT-00038,ageratina altissima,Vermont
PLANT-00038,ageratina altissima,Virginia
PLANT-00038,ageratina altissima,Washington
PLANT-00038,ageratina altissima,West Virginia
PLANT-00038,ageratina altissima,Wisconsin
PLANT-00038,ageratina altissima,Wyoming
PLANT-00039,alisma triviale,Alaska
PLANT-00039,alisma triviale,Arizona
PLANT-00039,alisma triviale,Arkansas
PLANT-00039,alisma triviale,California
PLANT-00039,alisma triviale,Colorado
PLANT-00039,alisma triviale,Connecticut
PLANT-00039,alisma triviale,Delaware
PLANT-00039,alisma triviale,Georgia
PLANT-00039,alisma triviale,Idaho
PLANT-00039,alisma triviale,Illinois
PLANT-00039,alisma triviale,Indiana
PLANT-00039,alisma triviale,Iowa
PLANT-00039,alisma triviale,Kansas
PLANT-00039,alisma triviale,Maine
PLANT-00039,alisma triviale,Maryland
PLANT-00039,alisma triviale,Massachusetts
PLANT-00039,alisma triviale,Michigan
PLANT-00039,alisma triviale,Minnesota
PLANT-00039,alisma triviale,Missouri
PLANT-00039,alisma triviale,Montana
PLANT-00039,alisma triviale,Nebraska
PLANT-00039,alisma triviale,Nevada
PLANT-00039,alisma triviale,New Hampshire
PLANT-00039,alisma triviale,New Jersey
PLANT-00039,alisma triviale,New Mexico
PLANT-00039,alisma triviale,New York
PLANT-00039,alisma triviale,North Dakota
PLANT-00039,alisma triviale,Ohio
PLANT-00039,alisma triviale,Oklahoma
PLANT-00039,alisma triviale,Oregon
PLANT-00039,alisma triviale,Pennsylvania
PLANT-00039,alisma triviale,Rhode Island
PLANT-00039,alisma triviale,South Dakota
PLANT-00039,alisma triviale,Utah
PLANT-00039,alisma triviale,Vermont
PLANT-00039,alisma triviale,Washington
PLANT-00039,alisma triviale,Wisconsin
PLANT-00039,alisma triviale,Wyoming
PLANT-00040,allium cernuum,Alabama
PLANT-00040,allium cernuum,Arizona
PLANT-00040,allium cernuum,Arkansas
PLANT-00040,allium cernuum,Colorado
PLANT-00040,allium cernuum,Georgia
PLANT-00040,allium cernuum,Idaho
PLANT-00040,allium cernuum,Illinois
PLANT-00040,allium cernuum,Indiana
PLANT-00040,allium cernuum,Iowa
PLANT-00040,allium cernuum,Kentucky
PLANT-00040,allium cernuum,Maryland
PLANT-00040,allium cernuum,Michigan
PLANT-00040,allium cernuum,Minnesota
PLANT-00040,allium cernuum,Mississippi
PLANT-00040,allium cernuum,Missouri
PLANT-00040,allium cernuum,Montana
PLANT-00040,allium cernuum,Nebraska
PLANT-00040,allium cernuum,New Mexico
PLANT-00040,allium cernuum,New York
PLANT-00040,allium cernuum,North Carolina
PLANT-00040,allium cernuum,Ohio
PLANT-00040,allium cernuum,Oregon
PLANT-00040,allium cernuum,Pennsylvania
PLANT-00040,allium cernuum,South Carolina
PLANT-00040,allium cernuum,South Dakota
PLANT-00040,allium cernuum,Tennessee
PLANT-00040,allium cernuum,Texas
PLANT-00040,allium cernuum,Utah
PLANT-00040,allium cernuum,Virginia
PLANT-00040,allium cernuum,Washington
PLANT-00040,allium cernuum,West Virginia
PLANT-00040,allium cernuum,Wisconsin
PLANT-00040,allium cernuum,Wyoming
PLANT-00041,allium schoenoprasum,Alaska
PLANT-00041,allium schoenoprasum,Colorado
PLANT-00041,allium schoenoprasum,Connecticut
PLANT-00041,allium schoenoprasum,Idaho
PLANT-00041,allium schoenoprasum,Maine
PLANT-00041,allium schoenoprasum,Massachusetts
PLANT-00041,allium schoenoprasum,Michigan
PLANT-00041,allium schoenoprasum,Minnesota
PLANT-00041,allium schoenoprasum,Montana
PLANT-00041,allium schoenoprasum,New Hampshire
PLANT-00041,allium schoenoprasum,New Jersey
PLANT-00041,allium schoenoprasum,New York
PLANT-00041,allium schoenoprasum,Ohio
PLANT-00041,allium schoenoprasum,Oregon
PLANT-00041,allium schoenoprasum,Pennsylvania
PLANT-00041,allium schoenoprasum,Rhode Island
PLANT-00041,allium schoenoprasum,Vermont
PLANT-00041,allium schoenoprasum,Washington
PLANT-00041,allium schoenoprasum,Wisconsin
PLANT-00041,allium schoenoprasum,Wyoming
PLANT-00042,allium stellatum,Alabama
PLANT-00042,allium stellatum,Arkansas
PLANT-00042,allium stellatum,Georgia
PLANT-00042,allium stellatum,Illinois
PLANT-00042,allium stellatum,Indiana
PLANT-00042,allium stellatum,Iowa
PLANT-00042,allium stellatum,Kansas
PLANT-00042,allium stellatum,Michigan
PLANT-00042,allium stellatum,Minnesota
PLANT-00042,allium stellatum,Missouri
PLANT-00042,allium stellatum,Nebraska
PLANT-00042,allium stellatum,Ohio
PLANT-00042,allium stellatum,Oklahoma
PLANT-00042,allium stellatum,South Dakota
PLANT-00042,allium stellatum,Tennessee
PLANT-00042,allium stellatum,Texas
PLANT-00042,allium stellatum,Wisconsin
PLANT-00043,alnus incana,Arizona
PLANT-00043,alnus incana,California
PLANT-00043,alnus incana,Colorado
PLANT-00043,alnus incana,Connecticut
PLANT-00043,alnus incana,Idaho
PLANT-00043,alnus incana,Illinois
PLANT-00043,alnus incana,Indiana
PLANT-00043,alnus incana,Iowa
PLANT-00043,alnus incana,Maine
PLANT-00043,alnus incana,Massachusetts
PLANT-00043,alnus incana,Michigan
PLANT-00043,alnus incana,Minnesota
PLANT-00043,alnus incana,Montana
PLANT-00043,alnus incana,Nevada
PLANT-00043,alnus incana,New Hampshire
PLANT-00043,alnus incana,New Jersey
PLANT-00043,alnus incana,New Mexico
PLANT-00043,alnus incana,New York
PLANT-00043,alnus incana,North Dakota
PLANT-00043,alnus incana,Ohio
PLANT-00043,alnus incana,Oregon
PLANT-00043,alnus incana,Pennsylvania
PLANT-00043,alnus incana,Rhode Island
PLANT-00043,alnus incana,Utah
PLANT-00043,alnus incana,Vermont
PLANT-00043,alnus incana,Virginia
PLANT-00043,alnus incana,Washington
PLANT-00043,alnus incana,West Virginia
PLANT-00043,alnus incana,Wisconsin
PLANT-00043,alnus incana,Wyoming
PLANT-00044,alnus incana subsp. rugosa,Connecticut
PLANT-00044,alnus incana subsp. rugosa,Illinois
PLANT-00044,alnus incana subsp. rugosa,Indiana
PLANT-00044,alnus incana subsp. rugosa,Iowa
PLANT-00044,alnus incana subsp. rugosa,Maine
PLANT-00044,alnus incana subsp. rugosa,Maryland
PLANT-00044,alnus incana subsp. rugosa,Massachusetts
PLANT-00044,alnus incana subsp. rugosa,Michigan
PLANT-00044,alnus incana subsp. rugosa,Minnesota
PLANT-00044,alnus incana subsp. rugosa,New Hampshire
PLANT-00044,alnus incana subsp. rugosa,New Jersey
PLANT-00044,alnus incana subsp. rugosa,New York
PLANT-00044,alnus incana subsp. rugosa,North Dakota
PLANT-00044,alnus incana subsp. rugosa,Ohio
PLANT-00044,alnus incana subsp. rugosa,Pennsylvania
PLANT-00044,alnus incana subsp. rugosa,Rhode Island
PLANT-00044,alnus incana subsp. rugosa,Vermont
PLANT-00044,alnus incana subsp. rugosa,Virginia
PLANT-00044,alnus incana subsp. rugosa,West Virginia
PLANT-00044,alnus incana subsp. rugosa,Wisconsin
PLANT-00045,alnus maritima,Delaware
PLANT-00045,alnus maritima,Georgia
PLANT-00045,alnus maritima,Maryland
PLANT-00045,alnus maritima,Oklahoma
PLANT-00046,alnus serrulata,Alabama
PLANT-00046,alnus serrulata,Arkansas
PLANT-00046,alnus serrulata,Connecticut
PLANT-00046,alnus serrulata,Delaware
PLANT-00046,alnus serrulata,Florida
PLANT-00046,alnus serrulata,Georgia
PLANT-00046,alnus serrulata,Illinois
PLANT-00046,alnus serrulata,Indiana
PLANT-00046,alnus serrulata,Kentucky
PLANT-00046,alnus serrulata,Louisiana
PLANT-00046,alnus serrulata,Maine
PLANT-00046,alnus serrulata,Maryland
PLANT-00046,alnus serrulata,Massachusetts
PLANT-00046,alnus serrulata,Mississippi
PLANT-00046,alnus serrulata,Missouri
PLANT-00046,alnus serrulata,New Hampshire
PLANT-00046,alnus serrulata,New Jersey
PLANT-00046,alnus serrulata,New York
PLANT-00046,alnus serrulata,North Carolina
PLANT-00046,alnus serrulata,Ohio
PLANT-00046,alnus serrulata,Oklahoma
PLANT-00046,alnus serrulata,Pennsylvania
PLANT-00046,alnus serrulata,Rhode Island
PLANT-00046,alnus serrulata,South Carolina
PLANT-00046,alnus serrulata,Tennessee
PLANT-00046,alnus serrulata,Texas
PLANT-00046,alnus serrulata,Vermont
PLANT-00046,alnus serrulata,Virginia
PLANT-00046,alnus serrulata,West Virginia
PLANT-00047,amelanchier arborea,Alabama
PLANT-00047,amelanchier arborea,Arkansas
PLANT-00047,amelanchier arborea,Connecticut
PLANT-00047,amelanchier arborea,Delaware
PLANT-00047,amelanchier arborea,Florida
PLANT-00047,amelanchier arborea,Georgia
PLANT-00047,amelanchier arborea,Illinois
PLANT-00047,amelanchier arborea,Indiana
PLANT-00047,amelanchier arborea,Iowa
PLANT-00047,amelanchier arborea,Kansas
PLANT-00047,amelanchier arborea,Kentucky
PLANT-00047,amelanchier arborea,Louisiana
PLANT-00047,amelanchier arborea,Maine
PLANT-00047,amelanchier arborea,Maryland
PLANT-00047,amelanchier arborea,Massachusetts
PLANT-00047,amelanchier arborea,Michigan
PLANT-00047,amelanchier arborea,Minnesota
PLANT-00047,amelanchier arborea,Mississippi
PLANT-00047,amelanchier arborea,Missouri
PLANT-00047,amelanchier arborea,Nebraska
PLANT-00047,amelanchier arborea,New Hampshire
PLANT-00047,amelanchier arborea,New Jersey
PLANT-00047,amelanchier arborea,New York
PLANT-00047,amelanchier arborea,North Carolina
PLANT-00047,amelanchier arborea,Ohio
PLANT-00047,amelanchier arborea,Oklahoma
PLANT-00047,amelanchier arborea,Pennsylvania
PLANT-00047,amelanchier arborea,Rhode Island
PLANT-00047,amelanchier arborea,South Carolina
PLANT-00047,amelanchier arborea,Tennessee
PLANT-00047,amelanchier arborea,Texas
PLANT-00047,amelanchier arborea,Vermont
PLANT-00047,amelanchier arborea,Virginia
PLANT-00047,amelanchier arborea,West Virginia
PLANT-00047,amelanchier arborea,Wisconsin
PLANT-00048,amelanchier canadensis,Alabama
PLANT-00048,amelanchier canadensis,Connecticut
PLANT-00048,amelanchier canadensis,Delaware
PLANT-00048,amelanchier canadensis,Georgia
PLANT-00048,amelanchier canadensis,Maine
PLANT-00048,amelanchier canadensis,Maryland
PLANT-00048,amelanchier canadensis,Mississippi
PLANT-00048,amelanchier canadensis,New Hampshire
PLANT-00048,amelanchier canadensis,New Jersey
PLANT-00048,amelanchier canadensis,New York
PLANT-00048,amelanchier canadensis,North Carolina
PLANT-00048,amelanchier canadensis,Pennsylvania
PLANT-00048,amelanchier canadensis,Rhode Island
PLANT-00048,amelanchier canadensis,South Carolina
PLANT-00048,amelanchier canadensis,Tennessee
PLANT-00048,amelanchier canadensis,Virginia
PLANT-00048,amelanchier canadensis,West Virginia
PLANT-00049,amelanchier laevis,Alabama
PLANT-00049,amelanchier laevis,Connecticut
PLANT-00049,amelanchier laevis,Delaware
PLANT-00049,amelanchier laevis,Georgia
PLANT-00049,amelanchier laevis,Illinois
PLANT-00049,amelanchier laevis,Indiana
PLANT-00049,amelanchier laevis,Iowa
PLANT-00049,amelanchier laevis,Kentucky
PLANT-00049,amelanchier laevis,Maine
PLANT-00049,amelanchier laevis,Maryland
PLANT-00049,amelanchier laevis,Massachusetts
PLANT-00049,amelanchier laevis,Michigan
PLANT-00049,amelanchier laevis,Minnesota
PLANT-00049,amelanchier laevis,New Hampshire
PLANT-00049,amelanchier laevis,New Jersey
PLANT-00049,amelanchier laevis,New York
PLANT-00049,amelanchier laevis,North Carolina
PLANT-00049,amelanchier laevis,Ohio
PLANT-00049,amelanchier laevis,Pennsylvania
PLANT-00049,amelanchier laevis,Rhode Island
PLANT-00049,amelanchier laevis,South Carolina
PLANT-00049,amelanchier laevis,Tennessee
PLANT-00049,amelanchier laevis,Vermont
PLANT-00049,amelanchier laevis,Virginia
PLANT-00049,amelanchier laevis,West Virginia
PLANT-00049,amelanchier laevis,Wisconsin
PLANT-00050,amelanchier nantucketensis,Maine
PLANT-00050,amelanchier nantucketensis,Maryland
PLANT-00050,amelanchier nantucketensis,Massachusetts
PLANT-00050,amelanchier nantucketensis,New Jersey
PLANT-00050,amelanchier nantucketensis,New York
PLANT-00050,amelanchier nantucketensis,Virginia
PLANT-00051,amelanchier obovalis,Alabama
PLANT-00051,amelanchier obovalis,Delaware
PLANT-00051,amelanchier obovalis,Georgia
PLANT-00051,amelanchier obovalis,Maryland
PLANT-00051,amelanchier obovalis,Massachusetts
PLANT-00051,amelanchier obovalis,New Jersey
PLANT-00051,amelanchier obovalis,North Carolina
PLANT-00051,amelanchier obovalis,Pennsylvania
PLANT-00051,amelanchier obovalis,South Carolina
PLANT-00051,amelanchier obovalis,Virginia
PLANT-00052,amelanchier stolonifera,Alabama
PLANT-00052,amelanchier stolonifera,Connecticut
PLANT-00052,amelanchier stolonifera,Georgia
PLANT-00052,amelanchier stolonifera,Illinois
PLANT-00052,amelanchier stolonifera,Indiana
PLANT-00052,amelanchier stolonifera,Iowa
PLANT-00052,amelanchier stolonifera,Kentucky
PLANT-00052,amelanchier stolonifera,Maine
PLANT-00052,amelanchier stolonifera,Maryland
PLANT-00052,amelanchier stolonifera,Massachusetts
PLANT-00052,amelanchier stolonifera,Michigan
PLANT-00052,amelanchier stolonifera,Minnesota
PLANT-00052,amelanchier stolonifera,Missouri
PLANT-00052,amelanchier stolonifera,New Hampshire
PLANT-00052,amelanchier stolonifera,New Jersey
PLANT-00052,amelanchier stolonifera,New York
PLANT-00052,amelanchier stolonifera,North Carolina
PLANT-00052,amelanchier stolonifera,North Dakota
PLANT-00052,amelanchier stolonifera,Ohio
PLANT-00052,amelanchier stolonifera,Pennsylvania
PLANT-00052,amelanchier stolonifera,Rhode Island
PLANT-00052,amelanchier stolonifera,South Carolina
PLANT-00052,amelanchier stolonifera,South Dakota
PLANT-00052,amelanchier stolonifera,Tennessee
PLANT-00052,amelanchier stolonifera,Vermont
PLANT-00052,amelanchier stolonifera,Virginia
PLANT-00052,amelanchier stolonifera,West Virginia
PLANT-00052,amelanchier stolonifera,Wisconsin
PLANT-00053,amorpha canescens,Arkansas
PLANT-00053,amorpha canescens,Colorado
PLANT-00053,amorpha canescens,Illinois
PLANT-00053,amorpha canescens,Indiana
PLANT-00053,amorpha canescens,Iowa
PLANT-00053,amorpha canescens,Kansas
PLANT-00053,amorpha canescens,Michigan
PLANT-00053,amorpha canescens,Minnesota
PLANT-00053,amorpha canescens,Missouri
PLANT-00053,amorpha canescens,Montana
PLANT-00053,amorpha canescens,Nebraska
PLANT-00053,amorpha canescens,New Mexico
PLANT-00053,amorpha canescens,North Dakota
PLANT-00053,amorpha canescens,Oklahoma
PLANT-00053,amorpha canescens,South Dakota
PLANT-00053,amorpha canescens,Texas
PLANT-00053,amorpha canescens,Wisconsin
PLANT-00053,amorpha canescens,Wyoming
PLANT-00054,amorpha fruticosa,Alabama
PLANT-00054,amorpha fruticosa,Arizona
PLANT-00054,amorpha fruticosa,Arkansas
PLANT-00054,amorpha fruticosa,California
PLANT-00054,amorpha fruticosa,Colorado
PLANT-00054,amorpha fruticosa,Delaware
PLANT-00054,amorpha fruticosa,Florida
PLANT-00054,amorpha fruticosa,Georgia
PLANT-00054,amorpha fruticosa,Illinois
PLANT-00054,amorpha fruticosa,Indiana
PLANT-00054,amorpha fruticosa,Iowa
PLANT-00054,amorpha fruticosa,Kansas
PLANT-00054,amorpha fruticosa,Kentucky
PLANT-00054,amorpha fruticosa,Louisiana
PLANT-00054,amorpha fruticosa,Maryland
PLANT-00054,amorpha fruticosa,Minnesota
PLANT-00054,amorpha fruticosa,Mississippi
PLANT-00054,amorpha fruticosa,Missouri
PLANT-00054,amorpha fruticosa,Nebraska
PLANT-00054,amorpha fruticosa,New Jersey
PLANT-00054,amorpha fruticosa,New Mexico
PLANT-00054,amorpha fruticosa,North Carolina
PLANT-00054,amorpha fruticosa,North Dakota
PLANT-00054,amorpha fruticosa,Ohio
PLANT-00054,amorpha fruticosa,Oklahoma
PLANT-00054,amorpha fruticosa,Pennsylvania
PLANT-00054,amorpha fruticosa,South Carolina
PLANT-00054,amorpha fruticosa,South Dakota
PLANT-00054,amorpha fruticosa,Tennessee
PLANT-00054,amorpha fruticosa,Texas
PLANT-00054,amorpha fruticosa,Virginia
PLANT-00054,amorpha fruticosa,Wisconsin
PLANT-00054,amorpha fruticosa,Wyoming
PLANT-00055,amorpha ouachitensis,Arkansas
PLANT-00055,amorpha ouachitensis,Oklahoma
PLANT-00056,amsonia ciliata,Alabama
PLANT-00056,amsonia ciliata,Arkansas
PLANT-00056,amsonia ciliata,Florida
PLANT-00056,amsonia ciliata,Georgia
PLANT-00056,amsonia ciliata,Missouri
PLANT-00056,amsonia ciliata,North Carolina
PLANT-00056,amsonia ciliata,Oklahoma
PLANT-00056,amsonia ciliata,South Carolina
PLANT-00056,amsonia ciliata,Texas
PLANT-00057,amsonia ciliata var. filifolia,Alabama
PLANT-00057,amsonia ciliata var. filifolia,Arkansas
PLANT-00057,amsonia ciliata var. filifolia,Florida
PLANT-00057,amsonia ciliata var. filifolia,Georgia
PLANT-00057,amsonia ciliata var. filifolia,Missouri
PLANT-00057,amsonia ciliata var. filifolia,North Carolina
PLANT-00057,amsonia ciliata var. filifolia,Oklahoma
PLANT-00057,amsonia ciliata var. filifolia,South Carolina
PLANT-00057,amsonia ciliata var. filifolia,Texas
PLANT-00058,amsonia hubrichtii,Arkansas
PLANT-00058,amsonia hubrichtii,Oklahoma
PLANT-00059,amsonia illustris,Arkansas
PLANT-00059,amsonia illustris,Kansas
PLANT-00059,amsonia illustris,Missouri
PLANT-00059,amsonia illustris,Oklahoma
PLANT-00059,amsonia illustris,Texas
PLANT-00060,amsonia tabernaemontana,Alabama
PLANT-00060,amsonia tabernaemontana,Arkansas
PLANT-00060,amsonia tabernaemontana,Florida
PLANT-00060,amsonia tabernaemontana,Georgia
PLANT-00060,amsonia tabernaemontana,Illinois
PLANT-00060,amsonia tabernaemontana,Indiana
PLANT-00060,amsonia tabernaemontana,Kansas
PLANT-00060,amsonia tabernaemontana,Kentucky
PLANT-00060,amsonia tabernaemontana,Louisiana
PLANT-00060,amsonia tabernaemontana,Maryland
PLANT-00060,amsonia tabernaemontana,Mississippi
PLANT-00060,amsonia tabernaemontana,Missouri
PLANT-00060,amsonia tabernaemontana,New Jersey
PLANT-00060,amsonia tabernaemontana,North Carolina
PLANT-00060,amsonia tabernaemontana,Ohio
PLANT-00060,amsonia tabernaemontana,Oklahoma
PLANT-00060,amsonia tabernaemontana,Pennsylvania
PLANT-00060,amsonia tabernaemontana,South Carolina
PLANT-00060,amsonia tabernaemontana,Tennessee
PLANT-00060,amsonia tabernaemontana,Texas
PLANT-00060,amsonia tabernaemontana,Virginia
PLANT-00061,amsonia tabernaemontana var. salicifolia,Alabama
PLANT-00061,amsonia tabernaemontana var. salicifolia,Arkansas
PLANT-00061,amsonia tabernaemontana var. salicifolia,Georgia
PLANT-00061,amsonia tabernaemontana var. salicifolia,Illinois
PLANT-00061,amsonia tabernaemontana var. salicifolia,Indiana
PLANT-00061,amsonia tabernaemontana var. salicifolia,Kansas
PLANT-00061,amsonia tabernaemontana var. salicifolia,Kentucky
PLANT-00061,amsonia tabernaemontana var. salicifolia,Louisiana
PLANT-00061,amsonia tabernaemontana var. salicifolia,Mississippi
PLANT-00061,amsonia tabernaemontana var. salicifolia,Missouri
PLANT-00061,amsonia tabernaemontana var. salicifolia,New York
PLANT-00061,amsonia tabernaemontana var. salicifolia,North Carolina
PLANT-00061,amsonia tabernaemontana var. salicifolia,Ohio
PLANT-00061,amsonia tabernaemontana var. salicifolia,Oklahoma
PLANT-00061,amsonia tabernaemontana var. salicifolia,South Carolina
PLANT-00061,amsonia tabernaemontana var. salicifolia,Tennessee
PLANT-00061,amsonia tabernaemontana var. salicifolia,Texas
PLANT-00062,anaphalis margaritacea,Alaska
PLANT-00062,anaphalis margaritacea,Arizona
PLANT-00062,anaphalis margaritacea,California
PLANT-00062,anaphalis margaritacea,Colorado
PLANT-00062,anaphalis margaritacea,Connecticut
PLANT-00062,anaphalis margaritacea,Delaware
PLANT-00062,anaphalis margaritacea,Idaho
PLANT-00062,anaphalis margaritacea,Illinois
PLANT-00062,anaphalis margaritacea,Indiana
PLANT-00062,anaphalis margaritacea,Iowa
PLANT-00062,anaphalis margaritacea,Kentucky
PLANT-00062,anaphalis margaritacea,Maine
PLANT-00062,anaphalis margaritacea,Maryland
PLANT-00062,anaphalis margaritacea,Massachusetts
PLANT-00062,anaphalis margaritacea,Michigan
PLANT-00062,anaphalis margaritacea,Minnesota
PLANT-00062,anaphalis margaritacea,Montana
PLANT-00062,anaphalis margaritacea,Nebraska
PLANT-00062,anaphalis margaritacea,Nevada
PLANT-00062,anaphalis margaritacea,New Hampshire
PLANT-00062,anaphalis margaritacea,New Jersey
PLANT-00062,anaphalis margaritacea,New Mexico
PLANT-00062,anaphalis margaritacea,New York
PLANT-00062,anaphalis margaritacea,Ohio
PLANT-00062,anaphalis margaritacea,Oregon
PLANT-00062,anaphalis margaritacea,Pennsylvania
PLANT-00062,anaphalis margaritacea,Rhode Island
PLANT-00062,anaphalis margaritacea,South Dakota
PLANT-00062,anaphalis margaritacea,Utah
PLANT-00062,anaphalis margaritacea,Vermont
PLANT-00062,anaphalis margaritacea,Virginia
PLANT-00062,anaphalis margaritacea,Washington
PLANT-00062,anaphalis margaritacea,West Virginia
PLANT-00062,anaphalis margaritacea,Wisconsin
PLANT-00062,anaphalis margaritacea,Wyoming
PLANT-00063,andropogon gerardii,Alabama
PLANT-00063,andropogon gerardii,Arizona
PLANT-00063,andropogon gerardii,Arkansas
PLANT-00063,andropogon gerardii,Colorado
PLANT-00063,andropogon gerardii,Connecticut
PLANT-00063,andropogon gerardii,Delaware
PLANT-00063,andropogon gerardii,Florida
PLANT-00063,andropogon gerardii,Georgia
PLANT-00063,andropogon gerardii,Illinois
PLANT-00063,andropogon gerardii,Indiana
PLANT-00063,andropogon gerardii,Iowa
PLANT-00063,andropogon gerardii,Kansas
PLANT-00063,andropogon gerardii,Kentucky
PLANT-00063,andropogon gerardii,Louisiana
PLANT-00063,andropogon gerardii,Maine
PLANT-00063,andropogon gerardii,Maryland
PLANT-00063,andropogon gerardii,Massachusetts
PLANT-00063,andropogon gerardii,Michigan
PLANT-00063,andropogon gerardii,Mississippi
PLANT-00063,andropogon gerardii,Missouri
PLANT-00063,andropogon gerardii,Montana
PLANT-00063,andropogon gerardii,Nebraska
PLANT-00063,andropogon gerardii,New Hampshire
PLANT-00063,andropogon gerardii,New Jersey
PLANT-00063,andropogon gerardii,New Mexico
PLANT-00063,andropogon gerardii,New York
PLANT-00063,andropogon gerardii,North Carolina
PLANT-00063,andropogon gerardii,North Dakota
PLANT-00063,andropogon gerardii,Ohio
PLANT-00063,andropogon gerardii,Oklahoma
PLANT-00063,andropogon gerardii,Pennsylvania
PLANT-00063,andropogon gerardii,Rhode Island
PLANT-00063,andropogon gerardii,South Carolina
PLANT-00063,andropogon gerardii,South Dakota
PLANT-00063,andropogon gerardii,Tennessee
PLANT-00063,andropogon gerardii,Texas
PLANT-00063,andropogon gerardii,Utah
PLANT-00063,andropogon gerardii,Vermont
PLANT-00063,andropogon gerardii,West Virginia
PLANT-00063,andropogon gerardii,Wisconsin
PLANT-00063,andropogon gerardii,Wyoming
PLANT-00064,andropogon glomeratus,Alabama
PLANT-00064,andropogon glomeratus,Arizona
PLANT-00064,andropogon glomeratus,Arkansas
PLANT-00064,andropogon glomeratus,California
PLANT-00064,andropogon glomeratus,Delaware
PLANT-00064,andropogon glomeratus,Florida
PLANT-00064,andropogon glomeratus,Georgia
PLANT-00064,andropogon glomeratus,Illinois
PLANT-00064,andropogon glomeratus,Kentucky
PLANT-00064,andropogon glomeratus,Louisiana
PLANT-00064,andropogon glomeratus,Maryland
PLANT-00064,andropogon glomeratus,Massachusetts
PLANT-00064,andropogon glomeratus,Mississippi
PLANT-00064,andropogon glomeratus,Nevada
PLANT-00064,andropogon glomeratus,New Jersey
PLANT-00064,andropogon glomeratus,New Mexico
PLANT-00064,andropogon glomeratus,New York
PLANT-00064,andropogon glomeratus,North Carolina
PLANT-00064,andropogon glomeratus,Ohio
PLANT-00064,andropogon glomeratus,Oklahoma
PLANT-00064,andropogon glomeratus,Pennsylvania
PLANT-00064,andropogon glomeratus,Rhode Island
PLANT-00064,andropogon glomeratus,South Carolina
PLANT-00064,andropogon glomeratus,Tennessee
PLANT-00064,andropogon glomeratus,Texas
PLANT-00064,andropogon glomeratus,Utah
PLANT-00064,andropogon glomeratus,Virginia
PLANT-00064,andropogon glomeratus,West Virginia
PLANT-00065,anemone americana,Alabama
PLANT-00065,anemone americana,Arkansas
PLANT-00065,anemone americana,Connecticut
PLANT-00065,anemone americana,Delaware
PLANT-00065,anemone americana,Florida
PLANT-00065,anemone americana,Georgia
PLANT-00065,anemone americana,Illinois
PLANT-00065,anemone americana,Indiana
PLANT-00065,anemone americana,Iowa
PLANT-00065,anemone americana,Kentucky
PLANT-00065,anemone americana,Maine
PLANT-00065,anemone americana,Maryland
PLANT-00065,anemone americana,Massachusetts
PLANT-00065,anemone americana,Michigan
PLANT-00065,anemone americana,Minnesota
PLANT-00065,anemone americana,Mississippi
PLANT-00065,anemone americana,Missouri
PLANT-00065,anemone americana,New Hampshire
PLANT-00065,anemone americana,New Jersey
PLANT-00065,anemone americana,New York
PLANT-00065,anemone americana,North Carolina
PLANT-00065,anemone americana,Ohio
PLANT-00065,anemone americana,Pennsylvania
PLANT-00065,anemone americana,Rhode Island
PLANT-00065,anemone americana,South Carolina
PLANT-00065,anemone americana,Tennessee
PLANT-00065,anemone americana,Vermont
PLANT-00065,anemone americana,Virginia
PLANT-00065,anemone americana,Wisconsin
PLANT-00066,anemone canadensis,Colorado
PLANT-00066,anemone canadensis,Connecticut
PLANT-00066,anemone canadensis,Illinois
PLANT-00066,anemone canadensis,Indiana
PLANT-00066,anemone canadensis,Iowa
PLANT-00066,anemone canadensis,Kansas
PLANT-00066,anemone canadensis,Kentucky
PLANT-00066,anemone canadensis,Maine
PLANT-00066,anemone canadensis,Maryland
PLANT-00066,anemone canadensis,Massachusetts
PLANT-00066,anemone canadensis,Michigan
PLANT-00066,anemone canadensis,Minnesota
PLANT-00066,anemone canadensis,Missouri
PLANT-00066,anemone canadensis,Montana
PLANT-00066,anemone canadensis,Nebraska
PLANT-00066,anemone canadensis,New Hampshire
PLANT-00066,anemone canadensis,New Jersey
PLANT-00066,anemone canadensis,New Mexico
PLANT-00066,anemone canadensis,New York
PLANT-00066,anemone canadensis,North Dakota
PLANT-00066,anemone canadensis,Ohio
PLANT-00066,anemone canadensis,Pennsylvania
PLANT-00066,anemone canadensis,South Dakota
PLANT-00066,anemone canadensis,Tennessee
PLANT-00066,anemone canadensis,Vermont
PLANT-00066,anemone canadensis,Virginia
PLANT-00066,anemone canadensis,West Virginia
PLANT-00066,anemone canadensis,Wisconsin
PLANT-00066,anemone canadensis,Wyoming
PLANT-00067,anemone cylindrica,Arizona
PLANT-00067,anemone cylindrica,Colorado
PLANT-00067,anemone cylindrica,Connecticut
PLANT-00067,anemone cylindrica,Idaho
PLANT-00067,anemone cylindrica,Illinois
PLANT-00067,anemone cylindrica,Indiana
PLANT-00067,anemone cylindrica,Iowa
PLANT-00067,anemone cylindrica,Kansas
PLANT-00067,anemone cylindrica,Maine
PLANT-00067,anemone cylindrica,Massachusetts
PLANT-00067,anemone cylindrica,Michigan
PLANT-00067,anemone cylindrica,Minnesota
PLANT-00067,anemone cylindrica,Missouri
PLANT-00067,anemone cylindrica,Montana
PLANT-00067,anemone cylindrica,Nebraska
PLANT-00067,anemone cylindrica,New Hampshire
PLANT-00067,anemone cylindrica,New Jersey
PLANT-00067,anemone cylindrica,New Mexico
PLANT-00067,anemone cylindrica,New York
PLANT-00067,anemone cylindrica,North Dakota
PLANT-00067,anemone cylindrica,Ohio
PLANT-00067,anemone cylindrica,Pennsylvania
PLANT-00067,anemone cylindrica,Rhode Island
PLANT-00067,anemone cylindrica,South Dakota
PLANT-00067,anemone cylindrica,Vermont
PLANT-00067,anemone cylindrica,Wisconsin
PLANT-00067,anemone cylindrica,Wyoming
PLANT-00068,anemone narcissiflora,Alaska
PLANT-00068,anemone narcissiflora,Colorado
PLANT-00068,anemone narcissiflora,Wyoming
PLANT-00069,anemone parviflora,Alaska
PLANT-00069,anemone parviflora,Colorado
PLANT-00069,anemone parviflora,Idaho
PLANT-00069,anemone parviflora,Montana
PLANT-00069,anemone parviflora,North Dakota
PLANT-00069,anemone parviflora,Oregon
PLANT-00069,anemone parviflora,Utah
PLANT-00069,anemone parviflora,Washington
PLANT-00069,anemone parviflora,Wyoming
PLANT-00070,anemone virginiana,Alabama
PLANT-00070,anemone virginiana,Arkansas
PLANT-00070,anemone virginiana,Colorado
PLANT-00070,anemone virginiana,Connecticut
PLANT-00070,anemone virginiana,Delaware
PLANT-00070,anemone virginiana,Georgia
PLANT-00070,anemone virginiana,Illinois
PLANT-00070,anemone virginiana,Indiana
PLANT-00070,anemone virginiana,Iowa
PLANT-00070,anemone virginiana,Kansas
PLANT-00070,anemone virginiana,Kentucky
PLANT-00070,anemone virginiana,Louisiana
PLANT-00070,anemone virginiana,Maine
PLANT-00070,anemone virginiana,Maryland
PLANT-00070,anemone virginiana,Massachusetts
PLANT-00070,anemone virginiana,Michigan
PLANT-00070,anemone virginiana,Minnesota
PLANT-00070,anemone virginiana,Mississippi
PLANT-00070,anemone virginiana,Missouri
PLANT-00070,anemone virginiana,Nebraska
PLANT-00070,anemone virginiana,New Hampshire
PLANT-00070,anemone virginiana,New Jersey
PLANT-00070,anemone virginiana,New York
PLANT-00070,anemone virginiana,North Carolina
PLANT-00070,anemone virginiana,North Dakota
PLANT-00070,anemone virginiana,Ohio
PLANT-00070,anemone virginiana,Oklahoma
PLANT-00070,anemone virginiana,Pennsylvania
PLANT-00070,anemone virginiana,Rhode Island
PLANT-00070,anemone virginiana,South Carolina
PLANT-00070,anemone virginiana,South Dakota
PLANT-00070,anemone virginiana,Tennessee
PLANT-00070,anemone virginiana,Vermont
PLANT-00070,anemone virginiana,Virginia
PLANT-00070,anemone virginiana,West Virginia
PLANT-00070,anemone virginiana,Wisconsin
PLANT-00070,anemone virginiana,Wyoming
PLANT-00071,angelica atropurpurea,Connecticut
PLANT-00071,angelica atropurpurea,Delaware
PLANT-00071,angelica atropurpurea,Illinois
PLANT-00071,angelica atropurpurea,Indiana
PLANT-00071,angelica atropurpurea,Iowa
PLANT-00071,angelica atropurpurea,Kentucky
PLANT-00071,angelica atropurpurea,Maine
PLANT-00071,angelica atropurpurea,Maryland
PLANT-00071,angelica atropurpurea,Michigan
PLANT-00071,angelica atropurpurea,Minnesota
PLANT-00071,angelica atropurpurea,New Hampshire
PLANT-00071,angelica atropurpurea,New Jersey
PLANT-00071,angelica atropurpurea,New York
PLANT-00071,angelica atropurpurea,North Carolina
PLANT-00071,angelica atropurpurea,Ohio
PLANT-00071,angelica atropurpurea,Pennsylvania
PLANT-00071,angelica atropurpurea,Rhode Island
PLANT-00071,angelica atropurpurea,Tennessee
PLANT-00071,angelica atropurpurea,Vermont
PLANT-00071,angelica atropurpurea,Virginia
PLANT-00071,angelica atropurpurea,Wisconsin
PLANT-00072,anisacanthus quadrifidus var. wrightii,Texas
PLANT-00073,antennaria dioica,Alaska
PLANT-00073,antennaria dioica,Georgia
PLANT-00074,antennaria neglecta,Arkansas
PLANT-00074,antennaria neglecta,Colorado
PLANT-00074,antennaria neglecta,Connecticut
PLANT-00074,antennaria neglecta,Delaware
PLANT-00074,antennaria neglecta,Idaho
PLANT-00074,antennaria neglecta,Illinois
PLANT-00074,antennaria neglecta,Indiana
PLANT-00074,antennaria neglecta,Iowa
PLANT-00074,antennaria neglecta,Kansas
PLANT-00074,antennaria neglecta,Kentucky
PLANT-00074,antennaria neglecta,Maine
PLANT-00074,antennaria neglecta,Maryland
PLANT-00074,antennaria neglecta,Massachusetts
PLANT-00074,antennaria neglecta,Michigan
PLANT-00074,antennaria neglecta,Minnesota
PLANT-00074,antennaria neglecta,Missouri
PLANT-00074,antennaria neglecta,Montana
PLANT-00074,antennaria neglecta,Nebraska
PLANT-00074,antennaria neglecta,New Hampshire
PLANT-00074,antennaria neglecta,New Jersey
PLANT-00074,antennaria neglecta,New York
PLANT-00074,antennaria neglecta,North Carolina
PLANT-00074,antennaria neglecta,North Dakota
PLANT-00074,antennaria neglecta,Ohio
PLANT-00074,antennaria neglecta,Oklahoma
PLANT-00074,antennaria neglecta,Pennsylvania
PLANT-00074,antennaria neglecta,Rhode Island
PLANT-00074,antennaria neglecta,South Dakota
PLANT-00074,antennaria neglecta,Tennessee
PLANT-00074,antennaria neglecta,Utah
PLANT-00074,antennaria neglecta,Vermont
PLANT-00074,antennaria neglecta,Virginia
PLANT-00074,antennaria neglecta,West Virginia
PLANT-00074,antennaria neglecta,Wisconsin
PLANT-00074,antennaria neglecta,Wyoming
PLANT-00075,antennaria parlinii,Alabama
PLANT-00075,antennaria parlinii,Arkansas
PLANT-00075,antennaria parlinii,Connecticut
PLANT-00075,antennaria parlinii,Delaware
PLANT-00075,antennaria parlinii,Georgia
PLANT-00075,antennaria parlinii,Illinois
PLANT-00075,antennaria parlinii,Indiana
PLANT-00075,antennaria parlinii,Iowa
PLANT-00075,antennaria parlinii,Kansas
PLANT-00075,antennaria parlinii,Kentucky
PLANT-00075,antennaria parlinii,Louisiana
PLANT-00075,antennaria parlinii,Maine
PLANT-00075,antennaria parlinii,Maryland
PLANT-00075,antennaria parlinii,Massachusetts
PLANT-00075,antennaria parlinii,Michigan
PLANT-00075,antennaria parlinii,Minnesota
PLANT-00075,antennaria parlinii,Mississippi
PLANT-00075,antennaria parlinii,Missouri
PLANT-00075,antennaria parlinii,Nebraska
PLANT-00075,antennaria parlinii,New Hampshire
PLANT-00075,antennaria parlinii,New Jersey
PLANT-00075,antennaria parlinii,New Mexico
PLANT-00075,antennaria parlinii,New York
PLANT-00075,antennaria parlinii,North Carolina
PLANT-00075,antennaria parlinii,North Dakota
PLANT-00075,antennaria parlinii,Ohio
PLANT-00075,antennaria parlinii,Oklahoma
PLANT-00075,antennaria parlinii,Pennsylvania
PLANT-00075,antennaria parlinii,Rhode Island
PLANT-00075,antennaria parlinii,South Carolina
PLANT-00075,antennaria parlinii,South Dakota
PLANT-00075,antennaria parlinii,Tennessee
PLANT-00075,antennaria parlinii,Texas
PLANT-00075,antennaria parlinii,Vermont
PLANT-00075,antennaria parlinii,Virginia
PLANT-00075,antennaria parlinii,West Virginia
PLANT-00075,antennaria parlinii,Wisconsin
PLANT-00076,antennaria plantaginifolia,Alabama
PLANT-00076,antennaria plantaginifolia,Arkansas
PLANT-00076,antennaria plantaginifolia,Connecticut
PLANT-00076,antennaria plantaginifolia,Delaware
PLANT-00076,antennaria plantaginifolia,Florida
PLANT-00076,antennaria plantaginifolia,Georgia
PLANT-00076,antennaria plantaginifolia,Illinois
PLANT-00076,antennaria plantaginifolia,Indiana
PLANT-00076,antennaria plantaginifolia,Iowa
PLANT-00076,antennaria plantaginifolia,Kentucky
PLANT-00076,antennaria plantaginifolia,Louisiana
PLANT-00076,antennaria plantaginifolia,Maine
PLANT-00076,antennaria plantaginifolia,Maryland
PLANT-00076,antennaria plantaginifolia,Massachusetts
PLANT-00076,antennaria plantaginifolia,Minnesota
PLANT-00076,antennaria plantaginifolia,Mississippi
PLANT-00076,antennaria plantaginifolia,Missouri
PLANT-00076,antennaria plantaginifolia,New Hampshire
PLANT-00076,antennaria plantaginifolia,New Jersey
PLANT-00076,antennaria plantaginifolia,New York
PLANT-00076,antennaria plantaginifolia,North Carolina
PLANT-00076,antennaria plantaginifolia,Ohio
PLANT-00076,antennaria plantaginifolia,Pennsylvania
PLANT-00076,antennaria plantaginifolia,Rhode Island
PLANT-00076,antennaria plantaginifolia,South Carolina
PLANT-00076,antennaria plantaginifolia,Tennessee
PLANT-00076,antennaria plantaginifolia,Vermont
PLANT-00076,antennaria plantaginifolia,Virginia
PLANT-00076,antennaria plantaginifolia,West Virginia
PLANT-00076,antennaria plantaginifolia,Wisconsin
PLANT-00077,apocynum cannabinum,Alabama
PLANT-00077,apocynum cannabinum,Arizona
PLANT-00077,apocynum cannabinum,Arkansas
PLANT-00077,apocynum cannabinum,California
PLANT-00077,apocynum cannabinum,Colorado
PLANT-00077,apocynum cannabinum,Connecticut
PLANT-00077,apocynum cannabinum,Delaware
PLANT-00077,apocynum cannabinum,Florida
PLANT-00077,apocynum cannabinum,Georgia
PLANT-00077,apocynum cannabinum,Illinois
PLANT-00077,apocynum cannabinum,Indiana
PLANT-00077,apocynum cannabinum,Iowa
PLANT-00077,apocynum cannabinum,Kentucky
PLANT-00077,apocynum cannabinum,Louisiana
PLANT-00077,apocynum cannabinum,Maine
PLANT-00077,apocynum cannabinum,Maryland
PLANT-00077,apocynum cannabinum,Massachusetts
PLANT-00077,apocynum cannabinum,Michigan
PLANT-00077,apocynum cannabinum,Minnesota
PLANT-00077,apocynum cannabinum,Mississippi
PLANT-00077,apocynum cannabinum,Missouri
PLANT-00077,apocynum cannabinum,Nebraska
PLANT-00077,apocynum cannabinum,Nevada
PLANT-00077,apocynum cannabinum,New Hampshire
PLANT-00077,apocynum cannabinum,New York
PLANT-00077,apocynum cannabinum,North Carolina
PLANT-00077,apocynum cannabinum,North Dakota
PLANT-00077,apocynum cannabinum,Ohio
PLANT-00077,apocynum cannabinum,Oklahoma
PLANT-00077,apocynum cannabinum,Oregon
PLANT-00077,apocynum cannabinum,Pennsylvania
PLANT-00077,apocynum cannabinum,Rhode Island
PLANT-00077,apocynum cannabinum,South Carolina
PLANT-00077,apocynum cannabinum,South Dakota
PLANT-00077,apocynum cannabinum,Texas
PLANT-00077,apocynum cannabinum,Utah
PLANT-00077,apocynum cannabinum,Vermont
PLANT-00077,apocynum cannabinum,Virginia
PLANT-00077,apocynum cannabinum,Washington
PLANT-00077,apocynum cannabinum,West Virginia
PLANT-00077,apocynum cannabinum,Wisconsin
PLANT-00077,apocynum cannabinum,Wyoming
PLANT-00078,aquilegia caerulea,Arizona
PLANT-00078,aquilegia caerulea,Colorado
PLANT-00078,aquilegia caerulea,Idaho
PLANT-00078,aquilegia caerulea,Montana
PLANT-00078,aquilegia caerulea,Nevada
PLANT-00078,aquilegia caerulea,New Mexico
PLANT-00078,aquilegia caerulea,South Dakota
PLANT-00078,aquilegia caerulea,Utah
PLANT-00078,aquilegia caerulea,Wyoming
PLANT-00079,aquilegia canadensis,Alabama
PLANT-00079,aquilegia canadensis,Arkansas
PLANT-00079,aquilegia canadensis,Connecticut
PLANT-00079,aquilegia canadensis,Delaware
PLANT-00079,aquilegia canadensis,Florida
PLANT-00079,aquilegia canadensis,Georgia
PLANT-00079,aquilegia canadensis,Illinois
PLANT-00079,aquilegia canadensis,Indiana
PLANT-00079,aquilegia canadensis,Iowa
PLANT-00079,aquilegia canadensis,Kansas
PLANT-00079,aquilegia canadensis,Kentucky
PLANT-00079,aquilegia canadensis,Maine
PLANT-00079,aquilegia canadensis,Maryland
PLANT-00079,aquilegia canadensis,Massachusetts
PLANT-00079,aquilegia canadensis,Michigan
PLANT-00079,aquilegia canadensis,Minnesota
PLANT-00079,aquilegia canadensis,Mississippi
PLANT-00079,aquilegia canadensis,Missouri
PLANT-00079,aquilegia canadensis,Nebraska
PLANT-00079,aquilegia canadensis,New Hampshire
PLANT-00079,aquilegia canadensis,New Jersey
PLANT-00079,aquilegia canadensis,New York
PLANT-00079,aquilegia canadensis,North Carolina
PLANT-00079,aquilegia canadensis,North Dakota
PLANT-00079,aquilegia canadensis,Ohio
PLANT-00079,aquilegia canadensis,Oklahoma
PLANT-00079,aquilegia canadensis,Pennsylvania
PLANT-00079,aquilegia canadensis,Rhode Island
PLANT-00079,aquilegia canadensis,South Carolina
PLANT-00079,aquilegia canadensis,South Dakota
PLANT-00079,aquilegia canadensis,Tennessee
PLANT-00079,aquilegia canadensis,Texas
PLANT-00079,aquilegia canadensis,Vermont
PLANT-00079,aquilegia canadensis,Virginia
PLANT-00079,aquilegia canadensis,West Virginia
PLANT-00079,aquilegia canadensis,Wisconsin
PLANT-00080,aquilegia chrysantha var. hinckleyana,Texas
PLANT-00081,aralia racemosa,Alabama
PLANT-00081,aralia racemosa,Arizona
PLANT-00081,aralia racemosa,Arkansas
PLANT-00081,aralia racemosa,Colorado
PLANT-00081,aralia racemosa,Connecticut
PLANT-00081,aralia racemosa,Delaware
PLANT-00081,aralia racemosa,Georgia
PLANT-00081,aralia racemosa,Illinois
PLANT-00081,aralia racemosa,Indiana
PLANT-00081,aralia racemosa,Iowa
PLANT-00081,aralia racemosa,Kansas
PLANT-00081,aralia racemosa,Kentucky
PLANT-00081,aralia racemosa,Maine
PLANT-00081,aralia racemosa,Maryland
PLANT-00081,aralia racemosa,Michigan
PLANT-00081,aralia racemosa,Minnesota
PLANT-00081,aralia racemosa,Mississippi
PLANT-00081,aralia racemosa,Missouri
PLANT-00081,aralia racemosa,Nebraska
PLANT-00081,aralia racemosa,New Hampshire
PLANT-00081,aralia racemosa,New Jersey
PLANT-00081,aralia racemosa,New Mexico
PLANT-00081,aralia racemosa,New York
PLANT-00081,aralia racemosa,North Carolina
PLANT-00081,aralia racemosa,Ohio
PLANT-00081,aralia racemosa,Pennsylvania
PLANT-00081,aralia racemosa,Rhode Island
PLANT-00081,aralia racemosa,South Carolina
PLANT-00081,aralia racemosa,South Dakota
PLANT-00081,aralia racemosa,Tennessee
PLANT-00081,aralia racemosa,Texas
PLANT-00081,aralia racemosa,Utah
PLANT-00081,aralia racemosa,Vermont
PLANT-00081,aralia racemosa,Virginia
PLANT-00081,aralia racemosa,West Virginia
PLANT-00081,aralia racemosa,Wisconsin
PLANT-00082,aralia spinosa,Alabama
PLANT-00082,aralia spinosa,Arkansas
PLANT-00082,aralia spinosa,Connecticut
PLANT-00082,aralia spinosa,Delaware
PLANT-00082,aralia spinosa,Florida
PLANT-00082,aralia spinosa,Georgia
PLANT-00082,aralia spinosa,Illinois
PLANT-00082,aralia spinosa,Indiana
PLANT-00082,aralia spinosa,Kentucky
PLANT-00082,aralia spinosa,Louisiana
PLANT-00082,aralia spinosa,Maine
PLANT-00082,aralia spinosa,Maryland
PLANT-00082,aralia spinosa,Massachusetts
PLANT-00082,aralia spinosa,Mississippi
PLANT-00082,aralia spinosa,Missouri
PLANT-00082,aralia spinosa,New Jersey
PLANT-00082,aralia spinosa,New York
PLANT-00082,aralia spinosa,North Carolina
PLANT-00082,aralia spinosa,Ohio
PLANT-00082,aralia spinosa,Oklahoma
PLANT-00082,aralia spinosa,Pennsylvania
PLANT-00082,aralia spinosa,Rhode Island
PLANT-00082,aralia spinosa,South Carolina
PLANT-00082,aralia spinosa,Tennessee
PLANT-00082,aralia spinosa,Texas
PLANT-00082,aralia spinosa,Virginia
PLANT-00082,aralia spinosa,West Virginia
PLANT-00083,arbutus menziesii,California
PLANT-00083,arbutus menziesii,Oregon
PLANT-00083,arbutus menziesii,Washington
PLANT-00084,arctostaphylos uva-ursi,Alaska
PLANT-00084,arctostaphylos uva-ursi,Arizona
PLANT-00084,arctostaphylos uva-ursi,California
PLANT-00084,arctostaphylos uva-ursi,Colorado
PLANT-00084,arctostaphylos uva-ursi,Connecticut
PLANT-00084,arctostaphylos uva-ursi,Delaware
PLANT-00084,arctostaphylos uva-ursi,Idaho
PLANT-00084,arctostaphylos uva-ursi,Illinois
PLANT-00084,arctostaphylos uva-ursi,Indiana
PLANT-00084,arctostaphylos uva-ursi,Iowa
PLANT-00084,arctostaphylos uva-ursi,Maine
PLANT-00084,arctostaphylos uva-ursi,Maryland
PLANT-00084,arctostaphylos uva-ursi,Michigan
PLANT-00084,arctostaphylos uva-ursi,Minnesota
PLANT-00084,arctostaphylos uva-ursi,Montana
PLANT-00084,arctostaphylos uva-ursi,Nebraska
PLANT-00084,arctostaphylos uva-ursi,Nevada
PLANT-00084,arctostaphylos uva-ursi,New Hampshire
PLANT-00084,arctostaphylos uva-ursi,New Jersey
PLANT-00084,arctostaphylos uva-ursi,New Mexico
PLANT-00084,arctostaphylos uva-ursi,New York
PLANT-00084,arctostaphylos uva-ursi,North Dakota
PLANT-00084,arctostaphylos uva-ursi,Ohio
PLANT-00084,arctostaphylos uva-ursi,Oregon
PLANT-00084,arctostaphylos uva-ursi,Pennsylvania
PLANT-00084,arctostaphylos uva-ursi,Rhode Island
PLANT-00084,arctostaphylos uva-ursi,South Dakota
PLANT-00084,arctostaphylos uva-ursi,Utah
PLANT-00084,arctostaphylos uva-ursi,Vermont
PLANT-00084,arctostaphylos uva-ursi,Virginia
PLANT-00084,arctostaphylos uva-ursi,Washington
PLANT-00084,arctostaphylos uva-ursi,Wisconsin
PLANT-00084,arctostaphylos uva-ursi,Wyoming
PLANT-00085,argemone polyanthemos,Arizona
PLANT-00085,argemone polyanthemos,Colorado
PLANT-00085,argemone polyanthemos,Idaho
PLANT-00085,argemone polyanthemos,Illinois
PLANT-00085,argemone polyanthemos,Indiana
PLANT-00085,argemone polyanthemos,Iowa
PLANT-00085,argemone polyanthemos,Kansas
PLANT-00085,argemone polyanthemos,Montana
PLANT-00085,argemone polyanthemos,Nebraska
PLANT-00085,argemone polyanthemos,New Mexico
PLANT-00085,argemone polyanthemos,North Dakota
PLANT-00085,argemone polyanthemos,Ohio
PLANT-00085,argemone polyanthemos,Oklahoma
PLANT-00085,argemone polyanthemos,South Dakota
PLANT-00085,argemone polyanthemos,Texas
PLANT-00085,argemone polyanthemos,Utah
PLANT-00085,argemone polyanthemos,Washington
PLANT-00085,argemone polyanthemos,Wyoming
PLANT-00086,arisaema dracontium,Alabama
PLANT-00086,arisaema dracontium,Arkansas
PLANT-00086,arisaema dracontium,Connecticut
PLANT-00086,arisaema dracontium,Delaware
PLANT-00086,arisaema dracontium,Florida
PLANT-00086,arisaema dracontium,Georgia
PLANT-00086,arisaema dracontium,Illinois
PLANT-00086,arisaema dracontium,Indiana
PLANT-00086,arisaema dracontium,Iowa
PLANT-00086,arisaema dracontium,Kansas
PLANT-00086,arisaema dracontium,Kentucky
PLANT-00086,arisaema dracontium,Louisiana
PLANT-00086,arisaema dracontium,Maryland
PLANT-00086,arisaema dracontium,Massachusetts
PLANT-00086,arisaema dracontium,Michigan
PLANT-00086,arisaema dracontium,Minnesota
PLANT-00086,arisaema dracontium,Mississippi
PLANT-00086,arisaema dracontium,Missouri
PLANT-00086,arisaema dracontium,Nebraska
PLANT-00086,arisaema dracontium,New Hampshire
PLANT-00086,arisaema dracontium,New Jersey
PLANT-00086,arisaema dracontium,New York
PLANT-00086,arisaema dracontium,North Carolina
PLANT-00086,arisaema dracontium,Ohio
PLANT-00086,arisaema dracontium,Oklahoma
PLANT-00086,arisaema dracontium,Pennsylvania
PLANT-00086,arisaema dracontium,South Carolina
PLANT-00086,arisaema dracontium,Tennessee
PLANT-00086,arisaema dracontium,Texas
PLANT-00086,arisaema dracontium,Vermont
PLANT-00086,arisaema dracontium,Virginia
PLANT-00086,arisaema dracontium,West Virginia
PLANT-00086,arisaema dracontium,Wisconsin
PLANT-00087,arisaema triphyllum,Alabama
PLANT-00087,arisaema triphyllum,Arkansas
PLANT-00087,arisaema triphyllum,Connecticut
PLANT-00087,arisaema triphyllum,Delaware
PLANT-00087,arisaema triphyllum,Florida
PLANT-00087,arisaema triphyllum,Georgia
PLANT-00087,arisaema triphyllum,Illinois
PLANT-00087,arisaema triphyllum,Indiana
PLANT-00087,arisaema triphyllum,Iowa
PLANT-00087,arisaema triphyllum,Kansas
PLANT-00087,arisaema triphyllum,Kentucky
PLANT-00087,arisaema triphyllum,Louisiana
PLANT-00087,arisaema triphyllum,Maine
PLANT-00087,arisaema triphyllum,Maryland
PLANT-00087,arisaema triphyllum,Massachusetts
PLANT-00087,arisaema triphyllum,Michigan
PLANT-00087,arisaema triphyllum,Minnesota
PLANT-00087,arisaema triphyllum,Mississippi
PLANT-00087,arisaema triphyllum,Missouri
PLANT-00087,arisaema triphyllum,Nebraska
PLANT-00087,arisaema triphyllum,New Hampshire
PLANT-00087,arisaema triphyllum,New Jersey
PLANT-00087,arisaema triphyllum,New York
PLANT-00087,arisaema triphyllum,North Carolina
PLANT-00087,arisaema triphyllum,North Dakota
PLANT-00087,arisaema triphyllum,Ohio
PLANT-00087,arisaema triphyllum,Oklahoma
PLANT-00087,arisaema triphyllum,Pennsylvania
PLANT-00087,arisaema triphyllum,Rhode Island
PLANT-00087,arisaema triphyllum,South Carolina
PLANT-00087,arisaema triphyllum,South Dakota
PLANT-00087,arisaema triphyllum,Tennessee
PLANT-00087,arisaema triphyllum,Texas
PLANT-00087,arisaema triphyllum,Vermont
PLANT-00087,arisaema triphyllum,Virginia
PLANT-00087,arisaema triphyllum,West Virginia
PLANT-00087,arisaema triphyllum,Wisconsin
PLANT-00088,aristolochia californica,California
PLANT-00089,aristolochia macrophylla,Alabama
PLANT-00089,aristolochia macrophylla,Connecticut
PLANT-00089,aristolochia macrophylla,Georgia
PLANT-00089,aristolochia macrophylla,Kentucky
PLANT-00089,aristolochia macrophylla,Maine
PLANT-00089,aristolochia macrophylla,Maryland
PLANT-00089,aristolochia macrophylla,Massachusetts
PLANT-00089,aristolochia macrophylla,North Carolina
PLANT-00089,aristolochia macrophylla,Pennsylvania
PLANT-00089,aristolochia macrophylla,South Carolina
PLANT-00089,aristolochia macrophylla,Tennessee
PLANT-00089,aristolochia macrophylla,Vermont
PLANT-00089,aristolochia macrophylla,Virginia
PLANT-00089,aristolochia macrophylla,West Virginia
PLANT-00090,aristolochia tomentosa,Alabama
PLANT-00090,aristolochia tomentosa,Arkansas
PLANT-00090,aristolochia tomentosa,Florida
PLANT-00090,aristolochia tomentosa,Georgia
PLANT-00090,aristolochia tomentosa,Illinois
PLANT-00090,aristolochia tomentosa,Indiana
PLANT-00090,aristolochia tomentosa,Kansas
PLANT-00090,aristolochia tomentosa,Kentucky
PLANT-00090,aristolochia tomentosa,Louisiana
PLANT-00090,aristolochia tomentosa,Mississippi
PLANT-00090,aristolochia tomentosa,Missouri
PLANT-00090,aristolochia tomentosa,North Carolina
PLANT-00090,aristolochia tomentosa,Oklahoma
PLANT-00090,aristolochia tomentosa,South Carolina
PLANT-00090,aristolochia tomentosa,Tennessee
PLANT-00090,aristolochia tomentosa,Texas
PLANT-00091,armeria maritima,Alaska
PLANT-00091,armeria maritima,California
PLANT-00091,armeria maritima,Colorado
PLANT-00091,armeria maritima,New York
PLANT-00091,armeria maritima,Oregon
PLANT-00091,armeria maritima,Pennsylvania
PLANT-00091,armeria maritima,Utah
PLANT-00091,armeria maritima,Washington
PLANT-00092,arnoglossum atriplicifolium,Alabama
PLANT-00092,arnoglossum atriplicifolium,Arkansas
PLANT-00092,arnoglossum atriplicifolium,Delaware
PLANT-00092,arnoglossum atriplicifolium,Florida
PLANT-00092,arnoglossum atriplicifolium,Georgia
PLANT-00092,arnoglossum atriplicifolium,Illinois
PLANT-00092,arnoglossum atriplicifolium,Indiana
PLANT-00092,arnoglossum atriplicifolium,Iowa
PLANT-00092,arnoglossum atriplicifolium,Kansas
PLANT-00092,arnoglossum atriplicifolium,Kentucky
PLANT-00092,arnoglossum atriplicifolium,Louisiana
PLANT-00092,arnoglossum atriplicifolium,Maryland
PLANT-00092,arnoglossum atriplicifolium,Massachusetts
PLANT-00092,arnoglossum atriplicifolium,Michigan
PLANT-00092,arnoglossum atriplicifolium,Minnesota
PLANT-00092,arnoglossum atriplicifolium,Mississippi
PLANT-00092,arnoglossum atriplicifolium,Missouri
PLANT-00092,arnoglossum atriplicifolium,Nebraska
PLANT-00092,arnoglossum atriplicifolium,New Jersey
PLANT-00092,arnoglossum atriplicifolium,New York
PLANT-00092,arnoglossum atriplicifolium,North Carolina
PLANT-00092,arnoglossum atriplicifolium,Ohio
PLANT-00092,arnoglossum atriplicifolium,Oklahoma
PLANT-00092,arnoglossum atriplicifolium,Pennsylvania
PLANT-00092,arnoglossum atriplicifolium,South Carolina
PLANT-00092,arnoglossum atriplicifolium,Tennessee
PLANT-00092,arnoglossum atriplicifolium,Virginia
PLANT-00092,arnoglossum atriplicifolium,West Virginia
PLANT-00092,arnoglossum atriplicifolium,Wisconsin
PLANT-00093,arnoglossum reniforme,Alabama
PLANT-00093,arnoglossum reniforme,Arkansas
PLANT-00093,arnoglossum reniforme,Georgia
PLANT-00093,arnoglossum reniforme,Illinois
PLANT-00093,arnoglossum reniforme,Indiana
PLANT-00093,arnoglossum reniforme,Iowa
PLANT-00093,arnoglossum reniforme,Kentucky
PLANT-00093,arnoglossum reniforme,Maryland
PLANT-00093,arnoglossum reniforme,Minnesota
PLANT-00093,arnoglossum reniforme,Mississippi
PLANT-00093,arnoglossum reniforme,Missouri
PLANT-00093,arnoglossum reniforme,New Jersey
PLANT-00093,arnoglossum reniforme,North Carolina
PLANT-00093,arnoglossum reniforme,Ohio
PLANT-00093,arnoglossum reniforme,Oklahoma
PLANT-00093,arnoglossum reniforme,Pennsylvania
PLANT-00093,arnoglossum reniforme,Tennessee
PLANT-00093,arnoglossum reniforme,Virginia
PLANT-00093,arnoglossum reniforme,West Virginia
PLANT-00093,arnoglossum reniforme,Wisconsin
PLANT-00094,aronia arbutifolia,Alabama
PLANT-00094,aronia arbutifolia,Arkansas
PLANT-00094,aronia arbutifolia,Connecticut
PLANT-00094,aronia arbutifolia,Florida
PLANT-00094,aronia arbutifolia,Georgia
PLANT-00094,aronia arbutifolia,Kentucky
PLANT-00094,aronia arbutifolia,Louisiana
PLANT-00094,aronia arbutifolia,Maine
PLANT-00094,aronia arbutifolia,Maryland
PLANT-00094,aronia arbutifolia,Massachusetts
PLANT-00094,aronia arbutifolia,Mississippi
PLANT-00094,aronia arbutifolia,New Hampshire
PLANT-00094,aronia arbutifolia,New Jersey
PLANT-00094,aronia arbutifolia,New York
PLANT-00094,aronia arbutifolia,North Carolina
PLANT-00094,aronia arbutifolia,Oklahoma
PLANT-00094,aronia arbutifolia,Pennsylvania
PLANT-00094,aronia arbutifolia,Rhode Island
PLANT-00094,aronia arbutifolia,South Carolina
PLANT-00094,aronia arbutifolia,Tennessee
PLANT-00094,aronia arbutifolia,Texas
PLANT-00094,aronia arbutifolia,Virginia
PLANT-00094,aronia arbutifolia,West Virginia
PLANT-00095,aronia melanocarpa,Alabama
PLANT-00095,aronia melanocarpa,Arkansas
PLANT-00095,aronia melanocarpa,Connecticut
PLANT-00095,aronia melanocarpa,Delaware
PLANT-00095,aronia melanocarpa,Georgia
PLANT-00095,aronia melanocarpa,Illinois
PLANT-00095,aronia melanocarpa,Indiana
PLANT-00095,aronia melanocarpa,Iowa
PLANT-00095,aronia melanocarpa,Kentucky
PLANT-00095,aronia melanocarpa,Maine
PLANT-00095,aronia melanocarpa,Maryland
PLANT-00095,aronia melanocarpa,Michigan
PLANT-00095,aronia melanocarpa,Minnesota
PLANT-00095,aronia melanocarpa,Mississippi
PLANT-00095,aronia melanocarpa,Missouri
PLANT-00095,aronia melanocarpa,New Hampshire
PLANT-00095,aronia melanocarpa,New Jersey
PLANT-00095,aronia melanocarpa,New York
PLANT-00095,aronia melanocarpa,North Carolina
PLANT-00095,aronia melanocarpa,Ohio
PLANT-00095,aronia melanocarpa,Pennsylvania
PLANT-00095,aronia melanocarpa,Rhode Island
PLANT-00095,aronia melanocarpa,South Carolina
PLANT-00095,aronia melanocarpa,Tennessee
PLANT-00095,aronia melanocarpa,Vermont
PLANT-00095,aronia melanocarpa,Virginia
PLANT-00095,aronia melanocarpa,West Virginia
PLANT-00095,aronia melanocarpa,Wisconsin
PLANT-00096,aronia melanocarpa var. elata,Alabama
PLANT-00096,aronia melanocarpa var. elata,Arkansas
PLANT-00096,aronia melanocarpa var. elata,Connecticut
PLANT-00096,aronia melanocarpa var. elata,Delaware
PLANT-00096,aronia melanocarpa var. elata,Florida
PLANT-00096,aronia melanocarpa var. elata,Georgia
PLANT-00096,aronia melanocarpa var. elata,Indiana
PLANT-00096,aronia melanocarpa var. elata,Kentucky
PLANT-00096,aronia melanocarpa var. elata,Louisiana
PLANT-00096,aronia melanocarpa var. elata,Maine
PLANT-00096,aronia melanocarpa var. elata,Maryland
PLANT-00096,aronia melanocarpa var. elata,Massachusetts
PLANT-00096,aronia melanocarpa var. elata,Michigan
PLANT-00096,aronia melanocarpa var. elata,Mississippi
PLANT-00096,aronia melanocarpa var. elata,New Hampshire
PLANT-00096,aronia melanocarpa var. elata,New Jersey
PLANT-00096,aronia melanocarpa var. elata,New York
PLANT-00096,aronia melanocarpa var. elata,North Carolina
PLANT-00096,aronia melanocarpa var. elata,Ohio
PLANT-00096,aronia melanocarpa var. elata,Pennsylvania
PLANT-00096,aronia melanocarpa var. elata,Rhode Island
PLANT-00096,aronia melanocarpa var. elata,South Carolina
PLANT-00096,aronia melanocarpa var. elata,Tennessee
PLANT-00096,aronia melanocarpa var. elata,Vermont
PLANT-00096,aronia melanocarpa var. elata,Virginia
PLANT-00096,aronia melanocarpa var. elata,West Virginia
PLANT-00097,artemisia dracunculus,Alaska
PLANT-00097,artemisia dracunculus,Arizona
PLANT-00097,artemisia dracunculus,California
PLANT-00097,artemisia dracunculus,Colorado
PLANT-00097,artemisia dracunculus,Idaho
PLANT-00097,artemisia dracunculus,Illinois
PLANT-00097,artemisia dracunculus,Iowa
PLANT-00097,artemisia dracunculus,Kansas
PLANT-00097,artemisia dracunculus,Minnesota
PLANT-00097,artemisia dracunculus,Missouri
PLANT-00097,artemisia dracunculus,Montana
PLANT-00097,artemisia dracunculus,Nebraska
PLANT-00097,artemisia dracunculus,Nevada
PLANT-00097,artemisia dracunculus,New Mexico
PLANT-00097,artemisia dracunculus,North Dakota
PLANT-00097,artemisia dracunculus,Oklahoma
PLANT-00097,artemisia dracunculus,Oregon
PLANT-00097,artemisia dracunculus,South Dakota
PLANT-00097,artemisia dracunculus,Texas
PLANT-00097,artemisia dracunculus,Utah
PLANT-00097,artemisia dracunculus,Washington
PLANT-00097,artemisia dracunculus,Wisconsin
PLANT-00097,artemisia dracunculus,Wyoming
PLANT-00098,artemisia frigida,Alaska
PLANT-00098,artemisia frigida,Arizona
PLANT-00098,artemisia frigida,Colorado
PLANT-00098,artemisia frigida,Idaho
PLANT-00098,artemisia frigida,Illinois
PLANT-00098,artemisia frigida,Iowa
PLANT-00098,artemisia frigida,Kansas
PLANT-00098,artemisia frigida,Minnesota
PLANT-00098,artemisia frigida,Montana
PLANT-00098,artemisia frigida,Nebraska
PLANT-00098,artemisia frigida,New Mexico
PLANT-00098,artemisia frigida,North Dakota
PLANT-00098,artemisia frigida,South Dakota
PLANT-00098,artemisia frigida,Texas
PLANT-00098,artemisia frigida,Utah
PLANT-00098,artemisia frigida,Washington
PLANT-00098,artemisia frigida,Wisconsin
PLANT-00098,artemisia frigida,Wyoming
PLANT-00099,artemisia ludoviciana,Alabama
PLANT-00099,artemisia ludoviciana,Alaska
PLANT-00099,artemisia ludoviciana,Arizona
PLANT-00099,artemisia ludoviciana,Arkansas
PLANT-00099,artemisia ludoviciana,California
PLANT-00099,artemisia ludoviciana,Colorado
PLANT-00099,artemisia ludoviciana,Connecticut
PLANT-00099,artemisia ludoviciana,Delaware
PLANT-00099,artemisia ludoviciana,Florida
PLANT-00099,artemisia ludoviciana,Georgia
PLANT-00099,artemisia ludoviciana,Idaho
PLANT-00099,artemisia ludoviciana,Illinois
PLANT-00099,artemisia ludoviciana,Indiana
PLANT-00099,artemisia ludoviciana,Iowa
PLANT-00099,artemisia ludoviciana,Kansas
PLANT-00099,artemisia ludoviciana,Kentucky
PLANT-00099,artemisia ludoviciana,Louisiana
PLANT-00099,artemisia ludoviciana,Maine
PLANT-00099,artemisia ludoviciana,Maryland
PLANT-00099,artemisia ludoviciana,Massachusetts
PLANT-00099,artemisia ludoviciana,Michigan
PLANT-00099,artemisia ludoviciana,Minnesota
PLANT-00099,artemisia ludoviciana,Mississippi
PLANT-00099,artemisia ludoviciana,Missouri
PLANT-00099,artemisia ludoviciana,Montana
PLANT-00099,artemisia ludoviciana,Nebraska
PLANT-00099,artemisia ludoviciana,Nevada
PLANT-00099,artemisia ludoviciana,New Hampshire
PLANT-00099,artemisia ludoviciana,New Jersey
PLANT-00099,artemisia ludoviciana,New Mexico
PLANT-00099,artemisia ludoviciana,New York
PLANT-00099,artemisia ludoviciana,North Carolina
PLANT-00099,artemisia ludoviciana,North Dakota
PLANT-00099,artemisia ludoviciana,Ohio
PLANT-00099,artemisia ludoviciana,Oklahoma
PLANT-00099,artemisia ludoviciana,Oregon
PLANT-00099,artemisia ludoviciana,Pennsylvania
PLANT-00099,artemisia ludoviciana,Rhode Island
PLANT-00099,artemisia ludoviciana,South Carolina
PLANT-00099,artemisia ludoviciana,South Dakota
PLANT-00099,artemisia ludoviciana,Tennessee
PLANT-00099,artemisia ludoviciana,Texas
PLANT-00099,artemisia ludoviciana,Utah
PLANT-00099,artemisia ludoviciana,Vermont
PLANT-00099,artemisia ludoviciana,Virginia
PLANT-00099,artemisia ludoviciana,Washington
PLANT-00099,artemisia ludoviciana,West Virginia
PLANT-00099,artemisia ludoviciana,Wisconsin
PLANT-00099,artemisia ludoviciana,Wyoming
PLANT-00100,artemisia vulgaris,Alaska
PLANT-00100,artemisia vulgaris,California
PLANT-00100,artemisia vulgaris,Hawaii
PLANT-00100,artemisia vulgaris,Indiana
PLANT-00100,artemisia vulgaris,Kansas
PLANT-00100,artemisia vulgaris,Louisiana
PLANT-00100,artemisia vulgaris,Massachusetts
PLANT-00100,artemisia vulgaris,Michigan
PLANT-00100,artemisia vulgaris,New Jersey
PLANT-00100,artemisia vulgaris,New York
PLANT-00100,artemisia vulgaris,North Carolina
PLANT-00100,artemisia vulgaris,Ohio
PLANT-00100,artemisia vulgaris,Oregon
PLANT-00100,artemisia vulgaris,Rhode Island
PLANT-00100,artemisia vulgaris,South Carolina
PLANT-00100,artemisia vulgaris,Washington
PLANT-00100,artemisia vulgaris,Wisconsin
PLANT-00101,aruncus dioicus,Alabama
PLANT-00101,aruncus dioicus,Alaska
PLANT-00101,aruncus dioicus,Arkansas
PLANT-00101,aruncus dioicus,California
PLANT-00101,aruncus dioicus,Georgia
PLANT-00101,aruncus dioicus,Illinois
PLANT-00101,aruncus dioicus,Indiana
PLANT-00101,aruncus dioicus,Iowa
PLANT-00101,aruncus dioicus,Kentucky
PLANT-00101,aruncus dioicus,Maine
PLANT-00101,aruncus dioicus,Maryland
PLANT-00101,aruncus dioicus,Massachusetts
PLANT-00101,aruncus dioicus,Michigan
PLANT-00101,aruncus dioicus,Mississippi
PLANT-00101,aruncus dioicus,Missouri
PLANT-00101,aruncus dioicus,New Jersey
PLANT-00101,aruncus dioicus,New York
PLANT-00101,aruncus dioicus,North Carolina
PLANT-00101,aruncus dioicus,Ohio
PLANT-00101,aruncus dioicus,Oklahoma
PLANT-00101,aruncus dioicus,Oregon
PLANT-00101,aruncus dioicus,Pennsylvania
PLANT-00101,aruncus dioicus,South Carolina
PLANT-00101,aruncus dioicus,Tennessee
PLANT-00101,aruncus dioicus,Virginia
PLANT-00101,aruncus dioicus,Washington
PLANT-00101,aruncus dioicus,West Virginia
PLANT-00101,aruncus dioicus,Wisconsin
PLANT-00102,arundinaria gigantea,Alabama
PLANT-00102,arundinaria gigantea,Arkansas
PLANT-00102,arundinaria gigantea,Delaware
PLANT-00102,arundinaria gigantea,Florida
PLANT-00102,arundinaria gigantea,Georgia
PLANT-00102,arundinaria gigantea,Illinois
PLANT-00102,arundinaria gigantea,Indiana
PLANT-00102,arundinaria gigantea,Kansas
PLANT-00102,arundinaria gigantea,Kentucky
PLANT-00102,arundinaria gigantea,Louisiana
PLANT-00102,arundinaria gigantea,Maryland
PLANT-00102,arundinaria gigantea,Mississippi
PLANT-00102,arundinaria gigantea,Missouri
PLANT-00102,arundinaria gigantea,North Carolina
PLANT-00102,arundinaria gigantea,Ohio
PLANT-00102,arundinaria gigantea,Oklahoma
PLANT-00102,arundinaria gigantea,South Carolina
PLANT-00102,arundinaria gigantea,Tennessee
PLANT-00102,arundinaria gigantea,Texas
PLANT-00102,arundinaria gigantea,Virginia
PLANT-00102,arundinaria gigantea,West Virginia
PLANT-00103,asarum canadense,Alabama
PLANT-00103,asarum canadense,Arkansas
PLANT-00103,asarum canadense,Connecticut
PLANT-00103,asarum canadense,Delaware
PLANT-00103,asarum canadense,Georgia
PLANT-00103,asarum canadense,Illinois
PLANT-00103,asarum canadense,Indiana
PLANT-00103,asarum canadense,Iowa
PLANT-00103,asarum canadense,Kansas
PLANT-00103,asarum canadense,Kentucky
PLANT-00103,asarum canadense,Louisiana
PLANT-00103,asarum canadense,Maine
PLANT-00103,asarum canadense,Maryland
PLANT-00103,asarum canadense,Massachusetts
PLANT-00103,asarum canadense,Michigan
PLANT-00103,asarum canadense,Minnesota
PLANT-00103,asarum canadense,Mississippi
PLANT-00103,asarum canadense,Missouri
PLANT-00103,asarum canadense,New Hampshire
PLANT-00103,asarum canadense,New Jersey
PLANT-00103,asarum canadense,New York
PLANT-00103,asarum canadense,North Carolina
PLANT-00103,asarum canadense,North Dakota
PLANT-00103,asarum canadense,Ohio
PLANT-00103,asarum canadense,Oklahoma
PLANT-00103,asarum canadense,Pennsylvania
PLANT-00103,asarum canadense,Rhode Island
PLANT-00103,asarum canadense,South Carolina
PLANT-00103,asarum canadense,South Dakota
PLANT-00103,asarum canadense,Tennessee
PLANT-00103,asarum canadense,Vermont
PLANT-00103,asarum canadense,Virginia
PLANT-00103,asarum canadense,West Virginia
PLANT-00103,asarum canadense,Wisconsin
PLANT-00104,asarum caudatum,California
PLANT-00104,asarum caudatum,Idaho
PLANT-00104,asarum caudatum,Montana
PLANT-00104,asarum caudatum,Oregon
PLANT-00104,asarum caudatum,Washington
PLANT-00105,asarum shuttleworthii,Alabama
PLANT-00105,asarum shuttleworthii,Georgia
PLANT-00105,asarum shuttleworthii,New York
PLANT-00105,asarum shuttleworthii,North Carolina
PLANT-00105,asarum shuttleworthii,South Carolina
PLANT-00105,asarum shuttleworthii,Tennessee
PLANT-00105,asarum shuttleworthii,Virginia
PLANT-00106,asclepias hirtella,Alabama
PLANT-00106,asclepias hirtella,Arkansas
PLANT-00106,asclepias hirtella,Georgia
PLANT-00106,asclepias hirtella,Illinois
PLANT-00106,asclepias hirtella,Indiana
PLANT-00106,asclepias hirtella,Iowa
PLANT-00106,asclepias hirtella,Kansas
PLANT-00106,asclepias hirtella,Kentucky
PLANT-00106,asclepias hirtella,Louisiana
PLANT-00106,asclepias hirtella,Michigan
PLANT-00106,asclepias hirtella,Minnesota
PLANT-00106,asclepias hirtella,Mississippi
PLANT-00106,asclepias hirtella,Missouri
PLANT-00106,asclepias hirtella,Ohio
PLANT-00106,asclepias hirtella,Oklahoma
PLANT-00106,asclepias hirtella,Tennessee
PLANT-00106,asclepias hirtella,West Virginia
PLANT-00106,asclepias hirtella,Wisconsin
PLANT-00107,asclepias incarnata,Alabama
PLANT-00107,asclepias incarnata,Arkansas
PLANT-00107,asclepias incarnata,Colorado
PLANT-00107,asclepias incarnata,Connecticut
PLANT-00107,asclepias incarnata,Delaware
PLANT-00107,asclepias incarnata,Florida
PLANT-00107,asclepias incarnata,Georgia
PLANT-00107,asclepias incarnata,Idaho
PLANT-00107,asclepias incarnata,Illinois
PLANT-00107,asclepias incarnata,Indiana
PLANT-00107,asclepias incarnata,Iowa
PLANT-00107,asclepias incarnata,Kansas
PLANT-00107,asclepias incarnata,Kentucky
PLANT-00107,asclepias incarnata,Louisiana
PLANT-00107,asclepias incarnata,Maine
PLANT-00107,asclepias incarnata,Maryland
PLANT-00107,asclepias incarnata,Massachusetts
PLANT-00107,asclepias incarnata,Michigan
PLANT-00107,asclepias incarnata,Minnesota
PLANT-00107,asclepias incarnata,Missouri
PLANT-00107,asclepias incarnata,Montana
PLANT-00107,asclepias incarnata,Nebraska
PLANT-00107,asclepias incarnata,Nevada
PLANT-00107,asclepias incarnata,New Hampshire
PLANT-00107,asclepias incarnata,New Jersey
PLANT-00107,asclepias incarnata,New Mexico
PLANT-00107,asclepias incarnata,New York
PLANT-00107,asclepias incarnata,North Carolina
PLANT-00107,asclepias incarnata,North Dakota
PLANT-00107,asclepias incarnata,Ohio
PLANT-00107,asclepias incarnata,Oklahoma
PLANT-00107,asclepias incarnata,Pennsylvania
PLANT-00107,asclepias incarnata,South Dakota
PLANT-00107,asclepias incarnata,Tennessee
PLANT-00107,asclepias incarnata,Texas
PLANT-00107,asclepias incarnata,Utah
PLANT-00107,asclepias incarnata,Vermont
PLANT-00107,asclepias incarnata,Virginia
PLANT-00107,asclepias incarnata,West Virginia
PLANT-00107,asclepias incarnata,Wisconsin
PLANT-00107,asclepias incarnata,Wyoming
PLANT-00108,asclepias purpurascens,Arkansas
PLANT-00108,asclepias purpurascens,Connecticut
PLANT-00108,asclepias purpurascens,Delaware
PLANT-00108,asclepias purpurascens,Georgia
PLANT-00108,asclepias purpurascens,Illinois
PLANT-00108,asclepias purpurascens,Indiana
PLANT-00108,asclepias purpurascens,Iowa
PLANT-00108,asclepias purpurascens,Kansas
PLANT-00108,asclepias purpurascens,Kentucky
PLANT-00108,asclepias purpurascens,Louisiana
PLANT-00108,asclepias purpurascens,Maine
PLANT-00108,asclepias purpurascens,Maryland
PLANT-00108,asclepias purpurascens,Massachusetts
PLANT-00108,asclepias purpurascens,Michigan
PLANT-00108,asclepias purpurascens,Minnesota
PLANT-00108,asclepias purpurascens,Mississippi
PLANT-00108,asclepias purpurascens,Missouri
PLANT-00108,asclepias purpurascens,Nebraska
PLANT-00108,asclepias purpurascens,New Hampshire
PLANT-00108,asclepias purpurascens,New Jersey
PLANT-00108,asclepias purpurascens,New York
PLANT-00108,asclepias purpurascens,North Carolina
PLANT-00108,asclepias purpurascens,Ohio
PLANT-00108,asclepias purpurascens,Oklahoma
PLANT-00108,asclepias purpurascens,Pennsylvania
PLANT-00108,asclepias purpurascens,Rhode Island
PLANT-00108,asclepias purpurascens,South Dakota
PLANT-00108,asclepias purpurascens,Tennessee
PLANT-00108,asclepias purpurascens,Texas
PLANT-00108,asclepias purpurascens,Virginia
PLANT-00108,asclepias purpurascens,West Virginia
PLANT-00108,asclepias purpurascens,Wisconsin
PLANT-00109,asclepias quadrifolia,Alabama
PLANT-00109,asclepias quadrifolia,Arkansas
PLANT-00109,asclepias quadrifolia,Connecticut
PLANT-00109,asclepias quadrifolia,Delaware
PLANT-00109,asclepias quadrifolia,Georgia
PLANT-00109,asclepias quadrifolia,Illinois
PLANT-00109,asclepias quadrifolia,Indiana
PLANT-00109,asclepias quadrifolia,Iowa
PLANT-00109,asclepias quadrifolia,Kansas
PLANT-00109,asclepias quadrifolia,Kentucky
PLANT-00109,asclepias quadrifolia,Maryland
PLANT-00109,asclepias quadrifolia,Massachusetts
PLANT-00109,asclepias quadrifolia,Minnesota
PLANT-00109,asclepias quadrifolia,Missouri
PLANT-00109,asclepias quadrifolia,New Hampshire
PLANT-00109,asclepias quadrifolia,New Jersey
PLANT-00109,asclepias quadrifolia,New York
PLANT-00109,asclepias quadrifolia,North Carolina
PLANT-00109,asclepias quadrifolia,Ohio
PLANT-00109,asclepias quadrifolia,Oklahoma
PLANT-00109,asclepias quadrifolia,Pennsylvania
PLANT-00109,asclepias quadrifolia,Rhode Island
PLANT-00109,asclepias quadrifolia,South Carolina
PLANT-00109,asclepias quadrifolia,Tennessee
PLANT-00109,asclepias quadrifolia,Vermont
PLANT-00109,asclepias quadrifolia,Virginia
PLANT-00109,asclepias quadrifolia,West Virginia
PLANT-00110,asclepias speciosa,Arizona
PLANT-00110,asclepias speciosa,California
PLANT-00110,asclepias speciosa,Colorado
PLANT-00110,asclepias speciosa,Idaho
PLANT-00110,asclepias speciosa,Illinois
PLANT-00110,asclepias speciosa,Iowa
PLANT-00110,asclepias speciosa,Kansas
PLANT-00110,asclepias speciosa,Michigan
PLANT-00110,asclepias speciosa,Minnesota
PLANT-00110,asclepias speciosa,Missouri
PLANT-00110,asclepias speciosa,Montana
PLANT-00110,asclepias speciosa,Nevada
PLANT-00110,asclepias speciosa,New Mexico
PLANT-00110,asclepias speciosa,North Dakota
PLANT-00110,asclepias speciosa,Oklahoma
PLANT-00110,asclepias speciosa,Oregon
PLANT-00110,asclepias speciosa,South Dakota
PLANT-00110,asclepias speciosa,Texas
PLANT-00110,asclepias speciosa,Utah
PLANT-00110,asclepias speciosa,Washington
PLANT-00110,asclepias speciosa,Wisconsin
PLANT-00110,asclepias speciosa,Wyoming
PLANT-00111,asclepias sullivantii,Arkansas
PLANT-00111,asclepias sullivantii,Illinois
PLANT-00111,asclepias sullivantii,Indiana
PLANT-00111,asclepias sullivantii,Iowa
PLANT-00111,asclepias sullivantii,Kansas
PLANT-00111,asclepias sullivantii,Michigan
PLANT-00111,asclepias sullivantii,Minnesota
PLANT-00111,asclepias sullivantii,Missouri
PLANT-00111,asclepias sullivantii,Nebraska
PLANT-00111,asclepias sullivantii,North Dakota
PLANT-00111,asclepias sullivantii,Ohio
PLANT-00111,asclepias sullivantii,Oklahoma
PLANT-00111,asclepias sullivantii,South Dakota
PLANT-00111,asclepias sullivantii,Wisconsin
PLANT-00112,asclepias syriaca,Alabama
PLANT-00112,asclepias syriaca,Arkansas
PLANT-00112,asclepias syriaca,Connecticut
PLANT-00112,asclepias syriaca,Delaware
PLANT-00112,asclepias syriaca,Georgia
PLANT-00112,asclepias syriaca,Illinois
PLANT-00112,asclepias syriaca,Indiana
PLANT-00112,asclepias syriaca,Iowa
PLANT-00112,asclepias syriaca,Kansas
PLANT-00112,asclepias syriaca,Kentucky
PLANT-00112,asclepias syriaca,Louisiana
PLANT-00112,asclepias syriaca,Maine
PLANT-00112,asclepias syriaca,Maryland
PLANT-00112,asclepias syriaca,Massachusetts
PLANT-00112,asclepias syriaca,Michigan
PLANT-00112,asclepias syriaca,Minnesota
PLANT-00112,asclepias syriaca,Mississippi
PLANT-00112,asclepias syriaca,Missouri
PLANT-00112,asclepias syriaca,Montana
PLANT-00112,asclepias syriaca,Nebraska
PLANT-00112,asclepias syriaca,New Hampshire
PLANT-00112,asclepias syriaca,New Jersey
PLANT-00112,asclepias syriaca,New York
PLANT-00112,asclepias syriaca,North Carolina
PLANT-00112,asclepias syriaca,North Dakota
PLANT-00112,asclepias syriaca,Ohio
PLANT-00112,asclepias syriaca,Oklahoma
PLANT-00112,asclepias syriaca,Oregon
PLANT-00112,asclepias syriaca,Pennsylvania
PLANT-00112,asclepias syriaca,Rhode Island
PLANT-00112,asclepias syriaca,South Carolina
PLANT-00112,asclepias syriaca,South Dakota
PLANT-00112,asclepias syriaca,Tennessee
PLANT-00112,asclepias syriaca,Texas
PLANT-00112,asclepias syriaca,Vermont
PLANT-00112,asclepias syriaca,Virginia
PLANT-00112,asclepias syriaca,West Virginia
PLANT-00112,asclepias syriaca,Wisconsin
PLANT-00113,asclepias tuberosa,Alabama
PLANT-00113,asclepias tuberosa,Arizona
PLANT-00113,asclepias tuberosa,Arkansas
PLANT-00113,asclepias tuberosa,California
PLANT-00113,asclepias tuberosa,Colorado
PLANT-00113,asclepias tuberosa,Connecticut
PLANT-00113,asclepias tuberosa,Delaware
PLANT-00113,asclepias tuberosa,Florida
PLANT-00113,asclepias tuberosa,Georgia
PLANT-00113,asclepias tuberosa,Illinois
PLANT-00113,asclepias tuberosa,Indiana
PLANT-00113,asclepias tuberosa,Iowa
PLANT-00113,asclepias tuberosa,Kansas
PLANT-00113,asclepias tuberosa,Kentucky
PLANT-00113,asclepias tuberosa,Louisiana
PLANT-00113,asclepias tuberosa,Maine
PLANT-00113,asclepias tuberosa,Maryland
PLANT-00113,asclepias tuberosa,Michigan
PLANT-00113,asclepias tuberosa,Minnesota
PLANT-00113,asclepias tuberosa,Mississippi
PLANT-00113,asclepias tuberosa,Missouri
PLANT-00113,asclepias tuberosa,Nebraska
PLANT-00113,asclepias tuberosa,New Hampshire
PLANT-00113,asclepias tuberosa,New Jersey
PLANT-00113,asclepias tuberosa,New Mexico
PLANT-00113,asclepias tuberosa,New York
PLANT-00113,asclepias tuberosa,North Carolina
PLANT-00113,asclepias tuberosa,Ohio
PLANT-00113,asclepias tuberosa,Oklahoma
PLANT-00113,asclepias tuberosa,Pennsylvania
PLANT-00113,asclepias tuberosa,Rhode Island
PLANT-00113,asclepias tuberosa,South Carolina
PLANT-00113,asclepias tuberosa,South Dakota
PLANT-00113,asclepias tuberosa,Tennessee
PLANT-00113,asclepias tuberosa,Texas
PLANT-00113,asclepias tuberosa,Utah
PLANT-00113,asclepias tuberosa,Vermont
PLANT-00113,asclepias tuberosa,Virginia
PLANT-00113,asclepias tuberosa,West Virginia
PLANT-00113,asclepias tuberosa,Wisconsin
PLANT-00114,asclepias verticillata,Alabama
PLANT-00114,asclepias verticillata,Arizona
PLANT-00114,asclepias verticillata,Arkansas
PLANT-00114,asclepias verticillata,Connecticut
PLANT-00114,asclepias verticillata,Delaware
PLANT-00114,asclepias verticillata,Florida
PLANT-00114,asclepias verticillata,Georgia
PLANT-00114,asclepias verticillata,Illinois
PLANT-00114,asclepias verticillata,Indiana
PLANT-00114,asclepias verticillata,Iowa
PLANT-00114,asclepias verticillata,Kansas
PLANT-00114,asclepias verticillata,Kentucky
PLANT-00114,asclepias verticillata,Louisiana
PLANT-00114,asclepias verticillata,Maryland
PLANT-00114,asclepias verticillata,Massachusetts
PLANT-00114,asclepias verticillata,Michigan
PLANT-00114,asclepias verticillata,Minnesota
PLANT-00114,asclepias verticillata,Mississippi
PLANT-00114,asclepias verticillata,Missouri
PLANT-00114,asclepias verticillata,Montana
PLANT-00114,asclepias verticillata,Nebraska
PLANT-00114,asclepias verticillata,New Jersey
PLANT-00114,asclepias verticillata,New Mexico
PLANT-00114,asclepias verticillata,New York
PLANT-00114,asclepias verticillata,North Carolina
PLANT-00114,asclepias verticillata,North Dakota
PLANT-00114,asclepias verticillata,Ohio
PLANT-00114,asclepias verticillata,Oklahoma
PLANT-00114,asclepias verticillata,Pennsylvania
PLANT-00114,asclepias verticillata,Rhode Island
PLANT-00114,asclepias verticillata,South Carolina
PLANT-00114,asclepias verticillata,South Dakota
PLANT-00114,asclepias verticillata,Tennessee
PLANT-00114,asclepias verticillata,Texas
PLANT-00114,asclepias verticillata,Vermont
PLANT-00114,asclepias verticillata,Virginia
PLANT-00114,asclepias verticillata,West Virginia
PLANT-00114,asclepias verticillata,Wisconsin
PLANT-00114,asclepias verticillata,Wyoming
PLANT-00115,asclepias viridis,Alabama
PLANT-00115,asclepias viridis,Arkansas
PLANT-00115,asclepias viridis,Florida
PLANT-00115,asclepias viridis,Georgia
PLANT-00115,asclepias viridis,Illinois
PLANT-00115,asclepias viridis,Indiana
PLANT-00115,asclepias viridis,Kansas
PLANT-00115,asclepias viridis,Kentucky
PLANT-00115,asclepias viridis,Louisiana
PLANT-00115,asclepias viridis,Mississippi
PLANT-00115,asclepias viridis,Missouri
PLANT-00115,asclepias viridis,Nebraska
PLANT-00115,asclepias viridis,New Mexico
PLANT-00115,asclepias viridis,Ohio
PLANT-00115,asclepias viridis,Oklahoma
PLANT-00115,asclepias viridis,South Carolina
PLANT-00115,asclepias viridis,Tennessee
PLANT-00115,asclepias viridis,Texas
PLANT-00115,asclepias viridis,West Virginia
PLANT-00116,asimina triloba,Alabama
PLANT-00116,asimina triloba,Arkansas
PLANT-00116,asimina triloba,Delaware
PLANT-00116,asimina triloba,Florida
PLANT-00116,asimina triloba,Georgia
PLANT-00116,asimina triloba,Illinois
PLANT-00116,asimina triloba,Indiana
PLANT-00116,asimina triloba,Iowa
PLANT-00116,asimina triloba,Kansas
PLANT-00116,asimina triloba,Kentucky
PLANT-00116,asimina triloba,Louisiana
PLANT-00116,asimina triloba,Maryland
PLANT-00116,asimina triloba,Michigan
PLANT-00116,asimina triloba,Mississippi
PLANT-00116,asimina triloba,Missouri
PLANT-00116,asimina triloba,Nebraska
PLANT-00116,asimina triloba,New York
PLANT-00116,asimina triloba,North Carolina
PLANT-00116,asimina triloba,Ohio
PLANT-00116,asimina triloba,Oklahoma
PLANT-00116,asimina triloba,Pennsylvania
PLANT-00116,asimina triloba,South Carolina
PLANT-00116,asimina triloba,Tennessee
PLANT-00116,asimina triloba,Texas
PLANT-00116,asimina triloba,Virginia
PLANT-00116,asimina triloba,West Virginia
PLANT-00117,asplenium nidus,Hawaii
PLANT-00118,asplenium platyneuron,Alabama
PLANT-00118,asplenium platyneuron,Arizona
PLANT-00118,asplenium platyneuron,Arkansas
PLANT-00118,asplenium platyneuron,Colorado
PLANT-00118,asplenium platyneuron,Connecticut
PLANT-00118,asplenium platyneuron,Delaware
PLANT-00118,asplenium platyneuron,Georgia
PLANT-00118,asplenium platyneuron,Illinois
PLANT-00118,asplenium platyneuron,Indiana
PLANT-00118,asplenium platyneuron,Iowa
PLANT-00118,asplenium platyneuron,Kansas
PLANT-00118,asplenium platyneuron,Kentucky
PLANT-00118,asplenium platyneuron,Louisiana
PLANT-00118,asplenium platyneuron,Maine
PLANT-00118,asplenium platyneuron,Maryland
PLANT-00118,asplenium platyneuron,Massachusetts
PLANT-00118,asplenium platyneuron,Michigan
PLANT-00118,asplenium platyneuron,Minnesota
PLANT-00118,asplenium platyneuron,Mississippi
PLANT-00118,asplenium platyneuron,Missouri
PLANT-00118,asplenium platyneuron,Nebraska
PLANT-00118,asplenium platyneuron,New Hampshire
PLANT-00118,asplenium platyneuron,New Jersey
PLANT-00118,asplenium platyneuron,New Mexico
PLANT-00118,asplenium platyneuron,New York
PLANT-00118,asplenium platyneuron,North Carolina
PLANT-00118,asplenium platyneuron,Ohio
PLANT-00118,asplenium platyneuron,Oklahoma
PLANT-00118,asplenium platyneuron,Pennsylvania
PLANT-00118,asplenium platyneuron,Rhode Island
PLANT-00118,asplenium platyneuron,South Carolina
PLANT-00118,asplenium platyneuron,Tennessee
PLANT-00118,asplenium platyneuron,Texas
PLANT-00118,asplenium platyneuron,Vermont
PLANT-00118,asplenium platyneuron,Virginia
PLANT-00118,asplenium platyneuron,West Virginia
PLANT-00118,asplenium platyneuron,Wisconsin
PLANT-00119,asplenium scolopendrium,Alabama
PLANT-00119,asplenium scolopendrium,Michigan
PLANT-00119,asplenium scolopendrium,New Jersey
PLANT-00119,asplenium scolopendrium,New York
PLANT-00119,asplenium scolopendrium,Tennessee
PLANT-00120,asplenium trichomanes,Alabama
PLANT-00120,asplenium trichomanes,Alaska
PLANT-00120,asplenium trichomanes,Arizona
PLANT-00120,asplenium trichomanes,Arkansas
PLANT-00120,asplenium trichomanes,California
PLANT-00120,asplenium trichomanes,Colorado
PLANT-00120,asplenium trichomanes,Connecticut
PLANT-00120,asplenium trichomanes,Delaware
PLANT-00120,asplenium trichomanes,Florida
PLANT-00120,asplenium trichomanes,Georgia
PLANT-00120,asplenium trichomanes,Idaho
PLANT-00120,asplenium trichomanes,Illinois
PLANT-00120,asplenium trichomanes,Indiana
PLANT-00120,asplenium trichomanes,Kansas
PLANT-00120,asplenium trichomanes,Kentucky
PLANT-00120,asplenium trichomanes,Louisiana
PLANT-00120,asplenium trichomanes,Maine
PLANT-00120,asplenium trichomanes,Maryland
PLANT-00120,asplenium trichomanes,Massachusetts
PLANT-00120,asplenium trichomanes,Michigan
PLANT-00120,asplenium trichomanes,Minnesota
PLANT-00120,asplenium trichomanes,Mississippi
PLANT-00120,asplenium trichomanes,Missouri
PLANT-00120,asplenium trichomanes,Montana
PLANT-00120,asplenium trichomanes,New Hampshire
PLANT-00120,asplenium trichomanes,New Jersey
PLANT-00120,asplenium trichomanes,New Mexico
PLANT-00120,asplenium trichomanes,New York
PLANT-00120,asplenium trichomanes,North Carolina
PLANT-00120,asplenium trichomanes,Ohio
PLANT-00120,asplenium trichomanes,Oklahoma
PLANT-00120,asplenium trichomanes,Oregon
PLANT-00120,asplenium trichomanes,Pennsylvania
PLANT-00120,asplenium trichomanes,Rhode Island
PLANT-00120,asplenium trichomanes,South Carolina
PLANT-00120,asplenium trichomanes,South Dakota
PLANT-00120,asplenium trichomanes,Tennessee
PLANT-00120,asplenium trichomanes,Texas
PLANT-00120,asplenium trichomanes,Utah
PLANT-00120,asplenium trichomanes,Vermont
PLANT-00120,asplenium trichomanes,Virginia
PLANT-00120,asplenium trichomanes,Washington
PLANT-00120,asplenium trichomanes,West Virginia
PLANT-00120,asplenium trichomanes,Wisconsin
PLANT-00120,asplenium trichomanes,Wyoming
PLANT-00121,asplenium ã— ebenoides,Alabama
PLANT-00121,asplenium ã— ebenoides,Arkansas
PLANT-00121,asplenium ã— ebenoides,Connecticut
PLANT-00121,asplenium ã— ebenoides,Georgia
PLANT-00121,asplenium ã— ebenoides,Illinois
PLANT-00121,asplenium ã— ebenoides,Indiana
PLANT-00121,asplenium ã— ebenoides,Kentucky
PLANT-00121,asplenium ã— ebenoides,Maryland
PLANT-00121,asplenium ã— ebenoides,Massachusetts
PLANT-00121,asplenium ã— ebenoides,Mississippi
PLANT-00121,asplenium ã— ebenoides,Missouri
PLANT-00121,asplenium ã— ebenoides,New Hampshire
PLANT-00121,asplenium ã— ebenoides,New Jersey
PLANT-00121,asplenium ã— ebenoides,New York
PLANT-00121,asplenium ã— ebenoides,North Carolina
PLANT-00121,asplenium ã— ebenoides,Ohio
PLANT-00121,asplenium ã— ebenoides,Pennsylvania
PLANT-00121,asplenium ã— ebenoides,Tennessee
PLANT-00121,asplenium ã— ebenoides,Vermont
PLANT-00121,asplenium ã— ebenoides,Virginia
PLANT-00121,asplenium ã— ebenoides,West Virginia
PLANT-00122,aster alpinus,Alaska
PLANT-00122,aster alpinus,Colorado
PLANT-00122,aster alpinus,Idaho
PLANT-00122,aster alpinus,Montana
PLANT-00122,aster alpinus,Wyoming
PLANT-00123,astragalus bisulcatus,Arizona
PLANT-00123,astragalus bisulcatus,Colorado
PLANT-00123,astragalus bisulcatus,Idaho
PLANT-00123,astragalus bisulcatus,Kansas
PLANT-00123,astragalus bisulcatus,Montana
PLANT-00123,astragalus bisulcatus,Nebraska
PLANT-00123,astragalus bisulcatus,New Mexico
PLANT-00123,astragalus bisulcatus,North Dakota
PLANT-00123,astragalus bisulcatus,Oklahoma
PLANT-00123,astragalus bisulcatus,South Dakota
PLANT-00123,astragalus bisulcatus,Utah
PLANT-00123,astragalus bisulcatus,Wyoming
PLANT-00124,astragalus canadensis,Alabama
PLANT-00124,astragalus canadensis,Arkansas
PLANT-00124,astragalus canadensis,California
PLANT-00124,astragalus canadensis,Colorado
PLANT-00124,astragalus canadensis,Connecticut
PLANT-00124,astragalus canadensis,Georgia
PLANT-00124,astragalus canadensis,Idaho
PLANT-00124,astragalus canadensis,Illinois
PLANT-00124,astragalus canadensis,Indiana
PLANT-00124,astragalus canadensis,Iowa
PLANT-00124,astragalus canadensis,Kansas
PLANT-00124,astragalus canadensis,Kentucky
PLANT-00124,astragalus canadensis,Louisiana
PLANT-00124,astragalus canadensis,Maryland
PLANT-00124,astragalus canadensis,Michigan
PLANT-00124,astragalus canadensis,Minnesota
PLANT-00124,astragalus canadensis,Mississippi
PLANT-00124,astragalus canadensis,Missouri
PLANT-00124,astragalus canadensis,Montana
PLANT-00124,astragalus canadensis,Nebraska
PLANT-00124,astragalus canadensis,Nevada
PLANT-00124,astragalus canadensis,New Jersey
PLANT-00124,astragalus canadensis,New Mexico
PLANT-00124,astragalus canadensis,New York
PLANT-00124,astragalus canadensis,North Carolina
PLANT-00124,astragalus canadensis,North Dakota
PLANT-00124,astragalus canadensis,Ohio
PLANT-00124,astragalus canadensis,Oklahoma
PLANT-00124,astragalus canadensis,Oregon
PLANT-00124,astragalus canadensis,Pennsylvania
PLANT-00124,astragalus canadensis,South Carolina
PLANT-00124,astragalus canadensis,South Dakota
PLANT-00124,astragalus canadensis,Tennessee
PLANT-00124,astragalus canadensis,Texas
PLANT-00124,astragalus canadensis,Utah
PLANT-00124,astragalus canadensis,Vermont
PLANT-00124,astragalus canadensis,Virginia
PLANT-00124,astragalus canadensis,Washington
PLANT-00124,astragalus canadensis,West Virginia
PLANT-00124,astragalus canadensis,Wisconsin
PLANT-00124,astragalus canadensis,Wyoming
PLANT-00125,astragalus crassicarpus,Arizona
PLANT-00125,astragalus crassicarpus,Arkansas
PLANT-00125,astragalus crassicarpus,Colorado
PLANT-00125,astragalus crassicarpus,Illinois
PLANT-00125,astragalus crassicarpus,Iowa
PLANT-00125,astragalus crassicarpus,Kansas
PLANT-00125,astragalus crassicarpus,Louisiana
PLANT-00125,astragalus crassicarpus,Minnesota
PLANT-00125,astragalus crassicarpus,Missouri
PLANT-00125,astragalus crassicarpus,Montana
PLANT-00125,astragalus crassicarpus,Nebraska
PLANT-00125,astragalus crassicarpus,New Mexico
PLANT-00125,astragalus crassicarpus,North Dakota
PLANT-00125,astragalus crassicarpus,Oklahoma
PLANT-00125,astragalus crassicarpus,South Dakota
PLANT-00125,astragalus crassicarpus,Texas
PLANT-00125,astragalus crassicarpus,Wisconsin
PLANT-00125,astragalus crassicarpus,Wyoming
PLANT-00126,athyrium asplenioides,Alabama
PLANT-00126,athyrium asplenioides,Arkansas
PLANT-00126,athyrium asplenioides,Connecticut
PLANT-00126,athyrium asplenioides,Delaware
PLANT-00126,athyrium asplenioides,Florida
PLANT-00126,athyrium asplenioides,Georgia
PLANT-00126,athyrium asplenioides,Illinois
PLANT-00126,athyrium asplenioides,Indiana
PLANT-00126,athyrium asplenioides,Kansas
PLANT-00126,athyrium asplenioides,Kentucky
PLANT-00126,athyrium asplenioides,Louisiana
PLANT-00126,athyrium asplenioides,Maryland
PLANT-00126,athyrium asplenioides,Massachusetts
PLANT-00126,athyrium asplenioides,Mississippi
PLANT-00126,athyrium asplenioides,Missouri
PLANT-00126,athyrium asplenioides,New Jersey
PLANT-00126,athyrium asplenioides,New York
PLANT-00126,athyrium asplenioides,North Carolina
PLANT-00126,athyrium asplenioides,Ohio
PLANT-00126,athyrium asplenioides,Oklahoma
PLANT-00126,athyrium asplenioides,Pennsylvania
PLANT-00126,athyrium asplenioides,Rhode Island
PLANT-00126,athyrium asplenioides,South Carolina
PLANT-00126,athyrium asplenioides,Tennessee
PLANT-00126,athyrium asplenioides,Texas
PLANT-00126,athyrium asplenioides,Virginia
PLANT-00126,athyrium asplenioides,West Virginia
PLANT-00127,athyrium filix-femina,Alabama
PLANT-00127,athyrium filix-femina,Alaska
PLANT-00127,athyrium filix-femina,Arizona
PLANT-00127,athyrium filix-femina,Arkansas
PLANT-00127,athyrium filix-femina,California
PLANT-00127,athyrium filix-femina,Colorado
PLANT-00127,athyrium filix-femina,Connecticut
PLANT-00127,athyrium filix-femina,Delaware
PLANT-00127,athyrium filix-femina,Florida
PLANT-00127,athyrium filix-femina,Georgia
PLANT-00127,athyrium filix-femina,Idaho
PLANT-00127,athyrium filix-femina,Illinois
PLANT-00127,athyrium filix-femina,Indiana
PLANT-00127,athyrium filix-femina,Iowa
PLANT-00127,athyrium filix-femina,Kansas
PLANT-00127,athyrium filix-femina,Kentucky
PLANT-00127,athyrium filix-femina,Louisiana
PLANT-00127,athyrium filix-femina,Maine
PLANT-00127,athyrium filix-femina,Maryland
PLANT-00127,athyrium filix-femina,Michigan
PLANT-00127,athyrium filix-femina,Minnesota
PLANT-00127,athyrium filix-femina,Mississippi
PLANT-00127,athyrium filix-femina,Missouri
PLANT-00127,athyrium filix-femina,Montana
PLANT-00127,athyrium filix-femina,Nebraska
PLANT-00127,athyrium filix-femina,Nevada
PLANT-00127,athyrium filix-femina,New Hampshire
PLANT-00127,athyrium filix-femina,New Jersey
PLANT-00127,athyrium filix-femina,New Mexico
PLANT-00127,athyrium filix-femina,New York
PLANT-00127,athyrium filix-femina,North Carolina
PLANT-00127,athyrium filix-femina,North Dakota
PLANT-00127,athyrium filix-femina,Ohio
PLANT-00127,athyrium filix-femina,Oklahoma
PLANT-00127,athyrium filix-femina,Oregon
PLANT-00127,athyrium filix-femina,Pennsylvania
PLANT-00127,athyrium filix-femina,Rhode Island
PLANT-00127,athyrium filix-femina,South Carolina
PLANT-00127,athyrium filix-femina,South Dakota
PLANT-00127,athyrium filix-femina,Tennessee
PLANT-00127,athyrium filix-femina,Texas
PLANT-00127,athyrium filix-femina,Utah
PLANT-00127,athyrium filix-femina,Vermont
PLANT-00127,athyrium filix-femina,Virginia
PLANT-00127,athyrium filix-femina,Washington
PLANT-00127,athyrium filix-femina,West Virginia
PLANT-00127,athyrium filix-femina,Wisconsin
PLANT-00127,athyrium filix-femina,Wyoming
PLANT-00128,athyrium filix-femina var. angustum,Colorado
PLANT-00128,athyrium filix-femina var. angustum,Connecticut
PLANT-00128,athyrium filix-femina var. angustum,Delaware
PLANT-00128,athyrium filix-femina var. angustum,Illinois
PLANT-00128,athyrium filix-femina var. angustum,Indiana
PLANT-00128,athyrium filix-femina var. angustum,Iowa
PLANT-00128,athyrium filix-femina var. angustum,Kentucky
PLANT-00128,athyrium filix-femina var. angustum,Maine
PLANT-00128,athyrium filix-femina var. angustum,Maryland
PLANT-00128,athyrium filix-femina var. angustum,Massachusetts
PLANT-00128,athyrium filix-femina var. angustum,Michigan
PLANT-00128,athyrium filix-femina var. angustum,Minnesota
PLANT-00128,athyrium filix-femina var. angustum,Missouri
PLANT-00128,athyrium filix-femina var. angustum,New Hampshire
PLANT-00128,athyrium filix-femina var. angustum,New Jersey
PLANT-00128,athyrium filix-femina var. angustum,New York
PLANT-00128,athyrium filix-femina var. angustum,North Carolina
PLANT-00128,athyrium filix-femina var. angustum,North Dakota
PLANT-00128,athyrium filix-femina var. angustum,Ohio
PLANT-00128,athyrium filix-femina var. angustum,Pennsylvania
PLANT-00128,athyrium filix-femina var. angustum,Rhode Island
PLANT-00128,athyrium filix-femina var. angustum,South Dakota
PLANT-00128,athyrium filix-femina var. angustum,Tennessee
PLANT-00128,athyrium filix-femina var. angustum,Vermont
PLANT-00128,athyrium filix-femina var. angustum,Virginia
PLANT-00128,athyrium filix-femina var. angustum,West Virginia
PLANT-00128,athyrium filix-femina var. angustum,Wisconsin
PLANT-00129,athyrium thelypterioides,Alabama
PLANT-00129,athyrium thelypterioides,Arkansas
PLANT-00129,athyrium thelypterioides,Connecticut
PLANT-00129,athyrium thelypterioides,Delaware
PLANT-00129,athyrium thelypterioides,Georgia
PLANT-00129,athyrium thelypterioides,Illinois
PLANT-00129,athyrium thelypterioides,Indiana
PLANT-00129,athyrium thelypterioides,Iowa
PLANT-00129,athyrium thelypterioides,Kentucky
PLANT-00129,athyrium thelypterioides,Louisiana
PLANT-00129,athyrium thelypterioides,Maine
PLANT-00129,athyrium thelypterioides,Maryland
PLANT-00129,athyrium thelypterioides,Massachusetts
PLANT-00129,athyrium thelypterioides,Michigan
PLANT-00129,athyrium thelypterioides,Minnesota
PLANT-00129,athyrium thelypterioides,Mississippi
PLANT-00129,athyrium thelypterioides,Missouri
PLANT-00129,athyrium thelypterioides,New Hampshire
PLANT-00129,athyrium thelypterioides,New Jersey
PLANT-00129,athyrium thelypterioides,New York
PLANT-00129,athyrium thelypterioides,North Carolina
PLANT-00129,athyrium thelypterioides,Ohio
PLANT-00129,athyrium thelypterioides,Pennsylvania
PLANT-00129,athyrium thelypterioides,Rhode Island
PLANT-00129,athyrium thelypterioides,South Carolina
PLANT-00129,athyrium thelypterioides,Tennessee
PLANT-00129,athyrium thelypterioides,Vermont
PLANT-00129,athyrium thelypterioides,Virginia
PLANT-00129,athyrium thelypterioides,West Virginia
PLANT-00129,athyrium thelypterioides,Wisconsin
PLANT-00130,baccharis halimifolia,Alabama
PLANT-00130,baccharis halimifolia,Arkansas
PLANT-00130,baccharis halimifolia,Connecticut
PLANT-00130,baccharis halimifolia,Delaware
PLANT-00130,baccharis halimifolia,Florida
PLANT-00130,baccharis halimifolia,Georgia
PLANT-00130,baccharis halimifolia,Louisiana
PLANT-00130,baccharis halimifolia,Maryland
PLANT-00130,baccharis halimifolia,Massachusetts
PLANT-00130,baccharis halimifolia,Mississippi
PLANT-00130,baccharis halimifolia,New Jersey
PLANT-00130,baccharis halimifolia,New York
PLANT-00130,baccharis halimifolia,North Carolina
PLANT-00130,baccharis halimifolia,Oklahoma
PLANT-00130,baccharis halimifolia,Pennsylvania
PLANT-00130,baccharis halimifolia,Rhode Island
PLANT-00130,baccharis halimifolia,South Carolina
PLANT-00130,baccharis halimifolia,Texas
PLANT-00130,baccharis halimifolia,Virginia
PLANT-00131,baccharis pilularis,California
PLANT-00131,baccharis pilularis,New Mexico
PLANT-00131,baccharis pilularis,Oregon
PLANT-00131,baccharis pilularis,Washington
PLANT-00132,baptisia alba var. macrophylla,Arkansas
PLANT-00132,baptisia alba var. macrophylla,Illinois
PLANT-00132,baptisia alba var. macrophylla,Indiana
PLANT-00132,baptisia alba var. macrophylla,Iowa
PLANT-00132,baptisia alba var. macrophylla,Kansas
PLANT-00132,baptisia alba var. macrophylla,Kentucky
PLANT-00132,baptisia alba var. macrophylla,Louisiana
PLANT-00132,baptisia alba var. macrophylla,Michigan
PLANT-00132,baptisia alba var. macrophylla,Minnesota
PLANT-00132,baptisia alba var. macrophylla,Mississippi
PLANT-00132,baptisia alba var. macrophylla,Missouri
PLANT-00132,baptisia alba var. macrophylla,Nebraska
PLANT-00132,baptisia alba var. macrophylla,New York
PLANT-00132,baptisia alba var. macrophylla,Ohio
PLANT-00132,baptisia alba var. macrophylla,Oklahoma
PLANT-00132,baptisia alba var. macrophylla,Tennessee
PLANT-00132,baptisia alba var. macrophylla,Texas
PLANT-00132,baptisia alba var. macrophylla,Wisconsin
PLANT-00133,baptisia australis,Alabama
PLANT-00133,baptisia australis,Arkansas
PLANT-00133,baptisia australis,Connecticut
PLANT-00133,baptisia australis,Georgia
PLANT-00133,baptisia australis,Illinois
PLANT-00133,baptisia australis,Indiana
PLANT-00133,baptisia australis,Iowa
PLANT-00133,baptisia australis,Kansas
PLANT-00133,baptisia australis,Kentucky
PLANT-00133,baptisia australis,Maryland
PLANT-00133,baptisia australis,Michigan
PLANT-00133,baptisia australis,Missouri
PLANT-00133,baptisia australis,Nebraska
PLANT-00133,baptisia australis,New Hampshire
PLANT-00133,baptisia australis,New Jersey
PLANT-00133,baptisia australis,New York
PLANT-00133,baptisia australis,North Carolina
PLANT-00133,baptisia australis,Ohio
PLANT-00133,baptisia australis,Oklahoma
PLANT-00133,baptisia australis,Pennsylvania
PLANT-00133,baptisia australis,South Carolina
PLANT-00133,baptisia australis,Tennessee
PLANT-00133,baptisia australis,Texas
PLANT-00133,baptisia australis,Vermont
PLANT-00133,baptisia australis,Virginia
PLANT-00133,baptisia australis,West Virginia
PLANT-00134,baptisia australis var. minor,Arkansas
PLANT-00134,baptisia australis var. minor,Illinois
PLANT-00134,baptisia australis var. minor,Iowa
PLANT-00134,baptisia australis var. minor,Kansas
PLANT-00134,baptisia australis var. minor,Kentucky
PLANT-00134,baptisia australis var. minor,Missouri
PLANT-00134,baptisia australis var. minor,Nebraska
PLANT-00134,baptisia australis var. minor,Oklahoma
PLANT-00134,baptisia australis var. minor,Texas
PLANT-00135,baptisia bracteata,Alabama
PLANT-00135,baptisia bracteata,Arkansas
PLANT-00135,baptisia bracteata,Georgia
PLANT-00135,baptisia bracteata,Illinois
PLANT-00135,baptisia bracteata,Indiana
PLANT-00135,baptisia bracteata,Iowa
PLANT-00135,baptisia bracteata,Kansas
PLANT-00135,baptisia bracteata,Kentucky
PLANT-00135,baptisia bracteata,Louisiana
PLANT-00135,baptisia bracteata,Michigan
PLANT-00135,baptisia bracteata,Minnesota
PLANT-00135,baptisia bracteata,Mississippi
PLANT-00135,baptisia bracteata,Missouri
PLANT-00135,baptisia bracteata,Nebraska
PLANT-00135,baptisia bracteata,North Carolina
PLANT-00135,baptisia bracteata,Oklahoma
PLANT-00135,baptisia bracteata,South Carolina
PLANT-00135,baptisia bracteata,Tennessee
PLANT-00135,baptisia bracteata,Texas
PLANT-00135,baptisia bracteata,Wisconsin
PLANT-00136,baptisia bracteata var. leucophaea,Arkansas
PLANT-00136,baptisia bracteata var. leucophaea,Illinois
PLANT-00136,baptisia bracteata var. leucophaea,Indiana
PLANT-00136,baptisia bracteata var. leucophaea,Iowa
PLANT-00136,baptisia bracteata var. leucophaea,Kansas
PLANT-00136,baptisia bracteata var. leucophaea,Kentucky
PLANT-00136,baptisia bracteata var. leucophaea,Louisiana
PLANT-00136,baptisia bracteata var. leucophaea,Massachusetts
PLANT-00136,baptisia bracteata var. leucophaea,Michigan
PLANT-00136,baptisia bracteata var. leucophaea,Minnesota
PLANT-00136,baptisia bracteata var. leucophaea,Mississippi
PLANT-00136,baptisia bracteata var. leucophaea,Missouri
PLANT-00136,baptisia bracteata var. leucophaea,Nebraska
PLANT-00136,baptisia bracteata var. leucophaea,New Jersey
PLANT-00136,baptisia bracteata var. leucophaea,Oklahoma
PLANT-00136,baptisia bracteata var. leucophaea,South Dakota
PLANT-00136,baptisia bracteata var. leucophaea,Tennessee
PLANT-00136,baptisia bracteata var. leucophaea,Texas
PLANT-00136,baptisia bracteata var. leucophaea,Wisconsin
PLANT-00137,baptisia lanceolata,Alabama
PLANT-00137,baptisia lanceolata,Arkansas
PLANT-00137,baptisia lanceolata,Delaware
PLANT-00137,baptisia lanceolata,Florida
PLANT-00137,baptisia lanceolata,Georgia
PLANT-00137,baptisia lanceolata,Kentucky
PLANT-00137,baptisia lanceolata,Louisiana
PLANT-00137,baptisia lanceolata,Maryland
PLANT-00137,baptisia lanceolata,Mississippi
PLANT-00137,baptisia lanceolata,North Carolina
PLANT-00137,baptisia lanceolata,South Carolina
PLANT-00137,baptisia lanceolata,Tennessee
PLANT-00137,baptisia lanceolata,Virginia
PLANT-00138,baptisia perfoliata,Florida
PLANT-00138,baptisia perfoliata,Georgia
PLANT-00138,baptisia perfoliata,South Carolina
PLANT-00139,baptisia sphaerocarpa,Arkansas
PLANT-00139,baptisia sphaerocarpa,Louisiana
PLANT-00139,baptisia sphaerocarpa,Mississippi
PLANT-00139,baptisia sphaerocarpa,Missouri
PLANT-00139,baptisia sphaerocarpa,Oklahoma
PLANT-00139,baptisia sphaerocarpa,Texas
PLANT-00140,baptisia tinctoria,Connecticut
PLANT-00140,baptisia tinctoria,Delaware
PLANT-00140,baptisia tinctoria,Georgia
PLANT-00140,baptisia tinctoria,Illinois
PLANT-00140,baptisia tinctoria,Indiana
PLANT-00140,baptisia tinctoria,Iowa
PLANT-00140,baptisia tinctoria,Kentucky
PLANT-00140,baptisia tinctoria,Louisiana
PLANT-00140,baptisia tinctoria,Maine
PLANT-00140,baptisia tinctoria,Maryland
PLANT-00140,baptisia tinctoria,Massachusetts
PLANT-00140,baptisia tinctoria,Michigan
PLANT-00140,baptisia tinctoria,Minnesota
PLANT-00140,baptisia tinctoria,New Hampshire
PLANT-00140,baptisia tinctoria,New Jersey
PLANT-00140,baptisia tinctoria,New York
PLANT-00140,baptisia tinctoria,North Carolina
PLANT-00140,baptisia tinctoria,Ohio
PLANT-00140,baptisia tinctoria,Pennsylvania
PLANT-00140,baptisia tinctoria,Rhode Island
PLANT-00140,baptisia tinctoria,South Carolina
PLANT-00140,baptisia tinctoria,Tennessee
PLANT-00140,baptisia tinctoria,Vermont
PLANT-00140,baptisia tinctoria,Virginia
PLANT-00140,baptisia tinctoria,West Virginia
PLANT-00140,baptisia tinctoria,Wisconsin
PLANT-00141,berberis aquifolium,California
PLANT-00141,berberis aquifolium,Georgia
PLANT-00141,berberis aquifolium,Idaho
PLANT-00141,berberis aquifolium,Kentucky
PLANT-00141,berberis aquifolium,Michigan
PLANT-00141,berberis aquifolium,Montana
PLANT-00141,berberis aquifolium,New Jersey
PLANT-00141,berberis aquifolium,New York
PLANT-00141,berberis aquifolium,Ohio
PLANT-00141,berberis aquifolium,Oregon
PLANT-00141,berberis aquifolium,Washington
PLANT-00142,berberis dictyota,California
PLANT-00143,berchemia scandens,Alabama
PLANT-00143,berchemia scandens,Arkansas
PLANT-00143,berchemia scandens,Florida
PLANT-00143,berchemia scandens,Georgia
PLANT-00143,berchemia scandens,Illinois
PLANT-00143,berchemia scandens,Kentucky
PLANT-00143,berchemia scandens,Louisiana
PLANT-00143,berchemia scandens,Maryland
PLANT-00143,berchemia scandens,Mississippi
PLANT-00143,berchemia scandens,Missouri
PLANT-00143,berchemia scandens,North Carolina
PLANT-00143,berchemia scandens,Oklahoma
PLANT-00143,berchemia scandens,South Carolina
PLANT-00143,berchemia scandens,Tennessee
PLANT-00143,berchemia scandens,Texas
PLANT-00143,berchemia scandens,Virginia
PLANT-00144,berlandiera lyrata,Arizona
PLANT-00144,berlandiera lyrata,Colorado
PLANT-00144,berlandiera lyrata,Kansas
PLANT-00144,berlandiera lyrata,New Mexico
PLANT-00144,berlandiera lyrata,Oklahoma
PLANT-00144,berlandiera lyrata,Texas
PLANT-00145,berlandiera texana,Arkansas
PLANT-00145,berlandiera texana,Kansas
PLANT-00145,berlandiera texana,Louisiana
PLANT-00145,berlandiera texana,Missouri
PLANT-00145,berlandiera texana,New Mexico
PLANT-00145,berlandiera texana,Oklahoma
PLANT-00145,berlandiera texana,Texas
PLANT-00146,betula lenta,Connecticut
PLANT-00146,betula lenta,Georgia
PLANT-00146,betula lenta,Kentucky
PLANT-00146,betula lenta,Maine
PLANT-00146,betula lenta,Maryland
PLANT-00146,betula lenta,Massachusetts
PLANT-00146,betula lenta,New Hampshire
PLANT-00146,betula lenta,New Jersey
PLANT-00146,betula lenta,New York
PLANT-00146,betula lenta,North Carolina
PLANT-00146,betula lenta,Ohio
PLANT-00146,betula lenta,Pennsylvania
PLANT-00146,betula lenta,Rhode Island
PLANT-00146,betula lenta,South Carolina
PLANT-00146,betula lenta,Tennessee
PLANT-00146,betula lenta,Vermont
PLANT-00146,betula lenta,Virginia
PLANT-00146,betula lenta,West Virginia
PLANT-00147,betula nigra,Alabama
PLANT-00147,betula nigra,Arkansas
PLANT-00147,betula nigra,Connecticut
PLANT-00147,betula nigra,Delaware
PLANT-00147,betula nigra,Florida
PLANT-00147,betula nigra,Georgia
PLANT-00147,betula nigra,Illinois
PLANT-00147,betula nigra,Indiana
PLANT-00147,betula nigra,Iowa
PLANT-00147,betula nigra,Kansas
PLANT-00147,betula nigra,Kentucky
PLANT-00147,betula nigra,Louisiana
PLANT-00147,betula nigra,Maryland
PLANT-00147,betula nigra,Massachusetts
PLANT-00147,betula nigra,Minnesota
PLANT-00147,betula nigra,Mississippi
PLANT-00147,betula nigra,Missouri
PLANT-00147,betula nigra,New Hampshire
PLANT-00147,betula nigra,New Jersey
PLANT-00147,betula nigra,New York
PLANT-00147,betula nigra,North Carolina
PLANT-00147,betula nigra,Ohio
PLANT-00147,betula nigra,Oklahoma
PLANT-00147,betula nigra,Pennsylvania
PLANT-00147,betula nigra,South Carolina
PLANT-00147,betula nigra,Tennessee
PLANT-00147,betula nigra,Texas
PLANT-00147,betula nigra,Virginia
PLANT-00147,betula nigra,West Virginia
PLANT-00147,betula nigra,Wisconsin
PLANT-00148,betula occidentalis,Alaska
PLANT-00148,betula occidentalis,Arizona
PLANT-00148,betula occidentalis,California
PLANT-00148,betula occidentalis,Colorado
PLANT-00148,betula occidentalis,Idaho
PLANT-00148,betula occidentalis,Montana
PLANT-00148,betula occidentalis,Nebraska
PLANT-00148,betula occidentalis,Nevada
PLANT-00148,betula occidentalis,New Mexico
PLANT-00148,betula occidentalis,North Dakota
PLANT-00148,betula occidentalis,Oregon
PLANT-00148,betula occidentalis,South Dakota
PLANT-00148,betula occidentalis,Utah
PLANT-00148,betula occidentalis,Washington
PLANT-00148,betula occidentalis,Wyoming
PLANT-00149,betula papyrifera,Alaska
PLANT-00149,betula papyrifera,Colorado
PLANT-00149,betula papyrifera,Connecticut
PLANT-00149,betula papyrifera,Delaware
PLANT-00149,betula papyrifera,Idaho
PLANT-00149,betula papyrifera,Illinois
PLANT-00149,betula papyrifera,Indiana
PLANT-00149,betula papyrifera,Iowa
PLANT-00149,betula papyrifera,Maine
PLANT-00149,betula papyrifera,Maryland
PLANT-00149,betula papyrifera,Michigan
PLANT-00149,betula papyrifera,Minnesota
PLANT-00149,betula papyrifera,Montana
PLANT-00149,betula papyrifera,Nebraska
PLANT-00149,betula papyrifera,New Hampshire
PLANT-00149,betula papyrifera,New Jersey
PLANT-00149,betula papyrifera,New York
PLANT-00149,betula papyrifera,North Carolina
PLANT-00149,betula papyrifera,North Dakota
PLANT-00149,betula papyrifera,Ohio
PLANT-00149,betula papyrifera,Oregon
PLANT-00149,betula papyrifera,Pennsylvania
PLANT-00149,betula papyrifera,Rhode Island
PLANT-00149,betula papyrifera,South Dakota
PLANT-00149,betula papyrifera,Tennessee
PLANT-00149,betula papyrifera,Vermont
PLANT-00149,betula papyrifera,Virginia
PLANT-00149,betula papyrifera,Washington
PLANT-00149,betula papyrifera,West Virginia
PLANT-00149,betula papyrifera,Wisconsin
PLANT-00149,betula papyrifera,Wyoming
PLANT-00150,betula populifolia,Connecticut
PLANT-00150,betula populifolia,Delaware
PLANT-00150,betula populifolia,Indiana
PLANT-00150,betula populifolia,Maine
PLANT-00150,betula populifolia,New Hampshire
PLANT-00150,betula populifolia,New Jersey
PLANT-00150,betula populifolia,New York
PLANT-00150,betula populifolia,North Carolina
PLANT-00150,betula populifolia,Ohio
PLANT-00150,betula populifolia,Pennsylvania
PLANT-00150,betula populifolia,Rhode Island
PLANT-00150,betula populifolia,Vermont
PLANT-00150,betula populifolia,Virginia
PLANT-00150,betula populifolia,West Virginia
PLANT-00151,bignonia capreolata,Alabama
PLANT-00151,bignonia capreolata,Arkansas
PLANT-00151,bignonia capreolata,Florida
PLANT-00151,bignonia capreolata,Georgia
PLANT-00151,bignonia capreolata,Illinois
PLANT-00151,bignonia capreolata,Indiana
PLANT-00151,bignonia capreolata,Kentucky
PLANT-00151,bignonia capreolata,Louisiana
PLANT-00151,bignonia capreolata,Maryland
PLANT-00151,bignonia capreolata,Mississippi
PLANT-00151,bignonia capreolata,Missouri
PLANT-00151,bignonia capreolata,North Carolina
PLANT-00151,bignonia capreolata,Ohio
PLANT-00151,bignonia capreolata,Oklahoma
PLANT-00151,bignonia capreolata,South Carolina
PLANT-00151,bignonia capreolata,Tennessee
PLANT-00151,bignonia capreolata,Texas
PLANT-00151,bignonia capreolata,Virginia
PLANT-00151,bignonia capreolata,West Virginia
PLANT-00152,blechnum spicant,Alaska
PLANT-00152,blechnum spicant,California
PLANT-00152,blechnum spicant,Idaho
PLANT-00152,blechnum spicant,Oregon
PLANT-00152,blechnum spicant,Washington
PLANT-00153,blephilia ciliata,Alabama
PLANT-00153,blephilia ciliata,Arkansas
PLANT-00153,blephilia ciliata,Connecticut
PLANT-00153,blephilia ciliata,Delaware
PLANT-00153,blephilia ciliata,Georgia
PLANT-00153,blephilia ciliata,Illinois
PLANT-00153,blephilia ciliata,Indiana
PLANT-00153,blephilia ciliata,Iowa
PLANT-00153,blephilia ciliata,Kansas
PLANT-00153,blephilia ciliata,Kentucky
PLANT-00153,blephilia ciliata,Louisiana
PLANT-00153,blephilia ciliata,Maryland
PLANT-00153,blephilia ciliata,Michigan
PLANT-00153,blephilia ciliata,Mississippi
PLANT-00153,blephilia ciliata,Missouri
PLANT-00153,blephilia ciliata,New Jersey
PLANT-00153,blephilia ciliata,New York
PLANT-00153,blephilia ciliata,North Carolina
PLANT-00153,blephilia ciliata,Ohio
PLANT-00153,blephilia ciliata,Oklahoma
PLANT-00153,blephilia ciliata,Pennsylvania
PLANT-00153,blephilia ciliata,Rhode Island
PLANT-00153,blephilia ciliata,South Carolina
PLANT-00153,blephilia ciliata,Tennessee
PLANT-00153,blephilia ciliata,Texas
PLANT-00153,blephilia ciliata,Vermont
PLANT-00153,blephilia ciliata,Virginia
PLANT-00153,blephilia ciliata,West Virginia
PLANT-00153,blephilia ciliata,Wisconsin
PLANT-00154,blephilia hirsuta,Alabama
PLANT-00154,blephilia hirsuta,Arkansas
PLANT-00154,blephilia hirsuta,Connecticut
PLANT-00154,blephilia hirsuta,Delaware
PLANT-00154,blephilia hirsuta,Georgia
PLANT-00154,blephilia hirsuta,Illinois
PLANT-00154,blephilia hirsuta,Indiana
PLANT-00154,blephilia hirsuta,Iowa
PLANT-00154,blephilia hirsuta,Kansas
PLANT-00154,blephilia hirsuta,Kentucky
PLANT-00154,blephilia hirsuta,Maryland
PLANT-00154,blephilia hirsuta,Michigan
PLANT-00154,blephilia hirsuta,Minnesota
PLANT-00154,blephilia hirsuta,Missouri
PLANT-00154,blephilia hirsuta,Nebraska
PLANT-00154,blephilia hirsuta,New York
PLANT-00154,blephilia hirsuta,North Carolina
PLANT-00154,blephilia hirsuta,Ohio
PLANT-00154,blephilia hirsuta,Pennsylvania
PLANT-00154,blephilia hirsuta,Tennessee
PLANT-00154,blephilia hirsuta,Texas
PLANT-00154,blephilia hirsuta,Vermont
PLANT-00154,blephilia hirsuta,Virginia
PLANT-00154,blephilia hirsuta,West Virginia
PLANT-00154,blephilia hirsuta,Wisconsin
PLANT-00155,boltonia asteroides,Alabama
PLANT-00155,boltonia asteroides,Arkansas
PLANT-00155,boltonia asteroides,Connecticut
PLANT-00155,boltonia asteroides,Delaware
PLANT-00155,boltonia asteroides,Florida
PLANT-00155,boltonia asteroides,Georgia
PLANT-00155,boltonia asteroides,Idaho
PLANT-00155,boltonia asteroides,Illinois
PLANT-00155,boltonia asteroides,Indiana
PLANT-00155,boltonia asteroides,Iowa
PLANT-00155,boltonia asteroides,Kansas
PLANT-00155,boltonia asteroides,Kentucky
PLANT-00155,boltonia asteroides,Louisiana
PLANT-00155,boltonia asteroides,Maine
PLANT-00155,boltonia asteroides,Maryland
PLANT-00155,boltonia asteroides,Massachusetts
PLANT-00155,boltonia asteroides,Michigan
PLANT-00155,boltonia asteroides,Minnesota
PLANT-00155,boltonia asteroides,Mississippi
PLANT-00155,boltonia asteroides,Missouri
PLANT-00155,boltonia asteroides,Nebraska
PLANT-00155,boltonia asteroides,New Jersey
PLANT-00155,boltonia asteroides,New York
PLANT-00155,boltonia asteroides,North Carolina
PLANT-00155,boltonia asteroides,North Dakota
PLANT-00155,boltonia asteroides,Ohio
PLANT-00155,boltonia asteroides,Oklahoma
PLANT-00155,boltonia asteroides,Oregon
PLANT-00155,boltonia asteroides,Pennsylvania
PLANT-00155,boltonia asteroides,Rhode Island
PLANT-00155,boltonia asteroides,South Carolina
PLANT-00155,boltonia asteroides,South Dakota
PLANT-00155,boltonia asteroides,Tennessee
PLANT-00155,boltonia asteroides,Texas
PLANT-00155,boltonia asteroides,Vermont
PLANT-00155,boltonia asteroides,Virginia
PLANT-00155,boltonia asteroides,Wisconsin
PLANT-00156,boltonia asteroides var. latisquama,Arkansas
PLANT-00156,boltonia asteroides var. latisquama,Connecticut
PLANT-00156,boltonia asteroides var. latisquama,Iowa
PLANT-00156,boltonia asteroides var. latisquama,Kansas
PLANT-00156,boltonia asteroides var. latisquama,Maine
PLANT-00156,boltonia asteroides var. latisquama,Massachusetts
PLANT-00156,boltonia asteroides var. latisquama,Minnesota
PLANT-00156,boltonia asteroides var. latisquama,Missouri
PLANT-00156,boltonia asteroides var. latisquama,Nebraska
PLANT-00156,boltonia asteroides var. latisquama,North Dakota
PLANT-00156,boltonia asteroides var. latisquama,Oklahoma
PLANT-00156,boltonia asteroides var. latisquama,Rhode Island
PLANT-00156,boltonia asteroides var. latisquama,South Dakota
PLANT-00156,boltonia asteroides var. latisquama,Vermont
PLANT-00156,boltonia asteroides var. latisquama,Wisconsin
PLANT-00157,boltonia decurrens,Illinois
PLANT-00157,boltonia decurrens,Iowa
PLANT-00157,boltonia decurrens,Missouri
PLANT-00158,bouteloua curtipendula,Alabama
PLANT-00158,bouteloua curtipendula,Arizona
PLANT-00158,bouteloua curtipendula,Arkansas
PLANT-00158,bouteloua curtipendula,California
PLANT-00158,bouteloua curtipendula,Colorado
PLANT-00158,bouteloua curtipendula,Connecticut
PLANT-00158,bouteloua curtipendula,Florida
PLANT-00158,bouteloua curtipendula,Georgia
PLANT-00158,bouteloua curtipendula,Idaho
PLANT-00158,bouteloua curtipendula,Illinois
PLANT-00158,bouteloua curtipendula,Indiana
PLANT-00158,bouteloua curtipendula,Iowa
PLANT-00158,bouteloua curtipendula,Kansas
PLANT-00158,bouteloua curtipendula,Kentucky
PLANT-00158,bouteloua curtipendula,Louisiana
PLANT-00158,bouteloua curtipendula,Maine
PLANT-00158,bouteloua curtipendula,Maryland
PLANT-00158,bouteloua curtipendula,Michigan
PLANT-00158,bouteloua curtipendula,Minnesota
PLANT-00158,bouteloua curtipendula,Mississippi
PLANT-00158,bouteloua curtipendula,Missouri
PLANT-00158,bouteloua curtipendula,Montana
PLANT-00158,bouteloua curtipendula,Nebraska
PLANT-00158,bouteloua curtipendula,Nevada
PLANT-00158,bouteloua curtipendula,New Jersey
PLANT-00158,bouteloua curtipendula,New Mexico
PLANT-00158,bouteloua curtipendula,New York
PLANT-00158,bouteloua curtipendula,North Carolina
PLANT-00158,bouteloua curtipendula,North Dakota
PLANT-00158,bouteloua curtipendula,Ohio
PLANT-00158,bouteloua curtipendula,Oklahoma
PLANT-00158,bouteloua curtipendula,Oregon
PLANT-00158,bouteloua curtipendula,Pennsylvania
PLANT-00158,bouteloua curtipendula,South Carolina
PLANT-00158,bouteloua curtipendula,South Dakota
PLANT-00158,bouteloua curtipendula,Tennessee
PLANT-00158,bouteloua curtipendula,Texas
PLANT-00158,bouteloua curtipendula,Utah
PLANT-00158,bouteloua curtipendula,Virginia
PLANT-00158,bouteloua curtipendula,Washington
PLANT-00158,bouteloua curtipendula,West Virginia
PLANT-00158,bouteloua curtipendula,Wisconsin
PLANT-00158,bouteloua curtipendula,Wyoming
PLANT-00159,bouteloua gracilis,Arizona
PLANT-00159,bouteloua gracilis,Arkansas
PLANT-00159,bouteloua gracilis,California
PLANT-00159,bouteloua gracilis,Colorado
PLANT-00159,bouteloua gracilis,Idaho
PLANT-00159,bouteloua gracilis,Illinois
PLANT-00159,bouteloua gracilis,Iowa
PLANT-00159,bouteloua gracilis,Kansas
PLANT-00159,bouteloua gracilis,Minnesota
PLANT-00159,bouteloua gracilis,Missouri
PLANT-00159,bouteloua gracilis,Montana
PLANT-00159,bouteloua gracilis,Nebraska
PLANT-00159,bouteloua gracilis,Nevada
PLANT-00159,bouteloua gracilis,New Mexico
PLANT-00159,bouteloua gracilis,North Dakota
PLANT-00159,bouteloua gracilis,Oklahoma
PLANT-00159,bouteloua gracilis,South Dakota
PLANT-00159,bouteloua gracilis,Texas
PLANT-00159,bouteloua gracilis,Utah
PLANT-00159,bouteloua gracilis,Wisconsin
PLANT-00159,bouteloua gracilis,Wyoming
PLANT-00160,boykinia aconitifolia,Alabama
PLANT-00160,boykinia aconitifolia,Georgia
PLANT-00160,boykinia aconitifolia,Kentucky
PLANT-00160,boykinia aconitifolia,North Carolina
PLANT-00160,boykinia aconitifolia,South Carolina
PLANT-00160,boykinia aconitifolia,Tennessee
PLANT-00160,boykinia aconitifolia,Virginia
PLANT-00160,boykinia aconitifolia,West Virginia
PLANT-00161,brickellia eupatorioides,Alabama
PLANT-00161,brickellia eupatorioides,Arizona
PLANT-00161,brickellia eupatorioides,Arkansas
PLANT-00161,brickellia eupatorioides,Colorado
PLANT-00161,brickellia eupatorioides,Florida
PLANT-00161,brickellia eupatorioides,Georgia
PLANT-00161,brickellia eupatorioides,Illinois
PLANT-00161,brickellia eupatorioides,Indiana
PLANT-00161,brickellia eupatorioides,Iowa
PLANT-00161,brickellia eupatorioides,Kansas
PLANT-00161,brickellia eupatorioides,Kentucky
PLANT-00161,brickellia eupatorioides,Louisiana
PLANT-00161,brickellia eupatorioides,Maryland
PLANT-00161,brickellia eupatorioides,Michigan
PLANT-00161,brickellia eupatorioides,Minnesota
PLANT-00161,brickellia eupatorioides,Mississippi
PLANT-00161,brickellia eupatorioides,Missouri
PLANT-00161,brickellia eupatorioides,Montana
PLANT-00161,brickellia eupatorioides,Nebraska
PLANT-00161,brickellia eupatorioides,New Jersey
PLANT-00161,brickellia eupatorioides,New Mexico
PLANT-00161,brickellia eupatorioides,North Carolina
PLANT-00161,brickellia eupatorioides,North Dakota
PLANT-00161,brickellia eupatorioides,Ohio
PLANT-00161,brickellia eupatorioides,Oklahoma
PLANT-00161,brickellia eupatorioides,Pennsylvania
PLANT-00161,brickellia eupatorioides,South Carolina
PLANT-00161,brickellia eupatorioides,South Dakota
PLANT-00161,brickellia eupatorioides,Tennessee
PLANT-00161,brickellia eupatorioides,Texas
PLANT-00161,brickellia eupatorioides,Utah
PLANT-00161,brickellia eupatorioides,Virginia
PLANT-00161,brickellia eupatorioides,West Virginia
PLANT-00161,brickellia eupatorioides,Wisconsin
PLANT-00162,buchloe dactyloides,Arizona
PLANT-00162,buchloe dactyloides,Arkansas
PLANT-00162,buchloe dactyloides,Colorado
PLANT-00162,buchloe dactyloides,Georgia
PLANT-00162,buchloe dactyloides,Illinois
PLANT-00162,buchloe dactyloides,Iowa
PLANT-00162,buchloe dactyloides,Kansas
PLANT-00162,buchloe dactyloides,Louisiana
PLANT-00162,buchloe dactyloides,Minnesota
PLANT-00162,buchloe dactyloides,Missouri
PLANT-00162,buchloe dactyloides,Montana
PLANT-00162,buchloe dactyloides,Nebraska
PLANT-00162,buchloe dactyloides,Nevada
PLANT-00162,buchloe dactyloides,New Mexico
PLANT-00162,buchloe dactyloides,North Dakota
PLANT-00162,buchloe dactyloides,Oklahoma
PLANT-00162,buchloe dactyloides,South Dakota
PLANT-00162,buchloe dactyloides,Texas
PLANT-00162,buchloe dactyloides,Utah
PLANT-00162,buchloe dactyloides,Virginia
PLANT-00162,buchloe dactyloides,Wisconsin
PLANT-00162,buchloe dactyloides,Wyoming
PLANT-00163,bursera simaruba,Florida
PLANT-00164,cabomba caroliniana,Alabama
PLANT-00164,cabomba caroliniana,Arkansas
PLANT-00164,cabomba caroliniana,California
PLANT-00164,cabomba caroliniana,Connecticut
PLANT-00164,cabomba caroliniana,Delaware
PLANT-00164,cabomba caroliniana,Florida
PLANT-00164,cabomba caroliniana,Georgia
PLANT-00164,cabomba caroliniana,Illinois
PLANT-00164,cabomba caroliniana,Indiana
PLANT-00164,cabomba caroliniana,Kansas
PLANT-00164,cabomba caroliniana,Kentucky
PLANT-00164,cabomba caroliniana,Louisiana
PLANT-00164,cabomba caroliniana,Maryland
PLANT-00164,cabomba caroliniana,Massachusetts
PLANT-00164,cabomba caroliniana,Michigan
PLANT-00164,cabomba caroliniana,Mississippi
PLANT-00164,cabomba caroliniana,Missouri
PLANT-00164,cabomba caroliniana,New Hampshire
PLANT-00164,cabomba caroliniana,New Jersey
PLANT-00164,cabomba caroliniana,New York
PLANT-00164,cabomba caroliniana,North Carolina
PLANT-00164,cabomba caroliniana,Ohio
PLANT-00164,cabomba caroliniana,Oklahoma
PLANT-00164,cabomba caroliniana,Oregon
PLANT-00164,cabomba caroliniana,Pennsylvania
PLANT-00164,cabomba caroliniana,Rhode Island
PLANT-00164,cabomba caroliniana,South Carolina
PLANT-00164,cabomba caroliniana,Tennessee
PLANT-00164,cabomba caroliniana,Texas
PLANT-00164,cabomba caroliniana,Virginia
PLANT-00164,cabomba caroliniana,Washington
PLANT-00165,calamovilfa arcuata,Alabama
PLANT-00165,calamovilfa arcuata,Arkansas
PLANT-00165,calamovilfa arcuata,Oklahoma
PLANT-00165,calamovilfa arcuata,Tennessee
PLANT-00166,callicarpa americana,Alabama
PLANT-00166,callicarpa americana,Arkansas
PLANT-00166,callicarpa americana,Florida
PLANT-00166,callicarpa americana,Georgia
PLANT-00166,callicarpa americana,Louisiana
PLANT-00166,callicarpa americana,Maryland
PLANT-00166,callicarpa americana,Mississippi
PLANT-00166,callicarpa americana,Missouri
PLANT-00166,callicarpa americana,North Carolina
PLANT-00166,callicarpa americana,Oklahoma
PLANT-00166,callicarpa americana,South Carolina
PLANT-00166,callicarpa americana,Tennessee
PLANT-00166,callicarpa americana,Texas
PLANT-00166,callicarpa americana,Virginia
PLANT-00167,callirhoe alcaeoides,Alabama
PLANT-00167,callirhoe alcaeoides,Arkansas
PLANT-00167,callirhoe alcaeoides,Colorado
PLANT-00167,callirhoe alcaeoides,Idaho
PLANT-00167,callirhoe alcaeoides,Illinois
PLANT-00167,callirhoe alcaeoides,Indiana
PLANT-00167,callirhoe alcaeoides,Iowa
PLANT-00167,callirhoe alcaeoides,Kansas
PLANT-00167,callirhoe alcaeoides,Kentucky
PLANT-00167,callirhoe alcaeoides,Louisiana
PLANT-00167,callirhoe alcaeoides,Missouri
PLANT-00167,callirhoe alcaeoides,Nebraska
PLANT-00167,callirhoe alcaeoides,New Mexico
PLANT-00167,callirhoe alcaeoides,Oklahoma
PLANT-00167,callirhoe alcaeoides,South Dakota
PLANT-00167,callirhoe alcaeoides,Tennessee
PLANT-00167,callirhoe alcaeoides,Texas
PLANT-00167,callirhoe alcaeoides,Wisconsin
PLANT-00168,callirhoe bushii,Arkansas
PLANT-00168,callirhoe bushii,Iowa
PLANT-00168,callirhoe bushii,Kansas
PLANT-00168,callirhoe bushii,Missouri
PLANT-00168,callirhoe bushii,Oklahoma
PLANT-00169,callirhoe digitata,Alabama
PLANT-00169,callirhoe digitata,Arkansas
PLANT-00169,callirhoe digitata,Indiana
PLANT-00169,callirhoe digitata,Kansas
PLANT-00169,callirhoe digitata,Louisiana
PLANT-00169,callirhoe digitata,Missouri
PLANT-00169,callirhoe digitata,Oklahoma
PLANT-00170,callirhoe involucrata,Arizona
PLANT-00170,callirhoe involucrata,Arkansas
PLANT-00170,callirhoe involucrata,Colorado
PLANT-00170,callirhoe involucrata,Florida
PLANT-00170,callirhoe involucrata,Illinois
PLANT-00170,callirhoe involucrata,Indiana
PLANT-00170,callirhoe involucrata,Iowa
PLANT-00170,callirhoe involucrata,Kansas
PLANT-00170,callirhoe involucrata,Louisiana
PLANT-00170,callirhoe involucrata,Michigan
PLANT-00170,callirhoe involucrata,Minnesota
PLANT-00170,callirhoe involucrata,Missouri
PLANT-00170,callirhoe involucrata,Nebraska
PLANT-00170,callirhoe involucrata,New Mexico
PLANT-00170,callirhoe involucrata,North Dakota
PLANT-00170,callirhoe involucrata,Ohio
PLANT-00170,callirhoe involucrata,Oklahoma
PLANT-00170,callirhoe involucrata,Oregon
PLANT-00170,callirhoe involucrata,Pennsylvania
PLANT-00170,callirhoe involucrata,Texas
PLANT-00170,callirhoe involucrata,Virginia
PLANT-00170,callirhoe involucrata,Wyoming
PLANT-00171,callirhoe triangulata,Alabama
PLANT-00171,callirhoe triangulata,Florida
PLANT-00171,callirhoe triangulata,Georgia
PLANT-00171,callirhoe triangulata,Illinois
PLANT-00171,callirhoe triangulata,Indiana
PLANT-00171,callirhoe triangulata,Iowa
PLANT-00171,callirhoe triangulata,Mississippi
PLANT-00171,callirhoe triangulata,Missouri
PLANT-00171,callirhoe triangulata,North Carolina
PLANT-00171,callirhoe triangulata,South Carolina
PLANT-00171,callirhoe triangulata,Wisconsin
PLANT-00172,calocedrus decurrens,California
PLANT-00172,calocedrus decurrens,Nevada
PLANT-00172,calocedrus decurrens,New Mexico
PLANT-00172,calocedrus decurrens,Oregon
PLANT-00172,calocedrus decurrens,Utah
PLANT-00173,caltha palustris,Alaska
PLANT-00173,caltha palustris,California
PLANT-00173,caltha palustris,Connecticut
PLANT-00173,caltha palustris,Delaware
PLANT-00173,caltha palustris,Illinois
PLANT-00173,caltha palustris,Indiana
PLANT-00173,caltha palustris,Iowa
PLANT-00173,caltha palustris,Kentucky
PLANT-00173,caltha palustris,Maine
PLANT-00173,caltha palustris,Maryland
PLANT-00173,caltha palustris,Massachusetts
PLANT-00173,caltha palustris,Michigan
PLANT-00173,caltha palustris,Minnesota
PLANT-00173,caltha palustris,Missouri
PLANT-00173,caltha palustris,Nebraska
PLANT-00173,caltha palustris,New Hampshire
PLANT-00173,caltha palustris,New Jersey
PLANT-00173,caltha palustris,New York
PLANT-00173,caltha palustris,North Carolina
PLANT-00173,caltha palustris,North Dakota
PLANT-00173,caltha palustris,Ohio
PLANT-00173,caltha palustris,Oregon
PLANT-00173,caltha palustris,Pennsylvania
PLANT-00173,caltha palustris,Rhode Island
PLANT-00173,caltha palustris,South Dakota
PLANT-00173,caltha palustris,Tennessee
PLANT-00173,caltha palustris,Vermont
PLANT-00173,caltha palustris,Virginia
PLANT-00173,caltha palustris,Washington
PLANT-00173,caltha palustris,West Virginia
PLANT-00173,caltha palustris,Wisconsin
PLANT-00174,calycanthus floridus,Alabama
PLANT-00174,calycanthus floridus,Connecticut
PLANT-00174,calycanthus floridus,Florida
PLANT-00174,calycanthus floridus,Georgia
PLANT-00174,calycanthus floridus,Kentucky
PLANT-00174,calycanthus floridus,Louisiana
PLANT-00174,calycanthus floridus,Massachusetts
PLANT-00174,calycanthus floridus,Mississippi
PLANT-00174,calycanthus floridus,New Jersey
PLANT-00174,calycanthus floridus,North Carolina
PLANT-00174,calycanthus floridus,Ohio
PLANT-00174,calycanthus floridus,South Carolina
PLANT-00174,calycanthus floridus,Tennessee
PLANT-00174,calycanthus floridus,West Virginia
PLANT-00175,calycanthus occidentalis,California
PLANT-00175,calycanthus occidentalis,Washington
PLANT-00176,calylophus serrulatus,Missouri
PLANT-00177,camassia angusta,Arkansas
PLANT-00177,camassia angusta,Illinois
PLANT-00177,camassia angusta,Indiana
PLANT-00177,camassia angusta,Iowa
PLANT-00177,camassia angusta,Kansas
PLANT-00177,camassia angusta,Louisiana
PLANT-00177,camassia angusta,Mississippi
PLANT-00177,camassia angusta,Missouri
PLANT-00177,camassia angusta,Oklahoma
PLANT-00177,camassia angusta,Texas
PLANT-00178,camassia cusickii,Idaho
PLANT-00178,camassia cusickii,Oregon
PLANT-00179,camassia leichtlinii,California
PLANT-00179,camassia leichtlinii,Oregon
PLANT-00179,camassia leichtlinii,Washington
PLANT-00180,camassia scilloides,Alabama
PLANT-00180,camassia scilloides,Arkansas
PLANT-00180,camassia scilloides,Georgia
PLANT-00180,camassia scilloides,Illinois
PLANT-00180,camassia scilloides,Indiana
PLANT-00180,camassia scilloides,Iowa
PLANT-00180,camassia scilloides,Kansas
PLANT-00180,camassia scilloides,Kentucky
PLANT-00180,camassia scilloides,Louisiana
PLANT-00180,camassia scilloides,Maryland
PLANT-00180,camassia scilloides,Michigan
PLANT-00180,camassia scilloides,Mississippi
PLANT-00180,camassia scilloides,Missouri
PLANT-00180,camassia scilloides,North Carolina
PLANT-00180,camassia scilloides,Ohio
PLANT-00180,camassia scilloides,Oklahoma
PLANT-00180,camassia scilloides,Pennsylvania
PLANT-00180,camassia scilloides,South Carolina
PLANT-00180,camassia scilloides,Tennessee
PLANT-00180,camassia scilloides,Texas
PLANT-00180,camassia scilloides,Virginia
PLANT-00180,camassia scilloides,West Virginia
PLANT-00180,camassia scilloides,Wisconsin
PLANT-00181,campanula americana,Alabama
PLANT-00181,campanula americana,Arkansas
PLANT-00181,campanula americana,Florida
PLANT-00181,campanula americana,Georgia
PLANT-00181,campanula americana,Illinois
PLANT-00181,campanula americana,Indiana
PLANT-00181,campanula americana,Iowa
PLANT-00181,campanula americana,Kansas
PLANT-00181,campanula americana,Kentucky
PLANT-00181,campanula americana,Louisiana
PLANT-00181,campanula americana,Maryland
PLANT-00181,campanula americana,Michigan
PLANT-00181,campanula americana,Minnesota
PLANT-00181,campanula americana,Mississippi
PLANT-00181,campanula americana,Missouri
PLANT-00181,campanula americana,Nebraska
PLANT-00181,campanula americana,New York
PLANT-00181,campanula americana,North Carolina
PLANT-00181,campanula americana,Ohio
PLANT-00181,campanula americana,Oklahoma
PLANT-00181,campanula americana,Pennsylvania
PLANT-00181,campanula americana,South Carolina
PLANT-00181,campanula americana,South Dakota
PLANT-00181,campanula americana,Tennessee
PLANT-00181,campanula americana,Virginia
PLANT-00181,campanula americana,West Virginia
PLANT-00181,campanula americana,Wisconsin
PLANT-00182,campanula kemulariae,Georgia
PLANT-00183,campanula rotundifolia,Alaska
PLANT-00183,campanula rotundifolia,Arizona
PLANT-00183,campanula rotundifolia,California
PLANT-00183,campanula rotundifolia,Colorado
PLANT-00183,campanula rotundifolia,Connecticut
PLANT-00183,campanula rotundifolia,Idaho
PLANT-00183,campanula rotundifolia,Illinois
PLANT-00183,campanula rotundifolia,Indiana
PLANT-00183,campanula rotundifolia,Iowa
PLANT-00183,campanula rotundifolia,Maine
PLANT-00183,campanula rotundifolia,Maryland
PLANT-00183,campanula rotundifolia,Michigan
PLANT-00183,campanula rotundifolia,Minnesota
PLANT-00183,campanula rotundifolia,Missouri
PLANT-00183,campanula rotundifolia,Montana
PLANT-00183,campanula rotundifolia,Nebraska
PLANT-00183,campanula rotundifolia,New Hampshire
PLANT-00183,campanula rotundifolia,New Jersey
PLANT-00183,campanula rotundifolia,New Mexico
PLANT-00183,campanula rotundifolia,New York
PLANT-00183,campanula rotundifolia,North Carolina
PLANT-00183,campanula rotundifolia,North Dakota
PLANT-00183,campanula rotundifolia,Ohio
PLANT-00183,campanula rotundifolia,Oregon
PLANT-00183,campanula rotundifolia,Pennsylvania
PLANT-00183,campanula rotundifolia,South Dakota
PLANT-00183,campanula rotundifolia,Tennessee
PLANT-00183,campanula rotundifolia,Texas
PLANT-00183,campanula rotundifolia,Utah
PLANT-00183,campanula rotundifolia,Vermont
PLANT-00183,campanula rotundifolia,Virginia
PLANT-00183,campanula rotundifolia,Washington
PLANT-00183,campanula rotundifolia,West Virginia
PLANT-00183,campanula rotundifolia,Wisconsin
PLANT-00183,campanula rotundifolia,Wyoming
PLANT-00184,campsis radicans,Alabama
PLANT-00184,campsis radicans,Arkansas
PLANT-00184,campsis radicans,California
PLANT-00184,campsis radicans,Colorado
PLANT-00184,campsis radicans,Connecticut
PLANT-00184,campsis radicans,Delaware
PLANT-00184,campsis radicans,Florida
PLANT-00184,campsis radicans,Georgia
PLANT-00184,campsis radicans,Illinois
PLANT-00184,campsis radicans,Indiana
PLANT-00184,campsis radicans,Iowa
PLANT-00184,campsis radicans,Kansas
PLANT-00184,campsis radicans,Kentucky
PLANT-00184,campsis radicans,Louisiana
PLANT-00184,campsis radicans,Maryland
PLANT-00184,campsis radicans,Massachusetts
PLANT-00184,campsis radicans,Michigan
PLANT-00184,campsis radicans,Mississippi
PLANT-00184,campsis radicans,Missouri
PLANT-00184,campsis radicans,Nebraska
PLANT-00184,campsis radicans,New Hampshire
PLANT-00184,campsis radicans,New Jersey
PLANT-00184,campsis radicans,New York
PLANT-00184,campsis radicans,North Carolina
PLANT-00184,campsis radicans,North Dakota
PLANT-00184,campsis radicans,Ohio
PLANT-00184,campsis radicans,Oklahoma
PLANT-00184,campsis radicans,Pennsylvania
PLANT-00184,campsis radicans,Rhode Island
PLANT-00184,campsis radicans,South Carolina
PLANT-00184,campsis radicans,South Dakota
PLANT-00184,campsis radicans,Tennessee
PLANT-00184,campsis radicans,Texas
PLANT-00184,campsis radicans,Utah
PLANT-00184,campsis radicans,Virginia
PLANT-00184,campsis radicans,Washington
PLANT-00184,campsis radicans,West Virginia
PLANT-00184,campsis radicans,Wisconsin
PLANT-00185,campsis radicans f. flava,Alabama
PLANT-00185,campsis radicans f. flava,Arkansas
PLANT-00185,campsis radicans f. flava,California
PLANT-00185,campsis radicans f. flava,Delaware
PLANT-00185,campsis radicans f. flava,Florida
PLANT-00185,campsis radicans f. flava,Georgia
PLANT-00185,campsis radicans f. flava,Illinois
PLANT-00185,campsis radicans f. flava,Iowa
PLANT-00185,campsis radicans f. flava,Kansas
PLANT-00185,campsis radicans f. flava,Kentucky
PLANT-00185,campsis radicans f. flava,Louisiana
PLANT-00185,campsis radicans f. flava,Maryland
PLANT-00185,campsis radicans f. flava,Minnesota
PLANT-00185,campsis radicans f. flava,Mississippi
PLANT-00185,campsis radicans f. flava,Missouri
PLANT-00185,campsis radicans f. flava,Nebraska
PLANT-00185,campsis radicans f. flava,New Mexico
PLANT-00185,campsis radicans f. flava,North Carolina
PLANT-00185,campsis radicans f. flava,North Dakota
PLANT-00185,campsis radicans f. flava,Oklahoma
PLANT-00185,campsis radicans f. flava,South Carolina
PLANT-00185,campsis radicans f. flava,South Dakota
PLANT-00185,campsis radicans f. flava,Tennessee
PLANT-00185,campsis radicans f. flava,Texas
PLANT-00185,campsis radicans f. flava,Virginia
PLANT-00185,campsis radicans f. flava,Washington
PLANT-00186,capparis sandwichiana,Hawaii
PLANT-00187,cardamine concatenata,Alabama
PLANT-00187,cardamine concatenata,Arkansas
PLANT-00187,cardamine concatenata,Connecticut
PLANT-00187,cardamine concatenata,Delaware
PLANT-00187,cardamine concatenata,Florida
PLANT-00187,cardamine concatenata,Georgia
PLANT-00187,cardamine concatenata,Illinois
PLANT-00187,cardamine concatenata,Indiana
PLANT-00187,cardamine concatenata,Iowa
PLANT-00187,cardamine concatenata,Kansas
PLANT-00187,cardamine concatenata,Kentucky
PLANT-00187,cardamine concatenata,Louisiana
PLANT-00187,cardamine concatenata,Maine
PLANT-00187,cardamine concatenata,Maryland
PLANT-00187,cardamine concatenata,Michigan
PLANT-00187,cardamine concatenata,Minnesota
PLANT-00187,cardamine concatenata,Mississippi
PLANT-00187,cardamine concatenata,Missouri
PLANT-00187,cardamine concatenata,Nebraska
PLANT-00187,cardamine concatenata,New Hampshire
PLANT-00187,cardamine concatenata,New Jersey
PLANT-00187,cardamine concatenata,New York
PLANT-00187,cardamine concatenata,North Carolina
PLANT-00187,cardamine concatenata,North Dakota
PLANT-00187,cardamine concatenata,Ohio
PLANT-00187,cardamine concatenata,Oklahoma
PLANT-00187,cardamine concatenata,Pennsylvania
PLANT-00187,cardamine concatenata,South Carolina
PLANT-00187,cardamine concatenata,South Dakota
PLANT-00187,cardamine concatenata,Tennessee
PLANT-00187,cardamine concatenata,Texas
PLANT-00187,cardamine concatenata,Vermont
PLANT-00187,cardamine concatenata,Virginia
PLANT-00187,cardamine concatenata,West Virginia
PLANT-00187,cardamine concatenata,Wisconsin
PLANT-00188,carex alata,Alabama
PLANT-00188,carex alata,Arkansas
PLANT-00188,carex alata,Connecticut
PLANT-00188,carex alata,Delaware
PLANT-00188,carex alata,Florida
PLANT-00188,carex alata,Georgia
PLANT-00188,carex alata,Illinois
PLANT-00188,carex alata,Indiana
PLANT-00188,carex alata,Kentucky
PLANT-00188,carex alata,Louisiana
PLANT-00188,carex alata,Maryland
PLANT-00188,carex alata,Massachusetts
PLANT-00188,carex alata,Michigan
PLANT-00188,carex alata,Missouri
PLANT-00188,carex alata,New Hampshire
PLANT-00188,carex alata,New Jersey
PLANT-00188,carex alata,New York
PLANT-00188,carex alata,North Carolina
PLANT-00188,carex alata,Ohio
PLANT-00188,carex alata,Oklahoma
PLANT-00188,carex alata,Pennsylvania
PLANT-00188,carex alata,Rhode Island
PLANT-00188,carex alata,South Carolina
PLANT-00188,carex alata,Tennessee
PLANT-00188,carex alata,Texas
PLANT-00188,carex alata,Virginia
PLANT-00189,carex albicans,Alabama
PLANT-00189,carex albicans,Arkansas
PLANT-00189,carex albicans,Connecticut
PLANT-00189,carex albicans,Delaware
PLANT-00189,carex albicans,Florida
PLANT-00189,carex albicans,Georgia
PLANT-00189,carex albicans,Illinois
PLANT-00189,carex albicans,Indiana
PLANT-00189,carex albicans,Iowa
PLANT-00189,carex albicans,Kansas
PLANT-00189,carex albicans,Kentucky
PLANT-00189,carex albicans,Louisiana
PLANT-00189,carex albicans,Maine
PLANT-00189,carex albicans,Maryland
PLANT-00189,carex albicans,Michigan
PLANT-00189,carex albicans,Mississippi
PLANT-00189,carex albicans,Missouri
PLANT-00189,carex albicans,Nebraska
PLANT-00189,carex albicans,New Hampshire
PLANT-00189,carex albicans,New Jersey
PLANT-00189,carex albicans,New York
PLANT-00189,carex albicans,North Carolina
PLANT-00189,carex albicans,Ohio
PLANT-00189,carex albicans,Oklahoma
PLANT-00189,carex albicans,Pennsylvania
PLANT-00189,carex albicans,Rhode Island
PLANT-00189,carex albicans,South Carolina
PLANT-00189,carex albicans,Tennessee
PLANT-00189,carex albicans,Texas
PLANT-00189,carex albicans,Vermont
PLANT-00189,carex albicans,Virginia
PLANT-00189,carex albicans,West Virginia
PLANT-00189,carex albicans,Wisconsin
PLANT-00190,carex annectens,Alabama
PLANT-00190,carex annectens,Arkansas
PLANT-00190,carex annectens,Connecticut
PLANT-00190,carex annectens,Delaware
PLANT-00190,carex annectens,Georgia
PLANT-00190,carex annectens,Illinois
PLANT-00190,carex annectens,Indiana
PLANT-00190,carex annectens,Iowa
PLANT-00190,carex annectens,Kansas
PLANT-00190,carex annectens,Kentucky
PLANT-00190,carex annectens,Louisiana
PLANT-00190,carex annectens,Maine
PLANT-00190,carex annectens,Maryland
PLANT-00190,carex annectens,Massachusetts
PLANT-00190,carex annectens,Michigan
PLANT-00190,carex annectens,Minnesota
PLANT-00190,carex annectens,Mississippi
PLANT-00190,carex annectens,Missouri
PLANT-00190,carex annectens,Nebraska
PLANT-00190,carex annectens,New Hampshire
PLANT-00190,carex annectens,New Jersey
PLANT-00190,carex annectens,New York
PLANT-00190,carex annectens,North Carolina
PLANT-00190,carex annectens,Ohio
PLANT-00190,carex annectens,Oklahoma
PLANT-00190,carex annectens,Pennsylvania
PLANT-00190,carex annectens,Rhode Island
PLANT-00190,carex annectens,South Carolina
PLANT-00190,carex annectens,Tennessee
PLANT-00190,carex annectens,Vermont
PLANT-00190,carex annectens,Virginia
PLANT-00190,carex annectens,West Virginia
PLANT-00190,carex annectens,Wisconsin
PLANT-00191,carex bicknellii,Arkansas
PLANT-00191,carex bicknellii,Connecticut
PLANT-00191,carex bicknellii,Delaware
PLANT-00191,carex bicknellii,Illinois
PLANT-00191,carex bicknellii,Indiana
PLANT-00191,carex bicknellii,Iowa
PLANT-00191,carex bicknellii,Kansas
PLANT-00191,carex bicknellii,Maine
PLANT-00191,carex bicknellii,Michigan
PLANT-00191,carex bicknellii,Minnesota
PLANT-00191,carex bicknellii,Mississippi
PLANT-00191,carex bicknellii,Missouri
PLANT-00191,carex bicknellii,Nebraska
PLANT-00191,carex bicknellii,New Hampshire
PLANT-00191,carex bicknellii,New Jersey
PLANT-00191,carex bicknellii,New York
PLANT-00191,carex bicknellii,North Dakota
PLANT-00191,carex bicknellii,Ohio
PLANT-00191,carex bicknellii,Oklahoma
PLANT-00191,carex bicknellii,Pennsylvania
PLANT-00191,carex bicknellii,Rhode Island
PLANT-00191,carex bicknellii,South Carolina
PLANT-00191,carex bicknellii,South Dakota
PLANT-00191,carex bicknellii,Texas
PLANT-00191,carex bicknellii,Vermont
PLANT-00191,carex bicknellii,Wisconsin
PLANT-00192,carex bromoides,Alabama
PLANT-00192,carex bromoides,Arkansas
PLANT-00192,carex bromoides,Connecticut
PLANT-00192,carex bromoides,Delaware
PLANT-00192,carex bromoides,Florida
PLANT-00192,carex bromoides,Georgia
PLANT-00192,carex bromoides,Illinois
PLANT-00192,carex bromoides,Indiana
PLANT-00192,carex bromoides,Kentucky
PLANT-00192,carex bromoides,Louisiana
PLANT-00192,carex bromoides,Maine
PLANT-00192,carex bromoides,Maryland
PLANT-00192,carex bromoides,Massachusetts
PLANT-00192,carex bromoides,Michigan
PLANT-00192,carex bromoides,Minnesota
PLANT-00192,carex bromoides,Mississippi
PLANT-00192,carex bromoides,Missouri
PLANT-00192,carex bromoides,New Hampshire
PLANT-00192,carex bromoides,New Jersey
PLANT-00192,carex bromoides,New York
PLANT-00192,carex bromoides,North Carolina
PLANT-00192,carex bromoides,Ohio
PLANT-00192,carex bromoides,Pennsylvania
PLANT-00192,carex bromoides,Rhode Island
PLANT-00192,carex bromoides,South Carolina
PLANT-00192,carex bromoides,Tennessee
PLANT-00192,carex bromoides,Texas
PLANT-00192,carex bromoides,Vermont
PLANT-00192,carex bromoides,Virginia
PLANT-00192,carex bromoides,West Virginia
PLANT-00192,carex bromoides,Wisconsin
PLANT-00193,carex bushii,Alabama
PLANT-00193,carex bushii,Arkansas
PLANT-00193,carex bushii,Connecticut
PLANT-00193,carex bushii,Delaware
PLANT-00193,carex bushii,Georgia
PLANT-00193,carex bushii,Illinois
PLANT-00193,carex bushii,Indiana
PLANT-00193,carex bushii,Kansas
PLANT-00193,carex bushii,Maryland
PLANT-00193,carex bushii,Massachusetts
PLANT-00193,carex bushii,Michigan
PLANT-00193,carex bushii,Mississippi
PLANT-00193,carex bushii,Missouri
PLANT-00193,carex bushii,Nebraska
PLANT-00193,carex bushii,New Jersey
PLANT-00193,carex bushii,New York
PLANT-00193,carex bushii,North Carolina
PLANT-00193,carex bushii,Ohio
PLANT-00193,carex bushii,Oklahoma
PLANT-00193,carex bushii,Pennsylvania
PLANT-00193,carex bushii,Rhode Island
PLANT-00193,carex bushii,Tennessee
PLANT-00193,carex bushii,Texas
PLANT-00193,carex bushii,Vermont
PLANT-00193,carex bushii,Virginia
PLANT-00193,carex bushii,West Virginia
PLANT-00194,carex cherokeensis,Alabama
PLANT-00194,carex cherokeensis,Arkansas
PLANT-00194,carex cherokeensis,Florida
PLANT-00194,carex cherokeensis,Georgia
PLANT-00194,carex cherokeensis,Kentucky
PLANT-00194,carex cherokeensis,Louisiana
PLANT-00194,carex cherokeensis,Mississippi
PLANT-00194,carex cherokeensis,Missouri
PLANT-00194,carex cherokeensis,North Carolina
PLANT-00194,carex cherokeensis,Oklahoma
PLANT-00194,carex cherokeensis,South Carolina
PLANT-00194,carex cherokeensis,Tennessee
PLANT-00194,carex cherokeensis,Texas
PLANT-00194,carex cherokeensis,Virginia
PLANT-00195,carex crinita,Alabama
PLANT-00195,carex crinita,Arkansas
PLANT-00195,carex crinita,Connecticut
PLANT-00195,carex crinita,Delaware
PLANT-00195,carex crinita,Florida
PLANT-00195,carex crinita,Georgia
PLANT-00195,carex crinita,Illinois
PLANT-00195,carex crinita,Indiana
PLANT-00195,carex crinita,Iowa
PLANT-00195,carex crinita,Kentucky
PLANT-00195,carex crinita,Louisiana
PLANT-00195,carex crinita,Maine
PLANT-00195,carex crinita,Maryland
PLANT-00195,carex crinita,Michigan
PLANT-00195,carex crinita,Minnesota
PLANT-00195,carex crinita,Mississippi
PLANT-00195,carex crinita,Missouri
PLANT-00195,carex crinita,New Hampshire
PLANT-00195,carex crinita,New Jersey
PLANT-00195,carex crinita,New York
PLANT-00195,carex crinita,North Carolina
PLANT-00195,carex crinita,Ohio
PLANT-00195,carex crinita,Oklahoma
PLANT-00195,carex crinita,Pennsylvania
PLANT-00195,carex crinita,Rhode Island
PLANT-00195,carex crinita,South Carolina
PLANT-00195,carex crinita,Tennessee
PLANT-00195,carex crinita,Texas
PLANT-00195,carex crinita,Vermont
PLANT-00195,carex crinita,Virginia
PLANT-00195,carex crinita,West Virginia
PLANT-00195,carex crinita,Wisconsin
PLANT-00196,carex cristatella,Alabama
PLANT-00196,carex cristatella,Connecticut
PLANT-00196,carex cristatella,Delaware
PLANT-00196,carex cristatella,Illinois
PLANT-00196,carex cristatella,Indiana
PLANT-00196,carex cristatella,Iowa
PLANT-00196,carex cristatella,Kansas
PLANT-00196,carex cristatella,Kentucky
PLANT-00196,carex cristatella,Massachusetts
PLANT-00196,carex cristatella,Michigan
PLANT-00196,carex cristatella,Minnesota
PLANT-00196,carex cristatella,Missouri
PLANT-00196,carex cristatella,Nebraska
PLANT-00196,carex cristatella,New Hampshire
PLANT-00196,carex cristatella,New Jersey
PLANT-00196,carex cristatella,New York
PLANT-00196,carex cristatella,North Dakota
PLANT-00196,carex cristatella,Ohio
PLANT-00196,carex cristatella,Pennsylvania
PLANT-00196,carex cristatella,South Dakota
PLANT-00196,carex cristatella,Tennessee
PLANT-00196,carex cristatella,Vermont
PLANT-00196,carex cristatella,Virginia
PLANT-00196,carex cristatella,West Virginia
PLANT-00196,carex cristatella,Wisconsin
PLANT-00197,carex crus-corvi,Alabama
PLANT-00197,carex crus-corvi,Arkansas
PLANT-00197,carex crus-corvi,Florida
PLANT-00197,carex crus-corvi,Georgia
PLANT-00197,carex crus-corvi,Illinois
PLANT-00197,carex crus-corvi,Indiana
PLANT-00197,carex crus-corvi,Iowa
PLANT-00197,carex crus-corvi,Kansas
PLANT-00197,carex crus-corvi,Kentucky
PLANT-00197,carex crus-corvi,Louisiana
PLANT-00197,carex crus-corvi,Michigan
PLANT-00197,carex crus-corvi,Minnesota
PLANT-00197,carex crus-corvi,Missouri
PLANT-00197,carex crus-corvi,Nebraska
PLANT-00197,carex crus-corvi,North Carolina
PLANT-00197,carex crus-corvi,Ohio
PLANT-00197,carex crus-corvi,Oklahoma
PLANT-00197,carex crus-corvi,South Carolina
PLANT-00197,carex crus-corvi,Tennessee
PLANT-00197,carex crus-corvi,Texas
PLANT-00197,carex crus-corvi,Virginia
PLANT-00197,carex crus-corvi,West Virginia
PLANT-00198,carex davisii,Arkansas
PLANT-00198,carex davisii,Connecticut
PLANT-00198,carex davisii,Delaware
PLANT-00198,carex davisii,Illinois
PLANT-00198,carex davisii,Indiana
PLANT-00198,carex davisii,Iowa
PLANT-00198,carex davisii,Kansas
PLANT-00198,carex davisii,Kentucky
PLANT-00198,carex davisii,Maryland
PLANT-00198,carex davisii,Massachusetts
PLANT-00198,carex davisii,Michigan
PLANT-00198,carex davisii,Minnesota
PLANT-00198,carex davisii,Missouri
PLANT-00198,carex davisii,Nebraska
PLANT-00198,carex davisii,New Jersey
PLANT-00198,carex davisii,New York
PLANT-00198,carex davisii,Ohio
PLANT-00198,carex davisii,Oklahoma
PLANT-00198,carex davisii,Pennsylvania
PLANT-00198,carex davisii,Tennessee
PLANT-00198,carex davisii,Texas
PLANT-00198,carex davisii,Vermont
PLANT-00198,carex davisii,West Virginia
PLANT-00198,carex davisii,Wisconsin
PLANT-00199,carex eburnea,Alabama
PLANT-00199,carex eburnea,Alaska
PLANT-00199,carex eburnea,Arkansas
PLANT-00199,carex eburnea,Connecticut
PLANT-00199,carex eburnea,Georgia
PLANT-00199,carex eburnea,Illinois
PLANT-00199,carex eburnea,Indiana
PLANT-00199,carex eburnea,Iowa
PLANT-00199,carex eburnea,Kentucky
PLANT-00199,carex eburnea,Maine
PLANT-00199,carex eburnea,Maryland
PLANT-00199,carex eburnea,Massachusetts
PLANT-00199,carex eburnea,Michigan
PLANT-00199,carex eburnea,Minnesota
PLANT-00199,carex eburnea,Missouri
PLANT-00199,carex eburnea,Montana
PLANT-00199,carex eburnea,Nebraska
PLANT-00199,carex eburnea,New Hampshire
PLANT-00199,carex eburnea,New Jersey
PLANT-00199,carex eburnea,New York
PLANT-00199,carex eburnea,North Carolina
PLANT-00199,carex eburnea,North Dakota
PLANT-00199,carex eburnea,Ohio
PLANT-00199,carex eburnea,Pennsylvania
PLANT-00199,carex eburnea,South Carolina
PLANT-00199,carex eburnea,South Dakota
PLANT-00199,carex eburnea,Tennessee
PLANT-00199,carex eburnea,Vermont
PLANT-00199,carex eburnea,Virginia
PLANT-00199,carex eburnea,Washington
PLANT-00199,carex eburnea,West Virginia
PLANT-00199,carex eburnea,Wisconsin
PLANT-00199,carex eburnea,Wyoming
PLANT-00200,carex flacca,Georgia
PLANT-00201,carex flaccosperma,Alabama
PLANT-00201,carex flaccosperma,Arkansas
PLANT-00201,carex flaccosperma,Florida
PLANT-00201,carex flaccosperma,Georgia
PLANT-00201,carex flaccosperma,Kansas
PLANT-00201,carex flaccosperma,Kentucky
PLANT-00201,carex flaccosperma,Louisiana
PLANT-00201,carex flaccosperma,Mississippi
PLANT-00201,carex flaccosperma,Missouri
PLANT-00201,carex flaccosperma,North Carolina
PLANT-00201,carex flaccosperma,Oklahoma
PLANT-00201,carex flaccosperma,South Carolina
PLANT-00201,carex flaccosperma,Tennessee
PLANT-00201,carex flaccosperma,Texas
PLANT-00201,carex flaccosperma,Virginia
PLANT-00202,carex frankii,Alabama
PLANT-00202,carex frankii,Arkansas
PLANT-00202,carex frankii,Delaware
PLANT-00202,carex frankii,Georgia
PLANT-00202,carex frankii,Illinois
PLANT-00202,carex frankii,Indiana
PLANT-00202,carex frankii,Iowa
PLANT-00202,carex frankii,Kansas
PLANT-00202,carex frankii,Kentucky
PLANT-00202,carex frankii,Maryland
PLANT-00202,carex frankii,Michigan
PLANT-00202,carex frankii,Missouri
PLANT-00202,carex frankii,Nebraska
PLANT-00202,carex frankii,New Jersey
PLANT-00202,carex frankii,New Mexico
PLANT-00202,carex frankii,New York
PLANT-00202,carex frankii,North Carolina
PLANT-00202,carex frankii,Ohio
PLANT-00202,carex frankii,Oklahoma
PLANT-00202,carex frankii,Pennsylvania
PLANT-00202,carex frankii,South Carolina
PLANT-00202,carex frankii,Tennessee
PLANT-00202,carex frankii,Virginia
PLANT-00202,carex frankii,West Virginia
PLANT-00203,carex grayi,Alabama
PLANT-00203,carex grayi,Arkansas
PLANT-00203,carex grayi,Connecticut
PLANT-00203,carex grayi,Delaware
PLANT-00203,carex grayi,Florida
PLANT-00203,carex grayi,Georgia
PLANT-00203,carex grayi,Illinois
PLANT-00203,carex grayi,Indiana
PLANT-00203,carex grayi,Iowa
PLANT-00203,carex grayi,Kansas
PLANT-00203,carex grayi,Kentucky
PLANT-00203,carex grayi,Maryland
PLANT-00203,carex grayi,Massachusetts
PLANT-00203,carex grayi,Michigan
PLANT-00203,carex grayi,Minnesota
PLANT-00203,carex grayi,Mississippi
PLANT-00203,carex grayi,Missouri
PLANT-00203,carex grayi,New York
PLANT-00203,carex grayi,North Carolina
PLANT-00203,carex grayi,Ohio
PLANT-00203,carex grayi,Oklahoma
PLANT-00203,carex grayi,Pennsylvania
PLANT-00203,carex grayi,South Carolina
PLANT-00203,carex grayi,Tennessee
PLANT-00203,carex grayi,Vermont
PLANT-00203,carex grayi,Virginia
PLANT-00203,carex grayi,Wisconsin
PLANT-00204,carex haydenii,Illinois
PLANT-00204,carex haydenii,Indiana
PLANT-00204,carex haydenii,Iowa
PLANT-00204,carex haydenii,Maine
PLANT-00204,carex haydenii,Massachusetts
PLANT-00204,carex haydenii,Michigan
PLANT-00204,carex haydenii,Minnesota
PLANT-00204,carex haydenii,Missouri
PLANT-00204,carex haydenii,Nebraska
PLANT-00204,carex haydenii,New Hampshire
PLANT-00204,carex haydenii,New York
PLANT-00204,carex haydenii,North Dakota
PLANT-00204,carex haydenii,Ohio
PLANT-00204,carex haydenii,Pennsylvania
PLANT-00204,carex haydenii,South Dakota
PLANT-00204,carex haydenii,Vermont
PLANT-00204,carex haydenii,Wisconsin
PLANT-00205,carex laxiculmis,Alabama
PLANT-00205,carex laxiculmis,Arkansas
PLANT-00205,carex laxiculmis,Connecticut
PLANT-00205,carex laxiculmis,Delaware
PLANT-00205,carex laxiculmis,Georgia
PLANT-00205,carex laxiculmis,Illinois
PLANT-00205,carex laxiculmis,Indiana
PLANT-00205,carex laxiculmis,Iowa
PLANT-00205,carex laxiculmis,Kentucky
PLANT-00205,carex laxiculmis,Maine
PLANT-00205,carex laxiculmis,Maryland
PLANT-00205,carex laxiculmis,Massachusetts
PLANT-00205,carex laxiculmis,Michigan
PLANT-00205,carex laxiculmis,Missouri
PLANT-00205,carex laxiculmis,New Hampshire
PLANT-00205,carex laxiculmis,New Jersey
PLANT-00205,carex laxiculmis,New York
PLANT-00205,carex laxiculmis,North Carolina
PLANT-00205,carex laxiculmis,Ohio
PLANT-00205,carex laxiculmis,Pennsylvania
PLANT-00205,carex laxiculmis,Rhode Island
PLANT-00205,carex laxiculmis,South Carolina
PLANT-00205,carex laxiculmis,Vermont
PLANT-00205,carex laxiculmis,Virginia
PLANT-00205,carex laxiculmis,West Virginia
PLANT-00205,carex laxiculmis,Wisconsin
PLANT-00206,carex leporina,California
PLANT-00206,carex leporina,Nevada
PLANT-00206,carex leporina,Oregon
PLANT-00206,carex leporina,Washington
PLANT-00207,carex lurida,Alabama
PLANT-00207,carex lurida,Arkansas
PLANT-00207,carex lurida,Connecticut
PLANT-00207,carex lurida,Delaware
PLANT-00207,carex lurida,Florida
PLANT-00207,carex lurida,Georgia
PLANT-00207,carex lurida,Illinois
PLANT-00207,carex lurida,Indiana
PLANT-00207,carex lurida,Iowa
PLANT-00207,carex lurida,Kentucky
PLANT-00207,carex lurida,Louisiana
PLANT-00207,carex lurida,Maine
PLANT-00207,carex lurida,Maryland
PLANT-00207,carex lurida,Michigan
PLANT-00207,carex lurida,Mississippi
PLANT-00207,carex lurida,Missouri
PLANT-00207,carex lurida,New Hampshire
PLANT-00207,carex lurida,New Jersey
PLANT-00207,carex lurida,New York
PLANT-00207,carex lurida,North Carolina
PLANT-00207,carex lurida,Ohio
PLANT-00207,carex lurida,Oklahoma
PLANT-00207,carex lurida,Pennsylvania
PLANT-00207,carex lurida,Rhode Island
PLANT-00207,carex lurida,South Carolina
PLANT-00207,carex lurida,Tennessee
PLANT-00207,carex lurida,Texas
PLANT-00207,carex lurida,Vermont
PLANT-00207,carex lurida,Virginia
PLANT-00207,carex lurida,West Virginia
PLANT-00207,carex lurida,Wisconsin
PLANT-00208,carex muskingumensis,Arkansas
PLANT-00208,carex muskingumensis,Illinois
PLANT-00208,carex muskingumensis,Indiana
PLANT-00208,carex muskingumensis,Iowa
PLANT-00208,carex muskingumensis,Kansas
PLANT-00208,carex muskingumensis,Kentucky
PLANT-00208,carex muskingumensis,Michigan
PLANT-00208,carex muskingumensis,Minnesota
PLANT-00208,carex muskingumensis,Missouri
PLANT-00208,carex muskingumensis,Ohio
PLANT-00208,carex muskingumensis,Oklahoma
PLANT-00208,carex muskingumensis,Tennessee
PLANT-00208,carex muskingumensis,Wisconsin
PLANT-00209,carex nigra,Connecticut
PLANT-00209,carex nigra,Georgia
PLANT-00209,carex nigra,Maine
PLANT-00209,carex nigra,Massachusetts
PLANT-00209,carex nigra,Michigan
PLANT-00209,carex nigra,New Hampshire
PLANT-00209,carex nigra,New York
PLANT-00209,carex nigra,Vermont
PLANT-00210,carex normalis,Alabama
PLANT-00210,carex normalis,Arkansas
PLANT-00210,carex normalis,Connecticut
PLANT-00210,carex normalis,Delaware
PLANT-00210,carex normalis,Georgia
PLANT-00210,carex normalis,Illinois
PLANT-00210,carex normalis,Indiana
PLANT-00210,carex normalis,Iowa
PLANT-00210,carex normalis,Kansas
PLANT-00210,carex normalis,Kentucky
PLANT-00210,carex normalis,Maine
PLANT-00210,carex normalis,Maryland
PLANT-00210,carex normalis,Massachusetts
PLANT-00210,carex normalis,Michigan
PLANT-00210,carex normalis,Minnesota
PLANT-00210,carex normalis,Missouri
PLANT-00210,carex normalis,New Hampshire
PLANT-00210,carex normalis,New Jersey
PLANT-00210,carex normalis,New York
PLANT-00210,carex normalis,North Carolina
PLANT-00210,carex normalis,Ohio
PLANT-00210,carex normalis,Pennsylvania
PLANT-00210,carex normalis,Rhode Island
PLANT-00210,carex normalis,South Carolina
PLANT-00210,carex normalis,South Dakota
PLANT-00210,carex normalis,Tennessee
PLANT-00210,carex normalis,Vermont
PLANT-00210,carex normalis,Virginia
PLANT-00210,carex normalis,West Virginia
PLANT-00210,carex normalis,Wisconsin
PLANT-00211,carex pensylvanica,Alabama
PLANT-00211,carex pensylvanica,Arkansas
PLANT-00211,carex pensylvanica,Connecticut
PLANT-00211,carex pensylvanica,Delaware
PLANT-00211,carex pensylvanica,Georgia
PLANT-00211,carex pensylvanica,Illinois
PLANT-00211,carex pensylvanica,Indiana
PLANT-00211,carex pensylvanica,Iowa
PLANT-00211,carex pensylvanica,Kentucky
PLANT-00211,carex pensylvanica,Maine
PLANT-00211,carex pensylvanica,Maryland
PLANT-00211,carex pensylvanica,Massachusetts
PLANT-00211,carex pensylvanica,Michigan
PLANT-00211,carex pensylvanica,Minnesota
PLANT-00211,carex pensylvanica,Missouri
PLANT-00211,carex pensylvanica,New Hampshire
PLANT-00211,carex pensylvanica,New Jersey
PLANT-00211,carex pensylvanica,New York
PLANT-00211,carex pensylvanica,North Carolina
PLANT-00211,carex pensylvanica,Ohio
PLANT-00211,carex pensylvanica,Pennsylvania
PLANT-00211,carex pensylvanica,Rhode Island
PLANT-00211,carex pensylvanica,South Dakota
PLANT-00211,carex pensylvanica,Tennessee
PLANT-00211,carex pensylvanica,Vermont
PLANT-00211,carex pensylvanica,Virginia
PLANT-00211,carex pensylvanica,West Virginia
PLANT-00211,carex pensylvanica,Wisconsin
PLANT-00212,carex praegracilis,Alaska
PLANT-00212,carex praegracilis,Arizona
PLANT-00212,carex praegracilis,California
PLANT-00212,carex praegracilis,Colorado
PLANT-00212,carex praegracilis,Idaho
PLANT-00212,carex praegracilis,Iowa
PLANT-00212,carex praegracilis,Kansas
PLANT-00212,carex praegracilis,Minnesota
PLANT-00212,carex praegracilis,Missouri
PLANT-00212,carex praegracilis,Montana
PLANT-00212,carex praegracilis,Nebraska
PLANT-00212,carex praegracilis,Nevada
PLANT-00212,carex praegracilis,New Mexico
PLANT-00212,carex praegracilis,North Dakota
PLANT-00212,carex praegracilis,Oklahoma
PLANT-00212,carex praegracilis,Oregon
PLANT-00212,carex praegracilis,South Dakota
PLANT-00212,carex praegracilis,Utah
PLANT-00212,carex praegracilis,Washington
PLANT-00212,carex praegracilis,Wyoming
PLANT-00213,carex radiata,Alabama
PLANT-00213,carex radiata,Arkansas
PLANT-00213,carex radiata,Connecticut
PLANT-00213,carex radiata,Delaware
PLANT-00213,carex radiata,Illinois
PLANT-00213,carex radiata,Indiana
PLANT-00213,carex radiata,Iowa
PLANT-00213,carex radiata,Kansas
PLANT-00213,carex radiata,Kentucky
PLANT-00213,carex radiata,Louisiana
PLANT-00213,carex radiata,Maine
PLANT-00213,carex radiata,Maryland
PLANT-00213,carex radiata,Massachusetts
PLANT-00213,carex radiata,Michigan
PLANT-00213,carex radiata,Minnesota
PLANT-00213,carex radiata,Mississippi
PLANT-00213,carex radiata,Missouri
PLANT-00213,carex radiata,Nebraska
PLANT-00213,carex radiata,New Hampshire
PLANT-00213,carex radiata,New Jersey
PLANT-00213,carex radiata,New York
PLANT-00213,carex radiata,North Carolina
PLANT-00213,carex radiata,North Dakota
PLANT-00213,carex radiata,Ohio
PLANT-00213,carex radiata,Oklahoma
PLANT-00213,carex radiata,Pennsylvania
PLANT-00213,carex radiata,South Carolina
PLANT-00213,carex radiata,South Dakota
PLANT-00213,carex radiata,Tennessee
PLANT-00213,carex radiata,Vermont
PLANT-00213,carex radiata,Virginia
PLANT-00213,carex radiata,West Virginia
PLANT-00213,carex radiata,Wisconsin
PLANT-00214,carex retroflexa,Arkansas
PLANT-00214,carex retroflexa,Connecticut
PLANT-00214,carex retroflexa,Delaware
PLANT-00214,carex retroflexa,Florida
PLANT-00214,carex retroflexa,Georgia
PLANT-00214,carex retroflexa,Illinois
PLANT-00214,carex retroflexa,Indiana
PLANT-00214,carex retroflexa,Kansas
PLANT-00214,carex retroflexa,Kentucky
PLANT-00214,carex retroflexa,Maryland
PLANT-00214,carex retroflexa,Michigan
PLANT-00214,carex retroflexa,Mississippi
PLANT-00214,carex retroflexa,Missouri
PLANT-00214,carex retroflexa,New Jersey
PLANT-00214,carex retroflexa,New York
PLANT-00214,carex retroflexa,North Carolina
PLANT-00214,carex retroflexa,Ohio
PLANT-00214,carex retroflexa,Oklahoma
PLANT-00214,carex retroflexa,Pennsylvania
PLANT-00214,carex retroflexa,Rhode Island
PLANT-00214,carex retroflexa,South Carolina
PLANT-00214,carex retroflexa,Tennessee
PLANT-00214,carex retroflexa,Texas
PLANT-00214,carex retroflexa,Virginia
PLANT-00214,carex retroflexa,West Virginia
PLANT-00215,carex squarrosa,Alabama
PLANT-00215,carex squarrosa,Arkansas
PLANT-00215,carex squarrosa,Connecticut
PLANT-00215,carex squarrosa,Delaware
PLANT-00215,carex squarrosa,Georgia
PLANT-00215,carex squarrosa,Illinois
PLANT-00215,carex squarrosa,Indiana
PLANT-00215,carex squarrosa,Iowa
PLANT-00215,carex squarrosa,Kansas
PLANT-00215,carex squarrosa,Kentucky
PLANT-00215,carex squarrosa,Louisiana
PLANT-00215,carex squarrosa,Maryland
PLANT-00215,carex squarrosa,Massachusetts
PLANT-00215,carex squarrosa,Michigan
PLANT-00215,carex squarrosa,Minnesota
PLANT-00215,carex squarrosa,Mississippi
PLANT-00215,carex squarrosa,Missouri
PLANT-00215,carex squarrosa,Nebraska
PLANT-00215,carex squarrosa,New Jersey
PLANT-00215,carex squarrosa,New York
PLANT-00215,carex squarrosa,North Carolina
PLANT-00215,carex squarrosa,Ohio
PLANT-00215,carex squarrosa,Oklahoma
PLANT-00215,carex squarrosa,Pennsylvania
PLANT-00215,carex squarrosa,South Carolina
PLANT-00215,carex squarrosa,Tennessee
PLANT-00215,carex squarrosa,Virginia
PLANT-00215,carex squarrosa,West Virginia
PLANT-00216,carex stricta,Alabama
PLANT-00216,carex stricta,Connecticut
PLANT-00216,carex stricta,Delaware
PLANT-00216,carex stricta,Illinois
PLANT-00216,carex stricta,Indiana
PLANT-00216,carex stricta,Iowa
PLANT-00216,carex stricta,Kansas
PLANT-00216,carex stricta,Kentucky
PLANT-00216,carex stricta,Maine
PLANT-00216,carex stricta,Maryland
PLANT-00216,carex stricta,Massachusetts
PLANT-00216,carex stricta,Michigan
PLANT-00216,carex stricta,Minnesota
PLANT-00216,carex stricta,Mississippi
PLANT-00216,carex stricta,Missouri
PLANT-00216,carex stricta,Nebraska
PLANT-00216,carex stricta,New Hampshire
PLANT-00216,carex stricta,New Jersey
PLANT-00216,carex stricta,New Mexico
PLANT-00216,carex stricta,New York
PLANT-00216,carex stricta,North Carolina
PLANT-00216,carex stricta,North Dakota
PLANT-00216,carex stricta,Ohio
PLANT-00216,carex stricta,Rhode Island
PLANT-00216,carex stricta,South Dakota
PLANT-00216,carex stricta,Tennessee
PLANT-00216,carex stricta,Texas
PLANT-00216,carex stricta,Vermont
PLANT-00216,carex stricta,Virginia
PLANT-00216,carex stricta,West Virginia
PLANT-00216,carex stricta,Wisconsin
PLANT-00217,carex swanii,Alabama
PLANT-00217,carex swanii,Arkansas
PLANT-00217,carex swanii,Connecticut
PLANT-00217,carex swanii,Delaware
PLANT-00217,carex swanii,Georgia
PLANT-00217,carex swanii,Illinois
PLANT-00217,carex swanii,Indiana
PLANT-00217,carex swanii,Kansas
PLANT-00217,carex swanii,Kentucky
PLANT-00217,carex swanii,Maine
PLANT-00217,carex swanii,Maryland
PLANT-00217,carex swanii,Massachusetts
PLANT-00217,carex swanii,Michigan
PLANT-00217,carex swanii,Mississippi
PLANT-00217,carex swanii,Missouri
PLANT-00217,carex swanii,New Hampshire
PLANT-00217,carex swanii,New Jersey
PLANT-00217,carex swanii,New York
PLANT-00217,carex swanii,North Carolina
PLANT-00217,carex swanii,Ohio
PLANT-00217,carex swanii,Pennsylvania
PLANT-00217,carex swanii,Rhode Island
PLANT-00217,carex swanii,Tennessee
PLANT-00217,carex swanii,Vermont
PLANT-00217,carex swanii,Virginia
PLANT-00217,carex swanii,West Virginia
PLANT-00217,carex swanii,Wisconsin
PLANT-00218,carex tumulicola,California
PLANT-00218,carex tumulicola,Oregon
PLANT-00218,carex tumulicola,Washington
PLANT-00219,carex vulpinoidea,Alabama
PLANT-00219,carex vulpinoidea,Arizona
PLANT-00219,carex vulpinoidea,Arkansas
PLANT-00219,carex vulpinoidea,California
PLANT-00219,carex vulpinoidea,Colorado
PLANT-00219,carex vulpinoidea,Connecticut
PLANT-00219,carex vulpinoidea,Delaware
PLANT-00219,carex vulpinoidea,Florida
PLANT-00219,carex vulpinoidea,Georgia
PLANT-00219,carex vulpinoidea,Idaho
PLANT-00219,carex vulpinoidea,Illinois
PLANT-00219,carex vulpinoidea,Indiana
PLANT-00219,carex vulpinoidea,Iowa
PLANT-00219,carex vulpinoidea,Kansas
PLANT-00219,carex vulpinoidea,Kentucky
PLANT-00219,carex vulpinoidea,Louisiana
PLANT-00219,carex vulpinoidea,Maine
PLANT-00219,carex vulpinoidea,Maryland
PLANT-00219,carex vulpinoidea,Massachusetts
PLANT-00219,carex vulpinoidea,Michigan
PLANT-00219,carex vulpinoidea,Minnesota
PLANT-00219,carex vulpinoidea,Mississippi
PLANT-00219,carex vulpinoidea,Missouri
PLANT-00219,carex vulpinoidea,Montana
PLANT-00219,carex vulpinoidea,Nebraska
PLANT-00219,carex vulpinoidea,New Hampshire
PLANT-00219,carex vulpinoidea,New Jersey
PLANT-00219,carex vulpinoidea,New Mexico
PLANT-00219,carex vulpinoidea,New York
PLANT-00219,carex vulpinoidea,North Carolina
PLANT-00219,carex vulpinoidea,North Dakota
PLANT-00219,carex vulpinoidea,Ohio
PLANT-00219,carex vulpinoidea,Oklahoma
PLANT-00219,carex vulpinoidea,Oregon
PLANT-00219,carex vulpinoidea,Pennsylvania
PLANT-00219,carex vulpinoidea,Rhode Island
PLANT-00219,carex vulpinoidea,South Carolina
PLANT-00219,carex vulpinoidea,South Dakota
PLANT-00219,carex vulpinoidea,Tennessee
PLANT-00219,carex vulpinoidea,Texas
PLANT-00219,carex vulpinoidea,Vermont
PLANT-00219,carex vulpinoidea,Virginia
PLANT-00219,carex vulpinoidea,Washington
PLANT-00219,carex vulpinoidea,West Virginia
PLANT-00219,carex vulpinoidea,Wisconsin
PLANT-00219,carex vulpinoidea,Wyoming
PLANT-00220,carpinus betulus,Georgia
PLANT-00221,carpinus caroliniana,Alabama
PLANT-00221,carpinus caroliniana,Arkansas
PLANT-00221,carpinus caroliniana,Connecticut
PLANT-00221,carpinus caroliniana,Delaware
PLANT-00221,carpinus caroliniana,Florida
PLANT-00221,carpinus caroliniana,Georgia
PLANT-00221,carpinus caroliniana,Illinois
PLANT-00221,carpinus caroliniana,Indiana
PLANT-00221,carpinus caroliniana,Iowa
PLANT-00221,carpinus caroliniana,Kentucky
PLANT-00221,carpinus caroliniana,Louisiana
PLANT-00221,carpinus caroliniana,Maine
PLANT-00221,carpinus caroliniana,Maryland
PLANT-00221,carpinus caroliniana,Michigan
PLANT-00221,carpinus caroliniana,Minnesota
PLANT-00221,carpinus caroliniana,Mississippi
PLANT-00221,carpinus caroliniana,Missouri
PLANT-00221,carpinus caroliniana,New Hampshire
PLANT-00221,carpinus caroliniana,New Jersey
PLANT-00221,carpinus caroliniana,New York
PLANT-00221,carpinus caroliniana,North Carolina
PLANT-00221,carpinus caroliniana,Ohio
PLANT-00221,carpinus caroliniana,Oklahoma
PLANT-00221,carpinus caroliniana,Pennsylvania
PLANT-00221,carpinus caroliniana,Rhode Island
PLANT-00221,carpinus caroliniana,South Carolina
PLANT-00221,carpinus caroliniana,Tennessee
PLANT-00221,carpinus caroliniana,Texas
PLANT-00221,carpinus caroliniana,Vermont
PLANT-00221,carpinus caroliniana,Virginia
PLANT-00221,carpinus caroliniana,West Virginia
PLANT-00221,carpinus caroliniana,Wisconsin
PLANT-00222,carya cordiformis,Alabama
PLANT-00222,carya cordiformis,Arkansas
PLANT-00222,carya cordiformis,Connecticut
PLANT-00222,carya cordiformis,Delaware
PLANT-00222,carya cordiformis,Florida
PLANT-00222,carya cordiformis,Georgia
PLANT-00222,carya cordiformis,Illinois
PLANT-00222,carya cordiformis,Indiana
PLANT-00222,carya cordiformis,Iowa
PLANT-00222,carya cordiformis,Kansas
PLANT-00222,carya cordiformis,Kentucky
PLANT-00222,carya cordiformis,Louisiana
PLANT-00222,carya cordiformis,Maine
PLANT-00222,carya cordiformis,Maryland
PLANT-00222,carya cordiformis,Massachusetts
PLANT-00222,carya cordiformis,Michigan
PLANT-00222,carya cordiformis,Minnesota
PLANT-00222,carya cordiformis,Mississippi
PLANT-00222,carya cordiformis,Missouri
PLANT-00222,carya cordiformis,Nebraska
PLANT-00222,carya cordiformis,New Hampshire
PLANT-00222,carya cordiformis,New Jersey
PLANT-00222,carya cordiformis,New York
PLANT-00222,carya cordiformis,North Carolina
PLANT-00222,carya cordiformis,Ohio
PLANT-00222,carya cordiformis,Oklahoma
PLANT-00222,carya cordiformis,Pennsylvania
PLANT-00222,carya cordiformis,Rhode Island
PLANT-00222,carya cordiformis,South Carolina
PLANT-00222,carya cordiformis,Tennessee
PLANT-00222,carya cordiformis,Texas
PLANT-00222,carya cordiformis,Vermont
PLANT-00222,carya cordiformis,Virginia
PLANT-00222,carya cordiformis,West Virginia
PLANT-00222,carya cordiformis,Wisconsin
PLANT-00223,carya glabra,Alabama
PLANT-00223,carya glabra,Arkansas
PLANT-00223,carya glabra,Connecticut
PLANT-00223,carya glabra,Delaware
PLANT-00223,carya glabra,Florida
PLANT-00223,carya glabra,Georgia
PLANT-00223,carya glabra,Illinois
PLANT-00223,carya glabra,Indiana
PLANT-00223,carya glabra,Kansas
PLANT-00223,carya glabra,Kentucky
PLANT-00223,carya glabra,Louisiana
PLANT-00223,carya glabra,Maryland
PLANT-00223,carya glabra,Massachusetts
PLANT-00223,carya glabra,Michigan
PLANT-00223,carya glabra,Mississippi
PLANT-00223,carya glabra,Missouri
PLANT-00223,carya glabra,New Hampshire
PLANT-00223,carya glabra,New Jersey
PLANT-00223,carya glabra,New York
PLANT-00223,carya glabra,North Carolina
PLANT-00223,carya glabra,Ohio
PLANT-00223,carya glabra,Oklahoma
PLANT-00223,carya glabra,Pennsylvania
PLANT-00223,carya glabra,Rhode Island
PLANT-00223,carya glabra,South Carolina
PLANT-00223,carya glabra,Tennessee
PLANT-00223,carya glabra,Texas
PLANT-00223,carya glabra,Vermont
PLANT-00223,carya glabra,Virginia
PLANT-00223,carya glabra,West Virginia
PLANT-00224,carya illinoinensis,Arkansas
PLANT-00224,carya illinoinensis,Illinois
PLANT-00224,carya illinoinensis,Indiana
PLANT-00224,carya illinoinensis,Iowa
PLANT-00224,carya illinoinensis,Kansas
PLANT-00224,carya illinoinensis,Kentucky
PLANT-00224,carya illinoinensis,Louisiana
PLANT-00224,carya illinoinensis,Mississippi
PLANT-00224,carya illinoinensis,Missouri
PLANT-00224,carya illinoinensis,Oklahoma
PLANT-00224,carya illinoinensis,Tennessee
PLANT-00224,carya illinoinensis,Texas
PLANT-00225,carya laciniosa,Alabama
PLANT-00225,carya laciniosa,Arkansas
PLANT-00225,carya laciniosa,Delaware
PLANT-00225,carya laciniosa,Georgia
PLANT-00225,carya laciniosa,Illinois
PLANT-00225,carya laciniosa,Indiana
PLANT-00225,carya laciniosa,Iowa
PLANT-00225,carya laciniosa,Kansas
PLANT-00225,carya laciniosa,Kentucky
PLANT-00225,carya laciniosa,Louisiana
PLANT-00225,carya laciniosa,Maine
PLANT-00225,carya laciniosa,Maryland
PLANT-00225,carya laciniosa,Massachusetts
PLANT-00225,carya laciniosa,Michigan
PLANT-00225,carya laciniosa,Mississippi
PLANT-00225,carya laciniosa,Missouri
PLANT-00225,carya laciniosa,Nebraska
PLANT-00225,carya laciniosa,New Jersey
PLANT-00225,carya laciniosa,New York
PLANT-00225,carya laciniosa,North Carolina
PLANT-00225,carya laciniosa,Ohio
PLANT-00225,carya laciniosa,Oklahoma
PLANT-00225,carya laciniosa,Pennsylvania
PLANT-00225,carya laciniosa,South Carolina
PLANT-00225,carya laciniosa,Tennessee
PLANT-00225,carya laciniosa,Texas
PLANT-00225,carya laciniosa,Virginia
PLANT-00225,carya laciniosa,West Virginia
PLANT-00226,carya ovata,Alabama
PLANT-00226,carya ovata,Arkansas
PLANT-00226,carya ovata,Connecticut
PLANT-00226,carya ovata,Delaware
PLANT-00226,carya ovata,Georgia
PLANT-00226,carya ovata,Illinois
PLANT-00226,carya ovata,Indiana
PLANT-00226,carya ovata,Iowa
PLANT-00226,carya ovata,Kansas
PLANT-00226,carya ovata,Kentucky
PLANT-00226,carya ovata,Louisiana
PLANT-00226,carya ovata,Maine
PLANT-00226,carya ovata,Maryland
PLANT-00226,carya ovata,Massachusetts
PLANT-00226,carya ovata,Michigan
PLANT-00226,carya ovata,Minnesota
PLANT-00226,carya ovata,Mississippi
PLANT-00226,carya ovata,Missouri
PLANT-00226,carya ovata,Nebraska
PLANT-00226,carya ovata,New Hampshire
PLANT-00226,carya ovata,New Jersey
PLANT-00226,carya ovata,New York
PLANT-00226,carya ovata,North Carolina
PLANT-00226,carya ovata,North Dakota
PLANT-00226,carya ovata,Ohio
PLANT-00226,carya ovata,Oklahoma
PLANT-00226,carya ovata,Pennsylvania
PLANT-00226,carya ovata,Rhode Island
PLANT-00226,carya ovata,South Carolina
PLANT-00226,carya ovata,Tennessee
PLANT-00226,carya ovata,Texas
PLANT-00226,carya ovata,Vermont
PLANT-00226,carya ovata,Virginia
PLANT-00226,carya ovata,West Virginia
PLANT-00226,carya ovata,Wisconsin
PLANT-00227,carya tomentosa,Alabama
PLANT-00227,carya tomentosa,Arkansas
PLANT-00227,carya tomentosa,Connecticut
PLANT-00227,carya tomentosa,Delaware
PLANT-00227,carya tomentosa,Florida
PLANT-00227,carya tomentosa,Georgia
PLANT-00227,carya tomentosa,Illinois
PLANT-00227,carya tomentosa,Indiana
PLANT-00227,carya tomentosa,Iowa
PLANT-00227,carya tomentosa,Kansas
PLANT-00227,carya tomentosa,Kentucky
PLANT-00227,carya tomentosa,Louisiana
PLANT-00227,carya tomentosa,Maryland
PLANT-00227,carya tomentosa,Massachusetts
PLANT-00227,carya tomentosa,Mississippi
PLANT-00227,carya tomentosa,Missouri
PLANT-00227,carya tomentosa,New Jersey
PLANT-00227,carya tomentosa,New York
PLANT-00227,carya tomentosa,North Carolina
PLANT-00227,carya tomentosa,Ohio
PLANT-00227,carya tomentosa,Oklahoma
PLANT-00227,carya tomentosa,Pennsylvania
PLANT-00227,carya tomentosa,Rhode Island
PLANT-00227,carya tomentosa,South Carolina
PLANT-00227,carya tomentosa,Tennessee
PLANT-00227,carya tomentosa,Texas
PLANT-00227,carya tomentosa,Virginia
PLANT-00227,carya tomentosa,West Virginia
PLANT-00228,carya ã— laneyi,New Hampshire
PLANT-00228,carya ã— laneyi,Pennsylvania
PLANT-00228,carya ã— laneyi,Vermont
PLANT-00228,carya ã— laneyi,Wisconsin
PLANT-00229,castanea dentata,Alabama
PLANT-00229,castanea dentata,Connecticut
PLANT-00229,castanea dentata,Delaware
PLANT-00229,castanea dentata,Florida
PLANT-00229,castanea dentata,Georgia
PLANT-00229,castanea dentata,Illinois
PLANT-00229,castanea dentata,Indiana
PLANT-00229,castanea dentata,Kentucky
PLANT-00229,castanea dentata,Louisiana
PLANT-00229,castanea dentata,Maine
PLANT-00229,castanea dentata,Maryland
PLANT-00229,castanea dentata,Massachusetts
PLANT-00229,castanea dentata,Michigan
PLANT-00229,castanea dentata,Mississippi
PLANT-00229,castanea dentata,New Hampshire
PLANT-00229,castanea dentata,New Jersey
PLANT-00229,castanea dentata,New York
PLANT-00229,castanea dentata,North Carolina
PLANT-00229,castanea dentata,Ohio
PLANT-00229,castanea dentata,Oklahoma
PLANT-00229,castanea dentata,Pennsylvania
PLANT-00229,castanea dentata,Rhode Island
PLANT-00229,castanea dentata,South Carolina
PLANT-00229,castanea dentata,Tennessee
PLANT-00229,castanea dentata,Vermont
PLANT-00229,castanea dentata,Virginia
PLANT-00229,castanea dentata,West Virginia
PLANT-00230,castanea ozarkensis,Alabama
PLANT-00230,castanea ozarkensis,Arkansas
PLANT-00230,castanea ozarkensis,Louisiana
PLANT-00230,castanea ozarkensis,Mississippi
PLANT-00230,castanea ozarkensis,Missouri
PLANT-00230,castanea ozarkensis,Oklahoma
PLANT-00231,castilleja coccinea,Alabama
PLANT-00231,castilleja coccinea,Arkansas
PLANT-00231,castilleja coccinea,Connecticut
PLANT-00231,castilleja coccinea,Delaware
PLANT-00231,castilleja coccinea,Florida
PLANT-00231,castilleja coccinea,Georgia
PLANT-00231,castilleja coccinea,Illinois
PLANT-00231,castilleja coccinea,Indiana
PLANT-00231,castilleja coccinea,Iowa
PLANT-00231,castilleja coccinea,Kansas
PLANT-00231,castilleja coccinea,Kentucky
PLANT-00231,castilleja coccinea,Louisiana
PLANT-00231,castilleja coccinea,Maine
PLANT-00231,castilleja coccinea,Maryland
PLANT-00231,castilleja coccinea,Massachusetts
PLANT-00231,castilleja coccinea,Michigan
PLANT-00231,castilleja coccinea,Minnesota
PLANT-00231,castilleja coccinea,Mississippi
PLANT-00231,castilleja coccinea,Missouri
PLANT-00231,castilleja coccinea,New Hampshire
PLANT-00231,castilleja coccinea,New Jersey
PLANT-00231,castilleja coccinea,New York
PLANT-00231,castilleja coccinea,North Carolina
PLANT-00231,castilleja coccinea,Ohio
PLANT-00231,castilleja coccinea,Oklahoma
PLANT-00231,castilleja coccinea,Pennsylvania
PLANT-00231,castilleja coccinea,Rhode Island
PLANT-00231,castilleja coccinea,South Carolina
PLANT-00231,castilleja coccinea,Tennessee
PLANT-00231,castilleja coccinea,Virginia
PLANT-00231,castilleja coccinea,West Virginia
PLANT-00231,castilleja coccinea,Wisconsin
PLANT-00232,catalpa bignonioides,Alabama
PLANT-00232,catalpa bignonioides,Florida
PLANT-00232,catalpa bignonioides,Georgia
PLANT-00232,catalpa bignonioides,Louisiana
PLANT-00232,catalpa bignonioides,Mississippi
PLANT-00233,catalpa speciosa,Alabama
PLANT-00233,catalpa speciosa,Arkansas
PLANT-00233,catalpa speciosa,Colorado
PLANT-00233,catalpa speciosa,Connecticut
PLANT-00233,catalpa speciosa,Georgia
PLANT-00233,catalpa speciosa,Illinois
PLANT-00233,catalpa speciosa,Indiana
PLANT-00233,catalpa speciosa,Iowa
PLANT-00233,catalpa speciosa,Kansas
PLANT-00233,catalpa speciosa,Kentucky
PLANT-00233,catalpa speciosa,Louisiana
PLANT-00233,catalpa speciosa,Maine
PLANT-00233,catalpa speciosa,Maryland
PLANT-00233,catalpa speciosa,Massachusetts
PLANT-00233,catalpa speciosa,Michigan
PLANT-00233,catalpa speciosa,Minnesota
PLANT-00233,catalpa speciosa,Mississippi
PLANT-00233,catalpa speciosa,Missouri
PLANT-00233,catalpa speciosa,Nebraska
PLANT-00233,catalpa speciosa,New Hampshire
PLANT-00233,catalpa speciosa,New Jersey
PLANT-00233,catalpa speciosa,New Mexico
PLANT-00233,catalpa speciosa,New York
PLANT-00233,catalpa speciosa,North Carolina
PLANT-00233,catalpa speciosa,North Dakota
PLANT-00233,catalpa speciosa,Ohio
PLANT-00233,catalpa speciosa,Oklahoma
PLANT-00233,catalpa speciosa,Pennsylvania
PLANT-00233,catalpa speciosa,Rhode Island
PLANT-00233,catalpa speciosa,South Carolina
PLANT-00233,catalpa speciosa,South Dakota
PLANT-00233,catalpa speciosa,Tennessee
PLANT-00233,catalpa speciosa,Texas
PLANT-00233,catalpa speciosa,Utah
PLANT-00233,catalpa speciosa,Virginia
PLANT-00233,catalpa speciosa,West Virginia
PLANT-00233,catalpa speciosa,Wisconsin
PLANT-00234,caulophyllum thalictroides,Alabama
PLANT-00234,caulophyllum thalictroides,Arizona
PLANT-00234,caulophyllum thalictroides,Arkansas
PLANT-00234,caulophyllum thalictroides,Connecticut
PLANT-00234,caulophyllum thalictroides,Delaware
PLANT-00234,caulophyllum thalictroides,Georgia
PLANT-00234,caulophyllum thalictroides,Illinois
PLANT-00234,caulophyllum thalictroides,Indiana
PLANT-00234,caulophyllum thalictroides,Iowa
PLANT-00234,caulophyllum thalictroides,Kansas
PLANT-00234,caulophyllum thalictroides,Kentucky
PLANT-00234,caulophyllum thalictroides,Maine
PLANT-00234,caulophyllum thalictroides,Maryland
PLANT-00234,caulophyllum thalictroides,Massachusetts
PLANT-00234,caulophyllum thalictroides,Michigan
PLANT-00234,caulophyllum thalictroides,Minnesota
PLANT-00234,caulophyllum thalictroides,Missouri
PLANT-00234,caulophyllum thalictroides,Nebraska
PLANT-00234,caulophyllum thalictroides,New Hampshire
PLANT-00234,caulophyllum thalictroides,New Jersey
PLANT-00234,caulophyllum thalictroides,New York
PLANT-00234,caulophyllum thalictroides,North Carolina
PLANT-00234,caulophyllum thalictroides,North Dakota
PLANT-00234,caulophyllum thalictroides,Ohio
PLANT-00234,caulophyllum thalictroides,Oklahoma
PLANT-00234,caulophyllum thalictroides,Pennsylvania
PLANT-00234,caulophyllum thalictroides,Rhode Island
PLANT-00234,caulophyllum thalictroides,South Carolina
PLANT-00234,caulophyllum thalictroides,South Dakota
PLANT-00234,caulophyllum thalictroides,Tennessee
PLANT-00234,caulophyllum thalictroides,Vermont
PLANT-00234,caulophyllum thalictroides,Virginia
PLANT-00234,caulophyllum thalictroides,West Virginia
PLANT-00234,caulophyllum thalictroides,Wisconsin
PLANT-00235,ceanothus americanus,Alabama
PLANT-00235,ceanothus americanus,Arkansas
PLANT-00235,ceanothus americanus,Connecticut
PLANT-00235,ceanothus americanus,Delaware
PLANT-00235,ceanothus americanus,Florida
PLANT-00235,ceanothus americanus,Georgia
PLANT-00235,ceanothus americanus,Illinois
PLANT-00235,ceanothus americanus,Indiana
PLANT-00235,ceanothus americanus,Iowa
PLANT-00235,ceanothus americanus,Kansas
PLANT-00235,ceanothus americanus,Kentucky
PLANT-00235,ceanothus americanus,Louisiana
PLANT-00235,ceanothus americanus,Maine
PLANT-00235,ceanothus americanus,Maryland
PLANT-00235,ceanothus americanus,Massachusetts
PLANT-00235,ceanothus americanus,Michigan
PLANT-00235,ceanothus americanus,Minnesota
PLANT-00235,ceanothus americanus,Mississippi
PLANT-00235,ceanothus americanus,Missouri
PLANT-00235,ceanothus americanus,Nebraska
PLANT-00235,ceanothus americanus,New Hampshire
PLANT-00235,ceanothus americanus,New Jersey
PLANT-00235,ceanothus americanus,New York
PLANT-00235,ceanothus americanus,North Carolina
PLANT-00235,ceanothus americanus,Ohio
PLANT-00235,ceanothus americanus,Oklahoma
PLANT-00235,ceanothus americanus,Pennsylvania
PLANT-00235,ceanothus americanus,Rhode Island
PLANT-00235,ceanothus americanus,South Carolina
PLANT-00235,ceanothus americanus,Tennessee
PLANT-00235,ceanothus americanus,Texas
PLANT-00235,ceanothus americanus,Vermont
PLANT-00235,ceanothus americanus,Virginia
PLANT-00235,ceanothus americanus,West Virginia
PLANT-00235,ceanothus americanus,Wisconsin
PLANT-00236,ceanothus herbaceus,Arkansas
PLANT-00236,ceanothus herbaceus,Colorado
PLANT-00236,ceanothus herbaceus,Illinois
PLANT-00236,ceanothus herbaceus,Indiana
PLANT-00236,ceanothus herbaceus,Iowa
PLANT-00236,ceanothus herbaceus,Kansas
PLANT-00236,ceanothus herbaceus,Kentucky
PLANT-00236,ceanothus herbaceus,Louisiana
PLANT-00236,ceanothus herbaceus,Massachusetts
PLANT-00236,ceanothus herbaceus,Michigan
PLANT-00236,ceanothus herbaceus,Minnesota
PLANT-00236,ceanothus herbaceus,Missouri
PLANT-00236,ceanothus herbaceus,Montana
PLANT-00236,ceanothus herbaceus,Nebraska
PLANT-00236,ceanothus herbaceus,New Jersey
PLANT-00236,ceanothus herbaceus,New Mexico
PLANT-00236,ceanothus herbaceus,New York
PLANT-00236,ceanothus herbaceus,North Dakota
PLANT-00236,ceanothus herbaceus,Ohio
PLANT-00236,ceanothus herbaceus,Oklahoma
PLANT-00236,ceanothus herbaceus,South Dakota
PLANT-00236,ceanothus herbaceus,Tennessee
PLANT-00236,ceanothus herbaceus,Texas
PLANT-00236,ceanothus herbaceus,Vermont
PLANT-00236,ceanothus herbaceus,Virginia
PLANT-00236,ceanothus herbaceus,West Virginia
PLANT-00236,ceanothus herbaceus,Wisconsin
PLANT-00236,ceanothus herbaceus,Wyoming
PLANT-00237,celastrus scandens,Alabama
PLANT-00237,celastrus scandens,Arkansas
PLANT-00237,celastrus scandens,Connecticut
PLANT-00237,celastrus scandens,Delaware
PLANT-00237,celastrus scandens,Georgia
PLANT-00237,celastrus scandens,Illinois
PLANT-00237,celastrus scandens,Indiana
PLANT-00237,celastrus scandens,Iowa
PLANT-00237,celastrus scandens,Kansas
PLANT-00237,celastrus scandens,Kentucky
PLANT-00237,celastrus scandens,Louisiana
PLANT-00237,celastrus scandens,Maine
PLANT-00237,celastrus scandens,Maryland
PLANT-00237,celastrus scandens,Massachusetts
PLANT-00237,celastrus scandens,Michigan
PLANT-00237,celastrus scandens,Minnesota
PLANT-00237,celastrus scandens,Mississippi
PLANT-00237,celastrus scandens,Missouri
PLANT-00237,celastrus scandens,Montana
PLANT-00237,celastrus scandens,Nebraska
PLANT-00237,celastrus scandens,New Hampshire
PLANT-00237,celastrus scandens,New Jersey
PLANT-00237,celastrus scandens,New York
PLANT-00237,celastrus scandens,North Carolina
PLANT-00237,celastrus scandens,North Dakota
PLANT-00237,celastrus scandens,Ohio
PLANT-00237,celastrus scandens,Oklahoma
PLANT-00237,celastrus scandens,Pennsylvania
PLANT-00237,celastrus scandens,Rhode Island
PLANT-00237,celastrus scandens,South Carolina
PLANT-00237,celastrus scandens,South Dakota
PLANT-00237,celastrus scandens,Tennessee
PLANT-00237,celastrus scandens,Texas
PLANT-00237,celastrus scandens,Vermont
PLANT-00237,celastrus scandens,Virginia
PLANT-00237,celastrus scandens,West Virginia
PLANT-00237,celastrus scandens,Wisconsin
PLANT-00237,celastrus scandens,Wyoming
PLANT-00238,celtis laevigata,Alabama
PLANT-00238,celtis laevigata,Arkansas
PLANT-00238,celtis laevigata,Florida
PLANT-00238,celtis laevigata,Georgia
PLANT-00238,celtis laevigata,Illinois
PLANT-00238,celtis laevigata,Indiana
PLANT-00238,celtis laevigata,Kansas
PLANT-00238,celtis laevigata,Kentucky
PLANT-00238,celtis laevigata,Louisiana
PLANT-00238,celtis laevigata,Maryland
PLANT-00238,celtis laevigata,Mississippi
PLANT-00238,celtis laevigata,Missouri
PLANT-00238,celtis laevigata,North Carolina
PLANT-00238,celtis laevigata,Oklahoma
PLANT-00238,celtis laevigata,South Carolina
PLANT-00238,celtis laevigata,Tennessee
PLANT-00238,celtis laevigata,Texas
PLANT-00238,celtis laevigata,Virginia
PLANT-00238,celtis laevigata,West Virginia
PLANT-00239,celtis occidentalis,Alabama
PLANT-00239,celtis occidentalis,Arkansas
PLANT-00239,celtis occidentalis,Colorado
PLANT-00239,celtis occidentalis,Connecticut
PLANT-00239,celtis occidentalis,Delaware
PLANT-00239,celtis occidentalis,Florida
PLANT-00239,celtis occidentalis,Georgia
PLANT-00239,celtis occidentalis,Illinois
PLANT-00239,celtis occidentalis,Indiana
PLANT-00239,celtis occidentalis,Iowa
PLANT-00239,celtis occidentalis,Kansas
PLANT-00239,celtis occidentalis,Kentucky
PLANT-00239,celtis occidentalis,Maryland
PLANT-00239,celtis occidentalis,Massachusetts
PLANT-00239,celtis occidentalis,Michigan
PLANT-00239,celtis occidentalis,Minnesota
PLANT-00239,celtis occidentalis,Mississippi
PLANT-00239,celtis occidentalis,Missouri
PLANT-00239,celtis occidentalis,Montana
PLANT-00239,celtis occidentalis,Nebraska
PLANT-00239,celtis occidentalis,New Hampshire
PLANT-00239,celtis occidentalis,New Jersey
PLANT-00239,celtis occidentalis,New Mexico
PLANT-00239,celtis occidentalis,New York
PLANT-00239,celtis occidentalis,North Carolina
PLANT-00239,celtis occidentalis,North Dakota
PLANT-00239,celtis occidentalis,Ohio
PLANT-00239,celtis occidentalis,Oklahoma
PLANT-00239,celtis occidentalis,Pennsylvania
PLANT-00239,celtis occidentalis,Rhode Island
PLANT-00239,celtis occidentalis,South Carolina
PLANT-00239,celtis occidentalis,South Dakota
PLANT-00239,celtis occidentalis,Tennessee
PLANT-00239,celtis occidentalis,Texas
PLANT-00239,celtis occidentalis,Utah
PLANT-00239,celtis occidentalis,Vermont
PLANT-00239,celtis occidentalis,Virginia
PLANT-00239,celtis occidentalis,West Virginia
PLANT-00239,celtis occidentalis,Wisconsin
PLANT-00239,celtis occidentalis,Wyoming
PLANT-00240,cephalanthus occidentalis,Alabama
PLANT-00240,cephalanthus occidentalis,Arkansas
PLANT-00240,cephalanthus occidentalis,California
PLANT-00240,cephalanthus occidentalis,Connecticut
PLANT-00240,cephalanthus occidentalis,Delaware
PLANT-00240,cephalanthus occidentalis,Florida
PLANT-00240,cephalanthus occidentalis,Georgia
PLANT-00240,cephalanthus occidentalis,Illinois
PLANT-00240,cephalanthus occidentalis,Indiana
PLANT-00240,cephalanthus occidentalis,Iowa
PLANT-00240,cephalanthus occidentalis,Kansas
PLANT-00240,cephalanthus occidentalis,Kentucky
PLANT-00240,cephalanthus occidentalis,Louisiana
PLANT-00240,cephalanthus occidentalis,Maine
PLANT-00240,cephalanthus occidentalis,Maryland
PLANT-00240,cephalanthus occidentalis,Michigan
PLANT-00240,cephalanthus occidentalis,Minnesota
PLANT-00240,cephalanthus occidentalis,Mississippi
PLANT-00240,cephalanthus occidentalis,Missouri
PLANT-00240,cephalanthus occidentalis,Nebraska
PLANT-00240,cephalanthus occidentalis,New Hampshire
PLANT-00240,cephalanthus occidentalis,New Jersey
PLANT-00240,cephalanthus occidentalis,New Mexico
PLANT-00240,cephalanthus occidentalis,New York
PLANT-00240,cephalanthus occidentalis,North Carolina
PLANT-00240,cephalanthus occidentalis,Ohio
PLANT-00240,cephalanthus occidentalis,Oklahoma
PLANT-00240,cephalanthus occidentalis,Pennsylvania
PLANT-00240,cephalanthus occidentalis,Rhode Island
PLANT-00240,cephalanthus occidentalis,South Carolina
PLANT-00240,cephalanthus occidentalis,Tennessee
PLANT-00240,cephalanthus occidentalis,Texas
PLANT-00240,cephalanthus occidentalis,Vermont
PLANT-00240,cephalanthus occidentalis,Virginia
PLANT-00240,cephalanthus occidentalis,West Virginia
PLANT-00240,cephalanthus occidentalis,Wisconsin
PLANT-00241,cercis canadensis,Alabama
PLANT-00241,cercis canadensis,Arkansas
PLANT-00241,cercis canadensis,Delaware
PLANT-00241,cercis canadensis,Florida
PLANT-00241,cercis canadensis,Georgia
PLANT-00241,cercis canadensis,Illinois
PLANT-00241,cercis canadensis,Indiana
PLANT-00241,cercis canadensis,Iowa
PLANT-00241,cercis canadensis,Kansas
PLANT-00241,cercis canadensis,Kentucky
PLANT-00241,cercis canadensis,Louisiana
PLANT-00241,cercis canadensis,Maryland
PLANT-00241,cercis canadensis,Michigan
PLANT-00241,cercis canadensis,Mississippi
PLANT-00241,cercis canadensis,Missouri
PLANT-00241,cercis canadensis,Nebraska
PLANT-00241,cercis canadensis,New Jersey
PLANT-00241,cercis canadensis,New Mexico
PLANT-00241,cercis canadensis,North Carolina
PLANT-00241,cercis canadensis,Ohio
PLANT-00241,cercis canadensis,Oklahoma
PLANT-00241,cercis canadensis,Pennsylvania
PLANT-00241,cercis canadensis,South Carolina
PLANT-00241,cercis canadensis,Tennessee
PLANT-00241,cercis canadensis,Texas
PLANT-00241,cercis canadensis,Virginia
PLANT-00241,cercis canadensis,West Virginia
PLANT-00242,cercis canadensis var. texensis,Oklahoma
PLANT-00242,cercis canadensis var. texensis,Texas
PLANT-00243,chamaecrista fasciculata,Alabama
PLANT-00243,chamaecrista fasciculata,Arkansas
PLANT-00243,chamaecrista fasciculata,Connecticut
PLANT-00243,chamaecrista fasciculata,Delaware
PLANT-00243,chamaecrista fasciculata,Florida
PLANT-00243,chamaecrista fasciculata,Georgia
PLANT-00243,chamaecrista fasciculata,Illinois
PLANT-00243,chamaecrista fasciculata,Indiana
PLANT-00243,chamaecrista fasciculata,Iowa
PLANT-00243,chamaecrista fasciculata,Kansas
PLANT-00243,chamaecrista fasciculata,Kentucky
PLANT-00243,chamaecrista fasciculata,Louisiana
PLANT-00243,chamaecrista fasciculata,Maryland
PLANT-00243,chamaecrista fasciculata,Massachusetts
PLANT-00243,chamaecrista fasciculata,Michigan
PLANT-00243,chamaecrista fasciculata,Minnesota
PLANT-00243,chamaecrista fasciculata,Mississippi
PLANT-00243,chamaecrista fasciculata,Missouri
PLANT-00243,chamaecrista fasciculata,Nebraska
PLANT-00243,chamaecrista fasciculata,New Jersey
PLANT-00243,chamaecrista fasciculata,New Mexico
PLANT-00243,chamaecrista fasciculata,New York
PLANT-00243,chamaecrista fasciculata,North Carolina
PLANT-00243,chamaecrista fasciculata,Ohio
PLANT-00243,chamaecrista fasciculata,Oklahoma
PLANT-00243,chamaecrista fasciculata,Pennsylvania
PLANT-00243,chamaecrista fasciculata,Rhode Island
PLANT-00243,chamaecrista fasciculata,South Carolina
PLANT-00243,chamaecrista fasciculata,South Dakota
PLANT-00243,chamaecrista fasciculata,Tennessee
PLANT-00243,chamaecrista fasciculata,Texas
PLANT-00243,chamaecrista fasciculata,Virginia
PLANT-00243,chamaecrista fasciculata,West Virginia
PLANT-00243,chamaecrista fasciculata,Wisconsin
PLANT-00244,chamaecyparis lawsoniana,California
PLANT-00244,chamaecyparis lawsoniana,Oregon
PLANT-00245,chamaecyparis thyoides,Alabama
PLANT-00245,chamaecyparis thyoides,Connecticut
PLANT-00245,chamaecyparis thyoides,Delaware
PLANT-00245,chamaecyparis thyoides,Florida
PLANT-00245,chamaecyparis thyoides,Georgia
PLANT-00245,chamaecyparis thyoides,Maine
PLANT-00245,chamaecyparis thyoides,Maryland
PLANT-00245,chamaecyparis thyoides,Massachusetts
PLANT-00245,chamaecyparis thyoides,Mississippi
PLANT-00245,chamaecyparis thyoides,New Hampshire
PLANT-00245,chamaecyparis thyoides,New Jersey
PLANT-00245,chamaecyparis thyoides,New York
PLANT-00245,chamaecyparis thyoides,North Carolina
PLANT-00245,chamaecyparis thyoides,Pennsylvania
PLANT-00245,chamaecyparis thyoides,Rhode Island
PLANT-00245,chamaecyparis thyoides,South Carolina
PLANT-00245,chamaecyparis thyoides,Virginia
PLANT-00246,chamaedorea seifrizii,Florida
PLANT-00247,chamaelirium luteum,Alabama
PLANT-00247,chamaelirium luteum,Arkansas
PLANT-00247,chamaelirium luteum,Delaware
PLANT-00247,chamaelirium luteum,Florida
PLANT-00247,chamaelirium luteum,Georgia
PLANT-00247,chamaelirium luteum,Illinois
PLANT-00247,chamaelirium luteum,Indiana
PLANT-00247,chamaelirium luteum,Kentucky
PLANT-00247,chamaelirium luteum,Louisiana
PLANT-00247,chamaelirium luteum,Maryland
PLANT-00247,chamaelirium luteum,Massachusetts
PLANT-00247,chamaelirium luteum,Michigan
PLANT-00247,chamaelirium luteum,Mississippi
PLANT-00247,chamaelirium luteum,New Jersey
PLANT-00247,chamaelirium luteum,New York
PLANT-00247,chamaelirium luteum,North Carolina
PLANT-00247,chamaelirium luteum,Ohio
PLANT-00247,chamaelirium luteum,Pennsylvania
PLANT-00247,chamaelirium luteum,South Carolina
PLANT-00247,chamaelirium luteum,Tennessee
PLANT-00247,chamaelirium luteum,Virginia
PLANT-00247,chamaelirium luteum,West Virginia
PLANT-00248,chamerion angustifolium,Alaska
PLANT-00248,chamerion angustifolium,Colorado
PLANT-00248,chamerion angustifolium,Minnesota
PLANT-00248,chamerion angustifolium,Montana
PLANT-00248,chamerion angustifolium,Washington
PLANT-00248,chamerion angustifolium,Wyoming
PLANT-00249,chasmanthium latifolium,Alabama
PLANT-00249,chasmanthium latifolium,Arizona
PLANT-00249,chasmanthium latifolium,Arkansas
PLANT-00249,chasmanthium latifolium,Delaware
PLANT-00249,chasmanthium latifolium,Florida
PLANT-00249,chasmanthium latifolium,Georgia
PLANT-00249,chasmanthium latifolium,Illinois
PLANT-00249,chasmanthium latifolium,Indiana
PLANT-00249,chasmanthium latifolium,Kansas
PLANT-00249,chasmanthium latifolium,Kentucky
PLANT-00249,chasmanthium latifolium,Louisiana
PLANT-00249,chasmanthium latifolium,Maryland
PLANT-00249,chasmanthium latifolium,Michigan
PLANT-00249,chasmanthium latifolium,Mississippi
PLANT-00249,chasmanthium latifolium,Missouri
PLANT-00249,chasmanthium latifolium,Nebraska
PLANT-00249,chasmanthium latifolium,New Jersey
PLANT-00249,chasmanthium latifolium,New Mexico
PLANT-00249,chasmanthium latifolium,North Carolina
PLANT-00249,chasmanthium latifolium,Ohio
PLANT-00249,chasmanthium latifolium,Oklahoma
PLANT-00249,chasmanthium latifolium,Pennsylvania
PLANT-00249,chasmanthium latifolium,South Carolina
PLANT-00249,chasmanthium latifolium,Tennessee
PLANT-00249,chasmanthium latifolium,Texas
PLANT-00249,chasmanthium latifolium,Virginia
PLANT-00249,chasmanthium latifolium,West Virginia
PLANT-00249,chasmanthium latifolium,Wisconsin
PLANT-00250,chelone glabra,Alabama
PLANT-00250,chelone glabra,Arkansas
PLANT-00250,chelone glabra,Connecticut
PLANT-00250,chelone glabra,Delaware
PLANT-00250,chelone glabra,Georgia
PLANT-00250,chelone glabra,Illinois
PLANT-00250,chelone glabra,Indiana
PLANT-00250,chelone glabra,Iowa
PLANT-00250,chelone glabra,Kentucky
PLANT-00250,chelone glabra,Maine
PLANT-00250,chelone glabra,Maryland
PLANT-00250,chelone glabra,Massachusetts
PLANT-00250,chelone glabra,Michigan
PLANT-00250,chelone glabra,Minnesota
PLANT-00250,chelone glabra,Mississippi
PLANT-00250,chelone glabra,Missouri
PLANT-00250,chelone glabra,New Hampshire
PLANT-00250,chelone glabra,New Jersey
PLANT-00250,chelone glabra,New York
PLANT-00250,chelone glabra,North Carolina
PLANT-00250,chelone glabra,Ohio
PLANT-00250,chelone glabra,Pennsylvania
PLANT-00250,chelone glabra,Rhode Island
PLANT-00250,chelone glabra,South Carolina
PLANT-00250,chelone glabra,Tennessee
PLANT-00250,chelone glabra,Vermont
PLANT-00250,chelone glabra,Virginia
PLANT-00250,chelone glabra,West Virginia
PLANT-00250,chelone glabra,Wisconsin
PLANT-00251,chelone lyonii,Alabama
PLANT-00251,chelone lyonii,Connecticut
PLANT-00251,chelone lyonii,Georgia
PLANT-00251,chelone lyonii,Maine
PLANT-00251,chelone lyonii,Mississippi
PLANT-00251,chelone lyonii,North Carolina
PLANT-00251,chelone lyonii,South Carolina
PLANT-00251,chelone lyonii,Tennessee
PLANT-00251,chelone lyonii,Virginia
PLANT-00251,chelone lyonii,West Virginia
PLANT-00252,chelone obliqua,Alabama
PLANT-00252,chelone obliqua,Florida
PLANT-00252,chelone obliqua,Georgia
PLANT-00252,chelone obliqua,Illinois
PLANT-00252,chelone obliqua,Indiana
PLANT-00252,chelone obliqua,Kentucky
PLANT-00252,chelone obliqua,Maryland
PLANT-00252,chelone obliqua,Massachusetts
PLANT-00252,chelone obliqua,Michigan
PLANT-00252,chelone obliqua,Mississippi
PLANT-00252,chelone obliqua,Missouri
PLANT-00252,chelone obliqua,North Carolina
PLANT-00252,chelone obliqua,South Carolina
PLANT-00252,chelone obliqua,Tennessee
PLANT-00252,chelone obliqua,Virginia
PLANT-00253,chelone obliqua var. speciosa,Arkansas
PLANT-00253,chelone obliqua var. speciosa,Illinois
PLANT-00253,chelone obliqua var. speciosa,Indiana
PLANT-00253,chelone obliqua var. speciosa,Iowa
PLANT-00253,chelone obliqua var. speciosa,Kentucky
PLANT-00253,chelone obliqua var. speciosa,Michigan
PLANT-00253,chelone obliqua var. speciosa,Minnesota
PLANT-00253,chelone obliqua var. speciosa,Missouri
PLANT-00254,chionanthus virginicus,Alabama
PLANT-00254,chionanthus virginicus,Arkansas
PLANT-00254,chionanthus virginicus,Delaware
PLANT-00254,chionanthus virginicus,Florida
PLANT-00254,chionanthus virginicus,Georgia
PLANT-00254,chionanthus virginicus,Kentucky
PLANT-00254,chionanthus virginicus,Louisiana
PLANT-00254,chionanthus virginicus,Maryland
PLANT-00254,chionanthus virginicus,Massachusetts
PLANT-00254,chionanthus virginicus,Mississippi
PLANT-00254,chionanthus virginicus,Missouri
PLANT-00254,chionanthus virginicus,New Jersey
PLANT-00254,chionanthus virginicus,New York
PLANT-00254,chionanthus virginicus,North Carolina
PLANT-00254,chionanthus virginicus,Ohio
PLANT-00254,chionanthus virginicus,Oklahoma
PLANT-00254,chionanthus virginicus,Pennsylvania
PLANT-00254,chionanthus virginicus,South Carolina
PLANT-00254,chionanthus virginicus,Tennessee
PLANT-00254,chionanthus virginicus,Texas
PLANT-00254,chionanthus virginicus,Virginia
PLANT-00254,chionanthus virginicus,West Virginia
PLANT-00255,chrysogonum virginianum,Kentucky
PLANT-00255,chrysogonum virginianum,Maryland
PLANT-00255,chrysogonum virginianum,New York
PLANT-00255,chrysogonum virginianum,North Carolina
PLANT-00255,chrysogonum virginianum,Ohio
PLANT-00255,chrysogonum virginianum,Pennsylvania
PLANT-00255,chrysogonum virginianum,South Carolina
PLANT-00255,chrysogonum virginianum,Virginia
PLANT-00255,chrysogonum virginianum,West Virginia
PLANT-00256,chrysopsis mariana,Alabama
PLANT-00256,chrysopsis mariana,Delaware
PLANT-00256,chrysopsis mariana,Florida
PLANT-00256,chrysopsis mariana,Georgia
PLANT-00256,chrysopsis mariana,Kentucky
PLANT-00256,chrysopsis mariana,Louisiana
PLANT-00256,chrysopsis mariana,Maryland
PLANT-00256,chrysopsis mariana,Mississippi
PLANT-00256,chrysopsis mariana,New Jersey
PLANT-00256,chrysopsis mariana,New York
PLANT-00256,chrysopsis mariana,North Carolina
PLANT-00256,chrysopsis mariana,Ohio
PLANT-00256,chrysopsis mariana,Pennsylvania
PLANT-00256,chrysopsis mariana,Rhode Island
PLANT-00256,chrysopsis mariana,South Carolina
PLANT-00256,chrysopsis mariana,Tennessee
PLANT-00256,chrysopsis mariana,Texas
PLANT-00256,chrysopsis mariana,Virginia
PLANT-00256,chrysopsis mariana,West Virginia
PLANT-00257,cibotium glaucum,Hawaii
PLANT-00258,cinna arundinacea,Alabama
PLANT-00258,cinna arundinacea,Arkansas
PLANT-00258,cinna arundinacea,Connecticut
PLANT-00258,cinna arundinacea,Delaware
PLANT-00258,cinna arundinacea,Georgia
PLANT-00258,cinna arundinacea,Illinois
PLANT-00258,cinna arundinacea,Indiana
PLANT-00258,cinna arundinacea,Iowa
PLANT-00258,cinna arundinacea,Kansas
PLANT-00258,cinna arundinacea,Kentucky
PLANT-00258,cinna arundinacea,Louisiana
PLANT-00258,cinna arundinacea,Maine
PLANT-00258,cinna arundinacea,Maryland
PLANT-00258,cinna arundinacea,Massachusetts
PLANT-00258,cinna arundinacea,Michigan
PLANT-00258,cinna arundinacea,Minnesota
PLANT-00258,cinna arundinacea,Mississippi
PLANT-00258,cinna arundinacea,Missouri
PLANT-00258,cinna arundinacea,Montana
PLANT-00258,cinna arundinacea,Nebraska
PLANT-00258,cinna arundinacea,New Hampshire
PLANT-00258,cinna arundinacea,New Jersey
PLANT-00258,cinna arundinacea,New York
PLANT-00258,cinna arundinacea,North Carolina
PLANT-00258,cinna arundinacea,North Dakota
PLANT-00258,cinna arundinacea,Ohio
PLANT-00258,cinna arundinacea,Oklahoma
PLANT-00258,cinna arundinacea,Pennsylvania
PLANT-00258,cinna arundinacea,Rhode Island
PLANT-00258,cinna arundinacea,South Carolina
PLANT-00258,cinna arundinacea,South Dakota
PLANT-00258,cinna arundinacea,Tennessee
PLANT-00258,cinna arundinacea,Texas
PLANT-00258,cinna arundinacea,Vermont
PLANT-00258,cinna arundinacea,Virginia
PLANT-00258,cinna arundinacea,West Virginia
PLANT-00258,cinna arundinacea,Wisconsin
PLANT-00259,cissus trifoliata,Alabama
PLANT-00259,cissus trifoliata,Arizona
PLANT-00259,cissus trifoliata,Arkansas
PLANT-00259,cissus trifoliata,Florida
PLANT-00259,cissus trifoliata,Georgia
PLANT-00259,cissus trifoliata,Kansas
PLANT-00259,cissus trifoliata,Louisiana
PLANT-00259,cissus trifoliata,Mississippi
PLANT-00259,cissus trifoliata,Missouri
PLANT-00259,cissus trifoliata,New Mexico
PLANT-00259,cissus trifoliata,Oklahoma
PLANT-00259,cissus trifoliata,Texas
PLANT-00260,cladrastis kentukea,Alabama
PLANT-00260,cladrastis kentukea,Arizona
PLANT-00260,cladrastis kentukea,Arkansas
PLANT-00260,cladrastis kentukea,California
PLANT-00260,cladrastis kentukea,Colorado
PLANT-00260,cladrastis kentukea,Connecticut
PLANT-00260,cladrastis kentukea,Delaware
PLANT-00260,cladrastis kentukea,Florida
PLANT-00260,cladrastis kentukea,Georgia
PLANT-00260,cladrastis kentukea,Idaho
PLANT-00260,cladrastis kentukea,Illinois
PLANT-00260,cladrastis kentukea,Indiana
PLANT-00260,cladrastis kentukea,Iowa
PLANT-00260,cladrastis kentukea,Kansas
PLANT-00260,cladrastis kentukea,Kentucky
PLANT-00260,cladrastis kentukea,Louisiana
PLANT-00260,cladrastis kentukea,Maine
PLANT-00260,cladrastis kentukea,Massachusetts
PLANT-00260,cladrastis kentukea,Mississippi
PLANT-00260,cladrastis kentukea,Missouri
PLANT-00260,cladrastis kentukea,New York
PLANT-00260,cladrastis kentukea,North Carolina
PLANT-00260,cladrastis kentukea,Ohio
PLANT-00260,cladrastis kentukea,Oklahoma
PLANT-00260,cladrastis kentukea,Pennsylvania
PLANT-00260,cladrastis kentukea,Rhode Island
PLANT-00260,cladrastis kentukea,South Carolina
PLANT-00260,cladrastis kentukea,Tennessee
PLANT-00261,claytonia virginica,Alabama
PLANT-00261,claytonia virginica,Arkansas
PLANT-00261,claytonia virginica,Connecticut
PLANT-00261,claytonia virginica,Delaware
PLANT-00261,claytonia virginica,Georgia
PLANT-00261,claytonia virginica,Illinois
PLANT-00261,claytonia virginica,Indiana
PLANT-00261,claytonia virginica,Iowa
PLANT-00261,claytonia virginica,Kansas
PLANT-00261,claytonia virginica,Kentucky
PLANT-00261,claytonia virginica,Louisiana
PLANT-00261,claytonia virginica,Maryland
PLANT-00261,claytonia virginica,Massachusetts
PLANT-00261,claytonia virginica,Michigan
PLANT-00261,claytonia virginica,Minnesota
PLANT-00261,claytonia virginica,Mississippi
PLANT-00261,claytonia virginica,Missouri
PLANT-00261,claytonia virginica,Nebraska
PLANT-00261,claytonia virginica,New Jersey
PLANT-00261,claytonia virginica,New York
PLANT-00261,claytonia virginica,North Carolina
PLANT-00261,claytonia virginica,Ohio
PLANT-00261,claytonia virginica,Oklahoma
PLANT-00261,claytonia virginica,Pennsylvania
PLANT-00261,claytonia virginica,Rhode Island
PLANT-00261,claytonia virginica,South Carolina
PLANT-00261,claytonia virginica,Tennessee
PLANT-00261,claytonia virginica,Texas
PLANT-00261,claytonia virginica,Vermont
PLANT-00261,claytonia virginica,Virginia
PLANT-00261,claytonia virginica,West Virginia
PLANT-00261,claytonia virginica,Wisconsin
PLANT-00262,clematis crispa,Alabama
PLANT-00262,clematis crispa,Arkansas
PLANT-00262,clematis crispa,Florida
PLANT-00262,clematis crispa,Georgia
PLANT-00262,clematis crispa,Illinois
PLANT-00262,clematis crispa,Kentucky
PLANT-00262,clematis crispa,Louisiana
PLANT-00262,clematis crispa,Mississippi
PLANT-00262,clematis crispa,Missouri
PLANT-00262,clematis crispa,North Carolina
PLANT-00262,clematis crispa,Oklahoma
PLANT-00262,clematis crispa,South Carolina
PLANT-00262,clematis crispa,Tennessee
PLANT-00262,clematis crispa,Texas
PLANT-00262,clematis crispa,Virginia
PLANT-00263,clematis fremontii,Georgia
PLANT-00263,clematis fremontii,Kansas
PLANT-00263,clematis fremontii,Missouri
PLANT-00263,clematis fremontii,Nebraska
PLANT-00263,clematis fremontii,Tennessee
PLANT-00264,clematis pitcheri,Alabama
PLANT-00264,clematis pitcheri,Arkansas
PLANT-00264,clematis pitcheri,Illinois
PLANT-00264,clematis pitcheri,Indiana
PLANT-00264,clematis pitcheri,Iowa
PLANT-00264,clematis pitcheri,Kansas
PLANT-00264,clematis pitcheri,Kentucky
PLANT-00264,clematis pitcheri,Mississippi
PLANT-00264,clematis pitcheri,Missouri
PLANT-00264,clematis pitcheri,Nebraska
PLANT-00264,clematis pitcheri,New Mexico
PLANT-00264,clematis pitcheri,Oklahoma
PLANT-00264,clematis pitcheri,Tennessee
PLANT-00264,clematis pitcheri,Texas
PLANT-00265,clematis scottii,Colorado
PLANT-00265,clematis scottii,Nebraska
PLANT-00265,clematis scottii,New Mexico
PLANT-00265,clematis scottii,Oklahoma
PLANT-00265,clematis scottii,South Dakota
PLANT-00265,clematis scottii,Utah
PLANT-00265,clematis scottii,Wyoming
PLANT-00266,clematis texensis,Texas
PLANT-00267,clematis versicolor,Alabama
PLANT-00267,clematis versicolor,Arkansas
PLANT-00267,clematis versicolor,Kentucky
PLANT-00267,clematis versicolor,Missouri
PLANT-00267,clematis versicolor,Oklahoma
PLANT-00267,clematis versicolor,Tennessee
PLANT-00267,clematis versicolor,Texas
PLANT-00268,clematis virginiana,Alabama
PLANT-00268,clematis virginiana,Arkansas
PLANT-00268,clematis virginiana,Connecticut
PLANT-00268,clematis virginiana,Delaware
PLANT-00268,clematis virginiana,Florida
PLANT-00268,clematis virginiana,Georgia
PLANT-00268,clematis virginiana,Illinois
PLANT-00268,clematis virginiana,Indiana
PLANT-00268,clematis virginiana,Iowa
PLANT-00268,clematis virginiana,Kansas
PLANT-00268,clematis virginiana,Kentucky
PLANT-00268,clematis virginiana,Louisiana
PLANT-00268,clematis virginiana,Maine
PLANT-00268,clematis virginiana,Maryland
PLANT-00268,clematis virginiana,Massachusetts
PLANT-00268,clematis virginiana,Michigan
PLANT-00268,clematis virginiana,Minnesota
PLANT-00268,clematis virginiana,Mississippi
PLANT-00268,clematis virginiana,Missouri
PLANT-00268,clematis virginiana,Nebraska
PLANT-00268,clematis virginiana,New Hampshire
PLANT-00268,clematis virginiana,New Jersey
PLANT-00268,clematis virginiana,New York
PLANT-00268,clematis virginiana,North Carolina
PLANT-00268,clematis virginiana,North Dakota
PLANT-00268,clematis virginiana,Ohio
PLANT-00268,clematis virginiana,Oklahoma
PLANT-00268,clematis virginiana,Pennsylvania
PLANT-00268,clematis virginiana,Rhode Island
PLANT-00268,clematis virginiana,South Carolina
PLANT-00268,clematis virginiana,South Dakota
PLANT-00268,clematis virginiana,Tennessee
PLANT-00268,clematis virginiana,Texas
PLANT-00268,clematis virginiana,Vermont
PLANT-00268,clematis virginiana,Virginia
PLANT-00268,clematis virginiana,West Virginia
PLANT-00268,clematis virginiana,Wisconsin
PLANT-00269,clethra alnifolia,Alabama
PLANT-00269,clethra alnifolia,Connecticut
PLANT-00269,clethra alnifolia,Delaware
PLANT-00269,clethra alnifolia,Florida
PLANT-00269,clethra alnifolia,Georgia
PLANT-00269,clethra alnifolia,Louisiana
PLANT-00269,clethra alnifolia,Maine
PLANT-00269,clethra alnifolia,Maryland
PLANT-00269,clethra alnifolia,Massachusetts
PLANT-00269,clethra alnifolia,Mississippi
PLANT-00269,clethra alnifolia,New Hampshire
PLANT-00269,clethra alnifolia,New Jersey
PLANT-00269,clethra alnifolia,New York
PLANT-00269,clethra alnifolia,North Carolina
PLANT-00269,clethra alnifolia,Pennsylvania
PLANT-00269,clethra alnifolia,Rhode Island
PLANT-00269,clethra alnifolia,South Carolina
PLANT-00269,clethra alnifolia,Tennessee
PLANT-00269,clethra alnifolia,Texas
PLANT-00269,clethra alnifolia,Virginia
PLANT-00269,clethra alnifolia,West Virginia
PLANT-00270,clinopodium arkansanum,Arkansas
PLANT-00270,clinopodium arkansanum,Illinois
PLANT-00270,clinopodium arkansanum,Indiana
PLANT-00270,clinopodium arkansanum,Kansas
PLANT-00270,clinopodium arkansanum,Michigan
PLANT-00270,clinopodium arkansanum,Minnesota
PLANT-00270,clinopodium arkansanum,Missouri
PLANT-00270,clinopodium arkansanum,New Mexico
PLANT-00270,clinopodium arkansanum,New York
PLANT-00270,clinopodium arkansanum,Ohio
PLANT-00270,clinopodium arkansanum,Oklahoma
PLANT-00270,clinopodium arkansanum,Pennsylvania
PLANT-00270,clinopodium arkansanum,Tennessee
PLANT-00270,clinopodium arkansanum,Texas
PLANT-00270,clinopodium arkansanum,Virginia
PLANT-00270,clinopodium arkansanum,West Virginia
PLANT-00270,clinopodium arkansanum,Wisconsin
PLANT-00271,cocculus carolinus,Alabama
PLANT-00271,cocculus carolinus,Arkansas
PLANT-00271,cocculus carolinus,Florida
PLANT-00271,cocculus carolinus,Georgia
PLANT-00271,cocculus carolinus,Illinois
PLANT-00271,cocculus carolinus,Indiana
PLANT-00271,cocculus carolinus,Kansas
PLANT-00271,cocculus carolinus,Kentucky
PLANT-00271,cocculus carolinus,Louisiana
PLANT-00271,cocculus carolinus,Mississippi
PLANT-00271,cocculus carolinus,Missouri
PLANT-00271,cocculus carolinus,North Carolina
PLANT-00271,cocculus carolinus,Oklahoma
PLANT-00271,cocculus carolinus,South Carolina
PLANT-00271,cocculus carolinus,Tennessee
PLANT-00271,cocculus carolinus,Texas
PLANT-00271,cocculus carolinus,Virginia
PLANT-00272,collinsia verna,Arkansas
PLANT-00272,collinsia verna,Illinois
PLANT-00272,collinsia verna,Indiana
PLANT-00272,collinsia verna,Iowa
PLANT-00272,collinsia verna,Kansas
PLANT-00272,collinsia verna,Kentucky
PLANT-00272,collinsia verna,Michigan
PLANT-00272,collinsia verna,Missouri
PLANT-00272,collinsia verna,New York
PLANT-00272,collinsia verna,Ohio
PLANT-00272,collinsia verna,Oklahoma
PLANT-00272,collinsia verna,Pennsylvania
PLANT-00272,collinsia verna,Tennessee
PLANT-00272,collinsia verna,Virginia
PLANT-00272,collinsia verna,West Virginia
PLANT-00272,collinsia verna,Wisconsin
PLANT-00273,collinsonia canadensis,Alabama
PLANT-00273,collinsonia canadensis,Connecticut
PLANT-00273,collinsonia canadensis,Delaware
PLANT-00273,collinsonia canadensis,Florida
PLANT-00273,collinsonia canadensis,Georgia
PLANT-00273,collinsonia canadensis,Illinois
PLANT-00273,collinsonia canadensis,Indiana
PLANT-00273,collinsonia canadensis,Kentucky
PLANT-00273,collinsonia canadensis,Louisiana
PLANT-00273,collinsonia canadensis,Maryland
PLANT-00273,collinsonia canadensis,Michigan
PLANT-00273,collinsonia canadensis,Mississippi
PLANT-00273,collinsonia canadensis,Missouri
PLANT-00273,collinsonia canadensis,New Hampshire
PLANT-00273,collinsonia canadensis,New Jersey
PLANT-00273,collinsonia canadensis,New York
PLANT-00273,collinsonia canadensis,North Carolina
PLANT-00273,collinsonia canadensis,Ohio
PLANT-00273,collinsonia canadensis,Pennsylvania
PLANT-00273,collinsonia canadensis,Rhode Island
PLANT-00273,collinsonia canadensis,South Carolina
PLANT-00273,collinsonia canadensis,Tennessee
PLANT-00273,collinsonia canadensis,Vermont
PLANT-00273,collinsonia canadensis,Virginia
PLANT-00273,collinsonia canadensis,West Virginia
PLANT-00273,collinsonia canadensis,Wisconsin
PLANT-00274,comptonia peregrina,Connecticut
PLANT-00274,comptonia peregrina,Delaware
PLANT-00274,comptonia peregrina,Georgia
PLANT-00274,comptonia peregrina,Illinois
PLANT-00274,comptonia peregrina,Indiana
PLANT-00274,comptonia peregrina,Maine
PLANT-00274,comptonia peregrina,Maryland
PLANT-00274,comptonia peregrina,Massachusetts
PLANT-00274,comptonia peregrina,Michigan
PLANT-00274,comptonia peregrina,Minnesota
PLANT-00274,comptonia peregrina,New Hampshire
PLANT-00274,comptonia peregrina,New Jersey
PLANT-00274,comptonia peregrina,New York
PLANT-00274,comptonia peregrina,North Carolina
PLANT-00274,comptonia peregrina,Ohio
PLANT-00274,comptonia peregrina,Pennsylvania
PLANT-00274,comptonia peregrina,Rhode Island
PLANT-00274,comptonia peregrina,South Carolina
PLANT-00274,comptonia peregrina,Tennessee
PLANT-00274,comptonia peregrina,Vermont
PLANT-00274,comptonia peregrina,Virginia
PLANT-00274,comptonia peregrina,West Virginia
PLANT-00274,comptonia peregrina,Wisconsin
PLANT-00275,conoclinium coelestinum,Alabama
PLANT-00275,conoclinium coelestinum,Arkansas
PLANT-00275,conoclinium coelestinum,Delaware
PLANT-00275,conoclinium coelestinum,Florida
PLANT-00275,conoclinium coelestinum,Georgia
PLANT-00275,conoclinium coelestinum,Illinois
PLANT-00275,conoclinium coelestinum,Indiana
PLANT-00275,conoclinium coelestinum,Kansas
PLANT-00275,conoclinium coelestinum,Kentucky
PLANT-00275,conoclinium coelestinum,Louisiana
PLANT-00275,conoclinium coelestinum,Maryland
PLANT-00275,conoclinium coelestinum,Michigan
PLANT-00275,conoclinium coelestinum,Mississippi
PLANT-00275,conoclinium coelestinum,Missouri
PLANT-00275,conoclinium coelestinum,Nebraska
PLANT-00275,conoclinium coelestinum,New Jersey
PLANT-00275,conoclinium coelestinum,New York
PLANT-00275,conoclinium coelestinum,North Carolina
PLANT-00275,conoclinium coelestinum,Ohio
PLANT-00275,conoclinium coelestinum,Oklahoma
PLANT-00275,conoclinium coelestinum,Pennsylvania
PLANT-00275,conoclinium coelestinum,South Carolina
PLANT-00275,conoclinium coelestinum,Tennessee
PLANT-00275,conoclinium coelestinum,Texas
PLANT-00275,conoclinium coelestinum,Virginia
PLANT-00275,conoclinium coelestinum,West Virginia
PLANT-00276,conradina verticillata,Kentucky
PLANT-00276,conradina verticillata,Tennessee
PLANT-00277,coreopsis grandiflora,Alabama
PLANT-00277,coreopsis grandiflora,Arkansas
PLANT-00277,coreopsis grandiflora,Connecticut
PLANT-00277,coreopsis grandiflora,Florida
PLANT-00277,coreopsis grandiflora,Georgia
PLANT-00277,coreopsis grandiflora,Illinois
PLANT-00277,coreopsis grandiflora,Indiana
PLANT-00277,coreopsis grandiflora,Iowa
PLANT-00277,coreopsis grandiflora,Kansas
PLANT-00277,coreopsis grandiflora,Kentucky
PLANT-00277,coreopsis grandiflora,Louisiana
PLANT-00277,coreopsis grandiflora,Maine
PLANT-00277,coreopsis grandiflora,Maryland
PLANT-00277,coreopsis grandiflora,Michigan
PLANT-00277,coreopsis grandiflora,Mississippi
PLANT-00277,coreopsis grandiflora,Missouri
PLANT-00277,coreopsis grandiflora,New Jersey
PLANT-00277,coreopsis grandiflora,New Mexico
PLANT-00277,coreopsis grandiflora,New York
PLANT-00277,coreopsis grandiflora,North Carolina
PLANT-00277,coreopsis grandiflora,Ohio
PLANT-00277,coreopsis grandiflora,Oklahoma
PLANT-00277,coreopsis grandiflora,Pennsylvania
PLANT-00277,coreopsis grandiflora,Rhode Island
PLANT-00277,coreopsis grandiflora,South Carolina
PLANT-00277,coreopsis grandiflora,Tennessee
PLANT-00277,coreopsis grandiflora,Texas
PLANT-00277,coreopsis grandiflora,Vermont
PLANT-00277,coreopsis grandiflora,Virginia
PLANT-00277,coreopsis grandiflora,West Virginia
PLANT-00277,coreopsis grandiflora,Wisconsin
PLANT-00278,coreopsis integrifolia,Florida
PLANT-00278,coreopsis integrifolia,Georgia
PLANT-00278,coreopsis integrifolia,North Carolina
PLANT-00278,coreopsis integrifolia,South Carolina
PLANT-00279,coreopsis lanceolata,Alabama
PLANT-00279,coreopsis lanceolata,Arkansas
PLANT-00279,coreopsis lanceolata,Connecticut
PLANT-00279,coreopsis lanceolata,Delaware
PLANT-00279,coreopsis lanceolata,Florida
PLANT-00279,coreopsis lanceolata,Georgia
PLANT-00279,coreopsis lanceolata,Illinois
PLANT-00279,coreopsis lanceolata,Indiana
PLANT-00279,coreopsis lanceolata,Iowa
PLANT-00279,coreopsis lanceolata,Kansas
PLANT-00279,coreopsis lanceolata,Kentucky
PLANT-00279,coreopsis lanceolata,Louisiana
PLANT-00279,coreopsis lanceolata,Maine
PLANT-00279,coreopsis lanceolata,Maryland
PLANT-00279,coreopsis lanceolata,Massachusetts
PLANT-00279,coreopsis lanceolata,Michigan
PLANT-00279,coreopsis lanceolata,Minnesota
PLANT-00279,coreopsis lanceolata,Mississippi
PLANT-00279,coreopsis lanceolata,Missouri
PLANT-00279,coreopsis lanceolata,Nebraska
PLANT-00279,coreopsis lanceolata,New Hampshire
PLANT-00279,coreopsis lanceolata,New Jersey
PLANT-00279,coreopsis lanceolata,New Mexico
PLANT-00279,coreopsis lanceolata,New York
PLANT-00279,coreopsis lanceolata,North Carolina
PLANT-00279,coreopsis lanceolata,Ohio
PLANT-00279,coreopsis lanceolata,Oklahoma
PLANT-00279,coreopsis lanceolata,Pennsylvania
PLANT-00279,coreopsis lanceolata,Rhode Island
PLANT-00279,coreopsis lanceolata,South Carolina
PLANT-00279,coreopsis lanceolata,Tennessee
PLANT-00279,coreopsis lanceolata,Texas
PLANT-00279,coreopsis lanceolata,Vermont
PLANT-00279,coreopsis lanceolata,Virginia
PLANT-00279,coreopsis lanceolata,West Virginia
PLANT-00279,coreopsis lanceolata,Wisconsin
PLANT-00280,coreopsis palmata,Alabama
PLANT-00280,coreopsis palmata,Arkansas
PLANT-00280,coreopsis palmata,Illinois
PLANT-00280,coreopsis palmata,Indiana
PLANT-00280,coreopsis palmata,Iowa
PLANT-00280,coreopsis palmata,Kansas
PLANT-00280,coreopsis palmata,Louisiana
PLANT-00280,coreopsis palmata,Michigan
PLANT-00280,coreopsis palmata,Minnesota
PLANT-00280,coreopsis palmata,Mississippi
PLANT-00280,coreopsis palmata,Missouri
PLANT-00280,coreopsis palmata,Nebraska
PLANT-00280,coreopsis palmata,Oklahoma
PLANT-00280,coreopsis palmata,South Dakota
PLANT-00280,coreopsis palmata,Wisconsin
PLANT-00281,coreopsis pubescens,Alabama
PLANT-00281,coreopsis pubescens,Arkansas
PLANT-00281,coreopsis pubescens,Connecticut
PLANT-00281,coreopsis pubescens,Florida
PLANT-00281,coreopsis pubescens,Georgia
PLANT-00281,coreopsis pubescens,Illinois
PLANT-00281,coreopsis pubescens,Kansas
PLANT-00281,coreopsis pubescens,Kentucky
PLANT-00281,coreopsis pubescens,Louisiana
PLANT-00281,coreopsis pubescens,Massachusetts
PLANT-00281,coreopsis pubescens,Mississippi
PLANT-00281,coreopsis pubescens,Missouri
PLANT-00281,coreopsis pubescens,North Carolina
PLANT-00281,coreopsis pubescens,Oklahoma
PLANT-00281,coreopsis pubescens,South Carolina
PLANT-00281,coreopsis pubescens,Tennessee
PLANT-00281,coreopsis pubescens,Texas
PLANT-00281,coreopsis pubescens,Virginia
PLANT-00281,coreopsis pubescens,West Virginia
PLANT-00282,coreopsis rosea,Connecticut
PLANT-00282,coreopsis rosea,Indiana
PLANT-00282,coreopsis rosea,Maine
PLANT-00282,coreopsis rosea,Massachusetts
PLANT-00282,coreopsis rosea,Michigan
PLANT-00282,coreopsis rosea,New Hampshire
PLANT-00282,coreopsis rosea,New Jersey
PLANT-00282,coreopsis rosea,New York
PLANT-00282,coreopsis rosea,Ohio
PLANT-00282,coreopsis rosea,Pennsylvania
PLANT-00282,coreopsis rosea,Rhode Island
PLANT-00282,coreopsis rosea,Vermont
PLANT-00282,coreopsis rosea,West Virginia
PLANT-00283,coreopsis tinctoria,Alabama
PLANT-00283,coreopsis tinctoria,Arizona
PLANT-00283,coreopsis tinctoria,Arkansas
PLANT-00283,coreopsis tinctoria,California
PLANT-00283,coreopsis tinctoria,Colorado
PLANT-00283,coreopsis tinctoria,Connecticut
PLANT-00283,coreopsis tinctoria,Delaware
PLANT-00283,coreopsis tinctoria,Florida
PLANT-00283,coreopsis tinctoria,Georgia
PLANT-00283,coreopsis tinctoria,Idaho
PLANT-00283,coreopsis tinctoria,Illinois
PLANT-00283,coreopsis tinctoria,Indiana
PLANT-00283,coreopsis tinctoria,Iowa
PLANT-00283,coreopsis tinctoria,Kansas
PLANT-00283,coreopsis tinctoria,Kentucky
PLANT-00283,coreopsis tinctoria,Louisiana
PLANT-00283,coreopsis tinctoria,Maine
PLANT-00283,coreopsis tinctoria,Maryland
PLANT-00283,coreopsis tinctoria,Massachusetts
PLANT-00283,coreopsis tinctoria,Michigan
PLANT-00283,coreopsis tinctoria,Minnesota
PLANT-00283,coreopsis tinctoria,Mississippi
PLANT-00283,coreopsis tinctoria,Missouri
PLANT-00283,coreopsis tinctoria,Montana
PLANT-00283,coreopsis tinctoria,Nebraska
PLANT-00283,coreopsis tinctoria,New Jersey
PLANT-00283,coreopsis tinctoria,New Mexico
PLANT-00283,coreopsis tinctoria,New York
PLANT-00283,coreopsis tinctoria,North Carolina
PLANT-00283,coreopsis tinctoria,North Dakota
PLANT-00283,coreopsis tinctoria,Ohio
PLANT-00283,coreopsis tinctoria,Oklahoma
PLANT-00283,coreopsis tinctoria,Oregon
PLANT-00283,coreopsis tinctoria,Pennsylvania
PLANT-00283,coreopsis tinctoria,Rhode Island
PLANT-00283,coreopsis tinctoria,South Carolina
PLANT-00283,coreopsis tinctoria,South Dakota
PLANT-00283,coreopsis tinctoria,Tennessee
PLANT-00283,coreopsis tinctoria,Texas
PLANT-00283,coreopsis tinctoria,Vermont
PLANT-00283,coreopsis tinctoria,Virginia
PLANT-00283,coreopsis tinctoria,Washington
PLANT-00283,coreopsis tinctoria,West Virginia
PLANT-00283,coreopsis tinctoria,Wisconsin
PLANT-00283,coreopsis tinctoria,Wyoming
PLANT-00284,coreopsis tripteris,Alabama
PLANT-00284,coreopsis tripteris,Arkansas
PLANT-00284,coreopsis tripteris,Connecticut
PLANT-00284,coreopsis tripteris,Florida
PLANT-00284,coreopsis tripteris,Georgia
PLANT-00284,coreopsis tripteris,Illinois
PLANT-00284,coreopsis tripteris,Indiana
PLANT-00284,coreopsis tripteris,Iowa
PLANT-00284,coreopsis tripteris,Kansas
PLANT-00284,coreopsis tripteris,Kentucky
PLANT-00284,coreopsis tripteris,Louisiana
PLANT-00284,coreopsis tripteris,Maryland
PLANT-00284,coreopsis tripteris,Massachusetts
PLANT-00284,coreopsis tripteris,Michigan
PLANT-00284,coreopsis tripteris,Mississippi
PLANT-00284,coreopsis tripteris,Missouri
PLANT-00284,coreopsis tripteris,North Carolina
PLANT-00284,coreopsis tripteris,Ohio
PLANT-00284,coreopsis tripteris,Oklahoma
PLANT-00284,coreopsis tripteris,Pennsylvania
PLANT-00284,coreopsis tripteris,Rhode Island
PLANT-00284,coreopsis tripteris,South Carolina
PLANT-00284,coreopsis tripteris,Tennessee
PLANT-00284,coreopsis tripteris,Texas
PLANT-00284,coreopsis tripteris,Virginia
PLANT-00284,coreopsis tripteris,West Virginia
PLANT-00284,coreopsis tripteris,Wisconsin
PLANT-00285,coreopsis verticillata,Alabama
PLANT-00285,coreopsis verticillata,Arkansas
PLANT-00285,coreopsis verticillata,Connecticut
PLANT-00285,coreopsis verticillata,Florida
PLANT-00285,coreopsis verticillata,Georgia
PLANT-00285,coreopsis verticillata,Kentucky
PLANT-00285,coreopsis verticillata,Maryland
PLANT-00285,coreopsis verticillata,Massachusetts
PLANT-00285,coreopsis verticillata,Mississippi
PLANT-00285,coreopsis verticillata,New Jersey
PLANT-00285,coreopsis verticillata,New York
PLANT-00285,coreopsis verticillata,North Carolina
PLANT-00285,coreopsis verticillata,Ohio
PLANT-00285,coreopsis verticillata,South Carolina
PLANT-00285,coreopsis verticillata,Tennessee
PLANT-00285,coreopsis verticillata,Virginia
PLANT-00285,coreopsis verticillata,West Virginia
PLANT-00286,cornus alternifolia,Alabama
PLANT-00286,cornus alternifolia,Arkansas
PLANT-00286,cornus alternifolia,Connecticut
PLANT-00286,cornus alternifolia,Delaware
PLANT-00286,cornus alternifolia,Florida
PLANT-00286,cornus alternifolia,Georgia
PLANT-00286,cornus alternifolia,Illinois
PLANT-00286,cornus alternifolia,Indiana
PLANT-00286,cornus alternifolia,Iowa
PLANT-00286,cornus alternifolia,Kentucky
PLANT-00286,cornus alternifolia,Maine
PLANT-00286,cornus alternifolia,Maryland
PLANT-00286,cornus alternifolia,Massachusetts
PLANT-00286,cornus alternifolia,Michigan
PLANT-00286,cornus alternifolia,Minnesota
PLANT-00286,cornus alternifolia,Mississippi
PLANT-00286,cornus alternifolia,Missouri
PLANT-00286,cornus alternifolia,New Hampshire
PLANT-00286,cornus alternifolia,New Jersey
PLANT-00286,cornus alternifolia,North Carolina
PLANT-00286,cornus alternifolia,South Carolina
PLANT-00286,cornus alternifolia,Tennessee
PLANT-00286,cornus alternifolia,Virginia
PLANT-00286,cornus alternifolia,West Virginia
PLANT-00286,cornus alternifolia,Wisconsin
PLANT-00287,cornus amomum,Alabama
PLANT-00287,cornus amomum,Connecticut
PLANT-00287,cornus amomum,Delaware
PLANT-00287,cornus amomum,Florida
PLANT-00287,cornus amomum,Georgia
PLANT-00287,cornus amomum,Illinois
PLANT-00287,cornus amomum,Indiana
PLANT-00287,cornus amomum,Kentucky
PLANT-00287,cornus amomum,Maine
PLANT-00287,cornus amomum,Maryland
PLANT-00287,cornus amomum,Michigan
PLANT-00287,cornus amomum,Mississippi
PLANT-00287,cornus amomum,New Hampshire
PLANT-00287,cornus amomum,New Jersey
PLANT-00287,cornus amomum,New York
PLANT-00287,cornus amomum,North Carolina
PLANT-00287,cornus amomum,Ohio
PLANT-00287,cornus amomum,Pennsylvania
PLANT-00287,cornus amomum,Rhode Island
PLANT-00287,cornus amomum,South Carolina
PLANT-00287,cornus amomum,Tennessee
PLANT-00287,cornus amomum,Vermont
PLANT-00287,cornus amomum,Virginia
PLANT-00287,cornus amomum,West Virginia
PLANT-00288,cornus amomum subsp. obliqua,Arkansas
PLANT-00288,cornus amomum subsp. obliqua,Connecticut
PLANT-00288,cornus amomum subsp. obliqua,Illinois
PLANT-00288,cornus amomum subsp. obliqua,Indiana
PLANT-00288,cornus amomum subsp. obliqua,Iowa
PLANT-00288,cornus amomum subsp. obliqua,Kansas
PLANT-00288,cornus amomum subsp. obliqua,Kentucky
PLANT-00288,cornus amomum subsp. obliqua,Maine
PLANT-00288,cornus amomum subsp. obliqua,Maryland
PLANT-00288,cornus amomum subsp. obliqua,Massachusetts
PLANT-00288,cornus amomum subsp. obliqua,Michigan
PLANT-00288,cornus amomum subsp. obliqua,Minnesota
PLANT-00288,cornus amomum subsp. obliqua,Missouri
PLANT-00288,cornus amomum subsp. obliqua,Nebraska
PLANT-00288,cornus amomum subsp. obliqua,New Hampshire
PLANT-00288,cornus amomum subsp. obliqua,New Jersey
PLANT-00288,cornus amomum subsp. obliqua,New York
PLANT-00288,cornus amomum subsp. obliqua,Ohio
PLANT-00288,cornus amomum subsp. obliqua,Oklahoma
PLANT-00288,cornus amomum subsp. obliqua,Pennsylvania
PLANT-00288,cornus amomum subsp. obliqua,Rhode Island
PLANT-00288,cornus amomum subsp. obliqua,South Dakota
PLANT-00288,cornus amomum subsp. obliqua,Tennessee
PLANT-00288,cornus amomum subsp. obliqua,Vermont
PLANT-00288,cornus amomum subsp. obliqua,Virginia
PLANT-00288,cornus amomum subsp. obliqua,West Virginia
PLANT-00288,cornus amomum subsp. obliqua,Wisconsin
PLANT-00289,cornus canadensis,Alaska
PLANT-00289,cornus canadensis,Colorado
PLANT-00289,cornus canadensis,Connecticut
PLANT-00289,cornus canadensis,Idaho
PLANT-00289,cornus canadensis,Illinois
PLANT-00289,cornus canadensis,Indiana
PLANT-00289,cornus canadensis,Iowa
PLANT-00289,cornus canadensis,Maine
PLANT-00289,cornus canadensis,Maryland
PLANT-00289,cornus canadensis,Massachusetts
PLANT-00289,cornus canadensis,Michigan
PLANT-00289,cornus canadensis,Montana
PLANT-00289,cornus canadensis,New Hampshire
PLANT-00289,cornus canadensis,New Jersey
PLANT-00289,cornus canadensis,New Mexico
PLANT-00289,cornus canadensis,New York
PLANT-00289,cornus canadensis,North Dakota
PLANT-00289,cornus canadensis,Ohio
PLANT-00289,cornus canadensis,Pennsylvania
PLANT-00289,cornus canadensis,Rhode Island
PLANT-00289,cornus canadensis,South Dakota
PLANT-00289,cornus canadensis,Vermont
PLANT-00289,cornus canadensis,Virginia
PLANT-00289,cornus canadensis,Washington
PLANT-00289,cornus canadensis,West Virginia
PLANT-00289,cornus canadensis,Wisconsin
PLANT-00289,cornus canadensis,Wyoming
PLANT-00290,cornus drummondii,Alabama
PLANT-00290,cornus drummondii,Arkansas
PLANT-00290,cornus drummondii,Georgia
PLANT-00290,cornus drummondii,Illinois
PLANT-00290,cornus drummondii,Indiana
PLANT-00290,cornus drummondii,Iowa
PLANT-00290,cornus drummondii,Kansas
PLANT-00290,cornus drummondii,Kentucky
PLANT-00290,cornus drummondii,Louisiana
PLANT-00290,cornus drummondii,Michigan
PLANT-00290,cornus drummondii,Mississippi
PLANT-00290,cornus drummondii,Missouri
PLANT-00290,cornus drummondii,Nebraska
PLANT-00290,cornus drummondii,New York
PLANT-00290,cornus drummondii,Ohio
PLANT-00290,cornus drummondii,Oklahoma
PLANT-00290,cornus drummondii,Pennsylvania
PLANT-00290,cornus drummondii,South Dakota
PLANT-00290,cornus drummondii,Tennessee
PLANT-00290,cornus drummondii,Texas
PLANT-00290,cornus drummondii,Wisconsin
PLANT-00291,cornus florida,Alabama
PLANT-00291,cornus florida,Arkansas
PLANT-00291,cornus florida,Connecticut
PLANT-00291,cornus florida,Delaware
PLANT-00291,cornus florida,Florida
PLANT-00291,cornus florida,Georgia
PLANT-00291,cornus florida,Illinois
PLANT-00291,cornus florida,Indiana
PLANT-00291,cornus florida,Kansas
PLANT-00291,cornus florida,Kentucky
PLANT-00291,cornus florida,Louisiana
PLANT-00291,cornus florida,Maine
PLANT-00291,cornus florida,Maryland
PLANT-00291,cornus florida,Michigan
PLANT-00291,cornus florida,Mississippi
PLANT-00291,cornus florida,Missouri
PLANT-00291,cornus florida,New Hampshire
PLANT-00291,cornus florida,New Jersey
PLANT-00291,cornus florida,New York
PLANT-00291,cornus florida,North Carolina
PLANT-00291,cornus florida,Ohio
PLANT-00291,cornus florida,Oklahoma
PLANT-00291,cornus florida,Pennsylvania
PLANT-00291,cornus florida,Rhode Island
PLANT-00291,cornus florida,South Carolina
PLANT-00291,cornus florida,Tennessee
PLANT-00291,cornus florida,Texas
PLANT-00291,cornus florida,Vermont
PLANT-00291,cornus florida,Virginia
PLANT-00291,cornus florida,West Virginia
PLANT-00292,cornus florida f. rubra,Alabama
PLANT-00292,cornus florida f. rubra,Connecticut
PLANT-00292,cornus florida f. rubra,Florida
PLANT-00292,cornus florida f. rubra,Georgia
PLANT-00292,cornus florida f. rubra,Indiana
PLANT-00292,cornus florida f. rubra,Kentucky
PLANT-00292,cornus florida f. rubra,Maine
PLANT-00292,cornus florida f. rubra,Massachusetts
PLANT-00292,cornus florida f. rubra,Michigan
PLANT-00292,cornus florida f. rubra,Mississippi
PLANT-00292,cornus florida f. rubra,Missouri
PLANT-00292,cornus florida f. rubra,New Hampshire
PLANT-00292,cornus florida f. rubra,New Jersey
PLANT-00292,cornus florida f. rubra,New York
PLANT-00292,cornus florida f. rubra,North Carolina
PLANT-00292,cornus florida f. rubra,Ohio
PLANT-00292,cornus florida f. rubra,Oklahoma
PLANT-00292,cornus florida f. rubra,Pennsylvania
PLANT-00292,cornus florida f. rubra,Rhode Island
PLANT-00292,cornus florida f. rubra,South Carolina
PLANT-00292,cornus florida f. rubra,Texas
PLANT-00292,cornus florida f. rubra,Vermont
PLANT-00292,cornus florida f. rubra,Virginia
PLANT-00292,cornus florida f. rubra,Wisconsin
PLANT-00293,cornus mas,Georgia
PLANT-00294,cornus racemosa,Alabama
PLANT-00294,cornus racemosa,Arkansas
PLANT-00294,cornus racemosa,Connecticut
PLANT-00294,cornus racemosa,Delaware
PLANT-00294,cornus racemosa,Illinois
PLANT-00294,cornus racemosa,Indiana
PLANT-00294,cornus racemosa,Iowa
PLANT-00294,cornus racemosa,Kentucky
PLANT-00294,cornus racemosa,Maine
PLANT-00294,cornus racemosa,Maryland
PLANT-00294,cornus racemosa,Michigan
PLANT-00294,cornus racemosa,Minnesota
PLANT-00294,cornus racemosa,Missouri
PLANT-00294,cornus racemosa,Nebraska
PLANT-00294,cornus racemosa,New Hampshire
PLANT-00294,cornus racemosa,New Jersey
PLANT-00294,cornus racemosa,New York
PLANT-00294,cornus racemosa,North Carolina
PLANT-00294,cornus racemosa,North Dakota
PLANT-00294,cornus racemosa,Ohio
PLANT-00294,cornus racemosa,Pennsylvania
PLANT-00294,cornus racemosa,Rhode Island
PLANT-00294,cornus racemosa,South Carolina
PLANT-00294,cornus racemosa,South Dakota
PLANT-00294,cornus racemosa,Texas
PLANT-00294,cornus racemosa,Vermont
PLANT-00294,cornus racemosa,Virginia
PLANT-00294,cornus racemosa,West Virginia
PLANT-00294,cornus racemosa,Wisconsin
PLANT-00295,cornus sericea,Alaska
PLANT-00295,cornus sericea,California
PLANT-00295,cornus sericea,Colorado
PLANT-00295,cornus sericea,Connecticut
PLANT-00295,cornus sericea,Idaho
PLANT-00295,cornus sericea,Illinois
PLANT-00295,cornus sericea,Maine
PLANT-00295,cornus sericea,Massachusetts
PLANT-00295,cornus sericea,Michigan
PLANT-00295,cornus sericea,Minnesota
PLANT-00295,cornus sericea,Nebraska
PLANT-00295,cornus sericea,New Hampshire
PLANT-00295,cornus sericea,New Mexico
PLANT-00295,cornus sericea,New York
PLANT-00295,cornus sericea,North Dakota
PLANT-00295,cornus sericea,Ohio
PLANT-00295,cornus sericea,Oregon
PLANT-00295,cornus sericea,Pennsylvania
PLANT-00295,cornus sericea,Rhode Island
PLANT-00295,cornus sericea,Utah
PLANT-00295,cornus sericea,Vermont
PLANT-00295,cornus sericea,Washington
PLANT-00295,cornus sericea,Wyoming
PLANT-00296,corylus americana,Alabama
PLANT-00296,corylus americana,Arkansas
PLANT-00296,corylus americana,Connecticut
PLANT-00296,corylus americana,Delaware
PLANT-00296,corylus americana,Georgia
PLANT-00296,corylus americana,Illinois
PLANT-00296,corylus americana,Indiana
PLANT-00296,corylus americana,Iowa
PLANT-00296,corylus americana,Kansas
PLANT-00296,corylus americana,Kentucky
PLANT-00296,corylus americana,Louisiana
PLANT-00296,corylus americana,Maine
PLANT-00296,corylus americana,Maryland
PLANT-00296,corylus americana,Massachusetts
PLANT-00296,corylus americana,Michigan
PLANT-00296,corylus americana,Minnesota
PLANT-00296,corylus americana,Mississippi
PLANT-00296,corylus americana,Missouri
PLANT-00296,corylus americana,Nebraska
PLANT-00296,corylus americana,New Hampshire
PLANT-00296,corylus americana,New Jersey
PLANT-00296,corylus americana,New York
PLANT-00296,corylus americana,North Carolina
PLANT-00296,corylus americana,North Dakota
PLANT-00296,corylus americana,Ohio
PLANT-00296,corylus americana,Oklahoma
PLANT-00296,corylus americana,Pennsylvania
PLANT-00296,corylus americana,Rhode Island
PLANT-00296,corylus americana,South Carolina
PLANT-00296,corylus americana,South Dakota
PLANT-00296,corylus americana,Tennessee
PLANT-00296,corylus americana,Vermont
PLANT-00296,corylus americana,Virginia
PLANT-00296,corylus americana,West Virginia
PLANT-00296,corylus americana,Wisconsin
PLANT-00297,corylus cornuta,Alabama
PLANT-00297,corylus cornuta,California
PLANT-00297,corylus cornuta,Colorado
PLANT-00297,corylus cornuta,Connecticut
PLANT-00297,corylus cornuta,Georgia
PLANT-00297,corylus cornuta,Illinois
PLANT-00297,corylus cornuta,Iowa
PLANT-00297,corylus cornuta,Kentucky
PLANT-00297,corylus cornuta,Maine
PLANT-00297,corylus cornuta,Maryland
PLANT-00297,corylus cornuta,Massachusetts
PLANT-00297,corylus cornuta,Michigan
PLANT-00297,corylus cornuta,Minnesota
PLANT-00297,corylus cornuta,Montana
PLANT-00297,corylus cornuta,New Hampshire
PLANT-00297,corylus cornuta,New Jersey
PLANT-00297,corylus cornuta,New York
PLANT-00297,corylus cornuta,North Carolina
PLANT-00297,corylus cornuta,North Dakota
PLANT-00297,corylus cornuta,Ohio
PLANT-00297,corylus cornuta,Oregon
PLANT-00297,corylus cornuta,Pennsylvania
PLANT-00297,corylus cornuta,Rhode Island
PLANT-00297,corylus cornuta,South Carolina
PLANT-00297,corylus cornuta,South Dakota
PLANT-00297,corylus cornuta,Tennessee
PLANT-00297,corylus cornuta,Vermont
PLANT-00297,corylus cornuta,Virginia
PLANT-00297,corylus cornuta,Washington
PLANT-00297,corylus cornuta,West Virginia
PLANT-00297,corylus cornuta,Wisconsin
PLANT-00297,corylus cornuta,Wyoming
PLANT-00298,cosmos bipinnatus,Arizona
PLANT-00298,cosmos bipinnatus,California
PLANT-00298,cosmos bipinnatus,New Mexico
PLANT-00299,cotinus obovatus,Alabama
PLANT-00299,cotinus obovatus,Arkansas
PLANT-00299,cotinus obovatus,Georgia
PLANT-00299,cotinus obovatus,Kentucky
PLANT-00299,cotinus obovatus,Missouri
PLANT-00299,cotinus obovatus,Oklahoma
PLANT-00299,cotinus obovatus,Tennessee
PLANT-00299,cotinus obovatus,Texas
PLANT-00300,crataegus crus-galli,Alabama
PLANT-00300,crataegus crus-galli,Arkansas
PLANT-00300,crataegus crus-galli,Connecticut
PLANT-00300,crataegus crus-galli,Delaware
PLANT-00300,crataegus crus-galli,Florida
PLANT-00300,crataegus crus-galli,Georgia
PLANT-00300,crataegus crus-galli,Illinois
PLANT-00300,crataegus crus-galli,Indiana
PLANT-00300,crataegus crus-galli,Iowa
PLANT-00300,crataegus crus-galli,Kansas
PLANT-00300,crataegus crus-galli,Kentucky
PLANT-00300,crataegus crus-galli,Louisiana
PLANT-00300,crataegus crus-galli,Maine
PLANT-00300,crataegus crus-galli,Maryland
PLANT-00300,crataegus crus-galli,Massachusetts
PLANT-00300,crataegus crus-galli,Michigan
PLANT-00300,crataegus crus-galli,Minnesota
PLANT-00300,crataegus crus-galli,Mississippi
PLANT-00300,crataegus crus-galli,Missouri
PLANT-00300,crataegus crus-galli,New Jersey
PLANT-00300,crataegus crus-galli,New York
PLANT-00300,crataegus crus-galli,North Carolina
PLANT-00300,crataegus crus-galli,Ohio
PLANT-00300,crataegus crus-galli,Oklahoma
PLANT-00300,crataegus crus-galli,Pennsylvania
PLANT-00300,crataegus crus-galli,Rhode Island
PLANT-00300,crataegus crus-galli,South Carolina
PLANT-00300,crataegus crus-galli,Tennessee
PLANT-00300,crataegus crus-galli,Texas
PLANT-00300,crataegus crus-galli,Vermont
PLANT-00300,crataegus crus-galli,Virginia
PLANT-00300,crataegus crus-galli,West Virginia
PLANT-00300,crataegus crus-galli,Wisconsin
PLANT-00301,crataegus douglasii,Alaska
PLANT-00301,crataegus douglasii,California
PLANT-00301,crataegus douglasii,Idaho
PLANT-00301,crataegus douglasii,Michigan
PLANT-00301,crataegus douglasii,Minnesota
PLANT-00301,crataegus douglasii,Montana
PLANT-00301,crataegus douglasii,Nevada
PLANT-00301,crataegus douglasii,North Dakota
PLANT-00301,crataegus douglasii,Oregon
PLANT-00301,crataegus douglasii,South Dakota
PLANT-00301,crataegus douglasii,Washington
PLANT-00301,crataegus douglasii,Wisconsin
PLANT-00301,crataegus douglasii,Wyoming
PLANT-00302,crataegus nitida,Arkansas
PLANT-00302,crataegus nitida,Illinois
PLANT-00302,crataegus nitida,Missouri
PLANT-00302,crataegus nitida,Ohio
PLANT-00302,crataegus nitida,Pennsylvania
PLANT-00302,crataegus nitida,Tennessee
PLANT-00302,crataegus nitida,Wisconsin
PLANT-00303,crataegus phaenopyrum,Alabama
PLANT-00303,crataegus phaenopyrum,Arkansas
PLANT-00303,crataegus phaenopyrum,Delaware
PLANT-00303,crataegus phaenopyrum,Florida
PLANT-00303,crataegus phaenopyrum,Georgia
PLANT-00303,crataegus phaenopyrum,Illinois
PLANT-00303,crataegus phaenopyrum,Indiana
PLANT-00303,crataegus phaenopyrum,Kentucky
PLANT-00303,crataegus phaenopyrum,Louisiana
PLANT-00303,crataegus phaenopyrum,Maine
PLANT-00303,crataegus phaenopyrum,Maryland
PLANT-00303,crataegus phaenopyrum,Massachusetts
PLANT-00303,crataegus phaenopyrum,Michigan
PLANT-00303,crataegus phaenopyrum,Mississippi
PLANT-00303,crataegus phaenopyrum,Missouri
PLANT-00303,crataegus phaenopyrum,New Jersey
PLANT-00303,crataegus phaenopyrum,North Carolina
PLANT-00303,crataegus phaenopyrum,Ohio
PLANT-00303,crataegus phaenopyrum,Pennsylvania
PLANT-00303,crataegus phaenopyrum,Rhode Island
PLANT-00303,crataegus phaenopyrum,South Carolina
PLANT-00303,crataegus phaenopyrum,Tennessee
PLANT-00303,crataegus phaenopyrum,Virginia
PLANT-00303,crataegus phaenopyrum,West Virginia
PLANT-00304,crataegus viridis,Alabama
PLANT-00304,crataegus viridis,Arkansas
PLANT-00304,crataegus viridis,Delaware
PLANT-00304,crataegus viridis,Florida
PLANT-00304,crataegus viridis,Georgia
PLANT-00304,crataegus viridis,Illinois
PLANT-00304,crataegus viridis,Indiana
PLANT-00304,crataegus viridis,Kansas
PLANT-00304,crataegus viridis,Kentucky
PLANT-00304,crataegus viridis,Louisiana
PLANT-00304,crataegus viridis,Maryland
PLANT-00304,crataegus viridis,Mississippi
PLANT-00304,crataegus viridis,Missouri
PLANT-00304,crataegus viridis,North Carolina
PLANT-00304,crataegus viridis,Oklahoma
PLANT-00304,crataegus viridis,Pennsylvania
PLANT-00304,crataegus viridis,South Carolina
PLANT-00304,crataegus viridis,Tennessee
PLANT-00304,crataegus viridis,Texas
PLANT-00304,crataegus viridis,Virginia
PLANT-00304,crataegus viridis,West Virginia
PLANT-00304,crataegus viridis,Wisconsin
PLANT-00305,crinum americanum,Alabama
PLANT-00305,crinum americanum,Florida
PLANT-00305,crinum americanum,Georgia
PLANT-00305,crinum americanum,Louisiana
PLANT-00305,crinum americanum,Mississippi
PLANT-00305,crinum americanum,South Carolina
PLANT-00305,crinum americanum,Texas
PLANT-00306,croton alabamensis,Alabama
PLANT-00306,croton alabamensis,Tennessee
PLANT-00306,croton alabamensis,Texas
PLANT-00307,cryptotaenia canadensis,Alabama
PLANT-00307,cryptotaenia canadensis,Arkansas
PLANT-00307,cryptotaenia canadensis,Connecticut
PLANT-00307,cryptotaenia canadensis,Delaware
PLANT-00307,cryptotaenia canadensis,Florida
PLANT-00307,cryptotaenia canadensis,Georgia
PLANT-00307,cryptotaenia canadensis,Illinois
PLANT-00307,cryptotaenia canadensis,Indiana
PLANT-00307,cryptotaenia canadensis,Iowa
PLANT-00307,cryptotaenia canadensis,Kansas
PLANT-00307,cryptotaenia canadensis,Kentucky
PLANT-00307,cryptotaenia canadensis,Louisiana
PLANT-00307,cryptotaenia canadensis,Maine
PLANT-00307,cryptotaenia canadensis,Maryland
PLANT-00307,cryptotaenia canadensis,Massachusetts
PLANT-00307,cryptotaenia canadensis,Michigan
PLANT-00307,cryptotaenia canadensis,Minnesota
PLANT-00307,cryptotaenia canadensis,Mississippi
PLANT-00307,cryptotaenia canadensis,Missouri
PLANT-00307,cryptotaenia canadensis,Nebraska
PLANT-00307,cryptotaenia canadensis,New Hampshire
PLANT-00307,cryptotaenia canadensis,New Jersey
PLANT-00307,cryptotaenia canadensis,New York
PLANT-00307,cryptotaenia canadensis,North Carolina
PLANT-00307,cryptotaenia canadensis,North Dakota
PLANT-00307,cryptotaenia canadensis,Ohio
PLANT-00307,cryptotaenia canadensis,Oklahoma
PLANT-00307,cryptotaenia canadensis,Pennsylvania
PLANT-00307,cryptotaenia canadensis,Rhode Island
PLANT-00307,cryptotaenia canadensis,South Carolina
PLANT-00307,cryptotaenia canadensis,South Dakota
PLANT-00307,cryptotaenia canadensis,Tennessee
PLANT-00307,cryptotaenia canadensis,Texas
PLANT-00307,cryptotaenia canadensis,Vermont
PLANT-00307,cryptotaenia canadensis,Virginia
PLANT-00307,cryptotaenia canadensis,West Virginia
PLANT-00307,cryptotaenia canadensis,Wisconsin
PLANT-00308,cunila origanoides,Alabama
PLANT-00308,cunila origanoides,Arkansas
PLANT-00308,cunila origanoides,Delaware
PLANT-00308,cunila origanoides,Georgia
PLANT-00308,cunila origanoides,Illinois
PLANT-00308,cunila origanoides,Indiana
PLANT-00308,cunila origanoides,Kansas
PLANT-00308,cunila origanoides,Kentucky
PLANT-00308,cunila origanoides,Louisiana
PLANT-00308,cunila origanoides,Maryland
PLANT-00308,cunila origanoides,Mississippi
PLANT-00308,cunila origanoides,Missouri
PLANT-00308,cunila origanoides,New Jersey
PLANT-00308,cunila origanoides,New York
PLANT-00308,cunila origanoides,North Carolina
PLANT-00308,cunila origanoides,Ohio
PLANT-00308,cunila origanoides,Oklahoma
PLANT-00308,cunila origanoides,Pennsylvania
PLANT-00308,cunila origanoides,South Carolina
PLANT-00308,cunila origanoides,Tennessee
PLANT-00308,cunila origanoides,Texas
PLANT-00308,cunila origanoides,Virginia
PLANT-00308,cunila origanoides,West Virginia
PLANT-00309,cuphea viscosissima,Alabama
PLANT-00309,cuphea viscosissima,Arkansas
PLANT-00309,cuphea viscosissima,Connecticut
PLANT-00309,cuphea viscosissima,Delaware
PLANT-00309,cuphea viscosissima,Florida
PLANT-00309,cuphea viscosissima,Georgia
PLANT-00309,cuphea viscosissima,Illinois
PLANT-00309,cuphea viscosissima,Indiana
PLANT-00309,cuphea viscosissima,Iowa
PLANT-00309,cuphea viscosissima,Kansas
PLANT-00309,cuphea viscosissima,Kentucky
PLANT-00309,cuphea viscosissima,Louisiana
PLANT-00309,cuphea viscosissima,Maryland
PLANT-00309,cuphea viscosissima,Massachusetts
PLANT-00309,cuphea viscosissima,Mississippi
PLANT-00309,cuphea viscosissima,Missouri
PLANT-00309,cuphea viscosissima,Nebraska
PLANT-00309,cuphea viscosissima,New Hampshire
PLANT-00309,cuphea viscosissima,New Jersey
PLANT-00309,cuphea viscosissima,New York
PLANT-00309,cuphea viscosissima,North Carolina
PLANT-00309,cuphea viscosissima,Ohio
PLANT-00309,cuphea viscosissima,Oklahoma
PLANT-00309,cuphea viscosissima,Pennsylvania
PLANT-00309,cuphea viscosissima,South Carolina
PLANT-00309,cuphea viscosissima,Tennessee
PLANT-00309,cuphea viscosissima,Vermont
PLANT-00309,cuphea viscosissima,Virginia
PLANT-00309,cuphea viscosissima,West Virginia
PLANT-00310,cypripedium kentuckiense,Alabama
PLANT-00310,cypripedium kentuckiense,Arkansas
PLANT-00310,cypripedium kentuckiense,Georgia
PLANT-00310,cypripedium kentuckiense,Kentucky
PLANT-00310,cypripedium kentuckiense,Louisiana
PLANT-00310,cypripedium kentuckiense,Mississippi
PLANT-00310,cypripedium kentuckiense,Oklahoma
PLANT-00310,cypripedium kentuckiense,Tennessee
PLANT-00310,cypripedium kentuckiense,Texas
PLANT-00310,cypripedium kentuckiense,Virginia
PLANT-00311,cystopteris protrusa,Alabama
PLANT-00311,cystopteris protrusa,Arkansas
PLANT-00311,cystopteris protrusa,Connecticut
PLANT-00311,cystopteris protrusa,Delaware
PLANT-00311,cystopteris protrusa,Florida
PLANT-00311,cystopteris protrusa,Georgia
PLANT-00311,cystopteris protrusa,Illinois
PLANT-00311,cystopteris protrusa,Indiana
PLANT-00311,cystopteris protrusa,Iowa
PLANT-00311,cystopteris protrusa,Kansas
PLANT-00311,cystopteris protrusa,Kentucky
PLANT-00311,cystopteris protrusa,Louisiana
PLANT-00311,cystopteris protrusa,Maryland
PLANT-00311,cystopteris protrusa,Massachusetts
PLANT-00311,cystopteris protrusa,Michigan
PLANT-00311,cystopteris protrusa,Minnesota
PLANT-00311,cystopteris protrusa,Mississippi
PLANT-00311,cystopteris protrusa,Missouri
PLANT-00311,cystopteris protrusa,Nebraska
PLANT-00311,cystopteris protrusa,New Hampshire
PLANT-00311,cystopteris protrusa,New Jersey
PLANT-00311,cystopteris protrusa,New York
PLANT-00311,cystopteris protrusa,North Carolina
PLANT-00311,cystopteris protrusa,Ohio
PLANT-00311,cystopteris protrusa,Oklahoma
PLANT-00311,cystopteris protrusa,Pennsylvania
PLANT-00311,cystopteris protrusa,South Carolina
PLANT-00311,cystopteris protrusa,Tennessee
PLANT-00311,cystopteris protrusa,Virginia
PLANT-00311,cystopteris protrusa,West Virginia
PLANT-00311,cystopteris protrusa,Wisconsin
PLANT-00312,dalea candida,Alabama
PLANT-00312,dalea candida,Arizona
PLANT-00312,dalea candida,Arkansas
PLANT-00312,dalea candida,Colorado
PLANT-00312,dalea candida,Georgia
PLANT-00312,dalea candida,Illinois
PLANT-00312,dalea candida,Indiana
PLANT-00312,dalea candida,Iowa
PLANT-00312,dalea candida,Kansas
PLANT-00312,dalea candida,Kentucky
PLANT-00312,dalea candida,Louisiana
PLANT-00312,dalea candida,Minnesota
PLANT-00312,dalea candida,Mississippi
PLANT-00312,dalea candida,Missouri
PLANT-00312,dalea candida,Montana
PLANT-00312,dalea candida,Nebraska
PLANT-00312,dalea candida,New Hampshire
PLANT-00312,dalea candida,New Mexico
PLANT-00312,dalea candida,North Dakota
PLANT-00312,dalea candida,Oklahoma
PLANT-00312,dalea candida,South Dakota
PLANT-00312,dalea candida,Tennessee
PLANT-00312,dalea candida,Texas
PLANT-00312,dalea candida,Utah
PLANT-00312,dalea candida,Wisconsin
PLANT-00312,dalea candida,Wyoming
PLANT-00313,dalea gattingeri,Alabama
PLANT-00313,dalea gattingeri,Arkansas
PLANT-00313,dalea gattingeri,Georgia
PLANT-00313,dalea gattingeri,Missouri
PLANT-00313,dalea gattingeri,Tennessee
PLANT-00314,dalea purpurea,Alabama
PLANT-00314,dalea purpurea,Arizona
PLANT-00314,dalea purpurea,Colorado
PLANT-00314,dalea purpurea,Georgia
PLANT-00314,dalea purpurea,Illinois
PLANT-00314,dalea purpurea,Indiana
PLANT-00314,dalea purpurea,Iowa
PLANT-00314,dalea purpurea,Kansas
PLANT-00314,dalea purpurea,Kentucky
PLANT-00314,dalea purpurea,Louisiana
PLANT-00314,dalea purpurea,Michigan
PLANT-00314,dalea purpurea,Minnesota
PLANT-00314,dalea purpurea,Mississippi
PLANT-00314,dalea purpurea,Missouri
PLANT-00314,dalea purpurea,Montana
PLANT-00314,dalea purpurea,Nebraska
PLANT-00314,dalea purpurea,New Mexico
PLANT-00314,dalea purpurea,New York
PLANT-00314,dalea purpurea,North Dakota
PLANT-00314,dalea purpurea,Ohio
PLANT-00314,dalea purpurea,Oklahoma
PLANT-00314,dalea purpurea,South Dakota
PLANT-00314,dalea purpurea,Tennessee
PLANT-00314,dalea purpurea,Texas
PLANT-00314,dalea purpurea,Wisconsin
PLANT-00314,dalea purpurea,Wyoming
PLANT-00315,darmera peltata,California
PLANT-00315,darmera peltata,Oregon
PLANT-00315,darmera peltata,Utah
PLANT-00316,datura inoxia,Texas
PLANT-00317,decodon verticillatus,Alabama
PLANT-00317,decodon verticillatus,Arkansas
PLANT-00317,decodon verticillatus,Connecticut
PLANT-00317,decodon verticillatus,Delaware
PLANT-00317,decodon verticillatus,Florida
PLANT-00317,decodon verticillatus,Georgia
PLANT-00317,decodon verticillatus,Illinois
PLANT-00317,decodon verticillatus,Indiana
PLANT-00317,decodon verticillatus,Iowa
PLANT-00317,decodon verticillatus,Kentucky
PLANT-00317,decodon verticillatus,Louisiana
PLANT-00317,decodon verticillatus,Maine
PLANT-00317,decodon verticillatus,Maryland
PLANT-00317,decodon verticillatus,Massachusetts
PLANT-00317,decodon verticillatus,Michigan
PLANT-00317,decodon verticillatus,Minnesota
PLANT-00317,decodon verticillatus,Mississippi
PLANT-00317,decodon verticillatus,Missouri
PLANT-00317,decodon verticillatus,New Hampshire
PLANT-00317,decodon verticillatus,New Jersey
PLANT-00317,decodon verticillatus,New York
PLANT-00317,decodon verticillatus,North Carolina
PLANT-00317,decodon verticillatus,Ohio
PLANT-00317,decodon verticillatus,Pennsylvania
PLANT-00317,decodon verticillatus,Rhode Island
PLANT-00317,decodon verticillatus,South Carolina
PLANT-00317,decodon verticillatus,Tennessee
PLANT-00317,decodon verticillatus,Texas
PLANT-00317,decodon verticillatus,Vermont
PLANT-00317,decodon verticillatus,Virginia
PLANT-00317,decodon verticillatus,West Virginia
PLANT-00317,decodon verticillatus,Wisconsin
PLANT-00318,delphinium cardinale,California
PLANT-00319,delphinium carolinianum,Alabama
PLANT-00319,delphinium carolinianum,Arkansas
PLANT-00319,delphinium carolinianum,Florida
PLANT-00319,delphinium carolinianum,Georgia
PLANT-00319,delphinium carolinianum,Illinois
PLANT-00319,delphinium carolinianum,Iowa
PLANT-00319,delphinium carolinianum,Kansas
PLANT-00319,delphinium carolinianum,Kentucky
PLANT-00319,delphinium carolinianum,Louisiana
PLANT-00319,delphinium carolinianum,Mississippi
PLANT-00319,delphinium carolinianum,Missouri
PLANT-00319,delphinium carolinianum,Oklahoma
PLANT-00319,delphinium carolinianum,South Carolina
PLANT-00320,delphinium exaltatum,Alabama
PLANT-00320,delphinium exaltatum,Kentucky
PLANT-00320,delphinium exaltatum,Maine
PLANT-00320,delphinium exaltatum,Maryland
PLANT-00320,delphinium exaltatum,Missouri
PLANT-00320,delphinium exaltatum,North Carolina
PLANT-00320,delphinium exaltatum,Ohio
PLANT-00320,delphinium exaltatum,Pennsylvania
PLANT-00320,delphinium exaltatum,Tennessee
PLANT-00320,delphinium exaltatum,Virginia
PLANT-00320,delphinium exaltatum,West Virginia
PLANT-00321,delphinium treleasei,Arkansas
PLANT-00321,delphinium treleasei,Missouri
PLANT-00322,delphinium tricorne,Alabama
PLANT-00322,delphinium tricorne,Arkansas
PLANT-00322,delphinium tricorne,Georgia
PLANT-00322,delphinium tricorne,Illinois
PLANT-00322,delphinium tricorne,Indiana
PLANT-00322,delphinium tricorne,Iowa
PLANT-00322,delphinium tricorne,Kansas
PLANT-00322,delphinium tricorne,Kentucky
PLANT-00322,delphinium tricorne,Maryland
PLANT-00322,delphinium tricorne,Minnesota
PLANT-00322,delphinium tricorne,Mississippi
PLANT-00322,delphinium tricorne,Missouri
PLANT-00322,delphinium tricorne,Nebraska
PLANT-00322,delphinium tricorne,North Carolina
PLANT-00322,delphinium tricorne,Ohio
PLANT-00322,delphinium tricorne,Oklahoma
PLANT-00322,delphinium tricorne,Pennsylvania
PLANT-00322,delphinium tricorne,South Carolina
PLANT-00322,delphinium tricorne,Tennessee
PLANT-00322,delphinium tricorne,Virginia
PLANT-00322,delphinium tricorne,West Virginia
PLANT-00323,dennstaedtia punctilobula,Alabama
PLANT-00323,dennstaedtia punctilobula,Arkansas
PLANT-00323,dennstaedtia punctilobula,Connecticut
PLANT-00323,dennstaedtia punctilobula,Delaware
PLANT-00323,dennstaedtia punctilobula,Georgia
PLANT-00323,dennstaedtia punctilobula,Illinois
PLANT-00323,dennstaedtia punctilobula,Indiana
PLANT-00323,dennstaedtia punctilobula,Kentucky
PLANT-00323,dennstaedtia punctilobula,Maine
PLANT-00323,dennstaedtia punctilobula,Maryland
PLANT-00323,dennstaedtia punctilobula,Massachusetts
PLANT-00323,dennstaedtia punctilobula,Michigan
PLANT-00323,dennstaedtia punctilobula,Missouri
PLANT-00323,dennstaedtia punctilobula,New Hampshire
PLANT-00323,dennstaedtia punctilobula,New Jersey
PLANT-00323,dennstaedtia punctilobula,New York
PLANT-00323,dennstaedtia punctilobula,North Carolina
PLANT-00323,dennstaedtia punctilobula,Ohio
PLANT-00323,dennstaedtia punctilobula,Pennsylvania
PLANT-00323,dennstaedtia punctilobula,Rhode Island
PLANT-00323,dennstaedtia punctilobula,South Carolina
PLANT-00323,dennstaedtia punctilobula,Tennessee
PLANT-00323,dennstaedtia punctilobula,Vermont
PLANT-00323,dennstaedtia punctilobula,Virginia
PLANT-00323,dennstaedtia punctilobula,West Virginia
PLANT-00323,dennstaedtia punctilobula,Wisconsin
PLANT-00324,deschampsia cespitosa,Alaska
PLANT-00324,deschampsia cespitosa,Arizona
PLANT-00324,deschampsia cespitosa,California
PLANT-00324,deschampsia cespitosa,Colorado
PLANT-00324,deschampsia cespitosa,Connecticut
PLANT-00324,deschampsia cespitosa,Idaho
PLANT-00324,deschampsia cespitosa,Illinois
PLANT-00324,deschampsia cespitosa,Indiana
PLANT-00324,deschampsia cespitosa,Kentucky
PLANT-00324,deschampsia cespitosa,Maine
PLANT-00324,deschampsia cespitosa,Maryland
PLANT-00324,deschampsia cespitosa,Michigan
PLANT-00324,deschampsia cespitosa,Minnesota
PLANT-00324,deschampsia cespitosa,Montana
PLANT-00324,deschampsia cespitosa,Nevada
PLANT-00324,deschampsia cespitosa,New Hampshire
PLANT-00324,deschampsia cespitosa,New Jersey
PLANT-00324,deschampsia cespitosa,New Mexico
PLANT-00324,deschampsia cespitosa,New York
PLANT-00324,deschampsia cespitosa,North Carolina
PLANT-00324,deschampsia cespitosa,North Dakota
PLANT-00324,deschampsia cespitosa,Ohio
PLANT-00324,deschampsia cespitosa,Oregon
PLANT-00324,deschampsia cespitosa,Pennsylvania
PLANT-00324,deschampsia cespitosa,Rhode Island
PLANT-00324,deschampsia cespitosa,South Dakota
PLANT-00324,deschampsia cespitosa,Utah
PLANT-00324,deschampsia cespitosa,Vermont
PLANT-00324,deschampsia cespitosa,Virginia
PLANT-00324,deschampsia cespitosa,Washington
PLANT-00324,deschampsia cespitosa,West Virginia
PLANT-00324,deschampsia cespitosa,Wisconsin
PLANT-00324,deschampsia cespitosa,Wyoming
PLANT-00325,deschampsia flexuosa,Alabama
PLANT-00325,deschampsia flexuosa,Arkansas
PLANT-00325,deschampsia flexuosa,Connecticut
PLANT-00325,deschampsia flexuosa,Delaware
PLANT-00325,deschampsia flexuosa,Florida
PLANT-00325,deschampsia flexuosa,Georgia
PLANT-00325,deschampsia flexuosa,Illinois
PLANT-00325,deschampsia flexuosa,Indiana
PLANT-00325,deschampsia flexuosa,Kentucky
PLANT-00325,deschampsia flexuosa,Louisiana
PLANT-00325,deschampsia flexuosa,Maine
PLANT-00325,deschampsia flexuosa,Maryland
PLANT-00325,deschampsia flexuosa,Massachusetts
PLANT-00325,deschampsia flexuosa,Michigan
PLANT-00325,deschampsia flexuosa,Minnesota
PLANT-00325,deschampsia flexuosa,Mississippi
PLANT-00325,deschampsia flexuosa,Missouri
PLANT-00325,deschampsia flexuosa,New Hampshire
PLANT-00325,deschampsia flexuosa,New Jersey
PLANT-00325,deschampsia flexuosa,New York
PLANT-00325,deschampsia flexuosa,North Dakota
PLANT-00325,deschampsia flexuosa,Ohio
PLANT-00325,deschampsia flexuosa,Oklahoma
PLANT-00325,deschampsia flexuosa,Pennsylvania
PLANT-00325,deschampsia flexuosa,South Carolina
PLANT-00325,deschampsia flexuosa,Tennessee
PLANT-00325,deschampsia flexuosa,Texas
PLANT-00325,deschampsia flexuosa,Vermont
PLANT-00325,deschampsia flexuosa,Virginia
PLANT-00325,deschampsia flexuosa,West Virginia
PLANT-00325,deschampsia flexuosa,Wisconsin
PLANT-00326,desmanthus illinoensis,Alabama
PLANT-00326,desmanthus illinoensis,Arkansas
PLANT-00326,desmanthus illinoensis,Colorado
PLANT-00326,desmanthus illinoensis,Florida
PLANT-00326,desmanthus illinoensis,Georgia
PLANT-00326,desmanthus illinoensis,Illinois
PLANT-00326,desmanthus illinoensis,Indiana
PLANT-00326,desmanthus illinoensis,Iowa
PLANT-00326,desmanthus illinoensis,Kansas
PLANT-00326,desmanthus illinoensis,Kentucky
PLANT-00326,desmanthus illinoensis,Louisiana
PLANT-00326,desmanthus illinoensis,Maryland
PLANT-00326,desmanthus illinoensis,Minnesota
PLANT-00326,desmanthus illinoensis,Mississippi
PLANT-00326,desmanthus illinoensis,Missouri
PLANT-00326,desmanthus illinoensis,Nebraska
PLANT-00326,desmanthus illinoensis,Nevada
PLANT-00326,desmanthus illinoensis,New Jersey
PLANT-00326,desmanthus illinoensis,New Mexico
PLANT-00326,desmanthus illinoensis,North Carolina
PLANT-00326,desmanthus illinoensis,North Dakota
PLANT-00326,desmanthus illinoensis,Ohio
PLANT-00326,desmanthus illinoensis,Oklahoma
PLANT-00326,desmanthus illinoensis,Pennsylvania
PLANT-00326,desmanthus illinoensis,South Carolina
PLANT-00326,desmanthus illinoensis,South Dakota
PLANT-00326,desmanthus illinoensis,Tennessee
PLANT-00326,desmanthus illinoensis,Texas
PLANT-00326,desmanthus illinoensis,Utah
PLANT-00326,desmanthus illinoensis,Virginia
PLANT-00327,desmodium illinoense,Illinois
PLANT-00327,desmodium illinoense,Indiana
PLANT-00327,desmodium illinoense,Iowa
PLANT-00327,desmodium illinoense,Kansas
PLANT-00327,desmodium illinoense,Michigan
PLANT-00327,desmodium illinoense,Minnesota
PLANT-00327,desmodium illinoense,Missouri
PLANT-00327,desmodium illinoense,Nebraska
PLANT-00327,desmodium illinoense,Oklahoma
PLANT-00327,desmodium illinoense,South Dakota
PLANT-00327,desmodium illinoense,Texas
PLANT-00327,desmodium illinoense,Wisconsin
PLANT-00328,diarrhena americana,Alabama
PLANT-00328,diarrhena americana,Arkansas
PLANT-00328,diarrhena americana,Georgia
PLANT-00328,diarrhena americana,Indiana
PLANT-00328,diarrhena americana,Kentucky
PLANT-00328,diarrhena americana,Maryland
PLANT-00328,diarrhena americana,Missouri
PLANT-00328,diarrhena americana,North Carolina
PLANT-00328,diarrhena americana,Ohio
PLANT-00328,diarrhena americana,Oklahoma
PLANT-00328,diarrhena americana,Pennsylvania
PLANT-00328,diarrhena americana,Tennessee
PLANT-00328,diarrhena americana,Virginia
PLANT-00328,diarrhena americana,West Virginia
PLANT-00329,diarrhena obovata,Arkansas
PLANT-00329,diarrhena obovata,Illinois
PLANT-00329,diarrhena obovata,Indiana
PLANT-00329,diarrhena obovata,Iowa
PLANT-00329,diarrhena obovata,Kansas
PLANT-00329,diarrhena obovata,Kentucky
PLANT-00329,diarrhena obovata,Maryland
PLANT-00329,diarrhena obovata,Michigan
PLANT-00329,diarrhena obovata,Minnesota
PLANT-00329,diarrhena obovata,Missouri
PLANT-00329,diarrhena obovata,Nebraska
PLANT-00329,diarrhena obovata,New York
PLANT-00329,diarrhena obovata,Ohio
PLANT-00329,diarrhena obovata,Oklahoma
PLANT-00329,diarrhena obovata,Pennsylvania
PLANT-00329,diarrhena obovata,South Dakota
PLANT-00329,diarrhena obovata,Tennessee
PLANT-00329,diarrhena obovata,Texas
PLANT-00329,diarrhena obovata,Virginia
PLANT-00329,diarrhena obovata,West Virginia
PLANT-00329,diarrhena obovata,Wisconsin
PLANT-00330,dicentra cucullaria,Alabama
PLANT-00330,dicentra cucullaria,Arkansas
PLANT-00330,dicentra cucullaria,Connecticut
PLANT-00330,dicentra cucullaria,Delaware
PLANT-00330,dicentra cucullaria,Georgia
PLANT-00330,dicentra cucullaria,Idaho
PLANT-00330,dicentra cucullaria,Illinois
PLANT-00330,dicentra cucullaria,Indiana
PLANT-00330,dicentra cucullaria,Iowa
PLANT-00330,dicentra cucullaria,Kansas
PLANT-00330,dicentra cucullaria,Kentucky
PLANT-00330,dicentra cucullaria,Maine
PLANT-00330,dicentra cucullaria,Maryland
PLANT-00330,dicentra cucullaria,Massachusetts
PLANT-00330,dicentra cucullaria,Michigan
PLANT-00330,dicentra cucullaria,Minnesota
PLANT-00330,dicentra cucullaria,Mississippi
PLANT-00330,dicentra cucullaria,Missouri
PLANT-00330,dicentra cucullaria,Nebraska
PLANT-00330,dicentra cucullaria,New Hampshire
PLANT-00330,dicentra cucullaria,New Jersey
PLANT-00330,dicentra cucullaria,New York
PLANT-00330,dicentra cucullaria,North Carolina
PLANT-00330,dicentra cucullaria,North Dakota
PLANT-00330,dicentra cucullaria,Ohio
PLANT-00330,dicentra cucullaria,Oklahoma
PLANT-00330,dicentra cucullaria,Oregon
PLANT-00330,dicentra cucullaria,Pennsylvania
PLANT-00330,dicentra cucullaria,Rhode Island
PLANT-00330,dicentra cucullaria,South Carolina
PLANT-00330,dicentra cucullaria,South Dakota
PLANT-00330,dicentra cucullaria,Tennessee
PLANT-00330,dicentra cucullaria,Vermont
PLANT-00330,dicentra cucullaria,Virginia
PLANT-00330,dicentra cucullaria,Washington
PLANT-00330,dicentra cucullaria,West Virginia
PLANT-00330,dicentra cucullaria,Wisconsin
PLANT-00331,dicentra eximia,Georgia
PLANT-00331,dicentra eximia,Maryland
PLANT-00331,dicentra eximia,Massachusetts
PLANT-00331,dicentra eximia,Michigan
PLANT-00331,dicentra eximia,New Jersey
PLANT-00331,dicentra eximia,New York
PLANT-00331,dicentra eximia,North Carolina
PLANT-00331,dicentra eximia,Ohio
PLANT-00331,dicentra eximia,Pennsylvania
PLANT-00331,dicentra eximia,South Carolina
PLANT-00331,dicentra eximia,Tennessee
PLANT-00331,dicentra eximia,Virginia
PLANT-00331,dicentra eximia,West Virginia
PLANT-00332,diervilla lonicera,Alabama
PLANT-00332,diervilla lonicera,Connecticut
PLANT-00332,diervilla lonicera,Delaware
PLANT-00332,diervilla lonicera,Georgia
PLANT-00332,diervilla lonicera,Illinois
PLANT-00332,diervilla lonicera,Indiana
PLANT-00332,diervilla lonicera,Iowa
PLANT-00332,diervilla lonicera,Maine
PLANT-00332,diervilla lonicera,Maryland
PLANT-00332,diervilla lonicera,Massachusetts
PLANT-00332,diervilla lonicera,Michigan
PLANT-00332,diervilla lonicera,Minnesota
PLANT-00332,diervilla lonicera,New Hampshire
PLANT-00332,diervilla lonicera,New Jersey
PLANT-00332,diervilla lonicera,New York
PLANT-00332,diervilla lonicera,North Carolina
PLANT-00332,diervilla lonicera,North Dakota
PLANT-00332,diervilla lonicera,Ohio
PLANT-00332,diervilla lonicera,Pennsylvania
PLANT-00332,diervilla lonicera,Rhode Island
PLANT-00332,diervilla lonicera,Tennessee
PLANT-00332,diervilla lonicera,Vermont
PLANT-00332,diervilla lonicera,Virginia
PLANT-00332,diervilla lonicera,West Virginia
PLANT-00332,diervilla lonicera,Wisconsin
PLANT-00333,diervilla rivularis,Alabama
PLANT-00333,diervilla rivularis,Georgia
PLANT-00333,diervilla rivularis,North Carolina
PLANT-00333,diervilla rivularis,Tennessee
PLANT-00334,dionaea muscipula,North Carolina
PLANT-00334,dionaea muscipula,South Carolina
PLANT-00335,diospyros virginiana,Alabama
PLANT-00335,diospyros virginiana,Arkansas
PLANT-00335,diospyros virginiana,Connecticut
PLANT-00335,diospyros virginiana,Florida
PLANT-00335,diospyros virginiana,Georgia
PLANT-00335,diospyros virginiana,Illinois
PLANT-00335,diospyros virginiana,Indiana
PLANT-00335,diospyros virginiana,Iowa
PLANT-00335,diospyros virginiana,Kentucky
PLANT-00335,diospyros virginiana,Louisiana
PLANT-00335,diospyros virginiana,Mississippi
PLANT-00335,diospyros virginiana,Missouri
PLANT-00335,diospyros virginiana,New York
PLANT-00335,diospyros virginiana,North Carolina
PLANT-00335,diospyros virginiana,Ohio
PLANT-00335,diospyros virginiana,Pennsylvania
PLANT-00335,diospyros virginiana,South Carolina
PLANT-00335,diospyros virginiana,Tennessee
PLANT-00335,diospyros virginiana,Texas
PLANT-00335,diospyros virginiana,Virginia
PLANT-00335,diospyros virginiana,West Virginia
PLANT-00336,diplazium pycnocarpon,Alabama
PLANT-00336,diplazium pycnocarpon,Arkansas
PLANT-00336,diplazium pycnocarpon,Connecticut
PLANT-00336,diplazium pycnocarpon,Delaware
PLANT-00336,diplazium pycnocarpon,Florida
PLANT-00336,diplazium pycnocarpon,Georgia
PLANT-00336,diplazium pycnocarpon,Illinois
PLANT-00336,diplazium pycnocarpon,Indiana
PLANT-00336,diplazium pycnocarpon,Iowa
PLANT-00336,diplazium pycnocarpon,Kansas
PLANT-00336,diplazium pycnocarpon,Kentucky
PLANT-00336,diplazium pycnocarpon,Louisiana
PLANT-00336,diplazium pycnocarpon,Maryland
PLANT-00336,diplazium pycnocarpon,Michigan
PLANT-00336,diplazium pycnocarpon,Minnesota
PLANT-00336,diplazium pycnocarpon,Mississippi
PLANT-00336,diplazium pycnocarpon,Missouri
PLANT-00336,diplazium pycnocarpon,New Hampshire
PLANT-00336,diplazium pycnocarpon,New Jersey
PLANT-00336,diplazium pycnocarpon,New York
PLANT-00336,diplazium pycnocarpon,North Carolina
PLANT-00336,diplazium pycnocarpon,Ohio
PLANT-00336,diplazium pycnocarpon,Pennsylvania
PLANT-00336,diplazium pycnocarpon,South Carolina
PLANT-00336,diplazium pycnocarpon,Tennessee
PLANT-00336,diplazium pycnocarpon,Vermont
PLANT-00336,diplazium pycnocarpon,Virginia
PLANT-00336,diplazium pycnocarpon,West Virginia
PLANT-00336,diplazium pycnocarpon,Wisconsin
PLANT-00337,dirca palustris,Alabama
PLANT-00337,dirca palustris,Arkansas
PLANT-00337,dirca palustris,Connecticut
PLANT-00337,dirca palustris,Delaware
PLANT-00337,dirca palustris,Florida
PLANT-00337,dirca palustris,Georgia
PLANT-00337,dirca palustris,Illinois
PLANT-00337,dirca palustris,Indiana
PLANT-00337,dirca palustris,Iowa
PLANT-00337,dirca palustris,Kansas
PLANT-00337,dirca palustris,Kentucky
PLANT-00337,dirca palustris,Louisiana
PLANT-00337,dirca palustris,Maine
PLANT-00337,dirca palustris,Maryland
PLANT-00337,dirca palustris,Massachusetts
PLANT-00337,dirca palustris,Michigan
PLANT-00337,dirca palustris,Minnesota
PLANT-00337,dirca palustris,Mississippi
PLANT-00337,dirca palustris,Missouri
PLANT-00337,dirca palustris,New Hampshire
PLANT-00337,dirca palustris,New Jersey
PLANT-00337,dirca palustris,New York
PLANT-00337,dirca palustris,North Carolina
PLANT-00337,dirca palustris,North Dakota
PLANT-00337,dirca palustris,Ohio
PLANT-00337,dirca palustris,Oklahoma
PLANT-00337,dirca palustris,Pennsylvania
PLANT-00337,dirca palustris,South Carolina
PLANT-00337,dirca palustris,Tennessee
PLANT-00337,dirca palustris,Vermont
PLANT-00337,dirca palustris,Virginia
PLANT-00337,dirca palustris,West Virginia
PLANT-00337,dirca palustris,Wisconsin
PLANT-00338,dodecatheon meadia,Alabama
PLANT-00338,dodecatheon meadia,Arkansas
PLANT-00338,dodecatheon meadia,Florida
PLANT-00338,dodecatheon meadia,Georgia
PLANT-00338,dodecatheon meadia,Illinois
PLANT-00338,dodecatheon meadia,Indiana
PLANT-00338,dodecatheon meadia,Iowa
PLANT-00338,dodecatheon meadia,Kansas
PLANT-00338,dodecatheon meadia,Kentucky
PLANT-00338,dodecatheon meadia,Louisiana
PLANT-00338,dodecatheon meadia,Maryland
PLANT-00338,dodecatheon meadia,Michigan
PLANT-00338,dodecatheon meadia,Minnesota
PLANT-00338,dodecatheon meadia,Mississippi
PLANT-00338,dodecatheon meadia,Missouri
PLANT-00338,dodecatheon meadia,New York
PLANT-00338,dodecatheon meadia,North Carolina
PLANT-00338,dodecatheon meadia,Ohio
PLANT-00338,dodecatheon meadia,Oklahoma
PLANT-00338,dodecatheon meadia,Pennsylvania
PLANT-00338,dodecatheon meadia,South Carolina
PLANT-00338,dodecatheon meadia,Tennessee
PLANT-00338,dodecatheon meadia,Texas
PLANT-00338,dodecatheon meadia,Virginia
PLANT-00338,dodecatheon meadia,West Virginia
PLANT-00338,dodecatheon meadia,Wisconsin
PLANT-00339,dracopis amplexicaulis,Alabama
PLANT-00339,dracopis amplexicaulis,Arkansas
PLANT-00339,dracopis amplexicaulis,Florida
PLANT-00339,dracopis amplexicaulis,Georgia
PLANT-00339,dracopis amplexicaulis,Illinois
PLANT-00339,dracopis amplexicaulis,Kansas
PLANT-00339,dracopis amplexicaulis,Louisiana
PLANT-00339,dracopis amplexicaulis,Mississippi
PLANT-00339,dracopis amplexicaulis,Missouri
PLANT-00339,dracopis amplexicaulis,New Mexico
PLANT-00339,dracopis amplexicaulis,North Dakota
PLANT-00339,dracopis amplexicaulis,Oklahoma
PLANT-00339,dracopis amplexicaulis,South Carolina
PLANT-00339,dracopis amplexicaulis,Texas
PLANT-00340,drosera filiformis var. filiformis,Florida
PLANT-00340,drosera filiformis var. filiformis,Maryland
PLANT-00340,drosera filiformis var. filiformis,Massachusetts
PLANT-00340,drosera filiformis var. filiformis,New Jersey
PLANT-00340,drosera filiformis var. filiformis,New York
PLANT-00340,drosera filiformis var. filiformis,North Carolina
PLANT-00340,drosera filiformis var. filiformis,Pennsylvania
PLANT-00340,drosera filiformis var. filiformis,West Virginia
PLANT-00341,dryopteris australis,Alabama
PLANT-00341,dryopteris australis,Arkansas
PLANT-00341,dryopteris australis,Georgia
PLANT-00341,dryopteris australis,Louisiana
PLANT-00341,dryopteris australis,Maryland
PLANT-00341,dryopteris australis,Mississippi
PLANT-00341,dryopteris australis,North Carolina
PLANT-00341,dryopteris australis,South Carolina
PLANT-00341,dryopteris australis,Tennessee
PLANT-00341,dryopteris australis,Virginia
PLANT-00342,dryopteris carthusiana,Alabama
PLANT-00342,dryopteris carthusiana,Arkansas
PLANT-00342,dryopteris carthusiana,Connecticut
PLANT-00342,dryopteris carthusiana,Delaware
PLANT-00342,dryopteris carthusiana,Georgia
PLANT-00342,dryopteris carthusiana,Idaho
PLANT-00342,dryopteris carthusiana,Illinois
PLANT-00342,dryopteris carthusiana,Indiana
PLANT-00342,dryopteris carthusiana,Iowa
PLANT-00342,dryopteris carthusiana,Kentucky
PLANT-00342,dryopteris carthusiana,Maine
PLANT-00342,dryopteris carthusiana,Maryland
PLANT-00342,dryopteris carthusiana,Massachusetts
PLANT-00342,dryopteris carthusiana,Michigan
PLANT-00342,dryopteris carthusiana,Minnesota
PLANT-00342,dryopteris carthusiana,Missouri
PLANT-00342,dryopteris carthusiana,Montana
PLANT-00342,dryopteris carthusiana,Nebraska
PLANT-00342,dryopteris carthusiana,New Hampshire
PLANT-00342,dryopteris carthusiana,New Jersey
PLANT-00342,dryopteris carthusiana,New York
PLANT-00342,dryopteris carthusiana,North Carolina
PLANT-00342,dryopteris carthusiana,North Dakota
PLANT-00342,dryopteris carthusiana,Ohio
PLANT-00342,dryopteris carthusiana,Oregon
PLANT-00342,dryopteris carthusiana,Pennsylvania
PLANT-00342,dryopteris carthusiana,Rhode Island
PLANT-00342,dryopteris carthusiana,South Carolina
PLANT-00342,dryopteris carthusiana,South Dakota
PLANT-00342,dryopteris carthusiana,Tennessee
PLANT-00342,dryopteris carthusiana,Vermont
PLANT-00342,dryopteris carthusiana,Virginia
PLANT-00342,dryopteris carthusiana,Washington
PLANT-00342,dryopteris carthusiana,West Virginia
PLANT-00342,dryopteris carthusiana,Wisconsin
PLANT-00342,dryopteris carthusiana,Wyoming
PLANT-00343,dryopteris celsa,Alabama
PLANT-00343,dryopteris celsa,Arkansas
PLANT-00343,dryopteris celsa,Delaware
PLANT-00343,dryopteris celsa,Georgia
PLANT-00343,dryopteris celsa,Illinois
PLANT-00343,dryopteris celsa,Indiana
PLANT-00343,dryopteris celsa,Kentucky
PLANT-00343,dryopteris celsa,Louisiana
PLANT-00343,dryopteris celsa,Maryland
PLANT-00343,dryopteris celsa,Michigan
PLANT-00343,dryopteris celsa,Missouri
PLANT-00343,dryopteris celsa,New Jersey
PLANT-00343,dryopteris celsa,New York
PLANT-00343,dryopteris celsa,North Carolina
PLANT-00343,dryopteris celsa,Pennsylvania
PLANT-00343,dryopteris celsa,South Carolina
PLANT-00343,dryopteris celsa,Tennessee
PLANT-00343,dryopteris celsa,Virginia
PLANT-00343,dryopteris celsa,West Virginia
PLANT-00344,dryopteris clintoniana,Connecticut
PLANT-00344,dryopteris clintoniana,Delaware
PLANT-00344,dryopteris clintoniana,Illinois
PLANT-00344,dryopteris clintoniana,Indiana
PLANT-00344,dryopteris clintoniana,Maine
PLANT-00344,dryopteris clintoniana,Massachusetts
PLANT-00344,dryopteris clintoniana,Michigan
PLANT-00344,dryopteris clintoniana,New Hampshire
PLANT-00344,dryopteris clintoniana,New Jersey
PLANT-00344,dryopteris clintoniana,New York
PLANT-00344,dryopteris clintoniana,Ohio
PLANT-00344,dryopteris clintoniana,Pennsylvania
PLANT-00344,dryopteris clintoniana,Rhode Island
PLANT-00344,dryopteris clintoniana,Vermont
PLANT-00344,dryopteris clintoniana,Wisconsin
PLANT-00345,dryopteris filix-mas,Arizona
PLANT-00345,dryopteris filix-mas,California
PLANT-00345,dryopteris filix-mas,Colorado
PLANT-00345,dryopteris filix-mas,Idaho
PLANT-00345,dryopteris filix-mas,Illinois
PLANT-00345,dryopteris filix-mas,Maine
PLANT-00345,dryopteris filix-mas,Michigan
PLANT-00345,dryopteris filix-mas,Montana
PLANT-00345,dryopteris filix-mas,Nevada
PLANT-00345,dryopteris filix-mas,New Hampshire
PLANT-00345,dryopteris filix-mas,New Mexico
PLANT-00345,dryopteris filix-mas,New York
PLANT-00345,dryopteris filix-mas,Ohio
PLANT-00345,dryopteris filix-mas,Oklahoma
PLANT-00345,dryopteris filix-mas,Oregon
PLANT-00345,dryopteris filix-mas,Rhode Island
PLANT-00345,dryopteris filix-mas,South Dakota
PLANT-00345,dryopteris filix-mas,Texas
PLANT-00345,dryopteris filix-mas,Utah
PLANT-00345,dryopteris filix-mas,Vermont
PLANT-00345,dryopteris filix-mas,Washington
PLANT-00345,dryopteris filix-mas,Wisconsin
PLANT-00345,dryopteris filix-mas,Wyoming
PLANT-00346,dryopteris goldiana,Alabama
PLANT-00346,dryopteris goldiana,Arkansas
PLANT-00346,dryopteris goldiana,Connecticut
PLANT-00346,dryopteris goldiana,Delaware
PLANT-00346,dryopteris goldiana,Georgia
PLANT-00346,dryopteris goldiana,Illinois
PLANT-00346,dryopteris goldiana,Indiana
PLANT-00346,dryopteris goldiana,Iowa
PLANT-00346,dryopteris goldiana,Kentucky
PLANT-00346,dryopteris goldiana,Maine
PLANT-00346,dryopteris goldiana,Maryland
PLANT-00346,dryopteris goldiana,Michigan
PLANT-00346,dryopteris goldiana,Minnesota
PLANT-00346,dryopteris goldiana,Missouri
PLANT-00346,dryopteris goldiana,New Hampshire
PLANT-00346,dryopteris goldiana,New Jersey
PLANT-00346,dryopteris goldiana,New York
PLANT-00346,dryopteris goldiana,North Carolina
PLANT-00346,dryopteris goldiana,Ohio
PLANT-00346,dryopteris goldiana,Pennsylvania
PLANT-00346,dryopteris goldiana,Rhode Island
PLANT-00346,dryopteris goldiana,South Carolina
PLANT-00346,dryopteris goldiana,Tennessee
PLANT-00346,dryopteris goldiana,Vermont
PLANT-00346,dryopteris goldiana,Virginia
PLANT-00346,dryopteris goldiana,West Virginia
PLANT-00346,dryopteris goldiana,Wisconsin
PLANT-00347,dryopteris intermedia,Alabama
PLANT-00347,dryopteris intermedia,Connecticut
PLANT-00347,dryopteris intermedia,Delaware
PLANT-00347,dryopteris intermedia,Georgia
PLANT-00347,dryopteris intermedia,Illinois
PLANT-00347,dryopteris intermedia,Indiana
PLANT-00347,dryopteris intermedia,Iowa
PLANT-00347,dryopteris intermedia,Kentucky
PLANT-00347,dryopteris intermedia,Maine
PLANT-00347,dryopteris intermedia,Maryland
PLANT-00347,dryopteris intermedia,Massachusetts
PLANT-00347,dryopteris intermedia,Michigan
PLANT-00347,dryopteris intermedia,Minnesota
PLANT-00347,dryopteris intermedia,Missouri
PLANT-00347,dryopteris intermedia,New Hampshire
PLANT-00347,dryopteris intermedia,New Jersey
PLANT-00347,dryopteris intermedia,New York
PLANT-00347,dryopteris intermedia,North Carolina
PLANT-00347,dryopteris intermedia,Ohio
PLANT-00347,dryopteris intermedia,Pennsylvania
PLANT-00347,dryopteris intermedia,Rhode Island
PLANT-00347,dryopteris intermedia,South Carolina
PLANT-00347,dryopteris intermedia,Tennessee
PLANT-00347,dryopteris intermedia,Vermont
PLANT-00347,dryopteris intermedia,Virginia
PLANT-00347,dryopteris intermedia,West Virginia
PLANT-00347,dryopteris intermedia,Wisconsin
PLANT-00348,dryopteris marginalis,Alabama
PLANT-00348,dryopteris marginalis,Arkansas
PLANT-00348,dryopteris marginalis,Connecticut
PLANT-00348,dryopteris marginalis,Delaware
PLANT-00348,dryopteris marginalis,Georgia
PLANT-00348,dryopteris marginalis,Illinois
PLANT-00348,dryopteris marginalis,Indiana
PLANT-00348,dryopteris marginalis,Iowa
PLANT-00348,dryopteris marginalis,Kansas
PLANT-00348,dryopteris marginalis,Kentucky
PLANT-00348,dryopteris marginalis,Maine
PLANT-00348,dryopteris marginalis,Maryland
PLANT-00348,dryopteris marginalis,Massachusetts
PLANT-00348,dryopteris marginalis,Michigan
PLANT-00348,dryopteris marginalis,Minnesota
PLANT-00348,dryopteris marginalis,Mississippi
PLANT-00348,dryopteris marginalis,Missouri
PLANT-00348,dryopteris marginalis,New Hampshire
PLANT-00348,dryopteris marginalis,New Jersey
PLANT-00348,dryopteris marginalis,New York
PLANT-00348,dryopteris marginalis,North Carolina
PLANT-00348,dryopteris marginalis,Ohio
PLANT-00348,dryopteris marginalis,Oklahoma
PLANT-00348,dryopteris marginalis,Pennsylvania
PLANT-00348,dryopteris marginalis,Rhode Island
PLANT-00348,dryopteris marginalis,South Carolina
PLANT-00348,dryopteris marginalis,Tennessee
PLANT-00348,dryopteris marginalis,Vermont
PLANT-00348,dryopteris marginalis,Virginia
PLANT-00348,dryopteris marginalis,West Virginia
PLANT-00348,dryopteris marginalis,Wisconsin
PLANT-00349,dryopteris wallichiana,Hawaii
PLANT-00350,duranta erecta,Arizona
PLANT-00350,duranta erecta,California
PLANT-00350,duranta erecta,Florida
PLANT-00350,duranta erecta,Louisiana
PLANT-00350,duranta erecta,Texas
PLANT-00351,echinacea angustifolia,Colorado
PLANT-00351,echinacea angustifolia,Iowa
PLANT-00351,echinacea angustifolia,Kansas
PLANT-00351,echinacea angustifolia,Louisiana
PLANT-00351,echinacea angustifolia,Minnesota
PLANT-00351,echinacea angustifolia,Missouri
PLANT-00351,echinacea angustifolia,Montana
PLANT-00351,echinacea angustifolia,Nebraska
PLANT-00351,echinacea angustifolia,New Mexico
PLANT-00351,echinacea angustifolia,North Dakota
PLANT-00351,echinacea angustifolia,Oklahoma
PLANT-00351,echinacea angustifolia,South Dakota
PLANT-00351,echinacea angustifolia,Texas
PLANT-00351,echinacea angustifolia,Wyoming
PLANT-00352,echinacea pallida,Alabama
PLANT-00352,echinacea pallida,Arkansas
PLANT-00352,echinacea pallida,Connecticut
PLANT-00352,echinacea pallida,Georgia
PLANT-00352,echinacea pallida,Illinois
PLANT-00352,echinacea pallida,Indiana
PLANT-00352,echinacea pallida,Iowa
PLANT-00352,echinacea pallida,Kansas
PLANT-00352,echinacea pallida,Louisiana
PLANT-00352,echinacea pallida,Maine
PLANT-00352,echinacea pallida,Maryland
PLANT-00352,echinacea pallida,Massachusetts
PLANT-00352,echinacea pallida,Michigan
PLANT-00352,echinacea pallida,Missouri
PLANT-00352,echinacea pallida,Nebraska
PLANT-00352,echinacea pallida,New York
PLANT-00352,echinacea pallida,North Carolina
PLANT-00352,echinacea pallida,Oklahoma
PLANT-00352,echinacea pallida,South Carolina
PLANT-00352,echinacea pallida,Tennessee
PLANT-00352,echinacea pallida,Texas
PLANT-00352,echinacea pallida,Virginia
PLANT-00352,echinacea pallida,Wisconsin
PLANT-00353,echinacea paradoxa,Arkansas
PLANT-00353,echinacea paradoxa,Missouri
PLANT-00353,echinacea paradoxa,Oklahoma
PLANT-00353,echinacea paradoxa,Texas
PLANT-00354,echinacea purpurea,Alabama
PLANT-00354,echinacea purpurea,Arkansas
PLANT-00354,echinacea purpurea,Colorado
PLANT-00354,echinacea purpurea,Connecticut
PLANT-00354,echinacea purpurea,Delaware
PLANT-00354,echinacea purpurea,Florida
PLANT-00354,echinacea purpurea,Georgia
PLANT-00354,echinacea purpurea,Illinois
PLANT-00354,echinacea purpurea,Indiana
PLANT-00354,echinacea purpurea,Iowa
PLANT-00354,echinacea purpurea,Kansas
PLANT-00354,echinacea purpurea,Kentucky
PLANT-00354,echinacea purpurea,Louisiana
PLANT-00354,echinacea purpurea,Maryland
PLANT-00354,echinacea purpurea,Michigan
PLANT-00354,echinacea purpurea,Mississippi
PLANT-00354,echinacea purpurea,Missouri
PLANT-00354,echinacea purpurea,New Jersey
PLANT-00354,echinacea purpurea,New York
PLANT-00354,echinacea purpurea,North Carolina
PLANT-00354,echinacea purpurea,Ohio
PLANT-00354,echinacea purpurea,Oklahoma
PLANT-00354,echinacea purpurea,Pennsylvania
PLANT-00354,echinacea purpurea,South Carolina
PLANT-00354,echinacea purpurea,Tennessee
PLANT-00354,echinacea purpurea,Texas
PLANT-00354,echinacea purpurea,Virginia
PLANT-00354,echinacea purpurea,West Virginia
PLANT-00354,echinacea purpurea,Wisconsin
PLANT-00355,echinacea simulata,Alabama
PLANT-00355,echinacea simulata,Arkansas
PLANT-00355,echinacea simulata,Georgia
PLANT-00355,echinacea simulata,Illinois
PLANT-00355,echinacea simulata,Indiana
PLANT-00355,echinacea simulata,Kentucky
PLANT-00355,echinacea simulata,Missouri
PLANT-00355,echinacea simulata,North Carolina
PLANT-00355,echinacea simulata,Tennessee
PLANT-00355,echinacea simulata,Virginia
PLANT-00356,echinacea tennesseensis,Tennessee
PLANT-00357,eichhornia crassipes,Hawaii
PLANT-00358,eleocharis palustris,Alabama
PLANT-00358,eleocharis palustris,Alaska
PLANT-00358,eleocharis palustris,Arizona
PLANT-00358,eleocharis palustris,Arkansas
PLANT-00358,eleocharis palustris,California
PLANT-00358,eleocharis palustris,Colorado
PLANT-00358,eleocharis palustris,Connecticut
PLANT-00358,eleocharis palustris,Delaware
PLANT-00358,eleocharis palustris,Idaho
PLANT-00358,eleocharis palustris,Illinois
PLANT-00358,eleocharis palustris,Indiana
PLANT-00358,eleocharis palustris,Iowa
PLANT-00358,eleocharis palustris,Missouri
PLANT-00359,elephantopus carolinianus,Alabama
PLANT-00359,elephantopus carolinianus,Arkansas
PLANT-00359,elephantopus carolinianus,Delaware
PLANT-00359,elephantopus carolinianus,Florida
PLANT-00359,elephantopus carolinianus,Georgia
PLANT-00359,elephantopus carolinianus,Illinois
PLANT-00359,elephantopus carolinianus,Indiana
PLANT-00359,elephantopus carolinianus,Kansas
PLANT-00359,elephantopus carolinianus,Kentucky
PLANT-00359,elephantopus carolinianus,Louisiana
PLANT-00359,elephantopus carolinianus,Maryland
PLANT-00359,elephantopus carolinianus,Mississippi
PLANT-00359,elephantopus carolinianus,Missouri
PLANT-00359,elephantopus carolinianus,New Jersey
PLANT-00359,elephantopus carolinianus,North Carolina
PLANT-00359,elephantopus carolinianus,Ohio
PLANT-00359,elephantopus carolinianus,Oklahoma
PLANT-00359,elephantopus carolinianus,Pennsylvania
PLANT-00359,elephantopus carolinianus,South Carolina
PLANT-00359,elephantopus carolinianus,Tennessee
PLANT-00359,elephantopus carolinianus,Texas
PLANT-00359,elephantopus carolinianus,Virginia
PLANT-00359,elephantopus carolinianus,West Virginia
PLANT-00360,elodea canadensis,Alabama
PLANT-00360,elodea canadensis,Arkansas
PLANT-00360,elodea canadensis,California
PLANT-00360,elodea canadensis,Colorado
PLANT-00360,elodea canadensis,Connecticut
PLANT-00360,elodea canadensis,Delaware
PLANT-00360,elodea canadensis,Florida
PLANT-00360,elodea canadensis,Idaho
PLANT-00360,elodea canadensis,Illinois
PLANT-00360,elodea canadensis,Indiana
PLANT-00360,elodea canadensis,Iowa
PLANT-00360,elodea canadensis,Kansas
PLANT-00360,elodea canadensis,Kentucky
PLANT-00360,elodea canadensis,Maine
PLANT-00360,elodea canadensis,Maryland
PLANT-00360,elodea canadensis,Massachusetts
PLANT-00360,elodea canadensis,Michigan
PLANT-00360,elodea canadensis,Minnesota
PLANT-00360,elodea canadensis,Missouri
PLANT-00360,elodea canadensis,Montana
PLANT-00360,elodea canadensis,Nebraska
PLANT-00360,elodea canadensis,Nevada
PLANT-00360,elodea canadensis,New Hampshire
PLANT-00360,elodea canadensis,New Jersey
PLANT-00360,elodea canadensis,New Mexico
PLANT-00360,elodea canadensis,New York
PLANT-00360,elodea canadensis,North Carolina
PLANT-00360,elodea canadensis,North Dakota
PLANT-00360,elodea canadensis,Ohio
PLANT-00360,elodea canadensis,Oregon
PLANT-00360,elodea canadensis,Pennsylvania
PLANT-00360,elodea canadensis,Rhode Island
PLANT-00360,elodea canadensis,South Dakota
PLANT-00360,elodea canadensis,Tennessee
PLANT-00360,elodea canadensis,Utah
PLANT-00360,elodea canadensis,Vermont
PLANT-00360,elodea canadensis,Virginia
PLANT-00360,elodea canadensis,Washington
PLANT-00360,elodea canadensis,West Virginia
PLANT-00360,elodea canadensis,Wisconsin
PLANT-00360,elodea canadensis,Wyoming
PLANT-00361,elymus canadensis,Alabama
PLANT-00361,elymus canadensis,Alaska
PLANT-00361,elymus canadensis,Arizona
PLANT-00361,elymus canadensis,Arkansas
PLANT-00361,elymus canadensis,California
PLANT-00361,elymus canadensis,Colorado
PLANT-00361,elymus canadensis,Connecticut
PLANT-00361,elymus canadensis,Delaware
PLANT-00361,elymus canadensis,Georgia
PLANT-00361,elymus canadensis,Idaho
PLANT-00361,elymus canadensis,Illinois
PLANT-00361,elymus canadensis,Indiana
PLANT-00361,elymus canadensis,Iowa
PLANT-00361,elymus canadensis,Kansas
PLANT-00361,elymus canadensis,Kentucky
PLANT-00361,elymus canadensis,Maine
PLANT-00361,elymus canadensis,Maryland
PLANT-00361,elymus canadensis,Massachusetts
PLANT-00361,elymus canadensis,Michigan
PLANT-00361,elymus canadensis,Minnesota
PLANT-00361,elymus canadensis,Missouri
PLANT-00361,elymus canadensis,Montana
PLANT-00361,elymus canadensis,Nebraska
PLANT-00361,elymus canadensis,Nevada
PLANT-00361,elymus canadensis,New Hampshire
PLANT-00361,elymus canadensis,New Jersey
PLANT-00361,elymus canadensis,New Mexico
PLANT-00361,elymus canadensis,New York
PLANT-00361,elymus canadensis,North Carolina
PLANT-00361,elymus canadensis,North Dakota
PLANT-00361,elymus canadensis,Ohio
PLANT-00361,elymus canadensis,Oklahoma
PLANT-00361,elymus canadensis,Oregon
PLANT-00361,elymus canadensis,Pennsylvania
PLANT-00361,elymus canadensis,Rhode Island
PLANT-00361,elymus canadensis,South Carolina
PLANT-00361,elymus canadensis,South Dakota
PLANT-00361,elymus canadensis,Tennessee
PLANT-00361,elymus canadensis,Texas
PLANT-00361,elymus canadensis,Utah
PLANT-00361,elymus canadensis,Vermont
PLANT-00361,elymus canadensis,Virginia
PLANT-00361,elymus canadensis,Washington
PLANT-00361,elymus canadensis,West Virginia
PLANT-00361,elymus canadensis,Wisconsin
PLANT-00361,elymus canadensis,Wyoming
PLANT-00362,elymus hystrix,Alabama
PLANT-00362,elymus hystrix,Connecticut
PLANT-00362,elymus hystrix,Illinois
PLANT-00362,elymus hystrix,Indiana
PLANT-00362,elymus hystrix,Iowa
PLANT-00362,elymus hystrix,Kansas
PLANT-00362,elymus hystrix,Kentucky
PLANT-00362,elymus hystrix,Maine
PLANT-00362,elymus hystrix,Maryland
PLANT-00362,elymus hystrix,Massachusetts
PLANT-00362,elymus hystrix,Michigan
PLANT-00362,elymus hystrix,Minnesota
PLANT-00362,elymus hystrix,Missouri
PLANT-00362,elymus hystrix,Nebraska
PLANT-00362,elymus hystrix,New Hampshire
PLANT-00362,elymus hystrix,New Jersey
PLANT-00362,elymus hystrix,New York
PLANT-00362,elymus hystrix,North Carolina
PLANT-00362,elymus hystrix,North Dakota
PLANT-00362,elymus hystrix,Ohio
PLANT-00362,elymus hystrix,Pennsylvania
PLANT-00362,elymus hystrix,Rhode Island
PLANT-00362,elymus hystrix,South Dakota
PLANT-00362,elymus hystrix,Tennessee
PLANT-00362,elymus hystrix,Vermont
PLANT-00362,elymus hystrix,West Virginia
PLANT-00362,elymus hystrix,Wisconsin
PLANT-00363,elymus virginicus,Alabama
PLANT-00363,elymus virginicus,Arizona
PLANT-00363,elymus virginicus,Arkansas
PLANT-00363,elymus virginicus,Connecticut
PLANT-00363,elymus virginicus,Delaware
PLANT-00363,elymus virginicus,Florida
PLANT-00363,elymus virginicus,Georgia
PLANT-00363,elymus virginicus,Illinois
PLANT-00363,elymus virginicus,Indiana
PLANT-00363,elymus virginicus,Iowa
PLANT-00363,elymus virginicus,Kansas
PLANT-00363,elymus virginicus,Kentucky
PLANT-00363,elymus virginicus,Louisiana
PLANT-00363,elymus virginicus,Maine
PLANT-00363,elymus virginicus,Maryland
PLANT-00363,elymus virginicus,Massachusetts
PLANT-00363,elymus virginicus,Michigan
PLANT-00363,elymus virginicus,Minnesota
PLANT-00363,elymus virginicus,Mississippi
PLANT-00363,elymus virginicus,Missouri
PLANT-00363,elymus virginicus,Nebraska
PLANT-00363,elymus virginicus,New Hampshire
PLANT-00363,elymus virginicus,New Jersey
PLANT-00363,elymus virginicus,New Mexico
PLANT-00363,elymus virginicus,New York
PLANT-00363,elymus virginicus,North Carolina
PLANT-00363,elymus virginicus,North Dakota
PLANT-00363,elymus virginicus,Ohio
PLANT-00363,elymus virginicus,Oklahoma
PLANT-00363,elymus virginicus,Pennsylvania
PLANT-00363,elymus virginicus,Rhode Island
PLANT-00363,elymus virginicus,South Carolina
PLANT-00363,elymus virginicus,South Dakota
PLANT-00363,elymus virginicus,Tennessee
PLANT-00363,elymus virginicus,Texas
PLANT-00363,elymus virginicus,Vermont
PLANT-00363,elymus virginicus,Virginia
PLANT-00363,elymus virginicus,West Virginia
PLANT-00363,elymus virginicus,Wisconsin
PLANT-00363,elymus virginicus,Wyoming
PLANT-00364,enemion biternatum,Alabama
PLANT-00364,enemion biternatum,Arkansas
PLANT-00364,enemion biternatum,Florida
PLANT-00364,enemion biternatum,Illinois
PLANT-00364,enemion biternatum,Indiana
PLANT-00364,enemion biternatum,Iowa
PLANT-00364,enemion biternatum,Kansas
PLANT-00364,enemion biternatum,Kentucky
PLANT-00364,enemion biternatum,Michigan
PLANT-00364,enemion biternatum,Minnesota
PLANT-00364,enemion biternatum,Mississippi
PLANT-00364,enemion biternatum,Missouri
PLANT-00364,enemion biternatum,New York
PLANT-00364,enemion biternatum,North Carolina
PLANT-00364,enemion biternatum,Ohio
PLANT-00364,enemion biternatum,Oklahoma
PLANT-00364,enemion biternatum,South Carolina
PLANT-00364,enemion biternatum,South Dakota
PLANT-00364,enemion biternatum,Tennessee
PLANT-00364,enemion biternatum,Texas
PLANT-00364,enemion biternatum,Virginia
PLANT-00364,enemion biternatum,West Virginia
PLANT-00364,enemion biternatum,Wisconsin
PLANT-00365,epimedium pubigerum,Georgia
PLANT-00366,equisetum hyemale,Missouri
PLANT-00367,eragrostis spectabilis,Alabama
PLANT-00367,eragrostis spectabilis,Arizona
PLANT-00367,eragrostis spectabilis,Arkansas
PLANT-00367,eragrostis spectabilis,Colorado
PLANT-00367,eragrostis spectabilis,Connecticut
PLANT-00367,eragrostis spectabilis,Florida
PLANT-00367,eragrostis spectabilis,Georgia
PLANT-00367,eragrostis spectabilis,Illinois
PLANT-00367,eragrostis spectabilis,Indiana
PLANT-00367,eragrostis spectabilis,Iowa
PLANT-00367,eragrostis spectabilis,Kansas
PLANT-00367,eragrostis spectabilis,Kentucky
PLANT-00367,eragrostis spectabilis,Louisiana
PLANT-00367,eragrostis spectabilis,Maine
PLANT-00367,eragrostis spectabilis,Maryland
PLANT-00367,eragrostis spectabilis,Massachusetts
PLANT-00367,eragrostis spectabilis,Michigan
PLANT-00367,eragrostis spectabilis,Minnesota
PLANT-00367,eragrostis spectabilis,Mississippi
PLANT-00367,eragrostis spectabilis,Missouri
PLANT-00367,eragrostis spectabilis,Nebraska
PLANT-00367,eragrostis spectabilis,New Hampshire
PLANT-00367,eragrostis spectabilis,New Jersey
PLANT-00367,eragrostis spectabilis,New Mexico
PLANT-00367,eragrostis spectabilis,New York
PLANT-00367,eragrostis spectabilis,North Carolina
PLANT-00367,eragrostis spectabilis,North Dakota
PLANT-00367,eragrostis spectabilis,Ohio
PLANT-00367,eragrostis spectabilis,Oklahoma
PLANT-00367,eragrostis spectabilis,Pennsylvania
PLANT-00367,eragrostis spectabilis,Rhode Island
PLANT-00367,eragrostis spectabilis,South Carolina
PLANT-00367,eragrostis spectabilis,South Dakota
PLANT-00367,eragrostis spectabilis,Tennessee
PLANT-00367,eragrostis spectabilis,Texas
PLANT-00367,eragrostis spectabilis,Vermont
PLANT-00367,eragrostis spectabilis,Virginia
PLANT-00367,eragrostis spectabilis,West Virginia
PLANT-00367,eragrostis spectabilis,Wisconsin
PLANT-00367,eragrostis spectabilis,Wyoming
PLANT-00368,eragrostis trichodes,Alabama
PLANT-00368,eragrostis trichodes,Arkansas
PLANT-00368,eragrostis trichodes,Colorado
PLANT-00368,eragrostis trichodes,Illinois
PLANT-00368,eragrostis trichodes,Indiana
PLANT-00368,eragrostis trichodes,Iowa
PLANT-00368,eragrostis trichodes,Kansas
PLANT-00368,eragrostis trichodes,Louisiana
PLANT-00368,eragrostis trichodes,Michigan
PLANT-00368,eragrostis trichodes,Minnesota
PLANT-00368,eragrostis trichodes,Mississippi
PLANT-00368,eragrostis trichodes,Missouri
PLANT-00368,eragrostis trichodes,Nebraska
PLANT-00368,eragrostis trichodes,New Mexico
PLANT-00368,eragrostis trichodes,New York
PLANT-00368,eragrostis trichodes,Ohio
PLANT-00368,eragrostis trichodes,Oklahoma
PLANT-00368,eragrostis trichodes,South Dakota
PLANT-00368,eragrostis trichodes,Tennessee
PLANT-00368,eragrostis trichodes,Texas
PLANT-00368,eragrostis trichodes,Virginia
PLANT-00368,eragrostis trichodes,Wisconsin
PLANT-00368,eragrostis trichodes,Wyoming
PLANT-00369,erianthus alopecuroides,Alabama
PLANT-00369,erianthus alopecuroides,Arkansas
PLANT-00369,erianthus alopecuroides,Florida
PLANT-00369,erianthus alopecuroides,Georgia
PLANT-00369,erianthus alopecuroides,Illinois
PLANT-00369,erianthus alopecuroides,Indiana
PLANT-00369,erianthus alopecuroides,Kentucky
PLANT-00369,erianthus alopecuroides,Louisiana
PLANT-00369,erianthus alopecuroides,Maryland
PLANT-00369,erianthus alopecuroides,Mississippi
PLANT-00369,erianthus alopecuroides,Missouri
PLANT-00369,erianthus alopecuroides,New Jersey
PLANT-00369,erianthus alopecuroides,North Carolina
PLANT-00369,erianthus alopecuroides,Ohio
PLANT-00369,erianthus alopecuroides,Oklahoma
PLANT-00369,erianthus alopecuroides,South Carolina
PLANT-00369,erianthus alopecuroides,Tennessee
PLANT-00369,erianthus alopecuroides,Texas
PLANT-00369,erianthus alopecuroides,Virginia
PLANT-00369,erianthus alopecuroides,West Virginia
PLANT-00370,ericameria nauseosa,Colorado
PLANT-00370,ericameria nauseosa,Idaho
PLANT-00370,ericameria nauseosa,Montana
PLANT-00370,ericameria nauseosa,Nebraska
PLANT-00370,ericameria nauseosa,North Dakota
PLANT-00370,ericameria nauseosa,South Dakota
PLANT-00370,ericameria nauseosa,Wyoming
PLANT-00371,erigeron philadelphicus,Alabama
PLANT-00371,erigeron philadelphicus,Arkansas
PLANT-00371,erigeron philadelphicus,California
PLANT-00371,erigeron philadelphicus,Colorado
PLANT-00371,erigeron philadelphicus,Connecticut
PLANT-00371,erigeron philadelphicus,Delaware
PLANT-00371,erigeron philadelphicus,Florida
PLANT-00371,erigeron philadelphicus,Georgia
PLANT-00371,erigeron philadelphicus,Idaho
PLANT-00371,erigeron philadelphicus,Illinois
PLANT-00371,erigeron philadelphicus,Indiana
PLANT-00371,erigeron philadelphicus,Iowa
PLANT-00371,erigeron philadelphicus,Kansas
PLANT-00371,erigeron philadelphicus,Kentucky
PLANT-00371,erigeron philadelphicus,Louisiana
PLANT-00371,erigeron philadelphicus,Maine
PLANT-00371,erigeron philadelphicus,Maryland
PLANT-00371,erigeron philadelphicus,Massachusetts
PLANT-00371,erigeron philadelphicus,Michigan
PLANT-00371,erigeron philadelphicus,Minnesota
PLANT-00371,erigeron philadelphicus,Mississippi
PLANT-00371,erigeron philadelphicus,Missouri
PLANT-00371,erigeron philadelphicus,Montana
PLANT-00371,erigeron philadelphicus,Nebraska
PLANT-00371,erigeron philadelphicus,Nevada
PLANT-00371,erigeron philadelphicus,New Hampshire
PLANT-00371,erigeron philadelphicus,New Jersey
PLANT-00371,erigeron philadelphicus,New Mexico
PLANT-00371,erigeron philadelphicus,New York
PLANT-00371,erigeron philadelphicus,North Carolina
PLANT-00371,erigeron philadelphicus,North Dakota
PLANT-00371,erigeron philadelphicus,Ohio
PLANT-00371,erigeron philadelphicus,Oklahoma
PLANT-00371,erigeron philadelphicus,Oregon
PLANT-00371,erigeron philadelphicus,Pennsylvania
PLANT-00371,erigeron philadelphicus,Rhode Island
PLANT-00371,erigeron philadelphicus,South Carolina
PLANT-00371,erigeron philadelphicus,South Dakota
PLANT-00371,erigeron philadelphicus,Tennessee
PLANT-00371,erigeron philadelphicus,Texas
PLANT-00371,erigeron philadelphicus,Vermont
PLANT-00371,erigeron philadelphicus,Virginia
PLANT-00371,erigeron philadelphicus,Washington
PLANT-00371,erigeron philadelphicus,West Virginia
PLANT-00371,erigeron philadelphicus,Wisconsin
PLANT-00371,erigeron philadelphicus,Wyoming
PLANT-00372,erigeron pulchellus,Alabama
PLANT-00372,erigeron pulchellus,Arkansas
PLANT-00372,erigeron pulchellus,Connecticut
PLANT-00372,erigeron pulchellus,Delaware
PLANT-00372,erigeron pulchellus,Florida
PLANT-00372,erigeron pulchellus,Georgia
PLANT-00372,erigeron pulchellus,Illinois
PLANT-00372,erigeron pulchellus,Indiana
PLANT-00372,erigeron pulchellus,Iowa
PLANT-00372,erigeron pulchellus,Kansas
PLANT-00372,erigeron pulchellus,Kentucky
PLANT-00372,erigeron pulchellus,Louisiana
PLANT-00372,erigeron pulchellus,Maine
PLANT-00372,erigeron pulchellus,Maryland
PLANT-00372,erigeron pulchellus,Massachusetts
PLANT-00372,erigeron pulchellus,Michigan
PLANT-00372,erigeron pulchellus,Minnesota
PLANT-00372,erigeron pulchellus,Mississippi
PLANT-00372,erigeron pulchellus,Missouri
PLANT-00372,erigeron pulchellus,New Hampshire
PLANT-00372,erigeron pulchellus,New Jersey
PLANT-00372,erigeron pulchellus,New York
PLANT-00372,erigeron pulchellus,North Carolina
PLANT-00372,erigeron pulchellus,Ohio
PLANT-00372,erigeron pulchellus,Oklahoma
PLANT-00372,erigeron pulchellus,Pennsylvania
PLANT-00372,erigeron pulchellus,Rhode Island
PLANT-00372,erigeron pulchellus,South Carolina
PLANT-00372,erigeron pulchellus,Tennessee
PLANT-00372,erigeron pulchellus,Texas
PLANT-00372,erigeron pulchellus,Vermont
PLANT-00372,erigeron pulchellus,Virginia
PLANT-00372,erigeron pulchellus,West Virginia
PLANT-00372,erigeron pulchellus,Wisconsin
PLANT-00373,eriogonum umbellatum,Arizona
PLANT-00373,eriogonum umbellatum,California
PLANT-00373,eriogonum umbellatum,Colorado
PLANT-00373,eriogonum umbellatum,Idaho
PLANT-00373,eriogonum umbellatum,Montana
PLANT-00373,eriogonum umbellatum,Nevada
PLANT-00373,eriogonum umbellatum,New Mexico
PLANT-00373,eriogonum umbellatum,Oregon
PLANT-00373,eriogonum umbellatum,Utah
PLANT-00373,eriogonum umbellatum,Washington
PLANT-00373,eriogonum umbellatum,Wyoming
PLANT-00374,eryngium aquaticum,Alabama
PLANT-00374,eryngium aquaticum,Delaware
PLANT-00374,eryngium aquaticum,Florida
PLANT-00374,eryngium aquaticum,Georgia
PLANT-00374,eryngium aquaticum,Maryland
PLANT-00374,eryngium aquaticum,Mississippi
PLANT-00374,eryngium aquaticum,New Jersey
PLANT-00374,eryngium aquaticum,New York
PLANT-00374,eryngium aquaticum,North Carolina
PLANT-00374,eryngium aquaticum,Pennsylvania
PLANT-00374,eryngium aquaticum,South Carolina
PLANT-00374,eryngium aquaticum,Virginia
PLANT-00375,eryngium yuccifolium,Alabama
PLANT-00375,eryngium yuccifolium,Arkansas
PLANT-00375,eryngium yuccifolium,Connecticut
PLANT-00375,eryngium yuccifolium,Florida
PLANT-00375,eryngium yuccifolium,Georgia
PLANT-00375,eryngium yuccifolium,Illinois
PLANT-00375,eryngium yuccifolium,Indiana
PLANT-00375,eryngium yuccifolium,Iowa
PLANT-00375,eryngium yuccifolium,Kansas
PLANT-00375,eryngium yuccifolium,Kentucky
PLANT-00375,eryngium yuccifolium,Louisiana
PLANT-00375,eryngium yuccifolium,Maryland
PLANT-00375,eryngium yuccifolium,Michigan
PLANT-00375,eryngium yuccifolium,Minnesota
PLANT-00375,eryngium yuccifolium,Mississippi
PLANT-00375,eryngium yuccifolium,Missouri
PLANT-00375,eryngium yuccifolium,Nebraska
PLANT-00375,eryngium yuccifolium,New Jersey
PLANT-00375,eryngium yuccifolium,North Carolina
PLANT-00375,eryngium yuccifolium,Ohio
PLANT-00375,eryngium yuccifolium,South Carolina
PLANT-00375,eryngium yuccifolium,Tennessee
PLANT-00375,eryngium yuccifolium,Texas
PLANT-00375,eryngium yuccifolium,Virginia
PLANT-00375,eryngium yuccifolium,Wisconsin
PLANT-00376,erysimum capitatum,Arizona
PLANT-00376,erysimum capitatum,Arkansas
PLANT-00376,erysimum capitatum,California
PLANT-00376,erysimum capitatum,Illinois
PLANT-00376,erysimum capitatum,Indiana
PLANT-00376,erysimum capitatum,Missouri
PLANT-00376,erysimum capitatum,Ohio
PLANT-00376,erysimum capitatum,Oklahoma
PLANT-00376,erysimum capitatum,Oregon
PLANT-00376,erysimum capitatum,Tennessee
PLANT-00376,erysimum capitatum,Texas
PLANT-00376,erysimum capitatum,Washington
PLANT-00377,erythronium albidum,Alabama
PLANT-00377,erythronium albidum,Arkansas
PLANT-00377,erythronium albidum,Connecticut
PLANT-00377,erythronium albidum,Illinois
PLANT-00377,erythronium albidum,Indiana
PLANT-00377,erythronium albidum,Iowa
PLANT-00377,erythronium albidum,Kansas
PLANT-00377,erythronium albidum,Kentucky
PLANT-00377,erythronium albidum,Louisiana
PLANT-00377,erythronium albidum,Maryland
PLANT-00377,erythronium albidum,Michigan
PLANT-00377,erythronium albidum,Minnesota
PLANT-00377,erythronium albidum,Mississippi
PLANT-00377,erythronium albidum,Missouri
PLANT-00377,erythronium albidum,Nebraska
PLANT-00377,erythronium albidum,New York
PLANT-00377,erythronium albidum,Ohio
PLANT-00377,erythronium albidum,Oklahoma
PLANT-00377,erythronium albidum,Pennsylvania
PLANT-00377,erythronium albidum,South Dakota
PLANT-00377,erythronium albidum,Tennessee
PLANT-00377,erythronium albidum,Texas
PLANT-00377,erythronium albidum,Virginia
PLANT-00377,erythronium albidum,West Virginia
PLANT-00377,erythronium albidum,Wisconsin
PLANT-00378,erythronium americanum,Alabama
PLANT-00378,erythronium americanum,Arkansas
PLANT-00378,erythronium americanum,Connecticut
PLANT-00378,erythronium americanum,Delaware
PLANT-00378,erythronium americanum,Georgia
PLANT-00378,erythronium americanum,Illinois
PLANT-00378,erythronium americanum,Indiana
PLANT-00378,erythronium americanum,Iowa
PLANT-00378,erythronium americanum,Kentucky
PLANT-00378,erythronium americanum,Maine
PLANT-00378,erythronium americanum,Maryland
PLANT-00378,erythronium americanum,Massachusetts
PLANT-00378,erythronium americanum,Michigan
PLANT-00378,erythronium americanum,Minnesota
PLANT-00378,erythronium americanum,Mississippi
PLANT-00378,erythronium americanum,Missouri
PLANT-00378,erythronium americanum,New Hampshire
PLANT-00378,erythronium americanum,New Jersey
PLANT-00378,erythronium americanum,New York
PLANT-00378,erythronium americanum,North Carolina
PLANT-00378,erythronium americanum,Ohio
PLANT-00378,erythronium americanum,Pennsylvania
PLANT-00378,erythronium americanum,Rhode Island
PLANT-00378,erythronium americanum,South Carolina
PLANT-00378,erythronium americanum,Tennessee
PLANT-00378,erythronium americanum,Vermont
PLANT-00378,erythronium americanum,Virginia
PLANT-00378,erythronium americanum,West Virginia
PLANT-00378,erythronium americanum,Wisconsin
PLANT-00379,eschscholzia californica,Arizona
PLANT-00379,eschscholzia californica,California
PLANT-00379,eschscholzia californica,Nevada
PLANT-00379,eschscholzia californica,New Mexico
PLANT-00379,eschscholzia californica,Oregon
PLANT-00379,eschscholzia californica,Washington
PLANT-00379,eschscholzia californica,Wyoming
PLANT-00380,eubotrys racemosa,Alabama
PLANT-00380,eubotrys racemosa,Connecticut
PLANT-00380,eubotrys racemosa,Delaware
PLANT-00380,eubotrys racemosa,Florida
PLANT-00380,eubotrys racemosa,Georgia
PLANT-00380,eubotrys racemosa,Louisiana
PLANT-00380,eubotrys racemosa,Maryland
PLANT-00380,eubotrys racemosa,Massachusetts
PLANT-00380,eubotrys racemosa,Mississippi
PLANT-00380,eubotrys racemosa,New Jersey
PLANT-00380,eubotrys racemosa,New York
PLANT-00380,eubotrys racemosa,North Carolina
PLANT-00380,eubotrys racemosa,Pennsylvania
PLANT-00380,eubotrys racemosa,Rhode Island
PLANT-00380,eubotrys racemosa,South Carolina
PLANT-00380,eubotrys racemosa,Tennessee
PLANT-00380,eubotrys racemosa,Texas
PLANT-00380,eubotrys racemosa,Virginia
PLANT-00381,euonymus americanus,Alabama
PLANT-00381,euonymus americanus,Arkansas
PLANT-00381,euonymus americanus,Delaware
PLANT-00381,euonymus americanus,Florida
PLANT-00381,euonymus americanus,Georgia
PLANT-00381,euonymus americanus,Illinois
PLANT-00381,euonymus americanus,Indiana
PLANT-00381,euonymus americanus,Kentucky
PLANT-00381,euonymus americanus,Louisiana
PLANT-00381,euonymus americanus,Maryland
PLANT-00381,euonymus americanus,Mississippi
PLANT-00381,euonymus americanus,Missouri
PLANT-00381,euonymus americanus,New Jersey
PLANT-00381,euonymus americanus,New York
PLANT-00381,euonymus americanus,North Carolina
PLANT-00381,euonymus americanus,Ohio
PLANT-00381,euonymus americanus,Oklahoma
PLANT-00381,euonymus americanus,Pennsylvania
PLANT-00381,euonymus americanus,South Carolina
PLANT-00381,euonymus americanus,Tennessee
PLANT-00381,euonymus americanus,Texas
PLANT-00381,euonymus americanus,Virginia
PLANT-00381,euonymus americanus,West Virginia
PLANT-00382,euonymus atropurpureus,Alabama
PLANT-00382,euonymus atropurpureus,Arkansas
PLANT-00382,euonymus atropurpureus,Connecticut
PLANT-00382,euonymus atropurpureus,Delaware
PLANT-00382,euonymus atropurpureus,Florida
PLANT-00382,euonymus atropurpureus,Georgia
PLANT-00382,euonymus atropurpureus,Illinois
PLANT-00382,euonymus atropurpureus,Indiana
PLANT-00382,euonymus atropurpureus,Iowa
PLANT-00382,euonymus atropurpureus,Kansas
PLANT-00382,euonymus atropurpureus,Kentucky
PLANT-00382,euonymus atropurpureus,Louisiana
PLANT-00382,euonymus atropurpureus,Maine
PLANT-00382,euonymus atropurpureus,Maryland
PLANT-00382,euonymus atropurpureus,Massachusetts
PLANT-00382,euonymus atropurpureus,Michigan
PLANT-00382,euonymus atropurpureus,Minnesota
PLANT-00382,euonymus atropurpureus,Mississippi
PLANT-00382,euonymus atropurpureus,Missouri
PLANT-00382,euonymus atropurpureus,Montana
PLANT-00382,euonymus atropurpureus,Nebraska
PLANT-00382,euonymus atropurpureus,New Hampshire
PLANT-00382,euonymus atropurpureus,New Jersey
PLANT-00382,euonymus atropurpureus,New York
PLANT-00382,euonymus atropurpureus,North Carolina
PLANT-00382,euonymus atropurpureus,North Dakota
PLANT-00382,euonymus atropurpureus,Ohio
PLANT-00382,euonymus atropurpureus,Oklahoma
PLANT-00382,euonymus atropurpureus,Pennsylvania
PLANT-00382,euonymus atropurpureus,Rhode Island
PLANT-00382,euonymus atropurpureus,South Carolina
PLANT-00382,euonymus atropurpureus,South Dakota
PLANT-00382,euonymus atropurpureus,Tennessee
PLANT-00382,euonymus atropurpureus,Texas
PLANT-00382,euonymus atropurpureus,Virginia
PLANT-00382,euonymus atropurpureus,West Virginia
PLANT-00382,euonymus atropurpureus,Wisconsin
PLANT-00383,eupatorium altissimum,Alabama
PLANT-00383,eupatorium altissimum,Arkansas
PLANT-00383,eupatorium altissimum,Connecticut
PLANT-00383,eupatorium altissimum,Florida
PLANT-00383,eupatorium altissimum,Georgia
PLANT-00383,eupatorium altissimum,Illinois
PLANT-00383,eupatorium altissimum,Indiana
PLANT-00383,eupatorium altissimum,Iowa
PLANT-00383,eupatorium altissimum,Kansas
PLANT-00383,eupatorium altissimum,Kentucky
PLANT-00383,eupatorium altissimum,Louisiana
PLANT-00383,eupatorium altissimum,Maryland
PLANT-00383,eupatorium altissimum,Massachusetts
PLANT-00383,eupatorium altissimum,Michigan
PLANT-00383,eupatorium altissimum,Minnesota
PLANT-00383,eupatorium altissimum,Mississippi
PLANT-00383,eupatorium altissimum,Missouri
PLANT-00383,eupatorium altissimum,Nebraska
PLANT-00383,eupatorium altissimum,New Jersey
PLANT-00383,eupatorium altissimum,New York
PLANT-00383,eupatorium altissimum,North Carolina
PLANT-00383,eupatorium altissimum,Ohio
PLANT-00383,eupatorium altissimum,Oklahoma
PLANT-00383,eupatorium altissimum,Pennsylvania
PLANT-00383,eupatorium altissimum,South Carolina
PLANT-00383,eupatorium altissimum,Tennessee
PLANT-00383,eupatorium altissimum,Texas
PLANT-00383,eupatorium altissimum,Virginia
PLANT-00383,eupatorium altissimum,West Virginia
PLANT-00383,eupatorium altissimum,Wisconsin
PLANT-00384,eupatorium capillifolium,Alabama
PLANT-00384,eupatorium capillifolium,Arkansas
PLANT-00384,eupatorium capillifolium,Connecticut
PLANT-00384,eupatorium capillifolium,Delaware
PLANT-00384,eupatorium capillifolium,Florida
PLANT-00384,eupatorium capillifolium,Georgia
PLANT-00384,eupatorium capillifolium,Kentucky
PLANT-00384,eupatorium capillifolium,Louisiana
PLANT-00384,eupatorium capillifolium,Maryland
PLANT-00384,eupatorium capillifolium,Massachusetts
PLANT-00384,eupatorium capillifolium,Mississippi
PLANT-00384,eupatorium capillifolium,Missouri
PLANT-00384,eupatorium capillifolium,New Jersey
PLANT-00384,eupatorium capillifolium,North Carolina
PLANT-00384,eupatorium capillifolium,Oklahoma
PLANT-00384,eupatorium capillifolium,Pennsylvania
PLANT-00384,eupatorium capillifolium,South Carolina
PLANT-00384,eupatorium capillifolium,Tennessee
PLANT-00384,eupatorium capillifolium,Texas
PLANT-00384,eupatorium capillifolium,Virginia
PLANT-00384,eupatorium capillifolium,West Virginia
PLANT-00385,eupatorium perfoliatum,Alabama
PLANT-00385,eupatorium perfoliatum,Arkansas
PLANT-00385,eupatorium perfoliatum,Connecticut
PLANT-00385,eupatorium perfoliatum,Delaware
PLANT-00385,eupatorium perfoliatum,Florida
PLANT-00385,eupatorium perfoliatum,Georgia
PLANT-00385,eupatorium perfoliatum,Illinois
PLANT-00385,eupatorium perfoliatum,Indiana
PLANT-00385,eupatorium perfoliatum,Iowa
PLANT-00385,eupatorium perfoliatum,Kansas
PLANT-00385,eupatorium perfoliatum,Kentucky
PLANT-00385,eupatorium perfoliatum,Louisiana
PLANT-00385,eupatorium perfoliatum,Maine
PLANT-00385,eupatorium perfoliatum,Maryland
PLANT-00385,eupatorium perfoliatum,Massachusetts
PLANT-00385,eupatorium perfoliatum,Michigan
PLANT-00385,eupatorium perfoliatum,Minnesota
PLANT-00385,eupatorium perfoliatum,Mississippi
PLANT-00385,eupatorium perfoliatum,Missouri
PLANT-00385,eupatorium perfoliatum,Nebraska
PLANT-00385,eupatorium perfoliatum,New Hampshire
PLANT-00385,eupatorium perfoliatum,New Jersey
PLANT-00385,eupatorium perfoliatum,New York
PLANT-00385,eupatorium perfoliatum,North Carolina
PLANT-00385,eupatorium perfoliatum,North Dakota
PLANT-00385,eupatorium perfoliatum,Ohio
PLANT-00385,eupatorium perfoliatum,Oklahoma
PLANT-00385,eupatorium perfoliatum,Pennsylvania
PLANT-00385,eupatorium perfoliatum,Rhode Island
PLANT-00385,eupatorium perfoliatum,South Carolina
PLANT-00385,eupatorium perfoliatum,South Dakota
PLANT-00385,eupatorium perfoliatum,Tennessee
PLANT-00385,eupatorium perfoliatum,Texas
PLANT-00385,eupatorium perfoliatum,Vermont
PLANT-00385,eupatorium perfoliatum,Virginia
PLANT-00385,eupatorium perfoliatum,West Virginia
PLANT-00385,eupatorium perfoliatum,Wisconsin
PLANT-00386,euphorbia marginata,Arizona
PLANT-00386,euphorbia marginata,Colorado
PLANT-00386,euphorbia marginata,Georgia
PLANT-00386,euphorbia marginata,Kansas
PLANT-00386,euphorbia marginata,Louisiana
PLANT-00386,euphorbia marginata,Minnesota
PLANT-00386,euphorbia marginata,Mississippi
PLANT-00386,euphorbia marginata,Missouri
PLANT-00386,euphorbia marginata,Montana
PLANT-00386,euphorbia marginata,Nebraska
PLANT-00386,euphorbia marginata,New Mexico
PLANT-00386,euphorbia marginata,North Carolina
PLANT-00386,euphorbia marginata,North Dakota
PLANT-00386,euphorbia marginata,Oklahoma
PLANT-00386,euphorbia marginata,South Carolina
PLANT-00386,euphorbia marginata,South Dakota
PLANT-00386,euphorbia marginata,Tennessee
PLANT-00386,euphorbia marginata,Texas
PLANT-00386,euphorbia marginata,Wyoming
PLANT-00387,eurybia divaricata,Alabama
PLANT-00387,eurybia divaricata,Connecticut
PLANT-00387,eurybia divaricata,Delaware
PLANT-00387,eurybia divaricata,Georgia
PLANT-00387,eurybia divaricata,Kentucky
PLANT-00387,eurybia divaricata,Maine
PLANT-00387,eurybia divaricata,Maryland
PLANT-00387,eurybia divaricata,Massachusetts
PLANT-00387,eurybia divaricata,Michigan
PLANT-00387,eurybia divaricata,New Hampshire
PLANT-00387,eurybia divaricata,New Jersey
PLANT-00387,eurybia divaricata,New York
PLANT-00387,eurybia divaricata,North Carolina
PLANT-00387,eurybia divaricata,Ohio
PLANT-00387,eurybia divaricata,Pennsylvania
PLANT-00387,eurybia divaricata,Rhode Island
PLANT-00387,eurybia divaricata,South Carolina
PLANT-00387,eurybia divaricata,Tennessee
PLANT-00387,eurybia divaricata,Vermont
PLANT-00387,eurybia divaricata,Virginia
PLANT-00387,eurybia divaricata,West Virginia
PLANT-00388,eurybia furcata,Arkansas
PLANT-00388,eurybia furcata,Illinois
PLANT-00388,eurybia furcata,Indiana
PLANT-00388,eurybia furcata,Iowa
PLANT-00388,eurybia furcata,Michigan
PLANT-00388,eurybia furcata,Missouri
PLANT-00388,eurybia furcata,Wisconsin
PLANT-00389,eurybia hemispherica,Alabama
PLANT-00389,eurybia hemispherica,Arkansas
PLANT-00389,eurybia hemispherica,Florida
PLANT-00389,eurybia hemispherica,Georgia
PLANT-00389,eurybia hemispherica,Kansas
PLANT-00389,eurybia hemispherica,Kentucky
PLANT-00389,eurybia hemispherica,Louisiana
PLANT-00389,eurybia hemispherica,Mississippi
PLANT-00389,eurybia hemispherica,Missouri
PLANT-00389,eurybia hemispherica,Oklahoma
PLANT-00389,eurybia hemispherica,Tennessee
PLANT-00389,eurybia hemispherica,Texas
PLANT-00390,eurybia macrophylla,Connecticut
PLANT-00390,eurybia macrophylla,Delaware
PLANT-00390,eurybia macrophylla,Georgia
PLANT-00390,eurybia macrophylla,Illinois
PLANT-00390,eurybia macrophylla,Indiana
PLANT-00390,eurybia macrophylla,Iowa
PLANT-00390,eurybia macrophylla,Kentucky
PLANT-00390,eurybia macrophylla,Maine
PLANT-00390,eurybia macrophylla,Maryland
PLANT-00390,eurybia macrophylla,Massachusetts
PLANT-00390,eurybia macrophylla,Michigan
PLANT-00390,eurybia macrophylla,Minnesota
PLANT-00390,eurybia macrophylla,Missouri
PLANT-00390,eurybia macrophylla,New Hampshire
PLANT-00390,eurybia macrophylla,New Jersey
PLANT-00390,eurybia macrophylla,New York
PLANT-00390,eurybia macrophylla,North Carolina
PLANT-00390,eurybia macrophylla,Ohio
PLANT-00390,eurybia macrophylla,Pennsylvania
PLANT-00390,eurybia macrophylla,Rhode Island
PLANT-00390,eurybia macrophylla,South Carolina
PLANT-00390,eurybia macrophylla,Tennessee
PLANT-00390,eurybia macrophylla,Vermont
PLANT-00390,eurybia macrophylla,Virginia
PLANT-00390,eurybia macrophylla,West Virginia
PLANT-00390,eurybia macrophylla,Wisconsin
PLANT-00391,eurybia paludosa,Florida
PLANT-00391,eurybia paludosa,Georgia
PLANT-00391,eurybia paludosa,North Carolina
PLANT-00391,eurybia paludosa,South Carolina
PLANT-00392,eutrochium dubium,Connecticut
PLANT-00392,eutrochium dubium,Delaware
PLANT-00392,eutrochium dubium,Maine
PLANT-00392,eutrochium dubium,Maryland
PLANT-00392,eutrochium dubium,New Hampshire
PLANT-00392,eutrochium dubium,New Jersey
PLANT-00392,eutrochium dubium,New York
PLANT-00392,eutrochium dubium,North Carolina
PLANT-00392,eutrochium dubium,Pennsylvania
PLANT-00392,eutrochium dubium,Rhode Island
PLANT-00392,eutrochium dubium,South Carolina
PLANT-00392,eutrochium dubium,Vermont
PLANT-00392,eutrochium dubium,Virginia
PLANT-00392,eutrochium dubium,West Virginia
PLANT-00393,eutrochium fistulosum,Alabama
PLANT-00393,eutrochium fistulosum,Arkansas
PLANT-00393,eutrochium fistulosum,Connecticut
PLANT-00393,eutrochium fistulosum,Delaware
PLANT-00393,eutrochium fistulosum,Florida
PLANT-00393,eutrochium fistulosum,Georgia
PLANT-00393,eutrochium fistulosum,Illinois
PLANT-00393,eutrochium fistulosum,Indiana
PLANT-00393,eutrochium fistulosum,Iowa
PLANT-00393,eutrochium fistulosum,Kentucky
PLANT-00393,eutrochium fistulosum,Louisiana
PLANT-00393,eutrochium fistulosum,Maine
PLANT-00393,eutrochium fistulosum,Maryland
PLANT-00393,eutrochium fistulosum,Massachusetts
PLANT-00393,eutrochium fistulosum,Michigan
PLANT-00393,eutrochium fistulosum,Mississippi
PLANT-00393,eutrochium fistulosum,Missouri
PLANT-00393,eutrochium fistulosum,New Hampshire
PLANT-00393,eutrochium fistulosum,New Jersey
PLANT-00393,eutrochium fistulosum,New York
PLANT-00393,eutrochium fistulosum,North Carolina
PLANT-00393,eutrochium fistulosum,Ohio
PLANT-00393,eutrochium fistulosum,Oklahoma
PLANT-00393,eutrochium fistulosum,Pennsylvania
PLANT-00393,eutrochium fistulosum,Rhode Island
PLANT-00393,eutrochium fistulosum,South Carolina
PLANT-00393,eutrochium fistulosum,Tennessee
PLANT-00393,eutrochium fistulosum,Texas
PLANT-00393,eutrochium fistulosum,Vermont
PLANT-00393,eutrochium fistulosum,Virginia
PLANT-00393,eutrochium fistulosum,West Virginia
PLANT-00394,eutrochium maculatum,Arizona
PLANT-00394,eutrochium maculatum,Colorado
PLANT-00394,eutrochium maculatum,Connecticut
PLANT-00394,eutrochium maculatum,Georgia
PLANT-00394,eutrochium maculatum,Idaho
PLANT-00394,eutrochium maculatum,Illinois
PLANT-00394,eutrochium maculatum,Indiana
PLANT-00394,eutrochium maculatum,Iowa
PLANT-00394,eutrochium maculatum,Kansas
PLANT-00394,eutrochium maculatum,Kentucky
PLANT-00394,eutrochium maculatum,Maine
PLANT-00394,eutrochium maculatum,Maryland
PLANT-00394,eutrochium maculatum,Massachusetts
PLANT-00394,eutrochium maculatum,Michigan
PLANT-00394,eutrochium maculatum,Minnesota
PLANT-00394,eutrochium maculatum,Missouri
PLANT-00394,eutrochium maculatum,Montana
PLANT-00394,eutrochium maculatum,Nebraska
PLANT-00394,eutrochium maculatum,New Hampshire
PLANT-00394,eutrochium maculatum,New Jersey
PLANT-00394,eutrochium maculatum,New Mexico
PLANT-00394,eutrochium maculatum,New York
PLANT-00394,eutrochium maculatum,North Carolina
PLANT-00394,eutrochium maculatum,North Dakota
PLANT-00394,eutrochium maculatum,Ohio
PLANT-00394,eutrochium maculatum,Pennsylvania
PLANT-00394,eutrochium maculatum,Rhode Island
PLANT-00394,eutrochium maculatum,South Dakota
PLANT-00394,eutrochium maculatum,Tennessee
PLANT-00394,eutrochium maculatum,Utah
PLANT-00394,eutrochium maculatum,Vermont
PLANT-00394,eutrochium maculatum,Virginia
PLANT-00394,eutrochium maculatum,Washington
PLANT-00394,eutrochium maculatum,West Virginia
PLANT-00394,eutrochium maculatum,Wisconsin
PLANT-00394,eutrochium maculatum,Wyoming
PLANT-00395,eutrochium purpureum,Alabama
PLANT-00395,eutrochium purpureum,Arkansas
PLANT-00395,eutrochium purpureum,Connecticut
PLANT-00395,eutrochium purpureum,Delaware
PLANT-00395,eutrochium purpureum,Florida
PLANT-00395,eutrochium purpureum,Georgia
PLANT-00395,eutrochium purpureum,Illinois
PLANT-00395,eutrochium purpureum,Indiana
PLANT-00395,eutrochium purpureum,Iowa
PLANT-00395,eutrochium purpureum,Kansas
PLANT-00395,eutrochium purpureum,Kentucky
PLANT-00395,eutrochium purpureum,Louisiana
PLANT-00395,eutrochium purpureum,Maine
PLANT-00395,eutrochium purpureum,Maryland
PLANT-00395,eutrochium purpureum,Michigan
PLANT-00395,eutrochium purpureum,Minnesota
PLANT-00395,eutrochium purpureum,Mississippi
PLANT-00395,eutrochium purpureum,Missouri
PLANT-00395,eutrochium purpureum,Nebraska
PLANT-00395,eutrochium purpureum,New Hampshire
PLANT-00395,eutrochium purpureum,New Jersey
PLANT-00395,eutrochium purpureum,North Carolina
PLANT-00395,eutrochium purpureum,Ohio
PLANT-00395,eutrochium purpureum,Oklahoma
PLANT-00395,eutrochium purpureum,Pennsylvania
PLANT-00395,eutrochium purpureum,Rhode Island
PLANT-00395,eutrochium purpureum,South Carolina
PLANT-00395,eutrochium purpureum,Tennessee
PLANT-00395,eutrochium purpureum,Vermont
PLANT-00395,eutrochium purpureum,Virginia
PLANT-00395,eutrochium purpureum,West Virginia
PLANT-00395,eutrochium purpureum,Wisconsin
PLANT-00396,evolvulus nuttallianus,Arizona
PLANT-00396,evolvulus nuttallianus,Arkansas
PLANT-00396,evolvulus nuttallianus,Colorado
PLANT-00396,evolvulus nuttallianus,Illinois
PLANT-00396,evolvulus nuttallianus,Kansas
PLANT-00396,evolvulus nuttallianus,Missouri
PLANT-00396,evolvulus nuttallianus,Montana
PLANT-00396,evolvulus nuttallianus,Nebraska
PLANT-00396,evolvulus nuttallianus,New Mexico
PLANT-00396,evolvulus nuttallianus,Oklahoma
PLANT-00396,evolvulus nuttallianus,South Dakota
PLANT-00396,evolvulus nuttallianus,Tennessee
PLANT-00396,evolvulus nuttallianus,Texas
PLANT-00396,evolvulus nuttallianus,Utah
PLANT-00396,evolvulus nuttallianus,Wyoming
PLANT-00397,fagus grandifolia,Alabama
PLANT-00397,fagus grandifolia,Arkansas
PLANT-00397,fagus grandifolia,Connecticut
PLANT-00397,fagus grandifolia,Delaware
PLANT-00397,fagus grandifolia,Florida
PLANT-00397,fagus grandifolia,Georgia
PLANT-00397,fagus grandifolia,Illinois
PLANT-00397,fagus grandifolia,Indiana
PLANT-00397,fagus grandifolia,Kentucky
PLANT-00397,fagus grandifolia,Louisiana
PLANT-00397,fagus grandifolia,Maine
PLANT-00397,fagus grandifolia,Maryland
PLANT-00397,fagus grandifolia,Massachusetts
PLANT-00397,fagus grandifolia,Michigan
PLANT-00397,fagus grandifolia,Mississippi
PLANT-00397,fagus grandifolia,Missouri
PLANT-00397,fagus grandifolia,New Hampshire
PLANT-00397,fagus grandifolia,New Jersey
PLANT-00397,fagus grandifolia,New York
PLANT-00397,fagus grandifolia,North Carolina
PLANT-00397,fagus grandifolia,Ohio
PLANT-00397,fagus grandifolia,Oklahoma
PLANT-00397,fagus grandifolia,Pennsylvania
PLANT-00397,fagus grandifolia,Rhode Island
PLANT-00397,fagus grandifolia,South Carolina
PLANT-00397,fagus grandifolia,Tennessee
PLANT-00397,fagus grandifolia,Texas
PLANT-00397,fagus grandifolia,Vermont
PLANT-00397,fagus grandifolia,Virginia
PLANT-00397,fagus grandifolia,West Virginia
PLANT-00397,fagus grandifolia,Wisconsin
PLANT-00398,filipendula rubra,Connecticut
PLANT-00398,filipendula rubra,Illinois
PLANT-00398,filipendula rubra,Indiana
PLANT-00398,filipendula rubra,Iowa
PLANT-00398,filipendula rubra,Maine
PLANT-00398,filipendula rubra,Maryland
PLANT-00398,filipendula rubra,Massachusetts
PLANT-00398,filipendula rubra,Michigan
PLANT-00398,filipendula rubra,Minnesota
PLANT-00398,filipendula rubra,Missouri
PLANT-00398,filipendula rubra,New Hampshire
PLANT-00398,filipendula rubra,New Jersey
PLANT-00398,filipendula rubra,New York
PLANT-00398,filipendula rubra,North Carolina
PLANT-00398,filipendula rubra,Ohio
PLANT-00398,filipendula rubra,Pennsylvania
PLANT-00398,filipendula rubra,Vermont
PLANT-00398,filipendula rubra,Virginia
PLANT-00398,filipendula rubra,West Virginia
PLANT-00398,filipendula rubra,Wisconsin
PLANT-00399,fothergilla gardenii,Alabama
PLANT-00399,fothergilla gardenii,Florida
PLANT-00399,fothergilla gardenii,Georgia
PLANT-00399,fothergilla gardenii,North Carolina
PLANT-00399,fothergilla gardenii,South Carolina
PLANT-00400,fothergilla major,Alabama
PLANT-00400,fothergilla major,Arkansas
PLANT-00400,fothergilla major,Georgia
PLANT-00400,fothergilla major,North Carolina
PLANT-00400,fothergilla major,South Carolina
PLANT-00400,fothergilla major,Tennessee
PLANT-00401,fragaria vesca,Connecticut
PLANT-00401,fragaria vesca,Illinois
PLANT-00401,fragaria vesca,Indiana
PLANT-00401,fragaria vesca,Kentucky
PLANT-00401,fragaria vesca,Maine
PLANT-00401,fragaria vesca,Massachusetts
PLANT-00401,fragaria vesca,Michigan
PLANT-00401,fragaria vesca,Missouri
PLANT-00401,fragaria vesca,New Hampshire
PLANT-00401,fragaria vesca,New Jersey
PLANT-00401,fragaria vesca,New York
PLANT-00401,fragaria vesca,Ohio
PLANT-00401,fragaria vesca,Pennsylvania
PLANT-00401,fragaria vesca,Rhode Island
PLANT-00401,fragaria vesca,Vermont
PLANT-00401,fragaria vesca,West Virginia
PLANT-00402,fragaria virginiana,Alabama
PLANT-00402,fragaria virginiana,Arkansas
PLANT-00402,fragaria virginiana,Connecticut
PLANT-00402,fragaria virginiana,Delaware
PLANT-00402,fragaria virginiana,Florida
PLANT-00402,fragaria virginiana,Georgia
PLANT-00402,fragaria virginiana,Illinois
PLANT-00402,fragaria virginiana,Indiana
PLANT-00402,fragaria virginiana,Iowa
PLANT-00402,fragaria virginiana,Kansas
PLANT-00402,fragaria virginiana,Kentucky
PLANT-00402,fragaria virginiana,Louisiana
PLANT-00402,fragaria virginiana,Maine
PLANT-00402,fragaria virginiana,Maryland
PLANT-00402,fragaria virginiana,Massachusetts
PLANT-00402,fragaria virginiana,Michigan
PLANT-00402,fragaria virginiana,Minnesota
PLANT-00402,fragaria virginiana,Mississippi
PLANT-00402,fragaria virginiana,Missouri
PLANT-00402,fragaria virginiana,Nebraska
PLANT-00402,fragaria virginiana,New Hampshire
PLANT-00402,fragaria virginiana,New Jersey
PLANT-00402,fragaria virginiana,New York
PLANT-00402,fragaria virginiana,North Carolina
PLANT-00402,fragaria virginiana,Ohio
PLANT-00402,fragaria virginiana,Oklahoma
PLANT-00402,fragaria virginiana,Pennsylvania
PLANT-00402,fragaria virginiana,Rhode Island
PLANT-00402,fragaria virginiana,South Carolina
PLANT-00402,fragaria virginiana,South Dakota
PLANT-00402,fragaria virginiana,Tennessee
PLANT-00402,fragaria virginiana,Texas
PLANT-00402,fragaria virginiana,Vermont
PLANT-00402,fragaria virginiana,Virginia
PLANT-00402,fragaria virginiana,West Virginia
PLANT-00402,fragaria virginiana,Wisconsin
PLANT-00403,frangula caroliniana,Alabama
PLANT-00403,frangula caroliniana,Arkansas
PLANT-00403,frangula caroliniana,Florida
PLANT-00403,frangula caroliniana,Georgia
PLANT-00403,frangula caroliniana,Illinois
PLANT-00403,frangula caroliniana,Indiana
PLANT-00403,frangula caroliniana,Kentucky
PLANT-00403,frangula caroliniana,Louisiana
PLANT-00403,frangula caroliniana,Maryland
PLANT-00403,frangula caroliniana,Mississippi
PLANT-00403,frangula caroliniana,Missouri
PLANT-00403,frangula caroliniana,North Carolina
PLANT-00403,frangula caroliniana,Ohio
PLANT-00403,frangula caroliniana,Oklahoma
PLANT-00403,frangula caroliniana,South Carolina
PLANT-00403,frangula caroliniana,Tennessee
PLANT-00403,frangula caroliniana,Texas
PLANT-00403,frangula caroliniana,Virginia
PLANT-00404,franklinia alatamaha,Georgia
PLANT-00405,fraxinus americana,Alabama
PLANT-00405,fraxinus americana,Arkansas
PLANT-00405,fraxinus americana,Connecticut
PLANT-00405,fraxinus americana,Delaware
PLANT-00405,fraxinus americana,Florida
PLANT-00405,fraxinus americana,Georgia
PLANT-00405,fraxinus americana,Illinois
PLANT-00405,fraxinus americana,Indiana
PLANT-00405,fraxinus americana,Iowa
PLANT-00405,fraxinus americana,Kansas
PLANT-00405,fraxinus americana,Kentucky
PLANT-00405,fraxinus americana,Louisiana
PLANT-00405,fraxinus americana,Maine
PLANT-00405,fraxinus americana,Maryland
PLANT-00405,fraxinus americana,Massachusetts
PLANT-00405,fraxinus americana,Michigan
PLANT-00405,fraxinus americana,Minnesota
PLANT-00405,fraxinus americana,Mississippi
PLANT-00405,fraxinus americana,Missouri
PLANT-00405,fraxinus americana,Nebraska
PLANT-00405,fraxinus americana,New Hampshire
PLANT-00405,fraxinus americana,New Jersey
PLANT-00405,fraxinus americana,New York
PLANT-00405,fraxinus americana,North Carolina
PLANT-00405,fraxinus americana,Ohio
PLANT-00405,fraxinus americana,Oklahoma
PLANT-00405,fraxinus americana,Pennsylvania
PLANT-00405,fraxinus americana,Rhode Island
PLANT-00405,fraxinus americana,South Carolina
PLANT-00405,fraxinus americana,Tennessee
PLANT-00405,fraxinus americana,Texas
PLANT-00405,fraxinus americana,Vermont
PLANT-00405,fraxinus americana,Virginia
PLANT-00405,fraxinus americana,West Virginia
PLANT-00405,fraxinus americana,Wisconsin
PLANT-00406,fraxinus ornus,Georgia
PLANT-00407,fraxinus pennsylvanica,Alabama
PLANT-00407,fraxinus pennsylvanica,Arkansas
PLANT-00407,fraxinus pennsylvanica,Colorado
PLANT-00407,fraxinus pennsylvanica,Connecticut
PLANT-00407,fraxinus pennsylvanica,Delaware
PLANT-00407,fraxinus pennsylvanica,Florida
PLANT-00407,fraxinus pennsylvanica,Georgia
PLANT-00407,fraxinus pennsylvanica,Illinois
PLANT-00407,fraxinus pennsylvanica,Indiana
PLANT-00407,fraxinus pennsylvanica,Iowa
PLANT-00407,fraxinus pennsylvanica,Kansas
PLANT-00407,fraxinus pennsylvanica,Kentucky
PLANT-00407,fraxinus pennsylvanica,Louisiana
PLANT-00407,fraxinus pennsylvanica,Maine
PLANT-00407,fraxinus pennsylvanica,Maryland
PLANT-00407,fraxinus pennsylvanica,Michigan
PLANT-00407,fraxinus pennsylvanica,Minnesota
PLANT-00407,fraxinus pennsylvanica,Mississippi
PLANT-00407,fraxinus pennsylvanica,Missouri
PLANT-00407,fraxinus pennsylvanica,Montana
PLANT-00407,fraxinus pennsylvanica,Nebraska
PLANT-00407,fraxinus pennsylvanica,New Hampshire
PLANT-00407,fraxinus pennsylvanica,New Jersey
PLANT-00407,fraxinus pennsylvanica,New York
PLANT-00407,fraxinus pennsylvanica,North Carolina
PLANT-00407,fraxinus pennsylvanica,North Dakota
PLANT-00407,fraxinus pennsylvanica,Ohio
PLANT-00407,fraxinus pennsylvanica,Oklahoma
PLANT-00407,fraxinus pennsylvanica,Pennsylvania
PLANT-00407,fraxinus pennsylvanica,Rhode Island
PLANT-00407,fraxinus pennsylvanica,South Carolina
PLANT-00407,fraxinus pennsylvanica,South Dakota
PLANT-00407,fraxinus pennsylvanica,Tennessee
PLANT-00407,fraxinus pennsylvanica,Texas
PLANT-00407,fraxinus pennsylvanica,Utah
PLANT-00407,fraxinus pennsylvanica,Vermont
PLANT-00407,fraxinus pennsylvanica,Virginia
PLANT-00407,fraxinus pennsylvanica,West Virginia
PLANT-00407,fraxinus pennsylvanica,Wisconsin
PLANT-00407,fraxinus pennsylvanica,Wyoming
PLANT-00408,fraxinus profunda,Alabama
PLANT-00408,fraxinus profunda,Arkansas
PLANT-00408,fraxinus profunda,Delaware
PLANT-00408,fraxinus profunda,Florida
PLANT-00408,fraxinus profunda,Georgia
PLANT-00408,fraxinus profunda,Illinois
PLANT-00408,fraxinus profunda,Indiana
PLANT-00408,fraxinus profunda,Kentucky
PLANT-00408,fraxinus profunda,Louisiana
PLANT-00408,fraxinus profunda,Maryland
PLANT-00408,fraxinus profunda,Michigan
PLANT-00408,fraxinus profunda,Mississippi
PLANT-00408,fraxinus profunda,Missouri
PLANT-00408,fraxinus profunda,New Jersey
PLANT-00408,fraxinus profunda,North Carolina
PLANT-00408,fraxinus profunda,Ohio
PLANT-00408,fraxinus profunda,Pennsylvania
PLANT-00408,fraxinus profunda,South Carolina
PLANT-00408,fraxinus profunda,Tennessee
PLANT-00408,fraxinus profunda,Virginia
PLANT-00409,fraxinus quadrangulata,Alabama
PLANT-00409,fraxinus quadrangulata,Arkansas
PLANT-00409,fraxinus quadrangulata,Georgia
PLANT-00409,fraxinus quadrangulata,Illinois
PLANT-00409,fraxinus quadrangulata,Indiana
PLANT-00409,fraxinus quadrangulata,Iowa
PLANT-00409,fraxinus quadrangulata,Kansas
PLANT-00409,fraxinus quadrangulata,Kentucky
PLANT-00409,fraxinus quadrangulata,Michigan
PLANT-00409,fraxinus quadrangulata,Minnesota
PLANT-00409,fraxinus quadrangulata,Mississippi
PLANT-00409,fraxinus quadrangulata,Missouri
PLANT-00409,fraxinus quadrangulata,Ohio
PLANT-00409,fraxinus quadrangulata,Oklahoma
PLANT-00409,fraxinus quadrangulata,Tennessee
PLANT-00409,fraxinus quadrangulata,Virginia
PLANT-00409,fraxinus quadrangulata,West Virginia
PLANT-00409,fraxinus quadrangulata,Wisconsin
PLANT-00410,fremontodendron californicum,Arizona
PLANT-00410,fremontodendron californicum,California
PLANT-00411,gaillardia aestivalis,Alabama
PLANT-00411,gaillardia aestivalis,Arkansas
PLANT-00411,gaillardia aestivalis,Florida
PLANT-00411,gaillardia aestivalis,Georgia
PLANT-00411,gaillardia aestivalis,Illinois
PLANT-00411,gaillardia aestivalis,Kansas
PLANT-00411,gaillardia aestivalis,Louisiana
PLANT-00411,gaillardia aestivalis,Mississippi
PLANT-00411,gaillardia aestivalis,Missouri
PLANT-00411,gaillardia aestivalis,North Carolina
PLANT-00411,gaillardia aestivalis,Oklahoma
PLANT-00411,gaillardia aestivalis,South Carolina
PLANT-00411,gaillardia aestivalis,Texas
PLANT-00412,gaillardia pulchella,Alabama
PLANT-00412,gaillardia pulchella,Alaska
PLANT-00412,gaillardia pulchella,Arizona
PLANT-00412,gaillardia pulchella,Arkansas
PLANT-00412,gaillardia pulchella,California
PLANT-00412,gaillardia pulchella,Colorado
PLANT-00412,gaillardia pulchella,Connecticut
PLANT-00412,gaillardia pulchella,Delaware
PLANT-00412,gaillardia pulchella,Florida
PLANT-00412,gaillardia pulchella,Georgia
PLANT-00412,gaillardia pulchella,Illinois
PLANT-00412,gaillardia pulchella,Indiana
PLANT-00412,gaillardia pulchella,Iowa
PLANT-00412,gaillardia pulchella,Kansas
PLANT-00412,gaillardia pulchella,Louisiana
PLANT-00412,gaillardia pulchella,Maine
PLANT-00412,gaillardia pulchella,Massachusetts
PLANT-00412,gaillardia pulchella,Michigan
PLANT-00412,gaillardia pulchella,Minnesota
PLANT-00412,gaillardia pulchella,Mississippi
PLANT-00412,gaillardia pulchella,Missouri
PLANT-00412,gaillardia pulchella,Nebraska
PLANT-00412,gaillardia pulchella,Nevada
PLANT-00412,gaillardia pulchella,New Hampshire
PLANT-00412,gaillardia pulchella,New Mexico
PLANT-00412,gaillardia pulchella,New York
PLANT-00412,gaillardia pulchella,North Carolina
PLANT-00412,gaillardia pulchella,Ohio
PLANT-00412,gaillardia pulchella,Oklahoma
PLANT-00412,gaillardia pulchella,Pennsylvania
PLANT-00412,gaillardia pulchella,South Carolina
PLANT-00412,gaillardia pulchella,South Dakota
PLANT-00412,gaillardia pulchella,Tennessee
PLANT-00412,gaillardia pulchella,Texas
PLANT-00412,gaillardia pulchella,Vermont
PLANT-00412,gaillardia pulchella,Virginia
PLANT-00412,gaillardia pulchella,Wisconsin
PLANT-00413,galearis spectabilis,Alabama
PLANT-00413,galearis spectabilis,Arkansas
PLANT-00413,galearis spectabilis,Connecticut
PLANT-00413,galearis spectabilis,Delaware
PLANT-00413,galearis spectabilis,Georgia
PLANT-00413,galearis spectabilis,Illinois
PLANT-00413,galearis spectabilis,Indiana
PLANT-00413,galearis spectabilis,Iowa
PLANT-00413,galearis spectabilis,Kansas
PLANT-00413,galearis spectabilis,Kentucky
PLANT-00413,galearis spectabilis,Maine
PLANT-00413,galearis spectabilis,Maryland
PLANT-00413,galearis spectabilis,Massachusetts
PLANT-00413,galearis spectabilis,Michigan
PLANT-00413,galearis spectabilis,Minnesota
PLANT-00413,galearis spectabilis,Mississippi
PLANT-00413,galearis spectabilis,Missouri
PLANT-00413,galearis spectabilis,Nebraska
PLANT-00413,galearis spectabilis,New Hampshire
PLANT-00413,galearis spectabilis,New Jersey
PLANT-00413,galearis spectabilis,New York
PLANT-00413,galearis spectabilis,North Carolina
PLANT-00413,galearis spectabilis,Ohio
PLANT-00413,galearis spectabilis,Oklahoma
PLANT-00413,galearis spectabilis,Pennsylvania
PLANT-00413,galearis spectabilis,Rhode Island
PLANT-00413,galearis spectabilis,South Carolina
PLANT-00413,galearis spectabilis,Tennessee
PLANT-00413,galearis spectabilis,Vermont
PLANT-00413,galearis spectabilis,Virginia
PLANT-00413,galearis spectabilis,West Virginia
PLANT-00413,galearis spectabilis,Wisconsin
PLANT-00414,galium boreale,Alaska
PLANT-00414,galium boreale,Arizona
PLANT-00414,galium boreale,California
PLANT-00414,galium boreale,Colorado
PLANT-00414,galium boreale,Connecticut
PLANT-00414,galium boreale,Delaware
PLANT-00414,galium boreale,Idaho
PLANT-00414,galium boreale,Illinois
PLANT-00414,galium boreale,Indiana
PLANT-00414,galium boreale,Iowa
PLANT-00414,galium boreale,Kentucky
PLANT-00414,galium boreale,Maine
PLANT-00414,galium boreale,Massachusetts
PLANT-00414,galium boreale,Michigan
PLANT-00414,galium boreale,Minnesota
PLANT-00414,galium boreale,Missouri
PLANT-00414,galium boreale,Montana
PLANT-00414,galium boreale,Nebraska
PLANT-00414,galium boreale,Nevada
PLANT-00414,galium boreale,New Hampshire
PLANT-00414,galium boreale,New Jersey
PLANT-00414,galium boreale,New Mexico
PLANT-00414,galium boreale,New York
PLANT-00414,galium boreale,North Dakota
PLANT-00414,galium boreale,Ohio
PLANT-00414,galium boreale,Oregon
PLANT-00414,galium boreale,Pennsylvania
PLANT-00414,galium boreale,Rhode Island
PLANT-00414,galium boreale,South Dakota
PLANT-00414,galium boreale,Tennessee
PLANT-00414,galium boreale,Texas
PLANT-00414,galium boreale,Utah
PLANT-00414,galium boreale,Vermont
PLANT-00414,galium boreale,Virginia
PLANT-00414,galium boreale,Washington
PLANT-00414,galium boreale,West Virginia
PLANT-00414,galium boreale,Wisconsin
PLANT-00414,galium boreale,Wyoming
PLANT-00415,galium circaezans,Alabama
PLANT-00415,galium circaezans,Illinois
PLANT-00415,galium circaezans,Kansas
PLANT-00415,galium circaezans,Kentucky
PLANT-00415,galium circaezans,Louisiana
PLANT-00415,galium circaezans,Maine
PLANT-00415,galium circaezans,Maryland
PLANT-00415,galium circaezans,Michigan
PLANT-00415,galium circaezans,Missouri
PLANT-00415,galium circaezans,New Hampshire
PLANT-00415,galium circaezans,New York
PLANT-00415,galium circaezans,North Carolina
PLANT-00415,galium circaezans,Ohio
PLANT-00415,galium circaezans,Oklahoma
PLANT-00415,galium circaezans,South Dakota
PLANT-00415,galium circaezans,Tennessee
PLANT-00415,galium circaezans,Texas
PLANT-00415,galium circaezans,Vermont
PLANT-00415,galium circaezans,Virginia
PLANT-00416,gaultheria procumbens,Alabama
PLANT-00416,gaultheria procumbens,Connecticut
PLANT-00416,gaultheria procumbens,Delaware
PLANT-00416,gaultheria procumbens,Georgia
PLANT-00416,gaultheria procumbens,Illinois
PLANT-00416,gaultheria procumbens,Indiana
PLANT-00416,gaultheria procumbens,Kentucky
PLANT-00416,gaultheria procumbens,Maine
PLANT-00416,gaultheria procumbens,Maryland
PLANT-00416,gaultheria procumbens,Michigan
PLANT-00416,gaultheria procumbens,Minnesota
PLANT-00416,gaultheria procumbens,New Hampshire
PLANT-00416,gaultheria procumbens,New Jersey
PLANT-00416,gaultheria procumbens,New York
PLANT-00416,gaultheria procumbens,North Carolina
PLANT-00416,gaultheria procumbens,Ohio
PLANT-00416,gaultheria procumbens,Pennsylvania
PLANT-00416,gaultheria procumbens,Rhode Island
PLANT-00416,gaultheria procumbens,South Carolina
PLANT-00416,gaultheria procumbens,Tennessee
PLANT-00416,gaultheria procumbens,Vermont
PLANT-00416,gaultheria procumbens,Virginia
PLANT-00416,gaultheria procumbens,West Virginia
PLANT-00416,gaultheria procumbens,Wisconsin
PLANT-00417,gaura lindheimeri,Louisiana
PLANT-00417,gaura lindheimeri,Oklahoma
PLANT-00417,gaura lindheimeri,Texas
PLANT-00418,gelsemium sempervirens,Alabama
PLANT-00418,gelsemium sempervirens,Arkansas
PLANT-00418,gelsemium sempervirens,Florida
PLANT-00418,gelsemium sempervirens,Georgia
PLANT-00418,gelsemium sempervirens,Louisiana
PLANT-00418,gelsemium sempervirens,Mississippi
PLANT-00418,gelsemium sempervirens,North Carolina
PLANT-00418,gelsemium sempervirens,South Carolina
PLANT-00418,gelsemium sempervirens,Tennessee
PLANT-00418,gelsemium sempervirens,Texas
PLANT-00418,gelsemium sempervirens,Virginia
PLANT-00419,gentiana alba,Arkansas
PLANT-00419,gentiana alba,Illinois
PLANT-00419,gentiana alba,Indiana
PLANT-00419,gentiana alba,Iowa
PLANT-00419,gentiana alba,Kansas
PLANT-00419,gentiana alba,Kentucky
PLANT-00419,gentiana alba,Maryland
PLANT-00419,gentiana alba,Michigan
PLANT-00419,gentiana alba,Minnesota
PLANT-00419,gentiana alba,Missouri
PLANT-00419,gentiana alba,Nebraska
PLANT-00419,gentiana alba,North Carolina
PLANT-00419,gentiana alba,Ohio
PLANT-00419,gentiana alba,Oklahoma
PLANT-00419,gentiana alba,Pennsylvania
PLANT-00419,gentiana alba,West Virginia
PLANT-00419,gentiana alba,Wisconsin
PLANT-00420,gentiana andrewsii,Alabama
PLANT-00420,gentiana andrewsii,Arkansas
PLANT-00420,gentiana andrewsii,Colorado
PLANT-00420,gentiana andrewsii,Connecticut
PLANT-00420,gentiana andrewsii,Delaware
PLANT-00420,gentiana andrewsii,Georgia
PLANT-00420,gentiana andrewsii,Illinois
PLANT-00420,gentiana andrewsii,Indiana
PLANT-00420,gentiana andrewsii,Iowa
PLANT-00420,gentiana andrewsii,Kentucky
PLANT-00420,gentiana andrewsii,Maryland
PLANT-00420,gentiana andrewsii,Massachusetts
PLANT-00420,gentiana andrewsii,Michigan
PLANT-00420,gentiana andrewsii,Minnesota
PLANT-00420,gentiana andrewsii,Missouri
PLANT-00420,gentiana andrewsii,Nebraska
PLANT-00420,gentiana andrewsii,New Hampshire
PLANT-00420,gentiana andrewsii,New Jersey
PLANT-00420,gentiana andrewsii,New York
PLANT-00420,gentiana andrewsii,North Dakota
PLANT-00420,gentiana andrewsii,Ohio
PLANT-00420,gentiana andrewsii,Pennsylvania
PLANT-00420,gentiana andrewsii,Rhode Island
PLANT-00420,gentiana andrewsii,South Dakota
PLANT-00420,gentiana andrewsii,Vermont
PLANT-00420,gentiana andrewsii,Virginia
PLANT-00420,gentiana andrewsii,West Virginia
PLANT-00420,gentiana andrewsii,Wisconsin
PLANT-00421,geranium maculatum,Alabama
PLANT-00421,geranium maculatum,Arkansas
PLANT-00421,geranium maculatum,Connecticut
PLANT-00421,geranium maculatum,Delaware
PLANT-00421,geranium maculatum,Georgia
PLANT-00421,geranium maculatum,Illinois
PLANT-00421,geranium maculatum,Indiana
PLANT-00421,geranium maculatum,Iowa
PLANT-00421,geranium maculatum,Kansas
PLANT-00421,geranium maculatum,Kentucky
PLANT-00421,geranium maculatum,Louisiana
PLANT-00421,geranium maculatum,Maine
PLANT-00421,geranium maculatum,Maryland
PLANT-00421,geranium maculatum,Michigan
PLANT-00421,geranium maculatum,Minnesota
PLANT-00421,geranium maculatum,Mississippi
PLANT-00421,geranium maculatum,Missouri
PLANT-00421,geranium maculatum,Nebraska
PLANT-00421,geranium maculatum,New Hampshire
PLANT-00421,geranium maculatum,New Jersey
PLANT-00421,geranium maculatum,New York
PLANT-00421,geranium maculatum,North Carolina
PLANT-00421,geranium maculatum,North Dakota
PLANT-00421,geranium maculatum,Ohio
PLANT-00421,geranium maculatum,Oklahoma
PLANT-00421,geranium maculatum,Pennsylvania
PLANT-00421,geranium maculatum,Rhode Island
PLANT-00421,geranium maculatum,South Carolina
PLANT-00421,geranium maculatum,South Dakota
PLANT-00421,geranium maculatum,Tennessee
PLANT-00421,geranium maculatum,Vermont
PLANT-00421,geranium maculatum,Virginia
PLANT-00421,geranium maculatum,West Virginia
PLANT-00421,geranium maculatum,Wisconsin
PLANT-00422,geranium maculatum f. albiflorum,Connecticut
PLANT-00422,geranium maculatum f. albiflorum,Indiana
PLANT-00422,geranium maculatum f. albiflorum,Maine
PLANT-00422,geranium maculatum f. albiflorum,Massachusetts
PLANT-00422,geranium maculatum f. albiflorum,Michigan
PLANT-00422,geranium maculatum f. albiflorum,New Hampshire
PLANT-00422,geranium maculatum f. albiflorum,New Jersey
PLANT-00422,geranium maculatum f. albiflorum,New York
PLANT-00422,geranium maculatum f. albiflorum,Ohio
PLANT-00422,geranium maculatum f. albiflorum,Pennsylvania
PLANT-00422,geranium maculatum f. albiflorum,Rhode Island
PLANT-00422,geranium maculatum f. albiflorum,Vermont
PLANT-00422,geranium maculatum f. albiflorum,West Virginia
PLANT-00423,geum rivale,Connecticut
PLANT-00423,geum rivale,Illinois
PLANT-00423,geum rivale,Indiana
PLANT-00423,geum rivale,Maine
PLANT-00423,geum rivale,Maryland
PLANT-00423,geum rivale,Massachusetts
PLANT-00423,geum rivale,Michigan
PLANT-00423,geum rivale,Minnesota
PLANT-00423,geum rivale,Montana
PLANT-00423,geum rivale,New Hampshire
PLANT-00423,geum rivale,New Jersey
PLANT-00423,geum rivale,New Mexico
PLANT-00423,geum rivale,New York
PLANT-00423,geum rivale,North Dakota
PLANT-00423,geum rivale,Ohio
PLANT-00423,geum rivale,Pennsylvania
PLANT-00423,geum rivale,Rhode Island
PLANT-00423,geum rivale,South Dakota
PLANT-00423,geum rivale,Vermont
PLANT-00423,geum rivale,Washington
PLANT-00423,geum rivale,West Virginia
PLANT-00423,geum rivale,Wisconsin
PLANT-00423,geum rivale,Wyoming
PLANT-00424,geum triflorum,Arizona
PLANT-00424,geum triflorum,Colorado
PLANT-00424,geum triflorum,Illinois
PLANT-00424,geum triflorum,Iowa
PLANT-00424,geum triflorum,Michigan
PLANT-00424,geum triflorum,Minnesota
PLANT-00424,geum triflorum,Montana
PLANT-00424,geum triflorum,New Mexico
PLANT-00424,geum triflorum,New York
PLANT-00424,geum triflorum,North Dakota
PLANT-00424,geum triflorum,South Dakota
PLANT-00424,geum triflorum,Wisconsin
PLANT-00424,geum triflorum,Wyoming
PLANT-00425,gillenia stipulata,Alabama
PLANT-00425,gillenia stipulata,Arkansas
PLANT-00425,gillenia stipulata,Georgia
PLANT-00425,gillenia stipulata,Illinois
PLANT-00425,gillenia stipulata,Indiana
PLANT-00425,gillenia stipulata,Kansas
PLANT-00425,gillenia stipulata,Kentucky
PLANT-00425,gillenia stipulata,Louisiana
PLANT-00425,gillenia stipulata,Maryland
PLANT-00425,gillenia stipulata,Michigan
PLANT-00425,gillenia stipulata,Mississippi
PLANT-00425,gillenia stipulata,Missouri
PLANT-00425,gillenia stipulata,New York
PLANT-00425,gillenia stipulata,North Carolina
PLANT-00425,gillenia stipulata,Ohio
PLANT-00425,gillenia stipulata,Oklahoma
PLANT-00425,gillenia stipulata,Pennsylvania
PLANT-00425,gillenia stipulata,Tennessee
PLANT-00425,gillenia stipulata,Texas
PLANT-00425,gillenia stipulata,Virginia
PLANT-00425,gillenia stipulata,West Virginia
PLANT-00426,glandularia canadensis,Alabama
PLANT-00426,glandularia canadensis,Arkansas
PLANT-00426,glandularia canadensis,Colorado
PLANT-00426,glandularia canadensis,Connecticut
PLANT-00426,glandularia canadensis,Florida
PLANT-00426,glandularia canadensis,Georgia
PLANT-00426,glandularia canadensis,Illinois
PLANT-00426,glandularia canadensis,Indiana
PLANT-00426,glandularia canadensis,Iowa
PLANT-00426,glandularia canadensis,Kansas
PLANT-00426,glandularia canadensis,Kentucky
PLANT-00426,glandularia canadensis,Louisiana
PLANT-00426,glandularia canadensis,Michigan
PLANT-00426,glandularia canadensis,Minnesota
PLANT-00426,glandularia canadensis,Mississippi
PLANT-00426,glandularia canadensis,Missouri
PLANT-00426,glandularia canadensis,Nebraska
PLANT-00426,glandularia canadensis,New Mexico
PLANT-00426,glandularia canadensis,New York
PLANT-00426,glandularia canadensis,North Carolina
PLANT-00426,glandularia canadensis,Ohio
PLANT-00426,glandularia canadensis,Oklahoma
PLANT-00426,glandularia canadensis,Pennsylvania
PLANT-00426,glandularia canadensis,South Carolina
PLANT-00426,glandularia canadensis,Tennessee
PLANT-00426,glandularia canadensis,Texas
PLANT-00426,glandularia canadensis,Virginia
PLANT-00426,glandularia canadensis,West Virginia
PLANT-00426,glandularia canadensis,Wisconsin
PLANT-00427,gleditsia triacanthos,Alabama
PLANT-00427,gleditsia triacanthos,Arkansas
PLANT-00427,gleditsia triacanthos,Delaware
PLANT-00427,gleditsia triacanthos,Florida
PLANT-00427,gleditsia triacanthos,Georgia
PLANT-00427,gleditsia triacanthos,Illinois
PLANT-00427,gleditsia triacanthos,Indiana
PLANT-00427,gleditsia triacanthos,Iowa
PLANT-00427,gleditsia triacanthos,Kansas
PLANT-00427,gleditsia triacanthos,Kentucky
PLANT-00427,gleditsia triacanthos,Louisiana
PLANT-00427,gleditsia triacanthos,Maryland
PLANT-00427,gleditsia triacanthos,Michigan
PLANT-00427,gleditsia triacanthos,Minnesota
PLANT-00427,gleditsia triacanthos,Mississippi
PLANT-00427,gleditsia triacanthos,Missouri
PLANT-00427,gleditsia triacanthos,Nebraska
PLANT-00427,gleditsia triacanthos,North Carolina
PLANT-00427,gleditsia triacanthos,North Dakota
PLANT-00427,gleditsia triacanthos,Ohio
PLANT-00427,gleditsia triacanthos,Oklahoma
PLANT-00427,gleditsia triacanthos,Pennsylvania
PLANT-00427,gleditsia triacanthos,South Carolina
PLANT-00427,gleditsia triacanthos,South Dakota
PLANT-00427,gleditsia triacanthos,Tennessee
PLANT-00427,gleditsia triacanthos,Texas
PLANT-00427,gleditsia triacanthos,Virginia
PLANT-00427,gleditsia triacanthos,West Virginia
PLANT-00427,gleditsia triacanthos,Wisconsin
PLANT-00428,gomphrena haageana,New Mexico
PLANT-00428,gomphrena haageana,Texas
PLANT-00429,goodyera pubescens,Alabama
PLANT-00429,goodyera pubescens,Arkansas
PLANT-00429,goodyera pubescens,Connecticut
PLANT-00429,goodyera pubescens,Delaware
PLANT-00429,goodyera pubescens,Florida
PLANT-00429,goodyera pubescens,Georgia
PLANT-00429,goodyera pubescens,Indiana
PLANT-00429,goodyera pubescens,Kentucky
PLANT-00429,goodyera pubescens,Maine
PLANT-00429,goodyera pubescens,Maryland
PLANT-00429,goodyera pubescens,Massachusetts
PLANT-00429,goodyera pubescens,Michigan
PLANT-00429,goodyera pubescens,Mississippi
PLANT-00429,goodyera pubescens,Missouri
PLANT-00429,goodyera pubescens,New Hampshire
PLANT-00429,goodyera pubescens,New Jersey
PLANT-00429,goodyera pubescens,New York
PLANT-00429,goodyera pubescens,North Carolina
PLANT-00429,goodyera pubescens,Ohio
PLANT-00429,goodyera pubescens,Oklahoma
PLANT-00429,goodyera pubescens,Pennsylvania
PLANT-00429,goodyera pubescens,Rhode Island
PLANT-00429,goodyera pubescens,South Carolina
PLANT-00429,goodyera pubescens,Tennessee
PLANT-00429,goodyera pubescens,Vermont
PLANT-00429,goodyera pubescens,Virginia
PLANT-00429,goodyera pubescens,West Virginia
PLANT-00430,grindelia lanceolata,Alabama
PLANT-00430,grindelia lanceolata,Arkansas
PLANT-00430,grindelia lanceolata,Connecticut
PLANT-00430,grindelia lanceolata,Kansas
PLANT-00430,grindelia lanceolata,Kentucky
PLANT-00430,grindelia lanceolata,Louisiana
PLANT-00430,grindelia lanceolata,Mississippi
PLANT-00430,grindelia lanceolata,Missouri
PLANT-00430,grindelia lanceolata,New Mexico
PLANT-00430,grindelia lanceolata,Ohio
PLANT-00430,grindelia lanceolata,Oklahoma
PLANT-00430,grindelia lanceolata,Tennessee
PLANT-00430,grindelia lanceolata,Texas
PLANT-00430,grindelia lanceolata,Virginia
PLANT-00430,grindelia lanceolata,Wisconsin
PLANT-00431,guaiacum sanctum,Florida
PLANT-00432,gymnocladus dioicus,Alabama
PLANT-00432,gymnocladus dioicus,Arkansas
PLANT-00432,gymnocladus dioicus,Connecticut
PLANT-00432,gymnocladus dioicus,Illinois
PLANT-00432,gymnocladus dioicus,Indiana
PLANT-00432,gymnocladus dioicus,Iowa
PLANT-00432,gymnocladus dioicus,Kansas
PLANT-00432,gymnocladus dioicus,Kentucky
PLANT-00432,gymnocladus dioicus,Maryland
PLANT-00432,gymnocladus dioicus,Michigan
PLANT-00432,gymnocladus dioicus,Minnesota
PLANT-00432,gymnocladus dioicus,Mississippi
PLANT-00432,gymnocladus dioicus,Missouri
PLANT-00432,gymnocladus dioicus,Nebraska
PLANT-00432,gymnocladus dioicus,New York
PLANT-00432,gymnocladus dioicus,North Dakota
PLANT-00432,gymnocladus dioicus,Ohio
PLANT-00432,gymnocladus dioicus,Oklahoma
PLANT-00432,gymnocladus dioicus,Pennsylvania
PLANT-00432,gymnocladus dioicus,South Carolina
PLANT-00432,gymnocladus dioicus,South Dakota
PLANT-00432,gymnocladus dioicus,Tennessee
PLANT-00432,gymnocladus dioicus,Texas
PLANT-00432,gymnocladus dioicus,Virginia
PLANT-00432,gymnocladus dioicus,West Virginia
PLANT-00432,gymnocladus dioicus,Wisconsin
PLANT-00433,halesia carolina,Alabama
PLANT-00433,halesia carolina,Arkansas
PLANT-00433,halesia carolina,Florida
PLANT-00433,halesia carolina,Georgia
PLANT-00433,halesia carolina,Illinois
PLANT-00433,halesia carolina,Indiana
PLANT-00433,halesia carolina,Kentucky
PLANT-00433,halesia carolina,Massachusetts
PLANT-00433,halesia carolina,Michigan
PLANT-00433,halesia carolina,Mississippi
PLANT-00433,halesia carolina,New Jersey
PLANT-00433,halesia carolina,New York
PLANT-00433,halesia carolina,North Carolina
PLANT-00433,halesia carolina,Ohio
PLANT-00433,halesia carolina,Oklahoma
PLANT-00433,halesia carolina,Pennsylvania
PLANT-00433,halesia carolina,South Carolina
PLANT-00433,halesia carolina,Tennessee
PLANT-00433,halesia carolina,Virginia
PLANT-00433,halesia carolina,West Virginia
PLANT-00434,halesia diptera,Alabama
PLANT-00434,halesia diptera,Arkansas
PLANT-00434,halesia diptera,Florida
PLANT-00434,halesia diptera,Georgia
PLANT-00434,halesia diptera,Louisiana
PLANT-00434,halesia diptera,Mississippi
PLANT-00434,halesia diptera,South Carolina
PLANT-00434,halesia diptera,Texas
PLANT-00435,halesia monticola,Georgia
PLANT-00435,halesia monticola,Kentucky
PLANT-00435,halesia monticola,North Carolina
PLANT-00435,halesia monticola,Tennessee
PLANT-00436,hamamelis vernalis,Arkansas
PLANT-00436,hamamelis vernalis,Louisiana
PLANT-00436,hamamelis vernalis,Missouri
PLANT-00436,hamamelis vernalis,Oklahoma
PLANT-00436,hamamelis vernalis,Texas
PLANT-00437,hamamelis virginiana,Alabama
PLANT-00437,hamamelis virginiana,Arkansas
PLANT-00437,hamamelis virginiana,Connecticut
PLANT-00437,hamamelis virginiana,Delaware
PLANT-00437,hamamelis virginiana,Florida
PLANT-00437,hamamelis virginiana,Georgia
PLANT-00437,hamamelis virginiana,Illinois
PLANT-00437,hamamelis virginiana,Indiana
PLANT-00437,hamamelis virginiana,Iowa
PLANT-00437,hamamelis virginiana,Kentucky
PLANT-00437,hamamelis virginiana,Louisiana
PLANT-00437,hamamelis virginiana,Maine
PLANT-00437,hamamelis virginiana,Maryland
PLANT-00437,hamamelis virginiana,Massachusetts
PLANT-00437,hamamelis virginiana,Michigan
PLANT-00437,hamamelis virginiana,Minnesota
PLANT-00437,hamamelis virginiana,Mississippi
PLANT-00437,hamamelis virginiana,Missouri
PLANT-00437,hamamelis virginiana,New Hampshire
PLANT-00437,hamamelis virginiana,New Jersey
PLANT-00437,hamamelis virginiana,New York
PLANT-00437,hamamelis virginiana,North Carolina
PLANT-00437,hamamelis virginiana,Ohio
PLANT-00437,hamamelis virginiana,Oklahoma
PLANT-00437,hamamelis virginiana,Pennsylvania
PLANT-00437,hamamelis virginiana,Rhode Island
PLANT-00437,hamamelis virginiana,South Carolina
PLANT-00437,hamamelis virginiana,Tennessee
PLANT-00437,hamamelis virginiana,Texas
PLANT-00437,hamamelis virginiana,Vermont
PLANT-00437,hamamelis virginiana,Virginia
PLANT-00437,hamamelis virginiana,West Virginia
PLANT-00437,hamamelis virginiana,Wisconsin
PLANT-00438,hasteola suaveolens,Connecticut
PLANT-00438,hasteola suaveolens,Georgia
PLANT-00438,hasteola suaveolens,Illinois
PLANT-00438,hasteola suaveolens,Indiana
PLANT-00438,hasteola suaveolens,Iowa
PLANT-00438,hasteola suaveolens,Kentucky
PLANT-00438,hasteola suaveolens,Maine
PLANT-00438,hasteola suaveolens,Maryland
PLANT-00438,hasteola suaveolens,Massachusetts
PLANT-00438,hasteola suaveolens,Minnesota
PLANT-00438,hasteola suaveolens,Missouri
PLANT-00438,hasteola suaveolens,New Jersey
PLANT-00438,hasteola suaveolens,New York
PLANT-00438,hasteola suaveolens,North Carolina
PLANT-00438,hasteola suaveolens,Ohio
PLANT-00438,hasteola suaveolens,Pennsylvania
PLANT-00438,hasteola suaveolens,Rhode Island
PLANT-00438,hasteola suaveolens,Tennessee
PLANT-00438,hasteola suaveolens,Virginia
PLANT-00438,hasteola suaveolens,West Virginia
PLANT-00438,hasteola suaveolens,Wisconsin
PLANT-00439,heimia salicifolia,Arizona
PLANT-00439,heimia salicifolia,California
PLANT-00439,heimia salicifolia,Nevada
PLANT-00439,heimia salicifolia,Utah
PLANT-00440,helenium amarum,Louisiana
PLANT-00440,helenium amarum,New Mexico
PLANT-00440,helenium amarum,Oklahoma
PLANT-00440,helenium amarum,Texas
PLANT-00441,helenium autumnale,Alabama
PLANT-00441,helenium autumnale,Arizona
PLANT-00441,helenium autumnale,Arkansas
PLANT-00441,helenium autumnale,California
PLANT-00441,helenium autumnale,Colorado
PLANT-00441,helenium autumnale,Connecticut
PLANT-00441,helenium autumnale,Delaware
PLANT-00441,helenium autumnale,Florida
PLANT-00441,helenium autumnale,Georgia
PLANT-00441,helenium autumnale,Idaho
PLANT-00441,helenium autumnale,Illinois
PLANT-00441,helenium autumnale,Indiana
PLANT-00441,helenium autumnale,Iowa
PLANT-00441,helenium autumnale,Kansas
PLANT-00441,helenium autumnale,Kentucky
PLANT-00441,helenium autumnale,Louisiana
PLANT-00441,helenium autumnale,Maine
PLANT-00441,helenium autumnale,Maryland
PLANT-00441,helenium autumnale,Massachusetts
PLANT-00441,helenium autumnale,Michigan
PLANT-00441,helenium autumnale,Minnesota
PLANT-00441,helenium autumnale,Mississippi
PLANT-00441,helenium autumnale,Missouri
PLANT-00441,helenium autumnale,Montana
PLANT-00441,helenium autumnale,Nebraska
PLANT-00441,helenium autumnale,Nevada
PLANT-00441,helenium autumnale,New Jersey
PLANT-00441,helenium autumnale,New Mexico
PLANT-00441,helenium autumnale,New York
PLANT-00441,helenium autumnale,North Carolina
PLANT-00441,helenium autumnale,North Dakota
PLANT-00441,helenium autumnale,Ohio
PLANT-00441,helenium autumnale,Oklahoma
PLANT-00441,helenium autumnale,Oregon
PLANT-00441,helenium autumnale,Pennsylvania
PLANT-00441,helenium autumnale,Rhode Island
PLANT-00441,helenium autumnale,South Carolina
PLANT-00441,helenium autumnale,South Dakota
PLANT-00441,helenium autumnale,Tennessee
PLANT-00441,helenium autumnale,Texas
PLANT-00441,helenium autumnale,Utah
PLANT-00441,helenium autumnale,Vermont
PLANT-00441,helenium autumnale,Virginia
PLANT-00441,helenium autumnale,Washington
PLANT-00441,helenium autumnale,West Virginia
PLANT-00441,helenium autumnale,Wisconsin
PLANT-00441,helenium autumnale,Wyoming
PLANT-00442,helenium flexuosum,Alabama
PLANT-00442,helenium flexuosum,Arkansas
PLANT-00442,helenium flexuosum,Connecticut
PLANT-00442,helenium flexuosum,Delaware
PLANT-00442,helenium flexuosum,Florida
PLANT-00442,helenium flexuosum,Georgia
PLANT-00442,helenium flexuosum,Illinois
PLANT-00442,helenium flexuosum,Indiana
PLANT-00442,helenium flexuosum,Kansas
PLANT-00442,helenium flexuosum,Kentucky
PLANT-00442,helenium flexuosum,Louisiana
PLANT-00442,helenium flexuosum,Maine
PLANT-00442,helenium flexuosum,Maryland
PLANT-00442,helenium flexuosum,Massachusetts
PLANT-00442,helenium flexuosum,Michigan
PLANT-00442,helenium flexuosum,Minnesota
PLANT-00442,helenium flexuosum,Mississippi
PLANT-00442,helenium flexuosum,Missouri
PLANT-00442,helenium flexuosum,New Hampshire
PLANT-00442,helenium flexuosum,New Jersey
PLANT-00442,helenium flexuosum,New York
PLANT-00442,helenium flexuosum,North Carolina
PLANT-00442,helenium flexuosum,Ohio
PLANT-00442,helenium flexuosum,Oklahoma
PLANT-00442,helenium flexuosum,Pennsylvania
PLANT-00442,helenium flexuosum,Rhode Island
PLANT-00442,helenium flexuosum,South Carolina
PLANT-00442,helenium flexuosum,Tennessee
PLANT-00442,helenium flexuosum,Texas
PLANT-00442,helenium flexuosum,Vermont
PLANT-00442,helenium flexuosum,Virginia
PLANT-00442,helenium flexuosum,West Virginia
PLANT-00442,helenium flexuosum,Wisconsin
PLANT-00443,helenium virginicum,Missouri
PLANT-00443,helenium virginicum,Virginia
PLANT-00444,helianthella quinquenervis,Arizona
PLANT-00444,helianthella quinquenervis,Colorado
PLANT-00444,helianthella quinquenervis,Idaho
PLANT-00444,helianthella quinquenervis,Montana
PLANT-00444,helianthella quinquenervis,Nevada
PLANT-00444,helianthella quinquenervis,New Mexico
PLANT-00444,helianthella quinquenervis,Oregon
PLANT-00444,helianthella quinquenervis,South Dakota
PLANT-00444,helianthella quinquenervis,Utah
PLANT-00444,helianthella quinquenervis,Wyoming
PLANT-00445,helianthus annuus,Alaska
PLANT-00445,helianthus annuus,Arizona
PLANT-00445,helianthus annuus,Arkansas
PLANT-00445,helianthus annuus,California
PLANT-00445,helianthus annuus,Colorado
PLANT-00445,helianthus annuus,Indiana
PLANT-00445,helianthus annuus,Kansas
PLANT-00445,helianthus annuus,Louisiana
PLANT-00445,helianthus annuus,Massachusetts
PLANT-00445,helianthus annuus,Missouri
PLANT-00445,helianthus annuus,Nevada
PLANT-00445,helianthus annuus,New Jersey
PLANT-00445,helianthus annuus,New York
PLANT-00445,helianthus annuus,North Carolina
PLANT-00445,helianthus annuus,Ohio
PLANT-00445,helianthus annuus,Oklahoma
PLANT-00445,helianthus annuus,Oregon
PLANT-00445,helianthus annuus,Rhode Island
PLANT-00445,helianthus annuus,South Carolina
PLANT-00445,helianthus annuus,South Dakota
PLANT-00445,helianthus annuus,Washington
PLANT-00445,helianthus annuus,Wisconsin
PLANT-00446,helianthus divaricatus,Alabama
PLANT-00446,helianthus divaricatus,Arkansas
PLANT-00446,helianthus divaricatus,Connecticut
PLANT-00446,helianthus divaricatus,Delaware
PLANT-00446,helianthus divaricatus,Florida
PLANT-00446,helianthus divaricatus,Georgia
PLANT-00446,helianthus divaricatus,Illinois
PLANT-00446,helianthus divaricatus,Indiana
PLANT-00446,helianthus divaricatus,Iowa
PLANT-00446,helianthus divaricatus,Kentucky
PLANT-00446,helianthus divaricatus,Louisiana
PLANT-00446,helianthus divaricatus,Maine
PLANT-00446,helianthus divaricatus,Maryland
PLANT-00446,helianthus divaricatus,Massachusetts
PLANT-00446,helianthus divaricatus,Michigan
PLANT-00446,helianthus divaricatus,Mississippi
PLANT-00446,helianthus divaricatus,Missouri
PLANT-00446,helianthus divaricatus,New Hampshire
PLANT-00446,helianthus divaricatus,New Jersey
PLANT-00446,helianthus divaricatus,New York
PLANT-00446,helianthus divaricatus,North Carolina
PLANT-00446,helianthus divaricatus,Ohio
PLANT-00446,helianthus divaricatus,Oklahoma
PLANT-00446,helianthus divaricatus,Pennsylvania
PLANT-00446,helianthus divaricatus,Rhode Island
PLANT-00446,helianthus divaricatus,South Carolina
PLANT-00446,helianthus divaricatus,Tennessee
PLANT-00446,helianthus divaricatus,Vermont
PLANT-00446,helianthus divaricatus,Virginia
PLANT-00446,helianthus divaricatus,West Virginia
PLANT-00446,helianthus divaricatus,Wisconsin
PLANT-00447,helianthus maximiliani,Alabama
PLANT-00447,helianthus maximiliani,Arkansas
PLANT-00447,helianthus maximiliani,California
PLANT-00447,helianthus maximiliani,Colorado
PLANT-00447,helianthus maximiliani,Connecticut
PLANT-00447,helianthus maximiliani,Idaho
PLANT-00447,helianthus maximiliani,Illinois
PLANT-00447,helianthus maximiliani,Indiana
PLANT-00447,helianthus maximiliani,Iowa
PLANT-00447,helianthus maximiliani,Kansas
PLANT-00447,helianthus maximiliani,Kentucky
PLANT-00447,helianthus maximiliani,Maine
PLANT-00447,helianthus maximiliani,Maryland
PLANT-00447,helianthus maximiliani,Massachusetts
PLANT-00447,helianthus maximiliani,Michigan
PLANT-00447,helianthus maximiliani,Minnesota
PLANT-00447,helianthus maximiliani,Mississippi
PLANT-00447,helianthus maximiliani,Missouri
PLANT-00447,helianthus maximiliani,Montana
PLANT-00447,helianthus maximiliani,Nebraska
PLANT-00447,helianthus maximiliani,New Jersey
PLANT-00447,helianthus maximiliani,New Mexico
PLANT-00447,helianthus maximiliani,New York
PLANT-00447,helianthus maximiliani,North Carolina
PLANT-00447,helianthus maximiliani,North Dakota
PLANT-00447,helianthus maximiliani,Ohio
PLANT-00447,helianthus maximiliani,Oklahoma
PLANT-00447,helianthus maximiliani,Pennsylvania
PLANT-00447,helianthus maximiliani,South Carolina
PLANT-00447,helianthus maximiliani,South Dakota
PLANT-00447,helianthus maximiliani,Tennessee
PLANT-00447,helianthus maximiliani,Texas
PLANT-00447,helianthus maximiliani,Virginia
PLANT-00447,helianthus maximiliani,Washington
PLANT-00447,helianthus maximiliani,West Virginia
PLANT-00447,helianthus maximiliani,Wisconsin
PLANT-00447,helianthus maximiliani,Wyoming
PLANT-00448,helianthus mollis,Alabama
PLANT-00448,helianthus mollis,Arkansas
PLANT-00448,helianthus mollis,Connecticut
PLANT-00448,helianthus mollis,Delaware
PLANT-00448,helianthus mollis,Georgia
PLANT-00448,helianthus mollis,Illinois
PLANT-00448,helianthus mollis,Indiana
PLANT-00448,helianthus mollis,Iowa
PLANT-00448,helianthus mollis,Kansas
PLANT-00448,helianthus mollis,Kentucky
PLANT-00448,helianthus mollis,Louisiana
PLANT-00448,helianthus mollis,Maine
PLANT-00448,helianthus mollis,Maryland
PLANT-00448,helianthus mollis,Massachusetts
PLANT-00448,helianthus mollis,Michigan
PLANT-00448,helianthus mollis,Mississippi
PLANT-00448,helianthus mollis,Missouri
PLANT-00448,helianthus mollis,Nebraska
PLANT-00448,helianthus mollis,New Jersey
PLANT-00448,helianthus mollis,New York
PLANT-00448,helianthus mollis,North Carolina
PLANT-00448,helianthus mollis,Ohio
PLANT-00448,helianthus mollis,Oklahoma
PLANT-00448,helianthus mollis,Pennsylvania
PLANT-00448,helianthus mollis,Rhode Island
PLANT-00448,helianthus mollis,South Carolina
PLANT-00448,helianthus mollis,Tennessee
PLANT-00448,helianthus mollis,Texas
PLANT-00448,helianthus mollis,Virginia
PLANT-00448,helianthus mollis,West Virginia
PLANT-00448,helianthus mollis,Wisconsin
PLANT-00449,helianthus occidentalis,Arkansas
PLANT-00449,helianthus occidentalis,Florida
PLANT-00449,helianthus occidentalis,Georgia
PLANT-00449,helianthus occidentalis,Illinois
PLANT-00449,helianthus occidentalis,Indiana
PLANT-00449,helianthus occidentalis,Iowa
PLANT-00449,helianthus occidentalis,Kansas
PLANT-00449,helianthus occidentalis,Kentucky
PLANT-00449,helianthus occidentalis,Louisiana
PLANT-00449,helianthus occidentalis,Maryland
PLANT-00449,helianthus occidentalis,Michigan
PLANT-00449,helianthus occidentalis,Minnesota
PLANT-00449,helianthus occidentalis,Missouri
PLANT-00449,helianthus occidentalis,Nebraska
PLANT-00449,helianthus occidentalis,New Jersey
PLANT-00449,helianthus occidentalis,North Carolina
PLANT-00449,helianthus occidentalis,Ohio
PLANT-00449,helianthus occidentalis,Pennsylvania
PLANT-00449,helianthus occidentalis,Tennessee
PLANT-00449,helianthus occidentalis,Texas
PLANT-00449,helianthus occidentalis,Virginia
PLANT-00449,helianthus occidentalis,West Virginia
PLANT-00449,helianthus occidentalis,Wisconsin
PLANT-00450,helianthus salicifolius,Kansas
PLANT-00450,helianthus salicifolius,Missouri
PLANT-00450,helianthus salicifolius,Nebraska
PLANT-00450,helianthus salicifolius,Oklahoma
PLANT-00450,helianthus salicifolius,Texas
PLANT-00451,helianthus silphioides,Alabama
PLANT-00451,helianthus silphioides,Arkansas
PLANT-00451,helianthus silphioides,Illinois
PLANT-00451,helianthus silphioides,Kentucky
PLANT-00451,helianthus silphioides,Louisiana
PLANT-00451,helianthus silphioides,Mississippi
PLANT-00451,helianthus silphioides,Missouri
PLANT-00451,helianthus silphioides,Oklahoma
PLANT-00451,helianthus silphioides,Tennessee
PLANT-00452,helianthus tuberosus,Alabama
PLANT-00452,helianthus tuberosus,Arkansas
PLANT-00452,helianthus tuberosus,California
PLANT-00452,helianthus tuberosus,Colorado
PLANT-00452,helianthus tuberosus,Connecticut
PLANT-00452,helianthus tuberosus,Delaware
PLANT-00452,helianthus tuberosus,Florida
PLANT-00452,helianthus tuberosus,Idaho
PLANT-00452,helianthus tuberosus,Illinois
PLANT-00452,helianthus tuberosus,Indiana
PLANT-00452,helianthus tuberosus,Iowa
PLANT-00452,helianthus tuberosus,Kansas
PLANT-00452,helianthus tuberosus,Louisiana
PLANT-00452,helianthus tuberosus,Maine
PLANT-00452,helianthus tuberosus,Maryland
PLANT-00452,helianthus tuberosus,Massachusetts
PLANT-00452,helianthus tuberosus,Michigan
PLANT-00452,helianthus tuberosus,Minnesota
PLANT-00452,helianthus tuberosus,Missouri
PLANT-00452,helianthus tuberosus,Montana
PLANT-00452,helianthus tuberosus,Nebraska
PLANT-00452,helianthus tuberosus,New Jersey
PLANT-00452,helianthus tuberosus,New York
PLANT-00452,helianthus tuberosus,North Carolina
PLANT-00452,helianthus tuberosus,Ohio
PLANT-00452,helianthus tuberosus,Oklahoma
PLANT-00452,helianthus tuberosus,Oregon
PLANT-00452,helianthus tuberosus,Rhode Island
PLANT-00452,helianthus tuberosus,South Carolina
PLANT-00452,helianthus tuberosus,South Dakota
PLANT-00452,helianthus tuberosus,Texas
PLANT-00452,helianthus tuberosus,Utah
PLANT-00452,helianthus tuberosus,Vermont
PLANT-00452,helianthus tuberosus,Virginia
PLANT-00452,helianthus tuberosus,Washington
PLANT-00452,helianthus tuberosus,West Virginia
PLANT-00452,helianthus tuberosus,Wisconsin
PLANT-00452,helianthus tuberosus,Wyoming
PLANT-00453,heliopsis helianthoides,Alabama
PLANT-00453,heliopsis helianthoides,Arkansas
PLANT-00453,heliopsis helianthoides,Colorado
PLANT-00453,heliopsis helianthoides,Connecticut
PLANT-00453,heliopsis helianthoides,Delaware
PLANT-00453,heliopsis helianthoides,Florida
PLANT-00453,heliopsis helianthoides,Georgia
PLANT-00453,heliopsis helianthoides,Illinois
PLANT-00453,heliopsis helianthoides,Indiana
PLANT-00453,heliopsis helianthoides,Iowa
PLANT-00453,heliopsis helianthoides,Kansas
PLANT-00453,heliopsis helianthoides,Kentucky
PLANT-00453,heliopsis helianthoides,Louisiana
PLANT-00453,heliopsis helianthoides,Maine
PLANT-00453,heliopsis helianthoides,Maryland
PLANT-00453,heliopsis helianthoides,Massachusetts
PLANT-00453,heliopsis helianthoides,Michigan
PLANT-00453,heliopsis helianthoides,Minnesota
PLANT-00453,heliopsis helianthoides,Mississippi
PLANT-00453,heliopsis helianthoides,Missouri
PLANT-00453,heliopsis helianthoides,Nebraska
PLANT-00453,heliopsis helianthoides,New Hampshire
PLANT-00453,heliopsis helianthoides,New Jersey
PLANT-00453,heliopsis helianthoides,New Mexico
PLANT-00453,heliopsis helianthoides,New York
PLANT-00453,heliopsis helianthoides,North Carolina
PLANT-00453,heliopsis helianthoides,North Dakota
PLANT-00453,heliopsis helianthoides,Ohio
PLANT-00453,heliopsis helianthoides,Oklahoma
PLANT-00453,heliopsis helianthoides,Pennsylvania
PLANT-00453,heliopsis helianthoides,Rhode Island
PLANT-00453,heliopsis helianthoides,South Carolina
PLANT-00453,heliopsis helianthoides,South Dakota
PLANT-00453,heliopsis helianthoides,Tennessee
PLANT-00453,heliopsis helianthoides,Texas
PLANT-00453,heliopsis helianthoides,Vermont
PLANT-00453,heliopsis helianthoides,Virginia
PLANT-00453,heliopsis helianthoides,Washington
PLANT-00453,heliopsis helianthoides,West Virginia
PLANT-00453,heliopsis helianthoides,Wisconsin
PLANT-00454,heliopsis helianthoides var. scabra,Arkansas
PLANT-00454,heliopsis helianthoides var. scabra,Colorado
PLANT-00454,heliopsis helianthoides var. scabra,Connecticut
PLANT-00454,heliopsis helianthoides var. scabra,Illinois
PLANT-00454,heliopsis helianthoides var. scabra,Indiana
PLANT-00454,heliopsis helianthoides var. scabra,Iowa
PLANT-00454,heliopsis helianthoides var. scabra,Kansas
PLANT-00454,heliopsis helianthoides var. scabra,Kentucky
PLANT-00454,heliopsis helianthoides var. scabra,Louisiana
PLANT-00454,heliopsis helianthoides var. scabra,Maine
PLANT-00454,heliopsis helianthoides var. scabra,Massachusetts
PLANT-00454,heliopsis helianthoides var. scabra,Michigan
PLANT-00454,heliopsis helianthoides var. scabra,Minnesota
PLANT-00454,heliopsis helianthoides var. scabra,Missouri
PLANT-00454,heliopsis helianthoides var. scabra,Nebraska
PLANT-00454,heliopsis helianthoides var. scabra,New Hampshire
PLANT-00454,heliopsis helianthoides var. scabra,New Mexico
PLANT-00454,heliopsis helianthoides var. scabra,North Dakota
PLANT-00454,heliopsis helianthoides var. scabra,Ohio
PLANT-00454,heliopsis helianthoides var. scabra,Oklahoma
PLANT-00454,heliopsis helianthoides var. scabra,Rhode Island
PLANT-00454,heliopsis helianthoides var. scabra,South Dakota
PLANT-00454,heliopsis helianthoides var. scabra,Texas
PLANT-00454,heliopsis helianthoides var. scabra,Vermont
PLANT-00454,heliopsis helianthoides var. scabra,Wisconsin
PLANT-00455,hesperaloe parviflora,Texas
PLANT-00456,heterotheca camporum,Arkansas
PLANT-00456,heterotheca camporum,Illinois
PLANT-00456,heterotheca camporum,Indiana
PLANT-00456,heterotheca camporum,Missouri
PLANT-00457,heuchera americana,Alabama
PLANT-00457,heuchera americana,Arkansas
PLANT-00457,heuchera americana,Connecticut
PLANT-00457,heuchera americana,Delaware
PLANT-00457,heuchera americana,Georgia
PLANT-00457,heuchera americana,Illinois
PLANT-00457,heuchera americana,Indiana
PLANT-00457,heuchera americana,Kentucky
PLANT-00457,heuchera americana,Louisiana
PLANT-00457,heuchera americana,Maryland
PLANT-00457,heuchera americana,Michigan
PLANT-00457,heuchera americana,Mississippi
PLANT-00457,heuchera americana,Missouri
PLANT-00457,heuchera americana,New Jersey
PLANT-00457,heuchera americana,New York
PLANT-00457,heuchera americana,North Carolina
PLANT-00457,heuchera americana,Ohio
PLANT-00457,heuchera americana,Oklahoma
PLANT-00457,heuchera americana,Pennsylvania
PLANT-00457,heuchera americana,South Carolina
PLANT-00457,heuchera americana,Tennessee
PLANT-00457,heuchera americana,Virginia
PLANT-00457,heuchera americana,West Virginia
PLANT-00458,heuchera cylindrica,California
PLANT-00458,heuchera cylindrica,Idaho
PLANT-00458,heuchera cylindrica,Montana
PLANT-00458,heuchera cylindrica,Nevada
PLANT-00458,heuchera cylindrica,New Mexico
PLANT-00458,heuchera cylindrica,Oregon
PLANT-00458,heuchera cylindrica,Washington
PLANT-00458,heuchera cylindrica,Wyoming
PLANT-00459,heuchera parviflora,Alabama
PLANT-00459,heuchera parviflora,Georgia
PLANT-00459,heuchera parviflora,Illinois
PLANT-00459,heuchera parviflora,Indiana
PLANT-00459,heuchera parviflora,Kentucky
PLANT-00459,heuchera parviflora,Mississippi
PLANT-00459,heuchera parviflora,Missouri
PLANT-00459,heuchera parviflora,North Carolina
PLANT-00459,heuchera parviflora,Ohio
PLANT-00459,heuchera parviflora,South Carolina
PLANT-00459,heuchera parviflora,Tennessee
PLANT-00459,heuchera parviflora,Virginia
PLANT-00459,heuchera parviflora,West Virginia
PLANT-00460,heuchera parviflora var. puberula,Arkansas
PLANT-00460,heuchera parviflora var. puberula,Illinois
PLANT-00460,heuchera parviflora var. puberula,Indiana
PLANT-00460,heuchera parviflora var. puberula,Kentucky
PLANT-00460,heuchera parviflora var. puberula,Missouri
PLANT-00460,heuchera parviflora var. puberula,Tennessee
PLANT-00461,heuchera richardsonii,Colorado
PLANT-00461,heuchera richardsonii,Illinois
PLANT-00461,heuchera richardsonii,Indiana
PLANT-00461,heuchera richardsonii,Iowa
PLANT-00461,heuchera richardsonii,Kansas
PLANT-00461,heuchera richardsonii,Michigan
PLANT-00461,heuchera richardsonii,Minnesota
PLANT-00461,heuchera richardsonii,Missouri
PLANT-00461,heuchera richardsonii,Montana
PLANT-00461,heuchera richardsonii,Nebraska
PLANT-00461,heuchera richardsonii,North Dakota
PLANT-00461,heuchera richardsonii,Oklahoma
PLANT-00461,heuchera richardsonii,South Dakota
PLANT-00461,heuchera richardsonii,Wisconsin
PLANT-00461,heuchera richardsonii,Wyoming
PLANT-00462,heuchera sanguinea,Arizona
PLANT-00462,heuchera sanguinea,New Mexico
PLANT-00463,heuchera villosa,Alabama
PLANT-00463,heuchera villosa,Arkansas
PLANT-00463,heuchera villosa,Georgia
PLANT-00463,heuchera villosa,Indiana
PLANT-00463,heuchera villosa,Kentucky
PLANT-00463,heuchera villosa,Mississippi
PLANT-00463,heuchera villosa,Missouri
PLANT-00463,heuchera villosa,New York
PLANT-00463,heuchera villosa,North Carolina
PLANT-00463,heuchera villosa,Ohio
PLANT-00463,heuchera villosa,South Carolina
PLANT-00463,heuchera villosa,Tennessee
PLANT-00463,heuchera villosa,Virginia
PLANT-00463,heuchera villosa,West Virginia
PLANT-00464,hibiscus coccineus,Alabama
PLANT-00464,hibiscus coccineus,Arkansas
PLANT-00464,hibiscus coccineus,Florida
PLANT-00464,hibiscus coccineus,Georgia
PLANT-00464,hibiscus coccineus,Louisiana
PLANT-00464,hibiscus coccineus,Mississippi
PLANT-00464,hibiscus coccineus,North Carolina
PLANT-00464,hibiscus coccineus,South Carolina
PLANT-00464,hibiscus coccineus,Virginia
PLANT-00465,hibiscus dasycalyx,Texas
PLANT-00466,hibiscus laevis,Alabama
PLANT-00466,hibiscus laevis,Arkansas
PLANT-00466,hibiscus laevis,Florida
PLANT-00466,hibiscus laevis,Georgia
PLANT-00466,hibiscus laevis,Illinois
PLANT-00466,hibiscus laevis,Indiana
PLANT-00466,hibiscus laevis,Iowa
PLANT-00466,hibiscus laevis,Kansas
PLANT-00466,hibiscus laevis,Kentucky
PLANT-00466,hibiscus laevis,Louisiana
PLANT-00466,hibiscus laevis,Maryland
PLANT-00466,hibiscus laevis,Michigan
PLANT-00466,hibiscus laevis,Minnesota
PLANT-00466,hibiscus laevis,Mississippi
PLANT-00466,hibiscus laevis,Missouri
PLANT-00466,hibiscus laevis,Nebraska
PLANT-00466,hibiscus laevis,New York
PLANT-00466,hibiscus laevis,North Carolina
PLANT-00466,hibiscus laevis,Ohio
PLANT-00466,hibiscus laevis,Oklahoma
PLANT-00466,hibiscus laevis,Pennsylvania
PLANT-00466,hibiscus laevis,South Carolina
PLANT-00466,hibiscus laevis,Tennessee
PLANT-00466,hibiscus laevis,Texas
PLANT-00466,hibiscus laevis,Virginia
PLANT-00466,hibiscus laevis,West Virginia
PLANT-00466,hibiscus laevis,Wisconsin
PLANT-00467,hibiscus lasiocarpos,Alabama
PLANT-00467,hibiscus lasiocarpos,Arkansas
PLANT-00467,hibiscus lasiocarpos,California
PLANT-00467,hibiscus lasiocarpos,Florida
PLANT-00467,hibiscus lasiocarpos,Georgia
PLANT-00467,hibiscus lasiocarpos,Illinois
PLANT-00467,hibiscus lasiocarpos,Indiana
PLANT-00467,hibiscus lasiocarpos,Kansas
PLANT-00467,hibiscus lasiocarpos,Kentucky
PLANT-00467,hibiscus lasiocarpos,Louisiana
PLANT-00467,hibiscus lasiocarpos,Mississippi
PLANT-00467,hibiscus lasiocarpos,Missouri
PLANT-00467,hibiscus lasiocarpos,New Mexico
PLANT-00467,hibiscus lasiocarpos,Oklahoma
PLANT-00467,hibiscus lasiocarpos,Tennessee
PLANT-00467,hibiscus lasiocarpos,Texas
PLANT-00467,hibiscus lasiocarpos,Utah
PLANT-00468,hibiscus moscheutos,Alabama
PLANT-00468,hibiscus moscheutos,Arkansas
PLANT-00468,hibiscus moscheutos,California
PLANT-00468,hibiscus moscheutos,Connecticut
PLANT-00468,hibiscus moscheutos,Delaware
PLANT-00468,hibiscus moscheutos,Florida
PLANT-00468,hibiscus moscheutos,Georgia
PLANT-00468,hibiscus moscheutos,Illinois
PLANT-00468,hibiscus moscheutos,Indiana
PLANT-00468,hibiscus moscheutos,Kansas
PLANT-00468,hibiscus moscheutos,Kentucky
PLANT-00468,hibiscus moscheutos,Louisiana
PLANT-00468,hibiscus moscheutos,Maryland
PLANT-00468,hibiscus moscheutos,Massachusetts
PLANT-00468,hibiscus moscheutos,Michigan
PLANT-00468,hibiscus moscheutos,Mississippi
PLANT-00468,hibiscus moscheutos,Missouri
PLANT-00468,hibiscus moscheutos,New Hampshire
PLANT-00468,hibiscus moscheutos,New Jersey
PLANT-00468,hibiscus moscheutos,New Mexico
PLANT-00468,hibiscus moscheutos,New York
PLANT-00468,hibiscus moscheutos,North Carolina
PLANT-00468,hibiscus moscheutos,Ohio
PLANT-00468,hibiscus moscheutos,Oklahoma
PLANT-00468,hibiscus moscheutos,Pennsylvania
PLANT-00468,hibiscus moscheutos,Rhode Island
PLANT-00468,hibiscus moscheutos,South Carolina
PLANT-00468,hibiscus moscheutos,Tennessee
PLANT-00468,hibiscus moscheutos,Texas
PLANT-00468,hibiscus moscheutos,Utah
PLANT-00468,hibiscus moscheutos,Virginia
PLANT-00468,hibiscus moscheutos,West Virginia
PLANT-00468,hibiscus moscheutos,Wisconsin
PLANT-00469,hibiscus moscheutos subsp. palustris,Alabama
PLANT-00469,hibiscus moscheutos subsp. palustris,Connecticut
PLANT-00469,hibiscus moscheutos subsp. palustris,Delaware
PLANT-00469,hibiscus moscheutos subsp. palustris,Florida
PLANT-00469,hibiscus moscheutos subsp. palustris,Georgia
PLANT-00469,hibiscus moscheutos subsp. palustris,Illinois
PLANT-00469,hibiscus moscheutos subsp. palustris,Indiana
PLANT-00469,hibiscus moscheutos subsp. palustris,Kansas
PLANT-00469,hibiscus moscheutos subsp. palustris,Kentucky
PLANT-00469,hibiscus moscheutos subsp. palustris,Louisiana
PLANT-00469,hibiscus moscheutos subsp. palustris,Maryland
PLANT-00469,hibiscus moscheutos subsp. palustris,Massachusetts
PLANT-00469,hibiscus moscheutos subsp. palustris,Michigan
PLANT-00469,hibiscus moscheutos subsp. palustris,Mississippi
PLANT-00469,hibiscus moscheutos subsp. palustris,Missouri
PLANT-00469,hibiscus moscheutos subsp. palustris,New Jersey
PLANT-00469,hibiscus moscheutos subsp. palustris,New Mexico
PLANT-00469,hibiscus moscheutos subsp. palustris,New York
PLANT-00469,hibiscus moscheutos subsp. palustris,North Carolina
PLANT-00469,hibiscus moscheutos subsp. palustris,Ohio
PLANT-00469,hibiscus moscheutos subsp. palustris,Oklahoma
PLANT-00469,hibiscus moscheutos subsp. palustris,Pennsylvania
PLANT-00469,hibiscus moscheutos subsp. palustris,Rhode Island
PLANT-00469,hibiscus moscheutos subsp. palustris,South Carolina
PLANT-00469,hibiscus moscheutos subsp. palustris,Tennessee
PLANT-00469,hibiscus moscheutos subsp. palustris,Texas
PLANT-00469,hibiscus moscheutos subsp. palustris,Utah
PLANT-00469,hibiscus moscheutos subsp. palustris,Virginia
PLANT-00469,hibiscus moscheutos subsp. palustris,West Virginia
PLANT-00469,hibiscus moscheutos subsp. palustris,Wisconsin
PLANT-00470,hibiscus striatus subsp. lambertianus,Texas
PLANT-00471,hibiscus tiliaceus,Hawaii
PLANT-00472,hydrangea arborescens,Alabama
PLANT-00472,hydrangea arborescens,Arkansas
PLANT-00472,hydrangea arborescens,Delaware
PLANT-00472,hydrangea arborescens,Florida
PLANT-00472,hydrangea arborescens,Georgia
PLANT-00472,hydrangea arborescens,Illinois
PLANT-00472,hydrangea arborescens,Indiana
PLANT-00472,hydrangea arborescens,Kentucky
PLANT-00472,hydrangea arborescens,Louisiana
PLANT-00472,hydrangea arborescens,Maryland
PLANT-00472,hydrangea arborescens,Mississippi
PLANT-00472,hydrangea arborescens,Missouri
PLANT-00472,hydrangea arborescens,New Jersey
PLANT-00472,hydrangea arborescens,New York
PLANT-00472,hydrangea arborescens,North Carolina
PLANT-00472,hydrangea arborescens,Ohio
PLANT-00472,hydrangea arborescens,Oklahoma
PLANT-00472,hydrangea arborescens,Pennsylvania
PLANT-00472,hydrangea arborescens,South Carolina
PLANT-00472,hydrangea arborescens,Tennessee
PLANT-00472,hydrangea arborescens,Vermont
PLANT-00472,hydrangea arborescens,Virginia
PLANT-00472,hydrangea arborescens,West Virginia
PLANT-00473,hydrangea barbara,Alabama
PLANT-00474,hydrangea quercifolia,Alabama
PLANT-00474,hydrangea quercifolia,Florida
PLANT-00474,hydrangea quercifolia,Georgia
PLANT-00474,hydrangea quercifolia,Louisiana
PLANT-00474,hydrangea quercifolia,Mississippi
PLANT-00474,hydrangea quercifolia,North Carolina
PLANT-00474,hydrangea quercifolia,South Carolina
PLANT-00474,hydrangea quercifolia,Tennessee
PLANT-00475,hydrastis canadensis,Alabama
PLANT-00475,hydrastis canadensis,Arkansas
PLANT-00475,hydrastis canadensis,Connecticut
PLANT-00475,hydrastis canadensis,Delaware
PLANT-00475,hydrastis canadensis,Georgia
PLANT-00475,hydrastis canadensis,Illinois
PLANT-00475,hydrastis canadensis,Indiana
PLANT-00475,hydrastis canadensis,Iowa
PLANT-00475,hydrastis canadensis,Kansas
PLANT-00475,hydrastis canadensis,Kentucky
PLANT-00475,hydrastis canadensis,Maryland
PLANT-00475,hydrastis canadensis,Massachusetts
PLANT-00475,hydrastis canadensis,Michigan
PLANT-00475,hydrastis canadensis,Minnesota
PLANT-00475,hydrastis canadensis,Mississippi
PLANT-00475,hydrastis canadensis,Missouri
PLANT-00475,hydrastis canadensis,New Jersey
PLANT-00475,hydrastis canadensis,New York
PLANT-00475,hydrastis canadensis,North Carolina
PLANT-00475,hydrastis canadensis,Ohio
PLANT-00475,hydrastis canadensis,Oklahoma
PLANT-00475,hydrastis canadensis,Pennsylvania
PLANT-00475,hydrastis canadensis,Tennessee
PLANT-00475,hydrastis canadensis,Vermont
PLANT-00475,hydrastis canadensis,Virginia
PLANT-00475,hydrastis canadensis,West Virginia
PLANT-00475,hydrastis canadensis,Wisconsin
PLANT-00476,hydrophyllum virginianum,Alabama
PLANT-00476,hydrophyllum virginianum,Arkansas
PLANT-00476,hydrophyllum virginianum,Connecticut
PLANT-00476,hydrophyllum virginianum,Delaware
PLANT-00476,hydrophyllum virginianum,Illinois
PLANT-00476,hydrophyllum virginianum,Indiana
PLANT-00476,hydrophyllum virginianum,Iowa
PLANT-00476,hydrophyllum virginianum,Kansas
PLANT-00476,hydrophyllum virginianum,Kentucky
PLANT-00476,hydrophyllum virginianum,Maryland
PLANT-00476,hydrophyllum virginianum,Massachusetts
PLANT-00476,hydrophyllum virginianum,Michigan
PLANT-00476,hydrophyllum virginianum,Minnesota
PLANT-00476,hydrophyllum virginianum,Missouri
PLANT-00476,hydrophyllum virginianum,Nebraska
PLANT-00476,hydrophyllum virginianum,New Hampshire
PLANT-00476,hydrophyllum virginianum,New Jersey
PLANT-00476,hydrophyllum virginianum,New York
PLANT-00476,hydrophyllum virginianum,North Carolina
PLANT-00476,hydrophyllum virginianum,North Dakota
PLANT-00476,hydrophyllum virginianum,Ohio
PLANT-00476,hydrophyllum virginianum,Oklahoma
PLANT-00476,hydrophyllum virginianum,Pennsylvania
PLANT-00476,hydrophyllum virginianum,South Dakota
PLANT-00476,hydrophyllum virginianum,Tennessee
PLANT-00476,hydrophyllum virginianum,Vermont
PLANT-00476,hydrophyllum virginianum,Virginia
PLANT-00476,hydrophyllum virginianum,West Virginia
PLANT-00476,hydrophyllum virginianum,Wisconsin
PLANT-00477,hymenocallis caroliniana,Alabama
PLANT-00477,hymenocallis caroliniana,Arkansas
PLANT-00477,hymenocallis caroliniana,Florida
PLANT-00477,hymenocallis caroliniana,Georgia
PLANT-00477,hymenocallis caroliniana,Illinois
PLANT-00477,hymenocallis caroliniana,Indiana
PLANT-00477,hymenocallis caroliniana,Kentucky
PLANT-00477,hymenocallis caroliniana,Louisiana
PLANT-00477,hymenocallis caroliniana,Mississippi
PLANT-00477,hymenocallis caroliniana,Missouri
PLANT-00477,hymenocallis caroliniana,North Carolina
PLANT-00477,hymenocallis caroliniana,Oklahoma
PLANT-00477,hymenocallis caroliniana,South Carolina
PLANT-00477,hymenocallis caroliniana,Tennessee
PLANT-00477,hymenocallis caroliniana,Texas
PLANT-00478,hymenocallis latifolia,Florida
PLANT-00479,hypericum buckleyi,Arkansas
PLANT-00479,hypericum buckleyi,Georgia
PLANT-00479,hypericum buckleyi,South Carolina
PLANT-00480,hypericum kalmianum,Illinois
PLANT-00480,hypericum kalmianum,Indiana
PLANT-00480,hypericum kalmianum,Michigan
PLANT-00480,hypericum kalmianum,New York
PLANT-00480,hypericum kalmianum,Ohio
PLANT-00480,hypericum kalmianum,Wisconsin
PLANT-00481,hypericum lissophloeus,Florida
PLANT-00482,hypericum prolificum,Alabama
PLANT-00482,hypericum prolificum,Arkansas
PLANT-00482,hypericum prolificum,Connecticut
PLANT-00482,hypericum prolificum,Delaware
PLANT-00482,hypericum prolificum,Florida
PLANT-00482,hypericum prolificum,Georgia
PLANT-00482,hypericum prolificum,Illinois
PLANT-00482,hypericum prolificum,Indiana
PLANT-00482,hypericum prolificum,Iowa
PLANT-00482,hypericum prolificum,Kentucky
PLANT-00482,hypericum prolificum,Louisiana
PLANT-00482,hypericum prolificum,Maine
PLANT-00482,hypericum prolificum,Maryland
PLANT-00482,hypericum prolificum,Massachusetts
PLANT-00482,hypericum prolificum,Michigan
PLANT-00482,hypericum prolificum,Minnesota
PLANT-00482,hypericum prolificum,Mississippi
PLANT-00482,hypericum prolificum,Missouri
PLANT-00482,hypericum prolificum,New Hampshire
PLANT-00482,hypericum prolificum,New Jersey
PLANT-00482,hypericum prolificum,New York
PLANT-00482,hypericum prolificum,North Carolina
PLANT-00482,hypericum prolificum,Ohio
PLANT-00482,hypericum prolificum,Oklahoma
PLANT-00482,hypericum prolificum,Pennsylvania
PLANT-00482,hypericum prolificum,Rhode Island
PLANT-00482,hypericum prolificum,South Carolina
PLANT-00482,hypericum prolificum,Tennessee
PLANT-00482,hypericum prolificum,Texas
PLANT-00482,hypericum prolificum,Vermont
PLANT-00482,hypericum prolificum,Virginia
PLANT-00482,hypericum prolificum,West Virginia
PLANT-00482,hypericum prolificum,Wisconsin
PLANT-00483,hypericum pyramidatum,Connecticut
PLANT-00483,hypericum pyramidatum,Illinois
PLANT-00483,hypericum pyramidatum,Indiana
PLANT-00483,hypericum pyramidatum,Iowa
PLANT-00483,hypericum pyramidatum,Kansas
PLANT-00483,hypericum pyramidatum,Maryland
PLANT-00483,hypericum pyramidatum,Massachusetts
PLANT-00483,hypericum pyramidatum,Michigan
PLANT-00483,hypericum pyramidatum,Minnesota
PLANT-00483,hypericum pyramidatum,Missouri
PLANT-00483,hypericum pyramidatum,Nebraska
PLANT-00483,hypericum pyramidatum,New Hampshire
PLANT-00483,hypericum pyramidatum,New Jersey
PLANT-00483,hypericum pyramidatum,New York
PLANT-00483,hypericum pyramidatum,Ohio
PLANT-00483,hypericum pyramidatum,Pennsylvania
PLANT-00483,hypericum pyramidatum,Vermont
PLANT-00483,hypericum pyramidatum,West Virginia
PLANT-00483,hypericum pyramidatum,Wisconsin
PLANT-00484,hypericum sphaerocarpum,Alabama
PLANT-00484,hypericum sphaerocarpum,Arkansas
PLANT-00484,hypericum sphaerocarpum,Georgia
PLANT-00484,hypericum sphaerocarpum,Illinois
PLANT-00484,hypericum sphaerocarpum,Indiana
PLANT-00484,hypericum sphaerocarpum,Iowa
PLANT-00484,hypericum sphaerocarpum,Kansas
PLANT-00484,hypericum sphaerocarpum,Kentucky
PLANT-00484,hypericum sphaerocarpum,Michigan
PLANT-00484,hypericum sphaerocarpum,Mississippi
PLANT-00484,hypericum sphaerocarpum,Missouri
PLANT-00484,hypericum sphaerocarpum,Nebraska
PLANT-00484,hypericum sphaerocarpum,Ohio
PLANT-00484,hypericum sphaerocarpum,Oklahoma
PLANT-00484,hypericum sphaerocarpum,Pennsylvania
PLANT-00484,hypericum sphaerocarpum,Tennessee
PLANT-00484,hypericum sphaerocarpum,Texas
PLANT-00484,hypericum sphaerocarpum,Wisconsin
PLANT-00485,ilex decidua,Alabama
PLANT-00485,ilex decidua,Arkansas
PLANT-00485,ilex decidua,Florida
PLANT-00485,ilex decidua,Georgia
PLANT-00485,ilex decidua,Illinois
PLANT-00485,ilex decidua,Indiana
PLANT-00485,ilex decidua,Kansas
PLANT-00485,ilex decidua,Kentucky
PLANT-00485,ilex decidua,Louisiana
PLANT-00485,ilex decidua,Maryland
PLANT-00485,ilex decidua,Missouri
PLANT-00485,ilex decidua,North Carolina
PLANT-00485,ilex decidua,Oklahoma
PLANT-00485,ilex decidua,South Carolina
PLANT-00485,ilex decidua,Tennessee
PLANT-00485,ilex decidua,Texas
PLANT-00485,ilex decidua,Virginia
PLANT-00486,ilex glabra,Alabama
PLANT-00486,ilex glabra,Arkansas
PLANT-00486,ilex glabra,Connecticut
PLANT-00486,ilex glabra,Delaware
PLANT-00486,ilex glabra,Florida
PLANT-00486,ilex glabra,Georgia
PLANT-00486,ilex glabra,Louisiana
PLANT-00486,ilex glabra,Maine
PLANT-00486,ilex glabra,Maryland
PLANT-00486,ilex glabra,Massachusetts
PLANT-00486,ilex glabra,Mississippi
PLANT-00486,ilex glabra,New Hampshire
PLANT-00486,ilex glabra,New Jersey
PLANT-00486,ilex glabra,New York
PLANT-00486,ilex glabra,North Carolina
PLANT-00486,ilex glabra,Pennsylvania
PLANT-00486,ilex glabra,Rhode Island
PLANT-00486,ilex glabra,South Carolina
PLANT-00486,ilex glabra,Texas
PLANT-00486,ilex glabra,Virginia
PLANT-00487,ilex opaca,Alabama
PLANT-00487,ilex opaca,Arkansas
PLANT-00487,ilex opaca,Connecticut
PLANT-00487,ilex opaca,Delaware
PLANT-00487,ilex opaca,Florida
PLANT-00487,ilex opaca,Georgia
PLANT-00487,ilex opaca,Illinois
PLANT-00487,ilex opaca,Indiana
PLANT-00487,ilex opaca,Kentucky
PLANT-00487,ilex opaca,Louisiana
PLANT-00487,ilex opaca,Maine
PLANT-00487,ilex opaca,Maryland
PLANT-00487,ilex opaca,Massachusetts
PLANT-00487,ilex opaca,Mississippi
PLANT-00487,ilex opaca,Missouri
PLANT-00487,ilex opaca,New Jersey
PLANT-00487,ilex opaca,New York
PLANT-00487,ilex opaca,North Carolina
PLANT-00487,ilex opaca,Ohio
PLANT-00487,ilex opaca,Oklahoma
PLANT-00487,ilex opaca,Pennsylvania
PLANT-00487,ilex opaca,Rhode Island
PLANT-00487,ilex opaca,South Carolina
PLANT-00487,ilex opaca,Tennessee
PLANT-00487,ilex opaca,Texas
PLANT-00487,ilex opaca,Virginia
PLANT-00487,ilex opaca,West Virginia
PLANT-00488,ilex verticillata,Alabama
PLANT-00488,ilex verticillata,Arkansas
PLANT-00488,ilex verticillata,Connecticut
PLANT-00488,ilex verticillata,Delaware
PLANT-00488,ilex verticillata,Florida
PLANT-00488,ilex verticillata,Georgia
PLANT-00488,ilex verticillata,Illinois
PLANT-00488,ilex verticillata,Indiana
PLANT-00488,ilex verticillata,Iowa
PLANT-00488,ilex verticillata,Kentucky
PLANT-00488,ilex verticillata,Louisiana
PLANT-00488,ilex verticillata,Maine
PLANT-00488,ilex verticillata,Maryland
PLANT-00488,ilex verticillata,Massachusetts
PLANT-00488,ilex verticillata,Michigan
PLANT-00488,ilex verticillata,Minnesota
PLANT-00488,ilex verticillata,Mississippi
PLANT-00488,ilex verticillata,Missouri
PLANT-00488,ilex verticillata,New Hampshire
PLANT-00488,ilex verticillata,New Jersey
PLANT-00488,ilex verticillata,New York
PLANT-00488,ilex verticillata,North Carolina
PLANT-00488,ilex verticillata,Ohio
PLANT-00488,ilex verticillata,Pennsylvania
PLANT-00488,ilex verticillata,Rhode Island
PLANT-00488,ilex verticillata,South Carolina
PLANT-00488,ilex verticillata,Tennessee
PLANT-00488,ilex verticillata,Texas
PLANT-00488,ilex verticillata,Vermont
PLANT-00488,ilex verticillata,Virginia
PLANT-00488,ilex verticillata,West Virginia
PLANT-00488,ilex verticillata,Wisconsin
PLANT-00489,iliamna remota,Illinois
PLANT-00489,iliamna remota,Indiana
PLANT-00489,iliamna remota,Virginia
PLANT-00489,iliamna remota,Wisconsin
PLANT-00490,illicium floridanum,Alabama
PLANT-00490,illicium floridanum,Florida
PLANT-00490,illicium floridanum,Georgia
PLANT-00490,illicium floridanum,Louisiana
PLANT-00490,illicium floridanum,Mississippi
PLANT-00491,illicium parviflorum,Florida
PLANT-00492,impatiens capensis,Alabama
PLANT-00492,impatiens capensis,Arkansas
PLANT-00492,impatiens capensis,Connecticut
PLANT-00492,impatiens capensis,Delaware
PLANT-00492,impatiens capensis,Florida
PLANT-00492,impatiens capensis,Georgia
PLANT-00492,impatiens capensis,Idaho
PLANT-00492,impatiens capensis,Illinois
PLANT-00492,impatiens capensis,Indiana
PLANT-00492,impatiens capensis,Iowa
PLANT-00492,impatiens capensis,Kansas
PLANT-00492,impatiens capensis,Kentucky
PLANT-00492,impatiens capensis,Louisiana
PLANT-00492,impatiens capensis,Maine
PLANT-00492,impatiens capensis,Maryland
PLANT-00492,impatiens capensis,Massachusetts
PLANT-00492,impatiens capensis,Michigan
PLANT-00492,impatiens capensis,Minnesota
PLANT-00492,impatiens capensis,Mississippi
PLANT-00492,impatiens capensis,Missouri
PLANT-00492,impatiens capensis,Nebraska
PLANT-00492,impatiens capensis,New Hampshire
PLANT-00492,impatiens capensis,New Jersey
PLANT-00492,impatiens capensis,New York
PLANT-00492,impatiens capensis,North Carolina
PLANT-00492,impatiens capensis,North Dakota
PLANT-00492,impatiens capensis,Ohio
PLANT-00492,impatiens capensis,Oklahoma
PLANT-00492,impatiens capensis,Oregon
PLANT-00492,impatiens capensis,Pennsylvania
PLANT-00492,impatiens capensis,Rhode Island
PLANT-00492,impatiens capensis,South Carolina
PLANT-00492,impatiens capensis,South Dakota
PLANT-00492,impatiens capensis,Tennessee
PLANT-00492,impatiens capensis,Texas
PLANT-00492,impatiens capensis,Vermont
PLANT-00492,impatiens capensis,Virginia
PLANT-00492,impatiens capensis,Washington
PLANT-00492,impatiens capensis,West Virginia
PLANT-00492,impatiens capensis,Wisconsin
PLANT-00493,imperata cylindrica,Alabama
PLANT-00493,imperata cylindrica,Florida
PLANT-00493,imperata cylindrica,Georgia
PLANT-00493,imperata cylindrica,Louisiana
PLANT-00493,imperata cylindrica,Mississippi
PLANT-00493,imperata cylindrica,Oregon
PLANT-00493,imperata cylindrica,South Carolina
PLANT-00493,imperata cylindrica,Texas
PLANT-00493,imperata cylindrica,Virginia
PLANT-00494,iodanthus pinnatifidus,Alabama
PLANT-00494,iodanthus pinnatifidus,Arkansas
PLANT-00494,iodanthus pinnatifidus,Illinois
PLANT-00494,iodanthus pinnatifidus,Indiana
PLANT-00494,iodanthus pinnatifidus,Iowa
PLANT-00494,iodanthus pinnatifidus,Kansas
PLANT-00494,iodanthus pinnatifidus,Kentucky
PLANT-00494,iodanthus pinnatifidus,Maryland
PLANT-00494,iodanthus pinnatifidus,Minnesota
PLANT-00494,iodanthus pinnatifidus,Missouri
PLANT-00494,iodanthus pinnatifidus,New Jersey
PLANT-00494,iodanthus pinnatifidus,Ohio
PLANT-00494,iodanthus pinnatifidus,Oklahoma
PLANT-00494,iodanthus pinnatifidus,Pennsylvania
PLANT-00494,iodanthus pinnatifidus,Tennessee
PLANT-00494,iodanthus pinnatifidus,Texas
PLANT-00494,iodanthus pinnatifidus,West Virginia
PLANT-00494,iodanthus pinnatifidus,Wisconsin
PLANT-00495,ionactis linariifolia,Alabama
PLANT-00495,ionactis linariifolia,Arkansas
PLANT-00495,ionactis linariifolia,Connecticut
PLANT-00495,ionactis linariifolia,Delaware
PLANT-00495,ionactis linariifolia,Florida
PLANT-00495,ionactis linariifolia,Georgia
PLANT-00495,ionactis linariifolia,Illinois
PLANT-00495,ionactis linariifolia,Indiana
PLANT-00495,ionactis linariifolia,Iowa
PLANT-00495,ionactis linariifolia,Kansas
PLANT-00495,ionactis linariifolia,Kentucky
PLANT-00495,ionactis linariifolia,Louisiana
PLANT-00495,ionactis linariifolia,Maine
PLANT-00495,ionactis linariifolia,Maryland
PLANT-00495,ionactis linariifolia,Massachusetts
PLANT-00495,ionactis linariifolia,Michigan
PLANT-00495,ionactis linariifolia,Minnesota
PLANT-00495,ionactis linariifolia,Mississippi
PLANT-00495,ionactis linariifolia,Missouri
PLANT-00495,ionactis linariifolia,New Hampshire
PLANT-00495,ionactis linariifolia,New Jersey
PLANT-00495,ionactis linariifolia,New York
PLANT-00495,ionactis linariifolia,North Carolina
PLANT-00495,ionactis linariifolia,Ohio
PLANT-00495,ionactis linariifolia,Oklahoma
PLANT-00495,ionactis linariifolia,Pennsylvania
PLANT-00495,ionactis linariifolia,Rhode Island
PLANT-00495,ionactis linariifolia,South Carolina
PLANT-00495,ionactis linariifolia,Tennessee
PLANT-00495,ionactis linariifolia,Texas
PLANT-00495,ionactis linariifolia,Vermont
PLANT-00495,ionactis linariifolia,Virginia
PLANT-00495,ionactis linariifolia,West Virginia
PLANT-00495,ionactis linariifolia,Wisconsin
PLANT-00496,ipomoea alba,Florida
PLANT-00497,ipomoea pandurata,Alabama
PLANT-00497,ipomoea pandurata,Arkansas
PLANT-00497,ipomoea pandurata,Connecticut
PLANT-00497,ipomoea pandurata,Delaware
PLANT-00497,ipomoea pandurata,Florida
PLANT-00497,ipomoea pandurata,Georgia
PLANT-00497,ipomoea pandurata,Illinois
PLANT-00497,ipomoea pandurata,Indiana
PLANT-00497,ipomoea pandurata,Iowa
PLANT-00497,ipomoea pandurata,Kansas
PLANT-00497,ipomoea pandurata,Kentucky
PLANT-00497,ipomoea pandurata,Louisiana
PLANT-00497,ipomoea pandurata,Maryland
PLANT-00497,ipomoea pandurata,Massachusetts
PLANT-00497,ipomoea pandurata,Michigan
PLANT-00497,ipomoea pandurata,Mississippi
PLANT-00497,ipomoea pandurata,Missouri
PLANT-00497,ipomoea pandurata,Nebraska
PLANT-00497,ipomoea pandurata,New Jersey
PLANT-00497,ipomoea pandurata,New York
PLANT-00497,ipomoea pandurata,North Carolina
PLANT-00497,ipomoea pandurata,Ohio
PLANT-00497,ipomoea pandurata,Oklahoma
PLANT-00497,ipomoea pandurata,Pennsylvania
PLANT-00497,ipomoea pandurata,South Carolina
PLANT-00497,ipomoea pandurata,Tennessee
PLANT-00497,ipomoea pandurata,Texas
PLANT-00497,ipomoea pandurata,Virginia
PLANT-00497,ipomoea pandurata,West Virginia
PLANT-00498,ipomopsis rubra,Alabama
PLANT-00498,ipomopsis rubra,Florida
PLANT-00498,ipomopsis rubra,Louisiana
PLANT-00498,ipomopsis rubra,Mississippi
PLANT-00498,ipomopsis rubra,Oklahoma
PLANT-00498,ipomopsis rubra,Texas
PLANT-00499,iresine rhizomatosa,Alabama
PLANT-00499,iresine rhizomatosa,Arkansas
PLANT-00499,iresine rhizomatosa,Florida
PLANT-00499,iresine rhizomatosa,Georgia
PLANT-00499,iresine rhizomatosa,Illinois
PLANT-00499,iresine rhizomatosa,Indiana
PLANT-00499,iresine rhizomatosa,Kansas
PLANT-00499,iresine rhizomatosa,Kentucky
PLANT-00499,iresine rhizomatosa,Louisiana
PLANT-00499,iresine rhizomatosa,Maryland
PLANT-00499,iresine rhizomatosa,Mississippi
PLANT-00499,iresine rhizomatosa,Missouri
PLANT-00499,iresine rhizomatosa,New Jersey
PLANT-00499,iresine rhizomatosa,North Carolina
PLANT-00499,iresine rhizomatosa,Ohio
PLANT-00499,iresine rhizomatosa,Oklahoma
PLANT-00499,iresine rhizomatosa,Pennsylvania
PLANT-00499,iresine rhizomatosa,South Carolina
PLANT-00499,iresine rhizomatosa,Tennessee
PLANT-00499,iresine rhizomatosa,Texas
PLANT-00499,iresine rhizomatosa,Virginia
PLANT-00500,iris brevicaulis,Alabama
PLANT-00500,iris brevicaulis,Arkansas
PLANT-00500,iris brevicaulis,Florida
PLANT-00500,iris brevicaulis,Georgia
PLANT-00500,iris brevicaulis,Illinois
PLANT-00500,iris brevicaulis,Indiana
PLANT-00500,iris brevicaulis,Kansas
PLANT-00500,iris brevicaulis,Kentucky
PLANT-00500,iris brevicaulis,Louisiana
PLANT-00500,iris brevicaulis,Mississippi
PLANT-00500,iris brevicaulis,Missouri
PLANT-00500,iris brevicaulis,Ohio
PLANT-00500,iris brevicaulis,Oklahoma
PLANT-00500,iris brevicaulis,Tennessee
PLANT-00501,iris cristata,Alabama
PLANT-00501,iris cristata,Arkansas
PLANT-00501,iris cristata,Georgia
PLANT-00501,iris cristata,Illinois
PLANT-00501,iris cristata,Indiana
PLANT-00501,iris cristata,Maryland
PLANT-00501,iris cristata,Mississippi
PLANT-00501,iris cristata,Missouri
PLANT-00501,iris cristata,New York
PLANT-00501,iris cristata,North Carolina
PLANT-00501,iris cristata,Ohio
PLANT-00501,iris cristata,Oklahoma
PLANT-00501,iris cristata,Pennsylvania
PLANT-00501,iris cristata,South Carolina
PLANT-00501,iris cristata,Tennessee
PLANT-00501,iris cristata,Virginia
PLANT-00501,iris cristata,West Virginia
PLANT-00502,iris fulva,Alabama
PLANT-00502,iris fulva,Arkansas
PLANT-00502,iris fulva,Florida
PLANT-00502,iris fulva,Georgia
PLANT-00502,iris fulva,Illinois
PLANT-00502,iris fulva,Kansas
PLANT-00502,iris fulva,Kentucky
PLANT-00502,iris fulva,Louisiana
PLANT-00502,iris fulva,Mississippi
PLANT-00502,iris fulva,Missouri
PLANT-00502,iris fulva,Ohio
PLANT-00502,iris fulva,Tennessee
PLANT-00502,iris fulva,Texas
PLANT-00503,iris hexagona,Florida
PLANT-00503,iris hexagona,South Carolina
PLANT-00504,iris missouriensis,Arizona
PLANT-00504,iris missouriensis,California
PLANT-00504,iris missouriensis,Colorado
PLANT-00504,iris missouriensis,Idaho
PLANT-00504,iris missouriensis,Montana
PLANT-00504,iris missouriensis,Nebraska
PLANT-00504,iris missouriensis,Nevada
PLANT-00504,iris missouriensis,New Mexico
PLANT-00504,iris missouriensis,Oregon
PLANT-00504,iris missouriensis,South Dakota
PLANT-00504,iris missouriensis,Utah
PLANT-00504,iris missouriensis,Washington
PLANT-00504,iris missouriensis,Wyoming
PLANT-00505,iris versicolor,Connecticut
PLANT-00505,iris versicolor,Maine
PLANT-00505,iris versicolor,Maryland
PLANT-00505,iris versicolor,Massachusetts
PLANT-00505,iris versicolor,Michigan
PLANT-00505,iris versicolor,Minnesota
PLANT-00505,iris versicolor,New Hampshire
PLANT-00505,iris versicolor,New Jersey
PLANT-00505,iris versicolor,New York
PLANT-00505,iris versicolor,Ohio
PLANT-00505,iris versicolor,Pennsylvania
PLANT-00505,iris versicolor,Rhode Island
PLANT-00505,iris versicolor,Vermont
PLANT-00505,iris versicolor,Virginia
PLANT-00505,iris versicolor,Wisconsin
PLANT-00506,iris virginica,Alabama
PLANT-00506,iris virginica,Arkansas
PLANT-00506,iris virginica,Florida
PLANT-00506,iris virginica,Georgia
PLANT-00506,iris virginica,Illinois
PLANT-00506,iris virginica,Indiana
PLANT-00506,iris virginica,Iowa
PLANT-00506,iris virginica,Kansas
PLANT-00506,iris virginica,Kentucky
PLANT-00506,iris virginica,Louisiana
PLANT-00506,iris virginica,Maryland
PLANT-00506,iris virginica,Michigan
PLANT-00506,iris virginica,Minnesota
PLANT-00506,iris virginica,Mississippi
PLANT-00506,iris virginica,Missouri
PLANT-00506,iris virginica,Nebraska
PLANT-00506,iris virginica,New York
PLANT-00506,iris virginica,North Carolina
PLANT-00506,iris virginica,Ohio
PLANT-00506,iris virginica,Oklahoma
PLANT-00506,iris virginica,Pennsylvania
PLANT-00506,iris virginica,South Carolina
PLANT-00506,iris virginica,Tennessee
PLANT-00506,iris virginica,Texas
PLANT-00506,iris virginica,Virginia
PLANT-00506,iris virginica,West Virginia
PLANT-00506,iris virginica,Wisconsin
PLANT-00507,iris virginica var. shrevei,Alabama
PLANT-00507,iris virginica var. shrevei,Arkansas
PLANT-00507,iris virginica var. shrevei,Florida
PLANT-00507,iris virginica var. shrevei,Georgia
PLANT-00507,iris virginica var. shrevei,Illinois
PLANT-00507,iris virginica var. shrevei,Indiana
PLANT-00507,iris virginica var. shrevei,Iowa
PLANT-00507,iris virginica var. shrevei,Kansas
PLANT-00507,iris virginica var. shrevei,Kentucky
PLANT-00507,iris virginica var. shrevei,Louisiana
PLANT-00507,iris virginica var. shrevei,Maryland
PLANT-00507,iris virginica var. shrevei,Michigan
PLANT-00507,iris virginica var. shrevei,Minnesota
PLANT-00507,iris virginica var. shrevei,Mississippi
PLANT-00507,iris virginica var. shrevei,Missouri
PLANT-00507,iris virginica var. shrevei,Nebraska
PLANT-00507,iris virginica var. shrevei,New York
PLANT-00507,iris virginica var. shrevei,North Carolina
PLANT-00507,iris virginica var. shrevei,Ohio
PLANT-00507,iris virginica var. shrevei,Oklahoma
PLANT-00507,iris virginica var. shrevei,Pennsylvania
PLANT-00507,iris virginica var. shrevei,South Carolina
PLANT-00507,iris virginica var. shrevei,Tennessee
PLANT-00507,iris virginica var. shrevei,Texas
PLANT-00507,iris virginica var. shrevei,Virginia
PLANT-00507,iris virginica var. shrevei,West Virginia
PLANT-00507,iris virginica var. shrevei,Wisconsin
PLANT-00508,itea virginica,Alabama
PLANT-00508,itea virginica,Arkansas
PLANT-00508,itea virginica,Delaware
PLANT-00508,itea virginica,Florida
PLANT-00508,itea virginica,Georgia
PLANT-00508,itea virginica,Illinois
PLANT-00508,itea virginica,Indiana
PLANT-00508,itea virginica,Kentucky
PLANT-00508,itea virginica,Louisiana
PLANT-00508,itea virginica,Maryland
PLANT-00508,itea virginica,Mississippi
PLANT-00508,itea virginica,Missouri
PLANT-00508,itea virginica,New Jersey
PLANT-00508,itea virginica,North Carolina
PLANT-00508,itea virginica,Oklahoma
PLANT-00508,itea virginica,Pennsylvania
PLANT-00508,itea virginica,South Carolina
PLANT-00508,itea virginica,Tennessee
PLANT-00508,itea virginica,Texas
PLANT-00508,itea virginica,Virginia
PLANT-00509,jatropha multifida,Florida
PLANT-00510,jeffersonia diphylla,Alabama
PLANT-00510,jeffersonia diphylla,Georgia
PLANT-00510,jeffersonia diphylla,Illinois
PLANT-00510,jeffersonia diphylla,Indiana
PLANT-00510,jeffersonia diphylla,Iowa
PLANT-00510,jeffersonia diphylla,Kentucky
PLANT-00510,jeffersonia diphylla,Maryland
PLANT-00510,jeffersonia diphylla,Michigan
PLANT-00510,jeffersonia diphylla,Minnesota
PLANT-00510,jeffersonia diphylla,New Jersey
PLANT-00510,jeffersonia diphylla,New York
PLANT-00510,jeffersonia diphylla,North Carolina
PLANT-00510,jeffersonia diphylla,Ohio
PLANT-00510,jeffersonia diphylla,Pennsylvania
PLANT-00510,jeffersonia diphylla,Tennessee
PLANT-00510,jeffersonia diphylla,Virginia
PLANT-00510,jeffersonia diphylla,West Virginia
PLANT-00510,jeffersonia diphylla,Wisconsin
PLANT-00511,juglans cinerea,Alabama
PLANT-00511,juglans cinerea,Arkansas
PLANT-00511,juglans cinerea,Connecticut
PLANT-00511,juglans cinerea,Delaware
PLANT-00511,juglans cinerea,Georgia
PLANT-00511,juglans cinerea,Illinois
PLANT-00511,juglans cinerea,Indiana
PLANT-00511,juglans cinerea,Iowa
PLANT-00511,juglans cinerea,Kentucky
PLANT-00511,juglans cinerea,Maine
PLANT-00511,juglans cinerea,Maryland
PLANT-00511,juglans cinerea,Massachusetts
PLANT-00511,juglans cinerea,Michigan
PLANT-00511,juglans cinerea,Minnesota
PLANT-00511,juglans cinerea,Mississippi
PLANT-00511,juglans cinerea,Missouri
PLANT-00511,juglans cinerea,New Hampshire
PLANT-00511,juglans cinerea,New Jersey
PLANT-00511,juglans cinerea,New York
PLANT-00511,juglans cinerea,North Carolina
PLANT-00511,juglans cinerea,Ohio
PLANT-00511,juglans cinerea,Pennsylvania
PLANT-00511,juglans cinerea,Rhode Island
PLANT-00511,juglans cinerea,South Carolina
PLANT-00511,juglans cinerea,Tennessee
PLANT-00511,juglans cinerea,Vermont
PLANT-00511,juglans cinerea,Virginia
PLANT-00511,juglans cinerea,West Virginia
PLANT-00511,juglans cinerea,Wisconsin
PLANT-00512,juglans nigra,Alabama
PLANT-00512,juglans nigra,Arkansas
PLANT-00512,juglans nigra,Connecticut
PLANT-00512,juglans nigra,Delaware
PLANT-00512,juglans nigra,Florida
PLANT-00512,juglans nigra,Georgia
PLANT-00512,juglans nigra,Illinois
PLANT-00512,juglans nigra,Indiana
PLANT-00512,juglans nigra,Iowa
PLANT-00512,juglans nigra,Kansas
PLANT-00512,juglans nigra,Kentucky
PLANT-00512,juglans nigra,Louisiana
PLANT-00512,juglans nigra,Maine
PLANT-00512,juglans nigra,Maryland
PLANT-00512,juglans nigra,Massachusetts
PLANT-00512,juglans nigra,Michigan
PLANT-00512,juglans nigra,Minnesota
PLANT-00512,juglans nigra,Mississippi
PLANT-00512,juglans nigra,Missouri
PLANT-00512,juglans nigra,Nebraska
PLANT-00512,juglans nigra,New Hampshire
PLANT-00512,juglans nigra,New Jersey
PLANT-00512,juglans nigra,New York
PLANT-00512,juglans nigra,North Carolina
PLANT-00512,juglans nigra,North Dakota
PLANT-00512,juglans nigra,Ohio
PLANT-00512,juglans nigra,Oklahoma
PLANT-00512,juglans nigra,Pennsylvania
PLANT-00512,juglans nigra,Rhode Island
PLANT-00512,juglans nigra,South Carolina
PLANT-00512,juglans nigra,South Dakota
PLANT-00512,juglans nigra,Tennessee
PLANT-00512,juglans nigra,Texas
PLANT-00512,juglans nigra,Utah
PLANT-00512,juglans nigra,Virginia
PLANT-00512,juglans nigra,West Virginia
PLANT-00512,juglans nigra,Wisconsin
PLANT-00513,juncus dudleyi,Alabama
PLANT-00513,juncus dudleyi,Arizona
PLANT-00513,juncus dudleyi,Arkansas
PLANT-00513,juncus dudleyi,California
PLANT-00513,juncus dudleyi,Colorado
PLANT-00513,juncus dudleyi,Connecticut
PLANT-00513,juncus dudleyi,Idaho
PLANT-00513,juncus dudleyi,Illinois
PLANT-00513,juncus dudleyi,Indiana
PLANT-00513,juncus dudleyi,Iowa
PLANT-00513,juncus dudleyi,Kansas
PLANT-00513,juncus dudleyi,Kentucky
PLANT-00513,juncus dudleyi,Maine
PLANT-00513,juncus dudleyi,Maryland
PLANT-00513,juncus dudleyi,Massachusetts
PLANT-00513,juncus dudleyi,Michigan
PLANT-00513,juncus dudleyi,Minnesota
PLANT-00513,juncus dudleyi,Missouri
PLANT-00513,juncus dudleyi,Montana
PLANT-00513,juncus dudleyi,Nebraska
PLANT-00513,juncus dudleyi,Nevada
PLANT-00513,juncus dudleyi,New Hampshire
PLANT-00513,juncus dudleyi,New Jersey
PLANT-00513,juncus dudleyi,New Mexico
PLANT-00513,juncus dudleyi,New York
PLANT-00513,juncus dudleyi,North Carolina
PLANT-00513,juncus dudleyi,North Dakota
PLANT-00513,juncus dudleyi,Ohio
PLANT-00513,juncus dudleyi,Oklahoma
PLANT-00513,juncus dudleyi,Oregon
PLANT-00513,juncus dudleyi,Pennsylvania
PLANT-00513,juncus dudleyi,Rhode Island
PLANT-00513,juncus dudleyi,South Carolina
PLANT-00513,juncus dudleyi,South Dakota
PLANT-00513,juncus dudleyi,Tennessee
PLANT-00513,juncus dudleyi,Texas
PLANT-00513,juncus dudleyi,Utah
PLANT-00513,juncus dudleyi,Vermont
PLANT-00513,juncus dudleyi,Virginia
PLANT-00513,juncus dudleyi,Washington
PLANT-00513,juncus dudleyi,West Virginia
PLANT-00513,juncus dudleyi,Wisconsin
PLANT-00513,juncus dudleyi,Wyoming
PLANT-00514,juncus effusus,Alabama
PLANT-00514,juncus effusus,Alaska
PLANT-00514,juncus effusus,Arizona
PLANT-00514,juncus effusus,Arkansas
PLANT-00514,juncus effusus,California
PLANT-00514,juncus effusus,Colorado
PLANT-00514,juncus effusus,Connecticut
PLANT-00514,juncus effusus,Delaware
PLANT-00514,juncus effusus,Florida
PLANT-00514,juncus effusus,Georgia
PLANT-00514,juncus effusus,Idaho
PLANT-00514,juncus effusus,Illinois
PLANT-00514,juncus effusus,Indiana
PLANT-00514,juncus effusus,Iowa
PLANT-00514,juncus effusus,Kansas
PLANT-00514,juncus effusus,Kentucky
PLANT-00514,juncus effusus,Louisiana
PLANT-00514,juncus effusus,Maine
PLANT-00514,juncus effusus,Maryland
PLANT-00514,juncus effusus,Michigan
PLANT-00514,juncus effusus,Minnesota
PLANT-00514,juncus effusus,Mississippi
PLANT-00514,juncus effusus,Missouri
PLANT-00514,juncus effusus,Montana
PLANT-00514,juncus effusus,Nebraska
PLANT-00514,juncus effusus,Nevada
PLANT-00514,juncus effusus,New Hampshire
PLANT-00514,juncus effusus,New Jersey
PLANT-00514,juncus effusus,New Mexico
PLANT-00514,juncus effusus,New York
PLANT-00514,juncus effusus,North Carolina
PLANT-00514,juncus effusus,North Dakota
PLANT-00514,juncus effusus,Ohio
PLANT-00514,juncus effusus,Oklahoma
PLANT-00514,juncus effusus,Oregon
PLANT-00514,juncus effusus,Pennsylvania
PLANT-00514,juncus effusus,Rhode Island
PLANT-00514,juncus effusus,South Carolina
PLANT-00514,juncus effusus,Tennessee
PLANT-00514,juncus effusus,Texas
PLANT-00514,juncus effusus,Vermont
PLANT-00514,juncus effusus,Virginia
PLANT-00514,juncus effusus,Washington
PLANT-00514,juncus effusus,West Virginia
PLANT-00514,juncus effusus,Wisconsin
PLANT-00515,juncus tenuis,Alabama
PLANT-00515,juncus tenuis,Alaska
PLANT-00515,juncus tenuis,Arizona
PLANT-00515,juncus tenuis,California
PLANT-00515,juncus tenuis,Connecticut
PLANT-00515,juncus tenuis,Delaware
PLANT-00515,juncus tenuis,Florida
PLANT-00515,juncus tenuis,Georgia
PLANT-00515,juncus tenuis,Idaho
PLANT-00515,juncus tenuis,Illinois
PLANT-00515,juncus tenuis,Indiana
PLANT-00515,juncus tenuis,Iowa
PLANT-00515,juncus tenuis,Kansas
PLANT-00515,juncus tenuis,Kentucky
PLANT-00515,juncus tenuis,Louisiana
PLANT-00515,juncus tenuis,Maine
PLANT-00515,juncus tenuis,Maryland
PLANT-00515,juncus tenuis,Michigan
PLANT-00515,juncus tenuis,Minnesota
PLANT-00515,juncus tenuis,Mississippi
PLANT-00515,juncus tenuis,Missouri
PLANT-00515,juncus tenuis,Montana
PLANT-00515,juncus tenuis,Nebraska
PLANT-00515,juncus tenuis,Nevada
PLANT-00515,juncus tenuis,New Hampshire
PLANT-00515,juncus tenuis,New Jersey
PLANT-00515,juncus tenuis,New Mexico
PLANT-00515,juncus tenuis,New York
PLANT-00515,juncus tenuis,North Carolina
PLANT-00515,juncus tenuis,North Dakota
PLANT-00515,juncus tenuis,Ohio
PLANT-00515,juncus tenuis,Oklahoma
PLANT-00515,juncus tenuis,Oregon
PLANT-00515,juncus tenuis,Pennsylvania
PLANT-00515,juncus tenuis,Rhode Island
PLANT-00515,juncus tenuis,South Carolina
PLANT-00515,juncus tenuis,South Dakota
PLANT-00515,juncus tenuis,Tennessee
PLANT-00515,juncus tenuis,Texas
PLANT-00515,juncus tenuis,Utah
PLANT-00515,juncus tenuis,Vermont
PLANT-00515,juncus tenuis,Virginia
PLANT-00515,juncus tenuis,Washington
PLANT-00515,juncus tenuis,West Virginia
PLANT-00515,juncus tenuis,Wisconsin
PLANT-00515,juncus tenuis,Wyoming
PLANT-00516,juniperus ashei,Arkansas
PLANT-00516,juniperus ashei,Missouri
PLANT-00516,juniperus ashei,Oklahoma
PLANT-00516,juniperus ashei,Texas
PLANT-00517,juniperus communis,Alabama
PLANT-00517,juniperus communis,Alaska
PLANT-00517,juniperus communis,Arizona
PLANT-00517,juniperus communis,California
PLANT-00517,juniperus communis,Colorado
PLANT-00517,juniperus communis,Connecticut
PLANT-00517,juniperus communis,Delaware
PLANT-00517,juniperus communis,Georgia
PLANT-00517,juniperus communis,Idaho
PLANT-00517,juniperus communis,Illinois
PLANT-00517,juniperus communis,Indiana
PLANT-00517,juniperus communis,Iowa
PLANT-00517,juniperus communis,Kentucky
PLANT-00517,juniperus communis,Maine
PLANT-00517,juniperus communis,Maryland
PLANT-00517,juniperus communis,Massachusetts
PLANT-00517,juniperus communis,Michigan
PLANT-00517,juniperus communis,Minnesota
PLANT-00517,juniperus communis,Montana
PLANT-00517,juniperus communis,Nebraska
PLANT-00517,juniperus communis,Nevada
PLANT-00517,juniperus communis,New Hampshire
PLANT-00517,juniperus communis,New Jersey
PLANT-00517,juniperus communis,New Mexico
PLANT-00517,juniperus communis,New York
PLANT-00517,juniperus communis,North Carolina
PLANT-00517,juniperus communis,North Dakota
PLANT-00517,juniperus communis,Ohio
PLANT-00517,juniperus communis,Oregon
PLANT-00517,juniperus communis,Pennsylvania
PLANT-00517,juniperus communis,Rhode Island
PLANT-00517,juniperus communis,South Carolina
PLANT-00517,juniperus communis,South Dakota
PLANT-00517,juniperus communis,Utah
PLANT-00517,juniperus communis,Vermont
PLANT-00517,juniperus communis,Virginia
PLANT-00517,juniperus communis,Washington
PLANT-00517,juniperus communis,West Virginia
PLANT-00517,juniperus communis,Wisconsin
PLANT-00517,juniperus communis,Wyoming
PLANT-00518,juniperus horizontalis,Alaska
PLANT-00518,juniperus horizontalis,Illinois
PLANT-00518,juniperus horizontalis,Indiana
PLANT-00518,juniperus horizontalis,Iowa
PLANT-00518,juniperus horizontalis,Maine
PLANT-00518,juniperus horizontalis,Massachusetts
PLANT-00518,juniperus horizontalis,Michigan
PLANT-00518,juniperus horizontalis,Minnesota
PLANT-00518,juniperus horizontalis,Montana
PLANT-00518,juniperus horizontalis,Nebraska
PLANT-00518,juniperus horizontalis,New Hampshire
PLANT-00518,juniperus horizontalis,North Dakota
PLANT-00518,juniperus horizontalis,Ohio
PLANT-00518,juniperus horizontalis,Rhode Island
PLANT-00518,juniperus horizontalis,South Dakota
PLANT-00518,juniperus horizontalis,Vermont
PLANT-00518,juniperus horizontalis,Wisconsin
PLANT-00518,juniperus horizontalis,Wyoming
PLANT-00519,juniperus virginiana,Alabama
PLANT-00519,juniperus virginiana,Arkansas
PLANT-00519,juniperus virginiana,Colorado
PLANT-00519,juniperus virginiana,Connecticut
PLANT-00519,juniperus virginiana,Delaware
PLANT-00519,juniperus virginiana,Florida
PLANT-00519,juniperus virginiana,Georgia
PLANT-00519,juniperus virginiana,Illinois
PLANT-00519,juniperus virginiana,Indiana
PLANT-00519,juniperus virginiana,Iowa
PLANT-00519,juniperus virginiana,Kansas
PLANT-00519,juniperus virginiana,Kentucky
PLANT-00519,juniperus virginiana,Louisiana
PLANT-00519,juniperus virginiana,Maine
PLANT-00519,juniperus virginiana,Maryland
PLANT-00519,juniperus virginiana,Massachusetts
PLANT-00519,juniperus virginiana,Michigan
PLANT-00519,juniperus virginiana,Minnesota
PLANT-00519,juniperus virginiana,Mississippi
PLANT-00519,juniperus virginiana,Missouri
PLANT-00519,juniperus virginiana,Nebraska
PLANT-00519,juniperus virginiana,New Hampshire
PLANT-00519,juniperus virginiana,New Jersey
PLANT-00519,juniperus virginiana,New York
PLANT-00519,juniperus virginiana,North Carolina
PLANT-00519,juniperus virginiana,Ohio
PLANT-00519,juniperus virginiana,Oklahoma
PLANT-00519,juniperus virginiana,Pennsylvania
PLANT-00519,juniperus virginiana,Rhode Island
PLANT-00519,juniperus virginiana,South Carolina
PLANT-00519,juniperus virginiana,South Dakota
PLANT-00519,juniperus virginiana,Tennessee
PLANT-00519,juniperus virginiana,Texas
PLANT-00519,juniperus virginiana,Vermont
PLANT-00519,juniperus virginiana,Virginia
PLANT-00519,juniperus virginiana,West Virginia
PLANT-00519,juniperus virginiana,Wisconsin
PLANT-00519,juniperus virginiana,Wyoming
PLANT-00520,kalmia latifolia,Alabama
PLANT-00520,kalmia latifolia,Connecticut
PLANT-00520,kalmia latifolia,Delaware
PLANT-00520,kalmia latifolia,Florida
PLANT-00520,kalmia latifolia,Georgia
PLANT-00520,kalmia latifolia,Indiana
PLANT-00520,kalmia latifolia,Kentucky
PLANT-00520,kalmia latifolia,Louisiana
PLANT-00520,kalmia latifolia,Maine
PLANT-00520,kalmia latifolia,Maryland
PLANT-00520,kalmia latifolia,Massachusetts
PLANT-00520,kalmia latifolia,Mississippi
PLANT-00520,kalmia latifolia,New Hampshire
PLANT-00520,kalmia latifolia,New Jersey
PLANT-00520,kalmia latifolia,New York
PLANT-00520,kalmia latifolia,North Carolina
PLANT-00520,kalmia latifolia,Ohio
PLANT-00520,kalmia latifolia,Pennsylvania
PLANT-00520,kalmia latifolia,Rhode Island
PLANT-00520,kalmia latifolia,South Carolina
PLANT-00520,kalmia latifolia,Tennessee
PLANT-00520,kalmia latifolia,Vermont
PLANT-00520,kalmia latifolia,Virginia
PLANT-00520,kalmia latifolia,West Virginia
PLANT-00521,koeleria macrantha,Missouri
PLANT-00522,lachnocaulon anceps,Alabama
PLANT-00522,lachnocaulon anceps,Florida
PLANT-00522,lachnocaulon anceps,Georgia
PLANT-00522,lachnocaulon anceps,Louisiana
PLANT-00522,lachnocaulon anceps,Mississippi
PLANT-00522,lachnocaulon anceps,New Jersey
PLANT-00522,lachnocaulon anceps,North Carolina
PLANT-00522,lachnocaulon anceps,South Carolina
PLANT-00522,lachnocaulon anceps,Tennessee
PLANT-00522,lachnocaulon anceps,Virginia
PLANT-00523,lactuca floridana,Alabama
PLANT-00523,lactuca floridana,Alaska
PLANT-00523,lactuca floridana,Arkansas
PLANT-00523,lactuca floridana,Delaware
PLANT-00523,lactuca floridana,Florida
PLANT-00523,lactuca floridana,Georgia
PLANT-00523,lactuca floridana,Illinois
PLANT-00523,lactuca floridana,Indiana
PLANT-00523,lactuca floridana,Iowa
PLANT-00523,lactuca floridana,Kansas
PLANT-00523,lactuca floridana,Kentucky
PLANT-00523,lactuca floridana,Louisiana
PLANT-00523,lactuca floridana,Maryland
PLANT-00523,lactuca floridana,Massachusetts
PLANT-00523,lactuca floridana,Michigan
PLANT-00523,lactuca floridana,Minnesota
PLANT-00523,lactuca floridana,Mississippi
PLANT-00523,lactuca floridana,Missouri
PLANT-00523,lactuca floridana,Nebraska
PLANT-00523,lactuca floridana,New Jersey
PLANT-00523,lactuca floridana,New Mexico
PLANT-00523,lactuca floridana,New York
PLANT-00523,lactuca floridana,North Carolina
PLANT-00523,lactuca floridana,Ohio
PLANT-00523,lactuca floridana,Oklahoma
PLANT-00523,lactuca floridana,Pennsylvania
PLANT-00523,lactuca floridana,South Carolina
PLANT-00523,lactuca floridana,South Dakota
PLANT-00523,lactuca floridana,Tennessee
PLANT-00523,lactuca floridana,Texas
PLANT-00523,lactuca floridana,Virginia
PLANT-00523,lactuca floridana,West Virginia
PLANT-00523,lactuca floridana,Wisconsin
PLANT-00524,leitneria floridana,Arkansas
PLANT-00524,leitneria floridana,Florida
PLANT-00524,leitneria floridana,Georgia
PLANT-00524,leitneria floridana,Mississippi
PLANT-00524,leitneria floridana,Missouri
PLANT-00524,leitneria floridana,Texas
PLANT-00525,lemna minor,Alabama
PLANT-00525,lemna minor,Alaska
PLANT-00525,lemna minor,Arizona
PLANT-00525,lemna minor,Arkansas
PLANT-00525,lemna minor,California
PLANT-00525,lemna minor,Colorado
PLANT-00525,lemna minor,Connecticut
PLANT-00525,lemna minor,Delaware
PLANT-00525,lemna minor,Florida
PLANT-00525,lemna minor,Georgia
PLANT-00525,lemna minor,Idaho
PLANT-00525,lemna minor,Illinois
PLANT-00525,lemna minor,Indiana
PLANT-00525,lemna minor,Iowa
PLANT-00525,lemna minor,Kansas
PLANT-00525,lemna minor,Kentucky
PLANT-00525,lemna minor,Louisiana
PLANT-00525,lemna minor,Maine
PLANT-00525,lemna minor,Maryland
PLANT-00525,lemna minor,Massachusetts
PLANT-00525,lemna minor,Michigan
PLANT-00525,lemna minor,Minnesota
PLANT-00525,lemna minor,Mississippi
PLANT-00525,lemna minor,Missouri
PLANT-00525,lemna minor,Montana
PLANT-00525,lemna minor,Nebraska
PLANT-00525,lemna minor,Nevada
PLANT-00525,lemna minor,New Hampshire
PLANT-00525,lemna minor,New Jersey
PLANT-00525,lemna minor,New Mexico
PLANT-00525,lemna minor,New York
PLANT-00525,lemna minor,North Carolina
PLANT-00525,lemna minor,North Dakota
PLANT-00525,lemna minor,Ohio
PLANT-00525,lemna minor,Oklahoma
PLANT-00525,lemna minor,Oregon
PLANT-00525,lemna minor,Pennsylvania
PLANT-00525,lemna minor,Rhode Island
PLANT-00525,lemna minor,South Carolina
PLANT-00525,lemna minor,South Dakota
PLANT-00525,lemna minor,Tennessee
PLANT-00525,lemna minor,Texas
PLANT-00525,lemna minor,Utah
PLANT-00525,lemna minor,Vermont
PLANT-00525,lemna minor,Virginia
PLANT-00525,lemna minor,Washington
PLANT-00525,lemna minor,West Virginia
PLANT-00525,lemna minor,Wisconsin
PLANT-00525,lemna minor,Wyoming
PLANT-00526,lespedeza capitata,Alabama
PLANT-00526,lespedeza capitata,Arkansas
PLANT-00526,lespedeza capitata,Connecticut
PLANT-00526,lespedeza capitata,Delaware
PLANT-00526,lespedeza capitata,Florida
PLANT-00526,lespedeza capitata,Georgia
PLANT-00526,lespedeza capitata,Illinois
PLANT-00526,lespedeza capitata,Indiana
PLANT-00526,lespedeza capitata,Iowa
PLANT-00526,lespedeza capitata,Kansas
PLANT-00526,lespedeza capitata,Kentucky
PLANT-00526,lespedeza capitata,Louisiana
PLANT-00526,lespedeza capitata,Maine
PLANT-00526,lespedeza capitata,Maryland
PLANT-00526,lespedeza capitata,Massachusetts
PLANT-00526,lespedeza capitata,Michigan
PLANT-00526,lespedeza capitata,Minnesota
PLANT-00526,lespedeza capitata,Mississippi
PLANT-00526,lespedeza capitata,Missouri
PLANT-00526,lespedeza capitata,Nebraska
PLANT-00526,lespedeza capitata,New Hampshire
PLANT-00526,lespedeza capitata,New Jersey
PLANT-00526,lespedeza capitata,New York
PLANT-00526,lespedeza capitata,North Carolina
PLANT-00526,lespedeza capitata,Ohio
PLANT-00526,lespedeza capitata,Oklahoma
PLANT-00526,lespedeza capitata,Pennsylvania
PLANT-00526,lespedeza capitata,Rhode Island
PLANT-00526,lespedeza capitata,South Carolina
PLANT-00526,lespedeza capitata,South Dakota
PLANT-00526,lespedeza capitata,Tennessee
PLANT-00526,lespedeza capitata,Texas
PLANT-00526,lespedeza capitata,Vermont
PLANT-00526,lespedeza capitata,Virginia
PLANT-00526,lespedeza capitata,West Virginia
PLANT-00526,lespedeza capitata,Wisconsin
PLANT-00527,leucothoe axillaris,Alabama
PLANT-00527,leucothoe axillaris,Delaware
PLANT-00527,leucothoe axillaris,Florida
PLANT-00527,leucothoe axillaris,Georgia
PLANT-00527,leucothoe axillaris,Kentucky
PLANT-00527,leucothoe axillaris,Louisiana
PLANT-00527,leucothoe axillaris,Mississippi
PLANT-00527,leucothoe axillaris,North Carolina
PLANT-00527,leucothoe axillaris,South Carolina
PLANT-00527,leucothoe axillaris,Virginia
PLANT-00528,leucothoe fontanesiana,Alabama
PLANT-00528,leucothoe fontanesiana,Georgia
PLANT-00528,leucothoe fontanesiana,North Carolina
PLANT-00528,leucothoe fontanesiana,South Carolina
PLANT-00528,leucothoe fontanesiana,Tennessee
PLANT-00528,leucothoe fontanesiana,Virginia
PLANT-00529,liatris aspera,Alabama
PLANT-00529,liatris aspera,Arkansas
PLANT-00529,liatris aspera,Florida
PLANT-00529,liatris aspera,Georgia
PLANT-00529,liatris aspera,Illinois
PLANT-00529,liatris aspera,Indiana
PLANT-00529,liatris aspera,Iowa
PLANT-00529,liatris aspera,Kansas
PLANT-00529,liatris aspera,Kentucky
PLANT-00529,liatris aspera,Louisiana
PLANT-00529,liatris aspera,Michigan
PLANT-00529,liatris aspera,Minnesota
PLANT-00529,liatris aspera,Mississippi
PLANT-00529,liatris aspera,Missouri
PLANT-00529,liatris aspera,Nebraska
PLANT-00529,liatris aspera,North Carolina
PLANT-00529,liatris aspera,North Dakota
PLANT-00529,liatris aspera,Ohio
PLANT-00529,liatris aspera,Oklahoma
PLANT-00529,liatris aspera,South Carolina
PLANT-00529,liatris aspera,South Dakota
PLANT-00529,liatris aspera,Tennessee
PLANT-00529,liatris aspera,Texas
PLANT-00529,liatris aspera,Virginia
PLANT-00529,liatris aspera,West Virginia
PLANT-00529,liatris aspera,Wisconsin
PLANT-00530,liatris cylindracea,Alabama
PLANT-00530,liatris cylindracea,Arkansas
PLANT-00530,liatris cylindracea,Delaware
PLANT-00530,liatris cylindracea,Illinois
PLANT-00530,liatris cylindracea,Indiana
PLANT-00530,liatris cylindracea,Iowa
PLANT-00530,liatris cylindracea,Kansas
PLANT-00530,liatris cylindracea,Kentucky
PLANT-00530,liatris cylindracea,Michigan
PLANT-00530,liatris cylindracea,Minnesota
PLANT-00530,liatris cylindracea,Missouri
PLANT-00530,liatris cylindracea,New York
PLANT-00530,liatris cylindracea,Ohio
PLANT-00530,liatris cylindracea,Tennessee
PLANT-00530,liatris cylindracea,Wisconsin
PLANT-00531,liatris ligulistylis,Colorado
PLANT-00531,liatris ligulistylis,Illinois
PLANT-00531,liatris ligulistylis,Iowa
PLANT-00531,liatris ligulistylis,Minnesota
PLANT-00531,liatris ligulistylis,Missouri
PLANT-00531,liatris ligulistylis,Montana
PLANT-00531,liatris ligulistylis,New Mexico
PLANT-00531,liatris ligulistylis,North Dakota
PLANT-00531,liatris ligulistylis,South Dakota
PLANT-00531,liatris ligulistylis,Wisconsin
PLANT-00531,liatris ligulistylis,Wyoming
PLANT-00532,liatris microcephala,Alabama
PLANT-00532,liatris microcephala,Georgia
PLANT-00532,liatris microcephala,Kentucky
PLANT-00532,liatris microcephala,North Carolina
PLANT-00532,liatris microcephala,South Carolina
PLANT-00532,liatris microcephala,Tennessee
PLANT-00533,liatris mucronata,Arkansas
PLANT-00533,liatris mucronata,Kansas
PLANT-00533,liatris mucronata,Missouri
PLANT-00533,liatris mucronata,Nebraska
PLANT-00533,liatris mucronata,Oklahoma
PLANT-00533,liatris mucronata,Texas
PLANT-00534,liatris pycnostachya,Arkansas
PLANT-00534,liatris pycnostachya,Illinois
PLANT-00534,liatris pycnostachya,Indiana
PLANT-00534,liatris pycnostachya,Iowa
PLANT-00534,liatris pycnostachya,Kansas
PLANT-00534,liatris pycnostachya,Kentucky
PLANT-00534,liatris pycnostachya,Louisiana
PLANT-00534,liatris pycnostachya,Minnesota
PLANT-00534,liatris pycnostachya,Mississippi
PLANT-00534,liatris pycnostachya,Missouri
PLANT-00534,liatris pycnostachya,Nebraska
PLANT-00534,liatris pycnostachya,North Dakota
PLANT-00534,liatris pycnostachya,Oklahoma
PLANT-00534,liatris pycnostachya,South Dakota
PLANT-00534,liatris pycnostachya,Texas
PLANT-00534,liatris pycnostachya,Wisconsin
PLANT-00535,liatris scariosa,Alabama
PLANT-00535,liatris scariosa,Arkansas
PLANT-00535,liatris scariosa,Connecticut
PLANT-00535,liatris scariosa,Delaware
PLANT-00535,liatris scariosa,Georgia
PLANT-00535,liatris scariosa,Illinois
PLANT-00535,liatris scariosa,Indiana
PLANT-00535,liatris scariosa,Maine
PLANT-00535,liatris scariosa,Maryland
PLANT-00535,liatris scariosa,Massachusetts
PLANT-00535,liatris scariosa,Michigan
PLANT-00535,liatris scariosa,Missouri
PLANT-00535,liatris scariosa,New Hampshire
PLANT-00535,liatris scariosa,New Jersey
PLANT-00535,liatris scariosa,New York
PLANT-00535,liatris scariosa,North Carolina
PLANT-00535,liatris scariosa,Ohio
PLANT-00535,liatris scariosa,Pennsylvania
PLANT-00535,liatris scariosa,Rhode Island
PLANT-00535,liatris scariosa,South Carolina
PLANT-00535,liatris scariosa,Tennessee
PLANT-00535,liatris scariosa,Virginia
PLANT-00535,liatris scariosa,West Virginia
PLANT-00535,liatris scariosa,Wisconsin
PLANT-00536,liatris scariosa var. nieuwlandii,Arkansas
PLANT-00536,liatris scariosa var. nieuwlandii,Illinois
PLANT-00536,liatris scariosa var. nieuwlandii,Indiana
PLANT-00536,liatris scariosa var. nieuwlandii,Michigan
PLANT-00536,liatris scariosa var. nieuwlandii,Missouri
PLANT-00536,liatris scariosa var. nieuwlandii,New York
PLANT-00536,liatris scariosa var. nieuwlandii,Ohio
PLANT-00536,liatris scariosa var. nieuwlandii,Pennsylvania
PLANT-00536,liatris scariosa var. nieuwlandii,West Virginia
PLANT-00536,liatris scariosa var. nieuwlandii,Wisconsin
PLANT-00537,liatris spicata,Alabama
PLANT-00537,liatris spicata,Connecticut
PLANT-00537,liatris spicata,Delaware
PLANT-00537,liatris spicata,Florida
PLANT-00537,liatris spicata,Georgia
PLANT-00537,liatris spicata,Illinois
PLANT-00537,liatris spicata,Indiana
PLANT-00537,liatris spicata,Kentucky
PLANT-00537,liatris spicata,Louisiana
PLANT-00537,liatris spicata,Maryland
PLANT-00537,liatris spicata,Massachusetts
PLANT-00537,liatris spicata,Michigan
PLANT-00537,liatris spicata,Mississippi
PLANT-00537,liatris spicata,Missouri
PLANT-00537,liatris spicata,New Jersey
PLANT-00537,liatris spicata,North Carolina
PLANT-00537,liatris spicata,Ohio
PLANT-00537,liatris spicata,Pennsylvania
PLANT-00537,liatris spicata,South Carolina
PLANT-00537,liatris spicata,Tennessee
PLANT-00537,liatris spicata,Virginia
PLANT-00537,liatris spicata,West Virginia
PLANT-00537,liatris spicata,Wisconsin
PLANT-00538,lilium michiganense,Alabama
PLANT-00538,lilium michiganense,Arkansas
PLANT-00538,lilium michiganense,Georgia
PLANT-00538,lilium michiganense,Illinois
PLANT-00538,lilium michiganense,Indiana
PLANT-00538,lilium michiganense,Iowa
PLANT-00538,lilium michiganense,Kansas
PLANT-00538,lilium michiganense,Kentucky
PLANT-00538,lilium michiganense,Michigan
PLANT-00538,lilium michiganense,Minnesota
PLANT-00538,lilium michiganense,Missouri
PLANT-00538,lilium michiganense,Nebraska
PLANT-00538,lilium michiganense,New York
PLANT-00538,lilium michiganense,Ohio
PLANT-00538,lilium michiganense,Oklahoma
PLANT-00538,lilium michiganense,South Dakota
PLANT-00538,lilium michiganense,Tennessee
PLANT-00538,lilium michiganense,Wisconsin
PLANT-00539,lilium superbum,Alabama
PLANT-00539,lilium superbum,Arkansas
PLANT-00539,lilium superbum,Connecticut
PLANT-00539,lilium superbum,Delaware
PLANT-00539,lilium superbum,Florida
PLANT-00539,lilium superbum,Georgia
PLANT-00539,lilium superbum,Illinois
PLANT-00539,lilium superbum,Indiana
PLANT-00539,lilium superbum,Kentucky
PLANT-00539,lilium superbum,Louisiana
PLANT-00539,lilium superbum,Maryland
PLANT-00539,lilium superbum,Minnesota
PLANT-00539,lilium superbum,Mississippi
PLANT-00539,lilium superbum,Missouri
PLANT-00539,lilium superbum,New Hampshire
PLANT-00539,lilium superbum,New York
PLANT-00539,lilium superbum,North Carolina
PLANT-00539,lilium superbum,Ohio
PLANT-00539,lilium superbum,Pennsylvania
PLANT-00539,lilium superbum,Rhode Island
PLANT-00539,lilium superbum,Tennessee
PLANT-00539,lilium superbum,Vermont
PLANT-00539,lilium superbum,Virginia
PLANT-00539,lilium superbum,West Virginia
PLANT-00540,lindera benzoin,Alabama
PLANT-00540,lindera benzoin,Arkansas
PLANT-00540,lindera benzoin,Connecticut
PLANT-00540,lindera benzoin,Delaware
PLANT-00540,lindera benzoin,Florida
PLANT-00540,lindera benzoin,Georgia
PLANT-00540,lindera benzoin,Illinois
PLANT-00540,lindera benzoin,Indiana
PLANT-00540,lindera benzoin,Iowa
PLANT-00540,lindera benzoin,Kansas
PLANT-00540,lindera benzoin,Kentucky
PLANT-00540,lindera benzoin,Louisiana
PLANT-00540,lindera benzoin,Maine
PLANT-00540,lindera benzoin,Maryland
PLANT-00540,lindera benzoin,Massachusetts
PLANT-00540,lindera benzoin,Michigan
PLANT-00540,lindera benzoin,Mississippi
PLANT-00540,lindera benzoin,Missouri
PLANT-00540,lindera benzoin,New Hampshire
PLANT-00540,lindera benzoin,New Jersey
PLANT-00540,lindera benzoin,New York
PLANT-00540,lindera benzoin,North Carolina
PLANT-00540,lindera benzoin,Ohio
PLANT-00540,lindera benzoin,Oklahoma
PLANT-00540,lindera benzoin,Pennsylvania
PLANT-00540,lindera benzoin,Rhode Island
PLANT-00540,lindera benzoin,South Carolina
PLANT-00540,lindera benzoin,Tennessee
PLANT-00540,lindera benzoin,Texas
PLANT-00540,lindera benzoin,Vermont
PLANT-00540,lindera benzoin,Virginia
PLANT-00540,lindera benzoin,West Virginia
PLANT-00541,liquidambar styraciflua,Alabama
PLANT-00541,liquidambar styraciflua,Arkansas
PLANT-00541,liquidambar styraciflua,California
PLANT-00541,liquidambar styraciflua,Connecticut
PLANT-00541,liquidambar styraciflua,Delaware
PLANT-00541,liquidambar styraciflua,Florida
PLANT-00541,liquidambar styraciflua,Georgia
PLANT-00541,liquidambar styraciflua,Illinois
PLANT-00541,liquidambar styraciflua,Indiana
PLANT-00541,liquidambar styraciflua,Kentucky
PLANT-00541,liquidambar styraciflua,Louisiana
PLANT-00541,liquidambar styraciflua,Maryland
PLANT-00541,liquidambar styraciflua,Massachusetts
PLANT-00541,liquidambar styraciflua,Mississippi
PLANT-00541,liquidambar styraciflua,Missouri
PLANT-00541,liquidambar styraciflua,New Jersey
PLANT-00541,liquidambar styraciflua,New York
PLANT-00541,liquidambar styraciflua,North Carolina
PLANT-00541,liquidambar styraciflua,Ohio
PLANT-00541,liquidambar styraciflua,Oklahoma
PLANT-00541,liquidambar styraciflua,Pennsylvania
PLANT-00541,liquidambar styraciflua,Rhode Island
PLANT-00541,liquidambar styraciflua,South Carolina
PLANT-00541,liquidambar styraciflua,Tennessee
PLANT-00541,liquidambar styraciflua,Texas
PLANT-00541,liquidambar styraciflua,Virginia
PLANT-00541,liquidambar styraciflua,West Virginia
PLANT-00542,liriodendron tulipifera,Alabama
PLANT-00542,liriodendron tulipifera,Arkansas
PLANT-00542,liriodendron tulipifera,Connecticut
PLANT-00542,liriodendron tulipifera,Delaware
PLANT-00542,liriodendron tulipifera,Florida
PLANT-00542,liriodendron tulipifera,Georgia
PLANT-00542,liriodendron tulipifera,Illinois
PLANT-00542,liriodendron tulipifera,Indiana
PLANT-00542,liriodendron tulipifera,Kentucky
PLANT-00542,liriodendron tulipifera,Louisiana
PLANT-00542,liriodendron tulipifera,Maryland
PLANT-00542,liriodendron tulipifera,Massachusetts
PLANT-00542,liriodendron tulipifera,Michigan
PLANT-00542,liriodendron tulipifera,Mississippi
PLANT-00542,liriodendron tulipifera,Missouri
PLANT-00542,liriodendron tulipifera,New Jersey
PLANT-00542,liriodendron tulipifera,New York
PLANT-00542,liriodendron tulipifera,North Carolina
PLANT-00542,liriodendron tulipifera,Ohio
PLANT-00542,liriodendron tulipifera,Pennsylvania
PLANT-00542,liriodendron tulipifera,Rhode Island
PLANT-00542,liriodendron tulipifera,South Carolina
PLANT-00542,liriodendron tulipifera,Tennessee
PLANT-00542,liriodendron tulipifera,Vermont
PLANT-00542,liriodendron tulipifera,Virginia
PLANT-00542,liriodendron tulipifera,West Virginia
PLANT-00543,lobelia cardinalis,Alabama
PLANT-00543,lobelia cardinalis,Arizona
PLANT-00543,lobelia cardinalis,Arkansas
PLANT-00543,lobelia cardinalis,California
PLANT-00543,lobelia cardinalis,Colorado
PLANT-00543,lobelia cardinalis,Connecticut
PLANT-00543,lobelia cardinalis,Delaware
PLANT-00543,lobelia cardinalis,Florida
PLANT-00543,lobelia cardinalis,Georgia
PLANT-00543,lobelia cardinalis,Illinois
PLANT-00543,lobelia cardinalis,Indiana
PLANT-00543,lobelia cardinalis,Iowa
PLANT-00543,lobelia cardinalis,Kansas
PLANT-00543,lobelia cardinalis,Kentucky
PLANT-00543,lobelia cardinalis,Louisiana
PLANT-00543,lobelia cardinalis,Maine
PLANT-00543,lobelia cardinalis,Maryland
PLANT-00543,lobelia cardinalis,Michigan
PLANT-00543,lobelia cardinalis,Minnesota
PLANT-00543,lobelia cardinalis,Mississippi
PLANT-00543,lobelia cardinalis,Missouri
PLANT-00543,lobelia cardinalis,Nebraska
PLANT-00543,lobelia cardinalis,Nevada
PLANT-00543,lobelia cardinalis,New Hampshire
PLANT-00543,lobelia cardinalis,New Jersey
PLANT-00543,lobelia cardinalis,New Mexico
PLANT-00543,lobelia cardinalis,New York
PLANT-00543,lobelia cardinalis,North Carolina
PLANT-00543,lobelia cardinalis,Ohio
PLANT-00543,lobelia cardinalis,Oklahoma
PLANT-00543,lobelia cardinalis,Pennsylvania
PLANT-00543,lobelia cardinalis,Rhode Island
PLANT-00543,lobelia cardinalis,South Carolina
PLANT-00543,lobelia cardinalis,Tennessee
PLANT-00543,lobelia cardinalis,Texas
PLANT-00543,lobelia cardinalis,Utah
PLANT-00543,lobelia cardinalis,Vermont
PLANT-00543,lobelia cardinalis,Virginia
PLANT-00543,lobelia cardinalis,West Virginia
PLANT-00543,lobelia cardinalis,Wisconsin
PLANT-00544,lobelia siphilitica,Alabama
PLANT-00544,lobelia siphilitica,Arkansas
PLANT-00544,lobelia siphilitica,Colorado
PLANT-00544,lobelia siphilitica,Connecticut
PLANT-00544,lobelia siphilitica,Delaware
PLANT-00544,lobelia siphilitica,Georgia
PLANT-00544,lobelia siphilitica,Illinois
PLANT-00544,lobelia siphilitica,Indiana
PLANT-00544,lobelia siphilitica,Iowa
PLANT-00544,lobelia siphilitica,Kansas
PLANT-00544,lobelia siphilitica,Kentucky
PLANT-00544,lobelia siphilitica,Louisiana
PLANT-00544,lobelia siphilitica,Maine
PLANT-00544,lobelia siphilitica,Maryland
PLANT-00544,lobelia siphilitica,Michigan
PLANT-00544,lobelia siphilitica,Minnesota
PLANT-00544,lobelia siphilitica,Mississippi
PLANT-00544,lobelia siphilitica,Missouri
PLANT-00544,lobelia siphilitica,Nebraska
PLANT-00544,lobelia siphilitica,New Hampshire
PLANT-00544,lobelia siphilitica,New Jersey
PLANT-00544,lobelia siphilitica,New York
PLANT-00544,lobelia siphilitica,North Carolina
PLANT-00544,lobelia siphilitica,North Dakota
PLANT-00544,lobelia siphilitica,Ohio
PLANT-00544,lobelia siphilitica,Oklahoma
PLANT-00544,lobelia siphilitica,South Carolina
PLANT-00544,lobelia siphilitica,South Dakota
PLANT-00544,lobelia siphilitica,Tennessee
PLANT-00544,lobelia siphilitica,Texas
PLANT-00544,lobelia siphilitica,Vermont
PLANT-00544,lobelia siphilitica,Virginia
PLANT-00544,lobelia siphilitica,West Virginia
PLANT-00544,lobelia siphilitica,Wisconsin
PLANT-00544,lobelia siphilitica,Wyoming
PLANT-00545,lobelia ã— speciosa,Illinois
PLANT-00545,lobelia ã— speciosa,Missouri
PLANT-00546,lonicera caerulea,California
PLANT-00546,lonicera caerulea,Idaho
PLANT-00546,lonicera caerulea,Montana
PLANT-00546,lonicera caerulea,Nevada
PLANT-00546,lonicera caerulea,Oregon
PLANT-00546,lonicera caerulea,Pennsylvania
PLANT-00546,lonicera caerulea,Washington
PLANT-00546,lonicera caerulea,Wisconsin
PLANT-00546,lonicera caerulea,Wyoming
PLANT-00547,lonicera flava,Alabama
PLANT-00547,lonicera flava,Arkansas
PLANT-00547,lonicera flava,Georgia
PLANT-00547,lonicera flava,Illinois
PLANT-00547,lonicera flava,Kansas
PLANT-00547,lonicera flava,Kentucky
PLANT-00547,lonicera flava,Missouri
PLANT-00547,lonicera flava,North Carolina
PLANT-00547,lonicera flava,Ohio
PLANT-00547,lonicera flava,Oklahoma
PLANT-00547,lonicera flava,South Carolina
PLANT-00547,lonicera flava,Tennessee
PLANT-00548,lonicera involucrata,Alaska
PLANT-00548,lonicera involucrata,Arizona
PLANT-00548,lonicera involucrata,California
PLANT-00548,lonicera involucrata,Colorado
PLANT-00548,lonicera involucrata,Idaho
PLANT-00548,lonicera involucrata,Michigan
PLANT-00548,lonicera involucrata,Montana
PLANT-00548,lonicera involucrata,Nevada
PLANT-00548,lonicera involucrata,New Mexico
PLANT-00548,lonicera involucrata,Oregon
PLANT-00548,lonicera involucrata,Utah
PLANT-00548,lonicera involucrata,Washington
PLANT-00548,lonicera involucrata,Wisconsin
PLANT-00548,lonicera involucrata,Wyoming
PLANT-00549,lonicera sempervirens,Alabama
PLANT-00549,lonicera sempervirens,Arkansas
PLANT-00549,lonicera sempervirens,Connecticut
PLANT-00549,lonicera sempervirens,Delaware
PLANT-00549,lonicera sempervirens,Florida
PLANT-00549,lonicera sempervirens,Georgia
PLANT-00549,lonicera sempervirens,Illinois
PLANT-00549,lonicera sempervirens,Iowa
PLANT-00549,lonicera sempervirens,Kansas
PLANT-00549,lonicera sempervirens,Kentucky
PLANT-00549,lonicera sempervirens,Louisiana
PLANT-00549,lonicera sempervirens,Maine
PLANT-00549,lonicera sempervirens,Maryland
PLANT-00549,lonicera sempervirens,Mississippi
PLANT-00549,lonicera sempervirens,Missouri
PLANT-00549,lonicera sempervirens,New Hampshire
PLANT-00549,lonicera sempervirens,New Jersey
PLANT-00549,lonicera sempervirens,New York
PLANT-00549,lonicera sempervirens,North Carolina
PLANT-00549,lonicera sempervirens,Oklahoma
PLANT-00549,lonicera sempervirens,Pennsylvania
PLANT-00549,lonicera sempervirens,South Carolina
PLANT-00549,lonicera sempervirens,Tennessee
PLANT-00549,lonicera sempervirens,Texas
PLANT-00549,lonicera sempervirens,Vermont
PLANT-00549,lonicera sempervirens,Virginia
PLANT-00549,lonicera sempervirens,West Virginia
PLANT-00550,ludwigia alternifolia,Alabama
PLANT-00550,ludwigia alternifolia,Arkansas
PLANT-00550,ludwigia alternifolia,Colorado
PLANT-00550,ludwigia alternifolia,Connecticut
PLANT-00550,ludwigia alternifolia,Delaware
PLANT-00550,ludwigia alternifolia,Florida
PLANT-00550,ludwigia alternifolia,Georgia
PLANT-00550,ludwigia alternifolia,Illinois
PLANT-00550,ludwigia alternifolia,Indiana
PLANT-00550,ludwigia alternifolia,Iowa
PLANT-00550,ludwigia alternifolia,Kansas
PLANT-00550,ludwigia alternifolia,Kentucky
PLANT-00550,ludwigia alternifolia,Louisiana
PLANT-00550,ludwigia alternifolia,Maryland
PLANT-00550,ludwigia alternifolia,Massachusetts
PLANT-00550,ludwigia alternifolia,Michigan
PLANT-00550,ludwigia alternifolia,Mississippi
PLANT-00550,ludwigia alternifolia,Missouri
PLANT-00550,ludwigia alternifolia,Nebraska
PLANT-00550,ludwigia alternifolia,New Jersey
PLANT-00550,ludwigia alternifolia,New York
PLANT-00550,ludwigia alternifolia,North Carolina
PLANT-00550,ludwigia alternifolia,Ohio
PLANT-00550,ludwigia alternifolia,Oklahoma
PLANT-00550,ludwigia alternifolia,Pennsylvania
PLANT-00550,ludwigia alternifolia,Rhode Island
PLANT-00550,ludwigia alternifolia,South Carolina
PLANT-00550,ludwigia alternifolia,Tennessee
PLANT-00550,ludwigia alternifolia,Texas
PLANT-00550,ludwigia alternifolia,Vermont
PLANT-00550,ludwigia alternifolia,Virginia
PLANT-00550,ludwigia alternifolia,West Virginia
PLANT-00550,ludwigia alternifolia,Wisconsin
PLANT-00551,lycopodiella alopecuroides,Alabama
PLANT-00551,lycopodiella alopecuroides,Arkansas
PLANT-00551,lycopodiella alopecuroides,Connecticut
PLANT-00551,lycopodiella alopecuroides,Delaware
PLANT-00551,lycopodiella alopecuroides,Florida
PLANT-00551,lycopodiella alopecuroides,Georgia
PLANT-00551,lycopodiella alopecuroides,Louisiana
PLANT-00551,lycopodiella alopecuroides,Maine
PLANT-00551,lycopodiella alopecuroides,Maryland
PLANT-00551,lycopodiella alopecuroides,Massachusetts
PLANT-00551,lycopodiella alopecuroides,Mississippi
PLANT-00551,lycopodiella alopecuroides,New Jersey
PLANT-00551,lycopodiella alopecuroides,New York
PLANT-00551,lycopodiella alopecuroides,North Carolina
PLANT-00551,lycopodiella alopecuroides,Pennsylvania
PLANT-00551,lycopodiella alopecuroides,Rhode Island
PLANT-00551,lycopodiella alopecuroides,South Carolina
PLANT-00551,lycopodiella alopecuroides,Tennessee
PLANT-00551,lycopodiella alopecuroides,Texas
PLANT-00551,lycopodiella alopecuroides,Virginia
PLANT-00552,lyonia lucida,Alabama
PLANT-00552,lyonia lucida,Florida
PLANT-00552,lyonia lucida,Georgia
PLANT-00552,lyonia lucida,Louisiana
PLANT-00552,lyonia lucida,Mississippi
PLANT-00552,lyonia lucida,North Carolina
PLANT-00552,lyonia lucida,South Carolina
PLANT-00552,lyonia lucida,Virginia
PLANT-00553,maclura pomifera,Arkansas
PLANT-00553,maclura pomifera,Oklahoma
PLANT-00553,maclura pomifera,Texas
PLANT-00554,magnolia acuminata,Alabama
PLANT-00554,magnolia acuminata,Arkansas
PLANT-00554,magnolia acuminata,Connecticut
PLANT-00554,magnolia acuminata,Florida
PLANT-00554,magnolia acuminata,Georgia
PLANT-00554,magnolia acuminata,Illinois
PLANT-00554,magnolia acuminata,Indiana
PLANT-00554,magnolia acuminata,Kentucky
PLANT-00554,magnolia acuminata,Louisiana
PLANT-00554,magnolia acuminata,Maine
PLANT-00554,magnolia acuminata,Maryland
PLANT-00554,magnolia acuminata,Mississippi
PLANT-00554,magnolia acuminata,Missouri
PLANT-00554,magnolia acuminata,New Jersey
PLANT-00554,magnolia acuminata,New York
PLANT-00554,magnolia acuminata,North Carolina
PLANT-00554,magnolia acuminata,Ohio
PLANT-00554,magnolia acuminata,Oklahoma
PLANT-00554,magnolia acuminata,Pennsylvania
PLANT-00554,magnolia acuminata,South Carolina
PLANT-00554,magnolia acuminata,Tennessee
PLANT-00554,magnolia acuminata,Virginia
PLANT-00554,magnolia acuminata,West Virginia
PLANT-00555,magnolia grandiflora,Alabama
PLANT-00555,magnolia grandiflora,Arkansas
PLANT-00555,magnolia grandiflora,Florida
PLANT-00555,magnolia grandiflora,Georgia
PLANT-00555,magnolia grandiflora,Louisiana
PLANT-00555,magnolia grandiflora,Mississippi
PLANT-00555,magnolia grandiflora,North Carolina
PLANT-00555,magnolia grandiflora,Texas
PLANT-00555,magnolia grandiflora,Virginia
PLANT-00556,magnolia macrophylla,Alabama
PLANT-00556,magnolia macrophylla,Arkansas
PLANT-00556,magnolia macrophylla,Florida
PLANT-00556,magnolia macrophylla,Georgia
PLANT-00556,magnolia macrophylla,Kentucky
PLANT-00556,magnolia macrophylla,Louisiana
PLANT-00556,magnolia macrophylla,Maryland
PLANT-00556,magnolia macrophylla,Mississippi
PLANT-00556,magnolia macrophylla,North Carolina
PLANT-00556,magnolia macrophylla,Ohio
PLANT-00556,magnolia macrophylla,South Carolina
PLANT-00556,magnolia macrophylla,Tennessee
PLANT-00556,magnolia macrophylla,Virginia
PLANT-00556,magnolia macrophylla,West Virginia
PLANT-00557,magnolia tripetala,Alabama
PLANT-00557,magnolia tripetala,Arkansas
PLANT-00557,magnolia tripetala,Delaware
PLANT-00557,magnolia tripetala,Florida
PLANT-00557,magnolia tripetala,Georgia
PLANT-00557,magnolia tripetala,Indiana
PLANT-00557,magnolia tripetala,Kentucky
PLANT-00557,magnolia tripetala,Maryland
PLANT-00557,magnolia tripetala,Mississippi
PLANT-00557,magnolia tripetala,North Carolina
PLANT-00557,magnolia tripetala,Ohio
PLANT-00557,magnolia tripetala,Oklahoma
PLANT-00557,magnolia tripetala,Pennsylvania
PLANT-00557,magnolia tripetala,South Carolina
PLANT-00557,magnolia tripetala,Tennessee
PLANT-00557,magnolia tripetala,Virginia
PLANT-00557,magnolia tripetala,West Virginia
PLANT-00558,magnolia virginiana,Alabama
PLANT-00558,magnolia virginiana,Arkansas
PLANT-00558,magnolia virginiana,Delaware
PLANT-00558,magnolia virginiana,Florida
PLANT-00558,magnolia virginiana,Georgia
PLANT-00558,magnolia virginiana,Louisiana
PLANT-00558,magnolia virginiana,Maryland
PLANT-00558,magnolia virginiana,Massachusetts
PLANT-00558,magnolia virginiana,Mississippi
PLANT-00558,magnolia virginiana,New Jersey
PLANT-00558,magnolia virginiana,New York
PLANT-00558,magnolia virginiana,North Carolina
PLANT-00558,magnolia virginiana,Pennsylvania
PLANT-00558,magnolia virginiana,South Carolina
PLANT-00558,magnolia virginiana,Tennessee
PLANT-00558,magnolia virginiana,Texas
PLANT-00558,magnolia virginiana,Virginia
PLANT-00559,magnolia virginiana var. australis,Alabama
PLANT-00559,magnolia virginiana var. australis,Arkansas
PLANT-00559,magnolia virginiana var. australis,Florida
PLANT-00559,magnolia virginiana var. australis,Georgia
PLANT-00559,magnolia virginiana var. australis,Louisiana
PLANT-00559,magnolia virginiana var. australis,Mississippi
PLANT-00559,magnolia virginiana var. australis,South Carolina
PLANT-00559,magnolia virginiana var. australis,Texas
PLANT-00560,mahonia repens,Arizona
PLANT-00560,mahonia repens,California
PLANT-00560,mahonia repens,Colorado
PLANT-00560,mahonia repens,Delaware
PLANT-00560,mahonia repens,Idaho
PLANT-00560,mahonia repens,Indiana
PLANT-00560,mahonia repens,Minnesota
PLANT-00560,mahonia repens,Montana
PLANT-00560,mahonia repens,Nebraska
PLANT-00560,mahonia repens,Nevada
PLANT-00560,mahonia repens,New Mexico
PLANT-00560,mahonia repens,North Dakota
PLANT-00560,mahonia repens,Oregon
PLANT-00560,mahonia repens,Pennsylvania
PLANT-00560,mahonia repens,South Dakota
PLANT-00560,mahonia repens,Texas
PLANT-00560,mahonia repens,Utah
PLANT-00560,mahonia repens,Washington
PLANT-00560,mahonia repens,Wyoming
PLANT-00561,maianthemum racemosum,Alabama
PLANT-00561,maianthemum racemosum,Alaska
PLANT-00561,maianthemum racemosum,Arizona
PLANT-00561,maianthemum racemosum,Arkansas
PLANT-00561,maianthemum racemosum,California
PLANT-00561,maianthemum racemosum,Colorado
PLANT-00561,maianthemum racemosum,Connecticut
PLANT-00561,maianthemum racemosum,Delaware
PLANT-00561,maianthemum racemosum,Florida
PLANT-00561,maianthemum racemosum,Georgia
PLANT-00561,maianthemum racemosum,Idaho
PLANT-00561,maianthemum racemosum,Illinois
PLANT-00561,maianthemum racemosum,Indiana
PLANT-00561,maianthemum racemosum,Iowa
PLANT-00561,maianthemum racemosum,Kansas
PLANT-00561,maianthemum racemosum,Kentucky
PLANT-00561,maianthemum racemosum,Louisiana
PLANT-00561,maianthemum racemosum,Maine
PLANT-00561,maianthemum racemosum,Maryland
PLANT-00561,maianthemum racemosum,Michigan
PLANT-00561,maianthemum racemosum,Minnesota
PLANT-00561,maianthemum racemosum,Mississippi
PLANT-00561,maianthemum racemosum,Missouri
PLANT-00561,maianthemum racemosum,Montana
PLANT-00561,maianthemum racemosum,Nebraska
PLANT-00561,maianthemum racemosum,Nevada
PLANT-00561,maianthemum racemosum,New Hampshire
PLANT-00561,maianthemum racemosum,New Jersey
PLANT-00561,maianthemum racemosum,New Mexico
PLANT-00561,maianthemum racemosum,New York
PLANT-00561,maianthemum racemosum,North Carolina
PLANT-00561,maianthemum racemosum,North Dakota
PLANT-00561,maianthemum racemosum,Ohio
PLANT-00561,maianthemum racemosum,Oklahoma
PLANT-00561,maianthemum racemosum,Oregon
PLANT-00561,maianthemum racemosum,Pennsylvania
PLANT-00561,maianthemum racemosum,Rhode Island
PLANT-00561,maianthemum racemosum,South Carolina
PLANT-00561,maianthemum racemosum,South Dakota
PLANT-00561,maianthemum racemosum,Tennessee
PLANT-00561,maianthemum racemosum,Texas
PLANT-00561,maianthemum racemosum,Utah
PLANT-00561,maianthemum racemosum,Vermont
PLANT-00561,maianthemum racemosum,Virginia
PLANT-00561,maianthemum racemosum,Washington
PLANT-00561,maianthemum racemosum,West Virginia
PLANT-00561,maianthemum racemosum,Wyoming
PLANT-00562,maianthemum stellatum,Alaska
PLANT-00562,maianthemum stellatum,Arizona
PLANT-00562,maianthemum stellatum,California
PLANT-00562,maianthemum stellatum,Colorado
PLANT-00562,maianthemum stellatum,Connecticut
PLANT-00562,maianthemum stellatum,Delaware
PLANT-00562,maianthemum stellatum,Idaho
PLANT-00562,maianthemum stellatum,Illinois
PLANT-00562,maianthemum stellatum,Indiana
PLANT-00562,maianthemum stellatum,Iowa
PLANT-00562,maianthemum stellatum,Kansas
PLANT-00562,maianthemum stellatum,Kentucky
PLANT-00562,maianthemum stellatum,Maine
PLANT-00562,maianthemum stellatum,Maryland
PLANT-00562,maianthemum stellatum,Massachusetts
PLANT-00562,maianthemum stellatum,Michigan
PLANT-00562,maianthemum stellatum,Minnesota
PLANT-00562,maianthemum stellatum,Missouri
PLANT-00562,maianthemum stellatum,Montana
PLANT-00562,maianthemum stellatum,Nebraska
PLANT-00562,maianthemum stellatum,Nevada
PLANT-00562,maianthemum stellatum,New Hampshire
PLANT-00562,maianthemum stellatum,New Jersey
PLANT-00562,maianthemum stellatum,New Mexico
PLANT-00562,maianthemum stellatum,New York
PLANT-00562,maianthemum stellatum,North Dakota
PLANT-00562,maianthemum stellatum,Ohio
PLANT-00562,maianthemum stellatum,Oklahoma
PLANT-00562,maianthemum stellatum,Oregon
PLANT-00562,maianthemum stellatum,Pennsylvania
PLANT-00562,maianthemum stellatum,Rhode Island
PLANT-00562,maianthemum stellatum,South Dakota
PLANT-00562,maianthemum stellatum,Tennessee
PLANT-00562,maianthemum stellatum,Utah
PLANT-00562,maianthemum stellatum,Vermont
PLANT-00562,maianthemum stellatum,Virginia
PLANT-00562,maianthemum stellatum,Washington
PLANT-00562,maianthemum stellatum,West Virginia
PLANT-00562,maianthemum stellatum,Wisconsin
PLANT-00562,maianthemum stellatum,Wyoming
PLANT-00563,malpighia coccigera,Florida
PLANT-00564,manfreda virginica,Alabama
PLANT-00564,manfreda virginica,Arkansas
PLANT-00564,manfreda virginica,Florida
PLANT-00564,manfreda virginica,Georgia
PLANT-00564,manfreda virginica,Illinois
PLANT-00564,manfreda virginica,Indiana
PLANT-00564,manfreda virginica,Kentucky
PLANT-00564,manfreda virginica,Louisiana
PLANT-00564,manfreda virginica,Mississippi
PLANT-00564,manfreda virginica,Missouri
PLANT-00564,manfreda virginica,North Carolina
PLANT-00564,manfreda virginica,Ohio
PLANT-00564,manfreda virginica,Oklahoma
PLANT-00564,manfreda virginica,South Carolina
PLANT-00564,manfreda virginica,Tennessee
PLANT-00564,manfreda virginica,Texas
PLANT-00564,manfreda virginica,Virginia
PLANT-00564,manfreda virginica,West Virginia
PLANT-00565,marshallia caespitosa,Arkansas
PLANT-00565,marshallia caespitosa,Kansas
PLANT-00565,marshallia caespitosa,Louisiana
PLANT-00565,marshallia caespitosa,Missouri
PLANT-00565,marshallia caespitosa,Oklahoma
PLANT-00565,marshallia caespitosa,Texas
PLANT-00566,marshallia grandiflora,West Virginia
PLANT-00567,marshallia mohrii,Alabama
PLANT-00567,marshallia mohrii,Georgia
PLANT-00568,matelea decipiens,Arkansas
PLANT-00568,matelea decipiens,Georgia
PLANT-00568,matelea decipiens,Illinois
PLANT-00568,matelea decipiens,Indiana
PLANT-00568,matelea decipiens,Kansas
PLANT-00568,matelea decipiens,Kentucky
PLANT-00568,matelea decipiens,Louisiana
PLANT-00568,matelea decipiens,Maryland
PLANT-00568,matelea decipiens,Missouri
PLANT-00568,matelea decipiens,North Carolina
PLANT-00568,matelea decipiens,Oklahoma
PLANT-00568,matelea decipiens,South Carolina
PLANT-00568,matelea decipiens,Tennessee
PLANT-00568,matelea decipiens,Texas
PLANT-00568,matelea decipiens,Virginia
PLANT-00569,matteuccia struthiopteris subsp. pensylvanica,Alaska
PLANT-00569,matteuccia struthiopteris subsp. pensylvanica,Connecticut
PLANT-00569,matteuccia struthiopteris subsp. pensylvanica,Illinois
PLANT-00569,matteuccia struthiopteris subsp. pensylvanica,Indiana
PLANT-00569,matteuccia struthiopteris subsp. pensylvanica,Iowa
PLANT-00569,matteuccia struthiopteris subsp. pensylvanica,Maine
PLANT-00569,matteuccia struthiopteris subsp. pensylvanica,Massachusetts
PLANT-00569,matteuccia struthiopteris subsp. pensylvanica,Michigan
PLANT-00569,matteuccia struthiopteris subsp. pensylvanica,Minnesota
PLANT-00569,matteuccia struthiopteris subsp. pensylvanica,Missouri
PLANT-00569,matteuccia struthiopteris subsp. pensylvanica,Nebraska
PLANT-00569,matteuccia struthiopteris subsp. pensylvanica,New Hampshire
PLANT-00569,matteuccia struthiopteris subsp. pensylvanica,New Jersey
PLANT-00569,matteuccia struthiopteris subsp. pensylvanica,New York
PLANT-00569,matteuccia struthiopteris subsp. pensylvanica,North Dakota
PLANT-00569,matteuccia struthiopteris subsp. pensylvanica,Ohio
PLANT-00569,matteuccia struthiopteris subsp. pensylvanica,Pennsylvania
PLANT-00569,matteuccia struthiopteris subsp. pensylvanica,Rhode Island
PLANT-00569,matteuccia struthiopteris subsp. pensylvanica,South Dakota
PLANT-00569,matteuccia struthiopteris subsp. pensylvanica,Vermont
PLANT-00569,matteuccia struthiopteris subsp. pensylvanica,Virginia
PLANT-00569,matteuccia struthiopteris subsp. pensylvanica,West Virginia
PLANT-00569,matteuccia struthiopteris subsp. pensylvanica,Wisconsin
PLANT-00570,medeola virginiana,Alabama
PLANT-00570,medeola virginiana,Arkansas
PLANT-00570,medeola virginiana,Connecticut
PLANT-00570,medeola virginiana,Delaware
PLANT-00570,medeola virginiana,Florida
PLANT-00570,medeola virginiana,Georgia
PLANT-00570,medeola virginiana,Illinois
PLANT-00570,medeola virginiana,Indiana
PLANT-00570,medeola virginiana,Kentucky
PLANT-00570,medeola virginiana,Louisiana
PLANT-00570,medeola virginiana,Maine
PLANT-00570,medeola virginiana,Maryland
PLANT-00570,medeola virginiana,Michigan
PLANT-00570,medeola virginiana,Minnesota
PLANT-00570,medeola virginiana,Mississippi
PLANT-00570,medeola virginiana,Missouri
PLANT-00570,medeola virginiana,New Hampshire
PLANT-00570,medeola virginiana,New Jersey
PLANT-00570,medeola virginiana,New York
PLANT-00570,medeola virginiana,North Carolina
PLANT-00570,medeola virginiana,Ohio
PLANT-00570,medeola virginiana,Pennsylvania
PLANT-00570,medeola virginiana,Rhode Island
PLANT-00570,medeola virginiana,South Carolina
PLANT-00570,medeola virginiana,Tennessee
PLANT-00570,medeola virginiana,Vermont
PLANT-00570,medeola virginiana,Virginia
PLANT-00570,medeola virginiana,West Virginia
PLANT-00570,medeola virginiana,Wisconsin
PLANT-00571,melanthium virginicum,Alabama
PLANT-00571,melanthium virginicum,Arkansas
PLANT-00571,melanthium virginicum,Delaware
PLANT-00571,melanthium virginicum,Florida
PLANT-00571,melanthium virginicum,Georgia
PLANT-00571,melanthium virginicum,Illinois
PLANT-00571,melanthium virginicum,Indiana
PLANT-00571,melanthium virginicum,Kansas
PLANT-00571,melanthium virginicum,Kentucky
PLANT-00571,melanthium virginicum,Louisiana
PLANT-00571,melanthium virginicum,Maryland
PLANT-00571,melanthium virginicum,Minnesota
PLANT-00571,melanthium virginicum,Mississippi
PLANT-00571,melanthium virginicum,Missouri
PLANT-00571,melanthium virginicum,New Jersey
PLANT-00571,melanthium virginicum,New York
PLANT-00571,melanthium virginicum,North Carolina
PLANT-00571,melanthium virginicum,Ohio
PLANT-00571,melanthium virginicum,Oklahoma
PLANT-00571,melanthium virginicum,Pennsylvania
PLANT-00571,melanthium virginicum,South Carolina
PLANT-00571,melanthium virginicum,Tennessee
PLANT-00571,melanthium virginicum,Texas
PLANT-00571,melanthium virginicum,Virginia
PLANT-00571,melanthium virginicum,West Virginia
PLANT-00572,menispermum canadense,Alabama
PLANT-00572,menispermum canadense,Arkansas
PLANT-00572,menispermum canadense,Connecticut
PLANT-00572,menispermum canadense,Delaware
PLANT-00572,menispermum canadense,Florida
PLANT-00572,menispermum canadense,Georgia
PLANT-00572,menispermum canadense,Illinois
PLANT-00572,menispermum canadense,Indiana
PLANT-00572,menispermum canadense,Iowa
PLANT-00572,menispermum canadense,Kansas
PLANT-00572,menispermum canadense,Kentucky
PLANT-00572,menispermum canadense,Maryland
PLANT-00572,menispermum canadense,Massachusetts
PLANT-00572,menispermum canadense,Michigan
PLANT-00572,menispermum canadense,Minnesota
PLANT-00572,menispermum canadense,Mississippi
PLANT-00572,menispermum canadense,Missouri
PLANT-00572,menispermum canadense,Nebraska
PLANT-00572,menispermum canadense,New Hampshire
PLANT-00572,menispermum canadense,New Jersey
PLANT-00572,menispermum canadense,New York
PLANT-00572,menispermum canadense,North Carolina
PLANT-00572,menispermum canadense,North Dakota
PLANT-00572,menispermum canadense,Ohio
PLANT-00572,menispermum canadense,Oklahoma
PLANT-00572,menispermum canadense,Pennsylvania
PLANT-00572,menispermum canadense,South Carolina
PLANT-00572,menispermum canadense,South Dakota
PLANT-00572,menispermum canadense,Tennessee
PLANT-00572,menispermum canadense,Texas
PLANT-00572,menispermum canadense,Vermont
PLANT-00572,menispermum canadense,Virginia
PLANT-00572,menispermum canadense,West Virginia
PLANT-00572,menispermum canadense,Wisconsin
PLANT-00573,menyanthes trifoliata,Alaska
PLANT-00573,menyanthes trifoliata,Arizona
PLANT-00573,menyanthes trifoliata,California
PLANT-00573,menyanthes trifoliata,Colorado
PLANT-00573,menyanthes trifoliata,Connecticut
PLANT-00573,menyanthes trifoliata,Delaware
PLANT-00573,menyanthes trifoliata,Idaho
PLANT-00573,menyanthes trifoliata,Illinois
PLANT-00573,menyanthes trifoliata,Indiana
PLANT-00573,menyanthes trifoliata,Iowa
PLANT-00573,menyanthes trifoliata,Maine
PLANT-00573,menyanthes trifoliata,Maryland
PLANT-00573,menyanthes trifoliata,Massachusetts
PLANT-00573,menyanthes trifoliata,Michigan
PLANT-00573,menyanthes trifoliata,Minnesota
PLANT-00573,menyanthes trifoliata,Missouri
PLANT-00573,menyanthes trifoliata,Montana
PLANT-00573,menyanthes trifoliata,Nebraska
PLANT-00573,menyanthes trifoliata,Nevada
PLANT-00573,menyanthes trifoliata,New Hampshire
PLANT-00573,menyanthes trifoliata,New Jersey
PLANT-00573,menyanthes trifoliata,New Mexico
PLANT-00573,menyanthes trifoliata,New York
PLANT-00573,menyanthes trifoliata,North Carolina
PLANT-00573,menyanthes trifoliata,North Dakota
PLANT-00573,menyanthes trifoliata,Ohio
PLANT-00573,menyanthes trifoliata,Oregon
PLANT-00573,menyanthes trifoliata,Pennsylvania
PLANT-00573,menyanthes trifoliata,Rhode Island
PLANT-00573,menyanthes trifoliata,South Dakota
PLANT-00573,menyanthes trifoliata,Utah
PLANT-00573,menyanthes trifoliata,Vermont
PLANT-00573,menyanthes trifoliata,Virginia
PLANT-00573,menyanthes trifoliata,Washington
PLANT-00573,menyanthes trifoliata,West Virginia
PLANT-00573,menyanthes trifoliata,Wisconsin
PLANT-00573,menyanthes trifoliata,Wyoming
PLANT-00574,mertensia virginica,Alabama
PLANT-00574,mertensia virginica,Arkansas
PLANT-00574,mertensia virginica,Delaware
PLANT-00574,mertensia virginica,Georgia
PLANT-00574,mertensia virginica,Illinois
PLANT-00574,mertensia virginica,Indiana
PLANT-00574,mertensia virginica,Iowa
PLANT-00574,mertensia virginica,Kansas
PLANT-00574,mertensia virginica,Kentucky
PLANT-00574,mertensia virginica,Maine
PLANT-00574,mertensia virginica,Maryland
PLANT-00574,mertensia virginica,Massachusetts
PLANT-00574,mertensia virginica,Michigan
PLANT-00574,mertensia virginica,Minnesota
PLANT-00574,mertensia virginica,Mississippi
PLANT-00574,mertensia virginica,Missouri
PLANT-00574,mertensia virginica,New Jersey
PLANT-00574,mertensia virginica,New York
PLANT-00574,mertensia virginica,North Carolina
PLANT-00574,mertensia virginica,Ohio
PLANT-00574,mertensia virginica,Pennsylvania
PLANT-00574,mertensia virginica,South Carolina
PLANT-00574,mertensia virginica,Tennessee
PLANT-00574,mertensia virginica,Vermont
PLANT-00574,mertensia virginica,Virginia
PLANT-00574,mertensia virginica,West Virginia
PLANT-00574,mertensia virginica,Wisconsin
PLANT-00575,mespilus canescens,Arkansas
PLANT-00576,mimosa quadrivalvis,Missouri
PLANT-00577,mimulus alatus,Alabama
PLANT-00577,mimulus alatus,Arkansas
PLANT-00577,mimulus alatus,Connecticut
PLANT-00577,mimulus alatus,Delaware
PLANT-00577,mimulus alatus,Florida
PLANT-00577,mimulus alatus,Georgia
PLANT-00577,mimulus alatus,Illinois
PLANT-00577,mimulus alatus,Indiana
PLANT-00577,mimulus alatus,Iowa
PLANT-00577,mimulus alatus,Kansas
PLANT-00577,mimulus alatus,Kentucky
PLANT-00577,mimulus alatus,Louisiana
PLANT-00577,mimulus alatus,Maryland
PLANT-00577,mimulus alatus,Massachusetts
PLANT-00577,mimulus alatus,Michigan
PLANT-00577,mimulus alatus,Mississippi
PLANT-00577,mimulus alatus,Missouri
PLANT-00577,mimulus alatus,Nebraska
PLANT-00577,mimulus alatus,New Jersey
PLANT-00577,mimulus alatus,New York
PLANT-00577,mimulus alatus,North Carolina
PLANT-00577,mimulus alatus,Ohio
PLANT-00577,mimulus alatus,Oklahoma
PLANT-00577,mimulus alatus,Pennsylvania
PLANT-00577,mimulus alatus,South Carolina
PLANT-00577,mimulus alatus,Tennessee
PLANT-00577,mimulus alatus,Texas
PLANT-00577,mimulus alatus,Virginia
PLANT-00577,mimulus alatus,West Virginia
PLANT-00578,mimulus cardinalis,Arizona
PLANT-00578,mimulus cardinalis,California
PLANT-00578,mimulus cardinalis,Nevada
PLANT-00578,mimulus cardinalis,New Mexico
PLANT-00578,mimulus cardinalis,Oregon
PLANT-00578,mimulus cardinalis,Washington
PLANT-00579,mimulus ringens,Alabama
PLANT-00579,mimulus ringens,Arkansas
PLANT-00579,mimulus ringens,California
PLANT-00579,mimulus ringens,Colorado
PLANT-00579,mimulus ringens,Connecticut
PLANT-00579,mimulus ringens,Delaware
PLANT-00579,mimulus ringens,Georgia
PLANT-00579,mimulus ringens,Idaho
PLANT-00579,mimulus ringens,Illinois
PLANT-00579,mimulus ringens,Indiana
PLANT-00579,mimulus ringens,Iowa
PLANT-00579,mimulus ringens,Kansas
PLANT-00579,mimulus ringens,Kentucky
PLANT-00579,mimulus ringens,Louisiana
PLANT-00579,mimulus ringens,Maine
PLANT-00579,mimulus ringens,Maryland
PLANT-00579,mimulus ringens,Massachusetts
PLANT-00579,mimulus ringens,Michigan
PLANT-00579,mimulus ringens,Minnesota
PLANT-00579,mimulus ringens,Mississippi
PLANT-00579,mimulus ringens,Missouri
PLANT-00579,mimulus ringens,Montana
PLANT-00579,mimulus ringens,Nebraska
PLANT-00579,mimulus ringens,New Hampshire
PLANT-00579,mimulus ringens,New Jersey
PLANT-00579,mimulus ringens,New York
PLANT-00579,mimulus ringens,North Carolina
PLANT-00579,mimulus ringens,North Dakota
PLANT-00579,mimulus ringens,Ohio
PLANT-00579,mimulus ringens,Oklahoma
PLANT-00579,mimulus ringens,Oregon
PLANT-00579,mimulus ringens,Pennsylvania
PLANT-00579,mimulus ringens,Rhode Island
PLANT-00579,mimulus ringens,South Carolina
PLANT-00579,mimulus ringens,South Dakota
PLANT-00579,mimulus ringens,Tennessee
PLANT-00579,mimulus ringens,Texas
PLANT-00579,mimulus ringens,Vermont
PLANT-00579,mimulus ringens,Virginia
PLANT-00579,mimulus ringens,Washington
PLANT-00579,mimulus ringens,West Virginia
PLANT-00579,mimulus ringens,Wisconsin
PLANT-00580,mitchella repens,Alabama
PLANT-00580,mitchella repens,Connecticut
PLANT-00580,mitchella repens,Florida
PLANT-00580,mitchella repens,Illinois
PLANT-00580,mitchella repens,Louisiana
PLANT-00580,mitchella repens,Maine
PLANT-00580,mitchella repens,Maryland
PLANT-00580,mitchella repens,Massachusetts
PLANT-00580,mitchella repens,Michigan
PLANT-00580,mitchella repens,Minnesota
PLANT-00580,mitchella repens,Missouri
PLANT-00580,mitchella repens,New Hampshire
PLANT-00580,mitchella repens,New York
PLANT-00580,mitchella repens,North Carolina
PLANT-00580,mitchella repens,Ohio
PLANT-00580,mitchella repens,Rhode Island
PLANT-00580,mitchella repens,South Carolina
PLANT-00580,mitchella repens,Tennessee
PLANT-00580,mitchella repens,Texas
PLANT-00580,mitchella repens,Vermont
PLANT-00580,mitchella repens,Virginia
PLANT-00581,mitella diphylla,Alabama
PLANT-00581,mitella diphylla,Arkansas
PLANT-00581,mitella diphylla,Connecticut
PLANT-00581,mitella diphylla,Delaware
PLANT-00581,mitella diphylla,Georgia
PLANT-00581,mitella diphylla,Illinois
PLANT-00581,mitella diphylla,Indiana
PLANT-00581,mitella diphylla,Iowa
PLANT-00581,mitella diphylla,Kentucky
PLANT-00581,mitella diphylla,Maryland
PLANT-00581,mitella diphylla,Massachusetts
PLANT-00581,mitella diphylla,Michigan
PLANT-00581,mitella diphylla,Minnesota
PLANT-00581,mitella diphylla,Mississippi
PLANT-00581,mitella diphylla,Missouri
PLANT-00581,mitella diphylla,New Hampshire
PLANT-00581,mitella diphylla,New Jersey
PLANT-00581,mitella diphylla,New York
PLANT-00581,mitella diphylla,North Carolina
PLANT-00581,mitella diphylla,Ohio
PLANT-00581,mitella diphylla,Pennsylvania
PLANT-00581,mitella diphylla,South Carolina
PLANT-00581,mitella diphylla,Tennessee
PLANT-00581,mitella diphylla,Vermont
PLANT-00581,mitella diphylla,Virginia
PLANT-00581,mitella diphylla,West Virginia
PLANT-00581,mitella diphylla,Wisconsin
PLANT-00582,monarda bradburiana,Alabama
PLANT-00582,monarda bradburiana,Arkansas
PLANT-00582,monarda bradburiana,Illinois
PLANT-00582,monarda bradburiana,Indiana
PLANT-00582,monarda bradburiana,Iowa
PLANT-00582,monarda bradburiana,Kansas
PLANT-00582,monarda bradburiana,Kentucky
PLANT-00582,monarda bradburiana,Missouri
PLANT-00582,monarda bradburiana,Nebraska
PLANT-00582,monarda bradburiana,Oklahoma
PLANT-00582,monarda bradburiana,Tennessee
PLANT-00582,monarda bradburiana,Texas
PLANT-00583,monarda citriodora,Alabama
PLANT-00583,monarda citriodora,Arizona
PLANT-00583,monarda citriodora,Arkansas
PLANT-00583,monarda citriodora,Kansas
PLANT-00583,monarda citriodora,Missouri
PLANT-00583,monarda citriodora,New Mexico
PLANT-00583,monarda citriodora,Oklahoma
PLANT-00583,monarda citriodora,Tennessee
PLANT-00583,monarda citriodora,Texas
PLANT-00583,monarda citriodora,Utah
PLANT-00584,monarda didyma,Alabama
PLANT-00584,monarda didyma,Connecticut
PLANT-00584,monarda didyma,Georgia
PLANT-00584,monarda didyma,Maine
PLANT-00584,monarda didyma,Maryland
PLANT-00584,monarda didyma,Massachusetts
PLANT-00584,monarda didyma,Michigan
PLANT-00584,monarda didyma,Mississippi
PLANT-00584,monarda didyma,New Hampshire
PLANT-00584,monarda didyma,New Jersey
PLANT-00584,monarda didyma,New York
PLANT-00584,monarda didyma,North Carolina
PLANT-00584,monarda didyma,Ohio
PLANT-00584,monarda didyma,Pennsylvania
PLANT-00584,monarda didyma,Tennessee
PLANT-00584,monarda didyma,Vermont
PLANT-00584,monarda didyma,Virginia
PLANT-00584,monarda didyma,West Virginia
PLANT-00585,monarda fistulosa,Alabama
PLANT-00585,monarda fistulosa,Arizona
PLANT-00585,monarda fistulosa,Arkansas
PLANT-00585,monarda fistulosa,Colorado
PLANT-00585,monarda fistulosa,Connecticut
PLANT-00585,monarda fistulosa,Florida
PLANT-00585,monarda fistulosa,Georgia
PLANT-00585,monarda fistulosa,Illinois
PLANT-00585,monarda fistulosa,Indiana
PLANT-00585,monarda fistulosa,Iowa
PLANT-00585,monarda fistulosa,Kansas
PLANT-00585,monarda fistulosa,Kentucky
PLANT-00585,monarda fistulosa,Louisiana
PLANT-00585,monarda fistulosa,Maine
PLANT-00585,monarda fistulosa,Maryland
PLANT-00585,monarda fistulosa,Massachusetts
PLANT-00585,monarda fistulosa,Michigan
PLANT-00585,monarda fistulosa,Minnesota
PLANT-00585,monarda fistulosa,Mississippi
PLANT-00585,monarda fistulosa,Missouri
PLANT-00585,monarda fistulosa,Montana
PLANT-00585,monarda fistulosa,Nebraska
PLANT-00585,monarda fistulosa,New Hampshire
PLANT-00585,monarda fistulosa,New Jersey
PLANT-00585,monarda fistulosa,New Mexico
PLANT-00585,monarda fistulosa,New York
PLANT-00585,monarda fistulosa,North Carolina
PLANT-00585,monarda fistulosa,North Dakota
PLANT-00585,monarda fistulosa,Ohio
PLANT-00585,monarda fistulosa,Oklahoma
PLANT-00585,monarda fistulosa,Oregon
PLANT-00585,monarda fistulosa,Pennsylvania
PLANT-00585,monarda fistulosa,Rhode Island
PLANT-00585,monarda fistulosa,South Dakota
PLANT-00585,monarda fistulosa,Tennessee
PLANT-00585,monarda fistulosa,Texas
PLANT-00585,monarda fistulosa,Vermont
PLANT-00585,monarda fistulosa,Virginia
PLANT-00585,monarda fistulosa,Washington
PLANT-00585,monarda fistulosa,West Virginia
PLANT-00585,monarda fistulosa,Wisconsin
PLANT-00585,monarda fistulosa,Wyoming
PLANT-00586,monarda punctata,Alabama
PLANT-00586,monarda punctata,Arkansas
PLANT-00586,monarda punctata,Connecticut
PLANT-00586,monarda punctata,Florida
PLANT-00586,monarda punctata,Georgia
PLANT-00586,monarda punctata,Illinois
PLANT-00586,monarda punctata,Indiana
PLANT-00586,monarda punctata,Iowa
PLANT-00586,monarda punctata,Kansas
PLANT-00586,monarda punctata,Kentucky
PLANT-00586,monarda punctata,Louisiana
PLANT-00586,monarda punctata,Maryland
PLANT-00586,monarda punctata,Massachusetts
PLANT-00586,monarda punctata,Michigan
PLANT-00586,monarda punctata,Minnesota
PLANT-00586,monarda punctata,Mississippi
PLANT-00586,monarda punctata,Missouri
PLANT-00586,monarda punctata,New Jersey
PLANT-00586,monarda punctata,New Mexico
PLANT-00586,monarda punctata,New York
PLANT-00586,monarda punctata,North Carolina
PLANT-00586,monarda punctata,Ohio
PLANT-00586,monarda punctata,Oklahoma
PLANT-00586,monarda punctata,Pennsylvania
PLANT-00586,monarda punctata,South Carolina
PLANT-00586,monarda punctata,Tennessee
PLANT-00586,monarda punctata,Texas
PLANT-00586,monarda punctata,Vermont
PLANT-00586,monarda punctata,Virginia
PLANT-00586,monarda punctata,Wisconsin
PLANT-00587,morella cerifera,Alabama
PLANT-00587,morella cerifera,Arkansas
PLANT-00587,morella cerifera,Delaware
PLANT-00587,morella cerifera,Florida
PLANT-00587,morella cerifera,Georgia
PLANT-00587,morella cerifera,Louisiana
PLANT-00587,morella cerifera,Maryland
PLANT-00587,morella cerifera,Mississippi
PLANT-00587,morella cerifera,New Jersey
PLANT-00587,morella cerifera,North Carolina
PLANT-00587,morella cerifera,Oklahoma
PLANT-00587,morella cerifera,South Carolina
PLANT-00587,morella cerifera,Texas
PLANT-00587,morella cerifera,Virginia
PLANT-00587,morella cerifera,West Virginia
PLANT-00588,morus rubra,Alabama
PLANT-00588,morus rubra,Arkansas
PLANT-00588,morus rubra,Connecticut
PLANT-00588,morus rubra,Delaware
PLANT-00588,morus rubra,Florida
PLANT-00588,morus rubra,Georgia
PLANT-00588,morus rubra,Illinois
PLANT-00588,morus rubra,Indiana
PLANT-00588,morus rubra,Iowa
PLANT-00588,morus rubra,Kansas
PLANT-00588,morus rubra,Kentucky
PLANT-00588,morus rubra,Louisiana
PLANT-00588,morus rubra,Maryland
PLANT-00588,morus rubra,Massachusetts
PLANT-00588,morus rubra,Michigan
PLANT-00588,morus rubra,Minnesota
PLANT-00588,morus rubra,Mississippi
PLANT-00588,morus rubra,Missouri
PLANT-00588,morus rubra,Nebraska
PLANT-00588,morus rubra,New Jersey
PLANT-00588,morus rubra,New York
PLANT-00588,morus rubra,North Carolina
PLANT-00588,morus rubra,Ohio
PLANT-00588,morus rubra,Oklahoma
PLANT-00588,morus rubra,Pennsylvania
PLANT-00588,morus rubra,Rhode Island
PLANT-00588,morus rubra,South Carolina
PLANT-00588,morus rubra,South Dakota
PLANT-00588,morus rubra,Tennessee
PLANT-00588,morus rubra,Texas
PLANT-00588,morus rubra,Vermont
PLANT-00588,morus rubra,Virginia
PLANT-00588,morus rubra,West Virginia
PLANT-00588,morus rubra,Wisconsin
PLANT-00589,muhlenbergia capillaris,Alabama
PLANT-00589,muhlenbergia capillaris,Arkansas
PLANT-00589,muhlenbergia capillaris,Connecticut
PLANT-00589,muhlenbergia capillaris,Delaware
PLANT-00589,muhlenbergia capillaris,Florida
PLANT-00589,muhlenbergia capillaris,Georgia
PLANT-00589,muhlenbergia capillaris,Illinois
PLANT-00589,muhlenbergia capillaris,Indiana
PLANT-00589,muhlenbergia capillaris,Kansas
PLANT-00589,muhlenbergia capillaris,Kentucky
PLANT-00589,muhlenbergia capillaris,Louisiana
PLANT-00589,muhlenbergia capillaris,Maryland
PLANT-00589,muhlenbergia capillaris,Massachusetts
PLANT-00589,muhlenbergia capillaris,Mississippi
PLANT-00589,muhlenbergia capillaris,Missouri
PLANT-00589,muhlenbergia capillaris,New Jersey
PLANT-00589,muhlenbergia capillaris,New York
PLANT-00589,muhlenbergia capillaris,North Carolina
PLANT-00589,muhlenbergia capillaris,Ohio
PLANT-00589,muhlenbergia capillaris,Oklahoma
PLANT-00589,muhlenbergia capillaris,Pennsylvania
PLANT-00589,muhlenbergia capillaris,South Carolina
PLANT-00589,muhlenbergia capillaris,Tennessee
PLANT-00589,muhlenbergia capillaris,Texas
PLANT-00589,muhlenbergia capillaris,Virginia
PLANT-00589,muhlenbergia capillaris,West Virginia
PLANT-00590,muhlenbergia rigens,Arizona
PLANT-00590,muhlenbergia rigens,California
PLANT-00590,muhlenbergia rigens,Nevada
PLANT-00590,muhlenbergia rigens,New Mexico
PLANT-00590,muhlenbergia rigens,Texas
PLANT-00591,myrica pensylvanica,Connecticut
PLANT-00591,myrica pensylvanica,Delaware
PLANT-00591,myrica pensylvanica,Maine
PLANT-00591,myrica pensylvanica,Maryland
PLANT-00591,myrica pensylvanica,Massachusetts
PLANT-00591,myrica pensylvanica,New Hampshire
PLANT-00591,myrica pensylvanica,New Jersey
PLANT-00591,myrica pensylvanica,New York
PLANT-00591,myrica pensylvanica,North Carolina
PLANT-00591,myrica pensylvanica,Ohio
PLANT-00591,myrica pensylvanica,Pennsylvania
PLANT-00591,myrica pensylvanica,Rhode Island
PLANT-00591,myrica pensylvanica,Virginia
PLANT-00591,myrica pensylvanica,West Virginia
PLANT-00592,napaea dioica,Illinois
PLANT-00592,napaea dioica,Indiana
PLANT-00592,napaea dioica,Iowa
PLANT-00592,napaea dioica,Minnesota
PLANT-00592,napaea dioica,Ohio
PLANT-00592,napaea dioica,Pennsylvania
PLANT-00592,napaea dioica,Vermont
PLANT-00592,napaea dioica,Virginia
PLANT-00592,napaea dioica,Wisconsin
PLANT-00593,nassella tenuissima,New Mexico
PLANT-00593,nassella tenuissima,Texas
PLANT-00594,nelumbo lutea,Alabama
PLANT-00594,nelumbo lutea,Arkansas
PLANT-00594,nelumbo lutea,Delaware
PLANT-00594,nelumbo lutea,Florida
PLANT-00594,nelumbo lutea,Georgia
PLANT-00594,nelumbo lutea,Illinois
PLANT-00594,nelumbo lutea,Indiana
PLANT-00594,nelumbo lutea,Iowa
PLANT-00594,nelumbo lutea,Kansas
PLANT-00594,nelumbo lutea,Kentucky
PLANT-00594,nelumbo lutea,Louisiana
PLANT-00594,nelumbo lutea,Maryland
PLANT-00594,nelumbo lutea,Michigan
PLANT-00594,nelumbo lutea,Minnesota
PLANT-00594,nelumbo lutea,Mississippi
PLANT-00594,nelumbo lutea,Missouri
PLANT-00594,nelumbo lutea,Nebraska
PLANT-00594,nelumbo lutea,New Jersey
PLANT-00594,nelumbo lutea,North Carolina
PLANT-00594,nelumbo lutea,Ohio
PLANT-00594,nelumbo lutea,Oklahoma
PLANT-00594,nelumbo lutea,Pennsylvania
PLANT-00594,nelumbo lutea,South Carolina
PLANT-00594,nelumbo lutea,Tennessee
PLANT-00594,nelumbo lutea,Texas
PLANT-00594,nelumbo lutea,Virginia
PLANT-00594,nelumbo lutea,West Virginia
PLANT-00594,nelumbo lutea,Wisconsin
PLANT-00595,neviusia alabamensis,Alabama
PLANT-00595,neviusia alabamensis,Arkansas
PLANT-00595,neviusia alabamensis,Georgia
PLANT-00595,neviusia alabamensis,Mississippi
PLANT-00595,neviusia alabamensis,Missouri
PLANT-00595,neviusia alabamensis,Tennessee
PLANT-00596,nothoscordum bivalve,Alabama
PLANT-00596,nothoscordum bivalve,Arizona
PLANT-00596,nothoscordum bivalve,Arkansas
PLANT-00596,nothoscordum bivalve,Florida
PLANT-00596,nothoscordum bivalve,Georgia
PLANT-00596,nothoscordum bivalve,Illinois
PLANT-00596,nothoscordum bivalve,Indiana
PLANT-00596,nothoscordum bivalve,Kansas
PLANT-00596,nothoscordum bivalve,Kentucky
PLANT-00596,nothoscordum bivalve,Louisiana
PLANT-00596,nothoscordum bivalve,Mississippi
PLANT-00596,nothoscordum bivalve,Missouri
PLANT-00596,nothoscordum bivalve,New Mexico
PLANT-00596,nothoscordum bivalve,North Carolina
PLANT-00596,nothoscordum bivalve,Ohio
PLANT-00596,nothoscordum bivalve,Oklahoma
PLANT-00596,nothoscordum bivalve,South Carolina
PLANT-00596,nothoscordum bivalve,Tennessee
PLANT-00596,nothoscordum bivalve,Texas
PLANT-00596,nothoscordum bivalve,Virginia
PLANT-00597,nuphar lutea,Missouri
PLANT-00598,nymphoides indica,Hawaii
PLANT-00599,nyssa aquatica,Alabama
PLANT-00599,nyssa aquatica,Arkansas
PLANT-00599,nyssa aquatica,Florida
PLANT-00599,nyssa aquatica,Georgia
PLANT-00599,nyssa aquatica,Illinois
PLANT-00599,nyssa aquatica,Kentucky
PLANT-00599,nyssa aquatica,Louisiana
PLANT-00599,nyssa aquatica,Mississippi
PLANT-00599,nyssa aquatica,Missouri
PLANT-00599,nyssa aquatica,North Carolina
PLANT-00599,nyssa aquatica,South Carolina
PLANT-00599,nyssa aquatica,Tennessee
PLANT-00599,nyssa aquatica,Texas
PLANT-00599,nyssa aquatica,Virginia
PLANT-00600,nyssa sylvatica,Alabama
PLANT-00600,nyssa sylvatica,Arkansas
PLANT-00600,nyssa sylvatica,Connecticut
PLANT-00600,nyssa sylvatica,Delaware
PLANT-00600,nyssa sylvatica,Florida
PLANT-00600,nyssa sylvatica,Georgia
PLANT-00600,nyssa sylvatica,Illinois
PLANT-00600,nyssa sylvatica,Indiana
PLANT-00600,nyssa sylvatica,Kansas
PLANT-00600,nyssa sylvatica,Kentucky
PLANT-00600,nyssa sylvatica,Louisiana
PLANT-00600,nyssa sylvatica,Maine
PLANT-00600,nyssa sylvatica,Maryland
PLANT-00600,nyssa sylvatica,Michigan
PLANT-00600,nyssa sylvatica,Mississippi
PLANT-00600,nyssa sylvatica,Missouri
PLANT-00600,nyssa sylvatica,New Hampshire
PLANT-00600,nyssa sylvatica,New Jersey
PLANT-00600,nyssa sylvatica,New York
PLANT-00600,nyssa sylvatica,North Carolina
PLANT-00600,nyssa sylvatica,Ohio
PLANT-00600,nyssa sylvatica,Oklahoma
PLANT-00600,nyssa sylvatica,Pennsylvania
PLANT-00600,nyssa sylvatica,Rhode Island
PLANT-00600,nyssa sylvatica,South Carolina
PLANT-00600,nyssa sylvatica,Tennessee
PLANT-00600,nyssa sylvatica,Texas
PLANT-00600,nyssa sylvatica,Vermont
PLANT-00600,nyssa sylvatica,Virginia
PLANT-00600,nyssa sylvatica,West Virginia
PLANT-00600,nyssa sylvatica,Wisconsin
PLANT-00601,oemleria cerasiformis,California
PLANT-00601,oemleria cerasiformis,Oregon
PLANT-00601,oemleria cerasiformis,Washington
PLANT-00602,oenothera biennis,Alabama
PLANT-00602,oenothera biennis,Arkansas
PLANT-00602,oenothera biennis,California
PLANT-00602,oenothera biennis,Connecticut
PLANT-00602,oenothera biennis,Delaware
PLANT-00602,oenothera biennis,Florida
PLANT-00602,oenothera biennis,Georgia
PLANT-00602,oenothera biennis,Illinois
PLANT-00602,oenothera biennis,Indiana
PLANT-00602,oenothera biennis,Iowa
PLANT-00602,oenothera biennis,Kansas
PLANT-00602,oenothera biennis,Kentucky
PLANT-00602,oenothera biennis,Louisiana
PLANT-00602,oenothera biennis,Maine
PLANT-00602,oenothera biennis,Maryland
PLANT-00602,oenothera biennis,Massachusetts
PLANT-00602,oenothera biennis,Michigan
PLANT-00602,oenothera biennis,Minnesota
PLANT-00602,oenothera biennis,Mississippi
PLANT-00602,oenothera biennis,Missouri
PLANT-00602,oenothera biennis,Montana
PLANT-00602,oenothera biennis,Nebraska
PLANT-00602,oenothera biennis,Nevada
PLANT-00602,oenothera biennis,New Hampshire
PLANT-00602,oenothera biennis,New Jersey
PLANT-00602,oenothera biennis,New Mexico
PLANT-00602,oenothera biennis,New York
PLANT-00602,oenothera biennis,North Carolina
PLANT-00602,oenothera biennis,North Dakota
PLANT-00602,oenothera biennis,Ohio
PLANT-00602,oenothera biennis,Oklahoma
PLANT-00602,oenothera biennis,Oregon
PLANT-00602,oenothera biennis,Pennsylvania
PLANT-00602,oenothera biennis,Rhode Island
PLANT-00602,oenothera biennis,South Carolina
PLANT-00602,oenothera biennis,South Dakota
PLANT-00602,oenothera biennis,Tennessee
PLANT-00602,oenothera biennis,Texas
PLANT-00602,oenothera biennis,Vermont
PLANT-00602,oenothera biennis,Virginia
PLANT-00602,oenothera biennis,Washington
PLANT-00602,oenothera biennis,West Virginia
PLANT-00602,oenothera biennis,Wisconsin
PLANT-00603,oenothera fruticosa subsp. glauca,Alabama
PLANT-00603,oenothera fruticosa subsp. glauca,Connecticut
PLANT-00603,oenothera fruticosa subsp. glauca,Delaware
PLANT-00603,oenothera fruticosa subsp. glauca,Georgia
PLANT-00603,oenothera fruticosa subsp. glauca,Illinois
PLANT-00603,oenothera fruticosa subsp. glauca,Indiana
PLANT-00603,oenothera fruticosa subsp. glauca,Kentucky
PLANT-00603,oenothera fruticosa subsp. glauca,Louisiana
PLANT-00603,oenothera fruticosa subsp. glauca,Maine
PLANT-00603,oenothera fruticosa subsp. glauca,Maryland
PLANT-00603,oenothera fruticosa subsp. glauca,Massachusetts
PLANT-00603,oenothera fruticosa subsp. glauca,Michigan
PLANT-00603,oenothera fruticosa subsp. glauca,Missouri
PLANT-00603,oenothera fruticosa subsp. glauca,New Hampshire
PLANT-00603,oenothera fruticosa subsp. glauca,New Jersey
PLANT-00603,oenothera fruticosa subsp. glauca,New York
PLANT-00603,oenothera fruticosa subsp. glauca,North Carolina
PLANT-00603,oenothera fruticosa subsp. glauca,Ohio
PLANT-00603,oenothera fruticosa subsp. glauca,Pennsylvania
PLANT-00603,oenothera fruticosa subsp. glauca,Rhode Island
PLANT-00603,oenothera fruticosa subsp. glauca,South Carolina
PLANT-00603,oenothera fruticosa subsp. glauca,Tennessee
PLANT-00603,oenothera fruticosa subsp. glauca,Virginia
PLANT-00603,oenothera fruticosa subsp. glauca,West Virginia
PLANT-00604,oenothera macrocarpa,Arkansas
PLANT-00604,oenothera macrocarpa,Illinois
PLANT-00604,oenothera macrocarpa,Kansas
PLANT-00604,oenothera macrocarpa,Missouri
PLANT-00604,oenothera macrocarpa,Nebraska
PLANT-00604,oenothera macrocarpa,Oklahoma
PLANT-00604,oenothera macrocarpa,Tennessee
PLANT-00604,oenothera macrocarpa,Texas
PLANT-00604,oenothera macrocarpa,Wyoming
PLANT-00605,oenothera pilosella,Alabama
PLANT-00605,oenothera pilosella,Arkansas
PLANT-00605,oenothera pilosella,Illinois
PLANT-00605,oenothera pilosella,Indiana
PLANT-00605,oenothera pilosella,Iowa
PLANT-00605,oenothera pilosella,Kentucky
PLANT-00605,oenothera pilosella,Louisiana
PLANT-00605,oenothera pilosella,Michigan
PLANT-00605,oenothera pilosella,Mississippi
PLANT-00605,oenothera pilosella,Missouri
PLANT-00605,oenothera pilosella,New York
PLANT-00605,oenothera pilosella,Ohio
PLANT-00605,oenothera pilosella,Pennsylvania
PLANT-00605,oenothera pilosella,West Virginia
PLANT-00605,oenothera pilosella,Wisconsin
PLANT-00606,oenothera speciosa,Alabama
PLANT-00606,oenothera speciosa,Arizona
PLANT-00606,oenothera speciosa,Arkansas
PLANT-00606,oenothera speciosa,California
PLANT-00606,oenothera speciosa,Connecticut
PLANT-00606,oenothera speciosa,Florida
PLANT-00606,oenothera speciosa,Georgia
PLANT-00606,oenothera speciosa,Illinois
PLANT-00606,oenothera speciosa,Indiana
PLANT-00606,oenothera speciosa,Iowa
PLANT-00606,oenothera speciosa,Kansas
PLANT-00606,oenothera speciosa,Kentucky
PLANT-00606,oenothera speciosa,Louisiana
PLANT-00606,oenothera speciosa,Mississippi
PLANT-00606,oenothera speciosa,Missouri
PLANT-00606,oenothera speciosa,Nebraska
PLANT-00606,oenothera speciosa,New Mexico
PLANT-00606,oenothera speciosa,North Carolina
PLANT-00606,oenothera speciosa,Ohio
PLANT-00606,oenothera speciosa,Oklahoma
PLANT-00606,oenothera speciosa,Pennsylvania
PLANT-00606,oenothera speciosa,South Carolina
PLANT-00606,oenothera speciosa,Tennessee
PLANT-00606,oenothera speciosa,Texas
PLANT-00606,oenothera speciosa,Utah
PLANT-00606,oenothera speciosa,Virginia
PLANT-00606,oenothera speciosa,West Virginia
PLANT-00607,onoclea sensibilis,Alabama
PLANT-00607,onoclea sensibilis,Arkansas
PLANT-00607,onoclea sensibilis,Colorado
PLANT-00607,onoclea sensibilis,Connecticut
PLANT-00607,onoclea sensibilis,Delaware
PLANT-00607,onoclea sensibilis,Florida
PLANT-00607,onoclea sensibilis,Georgia
PLANT-00607,onoclea sensibilis,Illinois
PLANT-00607,onoclea sensibilis,Indiana
PLANT-00607,onoclea sensibilis,Iowa
PLANT-00607,onoclea sensibilis,Kansas
PLANT-00607,onoclea sensibilis,Kentucky
PLANT-00607,onoclea sensibilis,Louisiana
PLANT-00607,onoclea sensibilis,Maine
PLANT-00607,onoclea sensibilis,Maryland
PLANT-00607,onoclea sensibilis,Massachusetts
PLANT-00607,onoclea sensibilis,Michigan
PLANT-00607,onoclea sensibilis,Minnesota
PLANT-00607,onoclea sensibilis,Mississippi
PLANT-00607,onoclea sensibilis,Missouri
PLANT-00607,onoclea sensibilis,Nebraska
PLANT-00607,onoclea sensibilis,New Hampshire
PLANT-00607,onoclea sensibilis,New Jersey
PLANT-00607,onoclea sensibilis,New York
PLANT-00607,onoclea sensibilis,North Carolina
PLANT-00607,onoclea sensibilis,North Dakota
PLANT-00607,onoclea sensibilis,Ohio
PLANT-00607,onoclea sensibilis,Oklahoma
PLANT-00607,onoclea sensibilis,Pennsylvania
PLANT-00607,onoclea sensibilis,Rhode Island
PLANT-00607,onoclea sensibilis,South Carolina
PLANT-00607,onoclea sensibilis,South Dakota
PLANT-00607,onoclea sensibilis,Tennessee
PLANT-00607,onoclea sensibilis,Texas
PLANT-00607,onoclea sensibilis,Vermont
PLANT-00607,onoclea sensibilis,Virginia
PLANT-00607,onoclea sensibilis,West Virginia
PLANT-00607,onoclea sensibilis,Wisconsin
PLANT-00607,onoclea sensibilis,Wyoming
PLANT-00608,onosmodium molle,Alabama
PLANT-00608,onosmodium molle,Arkansas
PLANT-00608,onosmodium molle,Illinois
PLANT-00608,onosmodium molle,Kentucky
PLANT-00608,onosmodium molle,Louisiana
PLANT-00608,onosmodium molle,Oklahoma
PLANT-00608,onosmodium molle,Tennessee
PLANT-00608,onosmodium molle,Texas
PLANT-00609,onosmodium molle subsp. occidentale,Alabama
PLANT-00609,onosmodium molle subsp. occidentale,Arkansas
PLANT-00609,onosmodium molle subsp. occidentale,Colorado
PLANT-00609,onosmodium molle subsp. occidentale,Georgia
PLANT-00609,onosmodium molle subsp. occidentale,Illinois
PLANT-00609,onosmodium molle subsp. occidentale,Iowa
PLANT-00609,onosmodium molle subsp. occidentale,Kansas
PLANT-00609,onosmodium molle subsp. occidentale,Kentucky
PLANT-00609,onosmodium molle subsp. occidentale,Louisiana
PLANT-00609,onosmodium molle subsp. occidentale,Minnesota
PLANT-00609,onosmodium molle subsp. occidentale,Mississippi
PLANT-00609,onosmodium molle subsp. occidentale,Missouri
PLANT-00609,onosmodium molle subsp. occidentale,Montana
PLANT-00609,onosmodium molle subsp. occidentale,Nebraska
PLANT-00609,onosmodium molle subsp. occidentale,New Mexico
PLANT-00609,onosmodium molle subsp. occidentale,North Dakota
PLANT-00609,onosmodium molle subsp. occidentale,Oklahoma
PLANT-00609,onosmodium molle subsp. occidentale,South Dakota
PLANT-00609,onosmodium molle subsp. occidentale,Tennessee
PLANT-00609,onosmodium molle subsp. occidentale,Texas
PLANT-00609,onosmodium molle subsp. occidentale,Utah
PLANT-00609,onosmodium molle subsp. occidentale,Virginia
PLANT-00609,onosmodium molle subsp. occidentale,Wisconsin
PLANT-00609,onosmodium molle subsp. occidentale,Wyoming
PLANT-00610,opuntia humifusa,Alabama
PLANT-00610,opuntia humifusa,Arkansas
PLANT-00610,opuntia humifusa,Connecticut
PLANT-00610,opuntia humifusa,Delaware
PLANT-00610,opuntia humifusa,Florida
PLANT-00610,opuntia humifusa,Georgia
PLANT-00610,opuntia humifusa,Illinois
PLANT-00610,opuntia humifusa,Indiana
PLANT-00610,opuntia humifusa,Iowa
PLANT-00610,opuntia humifusa,Kansas
PLANT-00610,opuntia humifusa,Kentucky
PLANT-00610,opuntia humifusa,Louisiana
PLANT-00610,opuntia humifusa,Maryland
PLANT-00610,opuntia humifusa,Massachusetts
PLANT-00610,opuntia humifusa,Michigan
PLANT-00610,opuntia humifusa,Minnesota
PLANT-00610,opuntia humifusa,Mississippi
PLANT-00610,opuntia humifusa,Missouri
PLANT-00610,opuntia humifusa,New Hampshire
PLANT-00610,opuntia humifusa,New Jersey
PLANT-00610,opuntia humifusa,New York
PLANT-00610,opuntia humifusa,North Carolina
PLANT-00610,opuntia humifusa,Ohio
PLANT-00610,opuntia humifusa,Oklahoma
PLANT-00610,opuntia humifusa,Pennsylvania
PLANT-00610,opuntia humifusa,Rhode Island
PLANT-00610,opuntia humifusa,South Carolina
PLANT-00610,opuntia humifusa,Tennessee
PLANT-00610,opuntia humifusa,Texas
PLANT-00610,opuntia humifusa,Virginia
PLANT-00610,opuntia humifusa,West Virginia
PLANT-00610,opuntia humifusa,Wisconsin
PLANT-00611,opuntia macrorhiza,Arizona
PLANT-00611,opuntia macrorhiza,Arkansas
PLANT-00611,opuntia macrorhiza,Colorado
PLANT-00611,opuntia macrorhiza,Missouri
PLANT-00611,opuntia macrorhiza,New Mexico
PLANT-00611,opuntia macrorhiza,Texas
PLANT-00611,opuntia macrorhiza,Utah
PLANT-00612,orontium aquaticum,Alabama
PLANT-00612,orontium aquaticum,Connecticut
PLANT-00612,orontium aquaticum,Delaware
PLANT-00612,orontium aquaticum,Florida
PLANT-00612,orontium aquaticum,Georgia
PLANT-00612,orontium aquaticum,Kentucky
PLANT-00612,orontium aquaticum,Louisiana
PLANT-00612,orontium aquaticum,Maryland
PLANT-00612,orontium aquaticum,Massachusetts
PLANT-00612,orontium aquaticum,Mississippi
PLANT-00612,orontium aquaticum,New Jersey
PLANT-00612,orontium aquaticum,New York
PLANT-00612,orontium aquaticum,North Carolina
PLANT-00612,orontium aquaticum,Pennsylvania
PLANT-00612,orontium aquaticum,Rhode Island
PLANT-00612,orontium aquaticum,South Carolina
PLANT-00612,orontium aquaticum,Tennessee
PLANT-00612,orontium aquaticum,Texas
PLANT-00612,orontium aquaticum,Virginia
PLANT-00612,orontium aquaticum,West Virginia
PLANT-00613,osmorhiza longistylis,Alabama
PLANT-00613,osmorhiza longistylis,Arkansas
PLANT-00613,osmorhiza longistylis,Colorado
PLANT-00613,osmorhiza longistylis,Connecticut
PLANT-00613,osmorhiza longistylis,Delaware
PLANT-00613,osmorhiza longistylis,Georgia
PLANT-00613,osmorhiza longistylis,Illinois
PLANT-00613,osmorhiza longistylis,Indiana
PLANT-00613,osmorhiza longistylis,Iowa
PLANT-00613,osmorhiza longistylis,Kansas
PLANT-00613,osmorhiza longistylis,Kentucky
PLANT-00613,osmorhiza longistylis,Maine
PLANT-00613,osmorhiza longistylis,Maryland
PLANT-00613,osmorhiza longistylis,Massachusetts
PLANT-00613,osmorhiza longistylis,Michigan
PLANT-00613,osmorhiza longistylis,Minnesota
PLANT-00613,osmorhiza longistylis,Mississippi
PLANT-00613,osmorhiza longistylis,Missouri
PLANT-00613,osmorhiza longistylis,Montana
PLANT-00613,osmorhiza longistylis,Nebraska
PLANT-00613,osmorhiza longistylis,New Hampshire
PLANT-00613,osmorhiza longistylis,New Jersey
PLANT-00613,osmorhiza longistylis,New Mexico
PLANT-00613,osmorhiza longistylis,New York
PLANT-00613,osmorhiza longistylis,North Carolina
PLANT-00613,osmorhiza longistylis,North Dakota
PLANT-00613,osmorhiza longistylis,Ohio
PLANT-00613,osmorhiza longistylis,Oklahoma
PLANT-00613,osmorhiza longistylis,Pennsylvania
PLANT-00613,osmorhiza longistylis,Rhode Island
PLANT-00613,osmorhiza longistylis,South Carolina
PLANT-00613,osmorhiza longistylis,South Dakota
PLANT-00613,osmorhiza longistylis,Tennessee
PLANT-00613,osmorhiza longistylis,Texas
PLANT-00613,osmorhiza longistylis,Vermont
PLANT-00613,osmorhiza longistylis,Virginia
PLANT-00613,osmorhiza longistylis,West Virginia
PLANT-00613,osmorhiza longistylis,Wisconsin
PLANT-00613,osmorhiza longistylis,Wyoming
PLANT-00614,osmunda claytoniana,Alabama
PLANT-00614,osmunda claytoniana,Arkansas
PLANT-00614,osmunda claytoniana,Connecticut
PLANT-00614,osmunda claytoniana,Delaware
PLANT-00614,osmunda claytoniana,Georgia
PLANT-00614,osmunda claytoniana,Illinois
PLANT-00614,osmunda claytoniana,Indiana
PLANT-00614,osmunda claytoniana,Iowa
PLANT-00614,osmunda claytoniana,Kentucky
PLANT-00614,osmunda claytoniana,Maine
PLANT-00614,osmunda claytoniana,Maryland
PLANT-00614,osmunda claytoniana,Massachusetts
PLANT-00614,osmunda claytoniana,Michigan
PLANT-00614,osmunda claytoniana,Minnesota
PLANT-00614,osmunda claytoniana,Mississippi
PLANT-00614,osmunda claytoniana,Missouri
PLANT-00614,osmunda claytoniana,New Hampshire
PLANT-00614,osmunda claytoniana,New Jersey
PLANT-00614,osmunda claytoniana,New York
PLANT-00614,osmunda claytoniana,North Carolina
PLANT-00614,osmunda claytoniana,Ohio
PLANT-00614,osmunda claytoniana,Pennsylvania
PLANT-00614,osmunda claytoniana,Rhode Island
PLANT-00614,osmunda claytoniana,South Carolina
PLANT-00614,osmunda claytoniana,Tennessee
PLANT-00614,osmunda claytoniana,Vermont
PLANT-00614,osmunda claytoniana,Virginia
PLANT-00614,osmunda claytoniana,West Virginia
PLANT-00614,osmunda claytoniana,Wisconsin
PLANT-00615,osmunda regalis var. spectabilis,Alabama
PLANT-00615,osmunda regalis var. spectabilis,Arkansas
PLANT-00615,osmunda regalis var. spectabilis,Connecticut
PLANT-00615,osmunda regalis var. spectabilis,Delaware
PLANT-00615,osmunda regalis var. spectabilis,Florida
PLANT-00615,osmunda regalis var. spectabilis,Georgia
PLANT-00615,osmunda regalis var. spectabilis,Illinois
PLANT-00615,osmunda regalis var. spectabilis,Indiana
PLANT-00615,osmunda regalis var. spectabilis,Iowa
PLANT-00615,osmunda regalis var. spectabilis,Kansas
PLANT-00615,osmunda regalis var. spectabilis,Kentucky
PLANT-00615,osmunda regalis var. spectabilis,Louisiana
PLANT-00615,osmunda regalis var. spectabilis,Maine
PLANT-00615,osmunda regalis var. spectabilis,Maryland
PLANT-00615,osmunda regalis var. spectabilis,Massachusetts
PLANT-00615,osmunda regalis var. spectabilis,Michigan
PLANT-00615,osmunda regalis var. spectabilis,Minnesota
PLANT-00615,osmunda regalis var. spectabilis,Mississippi
PLANT-00615,osmunda regalis var. spectabilis,Missouri
PLANT-00615,osmunda regalis var. spectabilis,New Hampshire
PLANT-00615,osmunda regalis var. spectabilis,New Jersey
PLANT-00615,osmunda regalis var. spectabilis,New York
PLANT-00615,osmunda regalis var. spectabilis,North Carolina
PLANT-00615,osmunda regalis var. spectabilis,Ohio
PLANT-00615,osmunda regalis var. spectabilis,Oklahoma
PLANT-00615,osmunda regalis var. spectabilis,Pennsylvania
PLANT-00615,osmunda regalis var. spectabilis,Rhode Island
PLANT-00615,osmunda regalis var. spectabilis,South Carolina
PLANT-00615,osmunda regalis var. spectabilis,Tennessee
PLANT-00615,osmunda regalis var. spectabilis,Texas
PLANT-00615,osmunda regalis var. spectabilis,Vermont
PLANT-00615,osmunda regalis var. spectabilis,Virginia
PLANT-00615,osmunda regalis var. spectabilis,West Virginia
PLANT-00615,osmunda regalis var. spectabilis,Wisconsin
PLANT-00616,osmundastrum cinnamomeum,Alabama
PLANT-00616,osmundastrum cinnamomeum,Arkansas
PLANT-00616,osmundastrum cinnamomeum,Connecticut
PLANT-00616,osmundastrum cinnamomeum,Delaware
PLANT-00616,osmundastrum cinnamomeum,Florida
PLANT-00616,osmundastrum cinnamomeum,Georgia
PLANT-00616,osmundastrum cinnamomeum,Illinois
PLANT-00616,osmundastrum cinnamomeum,Indiana
PLANT-00616,osmundastrum cinnamomeum,Iowa
PLANT-00616,osmundastrum cinnamomeum,Kentucky
PLANT-00616,osmundastrum cinnamomeum,Louisiana
PLANT-00616,osmundastrum cinnamomeum,Maine
PLANT-00616,osmundastrum cinnamomeum,Maryland
PLANT-00616,osmundastrum cinnamomeum,Massachusetts
PLANT-00616,osmundastrum cinnamomeum,Michigan
PLANT-00616,osmundastrum cinnamomeum,Minnesota
PLANT-00616,osmundastrum cinnamomeum,Mississippi
PLANT-00616,osmundastrum cinnamomeum,Missouri
PLANT-00616,osmundastrum cinnamomeum,New Hampshire
PLANT-00616,osmundastrum cinnamomeum,New Jersey
PLANT-00616,osmundastrum cinnamomeum,New York
PLANT-00616,osmundastrum cinnamomeum,North Carolina
PLANT-00616,osmundastrum cinnamomeum,Ohio
PLANT-00616,osmundastrum cinnamomeum,Oklahoma
PLANT-00616,osmundastrum cinnamomeum,Pennsylvania
PLANT-00616,osmundastrum cinnamomeum,Rhode Island
PLANT-00616,osmundastrum cinnamomeum,South Carolina
PLANT-00616,osmundastrum cinnamomeum,Tennessee
PLANT-00616,osmundastrum cinnamomeum,Texas
PLANT-00616,osmundastrum cinnamomeum,Vermont
PLANT-00616,osmundastrum cinnamomeum,Virginia
PLANT-00616,osmundastrum cinnamomeum,West Virginia
PLANT-00616,osmundastrum cinnamomeum,Wisconsin
PLANT-00617,ostrya virginiana,Alabama
PLANT-00617,ostrya virginiana,Arkansas
PLANT-00617,ostrya virginiana,Connecticut
PLANT-00617,ostrya virginiana,Delaware
PLANT-00617,ostrya virginiana,Florida
PLANT-00617,ostrya virginiana,Georgia
PLANT-00617,ostrya virginiana,Illinois
PLANT-00617,ostrya virginiana,Indiana
PLANT-00617,ostrya virginiana,Iowa
PLANT-00617,ostrya virginiana,Kansas
PLANT-00617,ostrya virginiana,Kentucky
PLANT-00617,ostrya virginiana,Louisiana
PLANT-00617,ostrya virginiana,Maine
PLANT-00617,ostrya virginiana,Maryland
PLANT-00617,ostrya virginiana,Massachusetts
PLANT-00617,ostrya virginiana,Michigan
PLANT-00617,ostrya virginiana,Minnesota
PLANT-00617,ostrya virginiana,Mississippi
PLANT-00617,ostrya virginiana,Missouri
PLANT-00617,ostrya virginiana,Nebraska
PLANT-00617,ostrya virginiana,New Hampshire
PLANT-00617,ostrya virginiana,New Jersey
PLANT-00617,ostrya virginiana,New York
PLANT-00617,ostrya virginiana,North Carolina
PLANT-00617,ostrya virginiana,North Dakota
PLANT-00617,ostrya virginiana,Ohio
PLANT-00617,ostrya virginiana,Oklahoma
PLANT-00617,ostrya virginiana,Pennsylvania
PLANT-00617,ostrya virginiana,Rhode Island
PLANT-00617,ostrya virginiana,South Carolina
PLANT-00617,ostrya virginiana,South Dakota
PLANT-00617,ostrya virginiana,Tennessee
PLANT-00617,ostrya virginiana,Texas
PLANT-00617,ostrya virginiana,Vermont
PLANT-00617,ostrya virginiana,Virginia
PLANT-00617,ostrya virginiana,West Virginia
PLANT-00617,ostrya virginiana,Wisconsin
PLANT-00617,ostrya virginiana,Wyoming
PLANT-00618,oxalis violacea,Alabama
PLANT-00618,oxalis violacea,Arizona
PLANT-00618,oxalis violacea,Arkansas
PLANT-00618,oxalis violacea,Colorado
PLANT-00618,oxalis violacea,Connecticut
PLANT-00618,oxalis violacea,Delaware
PLANT-00618,oxalis violacea,Florida
PLANT-00618,oxalis violacea,Georgia
PLANT-00618,oxalis violacea,Illinois
PLANT-00618,oxalis violacea,Indiana
PLANT-00618,oxalis violacea,Iowa
PLANT-00618,oxalis violacea,Kansas
PLANT-00618,oxalis violacea,Kentucky
PLANT-00618,oxalis violacea,Louisiana
PLANT-00618,oxalis violacea,Maryland
PLANT-00618,oxalis violacea,Massachusetts
PLANT-00618,oxalis violacea,Michigan
PLANT-00618,oxalis violacea,Minnesota
PLANT-00618,oxalis violacea,Mississippi
PLANT-00618,oxalis violacea,Missouri
PLANT-00618,oxalis violacea,Nebraska
PLANT-00618,oxalis violacea,New Jersey
PLANT-00618,oxalis violacea,New Mexico
PLANT-00618,oxalis violacea,New York
PLANT-00618,oxalis violacea,North Carolina
PLANT-00618,oxalis violacea,North Dakota
PLANT-00618,oxalis violacea,Ohio
PLANT-00618,oxalis violacea,Oklahoma
PLANT-00618,oxalis violacea,Oregon
PLANT-00618,oxalis violacea,Pennsylvania
PLANT-00618,oxalis violacea,Rhode Island
PLANT-00618,oxalis violacea,South Carolina
PLANT-00618,oxalis violacea,South Dakota
PLANT-00618,oxalis violacea,Tennessee
PLANT-00618,oxalis violacea,Texas
PLANT-00618,oxalis violacea,Vermont
PLANT-00618,oxalis violacea,Virginia
PLANT-00618,oxalis violacea,West Virginia
PLANT-00618,oxalis violacea,Wisconsin
PLANT-00618,oxalis violacea,Wyoming
PLANT-00619,oxydendrum arboreum,Alabama
PLANT-00619,oxydendrum arboreum,Arkansas
PLANT-00619,oxydendrum arboreum,Florida
PLANT-00619,oxydendrum arboreum,Georgia
PLANT-00619,oxydendrum arboreum,Indiana
PLANT-00619,oxydendrum arboreum,Kentucky
PLANT-00619,oxydendrum arboreum,Louisiana
PLANT-00619,oxydendrum arboreum,Maryland
PLANT-00619,oxydendrum arboreum,Mississippi
PLANT-00619,oxydendrum arboreum,North Carolina
PLANT-00619,oxydendrum arboreum,Ohio
PLANT-00619,oxydendrum arboreum,Pennsylvania
PLANT-00619,oxydendrum arboreum,Rhode Island
PLANT-00619,oxydendrum arboreum,South Carolina
PLANT-00619,oxydendrum arboreum,Tennessee
PLANT-00619,oxydendrum arboreum,Texas
PLANT-00619,oxydendrum arboreum,Virginia
PLANT-00619,oxydendrum arboreum,West Virginia
PLANT-00620,pachysandra procumbens,Alabama
PLANT-00620,pachysandra procumbens,Florida
PLANT-00620,pachysandra procumbens,Georgia
PLANT-00620,pachysandra procumbens,Indiana
PLANT-00620,pachysandra procumbens,Kentucky
PLANT-00620,pachysandra procumbens,Louisiana
PLANT-00620,pachysandra procumbens,Mississippi
PLANT-00620,pachysandra procumbens,North Carolina
PLANT-00620,pachysandra procumbens,Pennsylvania
PLANT-00620,pachysandra procumbens,South Carolina
PLANT-00620,pachysandra procumbens,Tennessee
PLANT-00621,packera aurea,Alabama
PLANT-00621,packera aurea,Arkansas
PLANT-00621,packera aurea,Connecticut
PLANT-00621,packera aurea,Delaware
PLANT-00621,packera aurea,Florida
PLANT-00621,packera aurea,Georgia
PLANT-00621,packera aurea,Illinois
PLANT-00621,packera aurea,Indiana
PLANT-00621,packera aurea,Iowa
PLANT-00621,packera aurea,Kentucky
PLANT-00621,packera aurea,Maine
PLANT-00621,packera aurea,Maryland
PLANT-00621,packera aurea,Massachusetts
PLANT-00621,packera aurea,Michigan
PLANT-00621,packera aurea,Minnesota
PLANT-00621,packera aurea,Mississippi
PLANT-00621,packera aurea,Missouri
PLANT-00621,packera aurea,New Hampshire
PLANT-00621,packera aurea,New Jersey
PLANT-00621,packera aurea,New York
PLANT-00621,packera aurea,North Carolina
PLANT-00621,packera aurea,Ohio
PLANT-00621,packera aurea,Oklahoma
PLANT-00621,packera aurea,Pennsylvania
PLANT-00621,packera aurea,Rhode Island
PLANT-00621,packera aurea,South Carolina
PLANT-00621,packera aurea,Tennessee
PLANT-00621,packera aurea,Texas
PLANT-00621,packera aurea,Vermont
PLANT-00621,packera aurea,Virginia
PLANT-00621,packera aurea,West Virginia
PLANT-00621,packera aurea,Wisconsin
PLANT-00622,packera obovata,Alabama
PLANT-00622,packera obovata,Arkansas
PLANT-00622,packera obovata,Connecticut
PLANT-00622,packera obovata,Florida
PLANT-00622,packera obovata,Georgia
PLANT-00622,packera obovata,Illinois
PLANT-00622,packera obovata,Indiana
PLANT-00622,packera obovata,Kansas
PLANT-00622,packera obovata,Kentucky
PLANT-00622,packera obovata,Louisiana
PLANT-00622,packera obovata,Maryland
PLANT-00622,packera obovata,Massachusetts
PLANT-00622,packera obovata,Michigan
PLANT-00622,packera obovata,Mississippi
PLANT-00622,packera obovata,Missouri
PLANT-00622,packera obovata,New Hampshire
PLANT-00622,packera obovata,New Jersey
PLANT-00622,packera obovata,New Mexico
PLANT-00622,packera obovata,New York
PLANT-00622,packera obovata,North Carolina
PLANT-00622,packera obovata,Ohio
PLANT-00622,packera obovata,Oklahoma
PLANT-00622,packera obovata,Pennsylvania
PLANT-00622,packera obovata,Rhode Island
PLANT-00622,packera obovata,South Carolina
PLANT-00622,packera obovata,Tennessee
PLANT-00622,packera obovata,Texas
PLANT-00622,packera obovata,Vermont
PLANT-00622,packera obovata,Virginia
PLANT-00622,packera obovata,West Virginia
PLANT-00623,panax quinquefolius,Alabama
PLANT-00623,panax quinquefolius,Arkansas
PLANT-00623,panax quinquefolius,Connecticut
PLANT-00623,panax quinquefolius,Delaware
PLANT-00623,panax quinquefolius,Florida
PLANT-00623,panax quinquefolius,Georgia
PLANT-00623,panax quinquefolius,Illinois
PLANT-00623,panax quinquefolius,Indiana
PLANT-00623,panax quinquefolius,Iowa
PLANT-00623,panax quinquefolius,Kansas
PLANT-00623,panax quinquefolius,Kentucky
PLANT-00623,panax quinquefolius,Louisiana
PLANT-00623,panax quinquefolius,Maine
PLANT-00623,panax quinquefolius,Maryland
PLANT-00623,panax quinquefolius,Massachusetts
PLANT-00623,panax quinquefolius,Michigan
PLANT-00623,panax quinquefolius,Minnesota
PLANT-00623,panax quinquefolius,Mississippi
PLANT-00623,panax quinquefolius,Missouri
PLANT-00623,panax quinquefolius,Nebraska
PLANT-00623,panax quinquefolius,New Hampshire
PLANT-00623,panax quinquefolius,New Jersey
PLANT-00623,panax quinquefolius,New York
PLANT-00623,panax quinquefolius,North Carolina
PLANT-00623,panax quinquefolius,Ohio
PLANT-00623,panax quinquefolius,Oklahoma
PLANT-00623,panax quinquefolius,Pennsylvania
PLANT-00623,panax quinquefolius,South Carolina
PLANT-00623,panax quinquefolius,South Dakota
PLANT-00623,panax quinquefolius,Tennessee
PLANT-00623,panax quinquefolius,Vermont
PLANT-00623,panax quinquefolius,Virginia
PLANT-00623,panax quinquefolius,West Virginia
PLANT-00623,panax quinquefolius,Wisconsin
PLANT-00624,pandanus tectorius,Hawaii
PLANT-00625,panicum bulbosum,Arizona
PLANT-00625,panicum bulbosum,Nevada
PLANT-00625,panicum bulbosum,New Mexico
PLANT-00625,panicum bulbosum,Texas
PLANT-00625,panicum bulbosum,Utah
PLANT-00626,panicum virgatum,Alabama
PLANT-00626,panicum virgatum,Arizona
PLANT-00626,panicum virgatum,Arkansas
PLANT-00626,panicum virgatum,Colorado
PLANT-00626,panicum virgatum,Connecticut
PLANT-00626,panicum virgatum,Delaware
PLANT-00626,panicum virgatum,Florida
PLANT-00626,panicum virgatum,Georgia
PLANT-00626,panicum virgatum,Idaho
PLANT-00626,panicum virgatum,Illinois
PLANT-00626,panicum virgatum,Indiana
PLANT-00626,panicum virgatum,Iowa
PLANT-00626,panicum virgatum,Kansas
PLANT-00626,panicum virgatum,Kentucky
PLANT-00626,panicum virgatum,Louisiana
PLANT-00626,panicum virgatum,Maine
PLANT-00626,panicum virgatum,Maryland
PLANT-00626,panicum virgatum,Michigan
PLANT-00626,panicum virgatum,Minnesota
PLANT-00626,panicum virgatum,Mississippi
PLANT-00626,panicum virgatum,Missouri
PLANT-00626,panicum virgatum,Montana
PLANT-00626,panicum virgatum,Nebraska
PLANT-00626,panicum virgatum,Nevada
PLANT-00626,panicum virgatum,New Hampshire
PLANT-00626,panicum virgatum,New Jersey
PLANT-00626,panicum virgatum,New Mexico
PLANT-00626,panicum virgatum,New York
PLANT-00626,panicum virgatum,North Carolina
PLANT-00626,panicum virgatum,North Dakota
PLANT-00626,panicum virgatum,Ohio
PLANT-00626,panicum virgatum,Oklahoma
PLANT-00626,panicum virgatum,Pennsylvania
PLANT-00626,panicum virgatum,Rhode Island
PLANT-00626,panicum virgatum,South Carolina
PLANT-00626,panicum virgatum,South Dakota
PLANT-00626,panicum virgatum,Tennessee
PLANT-00626,panicum virgatum,Texas
PLANT-00626,panicum virgatum,Utah
PLANT-00626,panicum virgatum,Vermont
PLANT-00626,panicum virgatum,Virginia
PLANT-00626,panicum virgatum,West Virginia
PLANT-00626,panicum virgatum,Wisconsin
PLANT-00627,parthenium hispidum,Arkansas
PLANT-00627,parthenium hispidum,Illinois
PLANT-00627,parthenium hispidum,Kansas
PLANT-00627,parthenium hispidum,Louisiana
PLANT-00627,parthenium hispidum,Michigan
PLANT-00627,parthenium hispidum,Minnesota
PLANT-00627,parthenium hispidum,Missouri
PLANT-00627,parthenium hispidum,Oklahoma
PLANT-00627,parthenium hispidum,Tennessee
PLANT-00628,parthenium integrifolium,Alabama
PLANT-00628,parthenium integrifolium,Arkansas
PLANT-00628,parthenium integrifolium,Connecticut
PLANT-00628,parthenium integrifolium,Georgia
PLANT-00628,parthenium integrifolium,Illinois
PLANT-00628,parthenium integrifolium,Indiana
PLANT-00628,parthenium integrifolium,Iowa
PLANT-00628,parthenium integrifolium,Kansas
PLANT-00628,parthenium integrifolium,Kentucky
PLANT-00628,parthenium integrifolium,Louisiana
PLANT-00628,parthenium integrifolium,Maryland
PLANT-00628,parthenium integrifolium,Massachusetts
PLANT-00628,parthenium integrifolium,Michigan
PLANT-00628,parthenium integrifolium,Minnesota
PLANT-00628,parthenium integrifolium,Mississippi
PLANT-00628,parthenium integrifolium,Missouri
PLANT-00628,parthenium integrifolium,New York
PLANT-00628,parthenium integrifolium,North Carolina
PLANT-00628,parthenium integrifolium,Ohio
PLANT-00628,parthenium integrifolium,Oklahoma
PLANT-00628,parthenium integrifolium,Pennsylvania
PLANT-00628,parthenium integrifolium,South Carolina
PLANT-00628,parthenium integrifolium,Tennessee
PLANT-00628,parthenium integrifolium,Texas
PLANT-00628,parthenium integrifolium,Virginia
PLANT-00628,parthenium integrifolium,West Virginia
PLANT-00628,parthenium integrifolium,Wisconsin
PLANT-00629,parthenocissus quinquefolia,Alabama
PLANT-00629,parthenocissus quinquefolia,Arkansas
PLANT-00629,parthenocissus quinquefolia,Colorado
PLANT-00629,parthenocissus quinquefolia,Connecticut
PLANT-00629,parthenocissus quinquefolia,Delaware
PLANT-00629,parthenocissus quinquefolia,Florida
PLANT-00629,parthenocissus quinquefolia,Georgia
PLANT-00629,parthenocissus quinquefolia,Illinois
PLANT-00629,parthenocissus quinquefolia,Indiana
PLANT-00629,parthenocissus quinquefolia,Iowa
PLANT-00629,parthenocissus quinquefolia,Kansas
PLANT-00629,parthenocissus quinquefolia,Kentucky
PLANT-00629,parthenocissus quinquefolia,Louisiana
PLANT-00629,parthenocissus quinquefolia,Maine
PLANT-00629,parthenocissus quinquefolia,Maryland
PLANT-00629,parthenocissus quinquefolia,Massachusetts
PLANT-00629,parthenocissus quinquefolia,Michigan
PLANT-00629,parthenocissus quinquefolia,Minnesota
PLANT-00629,parthenocissus quinquefolia,Mississippi
PLANT-00629,parthenocissus quinquefolia,Missouri
PLANT-00629,parthenocissus quinquefolia,Nebraska
PLANT-00629,parthenocissus quinquefolia,New Hampshire
PLANT-00629,parthenocissus quinquefolia,New Jersey
PLANT-00629,parthenocissus quinquefolia,New York
PLANT-00629,parthenocissus quinquefolia,North Carolina
PLANT-00629,parthenocissus quinquefolia,Ohio
PLANT-00629,parthenocissus quinquefolia,Oklahoma
PLANT-00629,parthenocissus quinquefolia,Pennsylvania
PLANT-00629,parthenocissus quinquefolia,Rhode Island
PLANT-00629,parthenocissus quinquefolia,South Carolina
PLANT-00629,parthenocissus quinquefolia,South Dakota
PLANT-00629,parthenocissus quinquefolia,Tennessee
PLANT-00629,parthenocissus quinquefolia,Texas
PLANT-00629,parthenocissus quinquefolia,Utah
PLANT-00629,parthenocissus quinquefolia,Vermont
PLANT-00629,parthenocissus quinquefolia,Virginia
PLANT-00629,parthenocissus quinquefolia,West Virginia
PLANT-00629,parthenocissus quinquefolia,Wisconsin
PLANT-00630,paspalum floridanum,Alabama
PLANT-00630,paspalum floridanum,Arkansas
PLANT-00630,paspalum floridanum,Delaware
PLANT-00630,paspalum floridanum,Florida
PLANT-00630,paspalum floridanum,Georgia
PLANT-00630,paspalum floridanum,Illinois
PLANT-00630,paspalum floridanum,Indiana
PLANT-00630,paspalum floridanum,Kansas
PLANT-00630,paspalum floridanum,Kentucky
PLANT-00630,paspalum floridanum,Louisiana
PLANT-00630,paspalum floridanum,Maryland
PLANT-00630,paspalum floridanum,Mississippi
PLANT-00630,paspalum floridanum,Missouri
PLANT-00630,paspalum floridanum,New Jersey
PLANT-00630,paspalum floridanum,North Carolina
PLANT-00630,paspalum floridanum,Oklahoma
PLANT-00630,paspalum floridanum,South Carolina
PLANT-00630,paspalum floridanum,Tennessee
PLANT-00630,paspalum floridanum,Texas
PLANT-00630,paspalum floridanum,Virginia
PLANT-00631,passiflora incarnata,Alabama
PLANT-00631,passiflora incarnata,Arkansas
PLANT-00631,passiflora incarnata,Delaware
PLANT-00631,passiflora incarnata,Florida
PLANT-00631,passiflora incarnata,Georgia
PLANT-00631,passiflora incarnata,Illinois
PLANT-00631,passiflora incarnata,Indiana
PLANT-00631,passiflora incarnata,Kansas
PLANT-00631,passiflora incarnata,Kentucky
PLANT-00631,passiflora incarnata,Louisiana
PLANT-00631,passiflora incarnata,Maryland
PLANT-00631,passiflora incarnata,Mississippi
PLANT-00631,passiflora incarnata,Missouri
PLANT-00631,passiflora incarnata,North Carolina
PLANT-00631,passiflora incarnata,Ohio
PLANT-00631,passiflora incarnata,Oklahoma
PLANT-00631,passiflora incarnata,Pennsylvania
PLANT-00631,passiflora incarnata,South Carolina
PLANT-00631,passiflora incarnata,Tennessee
PLANT-00631,passiflora incarnata,Texas
PLANT-00631,passiflora incarnata,Virginia
PLANT-00631,passiflora incarnata,West Virginia
PLANT-00632,paxistima canbyi,Kentucky
PLANT-00632,paxistima canbyi,Maryland
PLANT-00632,paxistima canbyi,North Carolina
PLANT-00632,paxistima canbyi,Ohio
PLANT-00632,paxistima canbyi,Pennsylvania
PLANT-00632,paxistima canbyi,Tennessee
PLANT-00632,paxistima canbyi,Virginia
PLANT-00632,paxistima canbyi,West Virginia
PLANT-00633,pedicularis canadensis,Alabama
PLANT-00633,pedicularis canadensis,Arkansas
PLANT-00633,pedicularis canadensis,Connecticut
PLANT-00633,pedicularis canadensis,Delaware
PLANT-00633,pedicularis canadensis,Florida
PLANT-00633,pedicularis canadensis,Georgia
PLANT-00633,pedicularis canadensis,Illinois
PLANT-00633,pedicularis canadensis,Indiana
PLANT-00633,pedicularis canadensis,Iowa
PLANT-00633,pedicularis canadensis,Kansas
PLANT-00633,pedicularis canadensis,Kentucky
PLANT-00633,pedicularis canadensis,Louisiana
PLANT-00633,pedicularis canadensis,Maine
PLANT-00633,pedicularis canadensis,Maryland
PLANT-00633,pedicularis canadensis,Massachusetts
PLANT-00633,pedicularis canadensis,Michigan
PLANT-00633,pedicularis canadensis,Minnesota
PLANT-00633,pedicularis canadensis,Mississippi
PLANT-00633,pedicularis canadensis,Missouri
PLANT-00633,pedicularis canadensis,Nebraska
PLANT-00633,pedicularis canadensis,New Hampshire
PLANT-00633,pedicularis canadensis,New Jersey
PLANT-00633,pedicularis canadensis,New Mexico
PLANT-00633,pedicularis canadensis,New York
PLANT-00633,pedicularis canadensis,North Carolina
PLANT-00633,pedicularis canadensis,North Dakota
PLANT-00633,pedicularis canadensis,Ohio
PLANT-00633,pedicularis canadensis,Oklahoma
PLANT-00633,pedicularis canadensis,Pennsylvania
PLANT-00633,pedicularis canadensis,Rhode Island
PLANT-00633,pedicularis canadensis,South Carolina
PLANT-00633,pedicularis canadensis,South Dakota
PLANT-00633,pedicularis canadensis,Tennessee
PLANT-00633,pedicularis canadensis,Texas
PLANT-00633,pedicularis canadensis,Vermont
PLANT-00633,pedicularis canadensis,Virginia
PLANT-00633,pedicularis canadensis,West Virginia
PLANT-00633,pedicularis canadensis,Wisconsin
PLANT-00634,peltandra virginica,Alabama
PLANT-00634,peltandra virginica,Arkansas
PLANT-00634,peltandra virginica,Connecticut
PLANT-00634,peltandra virginica,Delaware
PLANT-00634,peltandra virginica,Florida
PLANT-00634,peltandra virginica,Georgia
PLANT-00634,peltandra virginica,Illinois
PLANT-00634,peltandra virginica,Indiana
PLANT-00634,peltandra virginica,Iowa
PLANT-00634,peltandra virginica,Kentucky
PLANT-00634,peltandra virginica,Louisiana
PLANT-00634,peltandra virginica,Maine
PLANT-00634,peltandra virginica,Maryland
PLANT-00634,peltandra virginica,Michigan
PLANT-00634,peltandra virginica,Minnesota
PLANT-00634,peltandra virginica,Mississippi
PLANT-00634,peltandra virginica,Missouri
PLANT-00634,peltandra virginica,New Hampshire
PLANT-00634,peltandra virginica,New Jersey
PLANT-00634,peltandra virginica,New York
PLANT-00634,peltandra virginica,North Carolina
PLANT-00634,peltandra virginica,Ohio
PLANT-00634,peltandra virginica,Oklahoma
PLANT-00634,peltandra virginica,Pennsylvania
PLANT-00634,peltandra virginica,Rhode Island
PLANT-00634,peltandra virginica,South Carolina
PLANT-00634,peltandra virginica,Tennessee
PLANT-00634,peltandra virginica,Texas
PLANT-00634,peltandra virginica,Vermont
PLANT-00634,peltandra virginica,Virginia
PLANT-00634,peltandra virginica,West Virginia
PLANT-00634,peltandra virginica,Wisconsin
PLANT-00635,penstemon barbatus,Arizona
PLANT-00635,penstemon barbatus,California
PLANT-00635,penstemon barbatus,New Mexico
PLANT-00635,penstemon barbatus,Texas
PLANT-00636,penstemon cobaea,Arizona
PLANT-00636,penstemon cobaea,Arkansas
PLANT-00636,penstemon cobaea,Colorado
PLANT-00636,penstemon cobaea,Illinois
PLANT-00636,penstemon cobaea,Iowa
PLANT-00636,penstemon cobaea,Kansas
PLANT-00636,penstemon cobaea,Missouri
PLANT-00636,penstemon cobaea,Nebraska
PLANT-00636,penstemon cobaea,New Mexico
PLANT-00636,penstemon cobaea,Ohio
PLANT-00636,penstemon cobaea,Oklahoma
PLANT-00636,penstemon cobaea,Texas
PLANT-00637,penstemon cobaea var. purpureus,Arizona
PLANT-00637,penstemon cobaea var. purpureus,Arkansas
PLANT-00637,penstemon cobaea var. purpureus,Colorado
PLANT-00637,penstemon cobaea var. purpureus,Illinois
PLANT-00637,penstemon cobaea var. purpureus,Iowa
PLANT-00637,penstemon cobaea var. purpureus,Kansas
PLANT-00637,penstemon cobaea var. purpureus,Missouri
PLANT-00637,penstemon cobaea var. purpureus,Nebraska
PLANT-00637,penstemon cobaea var. purpureus,New Mexico
PLANT-00637,penstemon cobaea var. purpureus,Ohio
PLANT-00637,penstemon cobaea var. purpureus,Oklahoma
PLANT-00637,penstemon cobaea var. purpureus,Texas
PLANT-00638,penstemon digitalis,Alabama
PLANT-00638,penstemon digitalis,Arkansas
PLANT-00638,penstemon digitalis,Connecticut
PLANT-00638,penstemon digitalis,Delaware
PLANT-00638,penstemon digitalis,Georgia
PLANT-00638,penstemon digitalis,Illinois
PLANT-00638,penstemon digitalis,Indiana
PLANT-00638,penstemon digitalis,Iowa
PLANT-00638,penstemon digitalis,Kansas
PLANT-00638,penstemon digitalis,Kentucky
PLANT-00638,penstemon digitalis,Louisiana
PLANT-00638,penstemon digitalis,Maryland
PLANT-00638,penstemon digitalis,Michigan
PLANT-00638,penstemon digitalis,Mississippi
PLANT-00638,penstemon digitalis,Missouri
PLANT-00638,penstemon digitalis,Nebraska
PLANT-00638,penstemon digitalis,New Jersey
PLANT-00638,penstemon digitalis,North Carolina
PLANT-00638,penstemon digitalis,Ohio
PLANT-00638,penstemon digitalis,Oklahoma
PLANT-00638,penstemon digitalis,Pennsylvania
PLANT-00638,penstemon digitalis,South Carolina
PLANT-00638,penstemon digitalis,Tennessee
PLANT-00638,penstemon digitalis,Texas
PLANT-00638,penstemon digitalis,Virginia
PLANT-00638,penstemon digitalis,West Virginia
PLANT-00639,penstemon grandiflorus,Colorado
PLANT-00639,penstemon grandiflorus,Illinois
PLANT-00639,penstemon grandiflorus,Indiana
PLANT-00639,penstemon grandiflorus,Iowa
PLANT-00639,penstemon grandiflorus,Kansas
PLANT-00639,penstemon grandiflorus,Michigan
PLANT-00639,penstemon grandiflorus,Minnesota
PLANT-00639,penstemon grandiflorus,Missouri
PLANT-00639,penstemon grandiflorus,Montana
PLANT-00639,penstemon grandiflorus,Nebraska
PLANT-00639,penstemon grandiflorus,New Mexico
PLANT-00639,penstemon grandiflorus,North Dakota
PLANT-00639,penstemon grandiflorus,Oklahoma
PLANT-00639,penstemon grandiflorus,South Dakota
PLANT-00639,penstemon grandiflorus,Texas
PLANT-00639,penstemon grandiflorus,Wisconsin
PLANT-00639,penstemon grandiflorus,Wyoming
PLANT-00640,penstemon pallidus,Alabama
PLANT-00640,penstemon pallidus,Arkansas
PLANT-00640,penstemon pallidus,Georgia
PLANT-00640,penstemon pallidus,Illinois
PLANT-00640,penstemon pallidus,Indiana
PLANT-00640,penstemon pallidus,Iowa
PLANT-00640,penstemon pallidus,Kansas
PLANT-00640,penstemon pallidus,Kentucky
PLANT-00640,penstemon pallidus,Maryland
PLANT-00640,penstemon pallidus,Michigan
PLANT-00640,penstemon pallidus,Missouri
PLANT-00640,penstemon pallidus,North Carolina
PLANT-00640,penstemon pallidus,Ohio
PLANT-00640,penstemon pallidus,Tennessee
PLANT-00640,penstemon pallidus,West Virginia
PLANT-00640,penstemon pallidus,Wisconsin
PLANT-00641,penstemon tubaeflorus,Arkansas
PLANT-00641,penstemon tubaeflorus,Illinois
PLANT-00641,penstemon tubaeflorus,Indiana
PLANT-00641,penstemon tubaeflorus,Iowa
PLANT-00641,penstemon tubaeflorus,Kansas
PLANT-00641,penstemon tubaeflorus,Kentucky
PLANT-00641,penstemon tubaeflorus,Louisiana
PLANT-00641,penstemon tubaeflorus,Mississippi
PLANT-00641,penstemon tubaeflorus,Missouri
PLANT-00641,penstemon tubaeflorus,Nebraska
PLANT-00641,penstemon tubaeflorus,New Hampshire
PLANT-00641,penstemon tubaeflorus,Ohio
PLANT-00641,penstemon tubaeflorus,Pennsylvania
PLANT-00641,penstemon tubaeflorus,Tennessee
PLANT-00641,penstemon tubaeflorus,Texas
PLANT-00641,penstemon tubaeflorus,Wisconsin
PLANT-00642,peperomia obtusifolia,Florida
PLANT-00643,persea borbonia,Alabama
PLANT-00643,persea borbonia,Arkansas
PLANT-00643,persea borbonia,Florida
PLANT-00643,persea borbonia,Georgia
PLANT-00643,persea borbonia,Louisiana
PLANT-00643,persea borbonia,Mississippi
PLANT-00643,persea borbonia,North Carolina
PLANT-00643,persea borbonia,South Carolina
PLANT-00643,persea borbonia,Texas
PLANT-00644,persicaria virginiana,Alabama
PLANT-00644,persicaria virginiana,Arkansas
PLANT-00644,persicaria virginiana,Connecticut
PLANT-00644,persicaria virginiana,Delaware
PLANT-00644,persicaria virginiana,Florida
PLANT-00644,persicaria virginiana,Georgia
PLANT-00644,persicaria virginiana,Illinois
PLANT-00644,persicaria virginiana,Indiana
PLANT-00644,persicaria virginiana,Iowa
PLANT-00644,persicaria virginiana,Kansas
PLANT-00644,persicaria virginiana,Kentucky
PLANT-00644,persicaria virginiana,Louisiana
PLANT-00644,persicaria virginiana,Maryland
PLANT-00644,persicaria virginiana,Massachusetts
PLANT-00644,persicaria virginiana,Michigan
PLANT-00644,persicaria virginiana,Minnesota
PLANT-00644,persicaria virginiana,Mississippi
PLANT-00644,persicaria virginiana,Missouri
PLANT-00644,persicaria virginiana,Nebraska
PLANT-00644,persicaria virginiana,New Hampshire
PLANT-00644,persicaria virginiana,New Jersey
PLANT-00644,persicaria virginiana,New York
PLANT-00644,persicaria virginiana,North Carolina
PLANT-00644,persicaria virginiana,Ohio
PLANT-00644,persicaria virginiana,Oklahoma
PLANT-00644,persicaria virginiana,Pennsylvania
PLANT-00644,persicaria virginiana,Rhode Island
PLANT-00644,persicaria virginiana,South Carolina
PLANT-00644,persicaria virginiana,Tennessee
PLANT-00644,persicaria virginiana,Texas
PLANT-00644,persicaria virginiana,Virginia
PLANT-00644,persicaria virginiana,West Virginia
PLANT-00644,persicaria virginiana,Wisconsin
PLANT-00645,petrea volubilis,Florida
PLANT-00646,phegopteris connectilis,Alaska
PLANT-00646,phegopteris connectilis,Colorado
PLANT-00646,phegopteris connectilis,Connecticut
PLANT-00646,phegopteris connectilis,Delaware
PLANT-00646,phegopteris connectilis,Idaho
PLANT-00646,phegopteris connectilis,Illinois
PLANT-00646,phegopteris connectilis,Iowa
PLANT-00646,phegopteris connectilis,Maine
PLANT-00646,phegopteris connectilis,Maryland
PLANT-00646,phegopteris connectilis,Michigan
PLANT-00646,phegopteris connectilis,Minnesota
PLANT-00646,phegopteris connectilis,Montana
PLANT-00646,phegopteris connectilis,New Hampshire
PLANT-00646,phegopteris connectilis,New Jersey
PLANT-00646,phegopteris connectilis,New York
PLANT-00646,phegopteris connectilis,North Carolina
PLANT-00646,phegopteris connectilis,Ohio
PLANT-00646,phegopteris connectilis,Oregon
PLANT-00646,phegopteris connectilis,Pennsylvania
PLANT-00646,phegopteris connectilis,Rhode Island
PLANT-00646,phegopteris connectilis,Tennessee
PLANT-00646,phegopteris connectilis,Vermont
PLANT-00646,phegopteris connectilis,Washington
PLANT-00646,phegopteris connectilis,West Virginia
PLANT-00646,phegopteris connectilis,Wisconsin
PLANT-00647,phegopteris hexagonoptera,Alabama
PLANT-00647,phegopteris hexagonoptera,Arkansas
PLANT-00647,phegopteris hexagonoptera,Connecticut
PLANT-00647,phegopteris hexagonoptera,Delaware
PLANT-00647,phegopteris hexagonoptera,Florida
PLANT-00647,phegopteris hexagonoptera,Georgia
PLANT-00647,phegopteris hexagonoptera,Illinois
PLANT-00647,phegopteris hexagonoptera,Indiana
PLANT-00647,phegopteris hexagonoptera,Iowa
PLANT-00647,phegopteris hexagonoptera,Kansas
PLANT-00647,phegopteris hexagonoptera,Kentucky
PLANT-00647,phegopteris hexagonoptera,Louisiana
PLANT-00647,phegopteris hexagonoptera,Maine
PLANT-00647,phegopteris hexagonoptera,Maryland
PLANT-00647,phegopteris hexagonoptera,Massachusetts
PLANT-00647,phegopteris hexagonoptera,Michigan
PLANT-00647,phegopteris hexagonoptera,Minnesota
PLANT-00647,phegopteris hexagonoptera,Mississippi
PLANT-00647,phegopteris hexagonoptera,Missouri
PLANT-00647,phegopteris hexagonoptera,New Hampshire
PLANT-00647,phegopteris hexagonoptera,New Jersey
PLANT-00647,phegopteris hexagonoptera,New York
PLANT-00647,phegopteris hexagonoptera,North Carolina
PLANT-00647,phegopteris hexagonoptera,Ohio
PLANT-00647,phegopteris hexagonoptera,Oklahoma
PLANT-00647,phegopteris hexagonoptera,Pennsylvania
PLANT-00647,phegopteris hexagonoptera,Rhode Island
PLANT-00647,phegopteris hexagonoptera,South Carolina
PLANT-00647,phegopteris hexagonoptera,Tennessee
PLANT-00647,phegopteris hexagonoptera,Texas
PLANT-00647,phegopteris hexagonoptera,Vermont
PLANT-00647,phegopteris hexagonoptera,Virginia
PLANT-00647,phegopteris hexagonoptera,West Virginia
PLANT-00647,phegopteris hexagonoptera,Wisconsin
PLANT-00648,phemeranthus calycinus,Alabama
PLANT-00648,phemeranthus calycinus,Arkansas
PLANT-00648,phemeranthus calycinus,Colorado
PLANT-00648,phemeranthus calycinus,Illinois
PLANT-00648,phemeranthus calycinus,Kansas
PLANT-00648,phemeranthus calycinus,Louisiana
PLANT-00648,phemeranthus calycinus,Missouri
PLANT-00648,phemeranthus calycinus,Montana
PLANT-00648,phemeranthus calycinus,Nebraska
PLANT-00648,phemeranthus calycinus,New Mexico
PLANT-00648,phemeranthus calycinus,Oklahoma
PLANT-00648,phemeranthus calycinus,Texas
PLANT-00649,philadelphus pubescens,Alabama
PLANT-00649,philadelphus pubescens,Arkansas
PLANT-00649,philadelphus pubescens,Connecticut
PLANT-00649,philadelphus pubescens,Georgia
PLANT-00649,philadelphus pubescens,Illinois
PLANT-00649,philadelphus pubescens,Iowa
PLANT-00649,philadelphus pubescens,Kentucky
PLANT-00649,philadelphus pubescens,Louisiana
PLANT-00649,philadelphus pubescens,Maryland
PLANT-00649,philadelphus pubescens,Massachusetts
PLANT-00649,philadelphus pubescens,Mississippi
PLANT-00649,philadelphus pubescens,Missouri
PLANT-00649,philadelphus pubescens,New York
PLANT-00649,philadelphus pubescens,Ohio
PLANT-00649,philadelphus pubescens,Oklahoma
PLANT-00649,philadelphus pubescens,Pennsylvania
PLANT-00649,philadelphus pubescens,South Carolina
PLANT-00649,philadelphus pubescens,Tennessee
PLANT-00649,philadelphus pubescens,Texas
PLANT-00649,philadelphus pubescens,Virginia
PLANT-00649,philadelphus pubescens,Wyoming
PLANT-00650,philadelphus pubescens var. verrucosus,Alabama
PLANT-00650,philadelphus pubescens var. verrucosus,Arkansas
PLANT-00650,philadelphus pubescens var. verrucosus,Connecticut
PLANT-00650,philadelphus pubescens var. verrucosus,Illinois
PLANT-00650,philadelphus pubescens var. verrucosus,Iowa
PLANT-00650,philadelphus pubescens var. verrucosus,Kentucky
PLANT-00650,philadelphus pubescens var. verrucosus,Louisiana
PLANT-00650,philadelphus pubescens var. verrucosus,Massachusetts
PLANT-00650,philadelphus pubescens var. verrucosus,Missouri
PLANT-00650,philadelphus pubescens var. verrucosus,New York
PLANT-00650,philadelphus pubescens var. verrucosus,Ohio
PLANT-00650,philadelphus pubescens var. verrucosus,Oklahoma
PLANT-00650,philadelphus pubescens var. verrucosus,Pennsylvania
PLANT-00650,philadelphus pubescens var. verrucosus,Tennessee
PLANT-00650,philadelphus pubescens var. verrucosus,Texas
PLANT-00650,philadelphus pubescens var. verrucosus,Wyoming
PLANT-00651,phlox bifida,Arkansas
PLANT-00651,phlox bifida,Illinois
PLANT-00651,phlox bifida,Indiana
PLANT-00651,phlox bifida,Iowa
PLANT-00651,phlox bifida,Kansas
PLANT-00651,phlox bifida,Kentucky
PLANT-00651,phlox bifida,Michigan
PLANT-00651,phlox bifida,Missouri
PLANT-00651,phlox bifida,Tennessee
PLANT-00651,phlox bifida,Wisconsin
PLANT-00652,phlox divaricata,Alabama
PLANT-00652,phlox divaricata,Arkansas
PLANT-00652,phlox divaricata,Connecticut
PLANT-00652,phlox divaricata,Delaware
PLANT-00652,phlox divaricata,Florida
PLANT-00652,phlox divaricata,Georgia
PLANT-00652,phlox divaricata,Illinois
PLANT-00652,phlox divaricata,Indiana
PLANT-00652,phlox divaricata,Iowa
PLANT-00652,phlox divaricata,Kansas
PLANT-00652,phlox divaricata,Kentucky
PLANT-00652,phlox divaricata,Louisiana
PLANT-00652,phlox divaricata,Maryland
PLANT-00652,phlox divaricata,Michigan
PLANT-00652,phlox divaricata,Minnesota
PLANT-00652,phlox divaricata,Mississippi
PLANT-00652,phlox divaricata,Missouri
PLANT-00652,phlox divaricata,Nebraska
PLANT-00652,phlox divaricata,New Jersey
PLANT-00652,phlox divaricata,New York
PLANT-00652,phlox divaricata,North Carolina
PLANT-00652,phlox divaricata,Ohio
PLANT-00652,phlox divaricata,Oklahoma
PLANT-00652,phlox divaricata,Pennsylvania
PLANT-00652,phlox divaricata,South Carolina
PLANT-00652,phlox divaricata,South Dakota
PLANT-00652,phlox divaricata,Tennessee
PLANT-00652,phlox divaricata,Texas
PLANT-00652,phlox divaricata,Vermont
PLANT-00652,phlox divaricata,Virginia
PLANT-00652,phlox divaricata,West Virginia
PLANT-00652,phlox divaricata,Wisconsin
PLANT-00653,phlox divaricata subsp. laphamii,Alabama
PLANT-00653,phlox divaricata subsp. laphamii,Arkansas
PLANT-00653,phlox divaricata subsp. laphamii,Florida
PLANT-00653,phlox divaricata subsp. laphamii,Georgia
PLANT-00653,phlox divaricata subsp. laphamii,Illinois
PLANT-00653,phlox divaricata subsp. laphamii,Indiana
PLANT-00653,phlox divaricata subsp. laphamii,Iowa
PLANT-00653,phlox divaricata subsp. laphamii,Kansas
PLANT-00653,phlox divaricata subsp. laphamii,Kentucky
PLANT-00653,phlox divaricata subsp. laphamii,Louisiana
PLANT-00653,phlox divaricata subsp. laphamii,Maryland
PLANT-00653,phlox divaricata subsp. laphamii,Minnesota
PLANT-00653,phlox divaricata subsp. laphamii,Mississippi
PLANT-00653,phlox divaricata subsp. laphamii,Missouri
PLANT-00653,phlox divaricata subsp. laphamii,Nebraska
PLANT-00653,phlox divaricata subsp. laphamii,North Carolina
PLANT-00653,phlox divaricata subsp. laphamii,Oklahoma
PLANT-00653,phlox divaricata subsp. laphamii,Pennsylvania
PLANT-00653,phlox divaricata subsp. laphamii,South Dakota
PLANT-00653,phlox divaricata subsp. laphamii,Tennessee
PLANT-00653,phlox divaricata subsp. laphamii,Texas
PLANT-00653,phlox divaricata subsp. laphamii,Virginia
PLANT-00653,phlox divaricata subsp. laphamii,West Virginia
PLANT-00653,phlox divaricata subsp. laphamii,Wisconsin
PLANT-00654,phlox drummondii,Oklahoma
PLANT-00654,phlox drummondii,Texas
PLANT-00655,phlox glaberrima,Alabama
PLANT-00655,phlox glaberrima,Arkansas
PLANT-00655,phlox glaberrima,Florida
PLANT-00655,phlox glaberrima,Georgia
PLANT-00655,phlox glaberrima,Illinois
PLANT-00655,phlox glaberrima,Indiana
PLANT-00655,phlox glaberrima,Kentucky
PLANT-00655,phlox glaberrima,Louisiana
PLANT-00655,phlox glaberrima,Maryland
PLANT-00655,phlox glaberrima,Mississippi
PLANT-00655,phlox glaberrima,Missouri
PLANT-00655,phlox glaberrima,New Jersey
PLANT-00655,phlox glaberrima,North Carolina
PLANT-00655,phlox glaberrima,Ohio
PLANT-00655,phlox glaberrima,Oklahoma
PLANT-00655,phlox glaberrima,South Carolina
PLANT-00655,phlox glaberrima,Tennessee
PLANT-00655,phlox glaberrima,Virginia
PLANT-00655,phlox glaberrima,West Virginia
PLANT-00655,phlox glaberrima,Wisconsin
PLANT-00656,phlox maculata,Alabama
PLANT-00656,phlox maculata,Delaware
PLANT-00656,phlox maculata,Georgia
PLANT-00656,phlox maculata,Illinois
PLANT-00656,phlox maculata,Indiana
PLANT-00656,phlox maculata,Iowa
PLANT-00656,phlox maculata,Kentucky
PLANT-00656,phlox maculata,Maryland
PLANT-00656,phlox maculata,Michigan
PLANT-00656,phlox maculata,Minnesota
PLANT-00656,phlox maculata,Missouri
PLANT-00656,phlox maculata,New Jersey
PLANT-00656,phlox maculata,New York
PLANT-00656,phlox maculata,North Carolina
PLANT-00656,phlox maculata,Ohio
PLANT-00656,phlox maculata,Pennsylvania
PLANT-00656,phlox maculata,South Carolina
PLANT-00656,phlox maculata,Tennessee
PLANT-00656,phlox maculata,Virginia
PLANT-00656,phlox maculata,West Virginia
PLANT-00657,phlox paniculata,Alabama
PLANT-00657,phlox paniculata,Arkansas
PLANT-00657,phlox paniculata,Delaware
PLANT-00657,phlox paniculata,Georgia
PLANT-00657,phlox paniculata,Illinois
PLANT-00657,phlox paniculata,Indiana
PLANT-00657,phlox paniculata,Kansas
PLANT-00657,phlox paniculata,Kentucky
PLANT-00657,phlox paniculata,Maryland
PLANT-00657,phlox paniculata,Missouri
PLANT-00657,phlox paniculata,New Jersey
PLANT-00657,phlox paniculata,North Carolina
PLANT-00657,phlox paniculata,Ohio
PLANT-00657,phlox paniculata,Pennsylvania
PLANT-00657,phlox paniculata,South Carolina
PLANT-00657,phlox paniculata,Tennessee
PLANT-00657,phlox paniculata,Virginia
PLANT-00657,phlox paniculata,West Virginia
PLANT-00658,phlox pilosa,Alabama
PLANT-00658,phlox pilosa,Arkansas
PLANT-00658,phlox pilosa,Connecticut
PLANT-00658,phlox pilosa,Delaware
PLANT-00658,phlox pilosa,Florida
PLANT-00658,phlox pilosa,Georgia
PLANT-00658,phlox pilosa,Illinois
PLANT-00658,phlox pilosa,Indiana
PLANT-00658,phlox pilosa,Iowa
PLANT-00658,phlox pilosa,Kansas
PLANT-00658,phlox pilosa,Kentucky
PLANT-00658,phlox pilosa,Louisiana
PLANT-00658,phlox pilosa,Maryland
PLANT-00658,phlox pilosa,Michigan
PLANT-00658,phlox pilosa,Mississippi
PLANT-00658,phlox pilosa,Missouri
PLANT-00658,phlox pilosa,New Jersey
PLANT-00658,phlox pilosa,New York
PLANT-00658,phlox pilosa,North Carolina
PLANT-00658,phlox pilosa,Ohio
PLANT-00658,phlox pilosa,Oklahoma
PLANT-00658,phlox pilosa,Pennsylvania
PLANT-00658,phlox pilosa,South Carolina
PLANT-00658,phlox pilosa,Tennessee
PLANT-00658,phlox pilosa,Texas
PLANT-00658,phlox pilosa,Virginia
PLANT-00658,phlox pilosa,West Virginia
PLANT-00658,phlox pilosa,Wisconsin
PLANT-00659,phlox pilosa subsp. ozarkana,Arkansas
PLANT-00659,phlox pilosa subsp. ozarkana,Kansas
PLANT-00659,phlox pilosa subsp. ozarkana,Louisiana
PLANT-00659,phlox pilosa subsp. ozarkana,Missouri
PLANT-00659,phlox pilosa subsp. ozarkana,Oklahoma
PLANT-00659,phlox pilosa subsp. ozarkana,Tennessee
PLANT-00660,physocarpus opulifolius,Alabama
PLANT-00660,physocarpus opulifolius,Arkansas
PLANT-00660,physocarpus opulifolius,Colorado
PLANT-00660,physocarpus opulifolius,Connecticut
PLANT-00660,physocarpus opulifolius,Delaware
PLANT-00660,physocarpus opulifolius,Florida
PLANT-00660,physocarpus opulifolius,Georgia
PLANT-00660,physocarpus opulifolius,Illinois
PLANT-00660,physocarpus opulifolius,Indiana
PLANT-00660,physocarpus opulifolius,Iowa
PLANT-00660,physocarpus opulifolius,Kansas
PLANT-00660,physocarpus opulifolius,Kentucky
PLANT-00660,physocarpus opulifolius,Maine
PLANT-00660,physocarpus opulifolius,Maryland
PLANT-00660,physocarpus opulifolius,Michigan
PLANT-00660,physocarpus opulifolius,Minnesota
PLANT-00660,physocarpus opulifolius,Missouri
PLANT-00660,physocarpus opulifolius,Nebraska
PLANT-00660,physocarpus opulifolius,New Hampshire
PLANT-00660,physocarpus opulifolius,New Jersey
PLANT-00660,physocarpus opulifolius,New York
PLANT-00660,physocarpus opulifolius,North Carolina
PLANT-00660,physocarpus opulifolius,North Dakota
PLANT-00660,physocarpus opulifolius,Ohio
PLANT-00660,physocarpus opulifolius,Oklahoma
PLANT-00660,physocarpus opulifolius,Pennsylvania
PLANT-00660,physocarpus opulifolius,Rhode Island
PLANT-00660,physocarpus opulifolius,South Carolina
PLANT-00660,physocarpus opulifolius,South Dakota
PLANT-00660,physocarpus opulifolius,Tennessee
PLANT-00660,physocarpus opulifolius,Vermont
PLANT-00660,physocarpus opulifolius,Virginia
PLANT-00660,physocarpus opulifolius,West Virginia
PLANT-00660,physocarpus opulifolius,Wisconsin
PLANT-00661,physostegia angustifolia,Alabama
PLANT-00661,physostegia angustifolia,Arkansas
PLANT-00661,physostegia angustifolia,Georgia
PLANT-00661,physostegia angustifolia,Illinois
PLANT-00661,physostegia angustifolia,Kansas
PLANT-00661,physostegia angustifolia,Louisiana
PLANT-00661,physostegia angustifolia,Mississippi
PLANT-00661,physostegia angustifolia,Missouri
PLANT-00661,physostegia angustifolia,Oklahoma
PLANT-00661,physostegia angustifolia,Texas
PLANT-00662,physostegia virginiana,Alabama
PLANT-00662,physostegia virginiana,Arkansas
PLANT-00662,physostegia virginiana,Connecticut
PLANT-00662,physostegia virginiana,Delaware
PLANT-00662,physostegia virginiana,Florida
PLANT-00662,physostegia virginiana,Georgia
PLANT-00662,physostegia virginiana,Illinois
PLANT-00662,physostegia virginiana,Indiana
PLANT-00662,physostegia virginiana,Iowa
PLANT-00662,physostegia virginiana,Kansas
PLANT-00662,physostegia virginiana,Kentucky
PLANT-00662,physostegia virginiana,Louisiana
PLANT-00662,physostegia virginiana,Maine
PLANT-00662,physostegia virginiana,Maryland
PLANT-00662,physostegia virginiana,Michigan
PLANT-00662,physostegia virginiana,Minnesota
PLANT-00662,physostegia virginiana,Mississippi
PLANT-00662,physostegia virginiana,Missouri
PLANT-00662,physostegia virginiana,Nebraska
PLANT-00662,physostegia virginiana,New Hampshire
PLANT-00662,physostegia virginiana,New Jersey
PLANT-00662,physostegia virginiana,New Mexico
PLANT-00662,physostegia virginiana,New York
PLANT-00662,physostegia virginiana,North Carolina
PLANT-00662,physostegia virginiana,North Dakota
PLANT-00662,physostegia virginiana,Ohio
PLANT-00662,physostegia virginiana,Oklahoma
PLANT-00662,physostegia virginiana,Pennsylvania
PLANT-00662,physostegia virginiana,Rhode Island
PLANT-00662,physostegia virginiana,South Carolina
PLANT-00662,physostegia virginiana,South Dakota
PLANT-00662,physostegia virginiana,Tennessee
PLANT-00662,physostegia virginiana,Texas
PLANT-00662,physostegia virginiana,Utah
PLANT-00662,physostegia virginiana,Vermont
PLANT-00662,physostegia virginiana,Virginia
PLANT-00662,physostegia virginiana,West Virginia
PLANT-00662,physostegia virginiana,Wisconsin
PLANT-00663,phytolacca americana,Alabama
PLANT-00663,phytolacca americana,Arizona
PLANT-00663,phytolacca americana,Arkansas
PLANT-00663,phytolacca americana,California
PLANT-00663,phytolacca americana,Connecticut
PLANT-00663,phytolacca americana,Delaware
PLANT-00663,phytolacca americana,Florida
PLANT-00663,phytolacca americana,Georgia
PLANT-00663,phytolacca americana,Illinois
PLANT-00663,phytolacca americana,Indiana
PLANT-00663,phytolacca americana,Iowa
PLANT-00663,phytolacca americana,Kansas
PLANT-00663,phytolacca americana,Kentucky
PLANT-00663,phytolacca americana,Louisiana
PLANT-00663,phytolacca americana,Maine
PLANT-00663,phytolacca americana,Maryland
PLANT-00663,phytolacca americana,Massachusetts
PLANT-00663,phytolacca americana,Michigan
PLANT-00663,phytolacca americana,Minnesota
PLANT-00663,phytolacca americana,Mississippi
PLANT-00663,phytolacca americana,Missouri
PLANT-00663,phytolacca americana,Nebraska
PLANT-00663,phytolacca americana,New Hampshire
PLANT-00663,phytolacca americana,New Jersey
PLANT-00663,phytolacca americana,New Mexico
PLANT-00663,phytolacca americana,New York
PLANT-00663,phytolacca americana,North Carolina
PLANT-00663,phytolacca americana,Ohio
PLANT-00663,phytolacca americana,Oklahoma
PLANT-00663,phytolacca americana,Oregon
PLANT-00663,phytolacca americana,Pennsylvania
PLANT-00663,phytolacca americana,Rhode Island
PLANT-00663,phytolacca americana,South Carolina
PLANT-00663,phytolacca americana,Tennessee
PLANT-00663,phytolacca americana,Texas
PLANT-00663,phytolacca americana,Vermont
PLANT-00663,phytolacca americana,Virginia
PLANT-00663,phytolacca americana,West Virginia
PLANT-00663,phytolacca americana,Wisconsin
PLANT-00664,picea breweriana,California
PLANT-00664,picea breweriana,Oregon
PLANT-00665,picea engelmannii,Arizona
PLANT-00665,picea engelmannii,California
PLANT-00665,picea engelmannii,Colorado
PLANT-00665,picea engelmannii,Idaho
PLANT-00665,picea engelmannii,Montana
PLANT-00665,picea engelmannii,Nevada
PLANT-00665,picea engelmannii,New Mexico
PLANT-00665,picea engelmannii,Oregon
PLANT-00665,picea engelmannii,Texas
PLANT-00665,picea engelmannii,Utah
PLANT-00665,picea engelmannii,Washington
PLANT-00665,picea engelmannii,Wyoming
PLANT-00666,picea glauca,Maine
PLANT-00666,picea glauca,Michigan
PLANT-00666,picea glauca,Minnesota
PLANT-00666,picea glauca,Montana
PLANT-00666,picea glauca,New Hampshire
PLANT-00666,picea glauca,New York
PLANT-00666,picea glauca,South Dakota
PLANT-00667,picea pungens,Arizona
PLANT-00667,picea pungens,Colorado
PLANT-00667,picea pungens,Idaho
PLANT-00667,picea pungens,Utah
PLANT-00667,picea pungens,Wyoming
PLANT-00668,pinguicula caerulea,Florida
PLANT-00668,pinguicula caerulea,Georgia
PLANT-00668,pinguicula caerulea,North Carolina
PLANT-00668,pinguicula caerulea,South Carolina
PLANT-00669,pinus banksiana,Indiana
PLANT-00669,pinus banksiana,Maine
PLANT-00669,pinus banksiana,Michigan
PLANT-00669,pinus banksiana,Minnesota
PLANT-00669,pinus banksiana,New Hampshire
PLANT-00669,pinus banksiana,New York
PLANT-00669,pinus banksiana,Wisconsin
PLANT-00670,pinus echinata,Alabama
PLANT-00670,pinus echinata,Arkansas
PLANT-00670,pinus echinata,Delaware
PLANT-00670,pinus echinata,Florida
PLANT-00670,pinus echinata,Georgia
PLANT-00670,pinus echinata,Illinois
PLANT-00670,pinus echinata,Kentucky
PLANT-00670,pinus echinata,Louisiana
PLANT-00670,pinus echinata,Maryland
PLANT-00670,pinus echinata,Mississippi
PLANT-00670,pinus echinata,Missouri
PLANT-00670,pinus echinata,New Jersey
PLANT-00670,pinus echinata,New York
PLANT-00670,pinus echinata,North Carolina
PLANT-00670,pinus echinata,Ohio
PLANT-00670,pinus echinata,Oklahoma
PLANT-00670,pinus echinata,Pennsylvania
PLANT-00670,pinus echinata,South Carolina
PLANT-00670,pinus echinata,Tennessee
PLANT-00670,pinus echinata,Texas
PLANT-00670,pinus echinata,Virginia
PLANT-00670,pinus echinata,West Virginia
PLANT-00671,pinus flexilis,Arizona
PLANT-00671,pinus flexilis,California
PLANT-00671,pinus flexilis,Colorado
PLANT-00671,pinus flexilis,Idaho
PLANT-00671,pinus flexilis,Montana
PLANT-00671,pinus flexilis,Nevada
PLANT-00671,pinus flexilis,New Mexico
PLANT-00672,pinus jeffreyi,California
PLANT-00672,pinus jeffreyi,Nevada
PLANT-00672,pinus jeffreyi,Oregon
PLANT-00673,pinus ponderosa,Arizona
PLANT-00673,pinus ponderosa,California
PLANT-00673,pinus ponderosa,Colorado
PLANT-00673,pinus ponderosa,Idaho
PLANT-00673,pinus ponderosa,Montana
PLANT-00673,pinus ponderosa,Nebraska
PLANT-00673,pinus ponderosa,Nevada
PLANT-00673,pinus ponderosa,New Mexico
PLANT-00673,pinus ponderosa,North Dakota
PLANT-00673,pinus ponderosa,Oregon
PLANT-00673,pinus ponderosa,South Dakota
PLANT-00673,pinus ponderosa,Texas
PLANT-00673,pinus ponderosa,Utah
PLANT-00673,pinus ponderosa,Washington
PLANT-00673,pinus ponderosa,Wyoming
PLANT-00674,pinus resinosa,Maine
PLANT-00674,pinus resinosa,Massachusetts
PLANT-00674,pinus resinosa,Michigan
PLANT-00674,pinus resinosa,Minnesota
PLANT-00674,pinus resinosa,New Hampshire
PLANT-00674,pinus resinosa,New York
PLANT-00674,pinus resinosa,Pennsylvania
PLANT-00674,pinus resinosa,Vermont
PLANT-00674,pinus resinosa,Wisconsin
PLANT-00675,pinus strobus,Connecticut
PLANT-00675,pinus strobus,Delaware
PLANT-00675,pinus strobus,Georgia
PLANT-00675,pinus strobus,Illinois
PLANT-00675,pinus strobus,Indiana
PLANT-00675,pinus strobus,Iowa
PLANT-00675,pinus strobus,Kentucky
PLANT-00675,pinus strobus,Maine
PLANT-00675,pinus strobus,Maryland
PLANT-00675,pinus strobus,Massachusetts
PLANT-00675,pinus strobus,Michigan
PLANT-00675,pinus strobus,Minnesota
PLANT-00675,pinus strobus,New Hampshire
PLANT-00675,pinus strobus,New Jersey
PLANT-00675,pinus strobus,New York
PLANT-00675,pinus strobus,North Carolina
PLANT-00675,pinus strobus,Ohio
PLANT-00675,pinus strobus,Pennsylvania
PLANT-00675,pinus strobus,Rhode Island
PLANT-00675,pinus strobus,South Carolina
PLANT-00675,pinus strobus,Tennessee
PLANT-00675,pinus strobus,Vermont
PLANT-00675,pinus strobus,Virginia
PLANT-00675,pinus strobus,West Virginia
PLANT-00675,pinus strobus,Wisconsin
PLANT-00676,pinus taeda,Alabama
PLANT-00676,pinus taeda,Arkansas
PLANT-00676,pinus taeda,Delaware
PLANT-00676,pinus taeda,Florida
PLANT-00676,pinus taeda,Georgia
PLANT-00676,pinus taeda,Kentucky
PLANT-00676,pinus taeda,Louisiana
PLANT-00676,pinus taeda,Maryland
PLANT-00676,pinus taeda,Mississippi
PLANT-00676,pinus taeda,North Carolina
PLANT-00676,pinus taeda,Oklahoma
PLANT-00676,pinus taeda,South Carolina
PLANT-00676,pinus taeda,Tennessee
PLANT-00676,pinus taeda,Texas
PLANT-00676,pinus taeda,Virginia
PLANT-00677,pistia stratiotes,Florida
PLANT-00677,pistia stratiotes,Louisiana
PLANT-00677,pistia stratiotes,Mississippi
PLANT-00677,pistia stratiotes,Texas
PLANT-00678,platanus occidentalis,Alabama
PLANT-00678,platanus occidentalis,Arkansas
PLANT-00678,platanus occidentalis,Connecticut
PLANT-00678,platanus occidentalis,Delaware
PLANT-00678,platanus occidentalis,Florida
PLANT-00678,platanus occidentalis,Georgia
PLANT-00678,platanus occidentalis,Illinois
PLANT-00678,platanus occidentalis,Indiana
PLANT-00678,platanus occidentalis,Iowa
PLANT-00678,platanus occidentalis,Kansas
PLANT-00678,platanus occidentalis,Kentucky
PLANT-00678,platanus occidentalis,Louisiana
PLANT-00678,platanus occidentalis,Maine
PLANT-00678,platanus occidentalis,Maryland
PLANT-00678,platanus occidentalis,Massachusetts
PLANT-00678,platanus occidentalis,Michigan
PLANT-00678,platanus occidentalis,Mississippi
PLANT-00678,platanus occidentalis,Missouri
PLANT-00678,platanus occidentalis,Nebraska
PLANT-00678,platanus occidentalis,New Hampshire
PLANT-00678,platanus occidentalis,New Jersey
PLANT-00678,platanus occidentalis,New York
PLANT-00678,platanus occidentalis,North Carolina
PLANT-00678,platanus occidentalis,Ohio
PLANT-00678,platanus occidentalis,Oklahoma
PLANT-00678,platanus occidentalis,Pennsylvania
PLANT-00678,platanus occidentalis,Rhode Island
PLANT-00678,platanus occidentalis,South Carolina
PLANT-00678,platanus occidentalis,Tennessee
PLANT-00678,platanus occidentalis,Texas
PLANT-00678,platanus occidentalis,Vermont
PLANT-00678,platanus occidentalis,Virginia
PLANT-00678,platanus occidentalis,West Virginia
PLANT-00678,platanus occidentalis,Wisconsin
PLANT-00679,platycodon grandiflorus,Hawaii
PLANT-00680,podophyllum peltatum,Alabama
PLANT-00680,podophyllum peltatum,Arkansas
PLANT-00680,podophyllum peltatum,Connecticut
PLANT-00680,podophyllum peltatum,Delaware
PLANT-00680,podophyllum peltatum,Florida
PLANT-00680,podophyllum peltatum,Georgia
PLANT-00680,podophyllum peltatum,Illinois
PLANT-00680,podophyllum peltatum,Indiana
PLANT-00680,podophyllum peltatum,Iowa
PLANT-00680,podophyllum peltatum,Kansas
PLANT-00680,podophyllum peltatum,Kentucky
PLANT-00680,podophyllum peltatum,Louisiana
PLANT-00680,podophyllum peltatum,Maine
PLANT-00680,podophyllum peltatum,Maryland
PLANT-00680,podophyllum peltatum,Massachusetts
PLANT-00680,podophyllum peltatum,Michigan
PLANT-00680,podophyllum peltatum,Minnesota
PLANT-00680,podophyllum peltatum,Mississippi
PLANT-00680,podophyllum peltatum,Missouri
PLANT-00680,podophyllum peltatum,Nebraska
PLANT-00680,podophyllum peltatum,New Hampshire
PLANT-00680,podophyllum peltatum,New Jersey
PLANT-00680,podophyllum peltatum,New York
PLANT-00680,podophyllum peltatum,North Carolina
PLANT-00680,podophyllum peltatum,Ohio
PLANT-00680,podophyllum peltatum,Oklahoma
PLANT-00680,podophyllum peltatum,Pennsylvania
PLANT-00680,podophyllum peltatum,Rhode Island
PLANT-00680,podophyllum peltatum,South Carolina
PLANT-00680,podophyllum peltatum,Tennessee
PLANT-00680,podophyllum peltatum,Texas
PLANT-00680,podophyllum peltatum,Vermont
PLANT-00680,podophyllum peltatum,Virginia
PLANT-00680,podophyllum peltatum,West Virginia
PLANT-00680,podophyllum peltatum,Wisconsin
PLANT-00681,pogonia ophioglossoides,Alabama
PLANT-00681,pogonia ophioglossoides,Arkansas
PLANT-00681,pogonia ophioglossoides,Connecticut
PLANT-00681,pogonia ophioglossoides,Delaware
PLANT-00681,pogonia ophioglossoides,Florida
PLANT-00681,pogonia ophioglossoides,Georgia
PLANT-00681,pogonia ophioglossoides,Illinois
PLANT-00681,pogonia ophioglossoides,Indiana
PLANT-00681,pogonia ophioglossoides,Iowa
PLANT-00681,pogonia ophioglossoides,Kentucky
PLANT-00681,pogonia ophioglossoides,Louisiana
PLANT-00681,pogonia ophioglossoides,Maine
PLANT-00681,pogonia ophioglossoides,Maryland
PLANT-00681,pogonia ophioglossoides,Massachusetts
PLANT-00681,pogonia ophioglossoides,Michigan
PLANT-00681,pogonia ophioglossoides,Minnesota
PLANT-00681,pogonia ophioglossoides,Mississippi
PLANT-00681,pogonia ophioglossoides,Missouri
PLANT-00681,pogonia ophioglossoides,New Hampshire
PLANT-00681,pogonia ophioglossoides,New Jersey
PLANT-00681,pogonia ophioglossoides,New York
PLANT-00681,pogonia ophioglossoides,North Carolina
PLANT-00681,pogonia ophioglossoides,North Dakota
PLANT-00681,pogonia ophioglossoides,Ohio
PLANT-00681,pogonia ophioglossoides,Oklahoma
PLANT-00681,pogonia ophioglossoides,Pennsylvania
PLANT-00681,pogonia ophioglossoides,Rhode Island
PLANT-00681,pogonia ophioglossoides,South Carolina
PLANT-00681,pogonia ophioglossoides,Tennessee
PLANT-00681,pogonia ophioglossoides,Texas
PLANT-00681,pogonia ophioglossoides,Vermont
PLANT-00681,pogonia ophioglossoides,Virginia
PLANT-00681,pogonia ophioglossoides,West Virginia
PLANT-00681,pogonia ophioglossoides,Wisconsin
PLANT-00682,polemonium reptans,Alabama
PLANT-00682,polemonium reptans,Arkansas
PLANT-00682,polemonium reptans,Delaware
PLANT-00682,polemonium reptans,Georgia
PLANT-00682,polemonium reptans,Illinois
PLANT-00682,polemonium reptans,Indiana
PLANT-00682,polemonium reptans,Iowa
PLANT-00682,polemonium reptans,Kansas
PLANT-00682,polemonium reptans,Kentucky
PLANT-00682,polemonium reptans,Maine
PLANT-00682,polemonium reptans,Maryland
PLANT-00682,polemonium reptans,Massachusetts
PLANT-00682,polemonium reptans,Michigan
PLANT-00682,polemonium reptans,Minnesota
PLANT-00682,polemonium reptans,Mississippi
PLANT-00682,polemonium reptans,Missouri
PLANT-00682,polemonium reptans,Nebraska
PLANT-00682,polemonium reptans,New Jersey
PLANT-00682,polemonium reptans,New York
PLANT-00682,polemonium reptans,North Carolina
PLANT-00682,polemonium reptans,Ohio
PLANT-00682,polemonium reptans,Oklahoma
PLANT-00682,polemonium reptans,Pennsylvania
PLANT-00682,polemonium reptans,Rhode Island
PLANT-00682,polemonium reptans,South Dakota
PLANT-00682,polemonium reptans,Tennessee
PLANT-00682,polemonium reptans,Virginia
PLANT-00682,polemonium reptans,West Virginia
PLANT-00682,polemonium reptans,Wisconsin
PLANT-00683,polygonatum biflorum,Alabama
PLANT-00683,polygonatum biflorum,Arizona
PLANT-00683,polygonatum biflorum,Arkansas
PLANT-00683,polygonatum biflorum,Connecticut
PLANT-00683,polygonatum biflorum,Delaware
PLANT-00683,polygonatum biflorum,Florida
PLANT-00683,polygonatum biflorum,Georgia
PLANT-00683,polygonatum biflorum,Illinois
PLANT-00683,polygonatum biflorum,Indiana
PLANT-00683,polygonatum biflorum,Iowa
PLANT-00683,polygonatum biflorum,Kansas
PLANT-00683,polygonatum biflorum,Kentucky
PLANT-00683,polygonatum biflorum,Louisiana
PLANT-00683,polygonatum biflorum,Maine
PLANT-00683,polygonatum biflorum,Maryland
PLANT-00683,polygonatum biflorum,Michigan
PLANT-00683,polygonatum biflorum,Minnesota
PLANT-00683,polygonatum biflorum,Mississippi
PLANT-00683,polygonatum biflorum,Missouri
PLANT-00683,polygonatum biflorum,Nebraska
PLANT-00683,polygonatum biflorum,New Hampshire
PLANT-00683,polygonatum biflorum,New Jersey
PLANT-00683,polygonatum biflorum,New Mexico
PLANT-00683,polygonatum biflorum,New York
PLANT-00683,polygonatum biflorum,North Carolina
PLANT-00683,polygonatum biflorum,North Dakota
PLANT-00683,polygonatum biflorum,Ohio
PLANT-00683,polygonatum biflorum,Oklahoma
PLANT-00683,polygonatum biflorum,Pennsylvania
PLANT-00683,polygonatum biflorum,Rhode Island
PLANT-00683,polygonatum biflorum,South Carolina
PLANT-00683,polygonatum biflorum,South Dakota
PLANT-00683,polygonatum biflorum,Tennessee
PLANT-00683,polygonatum biflorum,Texas
PLANT-00683,polygonatum biflorum,Vermont
PLANT-00683,polygonatum biflorum,Virginia
PLANT-00683,polygonatum biflorum,West Virginia
PLANT-00683,polygonatum biflorum,Wisconsin
PLANT-00683,polygonatum biflorum,Wyoming
PLANT-00684,polygonatum biflorum var. commutatum,Alabama
PLANT-00684,polygonatum biflorum var. commutatum,Arizona
PLANT-00684,polygonatum biflorum var. commutatum,Arkansas
PLANT-00684,polygonatum biflorum var. commutatum,Connecticut
PLANT-00684,polygonatum biflorum var. commutatum,Delaware
PLANT-00684,polygonatum biflorum var. commutatum,Florida
PLANT-00684,polygonatum biflorum var. commutatum,Georgia
PLANT-00684,polygonatum biflorum var. commutatum,Illinois
PLANT-00684,polygonatum biflorum var. commutatum,Indiana
PLANT-00684,polygonatum biflorum var. commutatum,Iowa
PLANT-00684,polygonatum biflorum var. commutatum,Kansas
PLANT-00684,polygonatum biflorum var. commutatum,Kentucky
PLANT-00684,polygonatum biflorum var. commutatum,Louisiana
PLANT-00684,polygonatum biflorum var. commutatum,Maine
PLANT-00684,polygonatum biflorum var. commutatum,Maryland
PLANT-00684,polygonatum biflorum var. commutatum,Massachusetts
PLANT-00684,polygonatum biflorum var. commutatum,Michigan
PLANT-00684,polygonatum biflorum var. commutatum,Minnesota
PLANT-00684,polygonatum biflorum var. commutatum,Mississippi
PLANT-00684,polygonatum biflorum var. commutatum,Missouri
PLANT-00684,polygonatum biflorum var. commutatum,Nebraska
PLANT-00684,polygonatum biflorum var. commutatum,New Hampshire
PLANT-00684,polygonatum biflorum var. commutatum,New Jersey
PLANT-00684,polygonatum biflorum var. commutatum,New Mexico
PLANT-00684,polygonatum biflorum var. commutatum,New York
PLANT-00684,polygonatum biflorum var. commutatum,North Carolina
PLANT-00684,polygonatum biflorum var. commutatum,North Dakota
PLANT-00684,polygonatum biflorum var. commutatum,Ohio
PLANT-00684,polygonatum biflorum var. commutatum,Oklahoma
PLANT-00684,polygonatum biflorum var. commutatum,Pennsylvania
PLANT-00684,polygonatum biflorum var. commutatum,Rhode Island
PLANT-00684,polygonatum biflorum var. commutatum,South Carolina
PLANT-00684,polygonatum biflorum var. commutatum,South Dakota
PLANT-00684,polygonatum biflorum var. commutatum,Tennessee
PLANT-00684,polygonatum biflorum var. commutatum,Texas
PLANT-00684,polygonatum biflorum var. commutatum,Vermont
PLANT-00684,polygonatum biflorum var. commutatum,Virginia
PLANT-00684,polygonatum biflorum var. commutatum,West Virginia
PLANT-00684,polygonatum biflorum var. commutatum,Wisconsin
PLANT-00684,polygonatum biflorum var. commutatum,Wyoming
PLANT-00685,polymnia canadensis,Alabama
PLANT-00685,polymnia canadensis,Arkansas
PLANT-00685,polymnia canadensis,Connecticut
PLANT-00685,polymnia canadensis,Georgia
PLANT-00685,polymnia canadensis,Illinois
PLANT-00685,polymnia canadensis,Indiana
PLANT-00685,polymnia canadensis,Iowa
PLANT-00685,polymnia canadensis,Kansas
PLANT-00685,polymnia canadensis,Kentucky
PLANT-00685,polymnia canadensis,Maryland
PLANT-00685,polymnia canadensis,Michigan
PLANT-00685,polymnia canadensis,Minnesota
PLANT-00685,polymnia canadensis,Missouri
PLANT-00685,polymnia canadensis,New York
PLANT-00685,polymnia canadensis,North Carolina
PLANT-00685,polymnia canadensis,Ohio
PLANT-00685,polymnia canadensis,Oklahoma
PLANT-00685,polymnia canadensis,Pennsylvania
PLANT-00685,polymnia canadensis,Tennessee
PLANT-00685,polymnia canadensis,Vermont
PLANT-00685,polymnia canadensis,Virginia
PLANT-00685,polymnia canadensis,West Virginia
PLANT-00685,polymnia canadensis,Wisconsin
PLANT-00686,polypodium virginianum,Alabama
PLANT-00686,polypodium virginianum,Alaska
PLANT-00686,polypodium virginianum,Arkansas
PLANT-00686,polypodium virginianum,Connecticut
PLANT-00686,polypodium virginianum,Delaware
PLANT-00686,polypodium virginianum,Georgia
PLANT-00686,polypodium virginianum,Illinois
PLANT-00686,polypodium virginianum,Indiana
PLANT-00686,polypodium virginianum,Iowa
PLANT-00686,polypodium virginianum,Kentucky
PLANT-00686,polypodium virginianum,Maine
PLANT-00686,polypodium virginianum,Maryland
PLANT-00686,polypodium virginianum,Massachusetts
PLANT-00686,polypodium virginianum,Michigan
PLANT-00686,polypodium virginianum,Minnesota
PLANT-00686,polypodium virginianum,Missouri
PLANT-00686,polypodium virginianum,New Hampshire
PLANT-00686,polypodium virginianum,New Jersey
PLANT-00686,polypodium virginianum,New York
PLANT-00686,polypodium virginianum,North Carolina
PLANT-00686,polypodium virginianum,Ohio
PLANT-00686,polypodium virginianum,Pennsylvania
PLANT-00686,polypodium virginianum,Rhode Island
PLANT-00686,polypodium virginianum,South Carolina
PLANT-00686,polypodium virginianum,South Dakota
PLANT-00686,polypodium virginianum,Tennessee
PLANT-00686,polypodium virginianum,Vermont
PLANT-00686,polypodium virginianum,Virginia
PLANT-00686,polypodium virginianum,West Virginia
PLANT-00686,polypodium virginianum,Wisconsin
PLANT-00687,polystichum acrostichoides,Alabama
PLANT-00687,polystichum acrostichoides,Arkansas
PLANT-00687,polystichum acrostichoides,Connecticut
PLANT-00687,polystichum acrostichoides,Delaware
PLANT-00687,polystichum acrostichoides,Florida
PLANT-00687,polystichum acrostichoides,Georgia
PLANT-00687,polystichum acrostichoides,Illinois
PLANT-00687,polystichum acrostichoides,Indiana
PLANT-00687,polystichum acrostichoides,Iowa
PLANT-00687,polystichum acrostichoides,Kansas
PLANT-00687,polystichum acrostichoides,Kentucky
PLANT-00687,polystichum acrostichoides,Louisiana
PLANT-00687,polystichum acrostichoides,Maine
PLANT-00687,polystichum acrostichoides,Maryland
PLANT-00687,polystichum acrostichoides,Massachusetts
PLANT-00687,polystichum acrostichoides,Michigan
PLANT-00687,polystichum acrostichoides,Minnesota
PLANT-00687,polystichum acrostichoides,Mississippi
PLANT-00687,polystichum acrostichoides,Missouri
PLANT-00687,polystichum acrostichoides,New Hampshire
PLANT-00687,polystichum acrostichoides,New Jersey
PLANT-00687,polystichum acrostichoides,New York
PLANT-00687,polystichum acrostichoides,North Carolina
PLANT-00687,polystichum acrostichoides,Ohio
PLANT-00687,polystichum acrostichoides,Oklahoma
PLANT-00687,polystichum acrostichoides,Pennsylvania
PLANT-00687,polystichum acrostichoides,Rhode Island
PLANT-00687,polystichum acrostichoides,South Carolina
PLANT-00687,polystichum acrostichoides,Tennessee
PLANT-00687,polystichum acrostichoides,Texas
PLANT-00687,polystichum acrostichoides,Vermont
PLANT-00687,polystichum acrostichoides,Virginia
PLANT-00687,polystichum acrostichoides,West Virginia
PLANT-00687,polystichum acrostichoides,Wisconsin
PLANT-00688,polystichum braunii,Alaska
PLANT-00688,polystichum braunii,Connecticut
PLANT-00688,polystichum braunii,Idaho
PLANT-00688,polystichum braunii,Maine
PLANT-00688,polystichum braunii,Massachusetts
PLANT-00688,polystichum braunii,Michigan
PLANT-00688,polystichum braunii,Minnesota
PLANT-00688,polystichum braunii,New Hampshire
PLANT-00688,polystichum braunii,New York
PLANT-00688,polystichum braunii,Pennsylvania
PLANT-00688,polystichum braunii,Vermont
PLANT-00688,polystichum braunii,Wisconsin
PLANT-00689,pontederia cordata,Alabama
PLANT-00689,pontederia cordata,Arkansas
PLANT-00689,pontederia cordata,Connecticut
PLANT-00689,pontederia cordata,Delaware
PLANT-00689,pontederia cordata,Florida
PLANT-00689,pontederia cordata,Georgia
PLANT-00689,pontederia cordata,Illinois
PLANT-00689,pontederia cordata,Indiana
PLANT-00689,pontederia cordata,Iowa
PLANT-00689,pontederia cordata,Kansas
PLANT-00689,pontederia cordata,Kentucky
PLANT-00689,pontederia cordata,Louisiana
PLANT-00689,pontederia cordata,Maine
PLANT-00689,pontederia cordata,Maryland
PLANT-00689,pontederia cordata,Massachusetts
PLANT-00689,pontederia cordata,Michigan
PLANT-00689,pontederia cordata,Minnesota
PLANT-00689,pontederia cordata,Mississippi
PLANT-00689,pontederia cordata,Missouri
PLANT-00689,pontederia cordata,Nebraska
PLANT-00689,pontederia cordata,New Hampshire
PLANT-00689,pontederia cordata,New Jersey
PLANT-00689,pontederia cordata,New York
PLANT-00689,pontederia cordata,North Carolina
PLANT-00689,pontederia cordata,Ohio
PLANT-00689,pontederia cordata,Oklahoma
PLANT-00689,pontederia cordata,Pennsylvania
PLANT-00689,pontederia cordata,Rhode Island
PLANT-00689,pontederia cordata,South Carolina
PLANT-00689,pontederia cordata,South Dakota
PLANT-00689,pontederia cordata,Tennessee
PLANT-00689,pontederia cordata,Texas
PLANT-00689,pontederia cordata,Vermont
PLANT-00689,pontederia cordata,West Virginia
PLANT-00689,pontederia cordata,Wisconsin
PLANT-00690,populus deltoides,Alabama
PLANT-00690,populus deltoides,Arkansas
PLANT-00690,populus deltoides,Connecticut
PLANT-00690,populus deltoides,Delaware
PLANT-00690,populus deltoides,Florida
PLANT-00690,populus deltoides,Georgia
PLANT-00690,populus deltoides,Illinois
PLANT-00690,populus deltoides,Indiana
PLANT-00690,populus deltoides,Iowa
PLANT-00690,populus deltoides,Kentucky
PLANT-00690,populus deltoides,Louisiana
PLANT-00690,populus deltoides,Maine
PLANT-00690,populus deltoides,Maryland
PLANT-00690,populus deltoides,Massachusetts
PLANT-00690,populus deltoides,Michigan
PLANT-00690,populus deltoides,Mississippi
PLANT-00690,populus deltoides,Missouri
PLANT-00690,populus deltoides,New Hampshire
PLANT-00690,populus deltoides,New Jersey
PLANT-00690,populus deltoides,New York
PLANT-00690,populus deltoides,North Carolina
PLANT-00690,populus deltoides,Ohio
PLANT-00690,populus deltoides,Oklahoma
PLANT-00690,populus deltoides,Pennsylvania
PLANT-00690,populus deltoides,Rhode Island
PLANT-00690,populus deltoides,South Carolina
PLANT-00690,populus deltoides,Tennessee
PLANT-00690,populus deltoides,Texas
PLANT-00690,populus deltoides,Vermont
PLANT-00690,populus deltoides,Virginia
PLANT-00690,populus deltoides,West Virginia
PLANT-00691,populus tremuloides,Alaska
PLANT-00691,populus tremuloides,Arizona
PLANT-00691,populus tremuloides,Arkansas
PLANT-00691,populus tremuloides,California
PLANT-00691,populus tremuloides,Colorado
PLANT-00691,populus tremuloides,Connecticut
PLANT-00691,populus tremuloides,Delaware
PLANT-00691,populus tremuloides,Idaho
PLANT-00691,populus tremuloides,Illinois
PLANT-00691,populus tremuloides,Indiana
PLANT-00691,populus tremuloides,Iowa
PLANT-00691,populus tremuloides,Maine
PLANT-00691,populus tremuloides,Maryland
PLANT-00691,populus tremuloides,Massachusetts
PLANT-00691,populus tremuloides,Michigan
PLANT-00691,populus tremuloides,Minnesota
PLANT-00691,populus tremuloides,Missouri
PLANT-00691,populus tremuloides,Montana
PLANT-00691,populus tremuloides,Nebraska
PLANT-00691,populus tremuloides,Nevada
PLANT-00691,populus tremuloides,New Hampshire
PLANT-00691,populus tremuloides,New Jersey
PLANT-00691,populus tremuloides,New Mexico
PLANT-00691,populus tremuloides,New York
PLANT-00691,populus tremuloides,North Carolina
PLANT-00691,populus tremuloides,North Dakota
PLANT-00691,populus tremuloides,Ohio
PLANT-00691,populus tremuloides,Oregon
PLANT-00691,populus tremuloides,Pennsylvania
PLANT-00691,populus tremuloides,Rhode Island
PLANT-00691,populus tremuloides,South Dakota
PLANT-00691,populus tremuloides,Texas
PLANT-00691,populus tremuloides,Utah
PLANT-00691,populus tremuloides,Vermont
PLANT-00691,populus tremuloides,Virginia
PLANT-00691,populus tremuloides,Washington
PLANT-00691,populus tremuloides,West Virginia
PLANT-00691,populus tremuloides,Wisconsin
PLANT-00691,populus tremuloides,Wyoming
PLANT-00692,porteranthus trifoliatus,Alabama
PLANT-00692,porteranthus trifoliatus,Arkansas
PLANT-00692,porteranthus trifoliatus,Delaware
PLANT-00692,porteranthus trifoliatus,Georgia
PLANT-00692,porteranthus trifoliatus,Illinois
PLANT-00692,porteranthus trifoliatus,Kentucky
PLANT-00692,porteranthus trifoliatus,Maryland
PLANT-00692,porteranthus trifoliatus,Massachusetts
PLANT-00692,porteranthus trifoliatus,Michigan
PLANT-00692,porteranthus trifoliatus,Missouri
PLANT-00692,porteranthus trifoliatus,New Jersey
PLANT-00692,porteranthus trifoliatus,New York
PLANT-00692,porteranthus trifoliatus,North Carolina
PLANT-00692,porteranthus trifoliatus,Ohio
PLANT-00692,porteranthus trifoliatus,Pennsylvania
PLANT-00692,porteranthus trifoliatus,Rhode Island
PLANT-00692,porteranthus trifoliatus,South Carolina
PLANT-00692,porteranthus trifoliatus,Tennessee
PLANT-00692,porteranthus trifoliatus,Virginia
PLANT-00692,porteranthus trifoliatus,West Virginia
PLANT-00693,portulaca oleracea,Alabama
PLANT-00693,portulaca oleracea,Alaska
PLANT-00693,portulaca oleracea,Arizona
PLANT-00693,portulaca oleracea,Arkansas
PLANT-00693,portulaca oleracea,California
PLANT-00693,portulaca oleracea,Colorado
PLANT-00693,portulaca oleracea,Connecticut
PLANT-00693,portulaca oleracea,Delaware
PLANT-00693,portulaca oleracea,Florida
PLANT-00693,portulaca oleracea,Georgia
PLANT-00693,portulaca oleracea,Idaho
PLANT-00693,portulaca oleracea,Illinois
PLANT-00693,portulaca oleracea,Indiana
PLANT-00693,portulaca oleracea,Iowa
PLANT-00693,portulaca oleracea,Kansas
PLANT-00693,portulaca oleracea,Kentucky
PLANT-00693,portulaca oleracea,Louisiana
PLANT-00693,portulaca oleracea,Maine
PLANT-00693,portulaca oleracea,Maryland
PLANT-00693,portulaca oleracea,Massachusetts
PLANT-00693,portulaca oleracea,Michigan
PLANT-00693,portulaca oleracea,Minnesota
PLANT-00693,portulaca oleracea,Mississippi
PLANT-00693,portulaca oleracea,Missouri
PLANT-00693,portulaca oleracea,Montana
PLANT-00693,portulaca oleracea,Nebraska
PLANT-00693,portulaca oleracea,Nevada
PLANT-00693,portulaca oleracea,New Hampshire
PLANT-00693,portulaca oleracea,New Jersey
PLANT-00693,portulaca oleracea,New Mexico
PLANT-00693,portulaca oleracea,New York
PLANT-00693,portulaca oleracea,North Carolina
PLANT-00693,portulaca oleracea,North Dakota
PLANT-00693,portulaca oleracea,Ohio
PLANT-00693,portulaca oleracea,Oklahoma
PLANT-00693,portulaca oleracea,Oregon
PLANT-00693,portulaca oleracea,Pennsylvania
PLANT-00693,portulaca oleracea,Rhode Island
PLANT-00693,portulaca oleracea,South Carolina
PLANT-00693,portulaca oleracea,South Dakota
PLANT-00693,portulaca oleracea,Tennessee
PLANT-00693,portulaca oleracea,Texas
PLANT-00693,portulaca oleracea,Utah
PLANT-00693,portulaca oleracea,Vermont
PLANT-00693,portulaca oleracea,Virginia
PLANT-00693,portulaca oleracea,Washington
PLANT-00693,portulaca oleracea,West Virginia
PLANT-00693,portulaca oleracea,Wisconsin
PLANT-00693,portulaca oleracea,Wyoming
PLANT-00694,potentilla fruticosa,Alaska
PLANT-00694,potentilla fruticosa,Arizona
PLANT-00694,potentilla fruticosa,California
PLANT-00694,potentilla fruticosa,Colorado
PLANT-00694,potentilla fruticosa,Connecticut
PLANT-00694,potentilla fruticosa,Illinois
PLANT-00694,potentilla fruticosa,Indiana
PLANT-00694,potentilla fruticosa,Iowa
PLANT-00694,potentilla fruticosa,Maine
PLANT-00694,potentilla fruticosa,Massachusetts
PLANT-00694,potentilla fruticosa,Michigan
PLANT-00694,potentilla fruticosa,Minnesota
PLANT-00694,potentilla fruticosa,Montana
PLANT-00694,potentilla fruticosa,Nevada
PLANT-00694,potentilla fruticosa,New Hampshire
PLANT-00694,potentilla fruticosa,New Jersey
PLANT-00694,potentilla fruticosa,New Mexico
PLANT-00694,potentilla fruticosa,New York
PLANT-00694,potentilla fruticosa,North Carolina
PLANT-00694,potentilla fruticosa,North Dakota
PLANT-00694,potentilla fruticosa,Ohio
PLANT-00694,potentilla fruticosa,Oregon
PLANT-00694,potentilla fruticosa,Pennsylvania
PLANT-00694,potentilla fruticosa,South Dakota
PLANT-00694,potentilla fruticosa,Utah
PLANT-00694,potentilla fruticosa,Vermont
PLANT-00694,potentilla fruticosa,Washington
PLANT-00694,potentilla fruticosa,Wisconsin
PLANT-00694,potentilla fruticosa,Wyoming
PLANT-00695,potentilla gracilis,Alaska
PLANT-00695,potentilla gracilis,California
PLANT-00695,potentilla gracilis,Minnesota
PLANT-00695,potentilla gracilis,Montana
PLANT-00695,potentilla gracilis,New Hampshire
PLANT-00695,potentilla gracilis,Oregon
PLANT-00695,potentilla gracilis,Washington
PLANT-00696,prunella grandiflora,Georgia
PLANT-00697,prunus americana,Alabama
PLANT-00697,prunus americana,Arizona
PLANT-00697,prunus americana,Arkansas
PLANT-00697,prunus americana,Colorado
PLANT-00697,prunus americana,Connecticut
PLANT-00697,prunus americana,Delaware
PLANT-00697,prunus americana,Florida
PLANT-00697,prunus americana,Georgia
PLANT-00697,prunus americana,Illinois
PLANT-00697,prunus americana,Indiana
PLANT-00697,prunus americana,Iowa
PLANT-00697,prunus americana,Kansas
PLANT-00697,prunus americana,Kentucky
PLANT-00697,prunus americana,Louisiana
PLANT-00697,prunus americana,Maine
PLANT-00697,prunus americana,Maryland
PLANT-00697,prunus americana,Massachusetts
PLANT-00697,prunus americana,Michigan
PLANT-00697,prunus americana,Minnesota
PLANT-00697,prunus americana,Mississippi
PLANT-00697,prunus americana,Missouri
PLANT-00697,prunus americana,Montana
PLANT-00697,prunus americana,Nebraska
PLANT-00697,prunus americana,New Hampshire
PLANT-00697,prunus americana,New Jersey
PLANT-00697,prunus americana,New Mexico
PLANT-00697,prunus americana,New York
PLANT-00697,prunus americana,North Carolina
PLANT-00697,prunus americana,North Dakota
PLANT-00697,prunus americana,Ohio
PLANT-00697,prunus americana,Oklahoma
PLANT-00697,prunus americana,Pennsylvania
PLANT-00697,prunus americana,Rhode Island
PLANT-00697,prunus americana,South Carolina
PLANT-00697,prunus americana,South Dakota
PLANT-00697,prunus americana,Tennessee
PLANT-00697,prunus americana,Utah
PLANT-00697,prunus americana,Vermont
PLANT-00697,prunus americana,Virginia
PLANT-00697,prunus americana,Washington
PLANT-00697,prunus americana,West Virginia
PLANT-00697,prunus americana,Wisconsin
PLANT-00697,prunus americana,Wyoming
PLANT-00698,prunus angustifolia,Alabama
PLANT-00698,prunus angustifolia,Arkansas
PLANT-00698,prunus angustifolia,Colorado
PLANT-00698,prunus angustifolia,Florida
PLANT-00698,prunus angustifolia,Georgia
PLANT-00698,prunus angustifolia,Illinois
PLANT-00698,prunus angustifolia,Indiana
PLANT-00698,prunus angustifolia,Kansas
PLANT-00698,prunus angustifolia,Kentucky
PLANT-00698,prunus angustifolia,Louisiana
PLANT-00698,prunus angustifolia,Maryland
PLANT-00698,prunus angustifolia,Mississippi
PLANT-00698,prunus angustifolia,Missouri
PLANT-00698,prunus angustifolia,Nebraska
PLANT-00698,prunus angustifolia,New Jersey
PLANT-00698,prunus angustifolia,North Carolina
PLANT-00698,prunus angustifolia,Oklahoma
PLANT-00698,prunus angustifolia,Pennsylvania
PLANT-00698,prunus angustifolia,South Carolina
PLANT-00698,prunus angustifolia,Tennessee
PLANT-00698,prunus angustifolia,Texas
PLANT-00698,prunus angustifolia,Virginia
PLANT-00698,prunus angustifolia,West Virginia
PLANT-00699,prunus caroliniana,Alabama
PLANT-00699,prunus caroliniana,Arizona
PLANT-00699,prunus caroliniana,Arkansas
PLANT-00699,prunus caroliniana,California
PLANT-00699,prunus caroliniana,Delaware
PLANT-00699,prunus caroliniana,Florida
PLANT-00699,prunus caroliniana,Georgia
PLANT-00699,prunus caroliniana,Kentucky
PLANT-00699,prunus caroliniana,Louisiana
PLANT-00699,prunus caroliniana,Maryland
PLANT-00699,prunus caroliniana,Mississippi
PLANT-00699,prunus caroliniana,Nevada
PLANT-00699,prunus caroliniana,New Mexico
PLANT-00699,prunus caroliniana,North Carolina
PLANT-00699,prunus caroliniana,South Carolina
PLANT-00699,prunus caroliniana,Tennessee
PLANT-00699,prunus caroliniana,Texas
PLANT-00699,prunus caroliniana,Utah
PLANT-00699,prunus caroliniana,Virginia
PLANT-00700,prunus mexicana,Alabama
PLANT-00700,prunus mexicana,Arkansas
PLANT-00700,prunus mexicana,Georgia
PLANT-00700,prunus mexicana,Illinois
PLANT-00700,prunus mexicana,Indiana
PLANT-00700,prunus mexicana,Iowa
PLANT-00700,prunus mexicana,Kansas
PLANT-00700,prunus mexicana,Kentucky
PLANT-00700,prunus mexicana,Louisiana
PLANT-00700,prunus mexicana,Minnesota
PLANT-00700,prunus mexicana,Mississippi
PLANT-00700,prunus mexicana,Missouri
PLANT-00700,prunus mexicana,Nebraska
PLANT-00700,prunus mexicana,North Carolina
PLANT-00700,prunus mexicana,Ohio
PLANT-00700,prunus mexicana,Oklahoma
PLANT-00700,prunus mexicana,South Carolina
PLANT-00700,prunus mexicana,South Dakota
PLANT-00700,prunus mexicana,Tennessee
PLANT-00700,prunus mexicana,Texas
PLANT-00700,prunus mexicana,Wisconsin
PLANT-00701,prunus padus,Alaska
PLANT-00701,prunus padus,Montana
PLANT-00702,prunus serotina,Alabama
PLANT-00702,prunus serotina,Arkansas
PLANT-00702,prunus serotina,Connecticut
PLANT-00702,prunus serotina,Delaware
PLANT-00702,prunus serotina,Florida
PLANT-00702,prunus serotina,Georgia
PLANT-00702,prunus serotina,Illinois
PLANT-00702,prunus serotina,Indiana
PLANT-00702,prunus serotina,Iowa
PLANT-00702,prunus serotina,Kansas
PLANT-00702,prunus serotina,Kentucky
PLANT-00702,prunus serotina,Louisiana
PLANT-00702,prunus serotina,Maine
PLANT-00702,prunus serotina,Maryland
PLANT-00702,prunus serotina,Massachusetts
PLANT-00702,prunus serotina,Michigan
PLANT-00702,prunus serotina,Minnesota
PLANT-00702,prunus serotina,Mississippi
PLANT-00702,prunus serotina,Missouri
PLANT-00702,prunus serotina,Nebraska
PLANT-00702,prunus serotina,New Hampshire
PLANT-00702,prunus serotina,New Jersey
PLANT-00702,prunus serotina,New York
PLANT-00702,prunus serotina,North Carolina
PLANT-00702,prunus serotina,North Dakota
PLANT-00702,prunus serotina,Ohio
PLANT-00702,prunus serotina,Oklahoma
PLANT-00702,prunus serotina,Pennsylvania
PLANT-00702,prunus serotina,Rhode Island
PLANT-00702,prunus serotina,South Carolina
PLANT-00702,prunus serotina,Tennessee
PLANT-00702,prunus serotina,Texas
PLANT-00702,prunus serotina,Vermont
PLANT-00702,prunus serotina,Virginia
PLANT-00702,prunus serotina,West Virginia
PLANT-00702,prunus serotina,Wisconsin
PLANT-00703,prunus virginiana,Arkansas
PLANT-00703,prunus virginiana,Connecticut
PLANT-00703,prunus virginiana,Delaware
PLANT-00703,prunus virginiana,Georgia
PLANT-00703,prunus virginiana,Illinois
PLANT-00703,prunus virginiana,Indiana
PLANT-00703,prunus virginiana,Kansas
PLANT-00703,prunus virginiana,Kentucky
PLANT-00703,prunus virginiana,Maine
PLANT-00703,prunus virginiana,Maryland
PLANT-00703,prunus virginiana,Massachusetts
PLANT-00703,prunus virginiana,Michigan
PLANT-00703,prunus virginiana,Minnesota
PLANT-00703,prunus virginiana,Missouri
PLANT-00703,prunus virginiana,Nebraska
PLANT-00703,prunus virginiana,New Hampshire
PLANT-00703,prunus virginiana,New Jersey
PLANT-00703,prunus virginiana,New York
PLANT-00703,prunus virginiana,North Carolina
PLANT-00703,prunus virginiana,North Dakota
PLANT-00703,prunus virginiana,Ohio
PLANT-00703,prunus virginiana,Oklahoma
PLANT-00703,prunus virginiana,Pennsylvania
PLANT-00703,prunus virginiana,Rhode Island
PLANT-00703,prunus virginiana,Tennessee
PLANT-00703,prunus virginiana,Vermont
PLANT-00703,prunus virginiana,Virginia
PLANT-00703,prunus virginiana,West Virginia
PLANT-00703,prunus virginiana,Wisconsin
PLANT-00704,pseudotsuga menziesii,Arizona
PLANT-00704,pseudotsuga menziesii,California
PLANT-00704,pseudotsuga menziesii,Colorado
PLANT-00704,pseudotsuga menziesii,Idaho
PLANT-00704,pseudotsuga menziesii,Minnesota
PLANT-00704,pseudotsuga menziesii,Nevada
PLANT-00704,pseudotsuga menziesii,New Mexico
PLANT-00704,pseudotsuga menziesii,Oregon
PLANT-00704,pseudotsuga menziesii,Texas
PLANT-00704,pseudotsuga menziesii,Utah
PLANT-00704,pseudotsuga menziesii,Washington
PLANT-00704,pseudotsuga menziesii,Wyoming
PLANT-00705,ptelea trifoliata,Alabama
PLANT-00705,ptelea trifoliata,Arizona
PLANT-00705,ptelea trifoliata,Arkansas
PLANT-00705,ptelea trifoliata,Colorado
PLANT-00705,ptelea trifoliata,Florida
PLANT-00705,ptelea trifoliata,Georgia
PLANT-00705,ptelea trifoliata,Illinois
PLANT-00705,ptelea trifoliata,Indiana
PLANT-00705,ptelea trifoliata,Iowa
PLANT-00705,ptelea trifoliata,Kansas
PLANT-00705,ptelea trifoliata,Kentucky
PLANT-00705,ptelea trifoliata,Louisiana
PLANT-00705,ptelea trifoliata,Maine
PLANT-00705,ptelea trifoliata,Maryland
PLANT-00705,ptelea trifoliata,Michigan
PLANT-00705,ptelea trifoliata,Minnesota
PLANT-00705,ptelea trifoliata,Mississippi
PLANT-00705,ptelea trifoliata,Missouri
PLANT-00705,ptelea trifoliata,New Jersey
PLANT-00705,ptelea trifoliata,New Mexico
PLANT-00705,ptelea trifoliata,New York
PLANT-00705,ptelea trifoliata,North Carolina
PLANT-00705,ptelea trifoliata,Ohio
PLANT-00705,ptelea trifoliata,Oklahoma
PLANT-00705,ptelea trifoliata,Pennsylvania
PLANT-00705,ptelea trifoliata,South Carolina
PLANT-00705,ptelea trifoliata,Tennessee
PLANT-00705,ptelea trifoliata,Texas
PLANT-00705,ptelea trifoliata,Utah
PLANT-00705,ptelea trifoliata,Virginia
PLANT-00705,ptelea trifoliata,West Virginia
PLANT-00705,ptelea trifoliata,Wisconsin
PLANT-00706,pteridium aquilinum,Missouri
PLANT-00707,pycnanthemum incanum,Alabama
PLANT-00707,pycnanthemum incanum,Connecticut
PLANT-00707,pycnanthemum incanum,Delaware
PLANT-00707,pycnanthemum incanum,Florida
PLANT-00707,pycnanthemum incanum,Georgia
PLANT-00707,pycnanthemum incanum,Illinois
PLANT-00707,pycnanthemum incanum,Indiana
PLANT-00707,pycnanthemum incanum,Kentucky
PLANT-00707,pycnanthemum incanum,Maryland
PLANT-00707,pycnanthemum incanum,Massachusetts
PLANT-00707,pycnanthemum incanum,Michigan
PLANT-00707,pycnanthemum incanum,Mississippi
PLANT-00707,pycnanthemum incanum,New Hampshire
PLANT-00707,pycnanthemum incanum,New Jersey
PLANT-00707,pycnanthemum incanum,New York
PLANT-00707,pycnanthemum incanum,North Carolina
PLANT-00707,pycnanthemum incanum,Ohio
PLANT-00707,pycnanthemum incanum,Pennsylvania
PLANT-00707,pycnanthemum incanum,Rhode Island
PLANT-00707,pycnanthemum incanum,South Carolina
PLANT-00707,pycnanthemum incanum,Tennessee
PLANT-00707,pycnanthemum incanum,Vermont
PLANT-00707,pycnanthemum incanum,Virginia
PLANT-00707,pycnanthemum incanum,West Virginia
PLANT-00708,pycnanthemum muticum,Alabama
PLANT-00708,pycnanthemum muticum,Arkansas
PLANT-00708,pycnanthemum muticum,Connecticut
PLANT-00708,pycnanthemum muticum,Delaware
PLANT-00708,pycnanthemum muticum,Florida
PLANT-00708,pycnanthemum muticum,Georgia
PLANT-00708,pycnanthemum muticum,Illinois
PLANT-00708,pycnanthemum muticum,Kentucky
PLANT-00708,pycnanthemum muticum,Louisiana
PLANT-00708,pycnanthemum muticum,Maine
PLANT-00708,pycnanthemum muticum,Maryland
PLANT-00708,pycnanthemum muticum,Massachusetts
PLANT-00708,pycnanthemum muticum,Michigan
PLANT-00708,pycnanthemum muticum,Mississippi
PLANT-00708,pycnanthemum muticum,Missouri
PLANT-00708,pycnanthemum muticum,New Hampshire
PLANT-00708,pycnanthemum muticum,New Jersey
PLANT-00708,pycnanthemum muticum,New York
PLANT-00708,pycnanthemum muticum,North Carolina
PLANT-00708,pycnanthemum muticum,Ohio
PLANT-00708,pycnanthemum muticum,Pennsylvania
PLANT-00708,pycnanthemum muticum,Rhode Island
PLANT-00708,pycnanthemum muticum,South Carolina
PLANT-00708,pycnanthemum muticum,Tennessee
PLANT-00708,pycnanthemum muticum,Texas
PLANT-00708,pycnanthemum muticum,Vermont
PLANT-00708,pycnanthemum muticum,Virginia
PLANT-00708,pycnanthemum muticum,West Virginia
PLANT-00709,pycnanthemum pilosum,Alabama
PLANT-00709,pycnanthemum pilosum,Arkansas
PLANT-00709,pycnanthemum pilosum,Connecticut
PLANT-00709,pycnanthemum pilosum,Georgia
PLANT-00709,pycnanthemum pilosum,Illinois
PLANT-00709,pycnanthemum pilosum,Iowa
PLANT-00709,pycnanthemum pilosum,Kansas
PLANT-00709,pycnanthemum pilosum,Kentucky
PLANT-00709,pycnanthemum pilosum,Michigan
PLANT-00709,pycnanthemum pilosum,Missouri
PLANT-00709,pycnanthemum pilosum,Nebraska
PLANT-00709,pycnanthemum pilosum,Ohio
PLANT-00709,pycnanthemum pilosum,Oklahoma
PLANT-00709,pycnanthemum pilosum,Tennessee
PLANT-00709,pycnanthemum pilosum,Texas
PLANT-00710,pycnanthemum setosum,Delaware
PLANT-00710,pycnanthemum setosum,Florida
PLANT-00710,pycnanthemum setosum,Georgia
PLANT-00710,pycnanthemum setosum,Louisiana
PLANT-00710,pycnanthemum setosum,Maryland
PLANT-00710,pycnanthemum setosum,New Jersey
PLANT-00710,pycnanthemum setosum,North Carolina
PLANT-00710,pycnanthemum setosum,Virginia
PLANT-00711,pycnanthemum tenuifolium,Alabama
PLANT-00711,pycnanthemum tenuifolium,Arkansas
PLANT-00711,pycnanthemum tenuifolium,Connecticut
PLANT-00711,pycnanthemum tenuifolium,Delaware
PLANT-00711,pycnanthemum tenuifolium,Florida
PLANT-00711,pycnanthemum tenuifolium,Georgia
PLANT-00711,pycnanthemum tenuifolium,Illinois
PLANT-00711,pycnanthemum tenuifolium,Indiana
PLANT-00711,pycnanthemum tenuifolium,Iowa
PLANT-00711,pycnanthemum tenuifolium,Kansas
PLANT-00711,pycnanthemum tenuifolium,Kentucky
PLANT-00711,pycnanthemum tenuifolium,Louisiana
PLANT-00711,pycnanthemum tenuifolium,Maine
PLANT-00711,pycnanthemum tenuifolium,Maryland
PLANT-00711,pycnanthemum tenuifolium,Michigan
PLANT-00711,pycnanthemum tenuifolium,Minnesota
PLANT-00711,pycnanthemum tenuifolium,Mississippi
PLANT-00711,pycnanthemum tenuifolium,Missouri
PLANT-00711,pycnanthemum tenuifolium,Nebraska
PLANT-00711,pycnanthemum tenuifolium,New Hampshire
PLANT-00711,pycnanthemum tenuifolium,New Jersey
PLANT-00711,pycnanthemum tenuifolium,New York
PLANT-00711,pycnanthemum tenuifolium,North Carolina
PLANT-00711,pycnanthemum tenuifolium,Ohio
PLANT-00711,pycnanthemum tenuifolium,Oklahoma
PLANT-00711,pycnanthemum tenuifolium,Pennsylvania
PLANT-00711,pycnanthemum tenuifolium,Rhode Island
PLANT-00711,pycnanthemum tenuifolium,South Carolina
PLANT-00711,pycnanthemum tenuifolium,Tennessee
PLANT-00711,pycnanthemum tenuifolium,Texas
PLANT-00711,pycnanthemum tenuifolium,Vermont
PLANT-00711,pycnanthemum tenuifolium,Virginia
PLANT-00711,pycnanthemum tenuifolium,West Virginia
PLANT-00711,pycnanthemum tenuifolium,Wisconsin
PLANT-00712,pycnanthemum virginianum,Alabama
PLANT-00712,pycnanthemum virginianum,Arkansas
PLANT-00712,pycnanthemum virginianum,Connecticut
PLANT-00712,pycnanthemum virginianum,Delaware
PLANT-00712,pycnanthemum virginianum,Georgia
PLANT-00712,pycnanthemum virginianum,Illinois
PLANT-00712,pycnanthemum virginianum,Indiana
PLANT-00712,pycnanthemum virginianum,Iowa
PLANT-00712,pycnanthemum virginianum,Kansas
PLANT-00712,pycnanthemum virginianum,Kentucky
PLANT-00712,pycnanthemum virginianum,Maine
PLANT-00712,pycnanthemum virginianum,Maryland
PLANT-00712,pycnanthemum virginianum,Michigan
PLANT-00712,pycnanthemum virginianum,Minnesota
PLANT-00712,pycnanthemum virginianum,Mississippi
PLANT-00712,pycnanthemum virginianum,Missouri
PLANT-00712,pycnanthemum virginianum,Nebraska
PLANT-00712,pycnanthemum virginianum,New Hampshire
PLANT-00712,pycnanthemum virginianum,New Jersey
PLANT-00712,pycnanthemum virginianum,New York
PLANT-00712,pycnanthemum virginianum,North Carolina
PLANT-00712,pycnanthemum virginianum,North Dakota
PLANT-00712,pycnanthemum virginianum,Ohio
PLANT-00712,pycnanthemum virginianum,Oklahoma
PLANT-00712,pycnanthemum virginianum,Pennsylvania
PLANT-00712,pycnanthemum virginianum,Rhode Island
PLANT-00712,pycnanthemum virginianum,South Dakota
PLANT-00712,pycnanthemum virginianum,Tennessee
PLANT-00712,pycnanthemum virginianum,Vermont
PLANT-00712,pycnanthemum virginianum,Virginia
PLANT-00712,pycnanthemum virginianum,West Virginia
PLANT-00712,pycnanthemum virginianum,Wisconsin
PLANT-00713,quercus acerifolia,Arkansas
PLANT-00714,quercus alba,Alabama
PLANT-00714,quercus alba,Arkansas
PLANT-00714,quercus alba,Connecticut
PLANT-00714,quercus alba,Delaware
PLANT-00714,quercus alba,Florida
PLANT-00714,quercus alba,Georgia
PLANT-00714,quercus alba,Illinois
PLANT-00714,quercus alba,Indiana
PLANT-00714,quercus alba,Iowa
PLANT-00714,quercus alba,Kansas
PLANT-00714,quercus alba,Kentucky
PLANT-00714,quercus alba,Louisiana
PLANT-00714,quercus alba,Maine
PLANT-00714,quercus alba,Maryland
PLANT-00714,quercus alba,Massachusetts
PLANT-00714,quercus alba,Michigan
PLANT-00714,quercus alba,Minnesota
PLANT-00714,quercus alba,Mississippi
PLANT-00714,quercus alba,Missouri
PLANT-00714,quercus alba,Nebraska
PLANT-00714,quercus alba,New Hampshire
PLANT-00714,quercus alba,New Jersey
PLANT-00714,quercus alba,New York
PLANT-00714,quercus alba,North Carolina
PLANT-00714,quercus alba,Ohio
PLANT-00714,quercus alba,Oklahoma
PLANT-00714,quercus alba,Pennsylvania
PLANT-00714,quercus alba,Rhode Island
PLANT-00714,quercus alba,South Carolina
PLANT-00714,quercus alba,Tennessee
PLANT-00714,quercus alba,Texas
PLANT-00714,quercus alba,Vermont
PLANT-00714,quercus alba,Virginia
PLANT-00714,quercus alba,West Virginia
PLANT-00714,quercus alba,Wisconsin
PLANT-00715,quercus bicolor,Alabama
PLANT-00715,quercus bicolor,Connecticut
PLANT-00715,quercus bicolor,Delaware
PLANT-00715,quercus bicolor,Illinois
PLANT-00715,quercus bicolor,Indiana
PLANT-00715,quercus bicolor,Iowa
PLANT-00715,quercus bicolor,Kentucky
PLANT-00715,quercus bicolor,Maine
PLANT-00715,quercus bicolor,Maryland
PLANT-00715,quercus bicolor,Massachusetts
PLANT-00715,quercus bicolor,Michigan
PLANT-00715,quercus bicolor,Minnesota
PLANT-00715,quercus bicolor,Missouri
PLANT-00715,quercus bicolor,Nebraska
PLANT-00715,quercus bicolor,New Hampshire
PLANT-00715,quercus bicolor,New Jersey
PLANT-00715,quercus bicolor,New York
PLANT-00715,quercus bicolor,North Carolina
PLANT-00715,quercus bicolor,Ohio
PLANT-00715,quercus bicolor,Pennsylvania
PLANT-00715,quercus bicolor,Rhode Island
PLANT-00715,quercus bicolor,South Carolina
PLANT-00715,quercus bicolor,Tennessee
PLANT-00715,quercus bicolor,Vermont
PLANT-00715,quercus bicolor,Virginia
PLANT-00715,quercus bicolor,West Virginia
PLANT-00715,quercus bicolor,Wisconsin
PLANT-00716,quercus coccinea,Alabama
PLANT-00716,quercus coccinea,Arkansas
PLANT-00716,quercus coccinea,Connecticut
PLANT-00716,quercus coccinea,Delaware
PLANT-00716,quercus coccinea,Georgia
PLANT-00716,quercus coccinea,Illinois
PLANT-00716,quercus coccinea,Indiana
PLANT-00716,quercus coccinea,Kentucky
PLANT-00716,quercus coccinea,Louisiana
PLANT-00716,quercus coccinea,Maine
PLANT-00716,quercus coccinea,Maryland
PLANT-00716,quercus coccinea,Massachusetts
PLANT-00716,quercus coccinea,Mississippi
PLANT-00716,quercus coccinea,Missouri
PLANT-00716,quercus coccinea,New Hampshire
PLANT-00716,quercus coccinea,New Jersey
PLANT-00716,quercus coccinea,New York
PLANT-00716,quercus coccinea,North Carolina
PLANT-00716,quercus coccinea,Ohio
PLANT-00716,quercus coccinea,Pennsylvania
PLANT-00716,quercus coccinea,Rhode Island
PLANT-00716,quercus coccinea,South Carolina
PLANT-00716,quercus coccinea,Tennessee
PLANT-00716,quercus coccinea,Vermont
PLANT-00716,quercus coccinea,Virginia
PLANT-00716,quercus coccinea,West Virginia
PLANT-00716,quercus coccinea,Wisconsin
PLANT-00717,quercus ellipsoidalis,Illinois
PLANT-00717,quercus ellipsoidalis,Indiana
PLANT-00717,quercus ellipsoidalis,Iowa
PLANT-00717,quercus ellipsoidalis,Michigan
PLANT-00717,quercus ellipsoidalis,Minnesota
PLANT-00717,quercus ellipsoidalis,Missouri
PLANT-00717,quercus ellipsoidalis,North Dakota
PLANT-00717,quercus ellipsoidalis,Ohio
PLANT-00717,quercus ellipsoidalis,Wisconsin
PLANT-00718,quercus falcata,Alabama
PLANT-00718,quercus falcata,Arkansas
PLANT-00718,quercus falcata,Delaware
PLANT-00718,quercus falcata,Florida
PLANT-00718,quercus falcata,Georgia
PLANT-00718,quercus falcata,Illinois
PLANT-00718,quercus falcata,Indiana
PLANT-00718,quercus falcata,Kentucky
PLANT-00718,quercus falcata,Louisiana
PLANT-00718,quercus falcata,Maryland
PLANT-00718,quercus falcata,Mississippi
PLANT-00718,quercus falcata,Missouri
PLANT-00718,quercus falcata,New Jersey
PLANT-00718,quercus falcata,North Carolina
PLANT-00718,quercus falcata,Ohio
PLANT-00718,quercus falcata,Oklahoma
PLANT-00718,quercus falcata,Pennsylvania
PLANT-00718,quercus falcata,South Carolina
PLANT-00718,quercus falcata,Tennessee
PLANT-00718,quercus falcata,Texas
PLANT-00718,quercus falcata,Virginia
PLANT-00718,quercus falcata,West Virginia
PLANT-00719,quercus imbricaria,Alabama
PLANT-00719,quercus imbricaria,Arkansas
PLANT-00719,quercus imbricaria,Georgia
PLANT-00719,quercus imbricaria,Illinois
PLANT-00719,quercus imbricaria,Indiana
PLANT-00719,quercus imbricaria,Iowa
PLANT-00719,quercus imbricaria,Kansas
PLANT-00719,quercus imbricaria,Kentucky
PLANT-00719,quercus imbricaria,Louisiana
PLANT-00719,quercus imbricaria,Maryland
PLANT-00719,quercus imbricaria,Michigan
PLANT-00719,quercus imbricaria,Mississippi
PLANT-00719,quercus imbricaria,Missouri
PLANT-00719,quercus imbricaria,New Jersey
PLANT-00719,quercus imbricaria,North Carolina
PLANT-00719,quercus imbricaria,Ohio
PLANT-00719,quercus imbricaria,Oklahoma
PLANT-00719,quercus imbricaria,Pennsylvania
PLANT-00719,quercus imbricaria,Tennessee
PLANT-00719,quercus imbricaria,Texas
PLANT-00719,quercus imbricaria,Virginia
PLANT-00719,quercus imbricaria,West Virginia
PLANT-00720,quercus lyrata,Alabama
PLANT-00720,quercus lyrata,Arkansas
PLANT-00720,quercus lyrata,Delaware
PLANT-00720,quercus lyrata,Florida
PLANT-00720,quercus lyrata,Georgia
PLANT-00720,quercus lyrata,Illinois
PLANT-00720,quercus lyrata,Indiana
PLANT-00720,quercus lyrata,Iowa
PLANT-00720,quercus lyrata,Kentucky
PLANT-00720,quercus lyrata,Louisiana
PLANT-00720,quercus lyrata,Maryland
PLANT-00720,quercus lyrata,Mississippi
PLANT-00720,quercus lyrata,Missouri
PLANT-00720,quercus lyrata,New Jersey
PLANT-00720,quercus lyrata,North Carolina
PLANT-00720,quercus lyrata,Oklahoma
PLANT-00720,quercus lyrata,South Carolina
PLANT-00720,quercus lyrata,Tennessee
PLANT-00720,quercus lyrata,Texas
PLANT-00720,quercus lyrata,Virginia
PLANT-00721,quercus macrocarpa,Alabama
PLANT-00721,quercus macrocarpa,Arkansas
PLANT-00721,quercus macrocarpa,Connecticut
PLANT-00721,quercus macrocarpa,Illinois
PLANT-00721,quercus macrocarpa,Indiana
PLANT-00721,quercus macrocarpa,Iowa
PLANT-00721,quercus macrocarpa,Kansas
PLANT-00721,quercus macrocarpa,Kentucky
PLANT-00721,quercus macrocarpa,Louisiana
PLANT-00721,quercus macrocarpa,Maine
PLANT-00721,quercus macrocarpa,Maryland
PLANT-00721,quercus macrocarpa,Massachusetts
PLANT-00721,quercus macrocarpa,Michigan
PLANT-00721,quercus macrocarpa,Minnesota
PLANT-00721,quercus macrocarpa,Mississippi
PLANT-00721,quercus macrocarpa,Missouri
PLANT-00721,quercus macrocarpa,Montana
PLANT-00721,quercus macrocarpa,Nebraska
PLANT-00721,quercus macrocarpa,New Hampshire
PLANT-00721,quercus macrocarpa,New Mexico
PLANT-00721,quercus macrocarpa,New York
PLANT-00721,quercus macrocarpa,North Dakota
PLANT-00721,quercus macrocarpa,Ohio
PLANT-00721,quercus macrocarpa,Oklahoma
PLANT-00721,quercus macrocarpa,Pennsylvania
PLANT-00721,quercus macrocarpa,Rhode Island
PLANT-00721,quercus macrocarpa,South Dakota
PLANT-00721,quercus macrocarpa,Tennessee
PLANT-00721,quercus macrocarpa,Texas
PLANT-00721,quercus macrocarpa,Vermont
PLANT-00721,quercus macrocarpa,Virginia
PLANT-00721,quercus macrocarpa,West Virginia
PLANT-00721,quercus macrocarpa,Wisconsin
PLANT-00721,quercus macrocarpa,Wyoming
PLANT-00722,quercus marilandica,Alabama
PLANT-00722,quercus marilandica,Arkansas
PLANT-00722,quercus marilandica,Delaware
PLANT-00722,quercus marilandica,Florida
PLANT-00722,quercus marilandica,Georgia
PLANT-00722,quercus marilandica,Illinois
PLANT-00722,quercus marilandica,Indiana
PLANT-00722,quercus marilandica,Iowa
PLANT-00722,quercus marilandica,Kansas
PLANT-00722,quercus marilandica,Kentucky
PLANT-00722,quercus marilandica,Louisiana
PLANT-00722,quercus marilandica,Maryland
PLANT-00722,quercus marilandica,Mississippi
PLANT-00722,quercus marilandica,Missouri
PLANT-00722,quercus marilandica,Nebraska
PLANT-00722,quercus marilandica,New Jersey
PLANT-00722,quercus marilandica,New York
PLANT-00722,quercus marilandica,North Carolina
PLANT-00722,quercus marilandica,Ohio
PLANT-00722,quercus marilandica,Oklahoma
PLANT-00722,quercus marilandica,Pennsylvania
PLANT-00722,quercus marilandica,South Carolina
PLANT-00722,quercus marilandica,Tennessee
PLANT-00722,quercus marilandica,Texas
PLANT-00722,quercus marilandica,Virginia
PLANT-00722,quercus marilandica,West Virginia
PLANT-00723,quercus michauxii,Alabama
PLANT-00723,quercus michauxii,Arkansas
PLANT-00723,quercus michauxii,Delaware
PLANT-00723,quercus michauxii,Florida
PLANT-00723,quercus michauxii,Georgia
PLANT-00723,quercus michauxii,Illinois
PLANT-00723,quercus michauxii,Indiana
PLANT-00723,quercus michauxii,Kentucky
PLANT-00723,quercus michauxii,Louisiana
PLANT-00723,quercus michauxii,Maryland
PLANT-00723,quercus michauxii,Mississippi
PLANT-00723,quercus michauxii,Missouri
PLANT-00723,quercus michauxii,New Jersey
PLANT-00723,quercus michauxii,North Carolina
PLANT-00723,quercus michauxii,Oklahoma
PLANT-00723,quercus michauxii,Pennsylvania
PLANT-00723,quercus michauxii,South Carolina
PLANT-00723,quercus michauxii,Tennessee
PLANT-00723,quercus michauxii,Texas
PLANT-00723,quercus michauxii,Virginia
PLANT-00724,quercus montana,Alabama
PLANT-00724,quercus montana,Connecticut
PLANT-00724,quercus montana,Delaware
PLANT-00724,quercus montana,Georgia
PLANT-00724,quercus montana,Illinois
PLANT-00724,quercus montana,Indiana
PLANT-00724,quercus montana,Kentucky
PLANT-00724,quercus montana,Louisiana
PLANT-00724,quercus montana,Maine
PLANT-00724,quercus montana,Maryland
PLANT-00724,quercus montana,Massachusetts
PLANT-00724,quercus montana,Michigan
PLANT-00724,quercus montana,Mississippi
PLANT-00724,quercus montana,New Hampshire
PLANT-00724,quercus montana,New Jersey
PLANT-00724,quercus montana,New York
PLANT-00724,quercus montana,North Carolina
PLANT-00724,quercus montana,Ohio
PLANT-00724,quercus montana,Pennsylvania
PLANT-00724,quercus montana,Rhode Island
PLANT-00724,quercus montana,South Carolina
PLANT-00724,quercus montana,Tennessee
PLANT-00724,quercus montana,Vermont
PLANT-00724,quercus montana,Virginia
PLANT-00724,quercus montana,West Virginia
PLANT-00725,quercus muehlenbergii,Alabama
PLANT-00725,quercus muehlenbergii,Arkansas
PLANT-00725,quercus muehlenbergii,Connecticut
PLANT-00725,quercus muehlenbergii,Florida
PLANT-00725,quercus muehlenbergii,Georgia
PLANT-00725,quercus muehlenbergii,Illinois
PLANT-00725,quercus muehlenbergii,Indiana
PLANT-00725,quercus muehlenbergii,Iowa
PLANT-00725,quercus muehlenbergii,Kansas
PLANT-00725,quercus muehlenbergii,Kentucky
PLANT-00725,quercus muehlenbergii,Louisiana
PLANT-00725,quercus muehlenbergii,Maryland
PLANT-00725,quercus muehlenbergii,Massachusetts
PLANT-00725,quercus muehlenbergii,Michigan
PLANT-00725,quercus muehlenbergii,Minnesota
PLANT-00725,quercus muehlenbergii,Mississippi
PLANT-00725,quercus muehlenbergii,Missouri
PLANT-00725,quercus muehlenbergii,Nebraska
PLANT-00725,quercus muehlenbergii,New Jersey
PLANT-00725,quercus muehlenbergii,New Mexico
PLANT-00725,quercus muehlenbergii,New York
PLANT-00725,quercus muehlenbergii,North Carolina
PLANT-00725,quercus muehlenbergii,Ohio
PLANT-00725,quercus muehlenbergii,Oklahoma
PLANT-00725,quercus muehlenbergii,Pennsylvania
PLANT-00725,quercus muehlenbergii,South Carolina
PLANT-00725,quercus muehlenbergii,Tennessee
PLANT-00725,quercus muehlenbergii,Texas
PLANT-00725,quercus muehlenbergii,Vermont
PLANT-00725,quercus muehlenbergii,Virginia
PLANT-00725,quercus muehlenbergii,West Virginia
PLANT-00725,quercus muehlenbergii,Wisconsin
PLANT-00726,quercus myrtifolia,Alabama
PLANT-00726,quercus myrtifolia,Florida
PLANT-00726,quercus myrtifolia,Georgia
PLANT-00726,quercus myrtifolia,Mississippi
PLANT-00726,quercus myrtifolia,South Carolina
PLANT-00727,quercus nigra,Alabama
PLANT-00727,quercus nigra,Arkansas
PLANT-00727,quercus nigra,Delaware
PLANT-00727,quercus nigra,Florida
PLANT-00727,quercus nigra,Georgia
PLANT-00727,quercus nigra,Kentucky
PLANT-00727,quercus nigra,Louisiana
PLANT-00727,quercus nigra,Maryland
PLANT-00727,quercus nigra,Mississippi
PLANT-00727,quercus nigra,Missouri
PLANT-00727,quercus nigra,New Jersey
PLANT-00727,quercus nigra,North Carolina
PLANT-00727,quercus nigra,Oklahoma
PLANT-00727,quercus nigra,South Carolina
PLANT-00727,quercus nigra,Tennessee
PLANT-00727,quercus nigra,Texas
PLANT-00727,quercus nigra,Virginia
PLANT-00728,quercus palustris,Alabama
PLANT-00728,quercus palustris,Arkansas
PLANT-00728,quercus palustris,Connecticut
PLANT-00728,quercus palustris,Delaware
PLANT-00728,quercus palustris,Georgia
PLANT-00728,quercus palustris,Illinois
PLANT-00728,quercus palustris,Indiana
PLANT-00728,quercus palustris,Iowa
PLANT-00728,quercus palustris,Kansas
PLANT-00728,quercus palustris,Kentucky
PLANT-00728,quercus palustris,Maryland
PLANT-00728,quercus palustris,Massachusetts
PLANT-00728,quercus palustris,Michigan
PLANT-00728,quercus palustris,Mississippi
PLANT-00728,quercus palustris,Missouri
PLANT-00728,quercus palustris,New Jersey
PLANT-00728,quercus palustris,New York
PLANT-00728,quercus palustris,North Carolina
PLANT-00728,quercus palustris,Ohio
PLANT-00728,quercus palustris,Oklahoma
PLANT-00728,quercus palustris,Pennsylvania
PLANT-00728,quercus palustris,Rhode Island
PLANT-00728,quercus palustris,South Carolina
PLANT-00728,quercus palustris,Tennessee
PLANT-00728,quercus palustris,Virginia
PLANT-00728,quercus palustris,West Virginia
PLANT-00728,quercus palustris,Wisconsin
PLANT-00729,quercus phellos,Alabama
PLANT-00729,quercus phellos,Arkansas
PLANT-00729,quercus phellos,Delaware
PLANT-00729,quercus phellos,Florida
PLANT-00729,quercus phellos,Georgia
PLANT-00729,quercus phellos,Illinois
PLANT-00729,quercus phellos,Kentucky
PLANT-00729,quercus phellos,Louisiana
PLANT-00729,quercus phellos,Maryland
PLANT-00729,quercus phellos,Mississippi
PLANT-00729,quercus phellos,Missouri
PLANT-00729,quercus phellos,New Jersey
PLANT-00729,quercus phellos,New York
PLANT-00729,quercus phellos,North Carolina
PLANT-00729,quercus phellos,Oklahoma
PLANT-00729,quercus phellos,Pennsylvania
PLANT-00729,quercus phellos,South Carolina
PLANT-00729,quercus phellos,Tennessee
PLANT-00729,quercus phellos,Texas
PLANT-00729,quercus phellos,Virginia
PLANT-00730,quercus rubra,Alabama
PLANT-00730,quercus rubra,Arkansas
PLANT-00730,quercus rubra,Connecticut
PLANT-00730,quercus rubra,Delaware
PLANT-00730,quercus rubra,Georgia
PLANT-00730,quercus rubra,Illinois
PLANT-00730,quercus rubra,Indiana
PLANT-00730,quercus rubra,Iowa
PLANT-00730,quercus rubra,Kansas
PLANT-00730,quercus rubra,Kentucky
PLANT-00730,quercus rubra,Louisiana
PLANT-00730,quercus rubra,Maine
PLANT-00730,quercus rubra,Maryland
PLANT-00730,quercus rubra,Michigan
PLANT-00730,quercus rubra,Minnesota
PLANT-00730,quercus rubra,Mississippi
PLANT-00730,quercus rubra,Missouri
PLANT-00730,quercus rubra,Nebraska
PLANT-00730,quercus rubra,New Hampshire
PLANT-00730,quercus rubra,New Jersey
PLANT-00730,quercus rubra,New York
PLANT-00730,quercus rubra,North Carolina
PLANT-00730,quercus rubra,Ohio
PLANT-00730,quercus rubra,Oklahoma
PLANT-00730,quercus rubra,Pennsylvania
PLANT-00730,quercus rubra,Rhode Island
PLANT-00730,quercus rubra,South Carolina
PLANT-00730,quercus rubra,Tennessee
PLANT-00730,quercus rubra,Vermont
PLANT-00730,quercus rubra,Virginia
PLANT-00730,quercus rubra,West Virginia
PLANT-00730,quercus rubra,Wisconsin
PLANT-00731,quercus shumardii,Alabama
PLANT-00731,quercus shumardii,Arkansas
PLANT-00731,quercus shumardii,Delaware
PLANT-00731,quercus shumardii,Florida
PLANT-00731,quercus shumardii,Georgia
PLANT-00731,quercus shumardii,Illinois
PLANT-00731,quercus shumardii,Indiana
PLANT-00731,quercus shumardii,Kansas
PLANT-00731,quercus shumardii,Kentucky
PLANT-00731,quercus shumardii,Louisiana
PLANT-00731,quercus shumardii,Maryland
PLANT-00731,quercus shumardii,Michigan
PLANT-00731,quercus shumardii,Mississippi
PLANT-00731,quercus shumardii,Missouri
PLANT-00731,quercus shumardii,Nebraska
PLANT-00731,quercus shumardii,New York
PLANT-00731,quercus shumardii,North Carolina
PLANT-00731,quercus shumardii,Ohio
PLANT-00731,quercus shumardii,Oklahoma
PLANT-00731,quercus shumardii,Pennsylvania
PLANT-00731,quercus shumardii,South Carolina
PLANT-00731,quercus shumardii,Tennessee
PLANT-00731,quercus shumardii,Texas
PLANT-00731,quercus shumardii,Virginia
PLANT-00731,quercus shumardii,West Virginia
PLANT-00732,quercus stellata,Alabama
PLANT-00732,quercus stellata,Arkansas
PLANT-00732,quercus stellata,Connecticut
PLANT-00732,quercus stellata,Delaware
PLANT-00732,quercus stellata,Florida
PLANT-00732,quercus stellata,Georgia
PLANT-00732,quercus stellata,Illinois
PLANT-00732,quercus stellata,Indiana
PLANT-00732,quercus stellata,Iowa
PLANT-00732,quercus stellata,Kansas
PLANT-00732,quercus stellata,Kentucky
PLANT-00732,quercus stellata,Louisiana
PLANT-00732,quercus stellata,Maryland
PLANT-00732,quercus stellata,Massachusetts
PLANT-00732,quercus stellata,Mississippi
PLANT-00732,quercus stellata,Missouri
PLANT-00732,quercus stellata,Nebraska
PLANT-00732,quercus stellata,New Jersey
PLANT-00732,quercus stellata,New York
PLANT-00732,quercus stellata,North Carolina
PLANT-00732,quercus stellata,Ohio
PLANT-00732,quercus stellata,Oklahoma
PLANT-00732,quercus stellata,Pennsylvania
PLANT-00732,quercus stellata,Rhode Island
PLANT-00732,quercus stellata,South Carolina
PLANT-00732,quercus stellata,Tennessee
PLANT-00732,quercus stellata,Texas
PLANT-00732,quercus stellata,Virginia
PLANT-00732,quercus stellata,West Virginia
PLANT-00733,quercus texana,Alabama
PLANT-00733,quercus texana,Arkansas
PLANT-00733,quercus texana,Illinois
PLANT-00733,quercus texana,Kentucky
PLANT-00733,quercus texana,Louisiana
PLANT-00733,quercus texana,Mississippi
PLANT-00733,quercus texana,Missouri
PLANT-00733,quercus texana,Oklahoma
PLANT-00733,quercus texana,Tennessee
PLANT-00733,quercus texana,Texas
PLANT-00734,quercus velutina,Alabama
PLANT-00734,quercus velutina,Arkansas
PLANT-00734,quercus velutina,Connecticut
PLANT-00734,quercus velutina,Delaware
PLANT-00734,quercus velutina,Florida
PLANT-00734,quercus velutina,Georgia
PLANT-00734,quercus velutina,Illinois
PLANT-00734,quercus velutina,Indiana
PLANT-00734,quercus velutina,Iowa
PLANT-00734,quercus velutina,Kansas
PLANT-00734,quercus velutina,Kentucky
PLANT-00734,quercus velutina,Louisiana
PLANT-00734,quercus velutina,Maine
PLANT-00734,quercus velutina,Maryland
PLANT-00734,quercus velutina,Massachusetts
PLANT-00734,quercus velutina,Michigan
PLANT-00734,quercus velutina,Minnesota
PLANT-00734,quercus velutina,Mississippi
PLANT-00734,quercus velutina,Missouri
PLANT-00734,quercus velutina,Nebraska
PLANT-00734,quercus velutina,New Hampshire
PLANT-00734,quercus velutina,New Jersey
PLANT-00734,quercus velutina,New York
PLANT-00734,quercus velutina,North Carolina
PLANT-00734,quercus velutina,Ohio
PLANT-00734,quercus velutina,Oklahoma
PLANT-00734,quercus velutina,Pennsylvania
PLANT-00734,quercus velutina,Rhode Island
PLANT-00734,quercus velutina,South Carolina
PLANT-00734,quercus velutina,Tennessee
PLANT-00734,quercus velutina,Texas
PLANT-00734,quercus velutina,Vermont
PLANT-00734,quercus velutina,Virginia
PLANT-00734,quercus velutina,West Virginia
PLANT-00734,quercus velutina,Wisconsin
PLANT-00735,ratibida columnifera,Alabama
PLANT-00735,ratibida columnifera,Arizona
PLANT-00735,ratibida columnifera,Arkansas
PLANT-00735,ratibida columnifera,California
PLANT-00735,ratibida columnifera,Colorado
PLANT-00735,ratibida columnifera,Connecticut
PLANT-00735,ratibida columnifera,Delaware
PLANT-00735,ratibida columnifera,Florida
PLANT-00735,ratibida columnifera,Georgia
PLANT-00735,ratibida columnifera,Idaho
PLANT-00735,ratibida columnifera,Illinois
PLANT-00735,ratibida columnifera,Indiana
PLANT-00735,ratibida columnifera,Iowa
PLANT-00735,ratibida columnifera,Kansas
PLANT-00735,ratibida columnifera,Louisiana
PLANT-00735,ratibida columnifera,Massachusetts
PLANT-00735,ratibida columnifera,Michigan
PLANT-00735,ratibida columnifera,Minnesota
PLANT-00735,ratibida columnifera,Mississippi
PLANT-00735,ratibida columnifera,Missouri
PLANT-00735,ratibida columnifera,Montana
PLANT-00735,ratibida columnifera,Nebraska
PLANT-00735,ratibida columnifera,New Jersey
PLANT-00735,ratibida columnifera,New Mexico
PLANT-00735,ratibida columnifera,New York
PLANT-00735,ratibida columnifera,North Carolina
PLANT-00735,ratibida columnifera,North Dakota
PLANT-00735,ratibida columnifera,Ohio
PLANT-00735,ratibida columnifera,Oklahoma
PLANT-00735,ratibida columnifera,Pennsylvania
PLANT-00735,ratibida columnifera,South Carolina
PLANT-00735,ratibida columnifera,South Dakota
PLANT-00735,ratibida columnifera,Tennessee
PLANT-00735,ratibida columnifera,Texas
PLANT-00735,ratibida columnifera,Utah
PLANT-00735,ratibida columnifera,West Virginia
PLANT-00735,ratibida columnifera,Wisconsin
PLANT-00735,ratibida columnifera,Wyoming
PLANT-00736,ratibida pinnata,Alabama
PLANT-00736,ratibida pinnata,Arkansas
PLANT-00736,ratibida pinnata,Florida
PLANT-00736,ratibida pinnata,Georgia
PLANT-00736,ratibida pinnata,Illinois
PLANT-00736,ratibida pinnata,Indiana
PLANT-00736,ratibida pinnata,Iowa
PLANT-00736,ratibida pinnata,Kansas
PLANT-00736,ratibida pinnata,Kentucky
PLANT-00736,ratibida pinnata,Louisiana
PLANT-00736,ratibida pinnata,Michigan
PLANT-00736,ratibida pinnata,Minnesota
PLANT-00736,ratibida pinnata,Mississippi
PLANT-00736,ratibida pinnata,Missouri
PLANT-00736,ratibida pinnata,Nebraska
PLANT-00736,ratibida pinnata,Ohio
PLANT-00736,ratibida pinnata,Oklahoma
PLANT-00736,ratibida pinnata,Pennsylvania
PLANT-00736,ratibida pinnata,South Carolina
PLANT-00736,ratibida pinnata,South Dakota
PLANT-00736,ratibida pinnata,Tennessee
PLANT-00736,ratibida pinnata,Wisconsin
PLANT-00737,rhapidophyllum hystrix,Alabama
PLANT-00737,rhapidophyllum hystrix,Florida
PLANT-00737,rhapidophyllum hystrix,Georgia
PLANT-00737,rhapidophyllum hystrix,Mississippi
PLANT-00737,rhapidophyllum hystrix,South Carolina
PLANT-00738,rhododendron arborescens,Alabama
PLANT-00738,rhododendron arborescens,Georgia
PLANT-00738,rhododendron arborescens,Kentucky
PLANT-00738,rhododendron arborescens,Maryland
PLANT-00738,rhododendron arborescens,Mississippi
PLANT-00738,rhododendron arborescens,North Carolina
PLANT-00738,rhododendron arborescens,Pennsylvania
PLANT-00738,rhododendron arborescens,South Carolina
PLANT-00738,rhododendron arborescens,Tennessee
PLANT-00738,rhododendron arborescens,Virginia
PLANT-00738,rhododendron arborescens,West Virginia
PLANT-00739,rhododendron atlanticum,Delaware
PLANT-00739,rhododendron atlanticum,Georgia
PLANT-00739,rhododendron atlanticum,Maryland
PLANT-00739,rhododendron atlanticum,New Jersey
PLANT-00739,rhododendron atlanticum,North Carolina
PLANT-00739,rhododendron atlanticum,Pennsylvania
PLANT-00739,rhododendron atlanticum,South Carolina
PLANT-00739,rhododendron atlanticum,Virginia
PLANT-00740,rhododendron austrinum,Alabama
PLANT-00740,rhododendron austrinum,Arkansas
PLANT-00740,rhododendron austrinum,Delaware
PLANT-00740,rhododendron austrinum,Florida
PLANT-00740,rhododendron austrinum,Georgia
PLANT-00740,rhododendron austrinum,Kentucky
PLANT-00740,rhododendron austrinum,Louisiana
PLANT-00740,rhododendron austrinum,Maryland
PLANT-00740,rhododendron austrinum,Mississippi
PLANT-00740,rhododendron austrinum,North Carolina
PLANT-00740,rhododendron austrinum,South Carolina
PLANT-00740,rhododendron austrinum,Tennessee
PLANT-00740,rhododendron austrinum,Virginia
PLANT-00741,rhododendron calendulaceum,Alabama
PLANT-00741,rhododendron calendulaceum,Georgia
PLANT-00741,rhododendron calendulaceum,Kentucky
PLANT-00741,rhododendron calendulaceum,Maryland
PLANT-00741,rhododendron calendulaceum,North Carolina
PLANT-00741,rhododendron calendulaceum,Ohio
PLANT-00741,rhododendron calendulaceum,Pennsylvania
PLANT-00741,rhododendron calendulaceum,South Carolina
PLANT-00741,rhododendron calendulaceum,Tennessee
PLANT-00741,rhododendron calendulaceum,Virginia
PLANT-00741,rhododendron calendulaceum,West Virginia
PLANT-00742,rhododendron canescens,Alabama
PLANT-00742,rhododendron canescens,Arkansas
PLANT-00742,rhododendron canescens,Delaware
PLANT-00742,rhododendron canescens,Florida
PLANT-00742,rhododendron canescens,Georgia
PLANT-00742,rhododendron canescens,Illinois
PLANT-00742,rhododendron canescens,Kentucky
PLANT-00742,rhododendron canescens,Louisiana
PLANT-00742,rhododendron canescens,Maryland
PLANT-00742,rhododendron canescens,Mississippi
PLANT-00742,rhododendron canescens,North Carolina
PLANT-00742,rhododendron canescens,Oklahoma
PLANT-00742,rhododendron canescens,Pennsylvania
PLANT-00742,rhododendron canescens,South Carolina
PLANT-00742,rhododendron canescens,Tennessee
PLANT-00742,rhododendron canescens,Texas
PLANT-00743,rhododendron catawbiense,Alabama
PLANT-00743,rhododendron catawbiense,Georgia
PLANT-00743,rhododendron catawbiense,Kentucky
PLANT-00743,rhododendron catawbiense,Massachusetts
PLANT-00743,rhododendron catawbiense,North Carolina
PLANT-00743,rhododendron catawbiense,South Carolina
PLANT-00743,rhododendron catawbiense,Tennessee
PLANT-00743,rhododendron catawbiense,Virginia
PLANT-00743,rhododendron catawbiense,West Virginia
PLANT-00744,rhododendron flammeum,Georgia
PLANT-00744,rhododendron flammeum,South Carolina
PLANT-00745,rhododendron maximum,Alabama
PLANT-00745,rhododendron maximum,Connecticut
PLANT-00745,rhododendron maximum,Georgia
PLANT-00745,rhododendron maximum,Kentucky
PLANT-00745,rhododendron maximum,Maine
PLANT-00745,rhododendron maximum,Maryland
PLANT-00745,rhododendron maximum,Massachusetts
PLANT-00745,rhododendron maximum,New Hampshire
PLANT-00745,rhododendron maximum,New Jersey
PLANT-00745,rhododendron maximum,New York
PLANT-00745,rhododendron maximum,North Carolina
PLANT-00745,rhododendron maximum,Ohio
PLANT-00745,rhododendron maximum,Pennsylvania
PLANT-00745,rhododendron maximum,Rhode Island
PLANT-00745,rhododendron maximum,South Carolina
PLANT-00745,rhododendron maximum,Tennessee
PLANT-00745,rhododendron maximum,Vermont
PLANT-00745,rhododendron maximum,Virginia
PLANT-00745,rhododendron maximum,West Virginia
PLANT-00746,rhododendron periclymenoides,Alabama
PLANT-00746,rhododendron periclymenoides,Connecticut
PLANT-00746,rhododendron periclymenoides,Delaware
PLANT-00746,rhododendron periclymenoides,Georgia
PLANT-00746,rhododendron periclymenoides,Illinois
PLANT-00746,rhododendron periclymenoides,Kentucky
PLANT-00746,rhododendron periclymenoides,Maryland
PLANT-00746,rhododendron periclymenoides,Massachusetts
PLANT-00746,rhododendron periclymenoides,New Hampshire
PLANT-00746,rhododendron periclymenoides,New Jersey
PLANT-00746,rhododendron periclymenoides,New York
PLANT-00746,rhododendron periclymenoides,North Carolina
PLANT-00746,rhododendron periclymenoides,Ohio
PLANT-00746,rhododendron periclymenoides,Pennsylvania
PLANT-00746,rhododendron periclymenoides,Rhode Island
PLANT-00746,rhododendron periclymenoides,South Carolina
PLANT-00746,rhododendron periclymenoides,Tennessee
PLANT-00746,rhododendron periclymenoides,Vermont
PLANT-00746,rhododendron periclymenoides,Virginia
PLANT-00746,rhododendron periclymenoides,West Virginia
PLANT-00747,rhododendron prinophyllum,Alabama
PLANT-00747,rhododendron prinophyllum,Arkansas
PLANT-00747,rhododendron prinophyllum,Connecticut
PLANT-00747,rhododendron prinophyllum,Delaware
PLANT-00747,rhododendron prinophyllum,Georgia
PLANT-00747,rhododendron prinophyllum,Illinois
PLANT-00747,rhododendron prinophyllum,Kentucky
PLANT-00747,rhododendron prinophyllum,Maine
PLANT-00747,rhododendron prinophyllum,Maryland
PLANT-00747,rhododendron prinophyllum,Massachusetts
PLANT-00747,rhododendron prinophyllum,Missouri
PLANT-00747,rhododendron prinophyllum,New Hampshire
PLANT-00747,rhododendron prinophyllum,New Jersey
PLANT-00747,rhododendron prinophyllum,New York
PLANT-00747,rhododendron prinophyllum,North Carolina
PLANT-00747,rhododendron prinophyllum,Ohio
PLANT-00747,rhododendron prinophyllum,Pennsylvania
PLANT-00747,rhododendron prinophyllum,Rhode Island
PLANT-00747,rhododendron prinophyllum,Tennessee
PLANT-00747,rhododendron prinophyllum,Texas
PLANT-00747,rhododendron prinophyllum,Vermont
PLANT-00747,rhododendron prinophyllum,Virginia
PLANT-00747,rhododendron prinophyllum,West Virginia
PLANT-00748,rhododendron viscosum,Alabama
PLANT-00748,rhododendron viscosum,Arkansas
PLANT-00748,rhododendron viscosum,Connecticut
PLANT-00748,rhododendron viscosum,Delaware
PLANT-00748,rhododendron viscosum,Florida
PLANT-00748,rhododendron viscosum,Georgia
PLANT-00748,rhododendron viscosum,Louisiana
PLANT-00748,rhododendron viscosum,Maine
PLANT-00748,rhododendron viscosum,Maryland
PLANT-00748,rhododendron viscosum,Massachusetts
PLANT-00748,rhododendron viscosum,Mississippi
PLANT-00748,rhododendron viscosum,New Hampshire
PLANT-00748,rhododendron viscosum,New Jersey
PLANT-00748,rhododendron viscosum,New York
PLANT-00748,rhododendron viscosum,North Carolina
PLANT-00748,rhododendron viscosum,Oklahoma
PLANT-00748,rhododendron viscosum,Pennsylvania
PLANT-00748,rhododendron viscosum,Rhode Island
PLANT-00748,rhododendron viscosum,South Carolina
PLANT-00748,rhododendron viscosum,Tennessee
PLANT-00748,rhododendron viscosum,Texas
PLANT-00748,rhododendron viscosum,Virginia
PLANT-00748,rhododendron viscosum,West Virginia
PLANT-00749,rhus aromatica,Alabama
PLANT-00749,rhus aromatica,Arkansas
PLANT-00749,rhus aromatica,Connecticut
PLANT-00749,rhus aromatica,Florida
PLANT-00749,rhus aromatica,Georgia
PLANT-00749,rhus aromatica,Illinois
PLANT-00749,rhus aromatica,Indiana
PLANT-00749,rhus aromatica,Iowa
PLANT-00749,rhus aromatica,Kansas
PLANT-00749,rhus aromatica,Kentucky
PLANT-00749,rhus aromatica,Louisiana
PLANT-00749,rhus aromatica,Maryland
PLANT-00749,rhus aromatica,Massachusetts
PLANT-00749,rhus aromatica,Michigan
PLANT-00749,rhus aromatica,Minnesota
PLANT-00749,rhus aromatica,Mississippi
PLANT-00749,rhus aromatica,Missouri
PLANT-00749,rhus aromatica,New Hampshire
PLANT-00749,rhus aromatica,New Jersey
PLANT-00749,rhus aromatica,New York
PLANT-00749,rhus aromatica,North Carolina
PLANT-00749,rhus aromatica,Ohio
PLANT-00749,rhus aromatica,Oklahoma
PLANT-00749,rhus aromatica,Pennsylvania
PLANT-00749,rhus aromatica,South Carolina
PLANT-00749,rhus aromatica,Tennessee
PLANT-00749,rhus aromatica,Texas
PLANT-00749,rhus aromatica,Vermont
PLANT-00749,rhus aromatica,Virginia
PLANT-00749,rhus aromatica,West Virginia
PLANT-00749,rhus aromatica,Wisconsin
PLANT-00750,rhus copallinum,Alabama
PLANT-00750,rhus copallinum,Arkansas
PLANT-00750,rhus copallinum,Connecticut
PLANT-00750,rhus copallinum,Delaware
PLANT-00750,rhus copallinum,Florida
PLANT-00750,rhus copallinum,Georgia
PLANT-00750,rhus copallinum,Illinois
PLANT-00750,rhus copallinum,Indiana
PLANT-00750,rhus copallinum,Iowa
PLANT-00750,rhus copallinum,Kansas
PLANT-00750,rhus copallinum,Kentucky
PLANT-00750,rhus copallinum,Louisiana
PLANT-00750,rhus copallinum,Maine
PLANT-00750,rhus copallinum,Maryland
PLANT-00750,rhus copallinum,Massachusetts
PLANT-00750,rhus copallinum,Michigan
PLANT-00750,rhus copallinum,Mississippi
PLANT-00750,rhus copallinum,Missouri
PLANT-00750,rhus copallinum,Nebraska
PLANT-00750,rhus copallinum,New Hampshire
PLANT-00750,rhus copallinum,New Jersey
PLANT-00750,rhus copallinum,New York
PLANT-00750,rhus copallinum,North Carolina
PLANT-00750,rhus copallinum,Ohio
PLANT-00750,rhus copallinum,Oklahoma
PLANT-00750,rhus copallinum,Pennsylvania
PLANT-00750,rhus copallinum,Rhode Island
PLANT-00750,rhus copallinum,South Carolina
PLANT-00750,rhus copallinum,Tennessee
PLANT-00750,rhus copallinum,Texas
PLANT-00750,rhus copallinum,Vermont
PLANT-00750,rhus copallinum,Virginia
PLANT-00750,rhus copallinum,West Virginia
PLANT-00750,rhus copallinum,Wisconsin
PLANT-00751,rhus copallinum var. latifolia,Alabama
PLANT-00751,rhus copallinum var. latifolia,Arkansas
PLANT-00751,rhus copallinum var. latifolia,Connecticut
PLANT-00751,rhus copallinum var. latifolia,Florida
PLANT-00751,rhus copallinum var. latifolia,Georgia
PLANT-00751,rhus copallinum var. latifolia,Illinois
PLANT-00751,rhus copallinum var. latifolia,Indiana
PLANT-00751,rhus copallinum var. latifolia,Iowa
PLANT-00751,rhus copallinum var. latifolia,Kansas
PLANT-00751,rhus copallinum var. latifolia,Kentucky
PLANT-00751,rhus copallinum var. latifolia,Louisiana
PLANT-00751,rhus copallinum var. latifolia,Maine
PLANT-00751,rhus copallinum var. latifolia,Massachusetts
PLANT-00751,rhus copallinum var. latifolia,Michigan
PLANT-00751,rhus copallinum var. latifolia,Mississippi
PLANT-00751,rhus copallinum var. latifolia,Missouri
PLANT-00751,rhus copallinum var. latifolia,Nebraska
PLANT-00751,rhus copallinum var. latifolia,New Hampshire
PLANT-00751,rhus copallinum var. latifolia,New York
PLANT-00751,rhus copallinum var. latifolia,North Carolina
PLANT-00751,rhus copallinum var. latifolia,Ohio
PLANT-00751,rhus copallinum var. latifolia,Oklahoma
PLANT-00751,rhus copallinum var. latifolia,Pennsylvania
PLANT-00751,rhus copallinum var. latifolia,Rhode Island
PLANT-00751,rhus copallinum var. latifolia,South Carolina
PLANT-00751,rhus copallinum var. latifolia,Tennessee
PLANT-00751,rhus copallinum var. latifolia,Texas
PLANT-00751,rhus copallinum var. latifolia,Vermont
PLANT-00751,rhus copallinum var. latifolia,Virginia
PLANT-00751,rhus copallinum var. latifolia,West Virginia
PLANT-00751,rhus copallinum var. latifolia,Wisconsin
PLANT-00752,rhus glabra,Alabama
PLANT-00752,rhus glabra,Arizona
PLANT-00752,rhus glabra,Arkansas
PLANT-00752,rhus glabra,California
PLANT-00752,rhus glabra,Colorado
PLANT-00752,rhus glabra,Connecticut
PLANT-00752,rhus glabra,Delaware
PLANT-00752,rhus glabra,Florida
PLANT-00752,rhus glabra,Georgia
PLANT-00752,rhus glabra,Idaho
PLANT-00752,rhus glabra,Illinois
PLANT-00752,rhus glabra,Indiana
PLANT-00752,rhus glabra,Iowa
PLANT-00752,rhus glabra,Kansas
PLANT-00752,rhus glabra,Kentucky
PLANT-00752,rhus glabra,Louisiana
PLANT-00752,rhus glabra,Maine
PLANT-00752,rhus glabra,Maryland
PLANT-00752,rhus glabra,Massachusetts
PLANT-00752,rhus glabra,Michigan
PLANT-00752,rhus glabra,Minnesota
PLANT-00752,rhus glabra,Mississippi
PLANT-00752,rhus glabra,Missouri
PLANT-00752,rhus glabra,Montana
PLANT-00752,rhus glabra,Nebraska
PLANT-00752,rhus glabra,Nevada
PLANT-00752,rhus glabra,New Hampshire
PLANT-00752,rhus glabra,New Jersey
PLANT-00752,rhus glabra,New Mexico
PLANT-00752,rhus glabra,New York
PLANT-00752,rhus glabra,North Carolina
PLANT-00752,rhus glabra,North Dakota
PLANT-00752,rhus glabra,Ohio
PLANT-00752,rhus glabra,Oklahoma
PLANT-00752,rhus glabra,Oregon
PLANT-00752,rhus glabra,Pennsylvania
PLANT-00752,rhus glabra,Rhode Island
PLANT-00752,rhus glabra,South Carolina
PLANT-00752,rhus glabra,South Dakota
PLANT-00752,rhus glabra,Tennessee
PLANT-00752,rhus glabra,Texas
PLANT-00752,rhus glabra,Utah
PLANT-00752,rhus glabra,Vermont
PLANT-00752,rhus glabra,Virginia
PLANT-00752,rhus glabra,Washington
PLANT-00752,rhus glabra,West Virginia
PLANT-00752,rhus glabra,Wisconsin
PLANT-00752,rhus glabra,Wyoming
PLANT-00753,rhus typhina,Alabama
PLANT-00753,rhus typhina,Connecticut
PLANT-00753,rhus typhina,Delaware
PLANT-00753,rhus typhina,Georgia
PLANT-00753,rhus typhina,Illinois
PLANT-00753,rhus typhina,Indiana
PLANT-00753,rhus typhina,Iowa
PLANT-00753,rhus typhina,Kentucky
PLANT-00753,rhus typhina,Maine
PLANT-00753,rhus typhina,Maryland
PLANT-00753,rhus typhina,Massachusetts
PLANT-00753,rhus typhina,Michigan
PLANT-00753,rhus typhina,Minnesota
PLANT-00753,rhus typhina,Mississippi
PLANT-00753,rhus typhina,Missouri
PLANT-00753,rhus typhina,New Hampshire
PLANT-00753,rhus typhina,New Jersey
PLANT-00753,rhus typhina,New York
PLANT-00753,rhus typhina,North Carolina
PLANT-00753,rhus typhina,Ohio
PLANT-00753,rhus typhina,Pennsylvania
PLANT-00753,rhus typhina,Rhode Island
PLANT-00753,rhus typhina,South Carolina
PLANT-00753,rhus typhina,Tennessee
PLANT-00753,rhus typhina,Vermont
PLANT-00753,rhus typhina,Virginia
PLANT-00753,rhus typhina,West Virginia
PLANT-00753,rhus typhina,Wisconsin
PLANT-00754,ribes aureum,Arizona
PLANT-00754,ribes aureum,California
PLANT-00754,ribes aureum,Colorado
PLANT-00754,ribes aureum,Idaho
PLANT-00754,ribes aureum,Missouri
PLANT-00754,ribes aureum,Montana
PLANT-00754,ribes aureum,Nevada
PLANT-00754,ribes aureum,New Mexico
PLANT-00754,ribes aureum,Oregon
PLANT-00754,ribes aureum,South Dakota
PLANT-00754,ribes aureum,Texas
PLANT-00754,ribes aureum,Utah
PLANT-00754,ribes aureum,Washington
PLANT-00754,ribes aureum,Wyoming
PLANT-00755,ribes missouriense,Arkansas
PLANT-00755,ribes missouriense,Illinois
PLANT-00755,ribes missouriense,Indiana
PLANT-00755,ribes missouriense,Iowa
PLANT-00755,ribes missouriense,Kansas
PLANT-00755,ribes missouriense,Kentucky
PLANT-00755,ribes missouriense,Michigan
PLANT-00755,ribes missouriense,Minnesota
PLANT-00755,ribes missouriense,Missouri
PLANT-00755,ribes missouriense,Nebraska
PLANT-00755,ribes missouriense,New Jersey
PLANT-00755,ribes missouriense,North Dakota
PLANT-00755,ribes missouriense,Ohio
PLANT-00755,ribes missouriense,Oklahoma
PLANT-00755,ribes missouriense,Pennsylvania
PLANT-00755,ribes missouriense,South Dakota
PLANT-00755,ribes missouriense,Tennessee
PLANT-00755,ribes missouriense,Virginia
PLANT-00755,ribes missouriense,West Virginia
PLANT-00755,ribes missouriense,Wisconsin
PLANT-00756,ribes odoratum,Arkansas
PLANT-00756,ribes odoratum,Colorado
PLANT-00756,ribes odoratum,Connecticut
PLANT-00756,ribes odoratum,Illinois
PLANT-00756,ribes odoratum,Indiana
PLANT-00756,ribes odoratum,Iowa
PLANT-00756,ribes odoratum,Kansas
PLANT-00756,ribes odoratum,Maryland
PLANT-00756,ribes odoratum,Massachusetts
PLANT-00756,ribes odoratum,Michigan
PLANT-00756,ribes odoratum,Minnesota
PLANT-00756,ribes odoratum,Missouri
PLANT-00756,ribes odoratum,Montana
PLANT-00756,ribes odoratum,Nebraska
PLANT-00756,ribes odoratum,New Mexico
PLANT-00756,ribes odoratum,New York
PLANT-00756,ribes odoratum,North Dakota
PLANT-00756,ribes odoratum,Ohio
PLANT-00756,ribes odoratum,Oklahoma
PLANT-00756,ribes odoratum,Pennsylvania
PLANT-00756,ribes odoratum,South Dakota
PLANT-00756,ribes odoratum,Tennessee
PLANT-00756,ribes odoratum,Texas
PLANT-00756,ribes odoratum,Vermont
PLANT-00756,ribes odoratum,Wisconsin
PLANT-00756,ribes odoratum,Wyoming
PLANT-00757,robinia hispida,Alabama
PLANT-00757,robinia hispida,Georgia
PLANT-00757,robinia hispida,Kentucky
PLANT-00757,robinia hispida,North Carolina
PLANT-00757,robinia hispida,South Carolina
PLANT-00757,robinia hispida,Tennessee
PLANT-00757,robinia hispida,Virginia
PLANT-00758,robinia pseudoacacia,Alabama
PLANT-00758,robinia pseudoacacia,Arkansas
PLANT-00758,robinia pseudoacacia,Georgia
PLANT-00758,robinia pseudoacacia,Illinois
PLANT-00758,robinia pseudoacacia,Indiana
PLANT-00758,robinia pseudoacacia,Kentucky
PLANT-00758,robinia pseudoacacia,Maryland
PLANT-00758,robinia pseudoacacia,Missouri
PLANT-00758,robinia pseudoacacia,North Carolina
PLANT-00758,robinia pseudoacacia,Ohio
PLANT-00758,robinia pseudoacacia,Pennsylvania
PLANT-00758,robinia pseudoacacia,South Carolina
PLANT-00758,robinia pseudoacacia,Tennessee
PLANT-00758,robinia pseudoacacia,Virginia
PLANT-00758,robinia pseudoacacia,West Virginia
PLANT-00759,rosa carolina,Alabama
PLANT-00759,rosa carolina,Arkansas
PLANT-00759,rosa carolina,Connecticut
PLANT-00759,rosa carolina,Delaware
PLANT-00759,rosa carolina,Florida
PLANT-00759,rosa carolina,Georgia
PLANT-00759,rosa carolina,Illinois
PLANT-00759,rosa carolina,Indiana
PLANT-00759,rosa carolina,Iowa
PLANT-00759,rosa carolina,Kansas
PLANT-00759,rosa carolina,Kentucky
PLANT-00759,rosa carolina,Louisiana
PLANT-00759,rosa carolina,Maine
PLANT-00759,rosa carolina,Maryland
PLANT-00759,rosa carolina,Massachusetts
PLANT-00759,rosa carolina,Michigan
PLANT-00759,rosa carolina,Minnesota
PLANT-00759,rosa carolina,Mississippi
PLANT-00759,rosa carolina,Missouri
PLANT-00759,rosa carolina,Nebraska
PLANT-00759,rosa carolina,New Hampshire
PLANT-00759,rosa carolina,New Jersey
PLANT-00759,rosa carolina,New York
PLANT-00759,rosa carolina,North Carolina
PLANT-00759,rosa carolina,Ohio
PLANT-00759,rosa carolina,Oklahoma
PLANT-00759,rosa carolina,Pennsylvania
PLANT-00759,rosa carolina,Rhode Island
PLANT-00759,rosa carolina,South Carolina
PLANT-00759,rosa carolina,Tennessee
PLANT-00759,rosa carolina,Texas
PLANT-00759,rosa carolina,Vermont
PLANT-00759,rosa carolina,Virginia
PLANT-00759,rosa carolina,West Virginia
PLANT-00759,rosa carolina,Wisconsin
PLANT-00760,rosa palustris,Alabama
PLANT-00760,rosa palustris,Arkansas
PLANT-00760,rosa palustris,Connecticut
PLANT-00760,rosa palustris,Delaware
PLANT-00760,rosa palustris,Florida
PLANT-00760,rosa palustris,Georgia
PLANT-00760,rosa palustris,Illinois
PLANT-00760,rosa palustris,Indiana
PLANT-00760,rosa palustris,Iowa
PLANT-00760,rosa palustris,Kentucky
PLANT-00760,rosa palustris,Louisiana
PLANT-00760,rosa palustris,Maine
PLANT-00760,rosa palustris,Maryland
PLANT-00760,rosa palustris,Massachusetts
PLANT-00760,rosa palustris,Michigan
PLANT-00760,rosa palustris,Mississippi
PLANT-00760,rosa palustris,Missouri
PLANT-00760,rosa palustris,New Hampshire
PLANT-00760,rosa palustris,New Jersey
PLANT-00760,rosa palustris,New York
PLANT-00760,rosa palustris,North Carolina
PLANT-00760,rosa palustris,Ohio
PLANT-00760,rosa palustris,Oklahoma
PLANT-00760,rosa palustris,Pennsylvania
PLANT-00760,rosa palustris,Rhode Island
PLANT-00760,rosa palustris,South Carolina
PLANT-00760,rosa palustris,Tennessee
PLANT-00760,rosa palustris,Vermont
PLANT-00760,rosa palustris,Virginia
PLANT-00760,rosa palustris,West Virginia
PLANT-00761,rosa setigera,Alabama
PLANT-00761,rosa setigera,Arkansas
PLANT-00761,rosa setigera,Connecticut
PLANT-00761,rosa setigera,Delaware
PLANT-00761,rosa setigera,Florida
PLANT-00761,rosa setigera,Georgia
PLANT-00761,rosa setigera,Illinois
PLANT-00761,rosa setigera,Indiana
PLANT-00761,rosa setigera,Kansas
PLANT-00761,rosa setigera,Kentucky
PLANT-00761,rosa setigera,Louisiana
PLANT-00761,rosa setigera,Michigan
PLANT-00761,rosa setigera,Mississippi
PLANT-00761,rosa setigera,Missouri
PLANT-00761,rosa setigera,New Jersey
PLANT-00761,rosa setigera,New York
PLANT-00761,rosa setigera,Ohio
PLANT-00761,rosa setigera,Oklahoma
PLANT-00761,rosa setigera,South Carolina
PLANT-00761,rosa setigera,Tennessee
PLANT-00761,rosa setigera,Texas
PLANT-00761,rosa setigera,Virginia
PLANT-00761,rosa setigera,West Virginia
PLANT-00762,rubus odoratus,Alabama
PLANT-00762,rubus odoratus,Connecticut
PLANT-00762,rubus odoratus,Delaware
PLANT-00762,rubus odoratus,Georgia
PLANT-00762,rubus odoratus,Illinois
PLANT-00762,rubus odoratus,Indiana
PLANT-00762,rubus odoratus,Kentucky
PLANT-00762,rubus odoratus,Maine
PLANT-00762,rubus odoratus,Maryland
PLANT-00762,rubus odoratus,Massachusetts
PLANT-00762,rubus odoratus,Michigan
PLANT-00762,rubus odoratus,New Hampshire
PLANT-00762,rubus odoratus,New Jersey
PLANT-00762,rubus odoratus,New York
PLANT-00762,rubus odoratus,North Carolina
PLANT-00762,rubus odoratus,Ohio
PLANT-00762,rubus odoratus,Pennsylvania
PLANT-00762,rubus odoratus,Rhode Island
PLANT-00762,rubus odoratus,Tennessee
PLANT-00762,rubus odoratus,Vermont
PLANT-00762,rubus odoratus,Virginia
PLANT-00762,rubus odoratus,Washington
PLANT-00762,rubus odoratus,West Virginia
PLANT-00762,rubus odoratus,Wisconsin
PLANT-00763,rubus parviflorus,Alaska
PLANT-00763,rubus parviflorus,Arizona
PLANT-00763,rubus parviflorus,California
PLANT-00763,rubus parviflorus,Colorado
PLANT-00763,rubus parviflorus,Idaho
PLANT-00763,rubus parviflorus,Illinois
PLANT-00763,rubus parviflorus,Iowa
PLANT-00763,rubus parviflorus,Massachusetts
PLANT-00763,rubus parviflorus,Michigan
PLANT-00763,rubus parviflorus,Minnesota
PLANT-00763,rubus parviflorus,Montana
PLANT-00763,rubus parviflorus,Nevada
PLANT-00763,rubus parviflorus,New Mexico
PLANT-00763,rubus parviflorus,Oregon
PLANT-00763,rubus parviflorus,South Dakota
PLANT-00763,rubus parviflorus,Utah
PLANT-00763,rubus parviflorus,Washington
PLANT-00763,rubus parviflorus,Wisconsin
PLANT-00763,rubus parviflorus,Wyoming
PLANT-00764,rudbeckia fulgida,Alabama
PLANT-00764,rudbeckia fulgida,Arkansas
PLANT-00764,rudbeckia fulgida,Delaware
PLANT-00764,rudbeckia fulgida,Florida
PLANT-00764,rudbeckia fulgida,Georgia
PLANT-00764,rudbeckia fulgida,Illinois
PLANT-00764,rudbeckia fulgida,Indiana
PLANT-00764,rudbeckia fulgida,Iowa
PLANT-00764,rudbeckia fulgida,Kentucky
PLANT-00764,rudbeckia fulgida,Maryland
PLANT-00764,rudbeckia fulgida,Michigan
PLANT-00764,rudbeckia fulgida,Mississippi
PLANT-00764,rudbeckia fulgida,Missouri
PLANT-00764,rudbeckia fulgida,New Jersey
PLANT-00764,rudbeckia fulgida,North Carolina
PLANT-00764,rudbeckia fulgida,Ohio
PLANT-00764,rudbeckia fulgida,Oklahoma
PLANT-00764,rudbeckia fulgida,Pennsylvania
PLANT-00764,rudbeckia fulgida,South Carolina
PLANT-00764,rudbeckia fulgida,Tennessee
PLANT-00764,rudbeckia fulgida,Texas
PLANT-00764,rudbeckia fulgida,Virginia
PLANT-00764,rudbeckia fulgida,West Virginia
PLANT-00764,rudbeckia fulgida,Wisconsin
PLANT-00765,rudbeckia fulgida var. sullivantii,Arkansas
PLANT-00765,rudbeckia fulgida var. sullivantii,Illinois
PLANT-00765,rudbeckia fulgida var. sullivantii,Indiana
PLANT-00765,rudbeckia fulgida var. sullivantii,Michigan
PLANT-00765,rudbeckia fulgida var. sullivantii,Missouri
PLANT-00765,rudbeckia fulgida var. sullivantii,New York
PLANT-00765,rudbeckia fulgida var. sullivantii,Ohio
PLANT-00765,rudbeckia fulgida var. sullivantii,Pennsylvania
PLANT-00765,rudbeckia fulgida var. sullivantii,West Virginia
PLANT-00766,rudbeckia fulgida var. umbrosa,Alabama
PLANT-00766,rudbeckia fulgida var. umbrosa,Arkansas
PLANT-00766,rudbeckia fulgida var. umbrosa,Georgia
PLANT-00766,rudbeckia fulgida var. umbrosa,Indiana
PLANT-00766,rudbeckia fulgida var. umbrosa,Kentucky
PLANT-00766,rudbeckia fulgida var. umbrosa,Mississippi
PLANT-00766,rudbeckia fulgida var. umbrosa,Missouri
PLANT-00766,rudbeckia fulgida var. umbrosa,North Carolina
PLANT-00766,rudbeckia fulgida var. umbrosa,Ohio
PLANT-00766,rudbeckia fulgida var. umbrosa,South Carolina
PLANT-00766,rudbeckia fulgida var. umbrosa,Tennessee
PLANT-00766,rudbeckia fulgida var. umbrosa,Virginia
PLANT-00767,rudbeckia hirta,Alabama
PLANT-00767,rudbeckia hirta,Arkansas
PLANT-00767,rudbeckia hirta,Colorado
PLANT-00767,rudbeckia hirta,Connecticut
PLANT-00767,rudbeckia hirta,Delaware
PLANT-00767,rudbeckia hirta,Florida
PLANT-00767,rudbeckia hirta,Georgia
PLANT-00767,rudbeckia hirta,Illinois
PLANT-00767,rudbeckia hirta,Indiana
PLANT-00767,rudbeckia hirta,Iowa
PLANT-00767,rudbeckia hirta,Kansas
PLANT-00767,rudbeckia hirta,Kentucky
PLANT-00767,rudbeckia hirta,Louisiana
PLANT-00767,rudbeckia hirta,Maine
PLANT-00767,rudbeckia hirta,Maryland
PLANT-00767,rudbeckia hirta,Massachusetts
PLANT-00767,rudbeckia hirta,Michigan
PLANT-00767,rudbeckia hirta,Minnesota
PLANT-00767,rudbeckia hirta,Mississippi
PLANT-00767,rudbeckia hirta,Missouri
PLANT-00767,rudbeckia hirta,Nebraska
PLANT-00767,rudbeckia hirta,New Hampshire
PLANT-00767,rudbeckia hirta,New Jersey
PLANT-00767,rudbeckia hirta,New Mexico
PLANT-00767,rudbeckia hirta,New York
PLANT-00767,rudbeckia hirta,North Carolina
PLANT-00767,rudbeckia hirta,North Dakota
PLANT-00767,rudbeckia hirta,Ohio
PLANT-00767,rudbeckia hirta,Oklahoma
PLANT-00767,rudbeckia hirta,Pennsylvania
PLANT-00767,rudbeckia hirta,Rhode Island
PLANT-00767,rudbeckia hirta,South Carolina
PLANT-00767,rudbeckia hirta,South Dakota
PLANT-00767,rudbeckia hirta,Tennessee
PLANT-00767,rudbeckia hirta,Texas
PLANT-00767,rudbeckia hirta,Vermont
PLANT-00767,rudbeckia hirta,Virginia
PLANT-00767,rudbeckia hirta,West Virginia
PLANT-00767,rudbeckia hirta,Wisconsin
PLANT-00767,rudbeckia hirta,Wyoming
PLANT-00768,rudbeckia laciniata,Alabama
PLANT-00768,rudbeckia laciniata,Arizona
PLANT-00768,rudbeckia laciniata,Arkansas
PLANT-00768,rudbeckia laciniata,Colorado
PLANT-00768,rudbeckia laciniata,Connecticut
PLANT-00768,rudbeckia laciniata,Delaware
PLANT-00768,rudbeckia laciniata,Florida
PLANT-00768,rudbeckia laciniata,Georgia
PLANT-00768,rudbeckia laciniata,Idaho
PLANT-00768,rudbeckia laciniata,Illinois
PLANT-00768,rudbeckia laciniata,Indiana
PLANT-00768,rudbeckia laciniata,Iowa
PLANT-00768,rudbeckia laciniata,Kansas
PLANT-00768,rudbeckia laciniata,Kentucky
PLANT-00768,rudbeckia laciniata,Louisiana
PLANT-00768,rudbeckia laciniata,Maine
PLANT-00768,rudbeckia laciniata,Maryland
PLANT-00768,rudbeckia laciniata,Massachusetts
PLANT-00768,rudbeckia laciniata,Michigan
PLANT-00768,rudbeckia laciniata,Minnesota
PLANT-00768,rudbeckia laciniata,Mississippi
PLANT-00768,rudbeckia laciniata,Missouri
PLANT-00768,rudbeckia laciniata,Montana
PLANT-00768,rudbeckia laciniata,Nebraska
PLANT-00768,rudbeckia laciniata,New Hampshire
PLANT-00768,rudbeckia laciniata,New Jersey
PLANT-00768,rudbeckia laciniata,New Mexico
PLANT-00768,rudbeckia laciniata,New York
PLANT-00768,rudbeckia laciniata,North Carolina
PLANT-00768,rudbeckia laciniata,North Dakota
PLANT-00768,rudbeckia laciniata,Ohio
PLANT-00768,rudbeckia laciniata,Oklahoma
PLANT-00768,rudbeckia laciniata,Pennsylvania
PLANT-00768,rudbeckia laciniata,Rhode Island
PLANT-00768,rudbeckia laciniata,South Carolina
PLANT-00768,rudbeckia laciniata,South Dakota
PLANT-00768,rudbeckia laciniata,Tennessee
PLANT-00768,rudbeckia laciniata,Texas
PLANT-00768,rudbeckia laciniata,Utah
PLANT-00768,rudbeckia laciniata,Vermont
PLANT-00768,rudbeckia laciniata,Virginia
PLANT-00768,rudbeckia laciniata,Washington
PLANT-00768,rudbeckia laciniata,West Virginia
PLANT-00768,rudbeckia laciniata,Wisconsin
PLANT-00768,rudbeckia laciniata,Wyoming
PLANT-00769,rudbeckia maxima,Arkansas
PLANT-00769,rudbeckia maxima,Louisiana
PLANT-00769,rudbeckia maxima,Oklahoma
PLANT-00769,rudbeckia maxima,South Carolina
PLANT-00769,rudbeckia maxima,Texas
PLANT-00770,rudbeckia missouriensis,Arkansas
PLANT-00770,rudbeckia missouriensis,Illinois
PLANT-00770,rudbeckia missouriensis,Louisiana
PLANT-00770,rudbeckia missouriensis,Missouri
PLANT-00770,rudbeckia missouriensis,Oklahoma
PLANT-00770,rudbeckia missouriensis,Texas
PLANT-00771,rudbeckia subtomentosa,Arkansas
PLANT-00771,rudbeckia subtomentosa,Illinois
PLANT-00771,rudbeckia subtomentosa,Indiana
PLANT-00771,rudbeckia subtomentosa,Iowa
PLANT-00771,rudbeckia subtomentosa,Kansas
PLANT-00771,rudbeckia subtomentosa,Kentucky
PLANT-00771,rudbeckia subtomentosa,Louisiana
PLANT-00771,rudbeckia subtomentosa,Michigan
PLANT-00771,rudbeckia subtomentosa,Mississippi
PLANT-00771,rudbeckia subtomentosa,Missouri
PLANT-00771,rudbeckia subtomentosa,Oklahoma
PLANT-00771,rudbeckia subtomentosa,Tennessee
PLANT-00771,rudbeckia subtomentosa,Texas
PLANT-00771,rudbeckia subtomentosa,Wisconsin
PLANT-00772,rudbeckia triloba,Alabama
PLANT-00772,rudbeckia triloba,Arkansas
PLANT-00772,rudbeckia triloba,Colorado
PLANT-00772,rudbeckia triloba,Connecticut
PLANT-00772,rudbeckia triloba,Delaware
PLANT-00772,rudbeckia triloba,Florida
PLANT-00772,rudbeckia triloba,Georgia
PLANT-00772,rudbeckia triloba,Illinois
PLANT-00772,rudbeckia triloba,Indiana
PLANT-00772,rudbeckia triloba,Iowa
PLANT-00772,rudbeckia triloba,Kansas
PLANT-00772,rudbeckia triloba,Kentucky
PLANT-00772,rudbeckia triloba,Louisiana
PLANT-00772,rudbeckia triloba,Maryland
PLANT-00772,rudbeckia triloba,Massachusetts
PLANT-00772,rudbeckia triloba,Michigan
PLANT-00772,rudbeckia triloba,Minnesota
PLANT-00772,rudbeckia triloba,Mississippi
PLANT-00772,rudbeckia triloba,Missouri
PLANT-00772,rudbeckia triloba,Nebraska
PLANT-00772,rudbeckia triloba,New Jersey
PLANT-00772,rudbeckia triloba,New York
PLANT-00772,rudbeckia triloba,North Carolina
PLANT-00772,rudbeckia triloba,Ohio
PLANT-00772,rudbeckia triloba,Oklahoma
PLANT-00772,rudbeckia triloba,Pennsylvania
PLANT-00772,rudbeckia triloba,South Carolina
PLANT-00772,rudbeckia triloba,Tennessee
PLANT-00772,rudbeckia triloba,Texas
PLANT-00772,rudbeckia triloba,Utah
PLANT-00772,rudbeckia triloba,Vermont
PLANT-00772,rudbeckia triloba,Virginia
PLANT-00772,rudbeckia triloba,West Virginia
PLANT-00772,rudbeckia triloba,Wisconsin
PLANT-00773,ruellia humilis,Alabama
PLANT-00773,ruellia humilis,Arkansas
PLANT-00773,ruellia humilis,Florida
PLANT-00773,ruellia humilis,Georgia
PLANT-00773,ruellia humilis,Illinois
PLANT-00773,ruellia humilis,Indiana
PLANT-00773,ruellia humilis,Iowa
PLANT-00773,ruellia humilis,Kansas
PLANT-00773,ruellia humilis,Kentucky
PLANT-00773,ruellia humilis,Louisiana
PLANT-00773,ruellia humilis,Maryland
PLANT-00773,ruellia humilis,Michigan
PLANT-00773,ruellia humilis,Minnesota
PLANT-00773,ruellia humilis,Mississippi
PLANT-00773,ruellia humilis,Missouri
PLANT-00773,ruellia humilis,Nebraska
PLANT-00773,ruellia humilis,New Jersey
PLANT-00773,ruellia humilis,North Carolina
PLANT-00773,ruellia humilis,Ohio
PLANT-00773,ruellia humilis,Oklahoma
PLANT-00773,ruellia humilis,Pennsylvania
PLANT-00773,ruellia humilis,Tennessee
PLANT-00773,ruellia humilis,Texas
PLANT-00773,ruellia humilis,Virginia
PLANT-00773,ruellia humilis,West Virginia
PLANT-00773,ruellia humilis,Wisconsin
PLANT-00774,ruellia strepens,Alabama
PLANT-00774,ruellia strepens,Arkansas
PLANT-00774,ruellia strepens,Delaware
PLANT-00774,ruellia strepens,Florida
PLANT-00774,ruellia strepens,Georgia
PLANT-00774,ruellia strepens,Illinois
PLANT-00774,ruellia strepens,Indiana
PLANT-00774,ruellia strepens,Iowa
PLANT-00774,ruellia strepens,Kansas
PLANT-00774,ruellia strepens,Kentucky
PLANT-00774,ruellia strepens,Louisiana
PLANT-00774,ruellia strepens,Maryland
PLANT-00774,ruellia strepens,Michigan
PLANT-00774,ruellia strepens,Mississippi
PLANT-00774,ruellia strepens,Missouri
PLANT-00774,ruellia strepens,Nebraska
PLANT-00774,ruellia strepens,New Jersey
PLANT-00774,ruellia strepens,North Carolina
PLANT-00774,ruellia strepens,Ohio
PLANT-00774,ruellia strepens,Oklahoma
PLANT-00774,ruellia strepens,Pennsylvania
PLANT-00774,ruellia strepens,South Carolina
PLANT-00774,ruellia strepens,Tennessee
PLANT-00774,ruellia strepens,Texas
PLANT-00774,ruellia strepens,Virginia
PLANT-00774,ruellia strepens,West Virginia
PLANT-00775,sabal etonia,Florida
PLANT-00776,sabal minor,Alabama
PLANT-00776,sabal minor,Arkansas
PLANT-00776,sabal minor,Florida
PLANT-00776,sabal minor,Louisiana
PLANT-00776,sabal minor,Mississippi
PLANT-00776,sabal minor,North Carolina
PLANT-00776,sabal minor,Oklahoma
PLANT-00776,sabal minor,South Carolina
PLANT-00776,sabal minor,Texas
PLANT-00777,sabatia angularis,Alabama
PLANT-00777,sabatia angularis,Arkansas
PLANT-00777,sabatia angularis,Connecticut
PLANT-00777,sabatia angularis,Delaware
PLANT-00777,sabatia angularis,Florida
PLANT-00777,sabatia angularis,Georgia
PLANT-00777,sabatia angularis,Illinois
PLANT-00777,sabatia angularis,Indiana
PLANT-00777,sabatia angularis,Kansas
PLANT-00777,sabatia angularis,Kentucky
PLANT-00777,sabatia angularis,Louisiana
PLANT-00777,sabatia angularis,Maryland
PLANT-00777,sabatia angularis,Massachusetts
PLANT-00777,sabatia angularis,Michigan
PLANT-00777,sabatia angularis,Mississippi
PLANT-00777,sabatia angularis,Missouri
PLANT-00777,sabatia angularis,New Jersey
PLANT-00777,sabatia angularis,New Mexico
PLANT-00777,sabatia angularis,New York
PLANT-00777,sabatia angularis,North Carolina
PLANT-00777,sabatia angularis,Ohio
PLANT-00777,sabatia angularis,Oklahoma
PLANT-00777,sabatia angularis,Pennsylvania
PLANT-00777,sabatia angularis,South Carolina
PLANT-00777,sabatia angularis,Tennessee
PLANT-00777,sabatia angularis,Texas
PLANT-00777,sabatia angularis,Virginia
PLANT-00777,sabatia angularis,West Virginia
PLANT-00777,sabatia angularis,Wisconsin
PLANT-00778,sagittaria graminea,Alabama
PLANT-00778,sagittaria graminea,Arkansas
PLANT-00778,sagittaria graminea,Colorado
PLANT-00778,sagittaria graminea,Connecticut
PLANT-00778,sagittaria graminea,Delaware
PLANT-00778,sagittaria graminea,Florida
PLANT-00778,sagittaria graminea,Georgia
PLANT-00778,sagittaria graminea,Illinois
PLANT-00778,sagittaria graminea,Indiana
PLANT-00778,sagittaria graminea,Iowa
PLANT-00778,sagittaria graminea,Kansas
PLANT-00778,sagittaria graminea,Kentucky
PLANT-00778,sagittaria graminea,Louisiana
PLANT-00778,sagittaria graminea,Maine
PLANT-00778,sagittaria graminea,Maryland
PLANT-00778,sagittaria graminea,Massachusetts
PLANT-00778,sagittaria graminea,Michigan
PLANT-00778,sagittaria graminea,Minnesota
PLANT-00778,sagittaria graminea,Mississippi
PLANT-00778,sagittaria graminea,Missouri
PLANT-00778,sagittaria graminea,Nebraska
PLANT-00778,sagittaria graminea,New Hampshire
PLANT-00778,sagittaria graminea,New Jersey
PLANT-00778,sagittaria graminea,New Mexico
PLANT-00778,sagittaria graminea,New York
PLANT-00778,sagittaria graminea,North Carolina
PLANT-00778,sagittaria graminea,Ohio
PLANT-00778,sagittaria graminea,Oklahoma
PLANT-00778,sagittaria graminea,Pennsylvania
PLANT-00778,sagittaria graminea,Rhode Island
PLANT-00778,sagittaria graminea,South Carolina
PLANT-00778,sagittaria graminea,South Dakota
PLANT-00778,sagittaria graminea,Tennessee
PLANT-00778,sagittaria graminea,Texas
PLANT-00778,sagittaria graminea,Vermont
PLANT-00778,sagittaria graminea,Virginia
PLANT-00778,sagittaria graminea,West Virginia
PLANT-00778,sagittaria graminea,Wisconsin
PLANT-00779,sagittaria latifolia,Alabama
PLANT-00779,sagittaria latifolia,Arkansas
PLANT-00779,sagittaria latifolia,California
PLANT-00779,sagittaria latifolia,Colorado
PLANT-00779,sagittaria latifolia,Connecticut
PLANT-00779,sagittaria latifolia,Delaware
PLANT-00779,sagittaria latifolia,Florida
PLANT-00779,sagittaria latifolia,Georgia
PLANT-00779,sagittaria latifolia,Illinois
PLANT-00779,sagittaria latifolia,Indiana
PLANT-00779,sagittaria latifolia,Iowa
PLANT-00779,sagittaria latifolia,Kansas
PLANT-00779,sagittaria latifolia,Kentucky
PLANT-00779,sagittaria latifolia,Louisiana
PLANT-00779,sagittaria latifolia,Maine
PLANT-00779,sagittaria latifolia,Maryland
PLANT-00779,sagittaria latifolia,Michigan
PLANT-00779,sagittaria latifolia,Minnesota
PLANT-00779,sagittaria latifolia,Mississippi
PLANT-00779,sagittaria latifolia,Missouri
PLANT-00779,sagittaria latifolia,Nebraska
PLANT-00779,sagittaria latifolia,New Hampshire
PLANT-00779,sagittaria latifolia,New Jersey
PLANT-00779,sagittaria latifolia,New York
PLANT-00779,sagittaria latifolia,North Carolina
PLANT-00779,sagittaria latifolia,North Dakota
PLANT-00779,sagittaria latifolia,Ohio
PLANT-00779,sagittaria latifolia,Oklahoma
PLANT-00779,sagittaria latifolia,Pennsylvania
PLANT-00779,sagittaria latifolia,Rhode Island
PLANT-00779,sagittaria latifolia,South Carolina
PLANT-00779,sagittaria latifolia,South Dakota
PLANT-00779,sagittaria latifolia,Tennessee
PLANT-00779,sagittaria latifolia,Texas
PLANT-00779,sagittaria latifolia,Vermont
PLANT-00779,sagittaria latifolia,Virginia
PLANT-00779,sagittaria latifolia,West Virginia
PLANT-00779,sagittaria latifolia,Wisconsin
PLANT-00780,salix discolor,Colorado
PLANT-00780,salix discolor,Connecticut
PLANT-00780,salix discolor,Delaware
PLANT-00780,salix discolor,Idaho
PLANT-00780,salix discolor,Illinois
PLANT-00780,salix discolor,Indiana
PLANT-00780,salix discolor,Iowa
PLANT-00780,salix discolor,Kentucky
PLANT-00780,salix discolor,Maine
PLANT-00780,salix discolor,Maryland
PLANT-00780,salix discolor,Massachusetts
PLANT-00780,salix discolor,Michigan
PLANT-00780,salix discolor,Minnesota
PLANT-00780,salix discolor,Missouri
PLANT-00780,salix discolor,Montana
PLANT-00780,salix discolor,New Hampshire
PLANT-00780,salix discolor,New Jersey
PLANT-00780,salix discolor,New York
PLANT-00780,salix discolor,North Dakota
PLANT-00780,salix discolor,Ohio
PLANT-00780,salix discolor,Oklahoma
PLANT-00780,salix discolor,Pennsylvania
PLANT-00780,salix discolor,Rhode Island
PLANT-00780,salix discolor,South Dakota
PLANT-00780,salix discolor,Vermont
PLANT-00780,salix discolor,Virginia
PLANT-00780,salix discolor,West Virginia
PLANT-00780,salix discolor,Wisconsin
PLANT-00780,salix discolor,Wyoming
PLANT-00781,salix nigra,Alabama
PLANT-00781,salix nigra,Arkansas
PLANT-00781,salix nigra,Colorado
PLANT-00781,salix nigra,Connecticut
PLANT-00781,salix nigra,Delaware
PLANT-00781,salix nigra,Florida
PLANT-00781,salix nigra,Georgia
PLANT-00781,salix nigra,Illinois
PLANT-00781,salix nigra,Indiana
PLANT-00781,salix nigra,Iowa
PLANT-00781,salix nigra,Kansas
PLANT-00781,salix nigra,Kentucky
PLANT-00781,salix nigra,Louisiana
PLANT-00781,salix nigra,Maine
PLANT-00781,salix nigra,Maryland
PLANT-00781,salix nigra,Massachusetts
PLANT-00781,salix nigra,Michigan
PLANT-00781,salix nigra,Minnesota
PLANT-00781,salix nigra,Mississippi
PLANT-00781,salix nigra,Missouri
PLANT-00781,salix nigra,Nebraska
PLANT-00781,salix nigra,New Hampshire
PLANT-00781,salix nigra,New Jersey
PLANT-00781,salix nigra,New York
PLANT-00781,salix nigra,North Carolina
PLANT-00781,salix nigra,Ohio
PLANT-00781,salix nigra,Oklahoma
PLANT-00781,salix nigra,Pennsylvania
PLANT-00781,salix nigra,Rhode Island
PLANT-00781,salix nigra,South Carolina
PLANT-00781,salix nigra,Tennessee
PLANT-00781,salix nigra,Texas
PLANT-00781,salix nigra,Vermont
PLANT-00781,salix nigra,Virginia
PLANT-00781,salix nigra,West Virginia
PLANT-00781,salix nigra,Wisconsin
PLANT-00782,salvia azurea,Alabama
PLANT-00782,salvia azurea,Arkansas
PLANT-00782,salvia azurea,Florida
PLANT-00782,salvia azurea,Georgia
PLANT-00782,salvia azurea,Iowa
PLANT-00782,salvia azurea,Kansas
PLANT-00782,salvia azurea,Louisiana
PLANT-00782,salvia azurea,Mississippi
PLANT-00782,salvia azurea,Missouri
PLANT-00782,salvia azurea,Nebraska
PLANT-00782,salvia azurea,North Carolina
PLANT-00782,salvia azurea,Oklahoma
PLANT-00782,salvia azurea,South Carolina
PLANT-00782,salvia azurea,Texas
PLANT-00783,salvia azurea var. grandiflora,Alabama
PLANT-00783,salvia azurea var. grandiflora,Arizona
PLANT-00783,salvia azurea var. grandiflora,Arkansas
PLANT-00783,salvia azurea var. grandiflora,Colorado
PLANT-00783,salvia azurea var. grandiflora,Florida
PLANT-00783,salvia azurea var. grandiflora,Georgia
PLANT-00783,salvia azurea var. grandiflora,Illinois
PLANT-00783,salvia azurea var. grandiflora,Kansas
PLANT-00783,salvia azurea var. grandiflora,Louisiana
PLANT-00783,salvia azurea var. grandiflora,Mississippi
PLANT-00783,salvia azurea var. grandiflora,Missouri
PLANT-00783,salvia azurea var. grandiflora,Nebraska
PLANT-00783,salvia azurea var. grandiflora,New Mexico
PLANT-00783,salvia azurea var. grandiflora,Oklahoma
PLANT-00783,salvia azurea var. grandiflora,South Carolina
PLANT-00783,salvia azurea var. grandiflora,Tennessee
PLANT-00783,salvia azurea var. grandiflora,Texas
PLANT-00784,salvia lyrata,Alabama
PLANT-00784,salvia lyrata,Arkansas
PLANT-00784,salvia lyrata,Connecticut
PLANT-00784,salvia lyrata,Delaware
PLANT-00784,salvia lyrata,Florida
PLANT-00784,salvia lyrata,Georgia
PLANT-00784,salvia lyrata,Illinois
PLANT-00784,salvia lyrata,Indiana
PLANT-00784,salvia lyrata,Kansas
PLANT-00784,salvia lyrata,Kentucky
PLANT-00784,salvia lyrata,Louisiana
PLANT-00784,salvia lyrata,Maryland
PLANT-00784,salvia lyrata,Mississippi
PLANT-00784,salvia lyrata,Missouri
PLANT-00784,salvia lyrata,New Jersey
PLANT-00784,salvia lyrata,New York
PLANT-00784,salvia lyrata,North Carolina
PLANT-00784,salvia lyrata,Ohio
PLANT-00784,salvia lyrata,Oklahoma
PLANT-00784,salvia lyrata,Pennsylvania
PLANT-00784,salvia lyrata,South Carolina
PLANT-00784,salvia lyrata,Tennessee
PLANT-00784,salvia lyrata,Texas
PLANT-00784,salvia lyrata,Virginia
PLANT-00784,salvia lyrata,West Virginia
PLANT-00785,salvia penstemonoides,Texas
PLANT-00786,salvia pratensis,Massachusetts
PLANT-00786,salvia pratensis,Montana
PLANT-00787,sambucus canadensis,Alabama
PLANT-00787,sambucus canadensis,Arizona
PLANT-00787,sambucus canadensis,Arkansas
PLANT-00787,sambucus canadensis,California
PLANT-00787,sambucus canadensis,Colorado
PLANT-00787,sambucus canadensis,Connecticut
PLANT-00787,sambucus canadensis,Delaware
PLANT-00787,sambucus canadensis,Florida
PLANT-00787,sambucus canadensis,Georgia
PLANT-00787,sambucus canadensis,Illinois
PLANT-00787,sambucus canadensis,Indiana
PLANT-00787,sambucus canadensis,Iowa
PLANT-00787,sambucus canadensis,Kansas
PLANT-00787,sambucus canadensis,Kentucky
PLANT-00787,sambucus canadensis,Louisiana
PLANT-00787,sambucus canadensis,Maine
PLANT-00787,sambucus canadensis,Maryland
PLANT-00787,sambucus canadensis,Massachusetts
PLANT-00787,sambucus canadensis,Michigan
PLANT-00787,sambucus canadensis,Minnesota
PLANT-00787,sambucus canadensis,Mississippi
PLANT-00787,sambucus canadensis,Missouri
PLANT-00787,sambucus canadensis,Montana
PLANT-00787,sambucus canadensis,Nebraska
PLANT-00787,sambucus canadensis,New Hampshire
PLANT-00787,sambucus canadensis,New Jersey
PLANT-00787,sambucus canadensis,New Mexico
PLANT-00787,sambucus canadensis,New York
PLANT-00787,sambucus canadensis,North Carolina
PLANT-00787,sambucus canadensis,North Dakota
PLANT-00787,sambucus canadensis,Ohio
PLANT-00787,sambucus canadensis,Oklahoma
PLANT-00787,sambucus canadensis,Pennsylvania
PLANT-00787,sambucus canadensis,Rhode Island
PLANT-00787,sambucus canadensis,South Carolina
PLANT-00787,sambucus canadensis,South Dakota
PLANT-00787,sambucus canadensis,Tennessee
PLANT-00787,sambucus canadensis,Texas
PLANT-00787,sambucus canadensis,Vermont
PLANT-00787,sambucus canadensis,Virginia
PLANT-00787,sambucus canadensis,West Virginia
PLANT-00787,sambucus canadensis,Wisconsin
PLANT-00787,sambucus canadensis,Wyoming
PLANT-00788,sambucus racemosa,Alaska
PLANT-00788,sambucus racemosa,Arizona
PLANT-00788,sambucus racemosa,California
PLANT-00788,sambucus racemosa,Colorado
PLANT-00788,sambucus racemosa,Connecticut
PLANT-00788,sambucus racemosa,Delaware
PLANT-00788,sambucus racemosa,Georgia
PLANT-00788,sambucus racemosa,Idaho
PLANT-00788,sambucus racemosa,Illinois
PLANT-00788,sambucus racemosa,Indiana
PLANT-00788,sambucus racemosa,Iowa
PLANT-00788,sambucus racemosa,Kentucky
PLANT-00788,sambucus racemosa,Maine
PLANT-00788,sambucus racemosa,Maryland
PLANT-00788,sambucus racemosa,Massachusetts
PLANT-00788,sambucus racemosa,Michigan
PLANT-00788,sambucus racemosa,Minnesota
PLANT-00788,sambucus racemosa,Missouri
PLANT-00788,sambucus racemosa,Montana
PLANT-00788,sambucus racemosa,Nevada
PLANT-00788,sambucus racemosa,New Hampshire
PLANT-00788,sambucus racemosa,New Jersey
PLANT-00788,sambucus racemosa,New Mexico
PLANT-00788,sambucus racemosa,New York
PLANT-00788,sambucus racemosa,North Carolina
PLANT-00788,sambucus racemosa,North Dakota
PLANT-00788,sambucus racemosa,Ohio
PLANT-00788,sambucus racemosa,Oregon
PLANT-00788,sambucus racemosa,Pennsylvania
PLANT-00788,sambucus racemosa,Rhode Island
PLANT-00788,sambucus racemosa,South Dakota
PLANT-00788,sambucus racemosa,Tennessee
PLANT-00788,sambucus racemosa,Utah
PLANT-00788,sambucus racemosa,Vermont
PLANT-00788,sambucus racemosa,Virginia
PLANT-00788,sambucus racemosa,Washington
PLANT-00788,sambucus racemosa,West Virginia
PLANT-00788,sambucus racemosa,Wisconsin
PLANT-00788,sambucus racemosa,Wyoming
PLANT-00789,sanguinaria canadensis,Alabama
PLANT-00789,sanguinaria canadensis,Arkansas
PLANT-00789,sanguinaria canadensis,Connecticut
PLANT-00789,sanguinaria canadensis,Delaware
PLANT-00789,sanguinaria canadensis,Florida
PLANT-00789,sanguinaria canadensis,Georgia
PLANT-00789,sanguinaria canadensis,Illinois
PLANT-00789,sanguinaria canadensis,Indiana
PLANT-00789,sanguinaria canadensis,Iowa
PLANT-00789,sanguinaria canadensis,Kansas
PLANT-00789,sanguinaria canadensis,Kentucky
PLANT-00789,sanguinaria canadensis,Louisiana
PLANT-00789,sanguinaria canadensis,Maine
PLANT-00789,sanguinaria canadensis,Maryland
PLANT-00789,sanguinaria canadensis,Massachusetts
PLANT-00789,sanguinaria canadensis,Michigan
PLANT-00789,sanguinaria canadensis,Minnesota
PLANT-00789,sanguinaria canadensis,Mississippi
PLANT-00789,sanguinaria canadensis,Missouri
PLANT-00789,sanguinaria canadensis,Nebraska
PLANT-00789,sanguinaria canadensis,New Hampshire
PLANT-00789,sanguinaria canadensis,New Jersey
PLANT-00789,sanguinaria canadensis,New York
PLANT-00789,sanguinaria canadensis,North Carolina
PLANT-00789,sanguinaria canadensis,North Dakota
PLANT-00789,sanguinaria canadensis,Ohio
PLANT-00789,sanguinaria canadensis,Oklahoma
PLANT-00789,sanguinaria canadensis,Pennsylvania
PLANT-00789,sanguinaria canadensis,Rhode Island
PLANT-00789,sanguinaria canadensis,South Carolina
PLANT-00789,sanguinaria canadensis,South Dakota
PLANT-00789,sanguinaria canadensis,Tennessee
PLANT-00789,sanguinaria canadensis,Texas
PLANT-00789,sanguinaria canadensis,Vermont
PLANT-00789,sanguinaria canadensis,Virginia
PLANT-00789,sanguinaria canadensis,West Virginia
PLANT-00789,sanguinaria canadensis,Wisconsin
PLANT-00790,sanguisorba officinalis,Alaska
PLANT-00790,sanguisorba officinalis,California
PLANT-00790,sanguisorba officinalis,Maine
PLANT-00790,sanguisorba officinalis,Michigan
PLANT-00790,sanguisorba officinalis,Minnesota
PLANT-00790,sanguisorba officinalis,Nebraska
PLANT-00790,sanguisorba officinalis,Oregon
PLANT-00790,sanguisorba officinalis,Pennsylvania
PLANT-00790,sanguisorba officinalis,Washington
PLANT-00791,sapindus drummondii,Arizona
PLANT-00791,sapindus drummondii,Arkansas
PLANT-00791,sapindus drummondii,Colorado
PLANT-00791,sapindus drummondii,Kansas
PLANT-00791,sapindus drummondii,Louisiana
PLANT-00791,sapindus drummondii,Missouri
PLANT-00791,sapindus drummondii,New Mexico
PLANT-00791,sapindus drummondii,Oklahoma
PLANT-00791,sapindus drummondii,Texas
PLANT-00792,sarracenia flava,Alabama
PLANT-00792,sarracenia flava,Florida
PLANT-00792,sarracenia flava,Georgia
PLANT-00792,sarracenia flava,North Carolina
PLANT-00792,sarracenia flava,South Carolina
PLANT-00792,sarracenia flava,Virginia
PLANT-00793,sarracenia flava var. rubricorpora,Alabama
PLANT-00793,sarracenia flava var. rubricorpora,Florida
PLANT-00793,sarracenia flava var. rubricorpora,South Carolina
PLANT-00794,sarracenia leucophylla,Alabama
PLANT-00794,sarracenia leucophylla,Florida
PLANT-00794,sarracenia leucophylla,Georgia
PLANT-00794,sarracenia leucophylla,Mississippi
PLANT-00795,sarracenia minor,Florida
PLANT-00795,sarracenia minor,Georgia
PLANT-00795,sarracenia minor,North Carolina
PLANT-00795,sarracenia minor,South Carolina
PLANT-00796,sarracenia oreophila,Alabama
PLANT-00796,sarracenia oreophila,Georgia
PLANT-00796,sarracenia oreophila,North Carolina
PLANT-00796,sarracenia oreophila,Tennessee
PLANT-00797,sarracenia purpurea,Alabama
PLANT-00797,sarracenia purpurea,California
PLANT-00797,sarracenia purpurea,Connecticut
PLANT-00797,sarracenia purpurea,Delaware
PLANT-00797,sarracenia purpurea,Florida
PLANT-00797,sarracenia purpurea,Georgia
PLANT-00797,sarracenia purpurea,Illinois
PLANT-00797,sarracenia purpurea,Indiana
PLANT-00797,sarracenia purpurea,Louisiana
PLANT-00797,sarracenia purpurea,Maine
PLANT-00797,sarracenia purpurea,Maryland
PLANT-00797,sarracenia purpurea,Michigan
PLANT-00797,sarracenia purpurea,Minnesota
PLANT-00797,sarracenia purpurea,Mississippi
PLANT-00797,sarracenia purpurea,New Hampshire
PLANT-00797,sarracenia purpurea,New Jersey
PLANT-00797,sarracenia purpurea,New York
PLANT-00797,sarracenia purpurea,North Carolina
PLANT-00797,sarracenia purpurea,Ohio
PLANT-00797,sarracenia purpurea,Pennsylvania
PLANT-00797,sarracenia purpurea,Rhode Island
PLANT-00797,sarracenia purpurea,South Carolina
PLANT-00797,sarracenia purpurea,Tennessee
PLANT-00797,sarracenia purpurea,Vermont
PLANT-00797,sarracenia purpurea,Virginia
PLANT-00797,sarracenia purpurea,Washington
PLANT-00797,sarracenia purpurea,West Virginia
PLANT-00797,sarracenia purpurea,Wisconsin
PLANT-00798,sarracenia purpurea subsp. purpurea,Alaska
PLANT-00798,sarracenia purpurea subsp. purpurea,Connecticut
PLANT-00798,sarracenia purpurea subsp. purpurea,Indiana
PLANT-00798,sarracenia purpurea subsp. purpurea,Maine
PLANT-00798,sarracenia purpurea subsp. purpurea,Massachusetts
PLANT-00798,sarracenia purpurea subsp. purpurea,Michigan
PLANT-00798,sarracenia purpurea subsp. purpurea,New Hampshire
PLANT-00798,sarracenia purpurea subsp. purpurea,New Jersey
PLANT-00798,sarracenia purpurea subsp. purpurea,New York
PLANT-00798,sarracenia purpurea subsp. purpurea,Ohio
PLANT-00798,sarracenia purpurea subsp. purpurea,Pennsylvania
PLANT-00798,sarracenia purpurea subsp. purpurea,Rhode Island
PLANT-00798,sarracenia purpurea subsp. purpurea,Vermont
PLANT-00798,sarracenia purpurea subsp. purpurea,West Virginia
PLANT-00799,sarracenia purpurea subsp. venosa,Alabama
PLANT-00799,sarracenia purpurea subsp. venosa,Arkansas
PLANT-00799,sarracenia purpurea subsp. venosa,Delaware
PLANT-00799,sarracenia purpurea subsp. venosa,Florida
PLANT-00799,sarracenia purpurea subsp. venosa,Georgia
PLANT-00799,sarracenia purpurea subsp. venosa,Kentucky
PLANT-00799,sarracenia purpurea subsp. venosa,Louisiana
PLANT-00799,sarracenia purpurea subsp. venosa,Maryland
PLANT-00799,sarracenia purpurea subsp. venosa,Mississippi
PLANT-00799,sarracenia purpurea subsp. venosa,North Carolina
PLANT-00799,sarracenia purpurea subsp. venosa,South Carolina
PLANT-00799,sarracenia purpurea subsp. venosa,Tennessee
PLANT-00799,sarracenia purpurea subsp. venosa,Virginia
PLANT-00800,sarracenia rubra,Alabama
PLANT-00800,sarracenia rubra,Florida
PLANT-00800,sarracenia rubra,Georgia
PLANT-00800,sarracenia rubra,North Carolina
PLANT-00800,sarracenia rubra,South Carolina
PLANT-00801,sarracenia rubra f. jonesii,Alabama
PLANT-00801,sarracenia rubra f. jonesii,Arkansas
PLANT-00801,sarracenia rubra f. jonesii,Delaware
PLANT-00801,sarracenia rubra f. jonesii,Florida
PLANT-00801,sarracenia rubra f. jonesii,Georgia
PLANT-00801,sarracenia rubra f. jonesii,Kentucky
PLANT-00801,sarracenia rubra f. jonesii,Louisiana
PLANT-00801,sarracenia rubra f. jonesii,Maryland
PLANT-00801,sarracenia rubra f. jonesii,Mississippi
PLANT-00801,sarracenia rubra f. jonesii,North Carolina
PLANT-00801,sarracenia rubra f. jonesii,South Carolina
PLANT-00801,sarracenia rubra f. jonesii,Tennessee
PLANT-00801,sarracenia rubra f. jonesii,Virginia
PLANT-00802,sarracenia ã— catesbaei,Alabama
PLANT-00802,sarracenia ã— catesbaei,Florida
PLANT-00802,sarracenia ã— catesbaei,Georgia
PLANT-00802,sarracenia ã— catesbaei,North Carolina
PLANT-00802,sarracenia ã— catesbaei,Pennsylvania
PLANT-00802,sarracenia ã— catesbaei,South Carolina
PLANT-00802,sarracenia ã— catesbaei,Virginia
PLANT-00803,sassafras albidum,Alabama
PLANT-00803,sassafras albidum,Arkansas
PLANT-00803,sassafras albidum,Connecticut
PLANT-00803,sassafras albidum,Delaware
PLANT-00803,sassafras albidum,Florida
PLANT-00803,sassafras albidum,Georgia
PLANT-00803,sassafras albidum,Illinois
PLANT-00803,sassafras albidum,Indiana
PLANT-00803,sassafras albidum,Iowa
PLANT-00803,sassafras albidum,Kansas
PLANT-00803,sassafras albidum,Kentucky
PLANT-00803,sassafras albidum,Louisiana
PLANT-00803,sassafras albidum,Maine
PLANT-00803,sassafras albidum,Maryland
PLANT-00803,sassafras albidum,Massachusetts
PLANT-00803,sassafras albidum,Michigan
PLANT-00803,sassafras albidum,Mississippi
PLANT-00803,sassafras albidum,Missouri
PLANT-00803,sassafras albidum,New Hampshire
PLANT-00803,sassafras albidum,New Jersey
PLANT-00803,sassafras albidum,New York
PLANT-00803,sassafras albidum,North Carolina
PLANT-00803,sassafras albidum,Ohio
PLANT-00803,sassafras albidum,Oklahoma
PLANT-00803,sassafras albidum,Pennsylvania
PLANT-00803,sassafras albidum,Rhode Island
PLANT-00803,sassafras albidum,South Carolina
PLANT-00803,sassafras albidum,Tennessee
PLANT-00803,sassafras albidum,Texas
PLANT-00803,sassafras albidum,Vermont
PLANT-00803,sassafras albidum,Virginia
PLANT-00803,sassafras albidum,West Virginia
PLANT-00803,sassafras albidum,Wisconsin
PLANT-00804,saururus cernuus,Alabama
PLANT-00804,saururus cernuus,Arkansas
PLANT-00804,saururus cernuus,Connecticut
PLANT-00804,saururus cernuus,Delaware
PLANT-00804,saururus cernuus,Florida
PLANT-00804,saururus cernuus,Georgia
PLANT-00804,saururus cernuus,Illinois
PLANT-00804,saururus cernuus,Indiana
PLANT-00804,saururus cernuus,Kansas
PLANT-00804,saururus cernuus,Kentucky
PLANT-00804,saururus cernuus,Louisiana
PLANT-00804,saururus cernuus,Maryland
PLANT-00804,saururus cernuus,Massachusetts
PLANT-00804,saururus cernuus,Michigan
PLANT-00804,saururus cernuus,Mississippi
PLANT-00804,saururus cernuus,Missouri
PLANT-00804,saururus cernuus,New Jersey
PLANT-00804,saururus cernuus,New York
PLANT-00804,saururus cernuus,North Carolina
PLANT-00804,saururus cernuus,Ohio
PLANT-00804,saururus cernuus,Oklahoma
PLANT-00804,saururus cernuus,Pennsylvania
PLANT-00804,saururus cernuus,Rhode Island
PLANT-00804,saururus cernuus,South Carolina
PLANT-00804,saururus cernuus,Tennessee
PLANT-00804,saururus cernuus,Texas
PLANT-00804,saururus cernuus,Virginia
PLANT-00804,saururus cernuus,West Virginia
PLANT-00804,saururus cernuus,Wisconsin
PLANT-00805,schizachyrium scoparium,Alabama
PLANT-00805,schizachyrium scoparium,Arizona
PLANT-00805,schizachyrium scoparium,Arkansas
PLANT-00805,schizachyrium scoparium,California
PLANT-00805,schizachyrium scoparium,Colorado
PLANT-00805,schizachyrium scoparium,Connecticut
PLANT-00805,schizachyrium scoparium,Delaware
PLANT-00805,schizachyrium scoparium,Florida
PLANT-00805,schizachyrium scoparium,Georgia
PLANT-00805,schizachyrium scoparium,Idaho
PLANT-00805,schizachyrium scoparium,Illinois
PLANT-00805,schizachyrium scoparium,Indiana
PLANT-00805,schizachyrium scoparium,Iowa
PLANT-00805,schizachyrium scoparium,Kansas
PLANT-00805,schizachyrium scoparium,Kentucky
PLANT-00805,schizachyrium scoparium,Louisiana
PLANT-00805,schizachyrium scoparium,Maine
PLANT-00805,schizachyrium scoparium,Maryland
PLANT-00805,schizachyrium scoparium,Michigan
PLANT-00805,schizachyrium scoparium,Minnesota
PLANT-00805,schizachyrium scoparium,Mississippi
PLANT-00805,schizachyrium scoparium,Missouri
PLANT-00805,schizachyrium scoparium,Montana
PLANT-00805,schizachyrium scoparium,Nebraska
PLANT-00805,schizachyrium scoparium,New Hampshire
PLANT-00805,schizachyrium scoparium,New Jersey
PLANT-00805,schizachyrium scoparium,New Mexico
PLANT-00805,schizachyrium scoparium,New York
PLANT-00805,schizachyrium scoparium,North Carolina
PLANT-00805,schizachyrium scoparium,North Dakota
PLANT-00805,schizachyrium scoparium,Ohio
PLANT-00805,schizachyrium scoparium,Oklahoma
PLANT-00805,schizachyrium scoparium,Pennsylvania
PLANT-00805,schizachyrium scoparium,Rhode Island
PLANT-00805,schizachyrium scoparium,South Carolina
PLANT-00805,schizachyrium scoparium,South Dakota
PLANT-00805,schizachyrium scoparium,Tennessee
PLANT-00805,schizachyrium scoparium,Texas
PLANT-00805,schizachyrium scoparium,Utah
PLANT-00805,schizachyrium scoparium,Vermont
PLANT-00805,schizachyrium scoparium,Virginia
PLANT-00805,schizachyrium scoparium,Washington
PLANT-00805,schizachyrium scoparium,West Virginia
PLANT-00805,schizachyrium scoparium,Wisconsin
PLANT-00805,schizachyrium scoparium,Wyoming
PLANT-00806,schoenoplectus tabernaemontani,Alabama
PLANT-00806,schoenoplectus tabernaemontani,Alaska
PLANT-00806,schoenoplectus tabernaemontani,Arizona
PLANT-00806,schoenoplectus tabernaemontani,Arkansas
PLANT-00806,schoenoplectus tabernaemontani,California
PLANT-00806,schoenoplectus tabernaemontani,Colorado
PLANT-00806,schoenoplectus tabernaemontani,Connecticut
PLANT-00806,schoenoplectus tabernaemontani,Delaware
PLANT-00806,schoenoplectus tabernaemontani,Florida
PLANT-00806,schoenoplectus tabernaemontani,Georgia
PLANT-00806,schoenoplectus tabernaemontani,Hawaii
PLANT-00806,schoenoplectus tabernaemontani,Idaho
PLANT-00806,schoenoplectus tabernaemontani,Illinois
PLANT-00806,schoenoplectus tabernaemontani,Indiana
PLANT-00806,schoenoplectus tabernaemontani,Iowa
PLANT-00806,schoenoplectus tabernaemontani,Kansas
PLANT-00806,schoenoplectus tabernaemontani,Kentucky
PLANT-00806,schoenoplectus tabernaemontani,Louisiana
PLANT-00806,schoenoplectus tabernaemontani,Maine
PLANT-00806,schoenoplectus tabernaemontani,Maryland
PLANT-00806,schoenoplectus tabernaemontani,Massachusetts
PLANT-00806,schoenoplectus tabernaemontani,Michigan
PLANT-00806,schoenoplectus tabernaemontani,Minnesota
PLANT-00806,schoenoplectus tabernaemontani,Mississippi
PLANT-00806,schoenoplectus tabernaemontani,Missouri
PLANT-00806,schoenoplectus tabernaemontani,Montana
PLANT-00806,schoenoplectus tabernaemontani,Nebraska
PLANT-00806,schoenoplectus tabernaemontani,Nevada
PLANT-00806,schoenoplectus tabernaemontani,New Hampshire
PLANT-00806,schoenoplectus tabernaemontani,New Jersey
PLANT-00806,schoenoplectus tabernaemontani,New Mexico
PLANT-00806,schoenoplectus tabernaemontani,New York
PLANT-00806,schoenoplectus tabernaemontani,North Carolina
PLANT-00806,schoenoplectus tabernaemontani,North Dakota
PLANT-00806,schoenoplectus tabernaemontani,Ohio
PLANT-00806,schoenoplectus tabernaemontani,Oklahoma
PLANT-00806,schoenoplectus tabernaemontani,Oregon
PLANT-00806,schoenoplectus tabernaemontani,Pennsylvania
PLANT-00806,schoenoplectus tabernaemontani,Rhode Island
PLANT-00806,schoenoplectus tabernaemontani,South Carolina
PLANT-00806,schoenoplectus tabernaemontani,South Dakota
PLANT-00806,schoenoplectus tabernaemontani,Tennessee
PLANT-00806,schoenoplectus tabernaemontani,Texas
PLANT-00806,schoenoplectus tabernaemontani,Utah
PLANT-00806,schoenoplectus tabernaemontani,Vermont
PLANT-00806,schoenoplectus tabernaemontani,Virginia
PLANT-00806,schoenoplectus tabernaemontani,Washington
PLANT-00806,schoenoplectus tabernaemontani,West Virginia
PLANT-00806,schoenoplectus tabernaemontani,Wisconsin
PLANT-00806,schoenoplectus tabernaemontani,Wyoming
PLANT-00807,scirpus atrovirens,Alabama
PLANT-00807,scirpus atrovirens,Arizona
PLANT-00807,scirpus atrovirens,Arkansas
PLANT-00807,scirpus atrovirens,Connecticut
PLANT-00807,scirpus atrovirens,Delaware
PLANT-00807,scirpus atrovirens,Georgia
PLANT-00807,scirpus atrovirens,Idaho
PLANT-00807,scirpus atrovirens,Illinois
PLANT-00807,scirpus atrovirens,Indiana
PLANT-00807,scirpus atrovirens,Iowa
PLANT-00807,scirpus atrovirens,Kansas
PLANT-00807,scirpus atrovirens,Kentucky
PLANT-00807,scirpus atrovirens,Louisiana
PLANT-00807,scirpus atrovirens,Maine
PLANT-00807,scirpus atrovirens,Maryland
PLANT-00807,scirpus atrovirens,Michigan
PLANT-00807,scirpus atrovirens,Minnesota
PLANT-00807,scirpus atrovirens,Mississippi
PLANT-00807,scirpus atrovirens,Missouri
PLANT-00807,scirpus atrovirens,Montana
PLANT-00807,scirpus atrovirens,Nebraska
PLANT-00807,scirpus atrovirens,New Hampshire
PLANT-00807,scirpus atrovirens,New Jersey
PLANT-00807,scirpus atrovirens,New York
PLANT-00807,scirpus atrovirens,North Carolina
PLANT-00807,scirpus atrovirens,North Dakota
PLANT-00807,scirpus atrovirens,Ohio
PLANT-00807,scirpus atrovirens,Oklahoma
PLANT-00807,scirpus atrovirens,Pennsylvania
PLANT-00807,scirpus atrovirens,Rhode Island
PLANT-00807,scirpus atrovirens,South Carolina
PLANT-00807,scirpus atrovirens,South Dakota
PLANT-00807,scirpus atrovirens,Tennessee
PLANT-00807,scirpus atrovirens,Texas
PLANT-00807,scirpus atrovirens,Vermont
PLANT-00807,scirpus atrovirens,Virginia
PLANT-00807,scirpus atrovirens,Washington
PLANT-00807,scirpus atrovirens,West Virginia
PLANT-00807,scirpus atrovirens,Wisconsin
PLANT-00808,scirpus cyperinus,Alabama
PLANT-00808,scirpus cyperinus,Arkansas
PLANT-00808,scirpus cyperinus,Connecticut
PLANT-00808,scirpus cyperinus,Delaware
PLANT-00808,scirpus cyperinus,Florida
PLANT-00808,scirpus cyperinus,Georgia
PLANT-00808,scirpus cyperinus,Idaho
PLANT-00808,scirpus cyperinus,Illinois
PLANT-00808,scirpus cyperinus,Indiana
PLANT-00808,scirpus cyperinus,Iowa
PLANT-00808,scirpus cyperinus,Kentucky
PLANT-00808,scirpus cyperinus,Louisiana
PLANT-00808,scirpus cyperinus,Maine
PLANT-00808,scirpus cyperinus,Maryland
PLANT-00808,scirpus cyperinus,Massachusetts
PLANT-00808,scirpus cyperinus,Michigan
PLANT-00808,scirpus cyperinus,Minnesota
PLANT-00808,scirpus cyperinus,Mississippi
PLANT-00808,scirpus cyperinus,Missouri
PLANT-00808,scirpus cyperinus,Montana
PLANT-00808,scirpus cyperinus,New Hampshire
PLANT-00808,scirpus cyperinus,New Jersey
PLANT-00808,scirpus cyperinus,New York
PLANT-00808,scirpus cyperinus,North Carolina
PLANT-00808,scirpus cyperinus,Ohio
PLANT-00808,scirpus cyperinus,Oklahoma
PLANT-00808,scirpus cyperinus,Oregon
PLANT-00808,scirpus cyperinus,Pennsylvania
PLANT-00808,scirpus cyperinus,Rhode Island
PLANT-00808,scirpus cyperinus,South Carolina
PLANT-00808,scirpus cyperinus,South Dakota
PLANT-00808,scirpus cyperinus,Tennessee
PLANT-00808,scirpus cyperinus,Texas
PLANT-00808,scirpus cyperinus,Vermont
PLANT-00808,scirpus cyperinus,Virginia
PLANT-00808,scirpus cyperinus,Washington
PLANT-00808,scirpus cyperinus,West Virginia
PLANT-00808,scirpus cyperinus,Wisconsin
PLANT-00809,scrophularia marilandica,Alabama
PLANT-00809,scrophularia marilandica,Arkansas
PLANT-00809,scrophularia marilandica,Connecticut
PLANT-00809,scrophularia marilandica,Delaware
PLANT-00809,scrophularia marilandica,Florida
PLANT-00809,scrophularia marilandica,Georgia
PLANT-00809,scrophularia marilandica,Illinois
PLANT-00809,scrophularia marilandica,Indiana
PLANT-00809,scrophularia marilandica,Iowa
PLANT-00809,scrophularia marilandica,Kansas
PLANT-00809,scrophularia marilandica,Kentucky
PLANT-00809,scrophularia marilandica,Louisiana
PLANT-00809,scrophularia marilandica,Maine
PLANT-00809,scrophularia marilandica,Maryland
PLANT-00809,scrophularia marilandica,Massachusetts
PLANT-00809,scrophularia marilandica,Michigan
PLANT-00809,scrophularia marilandica,Minnesota
PLANT-00809,scrophularia marilandica,Mississippi
PLANT-00809,scrophularia marilandica,Missouri
PLANT-00809,scrophularia marilandica,Nebraska
PLANT-00809,scrophularia marilandica,New Hampshire
PLANT-00809,scrophularia marilandica,New Jersey
PLANT-00809,scrophularia marilandica,New York
PLANT-00809,scrophularia marilandica,North Carolina
PLANT-00809,scrophularia marilandica,Ohio
PLANT-00809,scrophularia marilandica,Oklahoma
PLANT-00809,scrophularia marilandica,Pennsylvania
PLANT-00809,scrophularia marilandica,Rhode Island
PLANT-00809,scrophularia marilandica,South Carolina
PLANT-00809,scrophularia marilandica,South Dakota
PLANT-00809,scrophularia marilandica,Tennessee
PLANT-00809,scrophularia marilandica,Texas
PLANT-00809,scrophularia marilandica,Vermont
PLANT-00809,scrophularia marilandica,Virginia
PLANT-00809,scrophularia marilandica,West Virginia
PLANT-00809,scrophularia marilandica,Wisconsin
PLANT-00810,scutellaria incana,Alabama
PLANT-00810,scutellaria incana,Arkansas
PLANT-00810,scutellaria incana,Delaware
PLANT-00810,scutellaria incana,Georgia
PLANT-00810,scutellaria incana,Illinois
PLANT-00810,scutellaria incana,Indiana
PLANT-00810,scutellaria incana,Iowa
PLANT-00810,scutellaria incana,Kansas
PLANT-00810,scutellaria incana,Kentucky
PLANT-00810,scutellaria incana,Louisiana
PLANT-00810,scutellaria incana,Maryland
PLANT-00810,scutellaria incana,Mississippi
PLANT-00810,scutellaria incana,Missouri
PLANT-00810,scutellaria incana,New Jersey
PLANT-00810,scutellaria incana,New York
PLANT-00810,scutellaria incana,North Carolina
PLANT-00810,scutellaria incana,Ohio
PLANT-00810,scutellaria incana,Oklahoma
PLANT-00810,scutellaria incana,Pennsylvania
PLANT-00810,scutellaria incana,South Carolina
PLANT-00810,scutellaria incana,Tennessee
PLANT-00810,scutellaria incana,Texas
PLANT-00810,scutellaria incana,Virginia
PLANT-00810,scutellaria incana,West Virginia
PLANT-00810,scutellaria incana,Wisconsin
PLANT-00811,scutellaria lateriflora,Alabama
PLANT-00811,scutellaria lateriflora,Arizona
PLANT-00811,scutellaria lateriflora,Arkansas
PLANT-00811,scutellaria lateriflora,California
PLANT-00811,scutellaria lateriflora,Connecticut
PLANT-00811,scutellaria lateriflora,Delaware
PLANT-00811,scutellaria lateriflora,Florida
PLANT-00811,scutellaria lateriflora,Georgia
PLANT-00811,scutellaria lateriflora,Idaho
PLANT-00811,scutellaria lateriflora,Illinois
PLANT-00811,scutellaria lateriflora,Indiana
PLANT-00811,scutellaria lateriflora,Iowa
PLANT-00811,scutellaria lateriflora,Kansas
PLANT-00811,scutellaria lateriflora,Kentucky
PLANT-00811,scutellaria lateriflora,Louisiana
PLANT-00811,scutellaria lateriflora,Maryland
PLANT-00811,scutellaria lateriflora,Massachusetts
PLANT-00811,scutellaria lateriflora,Michigan
PLANT-00811,scutellaria lateriflora,Minnesota
PLANT-00811,scutellaria lateriflora,Mississippi
PLANT-00811,scutellaria lateriflora,Missouri
PLANT-00811,scutellaria lateriflora,Nebraska
PLANT-00811,scutellaria lateriflora,New Hampshire
PLANT-00811,scutellaria lateriflora,New Jersey
PLANT-00811,scutellaria lateriflora,New Mexico
PLANT-00811,scutellaria lateriflora,New York
PLANT-00811,scutellaria lateriflora,North Carolina
PLANT-00811,scutellaria lateriflora,North Dakota
PLANT-00811,scutellaria lateriflora,Ohio
PLANT-00811,scutellaria lateriflora,Oklahoma
PLANT-00811,scutellaria lateriflora,Oregon
PLANT-00811,scutellaria lateriflora,Pennsylvania
PLANT-00811,scutellaria lateriflora,Rhode Island
PLANT-00811,scutellaria lateriflora,South Carolina
PLANT-00811,scutellaria lateriflora,South Dakota
PLANT-00811,scutellaria lateriflora,Tennessee
PLANT-00811,scutellaria lateriflora,Texas
PLANT-00811,scutellaria lateriflora,Vermont
PLANT-00811,scutellaria lateriflora,Virginia
PLANT-00811,scutellaria lateriflora,Washington
PLANT-00811,scutellaria lateriflora,West Virginia
PLANT-00811,scutellaria lateriflora,Wisconsin
PLANT-00812,scutellaria ovata,Alabama
PLANT-00812,scutellaria ovata,Arkansas
PLANT-00812,scutellaria ovata,Georgia
PLANT-00812,scutellaria ovata,Illinois
PLANT-00812,scutellaria ovata,Indiana
PLANT-00812,scutellaria ovata,Iowa
PLANT-00812,scutellaria ovata,Kansas
PLANT-00812,scutellaria ovata,Kentucky
PLANT-00812,scutellaria ovata,Louisiana
PLANT-00812,scutellaria ovata,Maryland
PLANT-00812,scutellaria ovata,Minnesota
PLANT-00812,scutellaria ovata,Mississippi
PLANT-00812,scutellaria ovata,Missouri
PLANT-00812,scutellaria ovata,North Carolina
PLANT-00812,scutellaria ovata,Ohio
PLANT-00812,scutellaria ovata,Oklahoma
PLANT-00812,scutellaria ovata,South Carolina
PLANT-00812,scutellaria ovata,Tennessee
PLANT-00812,scutellaria ovata,Texas
PLANT-00812,scutellaria ovata,Virginia
PLANT-00812,scutellaria ovata,West Virginia
PLANT-00812,scutellaria ovata,Wisconsin
PLANT-00813,sedum pulchellum,Alabama
PLANT-00813,sedum pulchellum,Arkansas
PLANT-00813,sedum pulchellum,Georgia
PLANT-00813,sedum pulchellum,Illinois
PLANT-00813,sedum pulchellum,Kansas
PLANT-00813,sedum pulchellum,Kentucky
PLANT-00813,sedum pulchellum,Mississippi
PLANT-00813,sedum pulchellum,Missouri
PLANT-00813,sedum pulchellum,Ohio
PLANT-00813,sedum pulchellum,Oklahoma
PLANT-00813,sedum pulchellum,Tennessee
PLANT-00813,sedum pulchellum,Texas
PLANT-00814,sedum ternatum,Alabama
PLANT-00814,sedum ternatum,Arkansas
PLANT-00814,sedum ternatum,Delaware
PLANT-00814,sedum ternatum,Georgia
PLANT-00814,sedum ternatum,Illinois
PLANT-00814,sedum ternatum,Indiana
PLANT-00814,sedum ternatum,Iowa
PLANT-00814,sedum ternatum,Kentucky
PLANT-00814,sedum ternatum,Maryland
PLANT-00814,sedum ternatum,Mississippi
PLANT-00814,sedum ternatum,Missouri
PLANT-00814,sedum ternatum,New Jersey
PLANT-00814,sedum ternatum,North Carolina
PLANT-00814,sedum ternatum,Ohio
PLANT-00814,sedum ternatum,Pennsylvania
PLANT-00814,sedum ternatum,South Carolina
PLANT-00814,sedum ternatum,Tennessee
PLANT-00814,sedum ternatum,Virginia
PLANT-00814,sedum ternatum,West Virginia
PLANT-00815,senna marilandica,Alabama
PLANT-00815,senna marilandica,Arkansas
PLANT-00815,senna marilandica,Delaware
PLANT-00815,senna marilandica,Florida
PLANT-00815,senna marilandica,Georgia
PLANT-00815,senna marilandica,Illinois
PLANT-00815,senna marilandica,Indiana
PLANT-00815,senna marilandica,Iowa
PLANT-00815,senna marilandica,Kansas
PLANT-00815,senna marilandica,Kentucky
PLANT-00815,senna marilandica,Louisiana
PLANT-00815,senna marilandica,Maryland
PLANT-00815,senna marilandica,Mississippi
PLANT-00815,senna marilandica,Missouri
PLANT-00815,senna marilandica,Nebraska
PLANT-00815,senna marilandica,New Jersey
PLANT-00815,senna marilandica,New York
PLANT-00815,senna marilandica,North Carolina
PLANT-00815,senna marilandica,Ohio
PLANT-00815,senna marilandica,Oklahoma
PLANT-00815,senna marilandica,Pennsylvania
PLANT-00815,senna marilandica,South Carolina
PLANT-00815,senna marilandica,Tennessee
PLANT-00815,senna marilandica,Texas
PLANT-00815,senna marilandica,Virginia
PLANT-00815,senna marilandica,West Virginia
PLANT-00815,senna marilandica,Wisconsin
PLANT-00816,senna obtusifolia,Alabama
PLANT-00816,senna obtusifolia,Arkansas
PLANT-00816,senna obtusifolia,California
PLANT-00816,senna obtusifolia,Connecticut
PLANT-00816,senna obtusifolia,Delaware
PLANT-00816,senna obtusifolia,Florida
PLANT-00816,senna obtusifolia,Georgia
PLANT-00816,senna obtusifolia,Illinois
PLANT-00816,senna obtusifolia,Indiana
PLANT-00816,senna obtusifolia,Iowa
PLANT-00816,senna obtusifolia,Kansas
PLANT-00816,senna obtusifolia,Kentucky
PLANT-00816,senna obtusifolia,Louisiana
PLANT-00816,senna obtusifolia,Maine
PLANT-00816,senna obtusifolia,Maryland
PLANT-00816,senna obtusifolia,Massachusetts
PLANT-00816,senna obtusifolia,Michigan
PLANT-00816,senna obtusifolia,Mississippi
PLANT-00816,senna obtusifolia,Missouri
PLANT-00816,senna obtusifolia,Nebraska
PLANT-00816,senna obtusifolia,New Hampshire
PLANT-00816,senna obtusifolia,New Jersey
PLANT-00816,senna obtusifolia,New York
PLANT-00816,senna obtusifolia,North Carolina
PLANT-00816,senna obtusifolia,Ohio
PLANT-00816,senna obtusifolia,Oklahoma
PLANT-00816,senna obtusifolia,Pennsylvania
PLANT-00816,senna obtusifolia,Rhode Island
PLANT-00816,senna obtusifolia,South Carolina
PLANT-00816,senna obtusifolia,Tennessee
PLANT-00816,senna obtusifolia,Texas
PLANT-00816,senna obtusifolia,Vermont
PLANT-00816,senna obtusifolia,Virginia
PLANT-00816,senna obtusifolia,West Virginia
PLANT-00816,senna obtusifolia,Wisconsin
PLANT-00817,sequoia sempervirens,California
PLANT-00817,sequoia sempervirens,Oregon
PLANT-00818,sequoiadendron giganteum,California
PLANT-00819,shepherdia argentea,Arizona
PLANT-00819,shepherdia argentea,California
PLANT-00819,shepherdia argentea,Colorado
PLANT-00819,shepherdia argentea,Idaho
PLANT-00819,shepherdia argentea,Iowa
PLANT-00819,shepherdia argentea,Kansas
PLANT-00819,shepherdia argentea,Michigan
PLANT-00819,shepherdia argentea,Minnesota
PLANT-00819,shepherdia argentea,Montana
PLANT-00819,shepherdia argentea,Nebraska
PLANT-00819,shepherdia argentea,Nevada
PLANT-00819,shepherdia argentea,New Mexico
PLANT-00819,shepherdia argentea,New York
PLANT-00819,shepherdia argentea,North Dakota
PLANT-00819,shepherdia argentea,Oregon
PLANT-00819,shepherdia argentea,South Dakota
PLANT-00819,shepherdia argentea,Utah
PLANT-00819,shepherdia argentea,Wisconsin
PLANT-00819,shepherdia argentea,Wyoming
PLANT-00820,shortia galacifolia,Georgia
PLANT-00820,shortia galacifolia,North Carolina
PLANT-00820,shortia galacifolia,South Carolina
PLANT-00820,shortia galacifolia,Tennessee
PLANT-00820,shortia galacifolia,Virginia
PLANT-00821,sideroxylon lanuginosum,Alabama
PLANT-00821,sideroxylon lanuginosum,Arizona
PLANT-00821,sideroxylon lanuginosum,Arkansas
PLANT-00821,sideroxylon lanuginosum,Florida
PLANT-00821,sideroxylon lanuginosum,Georgia
PLANT-00821,sideroxylon lanuginosum,Illinois
PLANT-00821,sideroxylon lanuginosum,Kansas
PLANT-00821,sideroxylon lanuginosum,Louisiana
PLANT-00821,sideroxylon lanuginosum,Mississippi
PLANT-00821,sideroxylon lanuginosum,Missouri
PLANT-00821,sideroxylon lanuginosum,New Mexico
PLANT-00821,sideroxylon lanuginosum,Oklahoma
PLANT-00821,sideroxylon lanuginosum,Texas
PLANT-00822,silene caroliniana,Alabama
PLANT-00822,silene caroliniana,Connecticut
PLANT-00822,silene caroliniana,Delaware
PLANT-00822,silene caroliniana,Florida
PLANT-00822,silene caroliniana,Georgia
PLANT-00822,silene caroliniana,Kentucky
PLANT-00822,silene caroliniana,Maryland
PLANT-00822,silene caroliniana,Massachusetts
PLANT-00822,silene caroliniana,Missouri
PLANT-00822,silene caroliniana,New Hampshire
PLANT-00822,silene caroliniana,New Jersey
PLANT-00822,silene caroliniana,New York
PLANT-00822,silene caroliniana,North Carolina
PLANT-00822,silene caroliniana,Ohio
PLANT-00822,silene caroliniana,Pennsylvania
PLANT-00822,silene caroliniana,Rhode Island
PLANT-00822,silene caroliniana,South Carolina
PLANT-00822,silene caroliniana,Tennessee
PLANT-00822,silene caroliniana,Virginia
PLANT-00822,silene caroliniana,West Virginia
PLANT-00823,silene regia,Alabama
PLANT-00823,silene regia,Arkansas
PLANT-00823,silene regia,Florida
PLANT-00823,silene regia,Georgia
PLANT-00823,silene regia,Illinois
PLANT-00823,silene regia,Indiana
PLANT-00823,silene regia,Kansas
PLANT-00823,silene regia,Kentucky
PLANT-00823,silene regia,Mississippi
PLANT-00823,silene regia,Missouri
PLANT-00823,silene regia,Ohio
PLANT-00823,silene regia,Oklahoma
PLANT-00823,silene regia,Tennessee
PLANT-00823,silene regia,Wisconsin
PLANT-00824,silene stellata,Alabama
PLANT-00824,silene stellata,Arkansas
PLANT-00824,silene stellata,Connecticut
PLANT-00824,silene stellata,Delaware
PLANT-00824,silene stellata,Georgia
PLANT-00824,silene stellata,Illinois
PLANT-00824,silene stellata,Indiana
PLANT-00824,silene stellata,Iowa
PLANT-00824,silene stellata,Kansas
PLANT-00824,silene stellata,Kentucky
PLANT-00824,silene stellata,Louisiana
PLANT-00824,silene stellata,Maryland
PLANT-00824,silene stellata,Michigan
PLANT-00824,silene stellata,Minnesota
PLANT-00824,silene stellata,Mississippi
PLANT-00824,silene stellata,Missouri
PLANT-00824,silene stellata,Nebraska
PLANT-00824,silene stellata,New Jersey
PLANT-00824,silene stellata,New York
PLANT-00824,silene stellata,North Carolina
PLANT-00824,silene stellata,Ohio
PLANT-00824,silene stellata,Oklahoma
PLANT-00824,silene stellata,Pennsylvania
PLANT-00824,silene stellata,Rhode Island
PLANT-00824,silene stellata,South Carolina
PLANT-00824,silene stellata,South Dakota
PLANT-00824,silene stellata,Tennessee
PLANT-00824,silene stellata,Texas
PLANT-00824,silene stellata,Vermont
PLANT-00824,silene stellata,Virginia
PLANT-00824,silene stellata,West Virginia
PLANT-00824,silene stellata,Wisconsin
PLANT-00825,silene virginica,Alabama
PLANT-00825,silene virginica,Arkansas
PLANT-00825,silene virginica,Delaware
PLANT-00825,silene virginica,Florida
PLANT-00825,silene virginica,Georgia
PLANT-00825,silene virginica,Illinois
PLANT-00825,silene virginica,Indiana
PLANT-00825,silene virginica,Kansas
PLANT-00825,silene virginica,Kentucky
PLANT-00825,silene virginica,Louisiana
PLANT-00825,silene virginica,Maryland
PLANT-00825,silene virginica,Michigan
PLANT-00825,silene virginica,Mississippi
PLANT-00825,silene virginica,Missouri
PLANT-00825,silene virginica,North Carolina
PLANT-00825,silene virginica,Ohio
PLANT-00825,silene virginica,Oklahoma
PLANT-00825,silene virginica,Pennsylvania
PLANT-00825,silene virginica,South Carolina
PLANT-00825,silene virginica,Tennessee
PLANT-00825,silene virginica,Texas
PLANT-00825,silene virginica,Virginia
PLANT-00825,silene virginica,West Virginia
PLANT-00825,silene virginica,Wisconsin
PLANT-00826,silphium gracile,Florida
PLANT-00826,silphium gracile,Georgia
PLANT-00826,silphium gracile,Louisiana
PLANT-00826,silphium gracile,Mississippi
PLANT-00826,silphium gracile,Texas
PLANT-00827,silphium integrifolium,Alabama
PLANT-00827,silphium integrifolium,Arkansas
PLANT-00827,silphium integrifolium,Colorado
PLANT-00827,silphium integrifolium,Illinois
PLANT-00827,silphium integrifolium,Indiana
PLANT-00827,silphium integrifolium,Iowa
PLANT-00827,silphium integrifolium,Kansas
PLANT-00827,silphium integrifolium,Kentucky
PLANT-00827,silphium integrifolium,Louisiana
PLANT-00827,silphium integrifolium,Michigan
PLANT-00827,silphium integrifolium,Minnesota
PLANT-00827,silphium integrifolium,Mississippi
PLANT-00827,silphium integrifolium,Missouri
PLANT-00827,silphium integrifolium,Nebraska
PLANT-00827,silphium integrifolium,Ohio
PLANT-00827,silphium integrifolium,Oklahoma
PLANT-00827,silphium integrifolium,South Dakota
PLANT-00827,silphium integrifolium,Tennessee
PLANT-00827,silphium integrifolium,Texas
PLANT-00827,silphium integrifolium,Wisconsin
PLANT-00827,silphium integrifolium,Wyoming
PLANT-00828,silphium laciniatum,Alabama
PLANT-00828,silphium laciniatum,Arkansas
PLANT-00828,silphium laciniatum,Colorado
PLANT-00828,silphium laciniatum,Illinois
PLANT-00828,silphium laciniatum,Indiana
PLANT-00828,silphium laciniatum,Iowa
PLANT-00828,silphium laciniatum,Kansas
PLANT-00828,silphium laciniatum,Kentucky
PLANT-00828,silphium laciniatum,Louisiana
PLANT-00828,silphium laciniatum,Michigan
PLANT-00828,silphium laciniatum,Minnesota
PLANT-00828,silphium laciniatum,Mississippi
PLANT-00828,silphium laciniatum,Missouri
PLANT-00828,silphium laciniatum,Nebraska
PLANT-00828,silphium laciniatum,North Dakota
PLANT-00828,silphium laciniatum,Ohio
PLANT-00828,silphium laciniatum,Oklahoma
PLANT-00828,silphium laciniatum,South Dakota
PLANT-00828,silphium laciniatum,Tennessee
PLANT-00828,silphium laciniatum,Texas
PLANT-00828,silphium laciniatum,Wisconsin
PLANT-00829,silphium perfoliatum,Alabama
PLANT-00829,silphium perfoliatum,Arkansas
PLANT-00829,silphium perfoliatum,Georgia
PLANT-00829,silphium perfoliatum,Illinois
PLANT-00829,silphium perfoliatum,Indiana
PLANT-00829,silphium perfoliatum,Iowa
PLANT-00829,silphium perfoliatum,Kansas
PLANT-00829,silphium perfoliatum,Kentucky
PLANT-00829,silphium perfoliatum,Louisiana
PLANT-00829,silphium perfoliatum,Maryland
PLANT-00829,silphium perfoliatum,Michigan
PLANT-00829,silphium perfoliatum,Minnesota
PLANT-00829,silphium perfoliatum,Mississippi
PLANT-00829,silphium perfoliatum,Missouri
PLANT-00829,silphium perfoliatum,Nebraska
PLANT-00829,silphium perfoliatum,North Carolina
PLANT-00829,silphium perfoliatum,North Dakota
PLANT-00829,silphium perfoliatum,Ohio
PLANT-00829,silphium perfoliatum,Oklahoma
PLANT-00829,silphium perfoliatum,Pennsylvania
PLANT-00829,silphium perfoliatum,South Dakota
PLANT-00829,silphium perfoliatum,Tennessee
PLANT-00829,silphium perfoliatum,Virginia
PLANT-00829,silphium perfoliatum,West Virginia
PLANT-00829,silphium perfoliatum,Wisconsin
PLANT-00830,silphium terebinthinaceum,Alabama
PLANT-00830,silphium terebinthinaceum,Arkansas
PLANT-00830,silphium terebinthinaceum,Georgia
PLANT-00830,silphium terebinthinaceum,Illinois
PLANT-00830,silphium terebinthinaceum,Indiana
PLANT-00830,silphium terebinthinaceum,Iowa
PLANT-00830,silphium terebinthinaceum,Kentucky
PLANT-00830,silphium terebinthinaceum,Michigan
PLANT-00830,silphium terebinthinaceum,Mississippi
PLANT-00830,silphium terebinthinaceum,Missouri
PLANT-00830,silphium terebinthinaceum,New York
PLANT-00830,silphium terebinthinaceum,North Carolina
PLANT-00830,silphium terebinthinaceum,Ohio
PLANT-00830,silphium terebinthinaceum,South Carolina
PLANT-00830,silphium terebinthinaceum,Tennessee
PLANT-00830,silphium terebinthinaceum,Virginia
PLANT-00830,silphium terebinthinaceum,West Virginia
PLANT-00830,silphium terebinthinaceum,Wisconsin
PLANT-00831,silphium terebinthinaceum var. pinnatifidum,Alabama
PLANT-00831,silphium terebinthinaceum var. pinnatifidum,Georgia
PLANT-00831,silphium terebinthinaceum var. pinnatifidum,Illinois
PLANT-00831,silphium terebinthinaceum var. pinnatifidum,Indiana
PLANT-00831,silphium terebinthinaceum var. pinnatifidum,Kentucky
PLANT-00831,silphium terebinthinaceum var. pinnatifidum,Tennessee
PLANT-00831,silphium terebinthinaceum var. pinnatifidum,Wisconsin
PLANT-00832,sisyrinchium angustifolium,Alabama
PLANT-00832,sisyrinchium angustifolium,Arkansas
PLANT-00832,sisyrinchium angustifolium,Connecticut
PLANT-00832,sisyrinchium angustifolium,Delaware
PLANT-00832,sisyrinchium angustifolium,Florida
PLANT-00832,sisyrinchium angustifolium,Georgia
PLANT-00832,sisyrinchium angustifolium,Illinois
PLANT-00832,sisyrinchium angustifolium,Indiana
PLANT-00832,sisyrinchium angustifolium,Iowa
PLANT-00832,sisyrinchium angustifolium,Kansas
PLANT-00832,sisyrinchium angustifolium,Kentucky
PLANT-00832,sisyrinchium angustifolium,Louisiana
PLANT-00832,sisyrinchium angustifolium,Maine
PLANT-00832,sisyrinchium angustifolium,Maryland
PLANT-00832,sisyrinchium angustifolium,Massachusetts
PLANT-00832,sisyrinchium angustifolium,Michigan
PLANT-00832,sisyrinchium angustifolium,Mississippi
PLANT-00832,sisyrinchium angustifolium,Missouri
PLANT-00832,sisyrinchium angustifolium,Nebraska
PLANT-00832,sisyrinchium angustifolium,New Hampshire
PLANT-00832,sisyrinchium angustifolium,New Jersey
PLANT-00832,sisyrinchium angustifolium,New York
PLANT-00832,sisyrinchium angustifolium,North Carolina
PLANT-00832,sisyrinchium angustifolium,Ohio
PLANT-00832,sisyrinchium angustifolium,Oklahoma
PLANT-00832,sisyrinchium angustifolium,Pennsylvania
PLANT-00832,sisyrinchium angustifolium,Rhode Island
PLANT-00832,sisyrinchium angustifolium,South Carolina
PLANT-00832,sisyrinchium angustifolium,Tennessee
PLANT-00832,sisyrinchium angustifolium,Texas
PLANT-00832,sisyrinchium angustifolium,Vermont
PLANT-00832,sisyrinchium angustifolium,Virginia
PLANT-00832,sisyrinchium angustifolium,West Virginia
PLANT-00832,sisyrinchium angustifolium,Wisconsin
PLANT-00833,sisyrinchium campestre,Arkansas
PLANT-00833,sisyrinchium campestre,Illinois
PLANT-00833,sisyrinchium campestre,Indiana
PLANT-00833,sisyrinchium campestre,Iowa
PLANT-00833,sisyrinchium campestre,Kansas
PLANT-00833,sisyrinchium campestre,Louisiana
PLANT-00833,sisyrinchium campestre,Michigan
PLANT-00833,sisyrinchium campestre,Minnesota
PLANT-00833,sisyrinchium campestre,Missouri
PLANT-00833,sisyrinchium campestre,Nebraska
PLANT-00833,sisyrinchium campestre,North Dakota
PLANT-00833,sisyrinchium campestre,Ohio
PLANT-00833,sisyrinchium campestre,Oklahoma
PLANT-00833,sisyrinchium campestre,South Dakota
PLANT-00833,sisyrinchium campestre,Texas
PLANT-00833,sisyrinchium campestre,Wisconsin
PLANT-00834,sium suave,Alabama
PLANT-00834,sium suave,Alaska
PLANT-00834,sium suave,Arizona
PLANT-00834,sium suave,Arkansas
PLANT-00834,sium suave,California
PLANT-00834,sium suave,Colorado
PLANT-00834,sium suave,Connecticut
PLANT-00834,sium suave,Delaware
PLANT-00834,sium suave,Florida
PLANT-00834,sium suave,Georgia
PLANT-00834,sium suave,Idaho
PLANT-00834,sium suave,Illinois
PLANT-00834,sium suave,Indiana
PLANT-00834,sium suave,Iowa
PLANT-00834,sium suave,Kansas
PLANT-00834,sium suave,Kentucky
PLANT-00834,sium suave,Louisiana
PLANT-00834,sium suave,Maine
PLANT-00834,sium suave,Maryland
PLANT-00834,sium suave,Massachusetts
PLANT-00834,sium suave,Michigan
PLANT-00834,sium suave,Minnesota
PLANT-00834,sium suave,Mississippi
PLANT-00834,sium suave,Missouri
PLANT-00834,sium suave,Montana
PLANT-00834,sium suave,Nebraska
PLANT-00834,sium suave,Nevada
PLANT-00834,sium suave,New Hampshire
PLANT-00834,sium suave,New Jersey
PLANT-00834,sium suave,New York
PLANT-00834,sium suave,North Carolina
PLANT-00834,sium suave,North Dakota
PLANT-00834,sium suave,Ohio
PLANT-00834,sium suave,Oregon
PLANT-00834,sium suave,Pennsylvania
PLANT-00834,sium suave,Rhode Island
PLANT-00834,sium suave,South Carolina
PLANT-00834,sium suave,South Dakota
PLANT-00834,sium suave,Tennessee
PLANT-00834,sium suave,Texas
PLANT-00834,sium suave,Utah
PLANT-00834,sium suave,Vermont
PLANT-00834,sium suave,Virginia
PLANT-00834,sium suave,Washington
PLANT-00834,sium suave,West Virginia
PLANT-00834,sium suave,Wisconsin
PLANT-00834,sium suave,Wyoming
PLANT-00835,smilax hispida,Alabama
PLANT-00835,smilax hispida,Arkansas
PLANT-00835,smilax hispida,Delaware
PLANT-00835,smilax hispida,Florida
PLANT-00835,smilax hispida,Georgia
PLANT-00835,smilax hispida,Illinois
PLANT-00835,smilax hispida,Indiana
PLANT-00835,smilax hispida,Iowa
PLANT-00835,smilax hispida,Kansas
PLANT-00835,smilax hispida,Kentucky
PLANT-00835,smilax hispida,Louisiana
PLANT-00835,smilax hispida,Maryland
PLANT-00835,smilax hispida,Michigan
PLANT-00835,smilax hispida,Minnesota
PLANT-00835,smilax hispida,Mississippi
PLANT-00835,smilax hispida,Missouri
PLANT-00835,smilax hispida,Nebraska
PLANT-00835,smilax hispida,New Jersey
PLANT-00835,smilax hispida,New York
PLANT-00835,smilax hispida,North Carolina
PLANT-00835,smilax hispida,North Dakota
PLANT-00835,smilax hispida,Ohio
PLANT-00835,smilax hispida,Oklahoma
PLANT-00835,smilax hispida,Pennsylvania
PLANT-00835,smilax hispida,South Carolina
PLANT-00835,smilax hispida,Tennessee
PLANT-00835,smilax hispida,Texas
PLANT-00835,smilax hispida,Virginia
PLANT-00835,smilax hispida,West Virginia
PLANT-00835,smilax hispida,Wisconsin
PLANT-00836,solidago caesia,Alabama
PLANT-00836,solidago caesia,Arkansas
PLANT-00836,solidago caesia,Connecticut
PLANT-00836,solidago caesia,Delaware
PLANT-00836,solidago caesia,Florida
PLANT-00836,solidago caesia,Georgia
PLANT-00836,solidago caesia,Illinois
PLANT-00836,solidago caesia,Indiana
PLANT-00836,solidago caesia,Iowa
PLANT-00836,solidago caesia,Kentucky
PLANT-00836,solidago caesia,Louisiana
PLANT-00836,solidago caesia,Maine
PLANT-00836,solidago caesia,Maryland
PLANT-00836,solidago caesia,Massachusetts
PLANT-00836,solidago caesia,Michigan
PLANT-00836,solidago caesia,Mississippi
PLANT-00836,solidago caesia,Missouri
PLANT-00836,solidago caesia,New Hampshire
PLANT-00836,solidago caesia,New Jersey
PLANT-00836,solidago caesia,New York
PLANT-00836,solidago caesia,North Carolina
PLANT-00836,solidago caesia,Ohio
PLANT-00836,solidago caesia,Oklahoma
PLANT-00836,solidago caesia,Pennsylvania
PLANT-00836,solidago caesia,Rhode Island
PLANT-00836,solidago caesia,South Carolina
PLANT-00836,solidago caesia,Tennessee
PLANT-00836,solidago caesia,Texas
PLANT-00836,solidago caesia,Vermont
PLANT-00836,solidago caesia,Virginia
PLANT-00836,solidago caesia,West Virginia
PLANT-00836,solidago caesia,Wisconsin
PLANT-00837,solidago canadensis,Delaware
PLANT-00837,solidago canadensis,Indiana
PLANT-00837,solidago canadensis,Kansas
PLANT-00837,solidago canadensis,Maine
PLANT-00837,solidago canadensis,Massachusetts
PLANT-00837,solidago canadensis,Michigan
PLANT-00837,solidago canadensis,Missouri
PLANT-00837,solidago canadensis,Nebraska
PLANT-00837,solidago canadensis,New Jersey
PLANT-00837,solidago canadensis,New York
PLANT-00837,solidago canadensis,North Carolina
PLANT-00837,solidago canadensis,Ohio
PLANT-00837,solidago canadensis,Rhode Island
PLANT-00837,solidago canadensis,South Dakota
PLANT-00837,solidago canadensis,Vermont
PLANT-00837,solidago canadensis,West Virginia
PLANT-00837,solidago canadensis,Wisconsin
PLANT-00838,solidago drummondii,Arkansas
PLANT-00838,solidago drummondii,Illinois
PLANT-00838,solidago drummondii,Louisiana
PLANT-00838,solidago drummondii,Missouri
PLANT-00839,solidago flexicaulis,Alabama
PLANT-00839,solidago flexicaulis,Arkansas
PLANT-00839,solidago flexicaulis,Connecticut
PLANT-00839,solidago flexicaulis,Delaware
PLANT-00839,solidago flexicaulis,Georgia
PLANT-00839,solidago flexicaulis,Illinois
PLANT-00839,solidago flexicaulis,Indiana
PLANT-00839,solidago flexicaulis,Iowa
PLANT-00839,solidago flexicaulis,Kansas
PLANT-00839,solidago flexicaulis,Kentucky
PLANT-00839,solidago flexicaulis,Louisiana
PLANT-00839,solidago flexicaulis,Maine
PLANT-00839,solidago flexicaulis,Maryland
PLANT-00839,solidago flexicaulis,Massachusetts
PLANT-00839,solidago flexicaulis,Michigan
PLANT-00839,solidago flexicaulis,Minnesota
PLANT-00839,solidago flexicaulis,Missouri
PLANT-00839,solidago flexicaulis,Nebraska
PLANT-00839,solidago flexicaulis,New Hampshire
PLANT-00839,solidago flexicaulis,New Jersey
PLANT-00839,solidago flexicaulis,New York
PLANT-00839,solidago flexicaulis,North Carolina
PLANT-00839,solidago flexicaulis,North Dakota
PLANT-00839,solidago flexicaulis,Ohio
PLANT-00839,solidago flexicaulis,Pennsylvania
PLANT-00839,solidago flexicaulis,Rhode Island
PLANT-00839,solidago flexicaulis,South Carolina
PLANT-00839,solidago flexicaulis,South Dakota
PLANT-00839,solidago flexicaulis,Tennessee
PLANT-00839,solidago flexicaulis,Vermont
PLANT-00839,solidago flexicaulis,Virginia
PLANT-00839,solidago flexicaulis,West Virginia
PLANT-00839,solidago flexicaulis,Wisconsin
PLANT-00840,solidago gattingeri,Arkansas
PLANT-00840,solidago gattingeri,Missouri
PLANT-00840,solidago gattingeri,Tennessee
PLANT-00840,solidago gattingeri,Texas
PLANT-00841,solidago gigantea,Alabama
PLANT-00841,solidago gigantea,Arkansas
PLANT-00841,solidago gigantea,Colorado
PLANT-00841,solidago gigantea,Connecticut
PLANT-00841,solidago gigantea,Delaware
PLANT-00841,solidago gigantea,Florida
PLANT-00841,solidago gigantea,Georgia
PLANT-00841,solidago gigantea,Illinois
PLANT-00841,solidago gigantea,Indiana
PLANT-00841,solidago gigantea,Iowa
PLANT-00841,solidago gigantea,Kansas
PLANT-00841,solidago gigantea,Kentucky
PLANT-00841,solidago gigantea,Louisiana
PLANT-00841,solidago gigantea,Maine
PLANT-00841,solidago gigantea,Maryland
PLANT-00841,solidago gigantea,Massachusetts
PLANT-00841,solidago gigantea,Michigan
PLANT-00841,solidago gigantea,Minnesota
PLANT-00841,solidago gigantea,Mississippi
PLANT-00841,solidago gigantea,Missouri
PLANT-00841,solidago gigantea,Montana
PLANT-00841,solidago gigantea,Nebraska
PLANT-00841,solidago gigantea,New Hampshire
PLANT-00841,solidago gigantea,New Jersey
PLANT-00841,solidago gigantea,New York
PLANT-00841,solidago gigantea,North Carolina
PLANT-00841,solidago gigantea,North Dakota
PLANT-00841,solidago gigantea,Ohio
PLANT-00841,solidago gigantea,Oklahoma
PLANT-00841,solidago gigantea,Pennsylvania
PLANT-00841,solidago gigantea,Rhode Island
PLANT-00841,solidago gigantea,South Carolina
PLANT-00841,solidago gigantea,South Dakota
PLANT-00841,solidago gigantea,Tennessee
PLANT-00841,solidago gigantea,Texas
PLANT-00841,solidago gigantea,Vermont
PLANT-00841,solidago gigantea,Virginia
PLANT-00841,solidago gigantea,West Virginia
PLANT-00841,solidago gigantea,Wisconsin
PLANT-00841,solidago gigantea,Wyoming
PLANT-00842,solidago hispida,Alabama
PLANT-00842,solidago hispida,Arkansas
PLANT-00842,solidago hispida,Connecticut
PLANT-00842,solidago hispida,Delaware
PLANT-00842,solidago hispida,Georgia
PLANT-00842,solidago hispida,Illinois
PLANT-00842,solidago hispida,Indiana
PLANT-00842,solidago hispida,Iowa
PLANT-00842,solidago hispida,Kentucky
PLANT-00842,solidago hispida,Louisiana
PLANT-00842,solidago hispida,Maine
PLANT-00842,solidago hispida,Maryland
PLANT-00842,solidago hispida,Massachusetts
PLANT-00842,solidago hispida,Michigan
PLANT-00842,solidago hispida,Minnesota
PLANT-00842,solidago hispida,Mississippi
PLANT-00842,solidago hispida,Missouri
PLANT-00842,solidago hispida,New Hampshire
PLANT-00842,solidago hispida,New Jersey
PLANT-00842,solidago hispida,New York
PLANT-00842,solidago hispida,North Carolina
PLANT-00842,solidago hispida,Ohio
PLANT-00842,solidago hispida,Oklahoma
PLANT-00842,solidago hispida,Pennsylvania
PLANT-00842,solidago hispida,Rhode Island
PLANT-00842,solidago hispida,South Carolina
PLANT-00842,solidago hispida,South Dakota
PLANT-00842,solidago hispida,Tennessee
PLANT-00842,solidago hispida,Vermont
PLANT-00842,solidago hispida,Virginia
PLANT-00842,solidago hispida,West Virginia
PLANT-00842,solidago hispida,Wisconsin
PLANT-00843,solidago juncea,Alabama
PLANT-00843,solidago juncea,Arkansas
PLANT-00843,solidago juncea,Connecticut
PLANT-00843,solidago juncea,Delaware
PLANT-00843,solidago juncea,Georgia
PLANT-00843,solidago juncea,Illinois
PLANT-00843,solidago juncea,Indiana
PLANT-00843,solidago juncea,Iowa
PLANT-00843,solidago juncea,Kentucky
PLANT-00843,solidago juncea,Louisiana
PLANT-00843,solidago juncea,Maine
PLANT-00843,solidago juncea,Maryland
PLANT-00843,solidago juncea,Massachusetts
PLANT-00843,solidago juncea,Michigan
PLANT-00843,solidago juncea,Minnesota
PLANT-00843,solidago juncea,Mississippi
PLANT-00843,solidago juncea,Missouri
PLANT-00843,solidago juncea,New Hampshire
PLANT-00843,solidago juncea,New Jersey
PLANT-00843,solidago juncea,New York
PLANT-00843,solidago juncea,North Carolina
PLANT-00843,solidago juncea,Ohio
PLANT-00843,solidago juncea,Oklahoma
PLANT-00843,solidago juncea,Pennsylvania
PLANT-00843,solidago juncea,Rhode Island
PLANT-00843,solidago juncea,South Carolina
PLANT-00843,solidago juncea,Tennessee
PLANT-00843,solidago juncea,Vermont
PLANT-00843,solidago juncea,Virginia
PLANT-00843,solidago juncea,West Virginia
PLANT-00843,solidago juncea,Wisconsin
PLANT-00844,solidago nemoralis,Alabama
PLANT-00844,solidago nemoralis,Arkansas
PLANT-00844,solidago nemoralis,Colorado
PLANT-00844,solidago nemoralis,Connecticut
PLANT-00844,solidago nemoralis,Delaware
PLANT-00844,solidago nemoralis,Florida
PLANT-00844,solidago nemoralis,Georgia
PLANT-00844,solidago nemoralis,Illinois
PLANT-00844,solidago nemoralis,Indiana
PLANT-00844,solidago nemoralis,Iowa
PLANT-00844,solidago nemoralis,Kansas
PLANT-00844,solidago nemoralis,Kentucky
PLANT-00844,solidago nemoralis,Louisiana
PLANT-00844,solidago nemoralis,Maine
PLANT-00844,solidago nemoralis,Maryland
PLANT-00844,solidago nemoralis,Massachusetts
PLANT-00844,solidago nemoralis,Michigan
PLANT-00844,solidago nemoralis,Minnesota
PLANT-00844,solidago nemoralis,Mississippi
PLANT-00844,solidago nemoralis,Missouri
PLANT-00844,solidago nemoralis,Montana
PLANT-00844,solidago nemoralis,Nebraska
PLANT-00844,solidago nemoralis,New Hampshire
PLANT-00844,solidago nemoralis,New Jersey
PLANT-00844,solidago nemoralis,New Mexico
PLANT-00844,solidago nemoralis,New York
PLANT-00844,solidago nemoralis,North Carolina
PLANT-00844,solidago nemoralis,North Dakota
PLANT-00844,solidago nemoralis,Ohio
PLANT-00844,solidago nemoralis,Oklahoma
PLANT-00844,solidago nemoralis,Pennsylvania
PLANT-00844,solidago nemoralis,Rhode Island
PLANT-00844,solidago nemoralis,South Carolina
PLANT-00844,solidago nemoralis,South Dakota
PLANT-00844,solidago nemoralis,Tennessee
PLANT-00844,solidago nemoralis,Texas
PLANT-00844,solidago nemoralis,Vermont
PLANT-00844,solidago nemoralis,Virginia
PLANT-00844,solidago nemoralis,West Virginia
PLANT-00844,solidago nemoralis,Wisconsin
PLANT-00844,solidago nemoralis,Wyoming
PLANT-00845,solidago odora,Alabama
PLANT-00845,solidago odora,Arkansas
PLANT-00845,solidago odora,Connecticut
PLANT-00845,solidago odora,Delaware
PLANT-00845,solidago odora,Florida
PLANT-00845,solidago odora,Georgia
PLANT-00845,solidago odora,Kentucky
PLANT-00845,solidago odora,Louisiana
PLANT-00845,solidago odora,Maryland
PLANT-00845,solidago odora,Massachusetts
PLANT-00845,solidago odora,Mississippi
PLANT-00845,solidago odora,Missouri
PLANT-00845,solidago odora,New Hampshire
PLANT-00845,solidago odora,New Jersey
PLANT-00845,solidago odora,New York
PLANT-00845,solidago odora,North Carolina
PLANT-00845,solidago odora,Ohio
PLANT-00845,solidago odora,Oklahoma
PLANT-00845,solidago odora,Pennsylvania
PLANT-00845,solidago odora,Rhode Island
PLANT-00845,solidago odora,South Carolina
PLANT-00845,solidago odora,Tennessee
PLANT-00845,solidago odora,Texas
PLANT-00845,solidago odora,Vermont
PLANT-00845,solidago odora,Virginia
PLANT-00845,solidago odora,West Virginia
PLANT-00846,solidago ouachitensis,Arkansas
PLANT-00846,solidago ouachitensis,Oklahoma
PLANT-00847,solidago ptarmicoides,Arkansas
PLANT-00847,solidago ptarmicoides,Colorado
PLANT-00847,solidago ptarmicoides,Connecticut
PLANT-00847,solidago ptarmicoides,Georgia
PLANT-00847,solidago ptarmicoides,Illinois
PLANT-00847,solidago ptarmicoides,Indiana
PLANT-00847,solidago ptarmicoides,Iowa
PLANT-00847,solidago ptarmicoides,Massachusetts
PLANT-00847,solidago ptarmicoides,Michigan
PLANT-00847,solidago ptarmicoides,Minnesota
PLANT-00847,solidago ptarmicoides,Missouri
PLANT-00847,solidago ptarmicoides,Montana
PLANT-00847,solidago ptarmicoides,New Hampshire
PLANT-00847,solidago ptarmicoides,New York
PLANT-00847,solidago ptarmicoides,North Carolina
PLANT-00847,solidago ptarmicoides,North Dakota
PLANT-00847,solidago ptarmicoides,Ohio
PLANT-00847,solidago ptarmicoides,Oklahoma
PLANT-00847,solidago ptarmicoides,South Carolina
PLANT-00847,solidago ptarmicoides,South Dakota
PLANT-00847,solidago ptarmicoides,Tennessee
PLANT-00847,solidago ptarmicoides,Vermont
PLANT-00847,solidago ptarmicoides,Wisconsin
PLANT-00847,solidago ptarmicoides,Wyoming
PLANT-00848,solidago riddellii,Arkansas
PLANT-00848,solidago riddellii,Georgia
PLANT-00848,solidago riddellii,Illinois
PLANT-00848,solidago riddellii,Indiana
PLANT-00848,solidago riddellii,Iowa
PLANT-00848,solidago riddellii,Kansas
PLANT-00848,solidago riddellii,Michigan
PLANT-00848,solidago riddellii,Minnesota
PLANT-00848,solidago riddellii,Missouri
PLANT-00848,solidago riddellii,North Dakota
PLANT-00848,solidago riddellii,Ohio
PLANT-00848,solidago riddellii,South Dakota
PLANT-00848,solidago riddellii,Wisconsin
PLANT-00849,solidago rigida,Alabama
PLANT-00849,solidago rigida,Arkansas
PLANT-00849,solidago rigida,Colorado
PLANT-00849,solidago rigida,Connecticut
PLANT-00849,solidago rigida,Georgia
PLANT-00849,solidago rigida,Illinois
PLANT-00849,solidago rigida,Indiana
PLANT-00849,solidago rigida,Iowa
PLANT-00849,solidago rigida,Kansas
PLANT-00849,solidago rigida,Kentucky
PLANT-00849,solidago rigida,Louisiana
PLANT-00849,solidago rigida,Maryland
PLANT-00849,solidago rigida,Massachusetts
PLANT-00849,solidago rigida,Michigan
PLANT-00849,solidago rigida,Minnesota
PLANT-00849,solidago rigida,Mississippi
PLANT-00849,solidago rigida,Missouri
PLANT-00849,solidago rigida,Montana
PLANT-00849,solidago rigida,Nebraska
PLANT-00849,solidago rigida,New Jersey
PLANT-00849,solidago rigida,New Mexico
PLANT-00849,solidago rigida,New York
PLANT-00849,solidago rigida,North Carolina
PLANT-00849,solidago rigida,North Dakota
PLANT-00849,solidago rigida,Ohio
PLANT-00849,solidago rigida,Oklahoma
PLANT-00849,solidago rigida,Pennsylvania
PLANT-00849,solidago rigida,Rhode Island
PLANT-00849,solidago rigida,South Carolina
PLANT-00849,solidago rigida,South Dakota
PLANT-00849,solidago rigida,Tennessee
PLANT-00849,solidago rigida,Texas
PLANT-00849,solidago rigida,Virginia
PLANT-00849,solidago rigida,West Virginia
PLANT-00849,solidago rigida,Wisconsin
PLANT-00849,solidago rigida,Wyoming
PLANT-00850,solidago rugosa,Alabama
PLANT-00850,solidago rugosa,Arkansas
PLANT-00850,solidago rugosa,Connecticut
PLANT-00850,solidago rugosa,Delaware
PLANT-00850,solidago rugosa,Florida
PLANT-00850,solidago rugosa,Georgia
PLANT-00850,solidago rugosa,Illinois
PLANT-00850,solidago rugosa,Indiana
PLANT-00850,solidago rugosa,Iowa
PLANT-00850,solidago rugosa,Kentucky
PLANT-00850,solidago rugosa,Louisiana
PLANT-00850,solidago rugosa,Maine
PLANT-00850,solidago rugosa,Maryland
PLANT-00850,solidago rugosa,Massachusetts
PLANT-00850,solidago rugosa,Michigan
PLANT-00850,solidago rugosa,Mississippi
PLANT-00850,solidago rugosa,Missouri
PLANT-00850,solidago rugosa,New Hampshire
PLANT-00850,solidago rugosa,New Jersey
PLANT-00850,solidago rugosa,New York
PLANT-00850,solidago rugosa,North Carolina
PLANT-00850,solidago rugosa,Ohio
PLANT-00850,solidago rugosa,Oklahoma
PLANT-00850,solidago rugosa,Pennsylvania
PLANT-00850,solidago rugosa,Rhode Island
PLANT-00850,solidago rugosa,South Carolina
PLANT-00850,solidago rugosa,Tennessee
PLANT-00850,solidago rugosa,Texas
PLANT-00850,solidago rugosa,Vermont
PLANT-00850,solidago rugosa,Virginia
PLANT-00850,solidago rugosa,West Virginia
PLANT-00851,solidago shortii,Indiana
PLANT-00851,solidago shortii,Kentucky
PLANT-00852,solidago speciosa,Alabama
PLANT-00852,solidago speciosa,Connecticut
PLANT-00852,solidago speciosa,Georgia
PLANT-00852,solidago speciosa,Indiana
PLANT-00852,solidago speciosa,Kentucky
PLANT-00852,solidago speciosa,Louisiana
PLANT-00852,solidago speciosa,Maryland
PLANT-00852,solidago speciosa,Massachusetts
PLANT-00852,solidago speciosa,Michigan
PLANT-00852,solidago speciosa,New Jersey
PLANT-00852,solidago speciosa,New York
PLANT-00852,solidago speciosa,North Carolina
PLANT-00852,solidago speciosa,Ohio
PLANT-00852,solidago speciosa,Rhode Island
PLANT-00852,solidago speciosa,South Carolina
PLANT-00852,solidago speciosa,Tennessee
PLANT-00852,solidago speciosa,Vermont
PLANT-00852,solidago speciosa,Virginia
PLANT-00852,solidago speciosa,West Virginia
PLANT-00853,solidago uliginosa,Alabama
PLANT-00853,solidago uliginosa,Connecticut
PLANT-00853,solidago uliginosa,Delaware
PLANT-00853,solidago uliginosa,Georgia
PLANT-00853,solidago uliginosa,Illinois
PLANT-00853,solidago uliginosa,Maine
PLANT-00853,solidago uliginosa,Michigan
PLANT-00853,solidago uliginosa,Minnesota
PLANT-00853,solidago uliginosa,New Hampshire
PLANT-00853,solidago uliginosa,New York
PLANT-00853,solidago uliginosa,North Carolina
PLANT-00853,solidago uliginosa,Pennsylvania
PLANT-00853,solidago uliginosa,Tennessee
PLANT-00853,solidago uliginosa,Vermont
PLANT-00853,solidago uliginosa,Virginia
PLANT-00853,solidago uliginosa,West Virginia
PLANT-00853,solidago uliginosa,Wisconsin
PLANT-00854,solidago ulmifolia,Alabama
PLANT-00854,solidago ulmifolia,Arkansas
PLANT-00854,solidago ulmifolia,Connecticut
PLANT-00854,solidago ulmifolia,Delaware
PLANT-00854,solidago ulmifolia,Florida
PLANT-00854,solidago ulmifolia,Georgia
PLANT-00854,solidago ulmifolia,Illinois
PLANT-00854,solidago ulmifolia,Indiana
PLANT-00854,solidago ulmifolia,Iowa
PLANT-00854,solidago ulmifolia,Kansas
PLANT-00854,solidago ulmifolia,Kentucky
PLANT-00854,solidago ulmifolia,Louisiana
PLANT-00854,solidago ulmifolia,Maine
PLANT-00854,solidago ulmifolia,Maryland
PLANT-00854,solidago ulmifolia,Massachusetts
PLANT-00854,solidago ulmifolia,Michigan
PLANT-00854,solidago ulmifolia,Minnesota
PLANT-00854,solidago ulmifolia,Mississippi
PLANT-00854,solidago ulmifolia,Missouri
PLANT-00854,solidago ulmifolia,Nebraska
PLANT-00854,solidago ulmifolia,New Hampshire
PLANT-00854,solidago ulmifolia,New Jersey
PLANT-00854,solidago ulmifolia,New York
PLANT-00854,solidago ulmifolia,North Carolina
PLANT-00854,solidago ulmifolia,Ohio
PLANT-00854,solidago ulmifolia,Oklahoma
PLANT-00854,solidago ulmifolia,Pennsylvania
PLANT-00854,solidago ulmifolia,Rhode Island
PLANT-00854,solidago ulmifolia,South Carolina
PLANT-00854,solidago ulmifolia,Tennessee
PLANT-00854,solidago ulmifolia,Texas
PLANT-00854,solidago ulmifolia,Vermont
PLANT-00854,solidago ulmifolia,Virginia
PLANT-00854,solidago ulmifolia,West Virginia
PLANT-00854,solidago ulmifolia,Wisconsin
PLANT-00855,sorbus americana,Connecticut
PLANT-00855,sorbus americana,Georgia
PLANT-00855,sorbus americana,Illinois
PLANT-00855,sorbus americana,Maine
PLANT-00855,sorbus americana,Maryland
PLANT-00855,sorbus americana,Massachusetts
PLANT-00855,sorbus americana,Michigan
PLANT-00855,sorbus americana,Minnesota
PLANT-00855,sorbus americana,New Hampshire
PLANT-00855,sorbus americana,New Jersey
PLANT-00855,sorbus americana,New York
PLANT-00855,sorbus americana,North Carolina
PLANT-00855,sorbus americana,Pennsylvania
PLANT-00855,sorbus americana,Rhode Island
PLANT-00855,sorbus americana,South Carolina
PLANT-00855,sorbus americana,Tennessee
PLANT-00855,sorbus americana,Virginia
PLANT-00855,sorbus americana,West Virginia
PLANT-00855,sorbus americana,Wisconsin
PLANT-00856,sorbus decora,Connecticut
PLANT-00856,sorbus decora,Illinois
PLANT-00856,sorbus decora,Indiana
PLANT-00856,sorbus decora,Iowa
PLANT-00856,sorbus decora,Maine
PLANT-00856,sorbus decora,Massachusetts
PLANT-00856,sorbus decora,Michigan
PLANT-00856,sorbus decora,Minnesota
PLANT-00856,sorbus decora,New Hampshire
PLANT-00856,sorbus decora,New York
PLANT-00856,sorbus decora,Ohio
PLANT-00856,sorbus decora,Pennsylvania
PLANT-00856,sorbus decora,Vermont
PLANT-00856,sorbus decora,Wisconsin
PLANT-00857,sorghastrum nutans,Alabama
PLANT-00857,sorghastrum nutans,Arizona
PLANT-00857,sorghastrum nutans,Arkansas
PLANT-00857,sorghastrum nutans,Colorado
PLANT-00857,sorghastrum nutans,Connecticut
PLANT-00857,sorghastrum nutans,Delaware
PLANT-00857,sorghastrum nutans,Florida
PLANT-00857,sorghastrum nutans,Georgia
PLANT-00857,sorghastrum nutans,Illinois
PLANT-00857,sorghastrum nutans,Indiana
PLANT-00857,sorghastrum nutans,Iowa
PLANT-00857,sorghastrum nutans,Kansas
PLANT-00857,sorghastrum nutans,Kentucky
PLANT-00857,sorghastrum nutans,Louisiana
PLANT-00857,sorghastrum nutans,Maine
PLANT-00857,sorghastrum nutans,Maryland
PLANT-00857,sorghastrum nutans,Massachusetts
PLANT-00857,sorghastrum nutans,Michigan
PLANT-00857,sorghastrum nutans,Minnesota
PLANT-00857,sorghastrum nutans,Mississippi
PLANT-00857,sorghastrum nutans,Missouri
PLANT-00857,sorghastrum nutans,Montana
PLANT-00857,sorghastrum nutans,Nebraska
PLANT-00857,sorghastrum nutans,New Hampshire
PLANT-00857,sorghastrum nutans,New Jersey
PLANT-00857,sorghastrum nutans,New Mexico
PLANT-00857,sorghastrum nutans,New York
PLANT-00857,sorghastrum nutans,North Carolina
PLANT-00857,sorghastrum nutans,North Dakota
PLANT-00857,sorghastrum nutans,Ohio
PLANT-00857,sorghastrum nutans,Oklahoma
PLANT-00857,sorghastrum nutans,Pennsylvania
PLANT-00857,sorghastrum nutans,Rhode Island
PLANT-00857,sorghastrum nutans,South Carolina
PLANT-00857,sorghastrum nutans,South Dakota
PLANT-00857,sorghastrum nutans,Tennessee
PLANT-00857,sorghastrum nutans,Texas
PLANT-00857,sorghastrum nutans,Utah
PLANT-00857,sorghastrum nutans,Vermont
PLANT-00857,sorghastrum nutans,Virginia
PLANT-00857,sorghastrum nutans,West Virginia
PLANT-00857,sorghastrum nutans,Wisconsin
PLANT-00857,sorghastrum nutans,Wyoming
PLANT-00858,spartina pectinata,Arkansas
PLANT-00858,spartina pectinata,Colorado
PLANT-00858,spartina pectinata,Connecticut
PLANT-00858,spartina pectinata,Delaware
PLANT-00858,spartina pectinata,Georgia
PLANT-00858,spartina pectinata,Idaho
PLANT-00858,spartina pectinata,Illinois
PLANT-00858,spartina pectinata,Indiana
PLANT-00858,spartina pectinata,Iowa
PLANT-00858,spartina pectinata,Kansas
PLANT-00858,spartina pectinata,Kentucky
PLANT-00858,spartina pectinata,Louisiana
PLANT-00858,spartina pectinata,Maine
PLANT-00858,spartina pectinata,Maryland
PLANT-00858,spartina pectinata,Massachusetts
PLANT-00858,spartina pectinata,Michigan
PLANT-00858,spartina pectinata,Minnesota
PLANT-00858,spartina pectinata,Missouri
PLANT-00858,spartina pectinata,Montana
PLANT-00858,spartina pectinata,Nebraska
PLANT-00858,spartina pectinata,New Hampshire
PLANT-00858,spartina pectinata,New Jersey
PLANT-00858,spartina pectinata,New Mexico
PLANT-00858,spartina pectinata,New York
PLANT-00858,spartina pectinata,North Carolina
PLANT-00858,spartina pectinata,North Dakota
PLANT-00858,spartina pectinata,Ohio
PLANT-00858,spartina pectinata,Oklahoma
PLANT-00858,spartina pectinata,Oregon
PLANT-00858,spartina pectinata,Pennsylvania
PLANT-00858,spartina pectinata,Rhode Island
PLANT-00858,spartina pectinata,South Dakota
PLANT-00858,spartina pectinata,Tennessee
PLANT-00858,spartina pectinata,Texas
PLANT-00858,spartina pectinata,Utah
PLANT-00858,spartina pectinata,Vermont
PLANT-00858,spartina pectinata,Virginia
PLANT-00858,spartina pectinata,Washington
PLANT-00858,spartina pectinata,West Virginia
PLANT-00858,spartina pectinata,Wisconsin
PLANT-00858,spartina pectinata,Wyoming
PLANT-00859,spigelia marilandica,Alabama
PLANT-00859,spigelia marilandica,Arkansas
PLANT-00859,spigelia marilandica,Florida
PLANT-00859,spigelia marilandica,Georgia
PLANT-00859,spigelia marilandica,Illinois
PLANT-00859,spigelia marilandica,Indiana
PLANT-00859,spigelia marilandica,Kentucky
PLANT-00859,spigelia marilandica,Louisiana
PLANT-00859,spigelia marilandica,Maryland
PLANT-00859,spigelia marilandica,Mississippi
PLANT-00859,spigelia marilandica,Missouri
PLANT-00859,spigelia marilandica,North Carolina
PLANT-00859,spigelia marilandica,Oklahoma
PLANT-00859,spigelia marilandica,South Carolina
PLANT-00859,spigelia marilandica,Tennessee
PLANT-00859,spigelia marilandica,Texas
PLANT-00859,spigelia marilandica,Virginia
PLANT-00860,spiraea alba,Delaware
PLANT-00860,spiraea alba,Illinois
PLANT-00860,spiraea alba,Indiana
PLANT-00860,spiraea alba,Iowa
PLANT-00860,spiraea alba,Kentucky
PLANT-00860,spiraea alba,Maryland
PLANT-00860,spiraea alba,Massachusetts
PLANT-00860,spiraea alba,Michigan
PLANT-00860,spiraea alba,Minnesota
PLANT-00860,spiraea alba,Missouri
PLANT-00860,spiraea alba,New Jersey
PLANT-00860,spiraea alba,New York
PLANT-00860,spiraea alba,North Carolina
PLANT-00860,spiraea alba,North Dakota
PLANT-00860,spiraea alba,Ohio
PLANT-00860,spiraea alba,Pennsylvania
PLANT-00860,spiraea alba,South Dakota
PLANT-00860,spiraea alba,Tennessee
PLANT-00860,spiraea alba,Vermont
PLANT-00860,spiraea alba,Virginia
PLANT-00860,spiraea alba,West Virginia
PLANT-00860,spiraea alba,Wisconsin
PLANT-00861,spiraea betulifolia,Alabama
PLANT-00861,spiraea betulifolia,Idaho
PLANT-00861,spiraea betulifolia,Maryland
PLANT-00861,spiraea betulifolia,Minnesota
PLANT-00861,spiraea betulifolia,Montana
PLANT-00861,spiraea betulifolia,New Jersey
PLANT-00861,spiraea betulifolia,North Carolina
PLANT-00861,spiraea betulifolia,North Dakota
PLANT-00861,spiraea betulifolia,Oregon
PLANT-00861,spiraea betulifolia,Pennsylvania
PLANT-00861,spiraea betulifolia,South Dakota
PLANT-00861,spiraea betulifolia,Tennessee
PLANT-00861,spiraea betulifolia,Virginia
PLANT-00861,spiraea betulifolia,Washington
PLANT-00861,spiraea betulifolia,Wyoming
PLANT-00862,spiraea douglasii,Alaska
PLANT-00862,spiraea douglasii,California
PLANT-00862,spiraea douglasii,Colorado
PLANT-00862,spiraea douglasii,Idaho
PLANT-00862,spiraea douglasii,Montana
PLANT-00862,spiraea douglasii,Oregon
PLANT-00862,spiraea douglasii,Washington
PLANT-00863,spiraea tomentosa,Arkansas
PLANT-00863,spiraea tomentosa,Connecticut
PLANT-00863,spiraea tomentosa,Delaware
PLANT-00863,spiraea tomentosa,Georgia
PLANT-00863,spiraea tomentosa,Illinois
PLANT-00863,spiraea tomentosa,Indiana
PLANT-00863,spiraea tomentosa,Kansas
PLANT-00863,spiraea tomentosa,Kentucky
PLANT-00863,spiraea tomentosa,Louisiana
PLANT-00863,spiraea tomentosa,Maine
PLANT-00863,spiraea tomentosa,Maryland
PLANT-00863,spiraea tomentosa,Massachusetts
PLANT-00863,spiraea tomentosa,Michigan
PLANT-00863,spiraea tomentosa,Minnesota
PLANT-00863,spiraea tomentosa,Mississippi
PLANT-00863,spiraea tomentosa,Missouri
PLANT-00863,spiraea tomentosa,New Hampshire
PLANT-00863,spiraea tomentosa,New Jersey
PLANT-00863,spiraea tomentosa,New York
PLANT-00863,spiraea tomentosa,North Carolina
PLANT-00863,spiraea tomentosa,Ohio
PLANT-00863,spiraea tomentosa,Oregon
PLANT-00863,spiraea tomentosa,Pennsylvania
PLANT-00863,spiraea tomentosa,Rhode Island
PLANT-00863,spiraea tomentosa,South Carolina
PLANT-00863,spiraea tomentosa,Tennessee
PLANT-00863,spiraea tomentosa,Vermont
PLANT-00863,spiraea tomentosa,Virginia
PLANT-00863,spiraea tomentosa,Washington
PLANT-00863,spiraea tomentosa,West Virginia
PLANT-00863,spiraea tomentosa,Wisconsin
PLANT-00864,spiranthes odorata,Alabama
PLANT-00864,spiranthes odorata,Arkansas
PLANT-00864,spiranthes odorata,Delaware
PLANT-00864,spiranthes odorata,Florida
PLANT-00864,spiranthes odorata,Georgia
PLANT-00864,spiranthes odorata,Kentucky
PLANT-00864,spiranthes odorata,Louisiana
PLANT-00864,spiranthes odorata,Maryland
PLANT-00864,spiranthes odorata,Mississippi
PLANT-00864,spiranthes odorata,New Jersey
PLANT-00864,spiranthes odorata,New York
PLANT-00864,spiranthes odorata,North Carolina
PLANT-00864,spiranthes odorata,Oklahoma
PLANT-00864,spiranthes odorata,South Carolina
PLANT-00864,spiranthes odorata,Tennessee
PLANT-00864,spiranthes odorata,Texas
PLANT-00864,spiranthes odorata,Virginia
PLANT-00865,sporobolus heterolepis,Arkansas
PLANT-00865,sporobolus heterolepis,Colorado
PLANT-00865,sporobolus heterolepis,Connecticut
PLANT-00865,sporobolus heterolepis,Georgia
PLANT-00865,sporobolus heterolepis,Illinois
PLANT-00865,sporobolus heterolepis,Indiana
PLANT-00865,sporobolus heterolepis,Iowa
PLANT-00865,sporobolus heterolepis,Kansas
PLANT-00865,sporobolus heterolepis,Kentucky
PLANT-00865,sporobolus heterolepis,Maryland
PLANT-00865,sporobolus heterolepis,Michigan
PLANT-00865,sporobolus heterolepis,Minnesota
PLANT-00865,sporobolus heterolepis,Missouri
PLANT-00865,sporobolus heterolepis,Montana
PLANT-00865,sporobolus heterolepis,Nebraska
PLANT-00865,sporobolus heterolepis,New Mexico
PLANT-00865,sporobolus heterolepis,New York
PLANT-00865,sporobolus heterolepis,North Carolina
PLANT-00865,sporobolus heterolepis,North Dakota
PLANT-00865,sporobolus heterolepis,Ohio
PLANT-00865,sporobolus heterolepis,Oklahoma
PLANT-00865,sporobolus heterolepis,Pennsylvania
PLANT-00865,sporobolus heterolepis,South Dakota
PLANT-00865,sporobolus heterolepis,Tennessee
PLANT-00865,sporobolus heterolepis,Virginia
PLANT-00865,sporobolus heterolepis,Wisconsin
PLANT-00865,sporobolus heterolepis,Wyoming
PLANT-00866,staphylea pinnata,Georgia
PLANT-00867,staphylea trifolia,Alabama
PLANT-00867,staphylea trifolia,Arkansas
PLANT-00867,staphylea trifolia,Connecticut
PLANT-00867,staphylea trifolia,Delaware
PLANT-00867,staphylea trifolia,Florida
PLANT-00867,staphylea trifolia,Georgia
PLANT-00867,staphylea trifolia,Illinois
PLANT-00867,staphylea trifolia,Indiana
PLANT-00867,staphylea trifolia,Iowa
PLANT-00867,staphylea trifolia,Kansas
PLANT-00867,staphylea trifolia,Kentucky
PLANT-00867,staphylea trifolia,Louisiana
PLANT-00867,staphylea trifolia,Maryland
PLANT-00867,staphylea trifolia,Massachusetts
PLANT-00867,staphylea trifolia,Michigan
PLANT-00867,staphylea trifolia,Minnesota
PLANT-00867,staphylea trifolia,Mississippi
PLANT-00867,staphylea trifolia,Missouri
PLANT-00867,staphylea trifolia,Nebraska
PLANT-00867,staphylea trifolia,New Hampshire
PLANT-00867,staphylea trifolia,New Jersey
PLANT-00867,staphylea trifolia,New York
PLANT-00867,staphylea trifolia,North Carolina
PLANT-00867,staphylea trifolia,Ohio
PLANT-00867,staphylea trifolia,Oklahoma
PLANT-00867,staphylea trifolia,Pennsylvania
PLANT-00867,staphylea trifolia,South Carolina
PLANT-00867,staphylea trifolia,Tennessee
PLANT-00867,staphylea trifolia,Vermont
PLANT-00867,staphylea trifolia,Virginia
PLANT-00867,staphylea trifolia,West Virginia
PLANT-00867,staphylea trifolia,Wisconsin
PLANT-00868,stenaria nigricans,Alabama
PLANT-00868,stenaria nigricans,Arkansas
PLANT-00868,stenaria nigricans,Colorado
PLANT-00868,stenaria nigricans,Florida
PLANT-00868,stenaria nigricans,Georgia
PLANT-00868,stenaria nigricans,Illinois
PLANT-00868,stenaria nigricans,Indiana
PLANT-00868,stenaria nigricans,Iowa
PLANT-00868,stenaria nigricans,Kansas
PLANT-00868,stenaria nigricans,Kentucky
PLANT-00868,stenaria nigricans,Louisiana
PLANT-00868,stenaria nigricans,Michigan
PLANT-00868,stenaria nigricans,Mississippi
PLANT-00868,stenaria nigricans,Missouri
PLANT-00868,stenaria nigricans,Nebraska
PLANT-00868,stenaria nigricans,New Mexico
PLANT-00868,stenaria nigricans,Ohio
PLANT-00868,stenaria nigricans,Oklahoma
PLANT-00868,stenaria nigricans,South Carolina
PLANT-00868,stenaria nigricans,Tennessee
PLANT-00868,stenaria nigricans,Texas
PLANT-00868,stenaria nigricans,Virginia
PLANT-00868,stenaria nigricans,West Virginia
PLANT-00869,stewartia ovata,Alabama
PLANT-00869,stewartia ovata,Florida
PLANT-00869,stewartia ovata,Georgia
PLANT-00869,stewartia ovata,Kentucky
PLANT-00869,stewartia ovata,Mississippi
PLANT-00869,stewartia ovata,North Carolina
PLANT-00869,stewartia ovata,South Carolina
PLANT-00869,stewartia ovata,Tennessee
PLANT-00869,stewartia ovata,Virginia
PLANT-00870,stokesia laevis,Alabama
PLANT-00870,stokesia laevis,Florida
PLANT-00870,stokesia laevis,Georgia
PLANT-00870,stokesia laevis,Louisiana
PLANT-00870,stokesia laevis,Mississippi
PLANT-00870,stokesia laevis,North Carolina
PLANT-00870,stokesia laevis,South Carolina
PLANT-00871,stylophorum diphyllum,Alabama
PLANT-00871,stylophorum diphyllum,Arkansas
PLANT-00871,stylophorum diphyllum,Delaware
PLANT-00871,stylophorum diphyllum,Georgia
PLANT-00871,stylophorum diphyllum,Illinois
PLANT-00871,stylophorum diphyllum,Indiana
PLANT-00871,stylophorum diphyllum,Kentucky
PLANT-00871,stylophorum diphyllum,Maryland
PLANT-00871,stylophorum diphyllum,Michigan
PLANT-00871,stylophorum diphyllum,Missouri
PLANT-00871,stylophorum diphyllum,Ohio
PLANT-00871,stylophorum diphyllum,Pennsylvania
PLANT-00871,stylophorum diphyllum,Tennessee
PLANT-00871,stylophorum diphyllum,Virginia
PLANT-00871,stylophorum diphyllum,West Virginia
PLANT-00872,styrax americanus,Alabama
PLANT-00872,styrax americanus,Arkansas
PLANT-00872,styrax americanus,Florida
PLANT-00872,styrax americanus,Georgia
PLANT-00872,styrax americanus,Illinois
PLANT-00872,styrax americanus,Indiana
PLANT-00872,styrax americanus,Kentucky
PLANT-00872,styrax americanus,Louisiana
PLANT-00872,styrax americanus,Mississippi
PLANT-00872,styrax americanus,Missouri
PLANT-00872,styrax americanus,North Carolina
PLANT-00872,styrax americanus,Ohio
PLANT-00872,styrax americanus,Oklahoma
PLANT-00872,styrax americanus,Pennsylvania
PLANT-00872,styrax americanus,South Carolina
PLANT-00872,styrax americanus,Tennessee
PLANT-00872,styrax americanus,Texas
PLANT-00872,styrax americanus,Virginia
PLANT-00873,swietenia mahagoni,Florida
PLANT-00874,symphoricarpos orbiculatus,Alabama
PLANT-00874,symphoricarpos orbiculatus,Arkansas
PLANT-00874,symphoricarpos orbiculatus,Connecticut
PLANT-00874,symphoricarpos orbiculatus,Delaware
PLANT-00874,symphoricarpos orbiculatus,Florida
PLANT-00874,symphoricarpos orbiculatus,Georgia
PLANT-00874,symphoricarpos orbiculatus,Illinois
PLANT-00874,symphoricarpos orbiculatus,Indiana
PLANT-00874,symphoricarpos orbiculatus,Iowa
PLANT-00874,symphoricarpos orbiculatus,Kansas
PLANT-00874,symphoricarpos orbiculatus,Kentucky
PLANT-00874,symphoricarpos orbiculatus,Louisiana
PLANT-00874,symphoricarpos orbiculatus,Maryland
PLANT-00874,symphoricarpos orbiculatus,Massachusetts
PLANT-00874,symphoricarpos orbiculatus,Michigan
PLANT-00874,symphoricarpos orbiculatus,Minnesota
PLANT-00874,symphoricarpos orbiculatus,Mississippi
PLANT-00874,symphoricarpos orbiculatus,Missouri
PLANT-00874,symphoricarpos orbiculatus,Nebraska
PLANT-00874,symphoricarpos orbiculatus,New Jersey
PLANT-00874,symphoricarpos orbiculatus,New York
PLANT-00874,symphoricarpos orbiculatus,North Carolina
PLANT-00874,symphoricarpos orbiculatus,Ohio
PLANT-00874,symphoricarpos orbiculatus,Oklahoma
PLANT-00874,symphoricarpos orbiculatus,Pennsylvania
PLANT-00874,symphoricarpos orbiculatus,Rhode Island
PLANT-00874,symphoricarpos orbiculatus,South Carolina
PLANT-00874,symphoricarpos orbiculatus,South Dakota
PLANT-00874,symphoricarpos orbiculatus,Tennessee
PLANT-00874,symphoricarpos orbiculatus,Texas
PLANT-00874,symphoricarpos orbiculatus,Utah
PLANT-00874,symphoricarpos orbiculatus,Vermont
PLANT-00874,symphoricarpos orbiculatus,Virginia
PLANT-00874,symphoricarpos orbiculatus,West Virginia
PLANT-00874,symphoricarpos orbiculatus,Wisconsin
PLANT-00875,symphyotrichum anomalum,Arkansas
PLANT-00875,symphyotrichum anomalum,Illinois
PLANT-00875,symphyotrichum anomalum,Kansas
PLANT-00875,symphyotrichum anomalum,Missouri
PLANT-00875,symphyotrichum anomalum,Oklahoma
PLANT-00876,symphyotrichum cordifolium,Alabama
PLANT-00876,symphyotrichum cordifolium,Arkansas
PLANT-00876,symphyotrichum cordifolium,Connecticut
PLANT-00876,symphyotrichum cordifolium,Delaware
PLANT-00876,symphyotrichum cordifolium,Florida
PLANT-00876,symphyotrichum cordifolium,Georgia
PLANT-00876,symphyotrichum cordifolium,Illinois
PLANT-00876,symphyotrichum cordifolium,Indiana
PLANT-00876,symphyotrichum cordifolium,Iowa
PLANT-00876,symphyotrichum cordifolium,Kansas
PLANT-00876,symphyotrichum cordifolium,Kentucky
PLANT-00876,symphyotrichum cordifolium,Maine
PLANT-00876,symphyotrichum cordifolium,Maryland
PLANT-00876,symphyotrichum cordifolium,Massachusetts
PLANT-00876,symphyotrichum cordifolium,Michigan
PLANT-00876,symphyotrichum cordifolium,Minnesota
PLANT-00876,symphyotrichum cordifolium,Mississippi
PLANT-00876,symphyotrichum cordifolium,Missouri
PLANT-00876,symphyotrichum cordifolium,Nebraska
PLANT-00876,symphyotrichum cordifolium,New Hampshire
PLANT-00876,symphyotrichum cordifolium,New Jersey
PLANT-00876,symphyotrichum cordifolium,New York
PLANT-00876,symphyotrichum cordifolium,North Carolina
PLANT-00876,symphyotrichum cordifolium,North Dakota
PLANT-00876,symphyotrichum cordifolium,Ohio
PLANT-00876,symphyotrichum cordifolium,Oklahoma
PLANT-00876,symphyotrichum cordifolium,Pennsylvania
PLANT-00876,symphyotrichum cordifolium,Rhode Island
PLANT-00876,symphyotrichum cordifolium,South Carolina
PLANT-00876,symphyotrichum cordifolium,South Dakota
PLANT-00876,symphyotrichum cordifolium,Tennessee
PLANT-00876,symphyotrichum cordifolium,Vermont
PLANT-00876,symphyotrichum cordifolium,Virginia
PLANT-00876,symphyotrichum cordifolium,West Virginia
PLANT-00876,symphyotrichum cordifolium,Wisconsin
PLANT-00877,symphyotrichum drummondii,Alabama
PLANT-00877,symphyotrichum drummondii,Arkansas
PLANT-00877,symphyotrichum drummondii,Georgia
PLANT-00877,symphyotrichum drummondii,Illinois
PLANT-00877,symphyotrichum drummondii,Indiana
PLANT-00877,symphyotrichum drummondii,Iowa
PLANT-00877,symphyotrichum drummondii,Kansas
PLANT-00877,symphyotrichum drummondii,Kentucky
PLANT-00877,symphyotrichum drummondii,Louisiana
PLANT-00877,symphyotrichum drummondii,Maryland
PLANT-00877,symphyotrichum drummondii,Michigan
PLANT-00877,symphyotrichum drummondii,Minnesota
PLANT-00877,symphyotrichum drummondii,Mississippi
PLANT-00877,symphyotrichum drummondii,Missouri
PLANT-00877,symphyotrichum drummondii,Nebraska
PLANT-00877,symphyotrichum drummondii,Ohio
PLANT-00877,symphyotrichum drummondii,Oklahoma
PLANT-00877,symphyotrichum drummondii,Pennsylvania
PLANT-00877,symphyotrichum drummondii,Tennessee
PLANT-00877,symphyotrichum drummondii,Texas
PLANT-00877,symphyotrichum drummondii,Vermont
PLANT-00877,symphyotrichum drummondii,West Virginia
PLANT-00877,symphyotrichum drummondii,Wisconsin
PLANT-00878,symphyotrichum ericoides,Alabama
PLANT-00878,symphyotrichum ericoides,Arizona
PLANT-00878,symphyotrichum ericoides,Arkansas
PLANT-00878,symphyotrichum ericoides,Colorado
PLANT-00878,symphyotrichum ericoides,Connecticut
PLANT-00878,symphyotrichum ericoides,Delaware
PLANT-00878,symphyotrichum ericoides,Georgia
PLANT-00878,symphyotrichum ericoides,Idaho
PLANT-00878,symphyotrichum ericoides,Illinois
PLANT-00878,symphyotrichum ericoides,Indiana
PLANT-00878,symphyotrichum ericoides,Iowa
PLANT-00878,symphyotrichum ericoides,Kansas
PLANT-00878,symphyotrichum ericoides,Maine
PLANT-00878,symphyotrichum ericoides,Maryland
PLANT-00878,symphyotrichum ericoides,Massachusetts
PLANT-00878,symphyotrichum ericoides,Michigan
PLANT-00878,symphyotrichum ericoides,Minnesota
PLANT-00878,symphyotrichum ericoides,Mississippi
PLANT-00878,symphyotrichum ericoides,Missouri
PLANT-00878,symphyotrichum ericoides,Montana
PLANT-00878,symphyotrichum ericoides,Nebraska
PLANT-00878,symphyotrichum ericoides,New Hampshire
PLANT-00878,symphyotrichum ericoides,New Jersey
PLANT-00878,symphyotrichum ericoides,New Mexico
PLANT-00878,symphyotrichum ericoides,New York
PLANT-00878,symphyotrichum ericoides,North Dakota
PLANT-00878,symphyotrichum ericoides,Ohio
PLANT-00878,symphyotrichum ericoides,Oklahoma
PLANT-00878,symphyotrichum ericoides,Oregon
PLANT-00878,symphyotrichum ericoides,Pennsylvania
PLANT-00878,symphyotrichum ericoides,Rhode Island
PLANT-00878,symphyotrichum ericoides,South Dakota
PLANT-00878,symphyotrichum ericoides,Tennessee
PLANT-00878,symphyotrichum ericoides,Texas
PLANT-00878,symphyotrichum ericoides,Utah
PLANT-00878,symphyotrichum ericoides,Vermont
PLANT-00878,symphyotrichum ericoides,Virginia
PLANT-00878,symphyotrichum ericoides,Washington
PLANT-00878,symphyotrichum ericoides,West Virginia
PLANT-00878,symphyotrichum ericoides,Wisconsin
PLANT-00878,symphyotrichum ericoides,Wyoming
PLANT-00879,symphyotrichum laeve,Alabama
PLANT-00879,symphyotrichum laeve,Arkansas
PLANT-00879,symphyotrichum laeve,Connecticut
PLANT-00879,symphyotrichum laeve,Delaware
PLANT-00879,symphyotrichum laeve,Georgia
PLANT-00879,symphyotrichum laeve,Illinois
PLANT-00879,symphyotrichum laeve,Indiana
PLANT-00879,symphyotrichum laeve,Iowa
PLANT-00879,symphyotrichum laeve,Kansas
PLANT-00879,symphyotrichum laeve,Kentucky
PLANT-00879,symphyotrichum laeve,Maine
PLANT-00879,symphyotrichum laeve,Maryland
PLANT-00879,symphyotrichum laeve,Massachusetts
PLANT-00879,symphyotrichum laeve,Michigan
PLANT-00879,symphyotrichum laeve,Minnesota
PLANT-00879,symphyotrichum laeve,Missouri
PLANT-00879,symphyotrichum laeve,Nebraska
PLANT-00879,symphyotrichum laeve,New Hampshire
PLANT-00879,symphyotrichum laeve,New Jersey
PLANT-00879,symphyotrichum laeve,New York
PLANT-00879,symphyotrichum laeve,North Carolina
PLANT-00879,symphyotrichum laeve,North Dakota
PLANT-00879,symphyotrichum laeve,Ohio
PLANT-00879,symphyotrichum laeve,Oklahoma
PLANT-00879,symphyotrichum laeve,Pennsylvania
PLANT-00879,symphyotrichum laeve,Rhode Island
PLANT-00879,symphyotrichum laeve,South Dakota
PLANT-00879,symphyotrichum laeve,Tennessee
PLANT-00879,symphyotrichum laeve,Vermont
PLANT-00879,symphyotrichum laeve,Virginia
PLANT-00879,symphyotrichum laeve,West Virginia
PLANT-00879,symphyotrichum laeve,Wisconsin
PLANT-00880,symphyotrichum lateriflorum,Alabama
PLANT-00880,symphyotrichum lateriflorum,Arkansas
PLANT-00880,symphyotrichum lateriflorum,Connecticut
PLANT-00880,symphyotrichum lateriflorum,Delaware
PLANT-00880,symphyotrichum lateriflorum,Florida
PLANT-00880,symphyotrichum lateriflorum,Georgia
PLANT-00880,symphyotrichum lateriflorum,Illinois
PLANT-00880,symphyotrichum lateriflorum,Indiana
PLANT-00880,symphyotrichum lateriflorum,Iowa
PLANT-00880,symphyotrichum lateriflorum,Kansas
PLANT-00880,symphyotrichum lateriflorum,Kentucky
PLANT-00880,symphyotrichum lateriflorum,Louisiana
PLANT-00880,symphyotrichum lateriflorum,Maine
PLANT-00880,symphyotrichum lateriflorum,Maryland
PLANT-00880,symphyotrichum lateriflorum,Massachusetts
PLANT-00880,symphyotrichum lateriflorum,Michigan
PLANT-00880,symphyotrichum lateriflorum,Minnesota
PLANT-00880,symphyotrichum lateriflorum,Mississippi
PLANT-00880,symphyotrichum lateriflorum,Missouri
PLANT-00880,symphyotrichum lateriflorum,Nebraska
PLANT-00880,symphyotrichum lateriflorum,New Hampshire
PLANT-00880,symphyotrichum lateriflorum,New Jersey
PLANT-00880,symphyotrichum lateriflorum,New York
PLANT-00880,symphyotrichum lateriflorum,North Carolina
PLANT-00880,symphyotrichum lateriflorum,Ohio
PLANT-00880,symphyotrichum lateriflorum,Oklahoma
PLANT-00880,symphyotrichum lateriflorum,Pennsylvania
PLANT-00880,symphyotrichum lateriflorum,Rhode Island
PLANT-00880,symphyotrichum lateriflorum,South Carolina
PLANT-00880,symphyotrichum lateriflorum,South Dakota
PLANT-00880,symphyotrichum lateriflorum,Tennessee
PLANT-00880,symphyotrichum lateriflorum,Texas
PLANT-00880,symphyotrichum lateriflorum,Vermont
PLANT-00880,symphyotrichum lateriflorum,Virginia
PLANT-00880,symphyotrichum lateriflorum,West Virginia
PLANT-00880,symphyotrichum lateriflorum,Wisconsin
PLANT-00881,symphyotrichum novae-angliae,Alabama
PLANT-00881,symphyotrichum novae-angliae,Arkansas
PLANT-00881,symphyotrichum novae-angliae,Colorado
PLANT-00881,symphyotrichum novae-angliae,Connecticut
PLANT-00881,symphyotrichum novae-angliae,Delaware
PLANT-00881,symphyotrichum novae-angliae,Georgia
PLANT-00881,symphyotrichum novae-angliae,Illinois
PLANT-00881,symphyotrichum novae-angliae,Indiana
PLANT-00881,symphyotrichum novae-angliae,Iowa
PLANT-00881,symphyotrichum novae-angliae,Kansas
PLANT-00881,symphyotrichum novae-angliae,Kentucky
PLANT-00881,symphyotrichum novae-angliae,Maine
PLANT-00881,symphyotrichum novae-angliae,Maryland
PLANT-00881,symphyotrichum novae-angliae,Massachusetts
PLANT-00881,symphyotrichum novae-angliae,Michigan
PLANT-00881,symphyotrichum novae-angliae,Minnesota
PLANT-00881,symphyotrichum novae-angliae,Mississippi
PLANT-00881,symphyotrichum novae-angliae,Missouri
PLANT-00881,symphyotrichum novae-angliae,Montana
PLANT-00881,symphyotrichum novae-angliae,Nebraska
PLANT-00881,symphyotrichum novae-angliae,New Hampshire
PLANT-00881,symphyotrichum novae-angliae,New Jersey
PLANT-00881,symphyotrichum novae-angliae,New Mexico
PLANT-00881,symphyotrichum novae-angliae,New York
PLANT-00881,symphyotrichum novae-angliae,North Carolina
PLANT-00881,symphyotrichum novae-angliae,North Dakota
PLANT-00881,symphyotrichum novae-angliae,Ohio
PLANT-00881,symphyotrichum novae-angliae,Oklahoma
PLANT-00881,symphyotrichum novae-angliae,Oregon
PLANT-00881,symphyotrichum novae-angliae,Pennsylvania
PLANT-00881,symphyotrichum novae-angliae,Rhode Island
PLANT-00881,symphyotrichum novae-angliae,South Carolina
PLANT-00881,symphyotrichum novae-angliae,South Dakota
PLANT-00881,symphyotrichum novae-angliae,Tennessee
PLANT-00881,symphyotrichum novae-angliae,Utah
PLANT-00881,symphyotrichum novae-angliae,Vermont
PLANT-00881,symphyotrichum novae-angliae,Virginia
PLANT-00881,symphyotrichum novae-angliae,Washington
PLANT-00881,symphyotrichum novae-angliae,West Virginia
PLANT-00881,symphyotrichum novae-angliae,Wisconsin
PLANT-00881,symphyotrichum novae-angliae,Wyoming
PLANT-00882,symphyotrichum oblongifolium,Alabama
PLANT-00882,symphyotrichum oblongifolium,Arkansas
PLANT-00882,symphyotrichum oblongifolium,Colorado
PLANT-00882,symphyotrichum oblongifolium,Illinois
PLANT-00882,symphyotrichum oblongifolium,Indiana
PLANT-00882,symphyotrichum oblongifolium,Iowa
PLANT-00882,symphyotrichum oblongifolium,Kansas
PLANT-00882,symphyotrichum oblongifolium,Kentucky
PLANT-00882,symphyotrichum oblongifolium,Maryland
PLANT-00882,symphyotrichum oblongifolium,Michigan
PLANT-00882,symphyotrichum oblongifolium,Minnesota
PLANT-00882,symphyotrichum oblongifolium,Mississippi
PLANT-00882,symphyotrichum oblongifolium,Missouri
PLANT-00882,symphyotrichum oblongifolium,Montana
PLANT-00882,symphyotrichum oblongifolium,Nebraska
PLANT-00882,symphyotrichum oblongifolium,New Mexico
PLANT-00882,symphyotrichum oblongifolium,North Carolina
PLANT-00882,symphyotrichum oblongifolium,North Dakota
PLANT-00882,symphyotrichum oblongifolium,Ohio
PLANT-00882,symphyotrichum oblongifolium,Oklahoma
PLANT-00882,symphyotrichum oblongifolium,Pennsylvania
PLANT-00882,symphyotrichum oblongifolium,South Dakota
PLANT-00882,symphyotrichum oblongifolium,Tennessee
PLANT-00882,symphyotrichum oblongifolium,Texas
PLANT-00882,symphyotrichum oblongifolium,Virginia
PLANT-00882,symphyotrichum oblongifolium,West Virginia
PLANT-00882,symphyotrichum oblongifolium,Wisconsin
PLANT-00882,symphyotrichum oblongifolium,Wyoming
PLANT-00883,symphyotrichum oolentangiense,Alabama
PLANT-00883,symphyotrichum oolentangiense,Arkansas
PLANT-00883,symphyotrichum oolentangiense,Delaware
PLANT-00883,symphyotrichum oolentangiense,Florida
PLANT-00883,symphyotrichum oolentangiense,Georgia
PLANT-00883,symphyotrichum oolentangiense,Illinois
PLANT-00883,symphyotrichum oolentangiense,Indiana
PLANT-00883,symphyotrichum oolentangiense,Iowa
PLANT-00883,symphyotrichum oolentangiense,Kansas
PLANT-00883,symphyotrichum oolentangiense,Kentucky
PLANT-00883,symphyotrichum oolentangiense,Louisiana
PLANT-00883,symphyotrichum oolentangiense,Maryland
PLANT-00883,symphyotrichum oolentangiense,Michigan
PLANT-00883,symphyotrichum oolentangiense,Minnesota
PLANT-00883,symphyotrichum oolentangiense,Mississippi
PLANT-00883,symphyotrichum oolentangiense,Missouri
PLANT-00883,symphyotrichum oolentangiense,Nebraska
PLANT-00883,symphyotrichum oolentangiense,New York
PLANT-00883,symphyotrichum oolentangiense,North Carolina
PLANT-00883,symphyotrichum oolentangiense,Ohio
PLANT-00883,symphyotrichum oolentangiense,Oklahoma
PLANT-00883,symphyotrichum oolentangiense,South Carolina
PLANT-00883,symphyotrichum oolentangiense,South Dakota
PLANT-00883,symphyotrichum oolentangiense,Tennessee
PLANT-00883,symphyotrichum oolentangiense,Texas
PLANT-00883,symphyotrichum oolentangiense,Virginia
PLANT-00883,symphyotrichum oolentangiense,Wisconsin
PLANT-00884,symphyotrichum patens,Alabama
PLANT-00884,symphyotrichum patens,Arkansas
PLANT-00884,symphyotrichum patens,Connecticut
PLANT-00884,symphyotrichum patens,Delaware
PLANT-00884,symphyotrichum patens,Florida
PLANT-00884,symphyotrichum patens,Georgia
PLANT-00884,symphyotrichum patens,Illinois
PLANT-00884,symphyotrichum patens,Indiana
PLANT-00884,symphyotrichum patens,Kansas
PLANT-00884,symphyotrichum patens,Kentucky
PLANT-00884,symphyotrichum patens,Louisiana
PLANT-00884,symphyotrichum patens,Maine
PLANT-00884,symphyotrichum patens,Maryland
PLANT-00884,symphyotrichum patens,Massachusetts
PLANT-00884,symphyotrichum patens,Michigan
PLANT-00884,symphyotrichum patens,Minnesota
PLANT-00884,symphyotrichum patens,Mississippi
PLANT-00884,symphyotrichum patens,Missouri
PLANT-00884,symphyotrichum patens,New Hampshire
PLANT-00884,symphyotrichum patens,New Jersey
PLANT-00884,symphyotrichum patens,New York
PLANT-00884,symphyotrichum patens,North Carolina
PLANT-00884,symphyotrichum patens,Ohio
PLANT-00884,symphyotrichum patens,Oklahoma
PLANT-00884,symphyotrichum patens,Pennsylvania
PLANT-00884,symphyotrichum patens,Rhode Island
PLANT-00884,symphyotrichum patens,South Carolina
PLANT-00884,symphyotrichum patens,Tennessee
PLANT-00884,symphyotrichum patens,Texas
PLANT-00884,symphyotrichum patens,Virginia
PLANT-00884,symphyotrichum patens,West Virginia
PLANT-00885,symphyotrichum pilosum,Alabama
PLANT-00885,symphyotrichum pilosum,Arkansas
PLANT-00885,symphyotrichum pilosum,Florida
PLANT-00885,symphyotrichum pilosum,Georgia
PLANT-00885,symphyotrichum pilosum,Illinois
PLANT-00885,symphyotrichum pilosum,Indiana
PLANT-00885,symphyotrichum pilosum,Iowa
PLANT-00885,symphyotrichum pilosum,Kansas
PLANT-00885,symphyotrichum pilosum,Kentucky
PLANT-00885,symphyotrichum pilosum,Maine
PLANT-00885,symphyotrichum pilosum,Massachusetts
PLANT-00885,symphyotrichum pilosum,Michigan
PLANT-00885,symphyotrichum pilosum,Minnesota
PLANT-00885,symphyotrichum pilosum,Mississippi
PLANT-00885,symphyotrichum pilosum,Missouri
PLANT-00885,symphyotrichum pilosum,Nebraska
PLANT-00885,symphyotrichum pilosum,New Hampshire
PLANT-00885,symphyotrichum pilosum,New Jersey
PLANT-00885,symphyotrichum pilosum,New York
PLANT-00885,symphyotrichum pilosum,North Carolina
PLANT-00885,symphyotrichum pilosum,Ohio
PLANT-00885,symphyotrichum pilosum,Oklahoma
PLANT-00885,symphyotrichum pilosum,Pennsylvania
PLANT-00885,symphyotrichum pilosum,South Carolina
PLANT-00885,symphyotrichum pilosum,South Dakota
PLANT-00885,symphyotrichum pilosum,Tennessee
PLANT-00885,symphyotrichum pilosum,Virginia
PLANT-00885,symphyotrichum pilosum,Wisconsin
PLANT-00886,symphyotrichum praealtum,Alabama
PLANT-00886,symphyotrichum praealtum,Arkansas
PLANT-00886,symphyotrichum praealtum,Connecticut
PLANT-00886,symphyotrichum praealtum,Delaware
PLANT-00886,symphyotrichum praealtum,Florida
PLANT-00886,symphyotrichum praealtum,Illinois
PLANT-00886,symphyotrichum praealtum,Indiana
PLANT-00886,symphyotrichum praealtum,Iowa
PLANT-00886,symphyotrichum praealtum,Kansas
PLANT-00886,symphyotrichum praealtum,Kentucky
PLANT-00886,symphyotrichum praealtum,Louisiana
PLANT-00886,symphyotrichum praealtum,Maine
PLANT-00886,symphyotrichum praealtum,Maryland
PLANT-00886,symphyotrichum praealtum,Massachusetts
PLANT-00886,symphyotrichum praealtum,Michigan
PLANT-00886,symphyotrichum praealtum,Mississippi
PLANT-00886,symphyotrichum praealtum,Missouri
PLANT-00886,symphyotrichum praealtum,Nebraska
PLANT-00886,symphyotrichum praealtum,New Hampshire
PLANT-00886,symphyotrichum praealtum,New Jersey
PLANT-00886,symphyotrichum praealtum,New York
PLANT-00886,symphyotrichum praealtum,Ohio
PLANT-00886,symphyotrichum praealtum,Oklahoma
PLANT-00886,symphyotrichum praealtum,Pennsylvania
PLANT-00886,symphyotrichum praealtum,Rhode Island
PLANT-00886,symphyotrichum praealtum,South Dakota
PLANT-00886,symphyotrichum praealtum,Tennessee
PLANT-00886,symphyotrichum praealtum,Texas
PLANT-00886,symphyotrichum praealtum,Virginia
PLANT-00886,symphyotrichum praealtum,West Virginia
PLANT-00886,symphyotrichum praealtum,Wisconsin
PLANT-00887,symphyotrichum puniceum,Alabama
PLANT-00887,symphyotrichum puniceum,Connecticut
PLANT-00887,symphyotrichum puniceum,Delaware
PLANT-00887,symphyotrichum puniceum,Georgia
PLANT-00887,symphyotrichum puniceum,Illinois
PLANT-00887,symphyotrichum puniceum,Indiana
PLANT-00887,symphyotrichum puniceum,Iowa
PLANT-00887,symphyotrichum puniceum,Maine
PLANT-00887,symphyotrichum puniceum,Maryland
PLANT-00887,symphyotrichum puniceum,Michigan
PLANT-00887,symphyotrichum puniceum,Minnesota
PLANT-00887,symphyotrichum puniceum,Missouri
PLANT-00887,symphyotrichum puniceum,New Hampshire
PLANT-00887,symphyotrichum puniceum,New Jersey
PLANT-00887,symphyotrichum puniceum,New York
PLANT-00887,symphyotrichum puniceum,North Carolina
PLANT-00887,symphyotrichum puniceum,North Dakota
PLANT-00887,symphyotrichum puniceum,Ohio
PLANT-00887,symphyotrichum puniceum,Pennsylvania
PLANT-00887,symphyotrichum puniceum,Rhode Island
PLANT-00887,symphyotrichum puniceum,South Carolina
PLANT-00887,symphyotrichum puniceum,South Dakota
PLANT-00887,symphyotrichum puniceum,Tennessee
PLANT-00887,symphyotrichum puniceum,Vermont
PLANT-00887,symphyotrichum puniceum,Virginia
PLANT-00887,symphyotrichum puniceum,West Virginia
PLANT-00887,symphyotrichum puniceum,Wisconsin
PLANT-00888,symphyotrichum sericeum,Arkansas
PLANT-00888,symphyotrichum sericeum,Illinois
PLANT-00888,symphyotrichum sericeum,Indiana
PLANT-00888,symphyotrichum sericeum,Iowa
PLANT-00888,symphyotrichum sericeum,Kansas
PLANT-00888,symphyotrichum sericeum,Michigan
PLANT-00888,symphyotrichum sericeum,Minnesota
PLANT-00888,symphyotrichum sericeum,Missouri
PLANT-00888,symphyotrichum sericeum,Nebraska
PLANT-00888,symphyotrichum sericeum,New Mexico
PLANT-00888,symphyotrichum sericeum,North Dakota
PLANT-00888,symphyotrichum sericeum,Ohio
PLANT-00888,symphyotrichum sericeum,Oklahoma
PLANT-00888,symphyotrichum sericeum,South Dakota
PLANT-00888,symphyotrichum sericeum,Texas
PLANT-00888,symphyotrichum sericeum,Wisconsin
PLANT-00889,symphyotrichum turbinellum,Arkansas
PLANT-00889,symphyotrichum turbinellum,Illinois
PLANT-00889,symphyotrichum turbinellum,Iowa
PLANT-00889,symphyotrichum turbinellum,Kansas
PLANT-00889,symphyotrichum turbinellum,Louisiana
PLANT-00889,symphyotrichum turbinellum,Missouri
PLANT-00889,symphyotrichum turbinellum,Nebraska
PLANT-00889,symphyotrichum turbinellum,Oklahoma
PLANT-00890,symplocarpus foetidus,Connecticut
PLANT-00890,symplocarpus foetidus,Delaware
PLANT-00890,symplocarpus foetidus,Illinois
PLANT-00890,symplocarpus foetidus,Indiana
PLANT-00890,symplocarpus foetidus,Iowa
PLANT-00890,symplocarpus foetidus,Maine
PLANT-00890,symplocarpus foetidus,Maryland
PLANT-00890,symplocarpus foetidus,Massachusetts
PLANT-00890,symplocarpus foetidus,Michigan
PLANT-00890,symplocarpus foetidus,Minnesota
PLANT-00890,symplocarpus foetidus,New Hampshire
PLANT-00890,symplocarpus foetidus,New Jersey
PLANT-00890,symplocarpus foetidus,New York
PLANT-00890,symplocarpus foetidus,North Carolina
PLANT-00890,symplocarpus foetidus,Ohio
PLANT-00890,symplocarpus foetidus,Pennsylvania
PLANT-00890,symplocarpus foetidus,Rhode Island
PLANT-00890,symplocarpus foetidus,Tennessee
PLANT-00890,symplocarpus foetidus,Vermont
PLANT-00890,symplocarpus foetidus,Virginia
PLANT-00890,symplocarpus foetidus,West Virginia
PLANT-00890,symplocarpus foetidus,Wisconsin
PLANT-00891,taenidia integerrima,Alabama
PLANT-00891,taenidia integerrima,Arkansas
PLANT-00891,taenidia integerrima,Connecticut
PLANT-00891,taenidia integerrima,Delaware
PLANT-00891,taenidia integerrima,Georgia
PLANT-00891,taenidia integerrima,Illinois
PLANT-00891,taenidia integerrima,Indiana
PLANT-00891,taenidia integerrima,Iowa
PLANT-00891,taenidia integerrima,Kansas
PLANT-00891,taenidia integerrima,Kentucky
PLANT-00891,taenidia integerrima,Louisiana
PLANT-00891,taenidia integerrima,Maryland
PLANT-00891,taenidia integerrima,Michigan
PLANT-00891,taenidia integerrima,Minnesota
PLANT-00891,taenidia integerrima,Mississippi
PLANT-00891,taenidia integerrima,Missouri
PLANT-00891,taenidia integerrima,New Jersey
PLANT-00891,taenidia integerrima,New York
PLANT-00891,taenidia integerrima,North Carolina
PLANT-00891,taenidia integerrima,Ohio
PLANT-00891,taenidia integerrima,Oklahoma
PLANT-00891,taenidia integerrima,Pennsylvania
PLANT-00891,taenidia integerrima,Rhode Island
PLANT-00891,taenidia integerrima,South Carolina
PLANT-00891,taenidia integerrima,South Dakota
PLANT-00891,taenidia integerrima,Tennessee
PLANT-00891,taenidia integerrima,Texas
PLANT-00891,taenidia integerrima,Vermont
PLANT-00891,taenidia integerrima,Virginia
PLANT-00891,taenidia integerrima,West Virginia
PLANT-00891,taenidia integerrima,Wisconsin
PLANT-00892,taxodium distichum var. distichum,Alabama
PLANT-00892,taxodium distichum var. distichum,Arkansas
PLANT-00892,taxodium distichum var. distichum,Delaware
PLANT-00892,taxodium distichum var. distichum,Florida
PLANT-00892,taxodium distichum var. distichum,Georgia
PLANT-00892,taxodium distichum var. distichum,Illinois
PLANT-00892,taxodium distichum var. distichum,Indiana
PLANT-00892,taxodium distichum var. distichum,Kentucky
PLANT-00892,taxodium distichum var. distichum,Louisiana
PLANT-00892,taxodium distichum var. distichum,Maryland
PLANT-00892,taxodium distichum var. distichum,Mississippi
PLANT-00892,taxodium distichum var. distichum,Missouri
PLANT-00892,taxodium distichum var. distichum,North Carolina
PLANT-00892,taxodium distichum var. distichum,Oklahoma
PLANT-00892,taxodium distichum var. distichum,South Carolina
PLANT-00892,taxodium distichum var. distichum,Tennessee
PLANT-00892,taxodium distichum var. distichum,Texas
PLANT-00892,taxodium distichum var. distichum,Virginia
PLANT-00893,taxodium distichum var. imbricarium,Alabama
PLANT-00893,taxodium distichum var. imbricarium,Florida
PLANT-00893,taxodium distichum var. imbricarium,Georgia
PLANT-00893,taxodium distichum var. imbricarium,Louisiana
PLANT-00893,taxodium distichum var. imbricarium,Mississippi
PLANT-00893,taxodium distichum var. imbricarium,North Carolina
PLANT-00893,taxodium distichum var. imbricarium,South Carolina
PLANT-00893,taxodium distichum var. imbricarium,Texas
PLANT-00893,taxodium distichum var. imbricarium,Virginia
PLANT-00894,taxus baccata,Georgia
PLANT-00895,taxus floridana,Florida
PLANT-00896,tecoma stans,Arizona
PLANT-00896,tecoma stans,Florida
PLANT-00896,tecoma stans,New Mexico
PLANT-00896,tecoma stans,Texas
PLANT-00897,tellima grandiflora,Alaska
PLANT-00897,tellima grandiflora,California
PLANT-00897,tellima grandiflora,Idaho
PLANT-00897,tellima grandiflora,Montana
PLANT-00897,tellima grandiflora,Oregon
PLANT-00897,tellima grandiflora,Washington
PLANT-00898,tephrosia virginiana,Alabama
PLANT-00898,tephrosia virginiana,Arkansas
PLANT-00898,tephrosia virginiana,Connecticut
PLANT-00898,tephrosia virginiana,Delaware
PLANT-00898,tephrosia virginiana,Florida
PLANT-00898,tephrosia virginiana,Georgia
PLANT-00898,tephrosia virginiana,Illinois
PLANT-00898,tephrosia virginiana,Indiana
PLANT-00898,tephrosia virginiana,Iowa
PLANT-00898,tephrosia virginiana,Kansas
PLANT-00898,tephrosia virginiana,Kentucky
PLANT-00898,tephrosia virginiana,Louisiana
PLANT-00898,tephrosia virginiana,Maryland
PLANT-00898,tephrosia virginiana,Massachusetts
PLANT-00898,tephrosia virginiana,Michigan
PLANT-00898,tephrosia virginiana,Minnesota
PLANT-00898,tephrosia virginiana,Mississippi
PLANT-00898,tephrosia virginiana,Missouri
PLANT-00898,tephrosia virginiana,Nebraska
PLANT-00898,tephrosia virginiana,New Hampshire
PLANT-00898,tephrosia virginiana,New Jersey
PLANT-00898,tephrosia virginiana,New York
PLANT-00898,tephrosia virginiana,North Carolina
PLANT-00898,tephrosia virginiana,Ohio
PLANT-00898,tephrosia virginiana,Oklahoma
PLANT-00898,tephrosia virginiana,Pennsylvania
PLANT-00898,tephrosia virginiana,Rhode Island
PLANT-00898,tephrosia virginiana,South Carolina
PLANT-00898,tephrosia virginiana,Tennessee
PLANT-00898,tephrosia virginiana,Texas
PLANT-00898,tephrosia virginiana,Virginia
PLANT-00898,tephrosia virginiana,West Virginia
PLANT-00898,tephrosia virginiana,Wisconsin
PLANT-00899,terminalia catappa,Hawaii
PLANT-00900,teucrium canadense,Alabama
PLANT-00900,teucrium canadense,Arizona
PLANT-00900,teucrium canadense,Arkansas
PLANT-00900,teucrium canadense,Colorado
PLANT-00900,teucrium canadense,Connecticut
PLANT-00900,teucrium canadense,Florida
PLANT-00900,teucrium canadense,Georgia
PLANT-00900,teucrium canadense,Illinois
PLANT-00900,teucrium canadense,Iowa
PLANT-00900,teucrium canadense,Kansas
PLANT-00900,teucrium canadense,Maine
PLANT-00900,teucrium canadense,Massachusetts
PLANT-00900,teucrium canadense,Minnesota
PLANT-00900,teucrium canadense,Mississippi
PLANT-00900,teucrium canadense,Missouri
PLANT-00900,teucrium canadense,Montana
PLANT-00900,teucrium canadense,Nebraska
PLANT-00900,teucrium canadense,New Hampshire
PLANT-00900,teucrium canadense,New Jersey
PLANT-00900,teucrium canadense,New Mexico
PLANT-00900,teucrium canadense,New York
PLANT-00900,teucrium canadense,North Dakota
PLANT-00900,teucrium canadense,Ohio
PLANT-00900,teucrium canadense,Oklahoma
PLANT-00900,teucrium canadense,Oregon
PLANT-00900,teucrium canadense,Pennsylvania
PLANT-00900,teucrium canadense,Rhode Island
PLANT-00900,teucrium canadense,South Dakota
PLANT-00900,teucrium canadense,Tennessee
PLANT-00900,teucrium canadense,Texas
PLANT-00900,teucrium canadense,Vermont
PLANT-00900,teucrium canadense,Virginia
PLANT-00900,teucrium canadense,Washington
PLANT-00900,teucrium canadense,Wyoming
PLANT-00901,thalia dealbata,Alabama
PLANT-00901,thalia dealbata,Arkansas
PLANT-00901,thalia dealbata,Georgia
PLANT-00901,thalia dealbata,Illinois
PLANT-00901,thalia dealbata,Louisiana
PLANT-00901,thalia dealbata,Mississippi
PLANT-00901,thalia dealbata,Missouri
PLANT-00901,thalia dealbata,Oklahoma
PLANT-00901,thalia dealbata,South Carolina
PLANT-00901,thalia dealbata,Texas
PLANT-00902,thalictrum dasycarpum,Alabama
PLANT-00902,thalictrum dasycarpum,Arizona
PLANT-00902,thalictrum dasycarpum,Arkansas
PLANT-00902,thalictrum dasycarpum,Colorado
PLANT-00902,thalictrum dasycarpum,Idaho
PLANT-00902,thalictrum dasycarpum,Illinois
PLANT-00902,thalictrum dasycarpum,Indiana
PLANT-00902,thalictrum dasycarpum,Iowa
PLANT-00902,thalictrum dasycarpum,Kansas
PLANT-00902,thalictrum dasycarpum,Kentucky
PLANT-00902,thalictrum dasycarpum,Louisiana
PLANT-00902,thalictrum dasycarpum,Michigan
PLANT-00902,thalictrum dasycarpum,Minnesota
PLANT-00902,thalictrum dasycarpum,Mississippi
PLANT-00902,thalictrum dasycarpum,Missouri
PLANT-00902,thalictrum dasycarpum,Montana
PLANT-00902,thalictrum dasycarpum,Nebraska
PLANT-00902,thalictrum dasycarpum,New Mexico
PLANT-00902,thalictrum dasycarpum,New York
PLANT-00902,thalictrum dasycarpum,North Dakota
PLANT-00902,thalictrum dasycarpum,Ohio
PLANT-00902,thalictrum dasycarpum,Oklahoma
PLANT-00902,thalictrum dasycarpum,Pennsylvania
PLANT-00902,thalictrum dasycarpum,South Dakota
PLANT-00902,thalictrum dasycarpum,Tennessee
PLANT-00902,thalictrum dasycarpum,Texas
PLANT-00902,thalictrum dasycarpum,Utah
PLANT-00902,thalictrum dasycarpum,Washington
PLANT-00902,thalictrum dasycarpum,Wisconsin
PLANT-00902,thalictrum dasycarpum,Wyoming
PLANT-00903,thalictrum dioicum,Alabama
PLANT-00903,thalictrum dioicum,Arkansas
PLANT-00903,thalictrum dioicum,Connecticut
PLANT-00903,thalictrum dioicum,Delaware
PLANT-00903,thalictrum dioicum,Georgia
PLANT-00903,thalictrum dioicum,Illinois
PLANT-00903,thalictrum dioicum,Indiana
PLANT-00903,thalictrum dioicum,Iowa
PLANT-00903,thalictrum dioicum,Kansas
PLANT-00903,thalictrum dioicum,Kentucky
PLANT-00903,thalictrum dioicum,Maine
PLANT-00903,thalictrum dioicum,Maryland
PLANT-00903,thalictrum dioicum,Massachusetts
PLANT-00903,thalictrum dioicum,Michigan
PLANT-00903,thalictrum dioicum,Minnesota
PLANT-00903,thalictrum dioicum,Mississippi
PLANT-00903,thalictrum dioicum,Missouri
PLANT-00903,thalictrum dioicum,Nebraska
PLANT-00903,thalictrum dioicum,New Hampshire
PLANT-00903,thalictrum dioicum,New Jersey
PLANT-00903,thalictrum dioicum,New York
PLANT-00903,thalictrum dioicum,North Carolina
PLANT-00903,thalictrum dioicum,North Dakota
PLANT-00903,thalictrum dioicum,Ohio
PLANT-00903,thalictrum dioicum,Pennsylvania
PLANT-00903,thalictrum dioicum,Rhode Island
PLANT-00903,thalictrum dioicum,South Carolina
PLANT-00903,thalictrum dioicum,South Dakota
PLANT-00903,thalictrum dioicum,Tennessee
PLANT-00903,thalictrum dioicum,Vermont
PLANT-00903,thalictrum dioicum,Virginia
PLANT-00903,thalictrum dioicum,West Virginia
PLANT-00903,thalictrum dioicum,Wisconsin
PLANT-00904,thalictrum pubescens,Alabama
PLANT-00904,thalictrum pubescens,Connecticut
PLANT-00904,thalictrum pubescens,Delaware
PLANT-00904,thalictrum pubescens,Georgia
PLANT-00904,thalictrum pubescens,Illinois
PLANT-00904,thalictrum pubescens,Indiana
PLANT-00904,thalictrum pubescens,Kentucky
PLANT-00904,thalictrum pubescens,Maine
PLANT-00904,thalictrum pubescens,Maryland
PLANT-00904,thalictrum pubescens,Massachusetts
PLANT-00904,thalictrum pubescens,Michigan
PLANT-00904,thalictrum pubescens,Mississippi
PLANT-00904,thalictrum pubescens,New Hampshire
PLANT-00904,thalictrum pubescens,New Jersey
PLANT-00904,thalictrum pubescens,New York
PLANT-00904,thalictrum pubescens,North Carolina
PLANT-00904,thalictrum pubescens,Ohio
PLANT-00904,thalictrum pubescens,Pennsylvania
PLANT-00904,thalictrum pubescens,Rhode Island
PLANT-00904,thalictrum pubescens,South Carolina
PLANT-00904,thalictrum pubescens,Tennessee
PLANT-00904,thalictrum pubescens,Vermont
PLANT-00904,thalictrum pubescens,Virginia
PLANT-00904,thalictrum pubescens,West Virginia
PLANT-00905,thalictrum thalictroides,Alabama
PLANT-00905,thalictrum thalictroides,Arkansas
PLANT-00905,thalictrum thalictroides,Connecticut
PLANT-00905,thalictrum thalictroides,Delaware
PLANT-00905,thalictrum thalictroides,Florida
PLANT-00905,thalictrum thalictroides,Georgia
PLANT-00905,thalictrum thalictroides,Illinois
PLANT-00905,thalictrum thalictroides,Indiana
PLANT-00905,thalictrum thalictroides,Iowa
PLANT-00905,thalictrum thalictroides,Kansas
PLANT-00905,thalictrum thalictroides,Kentucky
PLANT-00905,thalictrum thalictroides,Maine
PLANT-00905,thalictrum thalictroides,Maryland
PLANT-00905,thalictrum thalictroides,Massachusetts
PLANT-00905,thalictrum thalictroides,Michigan
PLANT-00905,thalictrum thalictroides,Minnesota
PLANT-00905,thalictrum thalictroides,Mississippi
PLANT-00905,thalictrum thalictroides,Missouri
PLANT-00905,thalictrum thalictroides,New Hampshire
PLANT-00905,thalictrum thalictroides,New Jersey
PLANT-00905,thalictrum thalictroides,New York
PLANT-00905,thalictrum thalictroides,North Carolina
PLANT-00905,thalictrum thalictroides,Ohio
PLANT-00905,thalictrum thalictroides,Oklahoma
PLANT-00905,thalictrum thalictroides,Pennsylvania
PLANT-00905,thalictrum thalictroides,Rhode Island
PLANT-00905,thalictrum thalictroides,South Carolina
PLANT-00905,thalictrum thalictroides,Tennessee
PLANT-00905,thalictrum thalictroides,Texas
PLANT-00905,thalictrum thalictroides,Vermont
PLANT-00905,thalictrum thalictroides,Virginia
PLANT-00905,thalictrum thalictroides,West Virginia
PLANT-00905,thalictrum thalictroides,Wisconsin
PLANT-00906,thaspium trifoliatum,Alabama
PLANT-00906,thaspium trifoliatum,Arkansas
PLANT-00906,thaspium trifoliatum,Florida
PLANT-00906,thaspium trifoliatum,Georgia
PLANT-00906,thaspium trifoliatum,Illinois
PLANT-00906,thaspium trifoliatum,Kansas
PLANT-00906,thaspium trifoliatum,Kentucky
PLANT-00906,thaspium trifoliatum,Louisiana
PLANT-00906,thaspium trifoliatum,Mississippi
PLANT-00906,thaspium trifoliatum,Missouri
PLANT-00906,thaspium trifoliatum,New Jersey
PLANT-00906,thaspium trifoliatum,North Carolina
PLANT-00906,thaspium trifoliatum,Ohio
PLANT-00906,thaspium trifoliatum,Pennsylvania
PLANT-00906,thaspium trifoliatum,Rhode Island
PLANT-00906,thaspium trifoliatum,South Carolina
PLANT-00906,thaspium trifoliatum,Tennessee
PLANT-00906,thaspium trifoliatum,Virginia
PLANT-00906,thaspium trifoliatum,West Virginia
PLANT-00907,thermopsis villosa,Alabama
PLANT-00907,thermopsis villosa,Georgia
PLANT-00907,thermopsis villosa,Kentucky
PLANT-00907,thermopsis villosa,Maryland
PLANT-00907,thermopsis villosa,North Carolina
PLANT-00907,thermopsis villosa,Tennessee
PLANT-00907,thermopsis villosa,Virginia
PLANT-00908,thuja occidentalis,Connecticut
PLANT-00908,thuja occidentalis,Illinois
PLANT-00908,thuja occidentalis,Indiana
PLANT-00908,thuja occidentalis,Iowa
PLANT-00908,thuja occidentalis,Kentucky
PLANT-00908,thuja occidentalis,Maine
PLANT-00908,thuja occidentalis,Maryland
PLANT-00908,thuja occidentalis,Michigan
PLANT-00908,thuja occidentalis,Minnesota
PLANT-00908,thuja occidentalis,New Hampshire
PLANT-00908,thuja occidentalis,New Jersey
PLANT-00908,thuja occidentalis,New York
PLANT-00908,thuja occidentalis,North Carolina
PLANT-00908,thuja occidentalis,Ohio
PLANT-00908,thuja occidentalis,Pennsylvania
PLANT-00908,thuja occidentalis,Rhode Island
PLANT-00908,thuja occidentalis,South Carolina
PLANT-00908,thuja occidentalis,Tennessee
PLANT-00908,thuja occidentalis,Vermont
PLANT-00908,thuja occidentalis,Virginia
PLANT-00908,thuja occidentalis,West Virginia
PLANT-00908,thuja occidentalis,Wisconsin
PLANT-00909,thuja plicata,Alaska
PLANT-00909,thuja plicata,California
PLANT-00909,thuja plicata,Idaho
PLANT-00909,thuja plicata,Montana
PLANT-00909,thuja plicata,Washington
PLANT-00910,tiarella cordifolia,Alabama
PLANT-00910,tiarella cordifolia,Connecticut
PLANT-00910,tiarella cordifolia,Georgia
PLANT-00910,tiarella cordifolia,Kentucky
PLANT-00910,tiarella cordifolia,Maine
PLANT-00910,tiarella cordifolia,Maryland
PLANT-00910,tiarella cordifolia,Massachusetts
PLANT-00910,tiarella cordifolia,Michigan
PLANT-00910,tiarella cordifolia,Minnesota
PLANT-00910,tiarella cordifolia,Mississippi
PLANT-00910,tiarella cordifolia,New Hampshire
PLANT-00910,tiarella cordifolia,New Jersey
PLANT-00910,tiarella cordifolia,New York
PLANT-00910,tiarella cordifolia,North Carolina
PLANT-00910,tiarella cordifolia,Ohio
PLANT-00910,tiarella cordifolia,Pennsylvania
PLANT-00910,tiarella cordifolia,Rhode Island
PLANT-00910,tiarella cordifolia,South Carolina
PLANT-00910,tiarella cordifolia,Tennessee
PLANT-00910,tiarella cordifolia,Vermont
PLANT-00910,tiarella cordifolia,Virginia
PLANT-00910,tiarella cordifolia,Wisconsin
PLANT-00911,tilia americana,Alabama
PLANT-00911,tilia americana,Arkansas
PLANT-00911,tilia americana,Connecticut
PLANT-00911,tilia americana,Delaware
PLANT-00911,tilia americana,Florida
PLANT-00911,tilia americana,Georgia
PLANT-00911,tilia americana,Illinois
PLANT-00911,tilia americana,Indiana
PLANT-00911,tilia americana,Iowa
PLANT-00911,tilia americana,Kansas
PLANT-00911,tilia americana,Kentucky
PLANT-00911,tilia americana,Louisiana
PLANT-00911,tilia americana,Maine
PLANT-00911,tilia americana,Maryland
PLANT-00911,tilia americana,Massachusetts
PLANT-00911,tilia americana,Michigan
PLANT-00911,tilia americana,Minnesota
PLANT-00911,tilia americana,Mississippi
PLANT-00911,tilia americana,Missouri
PLANT-00911,tilia americana,Nebraska
PLANT-00911,tilia americana,New Hampshire
PLANT-00911,tilia americana,New Jersey
PLANT-00911,tilia americana,New York
PLANT-00911,tilia americana,North Carolina
PLANT-00911,tilia americana,North Dakota
PLANT-00911,tilia americana,Ohio
PLANT-00911,tilia americana,Oklahoma
PLANT-00911,tilia americana,Pennsylvania
PLANT-00911,tilia americana,Rhode Island
PLANT-00911,tilia americana,South Carolina
PLANT-00911,tilia americana,South Dakota
PLANT-00911,tilia americana,Tennessee
PLANT-00911,tilia americana,Texas
PLANT-00911,tilia americana,Vermont
PLANT-00911,tilia americana,Virginia
PLANT-00911,tilia americana,West Virginia
PLANT-00911,tilia americana,Wisconsin
PLANT-00912,tilia americana var. heterophylla,Alabama
PLANT-00912,tilia americana var. heterophylla,Arkansas
PLANT-00912,tilia americana var. heterophylla,Florida
PLANT-00912,tilia americana var. heterophylla,Georgia
PLANT-00912,tilia americana var. heterophylla,Illinois
PLANT-00912,tilia americana var. heterophylla,Indiana
PLANT-00912,tilia americana var. heterophylla,Iowa
PLANT-00912,tilia americana var. heterophylla,Kentucky
PLANT-00912,tilia americana var. heterophylla,Louisiana
PLANT-00912,tilia americana var. heterophylla,Maine
PLANT-00912,tilia americana var. heterophylla,Maryland
PLANT-00912,tilia americana var. heterophylla,Massachusetts
PLANT-00912,tilia americana var. heterophylla,Mississippi
PLANT-00912,tilia americana var. heterophylla,Missouri
PLANT-00912,tilia americana var. heterophylla,New Jersey
PLANT-00912,tilia americana var. heterophylla,New York
PLANT-00912,tilia americana var. heterophylla,North Carolina
PLANT-00912,tilia americana var. heterophylla,Ohio
PLANT-00912,tilia americana var. heterophylla,Pennsylvania
PLANT-00912,tilia americana var. heterophylla,South Carolina
PLANT-00912,tilia americana var. heterophylla,Tennessee
PLANT-00912,tilia americana var. heterophylla,Virginia
PLANT-00912,tilia americana var. heterophylla,West Virginia
PLANT-00913,tilia cordata,Maine
PLANT-00913,tilia cordata,Maryland
PLANT-00913,tilia cordata,Wisconsin
PLANT-00914,tillandsia usneoides,Alabama
PLANT-00914,tillandsia usneoides,Arkansas
PLANT-00914,tillandsia usneoides,Florida
PLANT-00914,tillandsia usneoides,Georgia
PLANT-00914,tillandsia usneoides,Louisiana
PLANT-00914,tillandsia usneoides,Mississippi
PLANT-00914,tillandsia usneoides,North Carolina
PLANT-00914,tillandsia usneoides,South Carolina
PLANT-00914,tillandsia usneoides,Texas
PLANT-00914,tillandsia usneoides,Virginia
PLANT-00915,toona ciliata,Hawaii
PLANT-00916,torreya taxifolia,Florida
PLANT-00916,torreya taxifolia,Georgia
PLANT-00917,toxicodendron diversilobum,California
PLANT-00917,toxicodendron diversilobum,Nevada
PLANT-00917,toxicodendron diversilobum,Oregon
PLANT-00917,toxicodendron diversilobum,Washington
PLANT-00918,toxicodendron radicans,Alabama
PLANT-00918,toxicodendron radicans,Arkansas
PLANT-00918,toxicodendron radicans,Connecticut
PLANT-00918,toxicodendron radicans,Delaware
PLANT-00918,toxicodendron radicans,Florida
PLANT-00918,toxicodendron radicans,Georgia
PLANT-00918,toxicodendron radicans,Illinois
PLANT-00918,toxicodendron radicans,Indiana
PLANT-00918,toxicodendron radicans,Kentucky
PLANT-00918,toxicodendron radicans,Louisiana
PLANT-00918,toxicodendron radicans,Maine
PLANT-00918,toxicodendron radicans,Maryland
PLANT-00918,toxicodendron radicans,Massachusetts
PLANT-00918,toxicodendron radicans,Mississippi
PLANT-00918,toxicodendron radicans,Missouri
PLANT-00918,toxicodendron radicans,New Hampshire
PLANT-00918,toxicodendron radicans,New Jersey
PLANT-00918,toxicodendron radicans,New York
PLANT-00918,toxicodendron radicans,North Carolina
PLANT-00918,toxicodendron radicans,Oklahoma
PLANT-00918,toxicodendron radicans,Pennsylvania
PLANT-00918,toxicodendron radicans,Rhode Island
PLANT-00918,toxicodendron radicans,South Carolina
PLANT-00918,toxicodendron radicans,Tennessee
PLANT-00918,toxicodendron radicans,Texas
PLANT-00918,toxicodendron radicans,Vermont
PLANT-00918,toxicodendron radicans,Virginia
PLANT-00918,toxicodendron radicans,West Virginia
PLANT-00919,tradescantia bracteata,Arkansas
PLANT-00919,tradescantia bracteata,Illinois
PLANT-00919,tradescantia bracteata,Indiana
PLANT-00919,tradescantia bracteata,Iowa
PLANT-00919,tradescantia bracteata,Kansas
PLANT-00919,tradescantia bracteata,Michigan
PLANT-00919,tradescantia bracteata,Minnesota
PLANT-00919,tradescantia bracteata,Missouri
PLANT-00919,tradescantia bracteata,Montana
PLANT-00919,tradescantia bracteata,Nebraska
PLANT-00919,tradescantia bracteata,North Dakota
PLANT-00919,tradescantia bracteata,Oklahoma
PLANT-00919,tradescantia bracteata,South Dakota
PLANT-00919,tradescantia bracteata,Wisconsin
PLANT-00919,tradescantia bracteata,Wyoming
PLANT-00920,tradescantia ernestiana,Alabama
PLANT-00920,tradescantia ernestiana,Arkansas
PLANT-00920,tradescantia ernestiana,Mississippi
PLANT-00920,tradescantia ernestiana,Missouri
PLANT-00920,tradescantia ernestiana,Oklahoma
PLANT-00921,tradescantia longipes,Arkansas
PLANT-00921,tradescantia longipes,Missouri
PLANT-00922,tradescantia ohiensis,Alabama
PLANT-00922,tradescantia ohiensis,Arkansas
PLANT-00922,tradescantia ohiensis,Connecticut
PLANT-00922,tradescantia ohiensis,Florida
PLANT-00922,tradescantia ohiensis,Georgia
PLANT-00922,tradescantia ohiensis,Illinois
PLANT-00922,tradescantia ohiensis,Indiana
PLANT-00922,tradescantia ohiensis,Iowa
PLANT-00922,tradescantia ohiensis,Kansas
PLANT-00922,tradescantia ohiensis,Kentucky
PLANT-00922,tradescantia ohiensis,Louisiana
PLANT-00922,tradescantia ohiensis,Maryland
PLANT-00922,tradescantia ohiensis,Massachusetts
PLANT-00922,tradescantia ohiensis,Michigan
PLANT-00922,tradescantia ohiensis,Minnesota
PLANT-00922,tradescantia ohiensis,Mississippi
PLANT-00922,tradescantia ohiensis,Missouri
PLANT-00922,tradescantia ohiensis,Nebraska
PLANT-00922,tradescantia ohiensis,New Hampshire
PLANT-00922,tradescantia ohiensis,New Jersey
PLANT-00922,tradescantia ohiensis,New York
PLANT-00922,tradescantia ohiensis,North Carolina
PLANT-00922,tradescantia ohiensis,Ohio
PLANT-00922,tradescantia ohiensis,Oklahoma
PLANT-00922,tradescantia ohiensis,Pennsylvania
PLANT-00922,tradescantia ohiensis,Rhode Island
PLANT-00922,tradescantia ohiensis,South Carolina
PLANT-00922,tradescantia ohiensis,Tennessee
PLANT-00922,tradescantia ohiensis,Texas
PLANT-00922,tradescantia ohiensis,Virginia
PLANT-00922,tradescantia ohiensis,West Virginia
PLANT-00922,tradescantia ohiensis,Wisconsin
PLANT-00923,tradescantia subaspera,Alabama
PLANT-00923,tradescantia subaspera,Arkansas
PLANT-00923,tradescantia subaspera,Florida
PLANT-00923,tradescantia subaspera,Georgia
PLANT-00923,tradescantia subaspera,Illinois
PLANT-00923,tradescantia subaspera,Indiana
PLANT-00923,tradescantia subaspera,Kentucky
PLANT-00923,tradescantia subaspera,Louisiana
PLANT-00923,tradescantia subaspera,Mississippi
PLANT-00923,tradescantia subaspera,Missouri
PLANT-00923,tradescantia subaspera,North Carolina
PLANT-00923,tradescantia subaspera,Ohio
PLANT-00923,tradescantia subaspera,South Carolina
PLANT-00923,tradescantia subaspera,Tennessee
PLANT-00923,tradescantia subaspera,Virginia
PLANT-00923,tradescantia subaspera,West Virginia
PLANT-00924,tradescantia tharpii,Kansas
PLANT-00924,tradescantia tharpii,Missouri
PLANT-00924,tradescantia tharpii,Oklahoma
PLANT-00924,tradescantia tharpii,Texas
PLANT-00925,tradescantia virginiana,Alabama
PLANT-00925,tradescantia virginiana,Arkansas
PLANT-00925,tradescantia virginiana,Delaware
PLANT-00925,tradescantia virginiana,Georgia
PLANT-00925,tradescantia virginiana,Illinois
PLANT-00925,tradescantia virginiana,Indiana
PLANT-00925,tradescantia virginiana,Iowa
PLANT-00925,tradescantia virginiana,Kentucky
PLANT-00925,tradescantia virginiana,Louisiana
PLANT-00925,tradescantia virginiana,Maryland
PLANT-00925,tradescantia virginiana,Michigan
PLANT-00925,tradescantia virginiana,Mississippi
PLANT-00925,tradescantia virginiana,Missouri
PLANT-00925,tradescantia virginiana,New Jersey
PLANT-00925,tradescantia virginiana,North Carolina
PLANT-00925,tradescantia virginiana,Ohio
PLANT-00925,tradescantia virginiana,Pennsylvania
PLANT-00925,tradescantia virginiana,South Carolina
PLANT-00925,tradescantia virginiana,Tennessee
PLANT-00925,tradescantia virginiana,Virginia
PLANT-00925,tradescantia virginiana,West Virginia
PLANT-00926,trautvetteria caroliniensis,Alabama
PLANT-00926,trautvetteria caroliniensis,Arizona
PLANT-00926,trautvetteria caroliniensis,Arkansas
PLANT-00926,trautvetteria caroliniensis,California
PLANT-00926,trautvetteria caroliniensis,Colorado
PLANT-00926,trautvetteria caroliniensis,Florida
PLANT-00926,trautvetteria caroliniensis,Georgia
PLANT-00926,trautvetteria caroliniensis,Idaho
PLANT-00926,trautvetteria caroliniensis,Illinois
PLANT-00926,trautvetteria caroliniensis,Indiana
PLANT-00926,trautvetteria caroliniensis,Kentucky
PLANT-00926,trautvetteria caroliniensis,Maryland
PLANT-00926,trautvetteria caroliniensis,Mississippi
PLANT-00926,trautvetteria caroliniensis,Missouri
PLANT-00926,trautvetteria caroliniensis,Montana
PLANT-00926,trautvetteria caroliniensis,New Mexico
PLANT-00926,trautvetteria caroliniensis,North Carolina
PLANT-00926,trautvetteria caroliniensis,Oregon
PLANT-00926,trautvetteria caroliniensis,Pennsylvania
PLANT-00926,trautvetteria caroliniensis,South Carolina
PLANT-00926,trautvetteria caroliniensis,Tennessee
PLANT-00926,trautvetteria caroliniensis,Texas
PLANT-00926,trautvetteria caroliniensis,Utah
PLANT-00926,trautvetteria caroliniensis,Virginia
PLANT-00926,trautvetteria caroliniensis,Washington
PLANT-00926,trautvetteria caroliniensis,West Virginia
PLANT-00926,trautvetteria caroliniensis,Wyoming
PLANT-00927,tridens strictus,Alabama
PLANT-00927,tridens strictus,Arkansas
PLANT-00927,tridens strictus,Florida
PLANT-00927,tridens strictus,Georgia
PLANT-00927,tridens strictus,Kansas
PLANT-00927,tridens strictus,Kentucky
PLANT-00927,tridens strictus,Louisiana
PLANT-00927,tridens strictus,Mississippi
PLANT-00927,tridens strictus,Missouri
PLANT-00927,tridens strictus,Oklahoma
PLANT-00927,tridens strictus,Tennessee
PLANT-00927,tridens strictus,Texas
PLANT-00928,trillium cuneatum,Alabama
PLANT-00928,trillium cuneatum,Georgia
PLANT-00928,trillium cuneatum,Illinois
PLANT-00928,trillium cuneatum,Kentucky
PLANT-00928,trillium cuneatum,Mississippi
PLANT-00928,trillium cuneatum,North Carolina
PLANT-00928,trillium cuneatum,South Carolina
PLANT-00928,trillium cuneatum,Tennessee
PLANT-00929,trillium erectum,Connecticut
PLANT-00929,trillium erectum,Delaware
PLANT-00929,trillium erectum,Georgia
PLANT-00929,trillium erectum,Illinois
PLANT-00929,trillium erectum,Indiana
PLANT-00929,trillium erectum,Kentucky
PLANT-00929,trillium erectum,Maine
PLANT-00929,trillium erectum,Maryland
PLANT-00929,trillium erectum,Massachusetts
PLANT-00929,trillium erectum,Michigan
PLANT-00929,trillium erectum,New Hampshire
PLANT-00929,trillium erectum,New Jersey
PLANT-00929,trillium erectum,New York
PLANT-00929,trillium erectum,North Carolina
PLANT-00929,trillium erectum,Ohio
PLANT-00929,trillium erectum,Pennsylvania
PLANT-00929,trillium erectum,Rhode Island
PLANT-00929,trillium erectum,South Carolina
PLANT-00929,trillium erectum,Tennessee
PLANT-00929,trillium erectum,Vermont
PLANT-00929,trillium erectum,Virginia
PLANT-00929,trillium erectum,West Virginia
PLANT-00930,trillium flexipes,Alabama
PLANT-00930,trillium flexipes,Delaware
PLANT-00930,trillium flexipes,Illinois
PLANT-00930,trillium flexipes,Indiana
PLANT-00930,trillium flexipes,Iowa
PLANT-00930,trillium flexipes,Kentucky
PLANT-00930,trillium flexipes,Michigan
PLANT-00930,trillium flexipes,Minnesota
PLANT-00930,trillium flexipes,Missouri
PLANT-00930,trillium flexipes,New York
PLANT-00930,trillium flexipes,Ohio
PLANT-00930,trillium flexipes,Pennsylvania
PLANT-00930,trillium flexipes,South Dakota
PLANT-00930,trillium flexipes,Tennessee
PLANT-00930,trillium flexipes,Virginia
PLANT-00930,trillium flexipes,West Virginia
PLANT-00930,trillium flexipes,Wisconsin
PLANT-00931,trillium grandiflorum,Alabama
PLANT-00931,trillium grandiflorum,Connecticut
PLANT-00931,trillium grandiflorum,Delaware
PLANT-00931,trillium grandiflorum,Georgia
PLANT-00931,trillium grandiflorum,Illinois
PLANT-00931,trillium grandiflorum,Indiana
PLANT-00931,trillium grandiflorum,Iowa
PLANT-00931,trillium grandiflorum,Kentucky
PLANT-00931,trillium grandiflorum,Maine
PLANT-00931,trillium grandiflorum,Maryland
PLANT-00931,trillium grandiflorum,Massachusetts
PLANT-00931,trillium grandiflorum,Michigan
PLANT-00931,trillium grandiflorum,Minnesota
PLANT-00931,trillium grandiflorum,New Hampshire
PLANT-00931,trillium grandiflorum,New Jersey
PLANT-00931,trillium grandiflorum,New York
PLANT-00931,trillium grandiflorum,North Carolina
PLANT-00931,trillium grandiflorum,Ohio
PLANT-00931,trillium grandiflorum,Pennsylvania
PLANT-00931,trillium grandiflorum,South Carolina
PLANT-00931,trillium grandiflorum,Tennessee
PLANT-00931,trillium grandiflorum,Vermont
PLANT-00931,trillium grandiflorum,Virginia
PLANT-00931,trillium grandiflorum,West Virginia
PLANT-00931,trillium grandiflorum,Wisconsin
PLANT-00932,trillium luteum,Alabama
PLANT-00932,trillium luteum,Georgia
PLANT-00932,trillium luteum,Kentucky
PLANT-00932,trillium luteum,Maryland
PLANT-00932,trillium luteum,Michigan
PLANT-00932,trillium luteum,North Carolina
PLANT-00932,trillium luteum,South Carolina
PLANT-00932,trillium luteum,Tennessee
PLANT-00932,trillium luteum,Virginia
PLANT-00933,trillium recurvatum,Alabama
PLANT-00933,trillium recurvatum,Arkansas
PLANT-00933,trillium recurvatum,Illinois
PLANT-00933,trillium recurvatum,Indiana
PLANT-00933,trillium recurvatum,Iowa
PLANT-00933,trillium recurvatum,Kentucky
PLANT-00933,trillium recurvatum,Louisiana
PLANT-00933,trillium recurvatum,Michigan
PLANT-00933,trillium recurvatum,Mississippi
PLANT-00933,trillium recurvatum,Missouri
PLANT-00933,trillium recurvatum,North Carolina
PLANT-00933,trillium recurvatum,Ohio
PLANT-00933,trillium recurvatum,Oklahoma
PLANT-00933,trillium recurvatum,Tennessee
PLANT-00933,trillium recurvatum,Texas
PLANT-00933,trillium recurvatum,Wisconsin
PLANT-00934,trillium sessile,Alabama
PLANT-00934,trillium sessile,Arkansas
PLANT-00934,trillium sessile,Georgia
PLANT-00934,trillium sessile,Illinois
PLANT-00934,trillium sessile,Indiana
PLANT-00934,trillium sessile,Kansas
PLANT-00934,trillium sessile,Kentucky
PLANT-00934,trillium sessile,Maryland
PLANT-00934,trillium sessile,Michigan
PLANT-00934,trillium sessile,Missouri
PLANT-00934,trillium sessile,New York
PLANT-00934,trillium sessile,North Carolina
PLANT-00934,trillium sessile,Ohio
PLANT-00934,trillium sessile,Oklahoma
PLANT-00934,trillium sessile,Pennsylvania
PLANT-00934,trillium sessile,Tennessee
PLANT-00934,trillium sessile,Virginia
PLANT-00934,trillium sessile,West Virginia
PLANT-00935,trillium undulatum,Connecticut
PLANT-00935,trillium undulatum,Georgia
PLANT-00935,trillium undulatum,Kentucky
PLANT-00935,trillium undulatum,Maine
PLANT-00935,trillium undulatum,Maryland
PLANT-00935,trillium undulatum,Massachusetts
PLANT-00935,trillium undulatum,Michigan
PLANT-00935,trillium undulatum,New Hampshire
PLANT-00935,trillium undulatum,New Jersey
PLANT-00935,trillium undulatum,New York
PLANT-00935,trillium undulatum,North Carolina
PLANT-00935,trillium undulatum,Ohio
PLANT-00935,trillium undulatum,Pennsylvania
PLANT-00935,trillium undulatum,Rhode Island
PLANT-00935,trillium undulatum,South Carolina
PLANT-00935,trillium undulatum,Tennessee
PLANT-00935,trillium undulatum,Vermont
PLANT-00935,trillium undulatum,Virginia
PLANT-00935,trillium undulatum,West Virginia
PLANT-00936,trillium viride,Illinois
PLANT-00936,trillium viride,Missouri
PLANT-00937,tripsacum dactyloides,Missouri
PLANT-00938,tsuga canadensis,Alabama
PLANT-00938,tsuga canadensis,Connecticut
PLANT-00939,tsuga caroliniana,Georgia
PLANT-00939,tsuga caroliniana,North Carolina
PLANT-00939,tsuga caroliniana,South Carolina
PLANT-00939,tsuga caroliniana,Tennessee
PLANT-00939,tsuga caroliniana,Virginia
PLANT-00940,typha latifolia,Alabama
PLANT-00940,typha latifolia,Alaska
PLANT-00940,typha latifolia,Arizona
PLANT-00940,typha latifolia,Arkansas
PLANT-00940,typha latifolia,California
PLANT-00940,typha latifolia,Colorado
PLANT-00940,typha latifolia,Connecticut
PLANT-00940,typha latifolia,Delaware
PLANT-00940,typha latifolia,Florida
PLANT-00940,typha latifolia,Georgia
PLANT-00940,typha latifolia,Hawaii
PLANT-00940,typha latifolia,Idaho
PLANT-00940,typha latifolia,Illinois
PLANT-00940,typha latifolia,Indiana
PLANT-00940,typha latifolia,Iowa
PLANT-00940,typha latifolia,Kansas
PLANT-00940,typha latifolia,Kentucky
PLANT-00940,typha latifolia,Louisiana
PLANT-00940,typha latifolia,Maine
PLANT-00940,typha latifolia,Maryland
PLANT-00940,typha latifolia,Massachusetts
PLANT-00940,typha latifolia,Michigan
PLANT-00940,typha latifolia,Minnesota
PLANT-00940,typha latifolia,Mississippi
PLANT-00940,typha latifolia,Missouri
PLANT-00940,typha latifolia,Montana
PLANT-00940,typha latifolia,Nebraska
PLANT-00940,typha latifolia,Nevada
PLANT-00940,typha latifolia,New Hampshire
PLANT-00940,typha latifolia,New Jersey
PLANT-00940,typha latifolia,New Mexico
PLANT-00940,typha latifolia,New York
PLANT-00940,typha latifolia,North Carolina
PLANT-00940,typha latifolia,North Dakota
PLANT-00940,typha latifolia,Ohio
PLANT-00940,typha latifolia,Oklahoma
PLANT-00940,typha latifolia,Oregon
PLANT-00940,typha latifolia,Pennsylvania
PLANT-00940,typha latifolia,Rhode Island
PLANT-00940,typha latifolia,South Carolina
PLANT-00940,typha latifolia,South Dakota
PLANT-00940,typha latifolia,Tennessee
PLANT-00940,typha latifolia,Texas
PLANT-00940,typha latifolia,Utah
PLANT-00940,typha latifolia,Vermont
PLANT-00940,typha latifolia,Virginia
PLANT-00940,typha latifolia,Washington
PLANT-00940,typha latifolia,West Virginia
PLANT-00940,typha latifolia,Wisconsin
PLANT-00940,typha latifolia,Wyoming
PLANT-00941,ulmus alata,Alabama
PLANT-00941,ulmus alata,Arkansas
PLANT-00941,ulmus alata,Florida
PLANT-00941,ulmus alata,Georgia
PLANT-00941,ulmus alata,Illinois
PLANT-00941,ulmus alata,Indiana
PLANT-00941,ulmus alata,Kansas
PLANT-00941,ulmus alata,Kentucky
PLANT-00941,ulmus alata,Louisiana
PLANT-00941,ulmus alata,Maryland
PLANT-00941,ulmus alata,Mississippi
PLANT-00941,ulmus alata,Missouri
PLANT-00941,ulmus alata,North Carolina
PLANT-00941,ulmus alata,Oklahoma
PLANT-00941,ulmus alata,South Carolina
PLANT-00941,ulmus alata,Tennessee
PLANT-00941,ulmus alata,Texas
PLANT-00941,ulmus alata,Virginia
PLANT-00942,ulmus americana,Alabama
PLANT-00942,ulmus americana,Arkansas
PLANT-00942,ulmus americana,Connecticut
PLANT-00942,ulmus americana,Delaware
PLANT-00942,ulmus americana,Florida
PLANT-00942,ulmus americana,Georgia
PLANT-00942,ulmus americana,Illinois
PLANT-00942,ulmus americana,Indiana
PLANT-00942,ulmus americana,Iowa
PLANT-00942,ulmus americana,Kansas
PLANT-00942,ulmus americana,Kentucky
PLANT-00942,ulmus americana,Louisiana
PLANT-00942,ulmus americana,Maine
PLANT-00942,ulmus americana,Maryland
PLANT-00942,ulmus americana,Massachusetts
PLANT-00942,ulmus americana,Michigan
PLANT-00942,ulmus americana,Minnesota
PLANT-00942,ulmus americana,Mississippi
PLANT-00942,ulmus americana,Missouri
PLANT-00942,ulmus americana,Montana
PLANT-00942,ulmus americana,Nebraska
PLANT-00942,ulmus americana,New Hampshire
PLANT-00942,ulmus americana,New Jersey
PLANT-00942,ulmus americana,New York
PLANT-00942,ulmus americana,North Carolina
PLANT-00942,ulmus americana,North Dakota
PLANT-00942,ulmus americana,Ohio
PLANT-00942,ulmus americana,Oklahoma
PLANT-00942,ulmus americana,Pennsylvania
PLANT-00942,ulmus americana,Rhode Island
PLANT-00942,ulmus americana,South Carolina
PLANT-00942,ulmus americana,South Dakota
PLANT-00942,ulmus americana,Tennessee
PLANT-00942,ulmus americana,Texas
PLANT-00942,ulmus americana,Vermont
PLANT-00942,ulmus americana,Virginia
PLANT-00942,ulmus americana,West Virginia
PLANT-00942,ulmus americana,Wisconsin
PLANT-00942,ulmus americana,Wyoming
PLANT-00943,ulmus glabra,Georgia
PLANT-00944,ulmus rubra,Alabama
PLANT-00944,ulmus rubra,Arkansas
PLANT-00944,ulmus rubra,Connecticut
PLANT-00944,ulmus rubra,Delaware
PLANT-00944,ulmus rubra,Georgia
PLANT-00944,ulmus rubra,Illinois
PLANT-00944,ulmus rubra,Indiana
PLANT-00944,ulmus rubra,Iowa
PLANT-00944,ulmus rubra,Kansas
PLANT-00944,ulmus rubra,Kentucky
PLANT-00944,ulmus rubra,Louisiana
PLANT-00944,ulmus rubra,Maine
PLANT-00944,ulmus rubra,Maryland
PLANT-00944,ulmus rubra,Massachusetts
PLANT-00944,ulmus rubra,Michigan
PLANT-00944,ulmus rubra,Minnesota
PLANT-00944,ulmus rubra,Mississippi
PLANT-00944,ulmus rubra,Missouri
PLANT-00944,ulmus rubra,Nebraska
PLANT-00944,ulmus rubra,New Hampshire
PLANT-00944,ulmus rubra,New Jersey
PLANT-00944,ulmus rubra,New York
PLANT-00944,ulmus rubra,North Carolina
PLANT-00944,ulmus rubra,North Dakota
PLANT-00944,ulmus rubra,Ohio
PLANT-00944,ulmus rubra,Oklahoma
PLANT-00944,ulmus rubra,Pennsylvania
PLANT-00944,ulmus rubra,Rhode Island
PLANT-00944,ulmus rubra,South Carolina
PLANT-00944,ulmus rubra,South Dakota
PLANT-00944,ulmus rubra,Tennessee
PLANT-00944,ulmus rubra,Texas
PLANT-00944,ulmus rubra,Vermont
PLANT-00944,ulmus rubra,Virginia
PLANT-00944,ulmus rubra,West Virginia
PLANT-00944,ulmus rubra,Wisconsin
PLANT-00945,uvularia grandiflora,Alabama
PLANT-00945,uvularia grandiflora,Arkansas
PLANT-00945,uvularia grandiflora,Connecticut
PLANT-00945,uvularia grandiflora,Georgia
PLANT-00945,uvularia grandiflora,Illinois
PLANT-00945,uvularia grandiflora,Indiana
PLANT-00945,uvularia grandiflora,Iowa
PLANT-00945,uvularia grandiflora,Kansas
PLANT-00945,uvularia grandiflora,Kentucky
PLANT-00945,uvularia grandiflora,Louisiana
PLANT-00945,uvularia grandiflora,Maryland
PLANT-00945,uvularia grandiflora,Massachusetts
PLANT-00945,uvularia grandiflora,Michigan
PLANT-00945,uvularia grandiflora,Minnesota
PLANT-00945,uvularia grandiflora,Mississippi
PLANT-00945,uvularia grandiflora,Missouri
PLANT-00945,uvularia grandiflora,New Hampshire
PLANT-00945,uvularia grandiflora,New York
PLANT-00945,uvularia grandiflora,North Carolina
PLANT-00945,uvularia grandiflora,North Dakota
PLANT-00945,uvularia grandiflora,Ohio
PLANT-00945,uvularia grandiflora,Oklahoma
PLANT-00945,uvularia grandiflora,Pennsylvania
PLANT-00945,uvularia grandiflora,South Carolina
PLANT-00945,uvularia grandiflora,South Dakota
PLANT-00945,uvularia grandiflora,Tennessee
PLANT-00945,uvularia grandiflora,Vermont
PLANT-00945,uvularia grandiflora,Virginia
PLANT-00945,uvularia grandiflora,West Virginia
PLANT-00945,uvularia grandiflora,Wisconsin
PLANT-00946,vaccinium corymbosum,Alabama
PLANT-00946,vaccinium corymbosum,Arkansas
PLANT-00946,vaccinium corymbosum,Connecticut
PLANT-00946,vaccinium corymbosum,Delaware
PLANT-00946,vaccinium corymbosum,Georgia
PLANT-00946,vaccinium corymbosum,Illinois
PLANT-00946,vaccinium corymbosum,Indiana
PLANT-00946,vaccinium corymbosum,Kentucky
PLANT-00946,vaccinium corymbosum,Louisiana
PLANT-00946,vaccinium corymbosum,Maine
PLANT-00946,vaccinium corymbosum,Maryland
PLANT-00946,vaccinium corymbosum,Massachusetts
PLANT-00946,vaccinium corymbosum,Michigan
PLANT-00946,vaccinium corymbosum,Mississippi
PLANT-00946,vaccinium corymbosum,New Hampshire
PLANT-00946,vaccinium corymbosum,New Jersey
PLANT-00946,vaccinium corymbosum,New York
PLANT-00946,vaccinium corymbosum,North Carolina
PLANT-00946,vaccinium corymbosum,Ohio
PLANT-00946,vaccinium corymbosum,Oklahoma
PLANT-00946,vaccinium corymbosum,Oregon
PLANT-00946,vaccinium corymbosum,Pennsylvania
PLANT-00946,vaccinium corymbosum,Rhode Island
PLANT-00946,vaccinium corymbosum,South Carolina
PLANT-00946,vaccinium corymbosum,Tennessee
PLANT-00946,vaccinium corymbosum,Vermont
PLANT-00946,vaccinium corymbosum,Virginia
PLANT-00946,vaccinium corymbosum,Washington
PLANT-00946,vaccinium corymbosum,West Virginia
PLANT-00946,vaccinium corymbosum,Wisconsin
PLANT-00947,vaccinium macrocarpon,California
PLANT-00947,vaccinium macrocarpon,Connecticut
PLANT-00947,vaccinium macrocarpon,Illinois
PLANT-00947,vaccinium macrocarpon,Indiana
PLANT-00947,vaccinium macrocarpon,Maine
PLANT-00947,vaccinium macrocarpon,Maryland
PLANT-00947,vaccinium macrocarpon,Massachusetts
PLANT-00947,vaccinium macrocarpon,Michigan
PLANT-00947,vaccinium macrocarpon,Minnesota
PLANT-00947,vaccinium macrocarpon,New Hampshire
PLANT-00947,vaccinium macrocarpon,New Jersey
PLANT-00947,vaccinium macrocarpon,New York
PLANT-00947,vaccinium macrocarpon,North Carolina
PLANT-00947,vaccinium macrocarpon,Ohio
PLANT-00947,vaccinium macrocarpon,Oregon
PLANT-00947,vaccinium macrocarpon,Pennsylvania
PLANT-00947,vaccinium macrocarpon,Rhode Island
PLANT-00947,vaccinium macrocarpon,Tennessee
PLANT-00947,vaccinium macrocarpon,Vermont
PLANT-00947,vaccinium macrocarpon,Virginia
PLANT-00947,vaccinium macrocarpon,Washington
PLANT-00947,vaccinium macrocarpon,West Virginia
PLANT-00947,vaccinium macrocarpon,Wisconsin
PLANT-00948,vaccinium stamineum,Alabama
PLANT-00948,vaccinium stamineum,Arkansas
PLANT-00948,vaccinium stamineum,Connecticut
PLANT-00948,vaccinium stamineum,Delaware
PLANT-00948,vaccinium stamineum,Florida
PLANT-00948,vaccinium stamineum,Georgia
PLANT-00948,vaccinium stamineum,Illinois
PLANT-00948,vaccinium stamineum,Indiana
PLANT-00948,vaccinium stamineum,Kansas
PLANT-00948,vaccinium stamineum,Kentucky
PLANT-00948,vaccinium stamineum,Louisiana
PLANT-00948,vaccinium stamineum,Maine
PLANT-00948,vaccinium stamineum,Maryland
PLANT-00948,vaccinium stamineum,Massachusetts
PLANT-00948,vaccinium stamineum,Mississippi
PLANT-00948,vaccinium stamineum,Missouri
PLANT-00948,vaccinium stamineum,New Jersey
PLANT-00948,vaccinium stamineum,New York
PLANT-00948,vaccinium stamineum,North Carolina
PLANT-00948,vaccinium stamineum,Ohio
PLANT-00948,vaccinium stamineum,Oklahoma
PLANT-00948,vaccinium stamineum,Pennsylvania
PLANT-00948,vaccinium stamineum,Rhode Island
PLANT-00948,vaccinium stamineum,South Carolina
PLANT-00948,vaccinium stamineum,Tennessee
PLANT-00948,vaccinium stamineum,Texas
PLANT-00948,vaccinium stamineum,Vermont
PLANT-00948,vaccinium stamineum,Virginia
PLANT-00948,vaccinium stamineum,West Virginia
PLANT-00949,vaccinium vitis-idaea,Alaska
PLANT-00949,vaccinium vitis-idaea,Connecticut
PLANT-00949,vaccinium vitis-idaea,Maine
PLANT-00949,vaccinium vitis-idaea,Michigan
PLANT-00949,vaccinium vitis-idaea,Minnesota
PLANT-00949,vaccinium vitis-idaea,New Hampshire
PLANT-00949,vaccinium vitis-idaea,Vermont
PLANT-00949,vaccinium vitis-idaea,Wisconsin
PLANT-00950,verbena hastata,Alabama
PLANT-00950,verbena hastata,Arizona
PLANT-00950,verbena hastata,Arkansas
PLANT-00950,verbena hastata,California
PLANT-00950,verbena hastata,Colorado
PLANT-00950,verbena hastata,Connecticut
PLANT-00950,verbena hastata,Delaware
PLANT-00950,verbena hastata,Florida
PLANT-00950,verbena hastata,Georgia
PLANT-00950,verbena hastata,Idaho
PLANT-00950,verbena hastata,Illinois
PLANT-00950,verbena hastata,Indiana
PLANT-00950,verbena hastata,Iowa
PLANT-00950,verbena hastata,Kansas
PLANT-00950,verbena hastata,Kentucky
PLANT-00950,verbena hastata,Louisiana
PLANT-00950,verbena hastata,Maine
PLANT-00950,verbena hastata,Maryland
PLANT-00950,verbena hastata,Michigan
PLANT-00950,verbena hastata,Minnesota
PLANT-00950,verbena hastata,Mississippi
PLANT-00950,verbena hastata,Missouri
PLANT-00950,verbena hastata,Montana
PLANT-00950,verbena hastata,Nebraska
PLANT-00950,verbena hastata,Nevada
PLANT-00950,verbena hastata,New Hampshire
PLANT-00950,verbena hastata,New Jersey
PLANT-00950,verbena hastata,New Mexico
PLANT-00950,verbena hastata,New York
PLANT-00950,verbena hastata,North Carolina
PLANT-00950,verbena hastata,North Dakota
PLANT-00950,verbena hastata,Ohio
PLANT-00950,verbena hastata,Oklahoma
PLANT-00950,verbena hastata,Oregon
PLANT-00950,verbena hastata,Pennsylvania
PLANT-00950,verbena hastata,Rhode Island
PLANT-00950,verbena hastata,South Carolina
PLANT-00950,verbena hastata,South Dakota
PLANT-00950,verbena hastata,Tennessee
PLANT-00950,verbena hastata,Texas
PLANT-00950,verbena hastata,Utah
PLANT-00950,verbena hastata,Vermont
PLANT-00950,verbena hastata,Virginia
PLANT-00950,verbena hastata,Washington
PLANT-00950,verbena hastata,West Virginia
PLANT-00950,verbena hastata,Wisconsin
PLANT-00950,verbena hastata,Wyoming
PLANT-00951,verbena stricta,Arkansas
PLANT-00951,verbena stricta,Colorado
PLANT-00951,verbena stricta,Illinois
PLANT-00951,verbena stricta,Indiana
PLANT-00951,verbena stricta,Iowa
PLANT-00951,verbena stricta,Kansas
PLANT-00951,verbena stricta,Kentucky
PLANT-00951,verbena stricta,Michigan
PLANT-00951,verbena stricta,Minnesota
PLANT-00951,verbena stricta,Mississippi
PLANT-00951,verbena stricta,Missouri
PLANT-00951,verbena stricta,Montana
PLANT-00951,verbena stricta,Nebraska
PLANT-00951,verbena stricta,New Mexico
PLANT-00951,verbena stricta,North Dakota
PLANT-00951,verbena stricta,Ohio
PLANT-00951,verbena stricta,Oklahoma
PLANT-00951,verbena stricta,South Dakota
PLANT-00951,verbena stricta,Tennessee
PLANT-00951,verbena stricta,Texas
PLANT-00951,verbena stricta,Wisconsin
PLANT-00951,verbena stricta,Wyoming
PLANT-00952,verbesina alternifolia,Alabama
PLANT-00952,verbesina alternifolia,Arkansas
PLANT-00952,verbesina alternifolia,Delaware
PLANT-00952,verbesina alternifolia,Florida
PLANT-00952,verbesina alternifolia,Georgia
PLANT-00952,verbesina alternifolia,Illinois
PLANT-00952,verbesina alternifolia,Indiana
PLANT-00952,verbesina alternifolia,Iowa
PLANT-00952,verbesina alternifolia,Kansas
PLANT-00952,verbesina alternifolia,Kentucky
PLANT-00952,verbesina alternifolia,Louisiana
PLANT-00952,verbesina alternifolia,Maryland
PLANT-00952,verbesina alternifolia,Michigan
PLANT-00952,verbesina alternifolia,Mississippi
PLANT-00952,verbesina alternifolia,Missouri
PLANT-00952,verbesina alternifolia,Nebraska
PLANT-00952,verbesina alternifolia,New Jersey
PLANT-00952,verbesina alternifolia,New York
PLANT-00952,verbesina alternifolia,North Carolina
PLANT-00952,verbesina alternifolia,Ohio
PLANT-00952,verbesina alternifolia,Oklahoma
PLANT-00952,verbesina alternifolia,Pennsylvania
PLANT-00952,verbesina alternifolia,Rhode Island
PLANT-00952,verbesina alternifolia,South Carolina
PLANT-00952,verbesina alternifolia,Tennessee
PLANT-00952,verbesina alternifolia,Texas
PLANT-00952,verbesina alternifolia,Virginia
PLANT-00952,verbesina alternifolia,West Virginia
PLANT-00952,verbesina alternifolia,Wisconsin
PLANT-00953,verbesina helianthoides,Alabama
PLANT-00953,verbesina helianthoides,Arkansas
PLANT-00953,verbesina helianthoides,Georgia
PLANT-00953,verbesina helianthoides,Illinois
PLANT-00953,verbesina helianthoides,Indiana
PLANT-00953,verbesina helianthoides,Iowa
PLANT-00953,verbesina helianthoides,Kansas
PLANT-00953,verbesina helianthoides,Kentucky
PLANT-00953,verbesina helianthoides,Louisiana
PLANT-00953,verbesina helianthoides,Mississippi
PLANT-00953,verbesina helianthoides,Missouri
PLANT-00953,verbesina helianthoides,North Carolina
PLANT-00953,verbesina helianthoides,Ohio
PLANT-00953,verbesina helianthoides,Oklahoma
PLANT-00953,verbesina helianthoides,Tennessee
PLANT-00953,verbesina helianthoides,Texas
PLANT-00954,vernonia arkansana,Arkansas
PLANT-00954,vernonia arkansana,Iowa
PLANT-00954,vernonia arkansana,Kansas
PLANT-00954,vernonia arkansana,Missouri
PLANT-00954,vernonia arkansana,Oklahoma
PLANT-00955,vernonia baldwinii,Arkansas
PLANT-00955,vernonia baldwinii,Colorado
PLANT-00955,vernonia baldwinii,Illinois
PLANT-00955,vernonia baldwinii,Indiana
PLANT-00955,vernonia baldwinii,Iowa
PLANT-00955,vernonia baldwinii,Kansas
PLANT-00955,vernonia baldwinii,Kentucky
PLANT-00955,vernonia baldwinii,Louisiana
PLANT-00955,vernonia baldwinii,Michigan
PLANT-00955,vernonia baldwinii,Minnesota
PLANT-00955,vernonia baldwinii,Missouri
PLANT-00955,vernonia baldwinii,Nebraska
PLANT-00955,vernonia baldwinii,Oklahoma
PLANT-00955,vernonia baldwinii,South Dakota
PLANT-00955,vernonia baldwinii,Texas
PLANT-00956,vernonia fasciculata,Arkansas
PLANT-00956,vernonia fasciculata,Colorado
PLANT-00956,vernonia fasciculata,Illinois
PLANT-00956,vernonia fasciculata,Indiana
PLANT-00956,vernonia fasciculata,Iowa
PLANT-00956,vernonia fasciculata,Kansas
PLANT-00956,vernonia fasciculata,Kentucky
PLANT-00956,vernonia fasciculata,Massachusetts
PLANT-00956,vernonia fasciculata,Minnesota
PLANT-00956,vernonia fasciculata,Mississippi
PLANT-00956,vernonia fasciculata,Missouri
PLANT-00956,vernonia fasciculata,Montana
PLANT-00956,vernonia fasciculata,Nebraska
PLANT-00956,vernonia fasciculata,New York
PLANT-00956,vernonia fasciculata,North Dakota
PLANT-00956,vernonia fasciculata,Ohio
PLANT-00956,vernonia fasciculata,Oklahoma
PLANT-00956,vernonia fasciculata,South Dakota
PLANT-00956,vernonia fasciculata,Wisconsin
PLANT-00957,vernonia gigantea,Alabama
PLANT-00957,vernonia gigantea,Arkansas
PLANT-00957,vernonia gigantea,Delaware
PLANT-00957,vernonia gigantea,Florida
PLANT-00957,vernonia gigantea,Georgia
PLANT-00957,vernonia gigantea,Illinois
PLANT-00957,vernonia gigantea,Indiana
PLANT-00957,vernonia gigantea,Iowa
PLANT-00957,vernonia gigantea,Kansas
PLANT-00957,vernonia gigantea,Kentucky
PLANT-00957,vernonia gigantea,Louisiana
PLANT-00957,vernonia gigantea,Maryland
PLANT-00957,vernonia gigantea,Michigan
PLANT-00957,vernonia gigantea,Mississippi
PLANT-00957,vernonia gigantea,Missouri
PLANT-00957,vernonia gigantea,Nebraska
PLANT-00957,vernonia gigantea,New Mexico
PLANT-00957,vernonia gigantea,New York
PLANT-00957,vernonia gigantea,North Carolina
PLANT-00957,vernonia gigantea,Ohio
PLANT-00957,vernonia gigantea,Oklahoma
PLANT-00957,vernonia gigantea,Pennsylvania
PLANT-00957,vernonia gigantea,South Carolina
PLANT-00957,vernonia gigantea,Tennessee
PLANT-00957,vernonia gigantea,Texas
PLANT-00957,vernonia gigantea,Virginia
PLANT-00957,vernonia gigantea,West Virginia
PLANT-00958,vernonia missurica,Alabama
PLANT-00958,vernonia missurica,Arkansas
PLANT-00958,vernonia missurica,Florida
PLANT-00958,vernonia missurica,Georgia
PLANT-00958,vernonia missurica,Illinois
PLANT-00958,vernonia missurica,Indiana
PLANT-00958,vernonia missurica,Iowa
PLANT-00958,vernonia missurica,Kansas
PLANT-00958,vernonia missurica,Kentucky
PLANT-00958,vernonia missurica,Louisiana
PLANT-00958,vernonia missurica,Massachusetts
PLANT-00958,vernonia missurica,Michigan
PLANT-00958,vernonia missurica,Mississippi
PLANT-00958,vernonia missurica,Missouri
PLANT-00958,vernonia missurica,Nebraska
PLANT-00958,vernonia missurica,New Mexico
PLANT-00958,vernonia missurica,Ohio
PLANT-00958,vernonia missurica,Oklahoma
PLANT-00958,vernonia missurica,Tennessee
PLANT-00958,vernonia missurica,Texas
PLANT-00959,vernonia noveboracensis,Alabama
PLANT-00959,vernonia noveboracensis,Connecticut
PLANT-00959,vernonia noveboracensis,Delaware
PLANT-00959,vernonia noveboracensis,Florida
PLANT-00959,vernonia noveboracensis,Georgia
PLANT-00959,vernonia noveboracensis,Maryland
PLANT-00959,vernonia noveboracensis,Massachusetts
PLANT-00959,vernonia noveboracensis,New Jersey
PLANT-00959,vernonia noveboracensis,New York
PLANT-00959,vernonia noveboracensis,North Carolina
PLANT-00959,vernonia noveboracensis,Pennsylvania
PLANT-00959,vernonia noveboracensis,Rhode Island
PLANT-00959,vernonia noveboracensis,South Carolina
PLANT-00959,vernonia noveboracensis,Tennessee
PLANT-00959,vernonia noveboracensis,Virginia
PLANT-00959,vernonia noveboracensis,West Virginia
PLANT-00960,veronicastrum virginicum,Alabama
PLANT-00960,veronicastrum virginicum,Arkansas
PLANT-00960,veronicastrum virginicum,Connecticut
PLANT-00960,veronicastrum virginicum,Delaware
PLANT-00960,veronicastrum virginicum,Florida
PLANT-00960,veronicastrum virginicum,Georgia
PLANT-00960,veronicastrum virginicum,Illinois
PLANT-00960,veronicastrum virginicum,Indiana
PLANT-00960,veronicastrum virginicum,Iowa
PLANT-00960,veronicastrum virginicum,Kansas
PLANT-00960,veronicastrum virginicum,Kentucky
PLANT-00960,veronicastrum virginicum,Louisiana
PLANT-00960,veronicastrum virginicum,Maine
PLANT-00960,veronicastrum virginicum,Maryland
PLANT-00960,veronicastrum virginicum,Massachusetts
PLANT-00960,veronicastrum virginicum,Michigan
PLANT-00960,veronicastrum virginicum,Minnesota
PLANT-00960,veronicastrum virginicum,Mississippi
PLANT-00960,veronicastrum virginicum,Missouri
PLANT-00960,veronicastrum virginicum,Nebraska
PLANT-00960,veronicastrum virginicum,New Jersey
PLANT-00960,veronicastrum virginicum,New York
PLANT-00960,veronicastrum virginicum,North Carolina
PLANT-00960,veronicastrum virginicum,North Dakota
PLANT-00960,veronicastrum virginicum,Ohio
PLANT-00960,veronicastrum virginicum,Oklahoma
PLANT-00960,veronicastrum virginicum,Pennsylvania
PLANT-00960,veronicastrum virginicum,South Carolina
PLANT-00960,veronicastrum virginicum,South Dakota
PLANT-00960,veronicastrum virginicum,Tennessee
PLANT-00960,veronicastrum virginicum,Texas
PLANT-00960,veronicastrum virginicum,Vermont
PLANT-00960,veronicastrum virginicum,Virginia
PLANT-00960,veronicastrum virginicum,West Virginia
PLANT-00960,veronicastrum virginicum,Wisconsin
PLANT-00961,viburnum acerifolium,Alabama
PLANT-00961,viburnum acerifolium,Arkansas
PLANT-00961,viburnum acerifolium,Connecticut
PLANT-00961,viburnum acerifolium,Delaware
PLANT-00961,viburnum acerifolium,Florida
PLANT-00961,viburnum acerifolium,Georgia
PLANT-00961,viburnum acerifolium,Illinois
PLANT-00961,viburnum acerifolium,Indiana
PLANT-00961,viburnum acerifolium,Kentucky
PLANT-00961,viburnum acerifolium,Louisiana
PLANT-00961,viburnum acerifolium,Maine
PLANT-00961,viburnum acerifolium,Maryland
PLANT-00961,viburnum acerifolium,Massachusetts
PLANT-00961,viburnum acerifolium,Michigan
PLANT-00961,viburnum acerifolium,Mississippi
PLANT-00961,viburnum acerifolium,New Hampshire
PLANT-00961,viburnum acerifolium,New Jersey
PLANT-00961,viburnum acerifolium,New York
PLANT-00961,viburnum acerifolium,North Carolina
PLANT-00961,viburnum acerifolium,Ohio
PLANT-00961,viburnum acerifolium,Pennsylvania
PLANT-00961,viburnum acerifolium,Rhode Island
PLANT-00961,viburnum acerifolium,South Carolina
PLANT-00961,viburnum acerifolium,Tennessee
PLANT-00961,viburnum acerifolium,Texas
PLANT-00961,viburnum acerifolium,Vermont
PLANT-00961,viburnum acerifolium,Virginia
PLANT-00961,viburnum acerifolium,West Virginia
PLANT-00961,viburnum acerifolium,Wisconsin
PLANT-00962,viburnum cassinoides,Alabama
PLANT-00962,viburnum cassinoides,Connecticut
PLANT-00962,viburnum cassinoides,Delaware
PLANT-00962,viburnum cassinoides,Georgia
PLANT-00962,viburnum cassinoides,Illinois
PLANT-00962,viburnum cassinoides,Indiana
PLANT-00962,viburnum cassinoides,Kentucky
PLANT-00962,viburnum cassinoides,Maine
PLANT-00962,viburnum cassinoides,Maryland
PLANT-00962,viburnum cassinoides,Massachusetts
PLANT-00962,viburnum cassinoides,Michigan
PLANT-00962,viburnum cassinoides,New Hampshire
PLANT-00962,viburnum cassinoides,New Jersey
PLANT-00962,viburnum cassinoides,New York
PLANT-00962,viburnum cassinoides,North Carolina
PLANT-00962,viburnum cassinoides,Ohio
PLANT-00962,viburnum cassinoides,Pennsylvania
PLANT-00962,viburnum cassinoides,Rhode Island
PLANT-00962,viburnum cassinoides,South Carolina
PLANT-00962,viburnum cassinoides,Tennessee
PLANT-00962,viburnum cassinoides,Vermont
PLANT-00962,viburnum cassinoides,Virginia
PLANT-00962,viburnum cassinoides,West Virginia
PLANT-00962,viburnum cassinoides,Wisconsin
PLANT-00963,viburnum dentatum,Alabama
PLANT-00963,viburnum dentatum,Arkansas
PLANT-00963,viburnum dentatum,Connecticut
PLANT-00963,viburnum dentatum,Delaware
PLANT-00963,viburnum dentatum,Florida
PLANT-00963,viburnum dentatum,Georgia
PLANT-00963,viburnum dentatum,Illinois
PLANT-00963,viburnum dentatum,Indiana
PLANT-00963,viburnum dentatum,Iowa
PLANT-00963,viburnum dentatum,Kentucky
PLANT-00963,viburnum dentatum,Louisiana
PLANT-00963,viburnum dentatum,Maine
PLANT-00963,viburnum dentatum,Maryland
PLANT-00963,viburnum dentatum,Mississippi
PLANT-00963,viburnum dentatum,Missouri
PLANT-00963,viburnum dentatum,New Jersey
PLANT-00963,viburnum dentatum,North Carolina
PLANT-00963,viburnum dentatum,Ohio
PLANT-00963,viburnum dentatum,Pennsylvania
PLANT-00963,viburnum dentatum,South Carolina
PLANT-00963,viburnum dentatum,Tennessee
PLANT-00963,viburnum dentatum,Texas
PLANT-00963,viburnum dentatum,Virginia
PLANT-00963,viburnum dentatum,West Virginia
PLANT-00964,viburnum lentago,Alabama
PLANT-00964,viburnum lentago,Colorado
PLANT-00964,viburnum lentago,Connecticut
PLANT-00964,viburnum lentago,Georgia
PLANT-00964,viburnum lentago,Illinois
PLANT-00964,viburnum lentago,Indiana
PLANT-00964,viburnum lentago,Iowa
PLANT-00964,viburnum lentago,Maine
PLANT-00964,viburnum lentago,Maryland
PLANT-00964,viburnum lentago,Massachusetts
PLANT-00964,viburnum lentago,Michigan
PLANT-00964,viburnum lentago,Minnesota
PLANT-00964,viburnum lentago,Missouri
PLANT-00964,viburnum lentago,Montana
PLANT-00964,viburnum lentago,Nebraska
PLANT-00964,viburnum lentago,New Hampshire
PLANT-00964,viburnum lentago,New Jersey
PLANT-00964,viburnum lentago,New York
PLANT-00964,viburnum lentago,North Carolina
PLANT-00964,viburnum lentago,North Dakota
PLANT-00964,viburnum lentago,Ohio
PLANT-00964,viburnum lentago,Pennsylvania
PLANT-00964,viburnum lentago,Rhode Island
PLANT-00964,viburnum lentago,South Dakota
PLANT-00964,viburnum lentago,Vermont
PLANT-00964,viburnum lentago,Virginia
PLANT-00964,viburnum lentago,West Virginia
PLANT-00964,viburnum lentago,Wisconsin
PLANT-00964,viburnum lentago,Wyoming
PLANT-00965,viburnum nudum,Alabama
PLANT-00965,viburnum nudum,Arkansas
PLANT-00965,viburnum nudum,Connecticut
PLANT-00965,viburnum nudum,Delaware
PLANT-00965,viburnum nudum,Florida
PLANT-00965,viburnum nudum,Georgia
PLANT-00965,viburnum nudum,Kentucky
PLANT-00965,viburnum nudum,Louisiana
PLANT-00965,viburnum nudum,Maryland
PLANT-00965,viburnum nudum,Mississippi
PLANT-00965,viburnum nudum,New Jersey
PLANT-00965,viburnum nudum,New York
PLANT-00965,viburnum nudum,North Carolina
PLANT-00965,viburnum nudum,Pennsylvania
PLANT-00965,viburnum nudum,Rhode Island
PLANT-00965,viburnum nudum,South Carolina
PLANT-00965,viburnum nudum,Tennessee
PLANT-00965,viburnum nudum,Texas
PLANT-00965,viburnum nudum,Virginia
PLANT-00965,viburnum nudum,West Virginia
PLANT-00966,viburnum opulus var. americanum,Connecticut
PLANT-00966,viburnum opulus var. americanum,Idaho
PLANT-00966,viburnum opulus var. americanum,Illinois
PLANT-00966,viburnum opulus var. americanum,Indiana
PLANT-00966,viburnum opulus var. americanum,Iowa
PLANT-00966,viburnum opulus var. americanum,Maine
PLANT-00966,viburnum opulus var. americanum,Michigan
PLANT-00966,viburnum opulus var. americanum,Minnesota
PLANT-00966,viburnum opulus var. americanum,Missouri
PLANT-00966,viburnum opulus var. americanum,Montana
PLANT-00966,viburnum opulus var. americanum,Nebraska
PLANT-00966,viburnum opulus var. americanum,New Hampshire
PLANT-00966,viburnum opulus var. americanum,New Mexico
PLANT-00966,viburnum opulus var. americanum,New York
PLANT-00966,viburnum opulus var. americanum,North Dakota
PLANT-00966,viburnum opulus var. americanum,Ohio
PLANT-00966,viburnum opulus var. americanum,Pennsylvania
PLANT-00966,viburnum opulus var. americanum,Rhode Island
PLANT-00966,viburnum opulus var. americanum,South Dakota
PLANT-00966,viburnum opulus var. americanum,Vermont
PLANT-00966,viburnum opulus var. americanum,Washington
PLANT-00966,viburnum opulus var. americanum,West Virginia
PLANT-00966,viburnum opulus var. americanum,Wisconsin
PLANT-00966,viburnum opulus var. americanum,Wyoming
PLANT-00967,viburnum prunifolium,Alabama
PLANT-00967,viburnum prunifolium,Arkansas
PLANT-00967,viburnum prunifolium,Connecticut
PLANT-00967,viburnum prunifolium,Delaware
PLANT-00967,viburnum prunifolium,Georgia
PLANT-00967,viburnum prunifolium,Illinois
PLANT-00967,viburnum prunifolium,Indiana
PLANT-00967,viburnum prunifolium,Iowa
PLANT-00967,viburnum prunifolium,Kansas
PLANT-00967,viburnum prunifolium,Kentucky
PLANT-00967,viburnum prunifolium,Louisiana
PLANT-00967,viburnum prunifolium,Maryland
PLANT-00967,viburnum prunifolium,Michigan
PLANT-00967,viburnum prunifolium,Mississippi
PLANT-00967,viburnum prunifolium,Missouri
PLANT-00967,viburnum prunifolium,New Jersey
PLANT-00967,viburnum prunifolium,New York
PLANT-00967,viburnum prunifolium,North Carolina
PLANT-00967,viburnum prunifolium,Ohio
PLANT-00967,viburnum prunifolium,Oklahoma
PLANT-00967,viburnum prunifolium,Pennsylvania
PLANT-00967,viburnum prunifolium,South Carolina
PLANT-00967,viburnum prunifolium,Tennessee
PLANT-00967,viburnum prunifolium,Texas
PLANT-00967,viburnum prunifolium,Virginia
PLANT-00967,viburnum prunifolium,West Virginia
PLANT-00967,viburnum prunifolium,Wisconsin
PLANT-00968,viburnum rufidulum,Alabama
PLANT-00968,viburnum rufidulum,Arkansas
PLANT-00968,viburnum rufidulum,Florida
PLANT-00968,viburnum rufidulum,Georgia
PLANT-00968,viburnum rufidulum,Illinois
PLANT-00968,viburnum rufidulum,Indiana
PLANT-00968,viburnum rufidulum,Kansas
PLANT-00968,viburnum rufidulum,Kentucky
PLANT-00968,viburnum rufidulum,Louisiana
PLANT-00968,viburnum rufidulum,Mississippi
PLANT-00968,viburnum rufidulum,Missouri
PLANT-00968,viburnum rufidulum,North Carolina
PLANT-00968,viburnum rufidulum,Ohio
PLANT-00968,viburnum rufidulum,Oklahoma
PLANT-00968,viburnum rufidulum,South Carolina
PLANT-00968,viburnum rufidulum,Tennessee
PLANT-00968,viburnum rufidulum,Texas
PLANT-00968,viburnum rufidulum,Virginia
PLANT-00969,viola blanda,Alabama
PLANT-00969,viola blanda,Connecticut
PLANT-00969,viola blanda,Delaware
PLANT-00969,viola blanda,Georgia
PLANT-00969,viola blanda,Illinois
PLANT-00969,viola blanda,Indiana
PLANT-00969,viola blanda,Iowa
PLANT-00969,viola blanda,Kentucky
PLANT-00969,viola blanda,Maine
PLANT-00969,viola blanda,Maryland
PLANT-00969,viola blanda,Massachusetts
PLANT-00969,viola blanda,Michigan
PLANT-00969,viola blanda,Minnesota
PLANT-00969,viola blanda,New Hampshire
PLANT-00969,viola blanda,New Jersey
PLANT-00969,viola blanda,New York
PLANT-00969,viola blanda,North Carolina
PLANT-00969,viola blanda,North Dakota
PLANT-00969,viola blanda,Ohio
PLANT-00969,viola blanda,Pennsylvania
PLANT-00969,viola blanda,Rhode Island
PLANT-00969,viola blanda,South Carolina
PLANT-00969,viola blanda,Tennessee
PLANT-00969,viola blanda,Vermont
PLANT-00969,viola blanda,Virginia
PLANT-00969,viola blanda,West Virginia
PLANT-00970,viola canadensis,Alabama
PLANT-00970,viola canadensis,Arkansas
PLANT-00970,viola canadensis,Connecticut
PLANT-00970,viola canadensis,Georgia
PLANT-00970,viola canadensis,Illinois
PLANT-00970,viola canadensis,Indiana
PLANT-00970,viola canadensis,Kentucky
PLANT-00970,viola canadensis,Maine
PLANT-00970,viola canadensis,Maryland
PLANT-00970,viola canadensis,Massachusetts
PLANT-00970,viola canadensis,Michigan
PLANT-00970,viola canadensis,New Hampshire
PLANT-00970,viola canadensis,New Jersey
PLANT-00970,viola canadensis,New York
PLANT-00970,viola canadensis,North Carolina
PLANT-00970,viola canadensis,Ohio
PLANT-00970,viola canadensis,Pennsylvania
PLANT-00970,viola canadensis,Rhode Island
PLANT-00970,viola canadensis,South Carolina
PLANT-00970,viola canadensis,Tennessee
PLANT-00970,viola canadensis,Vermont
PLANT-00970,viola canadensis,Virginia
PLANT-00970,viola canadensis,West Virginia
PLANT-00970,viola canadensis,Wisconsin
PLANT-00971,viola labradorica,Alabama
PLANT-00971,viola labradorica,Colorado
PLANT-00971,viola labradorica,Connecticut
PLANT-00971,viola labradorica,Delaware
PLANT-00971,viola labradorica,Florida
PLANT-00971,viola labradorica,Georgia
PLANT-00971,viola labradorica,Illinois
PLANT-00971,viola labradorica,Indiana
PLANT-00971,viola labradorica,Kentucky
PLANT-00971,viola labradorica,Maine
PLANT-00971,viola labradorica,Maryland
PLANT-00971,viola labradorica,Massachusetts
PLANT-00971,viola labradorica,Michigan
PLANT-00971,viola labradorica,Minnesota
PLANT-00971,viola labradorica,New Hampshire
PLANT-00971,viola labradorica,New Jersey
PLANT-00971,viola labradorica,New York
PLANT-00971,viola labradorica,North Carolina
PLANT-00971,viola labradorica,North Dakota
PLANT-00971,viola labradorica,Ohio
PLANT-00971,viola labradorica,Pennsylvania
PLANT-00971,viola labradorica,Rhode Island
PLANT-00971,viola labradorica,South Carolina
PLANT-00971,viola labradorica,Tennessee
PLANT-00971,viola labradorica,Vermont
PLANT-00971,viola labradorica,Virginia
PLANT-00971,viola labradorica,West Virginia
PLANT-00971,viola labradorica,Wisconsin
PLANT-00972,viola pedata,Alabama
PLANT-00972,viola pedata,Arkansas
PLANT-00972,viola pedata,Connecticut
PLANT-00972,viola pedata,Delaware
PLANT-00972,viola pedata,Georgia
PLANT-00972,viola pedata,Illinois
PLANT-00972,viola pedata,Indiana
PLANT-00972,viola pedata,Iowa
PLANT-00972,viola pedata,Kansas
PLANT-00972,viola pedata,Kentucky
PLANT-00972,viola pedata,Louisiana
PLANT-00972,viola pedata,Maine
PLANT-00972,viola pedata,Maryland
PLANT-00972,viola pedata,Massachusetts
PLANT-00972,viola pedata,Michigan
PLANT-00972,viola pedata,Minnesota
PLANT-00972,viola pedata,Mississippi
PLANT-00972,viola pedata,Missouri
PLANT-00972,viola pedata,Nebraska
PLANT-00972,viola pedata,New Hampshire
PLANT-00972,viola pedata,New Jersey
PLANT-00972,viola pedata,New York
PLANT-00972,viola pedata,North Carolina
PLANT-00972,viola pedata,Ohio
PLANT-00972,viola pedata,Oklahoma
PLANT-00972,viola pedata,Pennsylvania
PLANT-00972,viola pedata,Rhode Island
PLANT-00972,viola pedata,South Carolina
PLANT-00972,viola pedata,Tennessee
PLANT-00972,viola pedata,Texas
PLANT-00972,viola pedata,Virginia
PLANT-00972,viola pedata,West Virginia
PLANT-00972,viola pedata,Wisconsin
PLANT-00973,viola pedatifida,Arizona
PLANT-00973,viola pedatifida,Arkansas
PLANT-00973,viola pedatifida,Colorado
PLANT-00973,viola pedatifida,Illinois
PLANT-00973,viola pedatifida,Indiana
PLANT-00973,viola pedatifida,Iowa
PLANT-00973,viola pedatifida,Kansas
PLANT-00973,viola pedatifida,Michigan
PLANT-00973,viola pedatifida,Minnesota
PLANT-00973,viola pedatifida,Missouri
PLANT-00973,viola pedatifida,Montana
PLANT-00973,viola pedatifida,Nebraska
PLANT-00973,viola pedatifida,New Mexico
PLANT-00973,viola pedatifida,North Carolina
PLANT-00973,viola pedatifida,North Dakota
PLANT-00973,viola pedatifida,Ohio
PLANT-00973,viola pedatifida,Oklahoma
PLANT-00973,viola pedatifida,South Dakota
PLANT-00973,viola pedatifida,Tennessee
PLANT-00973,viola pedatifida,Texas
PLANT-00973,viola pedatifida,Virginia
PLANT-00973,viola pedatifida,Wisconsin
PLANT-00973,viola pedatifida,Wyoming
PLANT-00974,viola pubescens var. eriocarpa,Alabama
PLANT-00974,viola pubescens var. eriocarpa,Connecticut
PLANT-00974,viola pubescens var. eriocarpa,Delaware
PLANT-00974,viola pubescens var. eriocarpa,Georgia
PLANT-00974,viola pubescens var. eriocarpa,Illinois
PLANT-00974,viola pubescens var. eriocarpa,Indiana
PLANT-00974,viola pubescens var. eriocarpa,Kansas
PLANT-00974,viola pubescens var. eriocarpa,Kentucky
PLANT-00974,viola pubescens var. eriocarpa,Maine
PLANT-00974,viola pubescens var. eriocarpa,Maryland
PLANT-00974,viola pubescens var. eriocarpa,Massachusetts
PLANT-00974,viola pubescens var. eriocarpa,Michigan
PLANT-00974,viola pubescens var. eriocarpa,Minnesota
PLANT-00974,viola pubescens var. eriocarpa,Missouri
PLANT-00974,viola pubescens var. eriocarpa,New Hampshire
PLANT-00974,viola pubescens var. eriocarpa,New Jersey
PLANT-00974,viola pubescens var. eriocarpa,New York
PLANT-00974,viola pubescens var. eriocarpa,North Carolina
PLANT-00974,viola pubescens var. eriocarpa,Ohio
PLANT-00974,viola pubescens var. eriocarpa,Oklahoma
PLANT-00974,viola pubescens var. eriocarpa,Pennsylvania
PLANT-00974,viola pubescens var. eriocarpa,Rhode Island
PLANT-00974,viola pubescens var. eriocarpa,South Carolina
PLANT-00974,viola pubescens var. eriocarpa,Tennessee
PLANT-00974,viola pubescens var. eriocarpa,Vermont
PLANT-00974,viola pubescens var. eriocarpa,Virginia
PLANT-00974,viola pubescens var. eriocarpa,West Virginia
PLANT-00974,viola pubescens var. eriocarpa,Wisconsin
PLANT-00975,viola rotundifolia,Connecticut
PLANT-00975,viola rotundifolia,Delaware
PLANT-00975,viola rotundifolia,Georgia
PLANT-00975,viola rotundifolia,Kentucky
PLANT-00975,viola rotundifolia,Maine
PLANT-00975,viola rotundifolia,Maryland
PLANT-00975,viola rotundifolia,Massachusetts
PLANT-00975,viola rotundifolia,New Hampshire
PLANT-00975,viola rotundifolia,New Jersey
PLANT-00975,viola rotundifolia,New York
PLANT-00975,viola rotundifolia,North Carolina
PLANT-00975,viola rotundifolia,Ohio
PLANT-00975,viola rotundifolia,Pennsylvania
PLANT-00975,viola rotundifolia,Rhode Island
PLANT-00975,viola rotundifolia,South Carolina
PLANT-00975,viola rotundifolia,Tennessee
PLANT-00975,viola rotundifolia,Vermont
PLANT-00975,viola rotundifolia,Virginia
PLANT-00975,viola rotundifolia,West Virginia
PLANT-00976,viola sororia,Alabama
PLANT-00976,viola sororia,Arkansas
PLANT-00976,viola sororia,Connecticut
PLANT-00976,viola sororia,Delaware
PLANT-00976,viola sororia,Florida
PLANT-00976,viola sororia,Georgia
PLANT-00976,viola sororia,Illinois
PLANT-00976,viola sororia,Indiana
PLANT-00976,viola sororia,Iowa
PLANT-00976,viola sororia,Kansas
PLANT-00976,viola sororia,Kentucky
PLANT-00976,viola sororia,Louisiana
PLANT-00976,viola sororia,Maine
PLANT-00976,viola sororia,Maryland
PLANT-00976,viola sororia,Massachusetts
PLANT-00976,viola sororia,Michigan
PLANT-00976,viola sororia,Minnesota
PLANT-00976,viola sororia,Mississippi
PLANT-00976,viola sororia,Missouri
PLANT-00976,viola sororia,Nebraska
PLANT-00976,viola sororia,New Hampshire
PLANT-00976,viola sororia,New Jersey
PLANT-00976,viola sororia,New York
PLANT-00976,viola sororia,North Carolina
PLANT-00976,viola sororia,North Dakota
PLANT-00976,viola sororia,Ohio
PLANT-00976,viola sororia,Oklahoma
PLANT-00976,viola sororia,Pennsylvania
PLANT-00976,viola sororia,Rhode Island
PLANT-00976,viola sororia,South Carolina
PLANT-00976,viola sororia,South Dakota
PLANT-00976,viola sororia,Tennessee
PLANT-00976,viola sororia,Texas
PLANT-00976,viola sororia,Vermont
PLANT-00976,viola sororia,Virginia
PLANT-00976,viola sororia,West Virginia
PLANT-00976,viola sororia,Wisconsin
PLANT-00977,viola striata,Alabama
PLANT-00977,viola striata,Arkansas
PLANT-00977,viola striata,Connecticut
PLANT-00977,viola striata,Delaware
PLANT-00977,viola striata,Georgia
PLANT-00977,viola striata,Illinois
PLANT-00977,viola striata,Indiana
PLANT-00977,viola striata,Iowa
PLANT-00977,viola striata,Kentucky
PLANT-00977,viola striata,Maryland
PLANT-00977,viola striata,Massachusetts
PLANT-00977,viola striata,Michigan
PLANT-00977,viola striata,Missouri
PLANT-00977,viola striata,New Hampshire
PLANT-00977,viola striata,New Jersey
PLANT-00977,viola striata,New York
PLANT-00977,viola striata,North Carolina
PLANT-00977,viola striata,Ohio
PLANT-00977,viola striata,Oklahoma
PLANT-00977,viola striata,Pennsylvania
PLANT-00977,viola striata,South Carolina
PLANT-00977,viola striata,Tennessee
PLANT-00977,viola striata,Virginia
PLANT-00977,viola striata,West Virginia
PLANT-00977,viola striata,Wisconsin
PLANT-00978,vitex negundo,Alabama
PLANT-00978,vitex negundo,Florida
PLANT-00978,vitex negundo,Texas
PLANT-00979,vitis aestivalis,Alabama
PLANT-00979,vitis aestivalis,Arkansas
PLANT-00979,vitis aestivalis,California
PLANT-00979,vitis aestivalis,Connecticut
PLANT-00979,vitis aestivalis,Delaware
PLANT-00979,vitis aestivalis,Florida
PLANT-00979,vitis aestivalis,Georgia
PLANT-00979,vitis aestivalis,Illinois
PLANT-00979,vitis aestivalis,Indiana
PLANT-00979,vitis aestivalis,Iowa
PLANT-00979,vitis aestivalis,Kansas
PLANT-00979,vitis aestivalis,Kentucky
PLANT-00979,vitis aestivalis,Louisiana
PLANT-00979,vitis aestivalis,Maryland
PLANT-00979,vitis aestivalis,Massachusetts
PLANT-00979,vitis aestivalis,Mississippi
PLANT-00979,vitis aestivalis,Missouri
PLANT-00979,vitis aestivalis,Nebraska
PLANT-00979,vitis aestivalis,New Jersey
PLANT-00979,vitis aestivalis,New York
PLANT-00979,vitis aestivalis,North Carolina
PLANT-00979,vitis aestivalis,Ohio
PLANT-00979,vitis aestivalis,Oklahoma
PLANT-00979,vitis aestivalis,Rhode Island
PLANT-00979,vitis aestivalis,South Carolina
PLANT-00979,vitis aestivalis,Tennessee
PLANT-00979,vitis aestivalis,Texas
PLANT-00979,vitis aestivalis,Virginia
PLANT-00979,vitis aestivalis,West Virginia
PLANT-00979,vitis aestivalis,Wisconsin
PLANT-00980,vitis labrusca,Alabama
PLANT-00980,vitis labrusca,Connecticut
PLANT-00980,vitis labrusca,Delaware
PLANT-00980,vitis labrusca,Georgia
PLANT-00980,vitis labrusca,Indiana
PLANT-00980,vitis labrusca,Kentucky
PLANT-00980,vitis labrusca,Maine
PLANT-00980,vitis labrusca,Maryland
PLANT-00980,vitis labrusca,Massachusetts
PLANT-00980,vitis labrusca,Michigan
PLANT-00980,vitis labrusca,Mississippi
PLANT-00980,vitis labrusca,New Hampshire
PLANT-00980,vitis labrusca,New Jersey
PLANT-00980,vitis labrusca,New York
PLANT-00980,vitis labrusca,North Carolina
PLANT-00980,vitis labrusca,Ohio
PLANT-00980,vitis labrusca,Pennsylvania
PLANT-00980,vitis labrusca,Rhode Island
PLANT-00980,vitis labrusca,South Carolina
PLANT-00980,vitis labrusca,Tennessee
PLANT-00980,vitis labrusca,Utah
PLANT-00980,vitis labrusca,Vermont
PLANT-00980,vitis labrusca,Virginia
PLANT-00980,vitis labrusca,West Virginia
PLANT-00980,vitis labrusca,Wisconsin
PLANT-00981,waldsteinia fragarioides,Alabama
PLANT-00981,waldsteinia fragarioides,Arkansas
PLANT-00981,waldsteinia fragarioides,Connecticut
PLANT-00981,waldsteinia fragarioides,Georgia
PLANT-00981,waldsteinia fragarioides,Illinois
PLANT-00981,waldsteinia fragarioides,Indiana
PLANT-00981,waldsteinia fragarioides,Kentucky
PLANT-00981,waldsteinia fragarioides,Maine
PLANT-00981,waldsteinia fragarioides,Maryland
PLANT-00981,waldsteinia fragarioides,Massachusetts
PLANT-00981,waldsteinia fragarioides,Michigan
PLANT-00981,waldsteinia fragarioides,Minnesota
PLANT-00981,waldsteinia fragarioides,Missouri
PLANT-00981,waldsteinia fragarioides,New Hampshire
PLANT-00981,waldsteinia fragarioides,New Jersey
PLANT-00981,waldsteinia fragarioides,New York
PLANT-00981,waldsteinia fragarioides,North Carolina
PLANT-00981,waldsteinia fragarioides,Ohio
PLANT-00981,waldsteinia fragarioides,Pennsylvania
PLANT-00981,waldsteinia fragarioides,Tennessee
PLANT-00981,waldsteinia fragarioides,Vermont
PLANT-00981,waldsteinia fragarioides,Virginia
PLANT-00981,waldsteinia fragarioides,West Virginia
PLANT-00981,waldsteinia fragarioides,Wisconsin
PLANT-00982,waldsteinia lobata,Alabama
PLANT-00982,waldsteinia lobata,Georgia
PLANT-00982,waldsteinia lobata,North Carolina
PLANT-00982,waldsteinia lobata,South Carolina
PLANT-00983,wisteria frutescens,Alabama
PLANT-00983,wisteria frutescens,Arkansas
PLANT-00983,wisteria frutescens,Delaware
PLANT-00983,wisteria frutescens,Florida
PLANT-00983,wisteria frutescens,Georgia
PLANT-00983,wisteria frutescens,Illinois
PLANT-00983,wisteria frutescens,Indiana
PLANT-00983,wisteria frutescens,Kentucky
PLANT-00983,wisteria frutescens,Louisiana
PLANT-00983,wisteria frutescens,Michigan
PLANT-00983,wisteria frutescens,Mississippi
PLANT-00983,wisteria frutescens,Missouri
PLANT-00983,wisteria frutescens,North Carolina
PLANT-00983,wisteria frutescens,Oklahoma
PLANT-00983,wisteria frutescens,South Carolina
PLANT-00983,wisteria frutescens,Tennessee
PLANT-00983,wisteria frutescens,Texas
PLANT-00984,woodsia obtusa subsp. obtusa,Alabama
PLANT-00984,woodsia obtusa subsp. obtusa,Arkansas
PLANT-00984,woodsia obtusa subsp. obtusa,Connecticut
PLANT-00984,woodsia obtusa subsp. obtusa,Delaware
PLANT-00984,woodsia obtusa subsp. obtusa,Florida
PLANT-00984,woodsia obtusa subsp. obtusa,Georgia
PLANT-00984,woodsia obtusa subsp. obtusa,Illinois
PLANT-00984,woodsia obtusa subsp. obtusa,Indiana
PLANT-00984,woodsia obtusa subsp. obtusa,Iowa
PLANT-00984,woodsia obtusa subsp. obtusa,Kansas
PLANT-00984,woodsia obtusa subsp. obtusa,Kentucky
PLANT-00984,woodsia obtusa subsp. obtusa,Louisiana
PLANT-00984,woodsia obtusa subsp. obtusa,Maine
PLANT-00984,woodsia obtusa subsp. obtusa,Maryland
PLANT-00984,woodsia obtusa subsp. obtusa,Massachusetts
PLANT-00984,woodsia obtusa subsp. obtusa,Michigan
PLANT-00984,woodsia obtusa subsp. obtusa,Minnesota
PLANT-00984,woodsia obtusa subsp. obtusa,Mississippi
PLANT-00984,woodsia obtusa subsp. obtusa,Missouri
PLANT-00984,woodsia obtusa subsp. obtusa,Nebraska
PLANT-00984,woodsia obtusa subsp. obtusa,New Hampshire
PLANT-00984,woodsia obtusa subsp. obtusa,New Jersey
PLANT-00984,woodsia obtusa subsp. obtusa,New York
PLANT-00984,woodsia obtusa subsp. obtusa,North Carolina
PLANT-00984,woodsia obtusa subsp. obtusa,Ohio
PLANT-00984,woodsia obtusa subsp. obtusa,Oklahoma
PLANT-00984,woodsia obtusa subsp. obtusa,Pennsylvania
PLANT-00984,woodsia obtusa subsp. obtusa,Rhode Island
PLANT-00984,woodsia obtusa subsp. obtusa,South Carolina
PLANT-00984,woodsia obtusa subsp. obtusa,Tennessee
PLANT-00984,woodsia obtusa subsp. obtusa,Texas
PLANT-00984,woodsia obtusa subsp. obtusa,Vermont
PLANT-00984,woodsia obtusa subsp. obtusa,Virginia
PLANT-00984,woodsia obtusa subsp. obtusa,West Virginia
PLANT-00984,woodsia obtusa subsp. obtusa,Wisconsin
PLANT-00985,woodwardia areolata,Alabama
PLANT-00985,woodwardia areolata,Arkansas
PLANT-00985,woodwardia areolata,Connecticut
PLANT-00985,woodwardia areolata,Delaware
PLANT-00985,woodwardia areolata,Florida
PLANT-00985,woodwardia areolata,Georgia
PLANT-00985,woodwardia areolata,Illinois
PLANT-00985,woodwardia areolata,Indiana
PLANT-00985,woodwardia areolata,Kentucky
PLANT-00985,woodwardia areolata,Louisiana
PLANT-00985,woodwardia areolata,Maine
PLANT-00985,woodwardia areolata,Maryland
PLANT-00985,woodwardia areolata,Massachusetts
PLANT-00985,woodwardia areolata,Michigan
PLANT-00985,woodwardia areolata,Mississippi
PLANT-00985,woodwardia areolata,Missouri
PLANT-00985,woodwardia areolata,New Hampshire
PLANT-00985,woodwardia areolata,New Jersey
PLANT-00985,woodwardia areolata,New York
PLANT-00985,woodwardia areolata,North Carolina
PLANT-00985,woodwardia areolata,Ohio
PLANT-00985,woodwardia areolata,Oklahoma
PLANT-00985,woodwardia areolata,Pennsylvania
PLANT-00985,woodwardia areolata,Rhode Island
PLANT-00985,woodwardia areolata,South Carolina
PLANT-00985,woodwardia areolata,Tennessee
PLANT-00985,woodwardia areolata,Texas
PLANT-00985,woodwardia areolata,Virginia
PLANT-00985,woodwardia areolata,West Virginia
PLANT-00986,xanthocyparis nootkatensis,Alaska
PLANT-00986,xanthocyparis nootkatensis,California
PLANT-00986,xanthocyparis nootkatensis,Oregon
PLANT-00986,xanthocyparis nootkatensis,Washington
PLANT-00987,xanthorhiza simplicissima,Alabama
PLANT-00987,xanthorhiza simplicissima,Florida
PLANT-00987,xanthorhiza simplicissima,Georgia
PLANT-00987,xanthorhiza simplicissima,Kentucky
PLANT-00987,xanthorhiza simplicissima,Louisiana
PLANT-00987,xanthorhiza simplicissima,Maryland
PLANT-00987,xanthorhiza simplicissima,Mississippi
PLANT-00987,xanthorhiza simplicissima,North Carolina
PLANT-00987,xanthorhiza simplicissima,Pennsylvania
PLANT-00987,xanthorhiza simplicissima,South Carolina
PLANT-00987,xanthorhiza simplicissima,Tennessee
PLANT-00987,xanthorhiza simplicissima,Texas
PLANT-00987,xanthorhiza simplicissima,Virginia
PLANT-00987,xanthorhiza simplicissima,West Virginia
PLANT-00988,yucca brevifolia,California
PLANT-00988,yucca brevifolia,Nevada
PLANT-00989,yucca filamentosa,Alabama
PLANT-00989,yucca filamentosa,Arkansas
PLANT-00989,yucca filamentosa,Delaware
PLANT-00989,yucca filamentosa,Florida
PLANT-00989,yucca filamentosa,Georgia
PLANT-00989,yucca filamentosa,Louisiana
PLANT-00989,yucca filamentosa,Maryland
PLANT-00989,yucca filamentosa,Mississippi
PLANT-00989,yucca filamentosa,North Carolina
PLANT-00989,yucca filamentosa,South Carolina
PLANT-00989,yucca filamentosa,Tennessee
PLANT-00989,yucca filamentosa,Virginia
PLANT-00990,zanthoxylum americanum,Alabama
PLANT-00990,zanthoxylum americanum,Arkansas
PLANT-00990,zanthoxylum americanum,Connecticut
PLANT-00990,zanthoxylum americanum,Delaware
PLANT-00990,zanthoxylum americanum,Florida
PLANT-00990,zanthoxylum americanum,Georgia
PLANT-00990,zanthoxylum americanum,Illinois
PLANT-00990,zanthoxylum americanum,Indiana
PLANT-00990,zanthoxylum americanum,Iowa
PLANT-00990,zanthoxylum americanum,Kansas
PLANT-00990,zanthoxylum americanum,Kentucky
PLANT-00990,zanthoxylum americanum,Louisiana
PLANT-00990,zanthoxylum americanum,Maine
PLANT-00990,zanthoxylum americanum,Maryland
PLANT-00990,zanthoxylum americanum,Massachusetts
PLANT-00990,zanthoxylum americanum,Michigan
PLANT-00990,zanthoxylum americanum,Minnesota
PLANT-00990,zanthoxylum americanum,Missouri
PLANT-00990,zanthoxylum americanum,Nebraska
PLANT-00990,zanthoxylum americanum,New Hampshire
PLANT-00990,zanthoxylum americanum,New Jersey
PLANT-00990,zanthoxylum americanum,New York
PLANT-00990,zanthoxylum americanum,North Carolina
PLANT-00990,zanthoxylum americanum,North Dakota
PLANT-00990,zanthoxylum americanum,Ohio
PLANT-00990,zanthoxylum americanum,Oklahoma
PLANT-00990,zanthoxylum americanum,Pennsylvania
PLANT-00990,zanthoxylum americanum,Rhode Island
PLANT-00990,zanthoxylum americanum,South Carolina
PLANT-00990,zanthoxylum americanum,South Dakota
PLANT-00990,zanthoxylum americanum,Tennessee
PLANT-00990,zanthoxylum americanum,Vermont
PLANT-00990,zanthoxylum americanum,Virginia
PLANT-00990,zanthoxylum americanum,West Virginia
PLANT-00990,zanthoxylum americanum,Wisconsin
PLANT-00991,zanthoxylum clava-herculis,Alabama
PLANT-00991,zanthoxylum clava-herculis,Arkansas
PLANT-00991,zanthoxylum clava-herculis,Florida
PLANT-00991,zanthoxylum clava-herculis,Georgia
PLANT-00991,zanthoxylum clava-herculis,Louisiana
PLANT-00991,zanthoxylum clava-herculis,Mississippi
PLANT-00991,zanthoxylum clava-herculis,North Carolina
PLANT-00991,zanthoxylum clava-herculis,Oklahoma
PLANT-00991,zanthoxylum clava-herculis,South Carolina
PLANT-00991,zanthoxylum clava-herculis,Texas
PLANT-00991,zanthoxylum clava-herculis,Virginia
PLANT-00992,zenobia pulverulenta,Georgia
PLANT-00992,zenobia pulverulenta,North Carolina
PLANT-00992,zenobia pulverulenta,South Carolina
PLANT-00992,zenobia pulverulenta,Virginia
PLANT-00993,zephyranthes simpsonii,Alabama
PLANT-00993,zephyranthes simpsonii,Florida
PLANT-00993,zephyranthes simpsonii,Georgia
PLANT-00993,zephyranthes simpsonii,Mississippi
PLANT-00993,zephyranthes simpsonii,North Carolina
PLANT-00993,zephyranthes simpsonii,South Carolina
PLANT-00994,zephyranthes treatiae,Alabama
PLANT-00994,zephyranthes treatiae,Florida
PLANT-00994,zephyranthes treatiae,Georgia
PLANT-00994,zephyranthes treatiae,Louisiana
PLANT-00995,zinnia elegans,Alabama
PLANT-00995,zinnia elegans,California
PLANT-00995,zinnia elegans,Connecticut
PLANT-00995,zinnia elegans,Florida
PLANT-00995,zinnia elegans,Georgia
PLANT-00995,zinnia elegans,Louisiana
PLANT-00995,zinnia elegans,Maryland
PLANT-00995,zinnia elegans,Mississippi
PLANT-00995,zinnia elegans,North Carolina
PLANT-00995,zinnia elegans,Pennsylvania
PLANT-00995,zinnia elegans,South Carolina
PLANT-00995,zinnia elegans,Texas
PLANT-00996,zizia aptera,Alabama
PLANT-00996,zizia aptera,Arkansas
PLANT-00996,zizia aptera,Colorado
PLANT-00996,zizia aptera,Connecticut
PLANT-00996,zizia aptera,Delaware
PLANT-00996,zizia aptera,Florida
PLANT-00996,zizia aptera,Georgia
PLANT-00996,zizia aptera,Idaho
PLANT-00996,zizia aptera,Illinois
PLANT-00996,zizia aptera,Indiana
PLANT-00996,zizia aptera,Iowa
PLANT-00996,zizia aptera,Kentucky
PLANT-00996,zizia aptera,Maryland
PLANT-00996,zizia aptera,Michigan
PLANT-00996,zizia aptera,Minnesota
PLANT-00996,zizia aptera,Mississippi
PLANT-00996,zizia aptera,Missouri
PLANT-00996,zizia aptera,Montana
PLANT-00996,zizia aptera,Nevada
PLANT-00996,zizia aptera,New Jersey
PLANT-00996,zizia aptera,New York
PLANT-00996,zizia aptera,North Carolina
PLANT-00996,zizia aptera,North Dakota
PLANT-00996,zizia aptera,Ohio
PLANT-00996,zizia aptera,Oklahoma
PLANT-00996,zizia aptera,Oregon
PLANT-00996,zizia aptera,Pennsylvania
PLANT-00996,zizia aptera,Rhode Island
PLANT-00996,zizia aptera,South Carolina
PLANT-00996,zizia aptera,South Dakota
PLANT-00996,zizia aptera,Tennessee
PLANT-00996,zizia aptera,Utah
PLANT-00996,zizia aptera,Virginia
PLANT-00996,zizia aptera,Washington
PLANT-00996,zizia aptera,West Virginia
PLANT-00996,zizia aptera,Wisconsin
PLANT-00996,zizia aptera,Wyoming
PLANT-00997,zizia aurea,Alabama
PLANT-00997,zizia aurea,Arkansas
PLANT-00997,zizia aurea,Connecticut
PLANT-00997,zizia aurea,Delaware
PLANT-00997,zizia aurea,Florida
PLANT-00997,zizia aurea,Georgia
PLANT-00997,zizia aurea,Illinois
PLANT-00997,zizia aurea,Indiana
PLANT-00997,zizia aurea,Iowa
PLANT-00997,zizia aurea,Kansas
PLANT-00997,zizia aurea,Kentucky
PLANT-00997,zizia aurea,Louisiana
PLANT-00997,zizia aurea,Maine
PLANT-00997,zizia aurea,Maryland
PLANT-00997,zizia aurea,Massachusetts
PLANT-00997,zizia aurea,Michigan
PLANT-00997,zizia aurea,Minnesota
PLANT-00997,zizia aurea,Mississippi
PLANT-00997,zizia aurea,Missouri
PLANT-00997,zizia aurea,Montana
PLANT-00997,zizia aurea,Nebraska
PLANT-00997,zizia aurea,New Hampshire
PLANT-00997,zizia aurea,New Jersey
PLANT-00997,zizia aurea,New York
PLANT-00997,zizia aurea,North Carolina
PLANT-00997,zizia aurea,North Dakota
PLANT-00997,zizia aurea,Ohio
PLANT-00997,zizia aurea,Oklahoma
PLANT-00997,zizia aurea,Pennsylvania
PLANT-00997,zizia aurea,Rhode Island
PLANT-00997,zizia aurea,South Carolina
PLANT-00997,zizia aurea,South Dakota
PLANT-00997,zizia aurea,Tennessee
PLANT-00997,zizia aurea,Texas
PLANT-00997,zizia aurea,Vermont
PLANT-00997,zizia aurea,Virginia
PLANT-00997,zizia aurea,West Virginia
PLANT-00997,zizia aurea,Wisconsin
