plant_id,scientific_name_key,scientific_name,common_name,native_states,plant_type,sunlight,moisture,maintenance,zone_min,zone_max,bloom_start,bloom_end,accepted_usda_code,plant_family,growth_habit,duration,size_notes,bloom_color,bloom_time,water_use,light_requirements,soil_moisture,soil_ph,soil_description,wildlife_use,commercial_availability,propagation_description,supports_full_sun,supports_part_shade,supports_shade,supports_low_water,supports_medium_water,supports_high_water,bloom_jan,bloom_feb,bloom_mar,bloom_apr,bloom_may,bloom_jun,bloom_jul,bloom_aug,bloom_sep,bloom_oct,bloom_nov,bloom_dec,pollinator_group,pollinator_observation_count,supports_bee_observed,supports_butterfly_observed,supports_moth_observed,supports_fly_observed,supports_beetle_observed,supports_wasp_observed,supports_hummingbird_observed,has_ladybird_data,has_pollinator_data,display_name,image_url
PLANT-00001,abies balsamea,Abies balsamea,"Balsam Fir, Blister Pine, Northern Balsam",Connecticut | Iowa | Maine | Massachusetts | Michigan | Minnesota | New Hampshire | New Jersey | New York | Pennsylvania | Vermont | Virginia | West Virginia | Wisconsin,Needled evergreen,Full sun to part shade,Medium,Medium,3,6,Non-flowering,Non-flowering,ABBA,Pinaceae,Tree,Perennial,Up to about 75 feet tall.,"Yellow , Green , Purple , Brown","Sep , Oct , Nov",Medium,"Sun , Part Shade , Shade",Moist,Acidic (pH<6.8),"Well-drained, acid, moist soils.",Songbirds and squirrels eat seed and deer browse foliage. Deer and moose browse the foliage in winter.,yes,"Abies spp. are best propagated by means of seeds sown in early spring. In nature, Abies seeds often germinate on melting snow fields.",TRUE,TRUE,TRUE,FALSE,TRUE,FALSE,FALSE,FALSE,FALSE,FALSE,FALSE,FALSE,FALSE,FALSE,TRUE,TRUE,TRUE,FALSE,,,FALSE,FALSE,FALSE,FALSE,FALSE,FALSE,FALSE,TRUE,FALSE,"Balsam Fir, Blister Pine, Northern Balsam",https://inaturalist-open-data.s3.amazonaws.com/photos/9906794/medium.jpg
PLANT-00002,abies concolor,Abies concolor,"White Fir, Balsam Fir, Colorado Fir, Concolor Fir, Silver Fir, White Balsam, Oyamel De California",Arizona | California | Colorado | Idaho | Nevada | Oregon | Utah | Wyoming,Needled evergreen,Full sun to part shade,Medium,Medium,3,7,Non-flowering,Non-flowering,ABCO,Pinaceae,Tree,Perennial,"Up to about 130 feet tall, spread up to about 60 feet.",Red,"Apr , May , Jun",Medium,"Sun , Part Shade",,,"Well-drained, gravelly or sandy-loam soils.","The winged seeds of this and other firs are eaten by songbirds and various mammals, especially squirrels and chipmunks. Deer and grouse feed on the foliage; porcupines gnaw the bark.",yes,"Seed is the easiest method of propagation. In nature, Abies seeds often germinate on melting snow fields. Cuttings should be taken from December through March and seem to root best if treated with hormone.",TRUE,TRUE,FALSE,FALSE,TRUE,FALSE,FALSE,FALSE,FALSE,TRUE,TRUE,TRUE,FALSE,FALSE,FALSE,FALSE,FALSE,FALSE,,,FALSE,FALSE,FALSE,FALSE,FALSE,FALSE,FALSE,TRUE,FALSE,"White Fir, Balsam Fir, Colorado Fir, Concolor Fir, Silver Fir, White Balsam, Oyamel De California",https://inaturalist-open-data.s3.amazonaws.com/photos/56287604/medium.jpg
PLANT-00003,abies fraseri,Abies fraseri,"Fraser Fir, She-balsam",Georgia | Minnesota | North Carolina | Tennessee | Virginia,Needled evergreen,Full sun to part shade,Medium,Medium,4,7,Non-flowering,Non-flowering,ABFR,Pinaceae,Tree,Perennial,Up to about 75 feet tall.,Purple,Apr,Medium,Shade,,,,,,,FALSE,FALSE,TRUE,FALSE,TRUE,FALSE,FALSE,FALSE,FALSE,TRUE,FALSE,FALSE,FALSE,FALSE,FALSE,FALSE,FALSE,FALSE,,,FALSE,FALSE,FALSE,FALSE,FALSE,FALSE,FALSE,TRUE,FALSE,"Fraser Fir, She-balsam",https://inaturalist-open-data.s3.amazonaws.com/photos/2043904/medium.jpg
PLANT-00004,abies grandis,Abies grandis,"Grand Fir, Giant Fir",California | Idaho | Montana | Oregon | Washington,Needled evergreen,Full sun to part shade,Medium,Medium,5,6,Non-flowering,Non-flowering,ABGR,Pinaceae,Tree,,Up to more than 200 feet tall.,"White , Green","Apr , May",Medium,"Part Shade , Shade","Dry , Moist",,Well-drained soils.,,yes,"Abies spp. are best propagated by seeds sown in early spring. In nature, Abies seeds often germinate on melting snow fields.",FALSE,TRUE,TRUE,FALSE,TRUE,FALSE,FALSE,FALSE,FALSE,TRUE,TRUE,FALSE,FALSE,FALSE,FALSE,FALSE,FALSE,FALSE,,,FALSE,FALSE,FALSE,FALSE,FALSE,FALSE,FALSE,TRUE,FALSE,"Grand Fir, Giant Fir",https://inaturalist-open-data.s3.amazonaws.com/photos/56287604/medium.jpg
PLANT-00005,acacia koa,Acacia koa,koa,Hawaii,Tree,Full sun,Medium,Medium,10,11,Seasonal bloomer,Seasonal bloomer,,,,,,,,,,,,,,,,,,,,,,,,,,,,,,,,,,,,FALSE,FALSE,FALSE,FALSE,FALSE,FALSE,FALSE,FALSE,FALSE,koa,https://static.inaturalist.org/photos/98778970/medium.jpg
PLANT-00006,acalypha wilkesiana,Acalypha wilkesiana,Jacob's coat,Hawaii,Broadleaf evergreen,Full sun to part shade,Medium,Low,10,11,Seasonal bloomer,Seasonal bloomer,,,,,,,,,,,,,,,,,,,,,,,,,,,,,,,,,,,,FALSE,FALSE,FALSE,FALSE,FALSE,FALSE,FALSE,FALSE,FALSE,Jacob's coat,https://static.inaturalist.org/photos/346178667/medium.jpg
PLANT-00007,acer macrophyllum,Acer macrophyllum,"Bigleaf Maple, Big-leaf Maple",California | Oregon | Washington,Tree,Full sun to part shade,Medium,Low,6,7,April,May,ACMA3,Aceraceae,Tree,,"Height 30-100 feet, spread 30-50 feet or more, diameter 2 to 4 ft.","Yellow , Green , Brown","Apr , May",Medium,"Sun , Part Shade , Shade","Dry , Moist",,"Cool, moist soils.","Important forage for deer, squirrels and other wildlife.",yes,Use fresh seed.,TRUE,TRUE,TRUE,FALSE,TRUE,FALSE,FALSE,FALSE,FALSE,TRUE,TRUE,FALSE,FALSE,FALSE,FALSE,FALSE,FALSE,FALSE,,,FALSE,FALSE,FALSE,FALSE,FALSE,FALSE,FALSE,TRUE,FALSE,"Bigleaf Maple, Big-leaf Maple",https://inaturalist-open-data.s3.amazonaws.com/photos/494655644/medium.jpg
PLANT-00008,acer negundo,Acer negundo,"Box Elder, Box Elder Maple, Ash-leaved Maple, Ashleaf Maple, Red River Maple, Fresno De Guajuco",Alabama | Arkansas | Colorado | Connecticut | Delaware | Florida | Georgia | Illinois | Indiana | Iowa | Kansas | Kentucky | Louisiana | Maine | Maryland | Massachusetts | Michigan | Minnesota | Mississippi | Missouri | Nebraska | New Hampshire | New Jersey | New York | North Carolina | North Dakota | Ohio | Oklahoma | Oregon | Pennsylvania | Rhode Island | South Carolina | South Dakota | Tennessee | Texas | Utah | Vermont | Virginia | Washington | West Virginia | Wisconsin,Tree,Full sun,Medium to wet,Low,2,10,March,April,ACNE2,Aceraceae,Tree,Perennial,Up to about 50 feet tall.,"Yellow , Green , Brown","Mar , Apr",Medium,Sun,Moist,,Variable.,"Birds, Other Showy Insects",,,TRUE,FALSE,FALSE,FALSE,TRUE,FALSE,FALSE,FALSE,TRUE,TRUE,FALSE,FALSE,FALSE,FALSE,FALSE,FALSE,FALSE,FALSE,,,FALSE,FALSE,FALSE,FALSE,FALSE,FALSE,FALSE,TRUE,FALSE,"Box Elder, Box Elder Maple, Ash-leaved Maple, Ashleaf Maple, Red River Maple, Fresno De Guajuco",https://inaturalist-open-data.s3.amazonaws.com/photos/486113480/medium.jpg
PLANT-00009,acer pensylvanicum,Acer pensylvanicum,"Striped Maple, Moosewood",Connecticut | Georgia | Indiana | Kentucky | Maine | Maryland | Massachusetts | Michigan | Minnesota | New Hampshire | New Jersey | New York | North Carolina | Ohio | Pennsylvania | Rhode Island | South Carolina | Tennessee | Vermont | Virginia | West Virginia | Wisconsin,Tree,Part shade,Medium,Low,3,7,April,May,ACPE,Aceraceae,Tree,Perennial,Up to about 35 feet tall.,"Yellow , Green , Brown","Apr , May",Low,"Part Shade , Shade",Moist,Acidic (pH<6.8),"Cool, well-drained, moist, acidic soils.",,yes,"Propagate by stratified seed or cuttings. Late softwood or semi-hardwood cuttings may root under mist, however percentages are often low.",FALSE,TRUE,TRUE,TRUE,FALSE,FALSE,FALSE,FALSE,FALSE,TRUE,TRUE,FALSE,FALSE,FALSE,FALSE,FALSE,FALSE,FALSE,,,FALSE,FALSE,FALSE,FALSE,FALSE,FALSE,FALSE,TRUE,FALSE,"Striped Maple, Moosewood",https://inaturalist-open-data.s3.amazonaws.com/photos/8048591/medium.jpg
PLANT-00010,acer rubrum,Acer rubrum,"Red Maple, Scarlet Maple, Soft Maple",Alabama | Arkansas | Connecticut | Delaware | Florida | Georgia | Illinois | Indiana | Iowa | Kentucky | Louisiana | Maine | Maryland | Massachusetts | Michigan | Minnesota | Mississippi | Missouri | New Hampshire | New Jersey | New York | North Carolina | Ohio | Oklahoma | Pennsylvania | Rhode Island | South Carolina | Tennessee | Texas | Vermont | Virginia | West Virginia | Wisconsin,Tree,Full sun to part shade,Medium to wet,Low,3,9,March,April,ACRU,Aceraceae,Tree,Perennial,Up to about 100 feet tall.,"Red , Yellow","Mar , Apr",High,"Sun , Part Shade",Moist,"Acidic (pH<6.8) , Circumneutral (pH 6.8-7.2)","Moist, slightly acidic soils.",Browsed by deer and moose. Also used by squirrels and a variety of birds (Wasowski and Wasowski 1994). Maples are widely used by inchworms (Geometridae) and relied on by the Rosy Maple Moth (,yes,Seeds mature in early summer and will germinate without pretreatment although treatment will hasten and unify germination. Softwood cuttings root readily with hormone.,TRUE,TRUE,FALSE,FALSE,FALSE,TRUE,FALSE,FALSE,TRUE,TRUE,FALSE,FALSE,FALSE,FALSE,FALSE,FALSE,FALSE,FALSE,,,FALSE,FALSE,FALSE,FALSE,FALSE,FALSE,FALSE,TRUE,FALSE,"Red Maple, Scarlet Maple, Soft Maple",https://inaturalist-open-data.s3.amazonaws.com/photos/371065093/medium.jpg
PLANT-00011,acer saccharinum,Acer saccharinum,"Silver Maple, Soft Maple, White Maple",Alabama | Arkansas | California | Connecticut | Delaware | Florida | Georgia | Illinois | Indiana | Iowa | Kansas | Kentucky | Louisiana | Maine | Maryland | Massachusetts | Michigan | Minnesota | Mississippi | Missouri | Nebraska | New Hampshire | New Jersey | New Mexico | New York | North Carolina | North Dakota | Ohio | Oklahoma | Pennsylvania | Rhode Island | South Carolina | South Dakota | Tennessee | Vermont | Virginia | Washington | West Virginia | Wisconsin,Tree,Full sun to part shade,Medium to wet,Low,3,9,March,March,ACSA2,Aceraceae,Tree,Perennial,Up to about 100 feet tall.,"White , Red , Yellow","Mar , Apr",Medium,"Sun , Part Shade , Shade",Moist,,"Rich, wet to moist, slightly acid soils.",,yes,Seed has no dormancy and germinates immediately after maturing. Treated softwood cuttings root readily.,TRUE,TRUE,TRUE,FALSE,TRUE,FALSE,FALSE,FALSE,TRUE,TRUE,FALSE,FALSE,FALSE,FALSE,FALSE,FALSE,FALSE,FALSE,,,FALSE,FALSE,FALSE,FALSE,FALSE,FALSE,FALSE,TRUE,FALSE,"Silver Maple, Soft Maple, White Maple",https://inaturalist-open-data.s3.amazonaws.com/photos/135565/medium.jpg
PLANT-00012,acer saccharum,Acer saccharum,"Sugar Maple, Northern Sugar Maple",Alabama | Arkansas | Connecticut | Delaware | Georgia | Illinois | Indiana | Iowa | Kansas | Kentucky | Louisiana | Maine | Maryland | Massachusetts | Michigan | Minnesota | Mississippi | Missouri | New Hampshire | New Jersey | New York | North Carolina | North Dakota | Ohio | Oklahoma | Pennsylvania | Rhode Island | South Dakota | Tennessee | Vermont | Virginia | West Virginia | Wisconsin,Tree,Full sun to part shade,Medium,Medium,3,8,April,April,ACSA3,Aceraceae,Tree,Perennial,Up to about 100 feet tall.,"Yellow , Green , Brown","Apr , May",Medium,"Sun , Part Shade , Shade","Dry , Moist",,"Rich, moist, well-drained soils.",,yes,Propagation is possible by seed. Not considered easy to root from cuttings.,TRUE,TRUE,TRUE,FALSE,TRUE,FALSE,FALSE,FALSE,FALSE,TRUE,TRUE,FALSE,FALSE,FALSE,FALSE,FALSE,FALSE,FALSE,,,FALSE,FALSE,FALSE,FALSE,FALSE,FALSE,FALSE,TRUE,FALSE,"Sugar Maple, Northern Sugar Maple",https://inaturalist-open-data.s3.amazonaws.com/photos/230661769/medium.jpeg
PLANT-00013,acer saccharum subsp. grandidentatum,Acer saccharum subsp. grandidentatum,bigtooth maple,Arizona | Colorado | Idaho | Montana | Nevada | New Mexico | Texas | Utah | Washington | Wyoming,Deciduous shrub,Full sun to part shade,Medium,Low,5,8,April,May,,,,,,,,,,,,,,,,,,,,,,,,,,,,,,,,,,,,FALSE,FALSE,FALSE,FALSE,FALSE,FALSE,FALSE,FALSE,FALSE,bigtooth maple,
PLANT-00014,acer saccharum subsp. nigrum,Acer saccharum subsp. nigrum,black maple,Alabama | Arkansas | Connecticut | Delaware | Georgia | Illinois | Indiana | Iowa | Kansas | Kentucky | Maryland | Massachusetts | Michigan | Minnesota | Missouri | New Hampshire | New Jersey | New York | North Carolina | Ohio | Pennsylvania | South Dakota | Tennessee | Vermont | Virginia | West Virginia | Wisconsin,Tree,Full sun to part shade,Medium,Medium,4,8,April,April,,,,,,,,,,,,,,,,,,,,,,,,,,,,,,,,,,,,FALSE,FALSE,FALSE,FALSE,FALSE,FALSE,FALSE,FALSE,FALSE,black maple,
PLANT-00015,achillea millefolium,Achillea millefolium,"Common Yarrow, Western Yarrow, Yarrow, Milfoil",Alabama | Alaska | Arizona | Arkansas | California | Colorado | Connecticut | Delaware | Florida | Georgia | Idaho | Illinois | Indiana | Iowa | Kansas | Kentucky | Louisiana | Maine | Maryland | Massachusetts | Michigan | Minnesota | Mississippi | Missouri | Montana | Nebraska | Nevada | New Hampshire | New Jersey | New Mexico | New York | North Carolina | North Dakota | Ohio | Oklahoma | Oregon | Pennsylvania | Rhode Island | South Carolina | South Dakota | Tennessee | Texas | Utah | Vermont | Virginia | Washington | West Virginia | Wisconsin | Wyoming,Herbaceous perennial,Full sun,Dry to medium,Medium,3,9,June,September,ACMI2,Asteraceae,Herb,,Up to about 3 feet tall.,"White , Pink","Apr , May , Jun , Jul , Aug , Sep",Medium,"Sun , Part Shade",Dry,,,,yes,,TRUE,TRUE,FALSE,FALSE,TRUE,FALSE,FALSE,FALSE,FALSE,TRUE,TRUE,TRUE,TRUE,TRUE,TRUE,FALSE,FALSE,FALSE,Bee | Beetle | Butterfly | Fly | Moth | Other or Unclassified | Wasp,748,TRUE,TRUE,TRUE,TRUE,TRUE,TRUE,FALSE,TRUE,TRUE,"Common Yarrow, Western Yarrow, Yarrow, Milfoil",https://inaturalist-open-data.s3.amazonaws.com/photos/4902/medium.jpg
PLANT-00016,acoelorrhaphe wrightii,Acoelorrhaphe wrightii,paurotis palm,Florida,Palm or Cycad,Full sun,Medium to wet,Medium,9,12,Seasonal bloomer,Seasonal bloomer,,,,,,,,,,,,,,,,,,,,,,,,,,,,,,,,,,,,FALSE,FALSE,FALSE,FALSE,FALSE,FALSE,FALSE,FALSE,FALSE,paurotis palm,https://inaturalist-open-data.s3.amazonaws.com/photos/119800158/medium.jpeg
PLANT-00017,acorus calamus,Acorus calamus,sweet flag,Alaska | Connecticut | Idaho | Illinois | Indiana | Iowa | Kansas | Maine | Massachusetts | Michigan | Minnesota | Montana | Nebraska | New Hampshire | New Jersey | New York | North Dakota | Ohio | Pennsylvania | Rhode Island | South Dakota | Vermont | Virginia | Washington | Wisconsin,Rush or Sedge,Full sun to part shade,Medium to wet,Low,4,10,Non-flowering,Non-flowering,,,,,,,,,,,,,,,,,,,,,,,,,,,,,,,,,,,,FALSE,FALSE,FALSE,FALSE,FALSE,FALSE,FALSE,FALSE,FALSE,sweet flag,https://inaturalist-open-data.s3.amazonaws.com/photos/31058762/medium.jpg
PLANT-00018,actaea pachypoda,Actaea pachypoda,"White Baneberry, Dolls Eyes",Alabama | Arkansas | Connecticut | Delaware | Florida | Georgia | Illinois | Indiana | Iowa | Kansas | Kentucky | Louisiana | Maine | Maryland | Massachusetts | Michigan | Minnesota | Mississippi | Missouri | Nebraska | New Hampshire | New Jersey | New York | North Carolina | Ohio | Oklahoma | Pennsylvania | Rhode Island | South Carolina | Tennessee | Vermont | Virginia | West Virginia | Wisconsin,Herbaceous perennial,Part shade to full shade,Medium,Low,3,8,May,June,ACPA,Ranunculaceae,Herb,Perennial,Up to about 30 inches tall.,White,"Apr , May , Jun",,"Part Shade , Shade","Moist , Wet",Acidic (pH<6.8),"Various well-drained, humus-rich soils.",,yes,"Propagated by root division in early spring or fall, or by seed sown outside, 1/2"" deep, as soon as ripe. Seeds germinate the following year and flower the third.",FALSE,TRUE,TRUE,FALSE,FALSE,FALSE,FALSE,FALSE,FALSE,TRUE,TRUE,TRUE,FALSE,FALSE,FALSE,FALSE,FALSE,FALSE,,,FALSE,FALSE,FALSE,FALSE,FALSE,FALSE,FALSE,TRUE,FALSE,"White Baneberry, Dolls Eyes",https://inaturalist-open-data.s3.amazonaws.com/photos/660709/medium.jpg
PLANT-00019,actaea racemosa,Actaea racemosa,Black Baneberry,Alabama | Arkansas | Connecticut | Delaware | Georgia | Illinois | Indiana | Iowa | Kentucky | Maine | Maryland | Massachusetts | Michigan | Mississippi | Missouri | New Jersey | New York | North Carolina | Ohio | Pennsylvania | South Carolina | Tennessee | Virginia | West Virginia,Herbaceous perennial,Part shade to full shade,Medium,Low,3,8,June,July,ACRA7,Ranunculaceae,Herb,Perennial,Up to about 8 feet tall.,"White , Green","Jun , Jul , Aug , Sep",,,,,,,,,FALSE,FALSE,FALSE,FALSE,FALSE,FALSE,FALSE,FALSE,FALSE,FALSE,FALSE,TRUE,TRUE,TRUE,TRUE,FALSE,FALSE,FALSE,,,FALSE,FALSE,FALSE,FALSE,FALSE,FALSE,FALSE,TRUE,FALSE,Black Baneberry,https://inaturalist-open-data.s3.amazonaws.com/photos/93111/medium.jpg
PLANT-00020,adiantum capillus-veneris,Adiantum capillus-veneris,"Southern Maidenhair Fern, Common Maidenhair Fern, Maidenhair Fern, Venus Hair Fern",Alabama | Arizona | Arkansas | California | Colorado | Florida | Georgia | Hawaii | Kentucky | Louisiana | Maryland | Mississippi | Missouri | Nevada | New Mexico | North Carolina | Ohio | Oklahoma | South Carolina | South Dakota | Tennessee | Texas | Utah | Virginia,Fern,Part shade to full shade,Medium,Low,5,8,Non-flowering,Non-flowering,ADCA,Pteridaceae,Fern,Perennial,Height 6-20 inches.,Not Applicable,,"Medium , High","Part Shade , Shade","Moist , Wet",Alkaline (pH>7.2),"Moist, well-drained sand, loam or limestone. Can occur as an attached mass growing directly on rock outcroppings where moisture is present",,yes,Propagated by,FALSE,TRUE,TRUE,FALSE,TRUE,TRUE,FALSE,FALSE,FALSE,FALSE,FALSE,FALSE,FALSE,FALSE,FALSE,FALSE,FALSE,FALSE,,,FALSE,FALSE,FALSE,FALSE,FALSE,FALSE,FALSE,TRUE,FALSE,"Southern Maidenhair Fern, Common Maidenhair Fern, Maidenhair Fern, Venus Hair Fern",https://inaturalist-open-data.s3.amazonaws.com/photos/170713050/medium.jpeg
PLANT-00021,adiantum pedatum,Adiantum pedatum,"Northern Maidenhair Fern, Maidenhair Fern",Alabama | Alaska | Arkansas | Connecticut | Delaware | Georgia | Illinois | Iowa | Kansas | Kentucky | Louisiana | Maine | Maryland | Michigan | Minnesota | Mississippi | Missouri | Nebraska | New Hampshire | New Jersey | New York | North Carolina | Ohio | Oklahoma | Pennsylvania | Rhode Island | South Carolina | South Dakota | Tennessee | Vermont | Virginia | West Virginia | Wisconsin,Fern,Part shade to full shade,Medium,Low,3,8,Non-flowering,Non-flowering,ADPE,Pteridaceae,Fern,Perennial,Fronds up to about 30 inches long.,Not Applicable,"Jun , Jul , Aug , Sep , Oct , Nov",Medium,"Part Shade , Shade",Moist,Circumneutral (pH 6.8-7.2),"Rich, moist, well-drained soils, mostly acidic but can tolerate some lime.",Provides shelter for toads and lizards.,yes,Easily propagated by,FALSE,TRUE,TRUE,FALSE,TRUE,FALSE,FALSE,FALSE,FALSE,FALSE,FALSE,TRUE,TRUE,TRUE,TRUE,TRUE,TRUE,FALSE,,,FALSE,FALSE,FALSE,FALSE,FALSE,FALSE,FALSE,TRUE,FALSE,"Northern Maidenhair Fern, Maidenhair Fern",https://static.inaturalist.org/photos/130175468/medium.jpeg
PLANT-00022,aesculus californica,Aesculus californica,California Buckeye,California,Tree,Full sun to part shade,Medium,Medium,7,8,February,March,AECA,Hippocastanaceae,Shrub,Perennial,"Height 15-40 feet, spread 30-60 feet.","White , Pink","Apr , May , Jun",Medium,"Sun , Part Shade",Dry,,"Poor, dry soils.","Chipmunks and squirrels consume the seeds, but bees are poisoned by the",yes,Fall-sown seeds germinate easily without pretreatment.,TRUE,TRUE,FALSE,FALSE,TRUE,FALSE,FALSE,FALSE,FALSE,TRUE,TRUE,TRUE,FALSE,FALSE,FALSE,FALSE,FALSE,FALSE,,,FALSE,FALSE,FALSE,FALSE,FALSE,FALSE,FALSE,TRUE,FALSE,California Buckeye,https://inaturalist-open-data.s3.amazonaws.com/photos/72460428/medium.jpg
PLANT-00023,aesculus flava,Aesculus flava,"Yellow Buckeye, Sweet Buckeye",Alabama | Georgia | Illinois | Indiana | Kentucky | Maryland | Mississippi | New Jersey | North Carolina | Ohio | Pennsylvania | South Carolina | Tennessee | Virginia | West Virginia,Tree,Full sun to part shade,Medium,Medium,4,8,April,May,AEFL,Hippocastanaceae,Tree,Perennial,Up to about 75 feet tall.,White,"Apr , May , Jun",High,Shade,Moist,Circumneutral (pH 6.8-7.2),"Rich, moist, well-drained soils.",Squirrels eat the nuts.,yes,"Either stratify the seed or plant fresh seed in the fall, 2 in. deep, allowing it to naturally stratify during the winter.",FALSE,FALSE,TRUE,FALSE,FALSE,TRUE,FALSE,FALSE,FALSE,TRUE,TRUE,TRUE,FALSE,FALSE,FALSE,FALSE,FALSE,FALSE,,,FALSE,FALSE,FALSE,FALSE,FALSE,FALSE,FALSE,TRUE,FALSE,"Yellow Buckeye, Sweet Buckeye",https://inaturalist-open-data.s3.amazonaws.com/photos/193277568/medium.jpg
PLANT-00024,aesculus glabra,Aesculus glabra,"Ohio Buckeye, Texas Buckeye, Fetid Buckeye, Horse Chestnut",Alabama | Arkansas | Georgia | Illinois | Indiana | Iowa | Kansas | Kentucky | Maine | Maryland | Michigan | Minnesota | Mississippi | Missouri | New Hampshire | New Jersey | New York | North Carolina | Ohio | Oklahoma | Pennsylvania | South Carolina | Tennessee | Texas | West Virginia | Wisconsin,Tree,Full sun to part shade,Medium,Medium,3,7,April,May,AEGL,Hippocastanaceae,Tree,Perennial,"Up to about 75 feet tall, often shorter.","Yellow , Green , Brown","Mar , Apr , May",Medium,"Sun , Part Shade , Shade",Moist,Acidic (pH<6.8),"Rich, moist, well-drained soils.",Squirrels eat seeds. Hummingbirds are attracted to the flowers.,yes,Sow seeds in fall.,TRUE,TRUE,TRUE,FALSE,TRUE,FALSE,FALSE,FALSE,TRUE,TRUE,TRUE,FALSE,FALSE,FALSE,FALSE,FALSE,FALSE,FALSE,,,FALSE,FALSE,FALSE,FALSE,FALSE,FALSE,FALSE,TRUE,FALSE,"Ohio Buckeye, Texas Buckeye, Fetid Buckeye, Horse Chestnut",https://static.inaturalist.org/photos/37462323/medium.jpeg
PLANT-00025,aesculus parviflora,Aesculus parviflora,Bottlebrush Buckeye,Alabama | Georgia | New Jersey | Pennsylvania | South Carolina,Deciduous shrub,Part shade to full shade,Medium,Low,4,8,June,July,AEPA2,Hippocastanaceae,Shrub,Perennial,,White,"Jun , Jul",,Part Shade,,,"Moist, well-drained, shallow soils over limestone or loamy sands.",Flowers attract hummingbirds and butterflies.,yes,Seeds should be planted as soon as possible after they are collected and never allowed to dry out. Softwood cuttings under mist root in fair percentages. The commercial method of propagating bottlebrush buckeye is root cuttings.,FALSE,TRUE,FALSE,FALSE,FALSE,FALSE,FALSE,FALSE,FALSE,FALSE,FALSE,TRUE,TRUE,FALSE,FALSE,FALSE,FALSE,FALSE,,,FALSE,FALSE,FALSE,FALSE,FALSE,FALSE,FALSE,TRUE,FALSE,Bottlebrush Buckeye,https://inaturalist-open-data.s3.amazonaws.com/photos/19700508/medium.jpg
PLANT-00026,aesculus parviflora var. serotina,Aesculus parviflora var. serotina,bottlebrush buckeye,Alabama | Arkansas | Delaware | Florida | Georgia | Kentucky | Louisiana | Maryland | Mississippi | North Carolina | South Carolina | Tennessee | Virginia,Deciduous shrub,Part shade to full shade,Medium,Low,4,8,July,July,,,,,,,,,,,,,,,,,,,,,,,,,,,,,,,,,,,,FALSE,FALSE,FALSE,FALSE,FALSE,FALSE,FALSE,FALSE,FALSE,bottlebrush buckeye,
PLANT-00027,aesculus pavia,Aesculus pavia,"Red Buckeye, Scarlet Buckeye , Firecracker Plant",Alabama | Arkansas | Florida | Georgia | Illinois | Kentucky | Louisiana | Mississippi | Missouri | North Carolina | Oklahoma | South Carolina | Tennessee | Texas | Virginia | West Virginia,Deciduous shrub,Full sun to part shade,Medium,Medium,4,8,April,May,AEPA,Hippocastanaceae,Shrub,Perennial,"10-40 feet, Texas specimens usually on the short end of that range, with those in central Texas commonly no more than 15 feet.","Red , Yellow","Mar , Apr , May","Medium , High",Part Shade,Moist,"Acidic (pH<6.8) , Circumneutral (pH 6.8-7.2)","Deep, well-drained sand, loam, clay, limestone. Variety",Flowers attract hummingbirds and bees. Nuts consumed by squirrels.,yes,"Sow untreated seeds promptly in loose, rich, well-drained soil.",FALSE,TRUE,FALSE,FALSE,TRUE,TRUE,FALSE,FALSE,TRUE,TRUE,TRUE,FALSE,FALSE,FALSE,FALSE,FALSE,FALSE,FALSE,,,FALSE,FALSE,FALSE,FALSE,FALSE,FALSE,FALSE,TRUE,FALSE,"Red Buckeye, Scarlet Buckeye , Firecracker Plant",https://inaturalist-open-data.s3.amazonaws.com/photos/34729028/medium.jpeg
PLANT-00028,aesculus sylvatica,Aesculus sylvatica,Painted Buckeye,Alabama | Florida | Georgia | Kentucky | North Carolina | South Carolina | Tennessee | Virginia,Deciduous shrub,Part shade,Medium,Medium,7,8,April,May,AESY,Hippocastanaceae,Shrub,Perennial,"Usually shrub-like, up to about 15 feet tall. Sometimes grows as a","Yellow , Green","Apr , May",,,,,,,,,FALSE,FALSE,FALSE,FALSE,FALSE,FALSE,FALSE,FALSE,FALSE,TRUE,TRUE,FALSE,FALSE,FALSE,FALSE,FALSE,FALSE,FALSE,,,FALSE,FALSE,FALSE,FALSE,FALSE,FALSE,FALSE,TRUE,FALSE,Painted Buckeye,https://inaturalist-open-data.s3.amazonaws.com/photos/7448565/medium.jpg
PLANT-00029,agalinis tenuifolia,Agalinis tenuifolia,Slenderleaf False Foxglove,Alabama | Arkansas | Colorado | Connecticut | Delaware | Florida | Georgia | Illinois | Indiana | Iowa | Kansas | Kentucky | Louisiana | Maine | Maryland | Massachusetts | Michigan | Minnesota | Mississippi | Missouri | Nebraska | New Hampshire | New Jersey | New Mexico | New York | North Carolina | North Dakota | Ohio | Oklahoma | Pennsylvania | Rhode Island | South Carolina | South Dakota | Tennessee | Texas | Vermont | Virginia | West Virginia | Wisconsin | Wyoming,Annual,Full sun to part shade,Medium,Medium,2,11,August,October,AGTE3,Scrophulariaceae,Herb,Annual,Up to about 3 feet tall.,"White , Red , Pink , Yellow , Purple","Jul , Aug , Sep , Oct , Nov",Medium,"Sun , Part Shade",,,,,,,TRUE,TRUE,FALSE,FALSE,TRUE,FALSE,FALSE,FALSE,FALSE,FALSE,FALSE,FALSE,TRUE,TRUE,TRUE,TRUE,TRUE,FALSE,,,FALSE,FALSE,FALSE,FALSE,FALSE,FALSE,FALSE,TRUE,FALSE,Slenderleaf False Foxglove,https://inaturalist-open-data.s3.amazonaws.com/photos/420427363/medium.jpg
PLANT-00030,agastache cana,Agastache cana,"Mosquito Plant, Mosquito-plant, Texas Hummingbird Mint",New Mexico | Texas,Herbaceous perennial,Full sun to part shade,Dry to medium,Low,5,9,June,July,AGCA,Lamiaceae,Herb,Perennial,Up to about 3 feet tall.,Pink,"Jun , Jul , Aug , Sep , Oct",,,,,,,,,FALSE,FALSE,FALSE,FALSE,FALSE,FALSE,FALSE,FALSE,FALSE,FALSE,FALSE,TRUE,TRUE,TRUE,TRUE,TRUE,FALSE,FALSE,,,FALSE,FALSE,FALSE,FALSE,FALSE,FALSE,FALSE,TRUE,FALSE,"Mosquito Plant, Mosquito-plant, Texas Hummingbird Mint",https://inaturalist-open-data.s3.amazonaws.com/photos/117346114/medium.jpg
PLANT-00031,agastache foeniculum,Agastache foeniculum,"Blue Giant Hyssop, Blue Giant-hyssop, Fragrant Giant Hyssop, Lavender Hyssop, Anise Hyssop",Colorado | Connecticut | Delaware | Idaho | Illinois | Iowa | Kentucky | Michigan | Minnesota | Montana | Nebraska | New Hampshire | New York | North Dakota | Pennsylvania | South Dakota | Washington | Wisconsin | Wyoming,Herbaceous perennial,Full sun to part shade,Dry to medium,Medium,4,8,June,September,AGFO,Lamiaceae,Herb,Perennial,Up to about 4 feet tall.,"Blue , Purple","Jun , Jul , Aug , Sep",,"Sun , Part Shade , Shade",Moist,,"Sandy, well-drained soils",,yes,Very easy to start from seed. Divide plant in spring or fall.,TRUE,TRUE,TRUE,FALSE,FALSE,FALSE,FALSE,FALSE,FALSE,FALSE,FALSE,TRUE,TRUE,TRUE,TRUE,FALSE,FALSE,FALSE,,,FALSE,FALSE,FALSE,FALSE,FALSE,FALSE,FALSE,TRUE,FALSE,"Blue Giant Hyssop, Blue Giant-hyssop, Fragrant Giant Hyssop, Lavender Hyssop, Anise Hyssop",https://inaturalist-open-data.s3.amazonaws.com/photos/417901162/medium.jpeg
PLANT-00032,agastache nepetoides,Agastache nepetoides,Yellow Giant Hyssop,Alabama | Arkansas | Delaware | Georgia | Illinois | Indiana | Iowa | Kansas | Kentucky | Maryland | Michigan | Minnesota | Missouri | Nebraska | New Jersey | New York | North Carolina | Ohio | Oklahoma | Pennsylvania | South Carolina | South Dakota | Tennessee | Vermont | Virginia | West Virginia | Wisconsin,Herbaceous perennial,Full sun to part shade,Medium,Low,2,8,July,September,AGNE2,Lamiaceae,Subshrub,Perennial,Up to about 6 feet tall.,"Yellow , Green","Jul , Aug , Sep",Medium,"Sun , Part Shade",,,,,,,TRUE,TRUE,FALSE,FALSE,TRUE,FALSE,FALSE,FALSE,FALSE,FALSE,FALSE,FALSE,TRUE,TRUE,TRUE,FALSE,FALSE,FALSE,,,FALSE,FALSE,FALSE,FALSE,FALSE,FALSE,FALSE,TRUE,FALSE,Yellow Giant Hyssop,https://static.inaturalist.org/photos/152641959/medium.jpg
PLANT-00033,agastache rupestris,Agastache rupestris,"Threadleaf Giant Hyssop, Thread-leaf Giant-hyssop",Arizona | New Mexico,Herbaceous perennial,Full sun to part shade,Dry to medium,Low,5,8,July,September,AGRU,Lamiaceae,Herb,,Up to about 3 feet tall.,"Red , Pink , Purple","Aug , Sep , Oct",,,,,,,,,FALSE,FALSE,FALSE,FALSE,FALSE,FALSE,FALSE,FALSE,FALSE,FALSE,FALSE,FALSE,FALSE,TRUE,TRUE,TRUE,FALSE,FALSE,,,FALSE,FALSE,FALSE,FALSE,FALSE,FALSE,FALSE,TRUE,FALSE,"Threadleaf Giant Hyssop, Thread-leaf Giant-hyssop",https://inaturalist-open-data.s3.amazonaws.com/photos/28669841/medium.jpg
PLANT-00034,agave americana,Agave americana,"American Century Plant, Century Plant",Arizona | Texas,Herbaceous perennial,Full sun,Dry to medium,Medium,8,10,Rarely flowers,Rarely flowers,AGAM,Agavaceae,Cactus/Succulent,Perennial,Up to about 6 feet tall without flower stalk.,Yellow,"Jun , Jul",Low,Sun,Dry,,"Sandy, Sandy Loam, Medium Loam, Clay Loam, Clay, Rocky Soil","Nectar-hummingbirds, Nectar-insects, Seeds-granivorous birds, Seeds-Small mammals, protective habitat plant for birds and small animals",yes,"Division by offshoot of ""pups"", seed",TRUE,FALSE,FALSE,TRUE,FALSE,FALSE,FALSE,FALSE,FALSE,FALSE,FALSE,TRUE,TRUE,FALSE,FALSE,FALSE,FALSE,FALSE,,,FALSE,FALSE,FALSE,FALSE,FALSE,FALSE,FALSE,TRUE,FALSE,"American Century Plant, Century Plant",https://static.inaturalist.org/photos/333174371/medium.jpg
PLANT-00035,agave havardiana,Agave havardiana,century plant,Texas,Herbaceous perennial,Full sun to part shade,Dry,Low,7,10,June,August,,,,,,,,,,,,,,,,,,,,,,,,,,,,,,,,,,,,FALSE,FALSE,FALSE,FALSE,FALSE,FALSE,FALSE,FALSE,FALSE,century plant,https://static.inaturalist.org/photos/130121684/medium.jpg
PLANT-00036,agave parryi,Agave parryi,"Parry's Agave, Century Plant, Parry Agave",Arizona | New Mexico | Texas,Herbaceous perennial,Full sun,Medium,Medium,7,10,Rarely flowers,Rarely flowers,AGPA4,Agavaceae,Cactus/Succulent,Perennial,,"Yellow , Green","Apr , May , Jun , Jul , Aug",Low,Sun,Dry,,"Dry, rocky soils.",,,,TRUE,FALSE,FALSE,TRUE,FALSE,FALSE,FALSE,FALSE,FALSE,TRUE,TRUE,TRUE,TRUE,TRUE,FALSE,FALSE,FALSE,FALSE,,,FALSE,FALSE,FALSE,FALSE,FALSE,FALSE,FALSE,TRUE,FALSE,"Parry's Agave, Century Plant, Parry Agave",https://inaturalist-open-data.s3.amazonaws.com/photos/501694033/medium.jpeg
PLANT-00037,agave shawii,Agave shawii,"Coastal Agave, Boundary Century Plant, Shaw's Century Plant",California,Herbaceous perennial,Full sun,Dry,Low,9,10,February,May,AGSH,Agavaceae,Cactus/Succulent,Perennial,,"Yellow , Green","Jan , Feb , Mar , Apr , May , Sep , Oct , Nov , Dec",Low,Sun,Dry,,"Dry, rocky soils.",,yes,Sow seed.,TRUE,FALSE,FALSE,TRUE,FALSE,FALSE,TRUE,TRUE,TRUE,TRUE,TRUE,FALSE,FALSE,FALSE,TRUE,TRUE,TRUE,TRUE,,,FALSE,FALSE,FALSE,FALSE,FALSE,FALSE,FALSE,TRUE,FALSE,"Coastal Agave, Boundary Century Plant, Shaw's Century Plant",https://inaturalist-open-data.s3.amazonaws.com/photos/439947737/medium.jpeg
PLANT-00038,ageratina altissima,Ageratina altissima,White Snakeroot,Alabama | Alaska | Arizona | Arkansas | California | Colorado | Connecticut | Delaware | Florida | Georgia | Idaho | Illinois | Indiana | Iowa | Kansas | Kentucky | Louisiana | Maine | Maryland | Massachusetts | Michigan | Minnesota | Mississippi | Missouri | Montana | Nebraska | Nevada | New Hampshire | New Jersey | New Mexico | New York | North Carolina | North Dakota | Ohio | Oklahoma | Oregon | Pennsylvania | Rhode Island | South Carolina | South Dakota | Tennessee | Texas | Utah | Vermont | Virginia | Washington | West Virginia | Wisconsin | Wyoming,Herbaceous perennial,Full sun to part shade,Medium to wet,Medium,3,8,September,To frost,AGAL5,Asteraceae,Herb,Perennial,"Up to about 4 feet tall, often shorter.",White,"Jul , Aug , Sep , Oct , Nov",Low,"Sun , Part Shade","Dry , Moist",,,,,,TRUE,TRUE,FALSE,TRUE,FALSE,FALSE,FALSE,FALSE,FALSE,FALSE,FALSE,FALSE,TRUE,TRUE,TRUE,TRUE,TRUE,FALSE,,,FALSE,FALSE,FALSE,FALSE,FALSE,FALSE,FALSE,TRUE,FALSE,White Snakeroot,https://inaturalist-open-data.s3.amazonaws.com/photos/162191139/medium.jpg
PLANT-00039,alisma triviale,Alisma triviale,Northern Water Plantain,Alaska | Arizona | Arkansas | California | Colorado | Connecticut | Delaware | Georgia | Idaho | Illinois | Indiana | Iowa | Kansas | Maine | Maryland | Massachusetts | Michigan | Minnesota | Missouri | Montana | Nebraska | Nevada | New Hampshire | New Jersey | New Mexico | New York | North Dakota | Ohio | Oklahoma | Oregon | Pennsylvania | Rhode Island | South Dakota | Utah | Vermont | Washington | Wisconsin | Wyoming,Herbaceous perennial,Full sun,Wet,Low,5,10,July,August,ALTR7,Alismataceae,Herb,Perennial,Up to about 3 feet tall.,"White , Pink","Mar , Apr , May , Jun , Jul , Aug , Sep , Oct , Nov",,,Wet,,,,,,FALSE,FALSE,FALSE,FALSE,FALSE,FALSE,FALSE,FALSE,TRUE,TRUE,TRUE,TRUE,TRUE,TRUE,TRUE,TRUE,TRUE,FALSE,,,FALSE,FALSE,FALSE,FALSE,FALSE,FALSE,FALSE,TRUE,FALSE,Northern Water Plantain,https://inaturalist-open-data.s3.amazonaws.com/photos/15400/medium.jpg
PLANT-00040,allium cernuum,Allium cernuum,Nodding Onion,Alabama | Arizona | Arkansas | Colorado | Georgia | Idaho | Illinois | Indiana | Iowa | Kentucky | Maryland | Michigan | Minnesota | Mississippi | Missouri | Montana | Nebraska | New Mexico | New York | North Carolina | Ohio | Oregon | Pennsylvania | South Carolina | South Dakota | Tennessee | Texas | Utah | Virginia | Washington | West Virginia | Wisconsin | Wyoming,Bulb,Full sun to part shade,Dry to medium,Low,4,8,June,August,ALCE2,Liliaceae,Herb,Perennial,Up to about 2 feet tall.,"White , Pink","Jun , Jul , Aug , Sep , Oct",,Sun,Moist,Alkaline (pH>7.2),"Humus-rich, neutral to alkaline soils.",Bulbs are utilized by bears and ground squirrels. Elk and deer graze the early spring herbage. Attracts haistreak butterfly.,yes,Easily propagated by seed or,TRUE,FALSE,FALSE,FALSE,FALSE,FALSE,FALSE,FALSE,FALSE,FALSE,FALSE,TRUE,TRUE,TRUE,TRUE,TRUE,FALSE,FALSE,Bee | Beetle | Fly | Wasp,80,TRUE,FALSE,FALSE,TRUE,TRUE,TRUE,FALSE,TRUE,TRUE,Nodding Onion,https://static.inaturalist.org/photos/218716747/medium.jpg
PLANT-00041,allium schoenoprasum,Allium schoenoprasum,Wild Chives,Alaska | Colorado | Connecticut | Idaho | Maine | Massachusetts | Michigan | Minnesota | Montana | New Hampshire | New Jersey | New York | Ohio | Oregon | Pennsylvania | Rhode Island | Vermont | Washington | Wisconsin | Wyoming,Bulb,Full sun to part shade,Medium,Low,4,8,April,May,ALSC,Liliaceae,Herb,,,"White , Pink , Purple","Jun , Jul , Aug",,,,,,,,,FALSE,FALSE,FALSE,FALSE,FALSE,FALSE,FALSE,FALSE,FALSE,FALSE,FALSE,TRUE,TRUE,TRUE,FALSE,FALSE,FALSE,FALSE,Bee,20,TRUE,FALSE,FALSE,FALSE,FALSE,FALSE,FALSE,TRUE,TRUE,Wild Chives,https://inaturalist-open-data.s3.amazonaws.com/photos/90411579/medium.jpg
PLANT-00042,allium stellatum,Allium stellatum,"Autumn Onion, Prairie Onion",Alabama | Arkansas | Georgia | Illinois | Indiana | Iowa | Kansas | Michigan | Minnesota | Missouri | Nebraska | Ohio | Oklahoma | South Dakota | Tennessee | Texas | Wisconsin,Bulb,Full sun to part shade,Dry to medium,Low,3,8,July,September,ALST,Liliaceae,Herb,Perennial,Up to about 2 feet tall.,"White , Pink , Purple","Jan , Feb , Mar , Apr , May , Jun , Jul , Aug , Sep , Oct , Nov , Dec",,Part Shade,Moist,,"Mesic to dry, rocky soils.",Prairie onion attracts butterflies.,yes,Division of,FALSE,TRUE,FALSE,FALSE,FALSE,FALSE,TRUE,TRUE,TRUE,TRUE,TRUE,TRUE,TRUE,TRUE,TRUE,TRUE,TRUE,TRUE,,,FALSE,FALSE,FALSE,FALSE,FALSE,FALSE,FALSE,TRUE,FALSE,"Autumn Onion, Prairie Onion",https://inaturalist-open-data.s3.amazonaws.com/photos/360999/medium.jpg
PLANT-00043,alnus incana,Alnus incana,"Gray Alder, Speckled Alder",Arizona | California | Colorado | Connecticut | Idaho | Illinois | Indiana | Iowa | Maine | Massachusetts | Michigan | Minnesota | Montana | Nevada | New Hampshire | New Jersey | New Mexico | New York | North Dakota | Ohio | Oregon | Pennsylvania | Rhode Island | Utah | Vermont | Virginia | Washington | West Virginia | Wisconsin | Wyoming,Tree,Full sun to part shade,Medium to wet,Low,2,6,March,March,ALIN2,Betulaceae,Shrub,Perennial,Height to 25 M.,"Red , Green","Mar , Apr , May",High,"Sun , Part Shade , Shade","Moist , Wet",Circumneutral (pH 6.8-7.2),Wet soils.,"Songbirds, waterbirds, and mammals frequently use this species.",yes,Seeds of most alders germinate when they are fresh without pretreatment.,TRUE,TRUE,TRUE,FALSE,FALSE,TRUE,FALSE,FALSE,TRUE,TRUE,TRUE,FALSE,FALSE,FALSE,FALSE,FALSE,FALSE,FALSE,,,FALSE,FALSE,FALSE,FALSE,FALSE,FALSE,FALSE,TRUE,FALSE,"Gray Alder, Speckled Alder",https://inaturalist-open-data.s3.amazonaws.com/photos/542369958/medium.jpg
PLANT-00044,alnus incana subsp. rugosa,Alnus incana subsp. rugosa,hazel alder,Connecticut | Illinois | Indiana | Iowa | Maine | Maryland | Massachusetts | Michigan | Minnesota | New Hampshire | New Jersey | New York | North Dakota | Ohio | Pennsylvania | Rhode Island | Vermont | Virginia | West Virginia | Wisconsin,Tree,Full sun to part shade,Medium to wet,Low,2,6,March,March,,,,,,,,,,,,,,,,,,,,,,,,,,,,,,,,,,,,FALSE,FALSE,FALSE,FALSE,FALSE,FALSE,FALSE,FALSE,FALSE,hazel alder,
PLANT-00045,alnus maritima,Alnus maritima,Seaside Alder,Delaware | Georgia | Maryland | Oklahoma,Tree,Full sun to part shade,Medium to wet,Medium,4,7,August,September,ALMA7,Betulaceae,Shrub,Perennial,Height to 10 M.,"Red , Green","Jul , Aug",High,Part Shade,,,,,,,FALSE,TRUE,FALSE,FALSE,FALSE,TRUE,FALSE,FALSE,FALSE,FALSE,FALSE,FALSE,TRUE,TRUE,FALSE,FALSE,FALSE,FALSE,,,FALSE,FALSE,FALSE,FALSE,FALSE,FALSE,FALSE,TRUE,FALSE,Seaside Alder,https://inaturalist-open-data.s3.amazonaws.com/photos/87035246/medium.jpg
PLANT-00046,alnus serrulata,Alnus serrulata,"Smooth Alder, Hazel Alder, Brookside Alder, Tag Alder, Common Alder, Black Alder",Alabama | Arkansas | Connecticut | Delaware | Florida | Georgia | Illinois | Indiana | Kentucky | Louisiana | Maine | Maryland | Massachusetts | Mississippi | Missouri | New Hampshire | New Jersey | New York | North Carolina | Ohio | Oklahoma | Pennsylvania | Rhode Island | South Carolina | Tennessee | Texas | Vermont | Virginia | West Virginia,Tree,Full sun to part shade,Medium to wet,Low,4,9,March,April,ALSE2,Betulaceae,Shrub,Perennial,Height to 15 feet.,"Red , Green , Brown","Mar , Apr",High,"Sun , Part Shade , Shade","Moist , Wet",Circumneutral (pH 6.8-7.2),"Wet, fine sandy loams, peats & mucks.",An intermediate source of food for wildlife.,,,TRUE,TRUE,TRUE,FALSE,FALSE,TRUE,FALSE,FALSE,TRUE,TRUE,FALSE,FALSE,FALSE,FALSE,FALSE,FALSE,FALSE,FALSE,,,FALSE,FALSE,FALSE,FALSE,FALSE,FALSE,FALSE,TRUE,FALSE,"Smooth Alder, Hazel Alder, Brookside Alder, Tag Alder, Common Alder, Black Alder",https://inaturalist-open-data.s3.amazonaws.com/photos/2261216/medium.jpg
PLANT-00047,amelanchier arborea,Amelanchier arborea,"Common Serviceberry, Downy Serviceberry, Shadbush, Juneberry, Junebush, Shadblow, Sarvis",Alabama | Arkansas | Connecticut | Delaware | Florida | Georgia | Illinois | Indiana | Iowa | Kansas | Kentucky | Louisiana | Maine | Maryland | Massachusetts | Michigan | Minnesota | Mississippi | Missouri | Nebraska | New Hampshire | New Jersey | New York | North Carolina | Ohio | Oklahoma | Pennsylvania | Rhode Island | South Carolina | Tennessee | Texas | Vermont | Virginia | West Virginia | Wisconsin,Tree,Full sun to part shade,Medium,Low,4,9,March,April,AMAR3,Rosaceae,Tree,Perennial,"Up to about 60 feet tall, often much shorter.",White,"Feb , Mar , Apr , May",Medium,"Sun , Part Shade , Shade",Dry,Acidic (pH<6.8),"Moist, well-drained, acid soils.",This is a preferred Amelanchier spp. for birds and other wildlife.,yes,"Use treated softwood cuttings taken when growth extension has ceased, the end leaf is maturing, and the",TRUE,TRUE,TRUE,FALSE,TRUE,FALSE,FALSE,TRUE,TRUE,TRUE,TRUE,FALSE,FALSE,FALSE,FALSE,FALSE,FALSE,FALSE,,,FALSE,FALSE,FALSE,FALSE,FALSE,FALSE,FALSE,TRUE,FALSE,"Common Serviceberry, Downy Serviceberry, Shadbush, Juneberry, Junebush, Shadblow, Sarvis",https://inaturalist-open-data.s3.amazonaws.com/photos/18357952/medium.jpeg
PLANT-00048,amelanchier canadensis,Amelanchier canadensis,"Canadian Serviceberry, Canadian Service-berry, Shadblow Serviceberry, Juneberry, Shadbush, Junebush",Alabama | Connecticut | Delaware | Georgia | Maine | Maryland | Mississippi | New Hampshire | New Jersey | New York | North Carolina | Pennsylvania | Rhode Island | South Carolina | Tennessee | Virginia | West Virginia,Tree,Full sun to part shade,Medium,Low,4,8,April,May,AMCA4,Rosaceae,Tree,Perennial,Up to about 30 feet tall.,White,"Mar , Apr , May",Medium,"Sun , Part Shade , Shade","Moist , Wet",,"Moist, but well-drained, soils.",An important browse and food plant for birds and other wildlife.,yes,This species can be rooted from early spring hardwood cuttings or softwood cutting taken in the summer. Sow untreated seeds in fall or cold-stratified seed in spring.,TRUE,TRUE,TRUE,FALSE,TRUE,FALSE,FALSE,FALSE,TRUE,TRUE,TRUE,FALSE,FALSE,FALSE,FALSE,FALSE,FALSE,FALSE,,,FALSE,FALSE,FALSE,FALSE,FALSE,FALSE,FALSE,TRUE,FALSE,"Canadian Serviceberry, Canadian Service-berry, Shadblow Serviceberry, Juneberry, Shadbush, Junebush",https://inaturalist-open-data.s3.amazonaws.com/photos/8047816/medium.jpg
PLANT-00049,amelanchier laevis,Amelanchier laevis,"Allegheny Serviceberry, Allegheny Service-berry, Serviceberry",Alabama | Connecticut | Delaware | Georgia | Illinois | Indiana | Iowa | Kentucky | Maine | Maryland | Massachusetts | Michigan | Minnesota | New Hampshire | New Jersey | New York | North Carolina | Ohio | Pennsylvania | Rhode Island | South Carolina | Tennessee | Vermont | Virginia | West Virginia | Wisconsin,Tree,Full sun to part shade,Medium,Low,4,8,April,April,AMLA,Rosaceae,Tree,Perennial,Up to about 25 feet tall as a multi-trunked shrub. When growing as a single-trunked,White,"Mar , Apr , May , Jun",Medium,"Sun , Part Shade , Shade","Dry , Moist",Acidic (pH<6.8),Coarse to medium loams; moist to slightly dry.,A food plant for birds and small mammals.,yes,This species can be rooted from early spring hardwood cuttings or softwood cutting taken in the summer. Sow untreated seeds in fall or cold-stratified seed in spring.,TRUE,TRUE,TRUE,FALSE,TRUE,FALSE,FALSE,FALSE,TRUE,TRUE,TRUE,TRUE,FALSE,FALSE,FALSE,FALSE,FALSE,FALSE,,,FALSE,FALSE,FALSE,FALSE,FALSE,FALSE,FALSE,TRUE,FALSE,"Allegheny Serviceberry, Allegheny Service-berry, Serviceberry",https://inaturalist-open-data.s3.amazonaws.com/photos/40513174/medium.jpg
PLANT-00050,amelanchier nantucketensis,Amelanchier nantucketensis,"Nantucket Serviceberry, Nantucket Shadbush",Maine | Maryland | Massachusetts | New Jersey | New York | Virginia,Deciduous shrub,Full sun,Dry to medium,Medium,3,6,April,May,AMNA2,Rosaceae,Shrub,,Up to about 8 feet tall.,White,"Mar , Apr , May",,,,,,,,,FALSE,FALSE,FALSE,FALSE,FALSE,FALSE,FALSE,FALSE,TRUE,TRUE,TRUE,FALSE,FALSE,FALSE,FALSE,FALSE,FALSE,FALSE,,,FALSE,FALSE,FALSE,FALSE,FALSE,FALSE,FALSE,TRUE,FALSE,"Nantucket Serviceberry, Nantucket Shadbush",https://inaturalist-open-data.s3.amazonaws.com/photos/491610807/medium.jpeg
PLANT-00051,amelanchier obovalis,Amelanchier obovalis,coastal serviceberry,Alabama | Delaware | Georgia | Maryland | Massachusetts | New Jersey | North Carolina | Pennsylvania | South Carolina | Virginia,Deciduous shrub,Full sun to part shade,Dry to medium,Low,5,8,March,April,,,,,,,,,,,,,,,,,,,,,,,,,,,,,,,,,,,,FALSE,FALSE,FALSE,FALSE,FALSE,FALSE,FALSE,FALSE,FALSE,coastal serviceberry,https://inaturalist-open-data.s3.amazonaws.com/photos/6781790/medium.jpeg
PLANT-00052,amelanchier stolonifera,Amelanchier stolonifera,Running Serviceberry,Alabama | Connecticut | Georgia | Illinois | Indiana | Iowa | Kentucky | Maine | Maryland | Massachusetts | Michigan | Minnesota | Missouri | New Hampshire | New Jersey | New York | North Carolina | North Dakota | Ohio | Pennsylvania | Rhode Island | South Carolina | South Dakota | Tennessee | Vermont | Virginia | West Virginia | Wisconsin,Deciduous shrub,Full sun to part shade,Medium,Low,4,8,May,May,AMST80,Rosaceae,Shrub,Perennial,"Up to about 6 feet tall, often much shorter.","White , Pink","Apr , May , Jun",Medium,"Sun , Part Shade , Shade","Dry , Moist",,,,,,TRUE,TRUE,TRUE,FALSE,TRUE,FALSE,FALSE,FALSE,FALSE,TRUE,TRUE,TRUE,FALSE,FALSE,FALSE,FALSE,FALSE,FALSE,,,FALSE,FALSE,FALSE,FALSE,FALSE,FALSE,FALSE,TRUE,FALSE,Running Serviceberry,https://inaturalist-open-data.s3.amazonaws.com/photos/647882/medium.jpg
PLANT-00053,amorpha canescens,Amorpha canescens,"Leadplant, Leadplant Amorpha, Prairie Shoestring",Arkansas | Colorado | Illinois | Indiana | Iowa | Kansas | Michigan | Minnesota | Missouri | Montana | Nebraska | New Mexico | North Dakota | Oklahoma | South Dakota | Texas | Wisconsin | Wyoming,Deciduous shrub,Full sun,Dry to medium,Low,2,9,July,September,AMCA6,Fabaceae,Shrub,Perennial,Up to about 3 feet tall.,"Blue , Purple","Jun , Jul",Low,"Sun , Part Shade",Dry,,"Well-drained, sandy or rocky soils.","Nectar-insects, Browse, Fruit-mammals, Fruit-deer",yes,Scarified seeds may be planted in fall or cold-damp stratified and planted in the spring. Some references say fall sown seed need not be treated. Seedlings take 4 years to reach maturity and flowering.,TRUE,TRUE,FALSE,TRUE,FALSE,FALSE,FALSE,FALSE,FALSE,FALSE,FALSE,TRUE,TRUE,FALSE,FALSE,FALSE,FALSE,FALSE,,,FALSE,FALSE,FALSE,FALSE,FALSE,FALSE,FALSE,TRUE,FALSE,"Leadplant, Leadplant Amorpha, Prairie Shoestring",https://static.inaturalist.org/photos/209272559/medium.jpg
PLANT-00054,amorpha fruticosa,Amorpha fruticosa,"Indigo Bush, False Indigo Bush, False Indigo, Desert False Indigo",Alabama | Arizona | Arkansas | California | Colorado | Delaware | Florida | Georgia | Illinois | Indiana | Iowa | Kansas | Kentucky | Louisiana | Maryland | Minnesota | Mississippi | Missouri | Nebraska | New Jersey | New Mexico | North Carolina | North Dakota | Ohio | Oklahoma | Pennsylvania | South Carolina | South Dakota | Tennessee | Texas | Virginia | Wisconsin | Wyoming,Deciduous shrub,Full sun,Medium to wet,Low,4,9,April,June,AMFR,Fabaceae,Shrub,Perennial,Up to about 12 feet tall.,"Orange , Blue , Purple , Violet","Apr , May , Jun",Low,"Sun , Part Shade",Moist,,"Moist soils to dry sands. pH adaptable. Sandy, Sandy Loam, Medium Loam, Clay Loam, Clay, Acid-based, Calcareous.","Nectar-bees, Nectar-butterflies, Nectar-insects, Browse.",yes,Propagation is possible by scarified seed and softwood or hardwood cuttings.,TRUE,TRUE,FALSE,TRUE,FALSE,FALSE,FALSE,FALSE,FALSE,TRUE,TRUE,TRUE,FALSE,FALSE,FALSE,FALSE,FALSE,FALSE,,,FALSE,FALSE,FALSE,FALSE,FALSE,FALSE,FALSE,TRUE,FALSE,"Indigo Bush, False Indigo Bush, False Indigo, Desert False Indigo",https://inaturalist-open-data.s3.amazonaws.com/photos/3976234/medium.jpg
PLANT-00055,amorpha ouachitensis,Amorpha ouachitensis,Ouachita Mountain leadplant,Arkansas | Oklahoma,Deciduous shrub,Full sun to part shade,Dry to medium,Low,5,7,May,June,,,,,,,,,,,,,,,,,,,,,,,,,,,,,,,,,,,,FALSE,FALSE,FALSE,FALSE,FALSE,FALSE,FALSE,FALSE,FALSE,Ouachita Mountain leadplant,https://inaturalist-open-data.s3.amazonaws.com/photos/152814/medium.jpg
PLANT-00056,amsonia ciliata,Amsonia ciliata,"Fringed Bluestar, Bluestar, Texas Bluestar",Alabama | Arkansas | Florida | Georgia | Missouri | North Carolina | Oklahoma | South Carolina | Texas,Herbaceous perennial,Full sun to part shade,Medium,Low,5,9,May,May,AMCI,Apocynaceae,Herb,Perennial,Up to about 2 feet tall.,Blue,"Mar , Apr , May , Jun",Medium,Part Shade,Dry,,"Well-drained, sandy loam or limestone. Sandy, Sandy Loam, Medium Loam, Clay Loam, Limestone-based.",,yes,"Seed can be sown outside, 1/2"" deep, after collection. Seedlings germinate immediately, but flower the second year following germination. For seeds that have been stored, cut an end off the seed and soak in water 2-3 days. This will aid germination. R",FALSE,TRUE,FALSE,FALSE,TRUE,FALSE,FALSE,FALSE,TRUE,TRUE,TRUE,TRUE,FALSE,FALSE,FALSE,FALSE,FALSE,FALSE,,,FALSE,FALSE,FALSE,FALSE,FALSE,FALSE,FALSE,TRUE,FALSE,"Fringed Bluestar, Bluestar, Texas Bluestar",https://inaturalist-open-data.s3.amazonaws.com/photos/65633432/medium.jpg
PLANT-00057,amsonia ciliata var. filifolia,Amsonia ciliata var. filifolia,blue star,Alabama | Arkansas | Florida | Georgia | Missouri | North Carolina | Oklahoma | South Carolina | Texas,Herbaceous perennial,Full sun to part shade,Medium,Low,5,9,May,May,,,,,,,,,,,,,,,,,,,,,,,,,,,,,,,,,,,,FALSE,FALSE,FALSE,FALSE,FALSE,FALSE,FALSE,FALSE,FALSE,blue star,
PLANT-00058,amsonia hubrichtii,Amsonia hubrichtii,Hubricht's Bluestar,Arkansas | Oklahoma,Herbaceous perennial,Full sun to part shade,Medium,Low,5,8,April,May,AMHU,Apocynaceae,Herb,Perennial,"Height 2-3 feet, spread 2-3 feet.",Blue,"Apr , May",Medium,"Sun , Part Shade",,,"Grow in medium, well-drained soil in full sun to part shade.",,,,TRUE,TRUE,FALSE,FALSE,TRUE,FALSE,FALSE,FALSE,FALSE,TRUE,TRUE,FALSE,FALSE,FALSE,FALSE,FALSE,FALSE,FALSE,,,FALSE,FALSE,FALSE,FALSE,FALSE,FALSE,FALSE,TRUE,FALSE,Hubricht's Bluestar,https://inaturalist-open-data.s3.amazonaws.com/photos/124967179/medium.jpg
PLANT-00059,amsonia illustris,Amsonia illustris,"Ozark Bluestar, Showy Blue-star, Missouri Blue Star, Swamp Bluestar",Arkansas | Kansas | Missouri | Oklahoma | Texas,Herbaceous perennial,Full sun to part shade,Medium,Low,5,9,May,May,AMIL,Apocynaceae,Herb,Perennial,Up to about 3 feet tall.,Blue,"Mar , Apr , May",Medium,Part Shade,Moist,,"Clay, Sand, Sandy Loam, Medium Loam, Acid-based. Perhaps best in clay.",,,,FALSE,TRUE,FALSE,FALSE,TRUE,FALSE,FALSE,FALSE,TRUE,TRUE,TRUE,FALSE,FALSE,FALSE,FALSE,FALSE,FALSE,FALSE,,,FALSE,FALSE,FALSE,FALSE,FALSE,FALSE,FALSE,TRUE,FALSE,"Ozark Bluestar, Showy Blue-star, Missouri Blue Star, Swamp Bluestar",https://inaturalist-open-data.s3.amazonaws.com/photos/3664657/medium.jpg
PLANT-00060,amsonia tabernaemontana,Amsonia tabernaemontana,"Eastern Bluestar, Blue Dogbane, Willow Amsonia, Woodland Bluestar",Alabama | Arkansas | Florida | Georgia | Illinois | Indiana | Kansas | Kentucky | Louisiana | Maryland | Mississippi | Missouri | New Jersey | North Carolina | Ohio | Oklahoma | Pennsylvania | South Carolina | Tennessee | Texas | Virginia,Herbaceous perennial,Full sun to part shade,Medium,Low,3,9,May,May,AMTA2,Apocynaceae,Herb,Perennial,Up to about 3 feet tall.,"Blue , Purple","Mar , Apr , May",,Part Shade,Wet,,"Wet to moist, sandy soils.",,yes,"Seed can be sown outside, 1/2"" deep, after collection. Seedlings germinate immediately, but flower the second year following germination.",FALSE,TRUE,FALSE,FALSE,FALSE,FALSE,FALSE,FALSE,TRUE,TRUE,TRUE,FALSE,FALSE,FALSE,FALSE,FALSE,FALSE,FALSE,,,FALSE,FALSE,FALSE,FALSE,FALSE,FALSE,FALSE,TRUE,FALSE,"Eastern Bluestar, Blue Dogbane, Willow Amsonia, Woodland Bluestar",https://inaturalist-open-data.s3.amazonaws.com/photos/265802650/medium.jpeg
PLANT-00061,amsonia tabernaemontana var. salicifolia,Amsonia tabernaemontana var. salicifolia,blue star,Alabama | Arkansas | Georgia | Illinois | Indiana | Kansas | Kentucky | Louisiana | Mississippi | Missouri | New York | North Carolina | Ohio | Oklahoma | South Carolina | Tennessee | Texas,Herbaceous perennial,Full sun to part shade,Medium,Low,3,9,May,May,,,,,,,,,,,,,,,,,,,,,,,,,,,,,,,,,,,,FALSE,FALSE,FALSE,FALSE,FALSE,FALSE,FALSE,FALSE,FALSE,blue star,
PLANT-00062,anaphalis margaritacea,Anaphalis margaritacea,"Western Pearly Everlasting, Pearly-everlasting",Alaska | Arizona | California | Colorado | Connecticut | Delaware | Idaho | Illinois | Indiana | Iowa | Kentucky | Maine | Maryland | Massachusetts | Michigan | Minnesota | Montana | Nebraska | Nevada | New Hampshire | New Jersey | New Mexico | New York | Ohio | Oregon | Pennsylvania | Rhode Island | South Dakota | Utah | Vermont | Virginia | Washington | West Virginia | Wisconsin | Wyoming,Herbaceous perennial,Full sun to part shade,Medium,Low,3,8,July,August,ANMA,Asteraceae,Herb,Perennial,Up to about 3 feet tall.,"White , Yellow","Jun , Jul , Aug , Sep , Oct",Medium,"Sun , Part Shade",Dry,,Sandy or gravelly soils.,Good food plant for Painted lady butterflies.,yes,Increase by division in the spring or sow fresh seeds in the fall.,TRUE,TRUE,FALSE,FALSE,TRUE,FALSE,FALSE,FALSE,FALSE,FALSE,FALSE,TRUE,TRUE,TRUE,TRUE,TRUE,FALSE,FALSE,Bee | Fly,23,TRUE,FALSE,FALSE,TRUE,FALSE,FALSE,FALSE,TRUE,TRUE,"Western Pearly Everlasting, Pearly-everlasting",https://inaturalist-open-data.s3.amazonaws.com/photos/557174771/medium.jpg
PLANT-00063,andropogon gerardii,Andropogon gerardii,"Big Bluestem, Tall Bluestem, Turkeyfoot",Alabama | Arizona | Arkansas | Colorado | Connecticut | Delaware | Florida | Georgia | Illinois | Indiana | Iowa | Kansas | Kentucky | Louisiana | Maine | Maryland | Massachusetts | Michigan | Mississippi | Missouri | Montana | Nebraska | New Hampshire | New Jersey | New Mexico | New York | North Carolina | North Dakota | Ohio | Oklahoma | Pennsylvania | Rhode Island | South Carolina | South Dakota | Tennessee | Texas | Utah | Vermont | West Virginia | Wisconsin | Wyoming,Ornamental grass,Full sun,Dry to medium,Low,4,9,September,February,ANGE,Poaceae,Grass/Grass-like,Perennial,4-8 feet tall.,"Red , Blue , Brown","Aug , Sep , Oct , Nov","Low , Medium","Sun , Part Shade",Moist,,"Acid or calcareous sands, loams, and clays.","Provides cover for at least 24 species of songbirds and nesting sites or seeds for Grasshopper Sparrow, Henslow<U+0092>s Sparrow, and other sparrows, as well as nesting sites for Sedge Wrens and Western Meadowlarks.",yes,Seed or root division during winter dormancy,TRUE,TRUE,FALSE,TRUE,TRUE,FALSE,FALSE,FALSE,FALSE,FALSE,FALSE,FALSE,FALSE,TRUE,TRUE,TRUE,TRUE,FALSE,,,FALSE,FALSE,FALSE,FALSE,FALSE,FALSE,FALSE,TRUE,FALSE,"Big Bluestem, Tall Bluestem, Turkeyfoot",https://inaturalist-open-data.s3.amazonaws.com/photos/49663357/medium.jpg
PLANT-00064,andropogon glomeratus,Andropogon glomeratus,"Bushy Bluestem, Brushy Bluestem",Alabama | Arizona | Arkansas | California | Delaware | Florida | Georgia | Illinois | Kentucky | Louisiana | Maryland | Massachusetts | Mississippi | Nevada | New Jersey | New Mexico | New York | North Carolina | Ohio | Oklahoma | Pennsylvania | Rhode Island | South Carolina | Tennessee | Texas | Utah | Virginia | West Virginia,Ornamental grass,Full sun,Medium to wet,Low,5,9,September,February,ANGL2,Poaceae,Grass/Grass-like,Perennial,2 to 5 tall.,"White , Brown","Aug , Sep , Oct , Nov",High,Sun,"Moist , Wet",,"Clay, Loam, Sand; Moist, moderately disturbed, relatively sterile soils. Poor drainage all right, even preferred. Tolerates salinity.","Seeds eaten by granivorous birds and small mammals. Provides nesting material for birds. Provides good cover for small animals. Winter food for prairie chickens, field sparrows, juncos, and other song birds. Occasionally browsed by deer, bison, and Pronghorn Antelope.",yes,"Propagate by seed or division. As with other bunchgrasses, divisions should be made during winter dormancy. Can become root-bound fast, so don't wait too long to put it in the ground if you've started it in pots.",TRUE,FALSE,FALSE,FALSE,FALSE,TRUE,FALSE,FALSE,FALSE,FALSE,FALSE,FALSE,FALSE,TRUE,TRUE,TRUE,TRUE,FALSE,,,FALSE,FALSE,FALSE,FALSE,FALSE,FALSE,FALSE,TRUE,FALSE,"Bushy Bluestem, Brushy Bluestem",https://inaturalist-open-data.s3.amazonaws.com/photos/90782688/medium.jpg
PLANT-00065,anemone americana,Anemone americana,Roundleaf Liverleaf,Alabama | Arkansas | Connecticut | Delaware | Florida | Georgia | Illinois | Indiana | Iowa | Kentucky | Maine | Maryland | Massachusetts | Michigan | Minnesota | Mississippi | Missouri | New Hampshire | New Jersey | New York | North Carolina | Ohio | Pennsylvania | Rhode Island | South Carolina | Tennessee | Vermont | Virginia | Wisconsin,Herbaceous perennial,Part shade,Medium,Low,3,8,March,March,,,,,,,,,,,,,,,,,,,,,,,,,,,,,,,,,,,,FALSE,FALSE,FALSE,FALSE,FALSE,FALSE,FALSE,FALSE,FALSE,Roundleaf Liverleaf,https://inaturalist-open-data.s3.amazonaws.com/photos/34800677/medium.jpg
PLANT-00066,anemone canadensis,Anemone canadensis,"Canadian Anemone, Round-leaf Thimbleweed, Canada Anemone, Windflower, Meadow Anemone",Colorado | Connecticut | Illinois | Indiana | Iowa | Kansas | Kentucky | Maine | Maryland | Massachusetts | Michigan | Minnesota | Missouri | Montana | Nebraska | New Hampshire | New Jersey | New Mexico | New York | North Dakota | Ohio | Pennsylvania | South Dakota | Tennessee | Vermont | Virginia | West Virginia | Wisconsin | Wyoming,Herbaceous perennial,Full sun to part shade,Medium to wet,Low,3,8,April,June,ANCA8,Ranunculaceae,Herb,Perennial,Up to about 30 inches tall.,White,"Apr , May , Jun , Jul , Aug",,"Part Shade , Shade",Moist,Circumneutral (pH 6.8-7.2),"Moderately moist, sandy soils.",,yes,May be propagated by root cuttings taken in spring or by division in either fall or early spring. Each piece of,FALSE,TRUE,TRUE,FALSE,FALSE,FALSE,FALSE,FALSE,FALSE,TRUE,TRUE,TRUE,TRUE,TRUE,FALSE,FALSE,FALSE,FALSE,,,FALSE,FALSE,FALSE,FALSE,FALSE,FALSE,FALSE,TRUE,FALSE,"Canadian Anemone, Round-leaf Thimbleweed, Canada Anemone, Windflower, Meadow Anemone",https://inaturalist-open-data.s3.amazonaws.com/photos/162600164/medium.jpg
PLANT-00067,anemone cylindrica,Anemone cylindrica,"Candle Anemone, Long-headed Thimbleweed, Longhead Thimbleweed, Thimbleweed",Arizona | Colorado | Connecticut | Idaho | Illinois | Indiana | Iowa | Kansas | Maine | Massachusetts | Michigan | Minnesota | Missouri | Montana | Nebraska | New Hampshire | New Jersey | New Mexico | New York | North Dakota | Ohio | Pennsylvania | Rhode Island | South Dakota | Vermont | Wisconsin | Wyoming,Herbaceous perennial,Full sun to part shade,Dry to medium,Low,4,7,June,July,ANCY,Ranunculaceae,Herb,Perennial,Up to about 3 feet tall.,"White , Green , Brown","May , Jun , Jul , Aug",,"Sun , Part Shade",Dry,,Rocky soils.,,yes,Easily propagated from seed sown in fall or early spring. Older plants can be divided in early spring.,TRUE,TRUE,FALSE,FALSE,FALSE,FALSE,FALSE,FALSE,FALSE,FALSE,TRUE,TRUE,TRUE,TRUE,FALSE,FALSE,FALSE,FALSE,,,FALSE,FALSE,FALSE,FALSE,FALSE,FALSE,FALSE,TRUE,FALSE,"Candle Anemone, Long-headed Thimbleweed, Longhead Thimbleweed, Thimbleweed",https://inaturalist-open-data.s3.amazonaws.com/photos/400853193/medium.jpg
PLANT-00068,anemone narcissiflora,Anemone narcissiflora,"Narcissus Anemone, Narcissus-flower Thimbleweed, Narcissis-flowered Anemone",Alaska | Colorado | Wyoming,Herbaceous perennial,Full sun to part shade,Medium,Low,4,7,May,June,ANNA,Ranunculaceae,Herb,Perennial,Up to about 2 feet tall.,"White , Yellow , Blue","May , Jun , Jul , Aug",,Part Shade,,,"Rich, sandy loam.",,yes,Sow seed in spring.,FALSE,TRUE,FALSE,FALSE,FALSE,FALSE,FALSE,FALSE,FALSE,FALSE,TRUE,TRUE,TRUE,TRUE,FALSE,FALSE,FALSE,FALSE,,,FALSE,FALSE,FALSE,FALSE,FALSE,FALSE,FALSE,TRUE,FALSE,"Narcissus Anemone, Narcissus-flower Thimbleweed, Narcissis-flowered Anemone",https://inaturalist-open-data.s3.amazonaws.com/photos/518471485/medium.jpg
PLANT-00069,anemone parviflora,Anemone parviflora,Smallflowered Anemone,Alaska | Colorado | Idaho | Montana | North Dakota | Oregon | Utah | Washington | Wyoming,Herbaceous perennial,Full sun,Medium,Low,3,7,June,August,ANPA,Ranunculaceae,Herb,Perennial,Up to about 14 inches tall.,"White , Blue","May , Jun , Jul , Aug",,,,,,,,,FALSE,FALSE,FALSE,FALSE,FALSE,FALSE,FALSE,FALSE,FALSE,FALSE,TRUE,TRUE,TRUE,TRUE,FALSE,FALSE,FALSE,FALSE,,,FALSE,FALSE,FALSE,FALSE,FALSE,FALSE,FALSE,TRUE,FALSE,Smallflowered Anemone,https://inaturalist-open-data.s3.amazonaws.com/photos/337393598/medium.jpeg
PLANT-00070,anemone virginiana,Anemone virginiana,"Tall Thimbleweed, Thimbleweed, Tall Anemone",Alabama | Arkansas | Colorado | Connecticut | Delaware | Georgia | Illinois | Indiana | Iowa | Kansas | Kentucky | Louisiana | Maine | Maryland | Massachusetts | Michigan | Minnesota | Mississippi | Missouri | Nebraska | New Hampshire | New Jersey | New York | North Carolina | North Dakota | Ohio | Oklahoma | Pennsylvania | Rhode Island | South Carolina | South Dakota | Tennessee | Vermont | Virginia | West Virginia | Wisconsin | Wyoming,Herbaceous perennial,Full sun to part shade,Dry to medium,Medium,2,8,April,May,ANVI3,Ranunculaceae,Herb,Perennial,Up to about 3 feet tall.,"White , Yellow , Green","May , Jun , Jul , Aug",Medium,"Sun , Part Shade","Dry , Moist","Acidic (pH<6.8) , Circumneutral (pH 6.8-7.2)","Dry or moist, rich, acid soils. Tolerates lime.",,yes,Grow from seed sown in fall or early spring. Older plants can be divided.,TRUE,TRUE,FALSE,FALSE,TRUE,FALSE,FALSE,FALSE,FALSE,FALSE,TRUE,TRUE,TRUE,TRUE,FALSE,FALSE,FALSE,FALSE,,,FALSE,FALSE,FALSE,FALSE,FALSE,FALSE,FALSE,TRUE,FALSE,"Tall Thimbleweed, Thimbleweed, Tall Anemone",https://static.inaturalist.org/photos/146727896/medium.jpeg
PLANT-00071,angelica atropurpurea,Angelica atropurpurea,Purplestem Angelica,Connecticut | Delaware | Illinois | Indiana | Iowa | Kentucky | Maine | Maryland | Michigan | Minnesota | New Hampshire | New Jersey | New York | North Carolina | Ohio | Pennsylvania | Rhode Island | Tennessee | Vermont | Virginia | Wisconsin,Herbaceous perennial,Full sun to part shade,Medium to wet,Low,4,7,June,September,ANAT,Apiaceae,Herb,Perennial,Up to about 6 feet tall.,"White , Green","Jun , Jul , Aug","Medium , High","Sun , Part Shade","Moist , Wet",,,,,,TRUE,TRUE,FALSE,FALSE,TRUE,TRUE,FALSE,FALSE,FALSE,FALSE,FALSE,TRUE,TRUE,TRUE,FALSE,FALSE,FALSE,FALSE,,,FALSE,FALSE,FALSE,FALSE,FALSE,FALSE,FALSE,TRUE,FALSE,Purplestem Angelica,https://inaturalist-open-data.s3.amazonaws.com/photos/3917485/medium.JPG
PLANT-00072,anisacanthus quadrifidus var. wrightii,Anisacanthus quadrifidus var. wrightii,"Flame Acanthus, Hummingbird Bush, Wright's Desert Honeysuckle, Wright Acanthus, Mexican Flame, Wright's Mexican Flame",Texas,Deciduous shrub,Full sun,Dry,Low,7,10,June,September,ANQUW,Acanthaceae,Shrub,,Normally no more than 3 ft tall but can reach 5 ft.,"Red , Orange","Jun , Jul , Aug , Sep , Oct , Nov",Low,"Sun , Part Shade","Dry , Moist",,"Well-drained sand, loam, clay, caliche, limestone. Adapts to a wide variety of soils, from rocky slopes to open areas.",Flowers attract hummingbirds and butterflies.,yes,"The easiest method of propagation is to take cuttings from the current seasonâ<U+0080><U+0099>s growth. Cut a 4 â<U+0080><U+0093> 6 inch branch just below a node. Remove lower leaves and root in flats or small pots. Rooting hormone increases rooting percentage but is not necessary. Seeds can be planted in flats, or outside after the danger of frost has past. Sowing indoors allows for a sturdier plant to withstand mid-summerâ<U+0080><U+0099>s heat. Plant seeds 1/3 â<U+0080><U+0093> 1/2 inch deep in a well-drained soil mix. Keep soil moist but not saturated.",TRUE,TRUE,FALSE,TRUE,FALSE,FALSE,FALSE,FALSE,FALSE,FALSE,FALSE,TRUE,TRUE,TRUE,TRUE,TRUE,TRUE,FALSE,,,FALSE,FALSE,FALSE,FALSE,FALSE,FALSE,FALSE,TRUE,FALSE,"Flame Acanthus, Hummingbird Bush, Wright's Desert Honeysuckle, Wright Acanthus, Mexican Flame, Wright's Mexican Flame",
PLANT-00073,antennaria dioica,Antennaria dioica,pussytoes,Alaska | Georgia,Herbaceous perennial,Full sun,Dry to medium,Low,3,8,April,June,,,,,,,,,,,,,,,,,,,,,,,,,,,,,,,,,,,,FALSE,FALSE,FALSE,FALSE,FALSE,FALSE,FALSE,FALSE,FALSE,pussytoes,https://inaturalist-open-data.s3.amazonaws.com/photos/283607825/medium.png
PLANT-00074,antennaria neglecta,Antennaria neglecta,"Field Pussytoes, Prairie Everlasting",Arkansas | Colorado | Connecticut | Delaware | Idaho | Illinois | Indiana | Iowa | Kansas | Kentucky | Maine | Maryland | Massachusetts | Michigan | Minnesota | Missouri | Montana | Nebraska | New Hampshire | New Jersey | New York | North Carolina | North Dakota | Ohio | Oklahoma | Pennsylvania | Rhode Island | South Dakota | Tennessee | Utah | Vermont | Virginia | West Virginia | Wisconsin | Wyoming,Herbaceous perennial,Full sun to part shade,Dry to medium,Medium,3,8,April,June,ANNE,Asteraceae,Herb,Perennial,Up to about 10 inches tall.,"White , Red , Green , Brown","Apr , May , Jun",Low,Sun,Dry,,"Clay, Loam",,,,TRUE,FALSE,FALSE,TRUE,FALSE,FALSE,FALSE,FALSE,FALSE,TRUE,TRUE,TRUE,FALSE,FALSE,FALSE,FALSE,FALSE,FALSE,,,FALSE,FALSE,FALSE,FALSE,FALSE,FALSE,FALSE,TRUE,FALSE,"Field Pussytoes, Prairie Everlasting",https://inaturalist-open-data.s3.amazonaws.com/photos/282643574/medium.jpg
PLANT-00075,antennaria parlinii,Antennaria parlinii,"Parlin's Pussytoes, Ladies' Tobacco",Alabama | Arkansas | Connecticut | Delaware | Georgia | Illinois | Indiana | Iowa | Kansas | Kentucky | Louisiana | Maine | Maryland | Massachusetts | Michigan | Minnesota | Mississippi | Missouri | Nebraska | New Hampshire | New Jersey | New Mexico | New York | North Carolina | North Dakota | Ohio | Oklahoma | Pennsylvania | Rhode Island | South Carolina | South Dakota | Tennessee | Texas | Vermont | Virginia | West Virginia | Wisconsin,Herbaceous perennial,Full sun to part shade,Dry to medium,Low,5,9,April,June,ANPA9,Asteraceae,Herb,Perennial,Up to about 18 inches tall.,White,"Mar , Apr",Low,Sun,Dry,,,,,,TRUE,FALSE,FALSE,TRUE,FALSE,FALSE,FALSE,FALSE,TRUE,TRUE,FALSE,FALSE,FALSE,FALSE,FALSE,FALSE,FALSE,FALSE,,,FALSE,FALSE,FALSE,FALSE,FALSE,FALSE,FALSE,TRUE,FALSE,"Parlin's Pussytoes, Ladies' Tobacco",https://inaturalist-open-data.s3.amazonaws.com/photos/129801648/medium.jpeg
PLANT-00076,antennaria plantaginifolia,Antennaria plantaginifolia,"Woman's Tobacco, Ladies' Tobacco, Everlasting, Mouse Ear, Plantain-leaf Pussytoes",Alabama | Arkansas | Connecticut | Delaware | Florida | Georgia | Illinois | Indiana | Iowa | Kentucky | Louisiana | Maine | Maryland | Massachusetts | Minnesota | Mississippi | Missouri | New Hampshire | New Jersey | New York | North Carolina | Ohio | Pennsylvania | Rhode Island | South Carolina | Tennessee | Vermont | Virginia | West Virginia | Wisconsin,Herbaceous perennial,Full sun,Dry to medium,Low,3,8,April,June,ANPL,Asteraceae,Herb,Perennial,Up to about 10 inches tall in bloom. Foliage up to about 2 inches high.,White,"Mar , Apr , May , Jun",Low,"Sun , Part Shade",Dry,Acidic (pH<6.8),"Dry, acidic, sandy or rocky, poor soils",Winter deer browse,,,TRUE,TRUE,FALSE,TRUE,FALSE,FALSE,FALSE,FALSE,TRUE,TRUE,TRUE,TRUE,FALSE,FALSE,FALSE,FALSE,FALSE,FALSE,,,FALSE,FALSE,FALSE,FALSE,FALSE,FALSE,FALSE,TRUE,FALSE,"Woman's Tobacco, Ladies' Tobacco, Everlasting, Mouse Ear, Plantain-leaf Pussytoes",https://static.inaturalist.org/photos/118838179/medium.jpg
PLANT-00077,apocynum cannabinum,Apocynum cannabinum,"Indian Hemp, Prairie Dogbane, Hemp Dogbane, Dogbane",Alabama | Arizona | Arkansas | California | Colorado | Connecticut | Delaware | Florida | Georgia | Illinois | Indiana | Iowa | Kentucky | Louisiana | Maine | Maryland | Massachusetts | Michigan | Minnesota | Mississippi | Missouri | Nebraska | Nevada | New Hampshire | New York | North Carolina | North Dakota | Ohio | Oklahoma | Oregon | Pennsylvania | Rhode Island | South Carolina | South Dakota | Texas | Utah | Vermont | Virginia | Washington | West Virginia | Wisconsin | Wyoming,Herbaceous perennial,Full sun,Dry to medium,Medium,4,9,July,August,APCA,Apocynaceae,Herb,,Up to about 4 feet tall.,"White , Green , Brown","May , Jun , Jul , Aug , Sep",High,Part Shade,Moist,,Various soils.,,,,FALSE,TRUE,FALSE,FALSE,FALSE,TRUE,FALSE,FALSE,FALSE,FALSE,TRUE,TRUE,TRUE,TRUE,TRUE,FALSE,FALSE,FALSE,,,FALSE,FALSE,FALSE,FALSE,FALSE,FALSE,FALSE,TRUE,FALSE,"Indian Hemp, Prairie Dogbane, Hemp Dogbane, Dogbane",https://static.inaturalist.org/photos/106225/medium.jpg
PLANT-00078,aquilegia caerulea,Aquilegia caerulea,columbine,Arizona | Colorado | Idaho | Montana | Nevada | New Mexico | South Dakota | Utah | Wyoming,Herbaceous perennial,Full sun to part shade,Medium,Medium,3,10,April,May,,,,,,,,,,,,,,,,,,,,,,,,,,,,,,,,,,,,FALSE,FALSE,FALSE,FALSE,FALSE,FALSE,FALSE,FALSE,FALSE,columbine,https://inaturalist-open-data.s3.amazonaws.com/photos/112033022/medium.jpg
PLANT-00079,aquilegia canadensis,Aquilegia canadensis,"Eastern Red Columbine, Wild Red Columbine",Alabama | Arkansas | Connecticut | Delaware | Florida | Georgia | Illinois | Indiana | Iowa | Kansas | Kentucky | Maine | Maryland | Massachusetts | Michigan | Minnesota | Mississippi | Missouri | Nebraska | New Hampshire | New Jersey | New York | North Carolina | North Dakota | Ohio | Oklahoma | Pennsylvania | Rhode Island | South Carolina | South Dakota | Tennessee | Texas | Vermont | Virginia | West Virginia | Wisconsin,Herbaceous perennial,Full sun to part shade,Medium,Medium,3,8,April,May,AQCA,Ranunculaceae,Herb,,Up to about 3 feet tall.,"Red , Pink , Yellow","Feb , Mar , Apr , May , Jun , Jul","Low , Medium","Part Shade , Shade","Dry , Moist","Alkaline (pH>7.2) , Circumneutral (pH 6.8-7.2)","Sandy, well-drained soils. Medium Loam, Sandy Loam, Sandy, Limestone-based. Not too rich.","Blooms attract hummingbirds, bees, butterflies, and hawk moths. Seeds consumed by finches and buntings.",yes,"Most easily propagated by seed because mature rootstocks are difficult to divide and transplant. Seeds may be sown immediately after collection or stored and given a cold-moist treatment. Sow seed in fall as soon as temperature drops and in spring before the worst heat. Will germinate in summer, but not as well and plants struggle more. Sow by just scattering on the surface and lightly tamping. Seedlings will flower the second year following germination.",FALSE,TRUE,TRUE,TRUE,TRUE,FALSE,FALSE,TRUE,TRUE,TRUE,TRUE,TRUE,TRUE,FALSE,FALSE,FALSE,FALSE,FALSE,,,FALSE,FALSE,FALSE,FALSE,FALSE,FALSE,FALSE,TRUE,FALSE,"Eastern Red Columbine, Wild Red Columbine",https://inaturalist-open-data.s3.amazonaws.com/photos/503013812/medium.jpeg
PLANT-00080,aquilegia chrysantha var. hinckleyana,Aquilegia chrysantha var. hinckleyana,columbine,Texas,Herbaceous perennial,Full sun to part shade,Medium,Medium,4,8,April,May,,,,,,,,,,,,,,,,,,,,,,,,,,,,,,,,,,,,FALSE,FALSE,FALSE,FALSE,FALSE,FALSE,FALSE,FALSE,FALSE,columbine,
PLANT-00081,aralia racemosa,Aralia racemosa,American Spikenard,Alabama | Arizona | Arkansas | Colorado | Connecticut | Delaware | Georgia | Illinois | Indiana | Iowa | Kansas | Kentucky | Maine | Maryland | Michigan | Minnesota | Mississippi | Missouri | Nebraska | New Hampshire | New Jersey | New Mexico | New York | North Carolina | Ohio | Pennsylvania | Rhode Island | South Carolina | South Dakota | Tennessee | Texas | Utah | Vermont | Virginia | West Virginia | Wisconsin,Herbaceous perennial,Full sun to part shade,Medium,Low,3,8,June,August,ARRA,Araliaceae,Herb,Perennial,Up to about 6 feet tall.,"White , Green","Jun , Jul , Aug",Medium,Sun,Moist,,"Moist, rich soil.",,yes,Divide old rootstocks when the plants go dormant in the fall. Plants may be slow to bloom after being disturbed. Propagation may be possible by seed.,TRUE,FALSE,FALSE,FALSE,TRUE,FALSE,FALSE,FALSE,FALSE,FALSE,FALSE,TRUE,TRUE,TRUE,FALSE,FALSE,FALSE,FALSE,,,FALSE,FALSE,FALSE,FALSE,FALSE,FALSE,FALSE,TRUE,FALSE,American Spikenard,https://inaturalist-open-data.s3.amazonaws.com/photos/9802195/medium.jpeg
PLANT-00082,aralia spinosa,Aralia spinosa,"Devil's Walking Stick, Hercules Club, Angelica Tree, Pigeon Tree, Shotbush, Prickly Elder, Prickly Ash",Alabama | Arkansas | Connecticut | Delaware | Florida | Georgia | Illinois | Indiana | Kentucky | Louisiana | Maine | Maryland | Massachusetts | Mississippi | Missouri | New Jersey | New York | North Carolina | Ohio | Oklahoma | Pennsylvania | Rhode Island | South Carolina | Tennessee | Texas | Virginia | West Virginia,Deciduous shrub,Full sun to part shade,Medium,Low,4,9,July,August,ARSP2,Araliaceae,Tree,Perennial,Up to about 20 feet tall.,White,"Jun , Jul , Aug , Sep",High,Part Shade,Moist,,"Moist, well-drained, fertile to poor soils. pH tolerant. Sandy Loam, Medium Loam, Clay Loam.","Seeds are favored by birds; leaves are browsed by deer. Nectar-insects, Nectar-butterflies, Nectar-bees, Browse, Fruit-birds",yes,"Use one of the following methods for propagation: fresh seed sown in fall or stratified seed sown in spring; dormant root cuttings stored in cool, damp sand until spring; and/or transplanting of suckers.",FALSE,TRUE,FALSE,FALSE,FALSE,TRUE,FALSE,FALSE,FALSE,FALSE,FALSE,TRUE,TRUE,TRUE,TRUE,FALSE,FALSE,FALSE,,,FALSE,FALSE,FALSE,FALSE,FALSE,FALSE,FALSE,TRUE,FALSE,"Devil's Walking Stick, Hercules Club, Angelica Tree, Pigeon Tree, Shotbush, Prickly Elder, Prickly Ash",https://inaturalist-open-data.s3.amazonaws.com/photos/83873382/medium.jpg
PLANT-00083,arbutus menziesii,Arbutus menziesii,"Pacific Madrone, Oregon Laurel, Laurelwood",California | Oregon | Washington,Broadleaf evergreen,Full sun to part shade,Dry to medium,Medium,7,9,April,May,ARME,Ericaceae,Tree,,"Height up to 80 feet, spread 15-75 feet.",White,"Mar , Apr , May",Low,"Sun , Part Shade","Dry , Moist",,"Sandy, acid, well-drained soil.",Deer and birds consume the,yes,Growing madrone from seeds can be easy. Plant the tiny seeds in the fall.,TRUE,TRUE,FALSE,TRUE,FALSE,FALSE,FALSE,FALSE,TRUE,TRUE,TRUE,FALSE,FALSE,FALSE,FALSE,FALSE,FALSE,FALSE,Bee | Fly | Moth | Wasp,69,TRUE,FALSE,TRUE,TRUE,FALSE,TRUE,FALSE,TRUE,TRUE,"Pacific Madrone, Oregon Laurel, Laurelwood",https://inaturalist-open-data.s3.amazonaws.com/photos/8268086/medium.jpg
PLANT-00084,arctostaphylos uva-ursi,Arctostaphylos uva-ursi,"Kinnikinnick, Red Bearberry, Kinnikinnik",Alaska | Arizona | California | Colorado | Connecticut | Delaware | Idaho | Illinois | Indiana | Iowa | Maine | Maryland | Michigan | Minnesota | Montana | Nebraska | Nevada | New Hampshire | New Jersey | New Mexico | New York | North Dakota | Ohio | Oregon | Pennsylvania | Rhode Island | South Dakota | Utah | Vermont | Virginia | Washington | Wisconsin | Wyoming,Broadleaf evergreen,Full sun to part shade,Dry to medium,Low,2,7,April,May,ARUV,Ericaceae,Shrub,Perennial,"Height 6-12 inches, spread up to 15 feet.","White , Pink","Jan , Feb , Mar , Apr , May , Jun , Dec",Low,"Sun , Part Shade , Shade","Dry , Moist",Acidic (pH<6.8),"Rocky or sandy, acid soils.",The,yes,"They are very difficult to transplant from the wild, but softwood cuttings are readily rooted. The surest means of propagation is by treated cuttings rooted in sand or layering.",TRUE,TRUE,TRUE,TRUE,FALSE,FALSE,TRUE,TRUE,TRUE,TRUE,TRUE,TRUE,FALSE,FALSE,FALSE,FALSE,FALSE,TRUE,Bee | Butterfly | Fly | Wasp,157,TRUE,TRUE,FALSE,TRUE,FALSE,TRUE,FALSE,TRUE,TRUE,"Kinnikinnick, Red Bearberry, Kinnikinnik",https://static.inaturalist.org/photos/181302737/medium.jpeg
PLANT-00085,argemone polyanthemos,Argemone polyanthemos,"Crested Pricklypoppy, Annual Pricklepoppy, Bluestem Pricklepoppy, Bluestem Prickly Poppy, Pricklypoppy, Thistle Poppy, White Prickly Poppy, White Pricklypoppy",Arizona | Colorado | Idaho | Illinois | Indiana | Iowa | Kansas | Montana | Nebraska | New Mexico | North Dakota | Ohio | Oklahoma | South Dakota | Texas | Utah | Washington | Wyoming,Annual,Full sun,Dry to medium,Low,2,11,June,August,ARPO2,Papaveraceae,Herb,Annual,"Up to about 4 feet tall, often shorter.","White , Yellow","Apr , May , Jun , Jul , Aug , Sep , Oct",Low,Sun,Dry,,"Gravelly, Sandy, Sandy Loam, Medium Loam, Clay Loam, Clay","Nectar-Bees, Nectar-Butterflies, Nectar-beetles",,,TRUE,FALSE,FALSE,TRUE,FALSE,FALSE,FALSE,FALSE,FALSE,TRUE,TRUE,TRUE,TRUE,TRUE,TRUE,TRUE,FALSE,FALSE,,,FALSE,FALSE,FALSE,FALSE,FALSE,FALSE,FALSE,TRUE,FALSE,"Crested Pricklypoppy, Annual Pricklepoppy, Bluestem Pricklepoppy, Bluestem Prickly Poppy, Pricklypoppy, Thistle Poppy, White Prickly Poppy, White Pricklypoppy",https://inaturalist-open-data.s3.amazonaws.com/photos/137670627/medium.jpeg
PLANT-00086,arisaema dracontium,Arisaema dracontium,"Green Dragon, Dragonroot, Greendragon",Alabama | Arkansas | Connecticut | Delaware | Florida | Georgia | Illinois | Indiana | Iowa | Kansas | Kentucky | Louisiana | Maryland | Massachusetts | Michigan | Minnesota | Mississippi | Missouri | Nebraska | New Hampshire | New Jersey | New York | North Carolina | Ohio | Oklahoma | Pennsylvania | South Carolina | Tennessee | Texas | Vermont | Virginia | West Virginia | Wisconsin,Herbaceous perennial,Part shade to full shade,Medium to wet,Medium,4,9,May,June,ARDR3,Araceae,Herb,Perennial,Up to about 3 feet tall.,"White , Yellow , Green , Purple , Brown","Feb , Mar , Apr , May , Jun",Medium,"Sun , Shade",Moist,,"Rich, slightly acid, soil.",Birds and mammals eat the berries.,yes,"Propagate by tuber division or seed. Divide tubers when the plant dies down in late summer. Seeds may be sown outside in late fall, 3/4 inch deep, or the following spring with or without cold treatment. Seeds should not be allowed to dry out. This species will not flower until the second or third year after germination.",TRUE,FALSE,TRUE,FALSE,TRUE,FALSE,FALSE,TRUE,TRUE,TRUE,TRUE,TRUE,FALSE,FALSE,FALSE,FALSE,FALSE,FALSE,,,FALSE,FALSE,FALSE,FALSE,FALSE,FALSE,FALSE,TRUE,FALSE,"Green Dragon, Dragonroot, Greendragon",https://inaturalist-open-data.s3.amazonaws.com/photos/4020152/medium.jpg
PLANT-00087,arisaema triphyllum,Arisaema triphyllum,"Jack In The Pulpit, Indian Jack In The Pulpit, Jack-in-the-pulpit",Alabama | Arkansas | Connecticut | Delaware | Florida | Georgia | Illinois | Indiana | Iowa | Kansas | Kentucky | Louisiana | Maine | Maryland | Massachusetts | Michigan | Minnesota | Mississippi | Missouri | Nebraska | New Hampshire | New Jersey | New York | North Carolina | North Dakota | Ohio | Oklahoma | Pennsylvania | Rhode Island | South Carolina | South Dakota | Tennessee | Texas | Vermont | Virginia | West Virginia | Wisconsin,Herbaceous perennial,Part shade to full shade,Medium to wet,Medium,4,9,April,May,ARTR,Araceae,Herb,Perennial,Up to about 2 feet tall.,"Green , Purple , Brown","Mar , Apr , May , Jun",High,"Sun , Shade","Moist , Wet",,"Humus-rich, moist soils.",Birds and mammals eat the berries of this plant.,yes,"Propagate by root division or seed. Seeds may be sown outside in late fall, 3/4 "" deep, or the following spring with or without cold treatment. Seeds should not be allowed to dry out. The seeds may not germinate for up to two years. Cormlets can be separated from the parent",TRUE,FALSE,TRUE,FALSE,FALSE,TRUE,FALSE,FALSE,TRUE,TRUE,TRUE,TRUE,FALSE,FALSE,FALSE,FALSE,FALSE,FALSE,,,FALSE,FALSE,FALSE,FALSE,FALSE,FALSE,FALSE,TRUE,FALSE,"Jack In The Pulpit, Indian Jack In The Pulpit, Jack-in-the-pulpit",https://inaturalist-open-data.s3.amazonaws.com/photos/8204233/medium.jpg
PLANT-00088,aristolochia californica,Aristolochia californica,California Dutchman's Pipe,California,Vine,Full sun to part shade,Medium,Low,8,10,March,April,ARCA10,Aristolochiaceae,Vine,,"Climber, stems up to about 15 feet long.","Purple , Brown","Jan , Feb , Mar , Apr , May",,Part Shade,Moist,,Mesic soils.,,yes,"Increase by layering, division, cuttings, or by seed.",FALSE,TRUE,FALSE,FALSE,FALSE,FALSE,TRUE,TRUE,TRUE,TRUE,TRUE,FALSE,FALSE,FALSE,FALSE,FALSE,FALSE,FALSE,,,FALSE,FALSE,FALSE,FALSE,FALSE,FALSE,FALSE,TRUE,FALSE,California Dutchman's Pipe,https://inaturalist-open-data.s3.amazonaws.com/photos/353949827/medium.jpeg
PLANT-00089,aristolochia macrophylla,Aristolochia macrophylla,"Pipevine, Dutchman's Pipe",Alabama | Connecticut | Georgia | Kentucky | Maine | Maryland | Massachusetts | North Carolina | Pennsylvania | South Carolina | Tennessee | Vermont | Virginia | West Virginia,Vine,Full sun to part shade,Medium,Low,4,8,May,June,ARMA7,Aristolochiaceae,Vine,Perennial,"Climber, stems up to about 35 feet long.","Green , Purple , Brown","May , Jun",Medium,Part Shade,Moist,,"Organic, well-drained soils.",,yes,"Increase by layering, division, July cuttings, or by seed sown outdoor in fall.",FALSE,TRUE,FALSE,FALSE,TRUE,FALSE,FALSE,FALSE,FALSE,FALSE,TRUE,TRUE,FALSE,FALSE,FALSE,FALSE,FALSE,FALSE,,,FALSE,FALSE,FALSE,FALSE,FALSE,FALSE,FALSE,TRUE,FALSE,"Pipevine, Dutchman's Pipe",https://inaturalist-open-data.s3.amazonaws.com/photos/113548878/medium.jpeg
PLANT-00090,aristolochia tomentosa,Aristolochia tomentosa,"Woolly Dutchman's Pipe, Common Dutchman's Pipe",Alabama | Arkansas | Florida | Georgia | Illinois | Indiana | Kansas | Kentucky | Louisiana | Mississippi | Missouri | North Carolina | Oklahoma | South Carolina | Tennessee | Texas,Vine,Full sun to part shade,Medium,Low,5,8,May,June,ARTO3,Aristolochiaceae,Vine,Perennial,Twining stems up to about 80 feet long.,"Yellow , Green , Purple","Mar , Apr , May",Medium,Part Shade,Moist,,"Sandy, Sandy Loam, Medium Loam",,,,FALSE,TRUE,FALSE,FALSE,TRUE,FALSE,FALSE,FALSE,TRUE,TRUE,TRUE,FALSE,FALSE,FALSE,FALSE,FALSE,FALSE,FALSE,,,FALSE,FALSE,FALSE,FALSE,FALSE,FALSE,FALSE,TRUE,FALSE,"Woolly Dutchman's Pipe, Common Dutchman's Pipe",https://inaturalist-open-data.s3.amazonaws.com/photos/18121/medium.jpg
PLANT-00091,armeria maritima,Armeria maritima,Thrift Seapink,Alaska | California | Colorado | New York | Oregon | Pennsylvania | Utah | Washington,Herbaceous perennial,Full sun,Dry,Medium,4,8,April,May,ARMA6,Plumbaginaceae,Herb,Perennial,Up to about 2 feet tall.,"White , Pink , Purple","Mar , Apr , May , Jun , Jul , Aug",Medium,Sun,"Dry , Moist",,Well-drained soils.,Bees,yes,Propagate by seed or cuttings.,TRUE,FALSE,FALSE,FALSE,TRUE,FALSE,FALSE,FALSE,TRUE,TRUE,TRUE,TRUE,TRUE,TRUE,FALSE,FALSE,FALSE,FALSE,,,FALSE,FALSE,FALSE,FALSE,FALSE,FALSE,FALSE,TRUE,FALSE,Thrift Seapink,https://static.inaturalist.org/photos/176790677/medium.jpeg
PLANT-00092,arnoglossum atriplicifolium,Arnoglossum atriplicifolium,Pale Indian Plantain,Alabama | Arkansas | Delaware | Florida | Georgia | Illinois | Indiana | Iowa | Kansas | Kentucky | Louisiana | Maryland | Massachusetts | Michigan | Minnesota | Mississippi | Missouri | Nebraska | New Jersey | New York | North Carolina | Ohio | Oklahoma | Pennsylvania | South Carolina | Tennessee | Virginia | West Virginia | Wisconsin,Herbaceous perennial,Full sun to part shade,Medium,Medium,3,8,July,August,ARAT,Asteraceae,Herb,Perennial,"Up to about 10 feet tall, often shorter.",White,"Jul , Aug , Sep , Oct , Nov",Medium,Sun,Moist,,Various soils.,,yes,,TRUE,FALSE,FALSE,FALSE,TRUE,FALSE,FALSE,FALSE,FALSE,FALSE,FALSE,FALSE,TRUE,TRUE,TRUE,TRUE,TRUE,FALSE,,,FALSE,FALSE,FALSE,FALSE,FALSE,FALSE,FALSE,TRUE,FALSE,Pale Indian Plantain,https://static.inaturalist.org/photos/45419408/medium.jpg
PLANT-00093,arnoglossum reniforme,Arnoglossum reniforme,Great Indian Plantain,Alabama | Arkansas | Georgia | Illinois | Indiana | Iowa | Kentucky | Maryland | Minnesota | Mississippi | Missouri | New Jersey | North Carolina | Ohio | Oklahoma | Pennsylvania | Tennessee | Virginia | West Virginia | Wisconsin,Herbaceous perennial,Full sun to part shade,Medium,Low,3,8,May,September,ARRE6,Asteraceae,Herb,Perennial,Up to about 10 feet tall.,"White , Green","May , Jun , Jul , Aug , Sep",,,,,,,,,FALSE,FALSE,FALSE,FALSE,FALSE,FALSE,FALSE,FALSE,FALSE,FALSE,TRUE,TRUE,TRUE,TRUE,TRUE,FALSE,FALSE,FALSE,,,FALSE,FALSE,FALSE,FALSE,FALSE,FALSE,FALSE,TRUE,FALSE,Great Indian Plantain,https://static.inaturalist.org/photos/8440881/medium.jpg
PLANT-00094,aronia arbutifolia,Aronia arbutifolia,"Red Chokeberry, Red Chokecherry",Alabama | Arkansas | Connecticut | Florida | Georgia | Kentucky | Louisiana | Maine | Maryland | Massachusetts | Mississippi | New Hampshire | New Jersey | New York | North Carolina | Oklahoma | Pennsylvania | Rhode Island | South Carolina | Tennessee | Texas | Virginia | West Virginia,Deciduous shrub,Full sun to part shade,Medium,Low,4,9,April,April,ARAR7,Rosaceae,Shrub,Perennial,Up to about 12 feet tall.,"White , Pink","Feb , Mar , Apr , May",High,Sun,Moist,Acidic (pH<6.8),"Moist, rich soils.",Intermediate food source for birds.,yes,Propagate by seed or softwood cuttings. Softwood cuttings root without hormone treatment.,TRUE,FALSE,FALSE,FALSE,FALSE,TRUE,FALSE,TRUE,TRUE,TRUE,TRUE,FALSE,FALSE,FALSE,FALSE,FALSE,FALSE,FALSE,,,FALSE,FALSE,FALSE,FALSE,FALSE,FALSE,FALSE,TRUE,FALSE,"Red Chokeberry, Red Chokecherry",https://inaturalist-open-data.s3.amazonaws.com/photos/3119507/medium.JPG
PLANT-00095,aronia melanocarpa,Aronia melanocarpa,Black Chokeberry,Alabama | Arkansas | Connecticut | Delaware | Georgia | Illinois | Indiana | Iowa | Kentucky | Maine | Maryland | Michigan | Minnesota | Mississippi | Missouri | New Hampshire | New Jersey | New York | North Carolina | Ohio | Pennsylvania | Rhode Island | South Carolina | Tennessee | Vermont | Virginia | West Virginia | Wisconsin,Deciduous shrub,Full sun to part shade,Medium,Low,3,8,May,May,ARME6,Rosaceae,Shrub,Perennial,Up to about 6 feet tall.,"White , Pink","Mar , Apr , May , Jun",,Part Shade,Moist,Acidic (pH<6.8),"Moist, acid soils.",Intermediate food source for birds.,yes,Propagate by seed or softwood cuttings. Softwood cuttings root without hormone treatment.,FALSE,TRUE,FALSE,FALSE,FALSE,FALSE,FALSE,FALSE,TRUE,TRUE,TRUE,TRUE,FALSE,FALSE,FALSE,FALSE,FALSE,FALSE,,,FALSE,FALSE,FALSE,FALSE,FALSE,FALSE,FALSE,TRUE,FALSE,Black Chokeberry,https://inaturalist-open-data.s3.amazonaws.com/photos/12231787/medium.jpg
PLANT-00096,aronia melanocarpa var. elata,Aronia melanocarpa var. elata,black chokeberry,Alabama | Arkansas | Connecticut | Delaware | Florida | Georgia | Indiana | Kentucky | Louisiana | Maine | Maryland | Massachusetts | Michigan | Mississippi | New Hampshire | New Jersey | New York | North Carolina | Ohio | Pennsylvania | Rhode Island | South Carolina | Tennessee | Vermont | Virginia | West Virginia,Deciduous shrub,Full sun to part shade,Medium,Low,3,8,May,May,,,,,,,,,,,,,,,,,,,,,,,,,,,,,,,,,,,,FALSE,FALSE,FALSE,FALSE,FALSE,FALSE,FALSE,FALSE,FALSE,black chokeberry,
PLANT-00097,artemisia dracunculus,Artemisia dracunculus,Tarragon,Alaska | Arizona | California | Colorado | Idaho | Illinois | Iowa | Kansas | Minnesota | Missouri | Montana | Nebraska | Nevada | New Mexico | North Dakota | Oklahoma | Oregon | South Dakota | Texas | Utah | Washington | Wisconsin | Wyoming,Herbaceous perennial,Full sun,Dry to medium,Medium,3,7,July,August,ARDR4,Asteraceae,Subshrub,,Up to about 5 feet tall.,Yellow,"Jul , Aug , Sep , Oct , Nov",,,,,,,,,FALSE,FALSE,FALSE,FALSE,FALSE,FALSE,FALSE,FALSE,FALSE,FALSE,FALSE,FALSE,TRUE,TRUE,TRUE,TRUE,TRUE,FALSE,,,FALSE,FALSE,FALSE,FALSE,FALSE,FALSE,FALSE,TRUE,FALSE,Tarragon,https://inaturalist-open-data.s3.amazonaws.com/photos/84568291/medium.jpg
PLANT-00098,artemisia frigida,Artemisia frigida,"Prairie Sagewort, Prairie Sagebrush, Fringed Sage, Pasture Sage",Alaska | Arizona | Colorado | Idaho | Illinois | Iowa | Kansas | Minnesota | Montana | Nebraska | New Mexico | North Dakota | South Dakota | Texas | Utah | Washington | Wisconsin | Wyoming,Herbaceous perennial,Full sun,Dry,Medium,3,10,August,August,ARFR4,Asteraceae,Subshrub,Perennial,Up to about 18 inches tall.,Yellow,"Jun , Jul , Aug , Sep , Oct , Nov",Low,Sun,Dry,,"Poor, dry soil.",Important winter feed for elk and deer.,yes,"Increase by division of mature plants, by",TRUE,FALSE,FALSE,TRUE,FALSE,FALSE,FALSE,FALSE,FALSE,FALSE,FALSE,TRUE,TRUE,TRUE,TRUE,TRUE,TRUE,FALSE,,,FALSE,FALSE,FALSE,FALSE,FALSE,FALSE,FALSE,TRUE,FALSE,"Prairie Sagewort, Prairie Sagebrush, Fringed Sage, Pasture Sage",https://inaturalist-open-data.s3.amazonaws.com/photos/81464226/medium.jpeg
PLANT-00099,artemisia ludoviciana,Artemisia ludoviciana,"Louisiana Artemisia, Louisiana Sage, White Sage, Prairie Sage, Silver Sage, White Sagebrush, Louisiana Wormwood, Silver Wormwood, Louisiana Sagewort, Gray Sagewort, Cudweed Sagewort, Mugwort Wormwood",Alabama | Alaska | Arizona | Arkansas | California | Colorado | Connecticut | Delaware | Florida | Georgia | Idaho | Illinois | Indiana | Iowa | Kansas | Kentucky | Louisiana | Maine | Maryland | Massachusetts | Michigan | Minnesota | Mississippi | Missouri | Montana | Nebraska | Nevada | New Hampshire | New Jersey | New Mexico | New York | North Carolina | North Dakota | Ohio | Oklahoma | Oregon | Pennsylvania | Rhode Island | South Carolina | South Dakota | Tennessee | Texas | Utah | Vermont | Virginia | Washington | West Virginia | Wisconsin | Wyoming,Herbaceous perennial,Full sun,Dry to medium,Medium,4,9,August,September,ARLU,Asteraceae,Subshrub,Perennial,Usually up to about 3 feet tall. Rarely up to 4 feet tall in desert washes.,"Red , Yellow","Jun , Jul , Aug , Sep , Oct , Nov",Low,Sun,Dry,,"Dry to mesic, rocky, shallow soils, well drained. Sand, loam, clay, caliche, limestone. Very adaptable.",,yes,Increase by sowing seeds or dividing the rhizomes in spring or fall. Mature plants may also be divided.,TRUE,FALSE,FALSE,TRUE,FALSE,FALSE,FALSE,FALSE,FALSE,FALSE,FALSE,TRUE,TRUE,TRUE,TRUE,TRUE,TRUE,FALSE,,,FALSE,FALSE,FALSE,FALSE,FALSE,FALSE,FALSE,TRUE,FALSE,"Louisiana Artemisia, Louisiana Sage, White Sage, Prairie Sage, Silver Sage, White Sagebrush, Louisiana Wormwood, Silver Wormwood, Louisiana Sagewort, Gray Sagewort, Cudweed Sagewort, Mugwort Wormwood",https://inaturalist-open-data.s3.amazonaws.com/photos/118315313/medium.jpeg
PLANT-00100,artemisia vulgaris,Artemisia vulgaris,mugwort,Alaska | California | Hawaii | Indiana | Kansas | Louisiana | Massachusetts | Michigan | New Jersey | New York | North Carolina | Ohio | Oregon | Rhode Island | South Carolina | Washington | Wisconsin,Herbaceous perennial,Full sun,Dry to medium,Medium,3,8,August,September,,,,,,,,,,,,,,,,,,,,,,,,,,,,,,,,,,,,FALSE,FALSE,FALSE,FALSE,FALSE,FALSE,FALSE,FALSE,FALSE,mugwort,https://inaturalist-open-data.s3.amazonaws.com/photos/46355424/medium.jpeg
PLANT-00101,aruncus dioicus,Aruncus dioicus,"Bride's Feathers, Goat's Beard",Alabama | Alaska | Arkansas | California | Georgia | Illinois | Indiana | Iowa | Kentucky | Maine | Maryland | Massachusetts | Michigan | Mississippi | Missouri | New Jersey | New York | North Carolina | Ohio | Oklahoma | Oregon | Pennsylvania | South Carolina | Tennessee | Virginia | Washington | West Virginia | Wisconsin,Herbaceous perennial,Full sun to part shade,Medium to wet,Low,4,8,April,May,ARDI8,Rosaceae,Herb,,Up to about 6 feet tall.,White,"May , Jun , Jul , Aug","Medium , High","Sun , Part Shade , Shade","Moist , Wet",Acidic (pH<6.8),"Average to acid, mesic to moist soil.",,yes,Propagate by division or seed.,TRUE,TRUE,TRUE,FALSE,TRUE,TRUE,FALSE,FALSE,FALSE,FALSE,TRUE,TRUE,TRUE,TRUE,FALSE,FALSE,FALSE,FALSE,,,FALSE,FALSE,FALSE,FALSE,FALSE,FALSE,FALSE,TRUE,FALSE,"Bride's Feathers, Goat's Beard",https://inaturalist-open-data.s3.amazonaws.com/photos/153826729/medium.jpg
PLANT-00102,arundinaria gigantea,Arundinaria gigantea,"Giant Cane, River Cane, Switch Cane, American Bamboo",Alabama | Arkansas | Delaware | Florida | Georgia | Illinois | Indiana | Kansas | Kentucky | Louisiana | Maryland | Mississippi | Missouri | North Carolina | Ohio | Oklahoma | South Carolina | Tennessee | Texas | Virginia | West Virginia,Ornamental grass,Full sun,Medium,Medium,5,9,Rarely flowers,Rarely flowers,ARGI,Poaceae,Grass/Grass-like,Perennial,Up to about 25 feet tall.,Green,"Feb , Mar , Apr , May",Medium,Part Shade,Wet,,Wet soils.,"Relied on by Bachman's Warbler, Swainson's Warbler, turkeys, Canebrake Rattlesnakes, Swamp Rabbits, Wood Bison, Black Bear, White-tailed Deer, and Elk",yes,,FALSE,TRUE,FALSE,FALSE,TRUE,FALSE,FALSE,TRUE,TRUE,TRUE,TRUE,FALSE,FALSE,FALSE,FALSE,FALSE,FALSE,FALSE,,,FALSE,FALSE,FALSE,FALSE,FALSE,FALSE,FALSE,TRUE,FALSE,"Giant Cane, River Cane, Switch Cane, American Bamboo",https://static.inaturalist.org/photos/35695730/medium.jpg
PLANT-00103,asarum canadense,Asarum canadense,"Canadian Wild Ginger, Wild Ginger",Alabama | Arkansas | Connecticut | Delaware | Georgia | Illinois | Indiana | Iowa | Kansas | Kentucky | Louisiana | Maine | Maryland | Massachusetts | Michigan | Minnesota | Mississippi | Missouri | New Hampshire | New Jersey | New York | North Carolina | North Dakota | Ohio | Oklahoma | Pennsylvania | Rhode Island | South Carolina | South Dakota | Tennessee | Vermont | Virginia | West Virginia | Wisconsin,Herbaceous perennial,Part shade to full shade,Medium to wet,Low,4,6,April,May,ASCA,Aristolochiaceae,Herb,Perennial,Up to about 8 inches tall.,"Red , Green , Purple , Brown","Apr , May , Jun",Medium,"Part Shade , Shade",Moist,"Acidic (pH<6.8) , Circumneutral (pH 6.8-7.2)","Moist, rich soils. pH of 6 to 7 best.",,yes,Summer cuttings and fall root division best. Slow from seed.,FALSE,TRUE,TRUE,FALSE,TRUE,FALSE,FALSE,FALSE,FALSE,TRUE,TRUE,TRUE,FALSE,FALSE,FALSE,FALSE,FALSE,FALSE,,,FALSE,FALSE,FALSE,FALSE,FALSE,FALSE,FALSE,TRUE,FALSE,"Canadian Wild Ginger, Wild Ginger",https://inaturalist-open-data.s3.amazonaws.com/photos/842419/medium.jpg
PLANT-00104,asarum caudatum,Asarum caudatum,"British Columbia Wild Ginger, Long-tail Wild Ginger",California | Idaho | Montana | Oregon | Washington,Herbaceous perennial,Part shade to full shade,Medium,Low,7,10,April,June,ASCA2,Aristolochiaceae,Herb,Perennial,"Up to about 10 inches tall, spreading widely.","Yellow , Green , Purple , Brown","Apr , May , Jun , Jul , Aug",Medium,Shade,Moist,,"Moist, rich soil.",,yes,Propagates easily from,FALSE,FALSE,TRUE,FALSE,TRUE,FALSE,FALSE,FALSE,FALSE,TRUE,TRUE,TRUE,TRUE,TRUE,FALSE,FALSE,FALSE,FALSE,,,FALSE,FALSE,FALSE,FALSE,FALSE,FALSE,FALSE,TRUE,FALSE,"British Columbia Wild Ginger, Long-tail Wild Ginger",https://inaturalist-open-data.s3.amazonaws.com/photos/511529038/medium.jpg
PLANT-00105,asarum shuttleworthii,Asarum shuttleworthii,wild ginger,Alabama | Georgia | New York | North Carolina | South Carolina | Tennessee | Virginia,Herbaceous perennial,Part shade to full shade,Medium to wet,Low,6,9,April,May,,,,,,,,,,,,,,,,,,,,,,,,,,,,,,,,,,,,FALSE,FALSE,FALSE,FALSE,FALSE,FALSE,FALSE,FALSE,FALSE,wild ginger,https://inaturalist-open-data.s3.amazonaws.com/photos/19661921/medium.jpg
PLANT-00106,asclepias hirtella,Asclepias hirtella,"Green Milkweed, Tall Green Milkweed",Alabama | Arkansas | Georgia | Illinois | Indiana | Iowa | Kansas | Kentucky | Louisiana | Michigan | Minnesota | Mississippi | Missouri | Ohio | Oklahoma | Tennessee | West Virginia | Wisconsin,Herbaceous perennial,Full sun to part shade,Dry to medium,Low,4,8,June,August,ASHI,Asclepiadaceae,Herb,Perennial,,"White , Green , Brown","May , Jun , Jul , Aug",,,,,,,,,FALSE,FALSE,FALSE,FALSE,FALSE,FALSE,FALSE,FALSE,FALSE,FALSE,TRUE,TRUE,TRUE,TRUE,FALSE,FALSE,FALSE,FALSE,,,FALSE,FALSE,FALSE,FALSE,FALSE,FALSE,FALSE,TRUE,FALSE,"Green Milkweed, Tall Green Milkweed",https://inaturalist-open-data.s3.amazonaws.com/photos/9002086/medium.jpg
PLANT-00107,asclepias incarnata,Asclepias incarnata,"Swamp Milkweed, Pink Milkweed",Alabama | Arkansas | Colorado | Connecticut | Delaware | Florida | Georgia | Idaho | Illinois | Indiana | Iowa | Kansas | Kentucky | Louisiana | Maine | Maryland | Massachusetts | Michigan | Minnesota | Missouri | Montana | Nebraska | Nevada | New Hampshire | New Jersey | New Mexico | New York | North Carolina | North Dakota | Ohio | Oklahoma | Pennsylvania | South Dakota | Tennessee | Texas | Utah | Vermont | Virginia | West Virginia | Wisconsin | Wyoming,Herbaceous perennial,Full sun,Medium to wet,Low,3,6,July,August,ASIN,Asclepiadaceae,Herb,Perennial,Up to about 5 feet tall.,"Pink , Purple","Jun , Jul , Aug , Sep , Oct",High,"Sun , Part Shade","Moist , Wet",,"Rich, wet, very muddy to average garden moisture. One of the few ornamentals that thrives in mucky clay soils. Prefers neutral to slightly acidic soil but will tolerate heavy clay.",Milkweeds are an important food source for the monarch caterpillar.,,Easy to start from seed. Established plants may be divided in spring.,TRUE,TRUE,FALSE,FALSE,FALSE,TRUE,FALSE,FALSE,FALSE,FALSE,FALSE,TRUE,TRUE,TRUE,TRUE,TRUE,FALSE,FALSE,,,FALSE,FALSE,FALSE,FALSE,FALSE,FALSE,FALSE,TRUE,FALSE,"Swamp Milkweed, Pink Milkweed",https://inaturalist-open-data.s3.amazonaws.com/photos/21590017/medium.jpg
PLANT-00108,asclepias purpurascens,Asclepias purpurascens,Purple Milkweed,Arkansas | Connecticut | Delaware | Georgia | Illinois | Indiana | Iowa | Kansas | Kentucky | Louisiana | Maine | Maryland | Massachusetts | Michigan | Minnesota | Mississippi | Missouri | Nebraska | New Hampshire | New Jersey | New York | North Carolina | Ohio | Oklahoma | Pennsylvania | Rhode Island | South Dakota | Tennessee | Texas | Virginia | West Virginia | Wisconsin,Herbaceous perennial,Full sun,Dry to medium,Low,3,8,May,July,ASPU2,Asclepiadaceae,Herb,Perennial,,"Red , Purple","May , Jun , Jul",,Sun,Dry,,,,,,TRUE,FALSE,FALSE,FALSE,FALSE,FALSE,FALSE,FALSE,FALSE,FALSE,TRUE,TRUE,TRUE,FALSE,FALSE,FALSE,FALSE,FALSE,,,FALSE,FALSE,FALSE,FALSE,FALSE,FALSE,FALSE,TRUE,FALSE,Purple Milkweed,https://inaturalist-open-data.s3.amazonaws.com/photos/4194551/medium.jpg
PLANT-00109,asclepias quadrifolia,Asclepias quadrifolia,Fourleaf Milkweed,Alabama | Arkansas | Connecticut | Delaware | Georgia | Illinois | Indiana | Iowa | Kansas | Kentucky | Maryland | Massachusetts | Minnesota | Missouri | New Hampshire | New Jersey | New York | North Carolina | Ohio | Oklahoma | Pennsylvania | Rhode Island | South Carolina | Tennessee | Vermont | Virginia | West Virginia,Herbaceous perennial,Full sun to part shade,Dry to medium,Low,5,8,May,July,ASQU,Asclepiadaceae,Herb,Perennial,,"White , Pink","May , Jun , Jul",,"Sun , Part Shade , Shade","Dry , Moist",,,,,,TRUE,TRUE,TRUE,FALSE,FALSE,FALSE,FALSE,FALSE,FALSE,FALSE,TRUE,TRUE,TRUE,FALSE,FALSE,FALSE,FALSE,FALSE,,,FALSE,FALSE,FALSE,FALSE,FALSE,FALSE,FALSE,TRUE,FALSE,Fourleaf Milkweed,https://inaturalist-open-data.s3.amazonaws.com/photos/72389821/medium.jpg
PLANT-00110,asclepias speciosa,Asclepias speciosa,Showy Milkweed,Arizona | California | Colorado | Idaho | Illinois | Iowa | Kansas | Michigan | Minnesota | Missouri | Montana | Nevada | New Mexico | North Dakota | Oklahoma | Oregon | South Dakota | Texas | Utah | Washington | Wisconsin | Wyoming,Herbaceous perennial,Full sun,Dry to medium,Low,3,9,May,June,ASSP,Asclepiadaceae,Herb,Perennial,"Generally 1 1/2-3 ft, but can reach 6 ft (1.8 m) under favorable conditions.","Pink , Green , Purple","May , Jun , Jul , Aug , Sep",Medium,Sun,Moist,,"Can grow in course, medium, and fine soils.",Hummingbirds.,yes,Root cuttings can be taken in fall or early spring. Seeds may be sown outside in late fall or the following spring. Germination of spring-planted seeds is enhanced by moist stratification.,TRUE,FALSE,FALSE,FALSE,TRUE,FALSE,FALSE,FALSE,FALSE,FALSE,TRUE,TRUE,TRUE,TRUE,TRUE,FALSE,FALSE,FALSE,,,FALSE,FALSE,FALSE,FALSE,FALSE,FALSE,FALSE,TRUE,FALSE,Showy Milkweed,https://inaturalist-open-data.s3.amazonaws.com/photos/4301196/medium.jpeg
PLANT-00111,asclepias sullivantii,Asclepias sullivantii,"Prairie Milkweed, Sullivant's Milkweed, Smooth Milkweed",Arkansas | Illinois | Indiana | Iowa | Kansas | Michigan | Minnesota | Missouri | Nebraska | North Dakota | Ohio | Oklahoma | South Dakota | Wisconsin,Herbaceous perennial,Full sun,Medium to wet,Low,3,7,June,July,ASSU3,Asclepiadaceae,Herb,Perennial,Up to about 3 feet tall.,Pink,"Jun , Jul , Aug",Medium,Sun,"Moist , Wet",,Various moist soils.,,yes,Root cuttings can be taken in fall or early spring. Seeds may be sown outside in late fall or the following spring. Germination of spring-planted seeds is enhanced by moist stratification.,TRUE,FALSE,FALSE,FALSE,TRUE,FALSE,FALSE,FALSE,FALSE,FALSE,FALSE,TRUE,TRUE,TRUE,FALSE,FALSE,FALSE,FALSE,,,FALSE,FALSE,FALSE,FALSE,FALSE,FALSE,FALSE,TRUE,FALSE,"Prairie Milkweed, Sullivant's Milkweed, Smooth Milkweed",https://inaturalist-open-data.s3.amazonaws.com/photos/60310513/medium.jpg
PLANT-00112,asclepias syriaca,Asclepias syriaca,Common Milkweed,Alabama | Arkansas | Connecticut | Delaware | Georgia | Illinois | Indiana | Iowa | Kansas | Kentucky | Louisiana | Maine | Maryland | Massachusetts | Michigan | Minnesota | Mississippi | Missouri | Montana | Nebraska | New Hampshire | New Jersey | New York | North Carolina | North Dakota | Ohio | Oklahoma | Oregon | Pennsylvania | Rhode Island | South Carolina | South Dakota | Tennessee | Texas | Vermont | Virginia | West Virginia | Wisconsin,Herbaceous perennial,Full sun,Dry to medium,Low,3,9,June,August,ASSY,Asclepiadaceae,Herb,Perennial,Typically 3-5 feet (90-150 cm) but can reach 8 feet (240 cm) in ditches and gardens.,"White , Purple","Jun , Jul , Aug",,Sun,Moist,,"Medium to fine sandy, clayey, or rocky calcareous soils. Also found in well-drained loamy soils.",,,Spreads via rhizomes and forms small to large clones. Rhizomes can be cut and transplanted early in the spring.,TRUE,FALSE,FALSE,FALSE,FALSE,FALSE,FALSE,FALSE,FALSE,FALSE,FALSE,TRUE,TRUE,TRUE,FALSE,FALSE,FALSE,FALSE,,,FALSE,FALSE,FALSE,FALSE,FALSE,FALSE,FALSE,TRUE,FALSE,Common Milkweed,https://inaturalist-open-data.s3.amazonaws.com/photos/99923276/medium.jpg
PLANT-00113,asclepias tuberosa,Asclepias tuberosa,"Butterflyweed, Butterfly Weed, Butterfly Milkweed, Orange Milkweed, Pleurisy Root, Chigger Flower, Chiggerweed",Alabama | Arizona | Arkansas | California | Colorado | Connecticut | Delaware | Florida | Georgia | Illinois | Indiana | Iowa | Kansas | Kentucky | Louisiana | Maine | Maryland | Michigan | Minnesota | Mississippi | Missouri | Nebraska | New Hampshire | New Jersey | New Mexico | New York | North Carolina | Ohio | Oklahoma | Pennsylvania | Rhode Island | South Carolina | South Dakota | Tennessee | Texas | Utah | Vermont | Virginia | West Virginia | Wisconsin,Herbaceous perennial,Full sun,Dry to medium,Low,3,9,June,August,ASTU,Asclepiadaceae,Herb,Perennial,1-2 ft (30-60 cm).,"Orange , Yellow","May , Jun , Jul , Aug , Sep",Low,Sun,"Dry , Moist",,Prefers well-drained sandy soils. Tolerates drought.,,yes,"The easiest method of propagation is root cuttings. In the fall, cut the",TRUE,FALSE,FALSE,TRUE,FALSE,FALSE,FALSE,FALSE,FALSE,FALSE,TRUE,TRUE,TRUE,TRUE,TRUE,FALSE,FALSE,FALSE,,,FALSE,FALSE,FALSE,FALSE,FALSE,FALSE,FALSE,TRUE,FALSE,"Butterflyweed, Butterfly Weed, Butterfly Milkweed, Orange Milkweed, Pleurisy Root, Chigger Flower, Chiggerweed",https://inaturalist-open-data.s3.amazonaws.com/photos/206558098/medium.jpeg
PLANT-00114,asclepias verticillata,Asclepias verticillata,"Whorled Milkweed, Eastern Whorled Milkweed",Alabama | Arizona | Arkansas | Connecticut | Delaware | Florida | Georgia | Illinois | Indiana | Iowa | Kansas | Kentucky | Louisiana | Maryland | Massachusetts | Michigan | Minnesota | Mississippi | Missouri | Montana | Nebraska | New Jersey | New Mexico | New York | North Carolina | North Dakota | Ohio | Oklahoma | Pennsylvania | Rhode Island | South Carolina | South Dakota | Tennessee | Texas | Vermont | Virginia | West Virginia | Wisconsin | Wyoming,Herbaceous perennial,Full sun to part shade,Dry to medium,Low,4,9,June,September,ASVE,Asclepiadaceae,Herb,Perennial,Up to about 3 feet tall.,"White , Green","May , Jun , Jul , Aug , Sep",Low,"Sun , Part Shade",Dry,,"Sandy, clayey or rocky soils.",,yes,Plant seeds outside in the fall. Seedlings will germinate immediately but may not flower until the second year.,TRUE,TRUE,FALSE,TRUE,FALSE,FALSE,FALSE,FALSE,FALSE,FALSE,TRUE,TRUE,TRUE,TRUE,TRUE,FALSE,FALSE,FALSE,,,FALSE,FALSE,FALSE,FALSE,FALSE,FALSE,FALSE,TRUE,FALSE,"Whorled Milkweed, Eastern Whorled Milkweed",https://inaturalist-open-data.s3.amazonaws.com/photos/4647603/medium.jpg
PLANT-00115,asclepias viridis,Asclepias viridis,"Green Milkweed, Spider Milkweed",Alabama | Arkansas | Florida | Georgia | Illinois | Indiana | Kansas | Kentucky | Louisiana | Mississippi | Missouri | Nebraska | New Mexico | Ohio | Oklahoma | South Carolina | Tennessee | Texas | West Virginia,Herbaceous perennial,Full sun,Dry to medium,Low,5,9,May,July,ASVI2,Asclepiadaceae,Herb,Perennial,9 3/4 - 25 1/2 in (25-65 cm).,"White , Yellow , Green , Purple","Apr , May , Jun , Jul , Aug , Sep",Low,Sun,Moist,,,,yes,,TRUE,FALSE,FALSE,TRUE,FALSE,FALSE,FALSE,FALSE,FALSE,TRUE,TRUE,TRUE,TRUE,TRUE,TRUE,FALSE,FALSE,FALSE,,,FALSE,FALSE,FALSE,FALSE,FALSE,FALSE,FALSE,TRUE,FALSE,"Green Milkweed, Spider Milkweed",https://static.inaturalist.org/photos/221023/medium.jpg
PLANT-00116,asimina triloba,Asimina triloba,"Pawpaw, Common Pawpaw, Custard Apple, Indian Banana, Wild Banana",Alabama | Arkansas | Delaware | Florida | Georgia | Illinois | Indiana | Iowa | Kansas | Kentucky | Louisiana | Maryland | Michigan | Mississippi | Missouri | Nebraska | New York | North Carolina | Ohio | Oklahoma | Pennsylvania | South Carolina | Tennessee | Texas | Virginia | West Virginia,Tree,Full sun to part shade,Medium to wet,Low,5,9,April,May,ASTR,Annonaceae,Tree,Perennial,,"White , Red , Yellow , Purple","Apr , May",Medium,"Sun , Part Shade , Shade",Moist,,"Rich, moist, slightly acid soils. Sandy, Sandy Loam, Medium Loam, Clay Loam, Clay",Small mammals relish the fragrant,yes,Trees are easily grown from scarified/stratified seed. Fall sow in a shady location. Some sources say seed is the only method of propagation while other say increase is possible by root cuttings or layering.,TRUE,TRUE,TRUE,FALSE,TRUE,FALSE,FALSE,FALSE,FALSE,TRUE,TRUE,FALSE,FALSE,FALSE,FALSE,FALSE,FALSE,FALSE,,,FALSE,FALSE,FALSE,FALSE,FALSE,FALSE,FALSE,TRUE,FALSE,"Pawpaw, Common Pawpaw, Custard Apple, Indian Banana, Wild Banana",https://inaturalist-open-data.s3.amazonaws.com/photos/4948460/medium.jpg
PLANT-00117,asplenium nidus,Asplenium nidus,Hawai'I Birdnest Fern,Hawaii,Fern,Part shade to full shade,Medium,Medium,11,12,Non-flowering,Non-flowering,ASNI,Aspleniaceae,Fern,Perennial,Grows up to 4 feet in height.,Not Applicable,,,,,,,,,,FALSE,FALSE,FALSE,FALSE,FALSE,FALSE,FALSE,FALSE,FALSE,FALSE,FALSE,FALSE,FALSE,FALSE,FALSE,FALSE,FALSE,FALSE,,,FALSE,FALSE,FALSE,FALSE,FALSE,FALSE,FALSE,TRUE,FALSE,Hawai'I Birdnest Fern,https://static.inaturalist.org/photos/230834449/medium.jpeg
PLANT-00118,asplenium platyneuron,Asplenium platyneuron,Ebony Spleenwort,Alabama | Arizona | Arkansas | Colorado | Connecticut | Delaware | Georgia | Illinois | Indiana | Iowa | Kansas | Kentucky | Louisiana | Maine | Maryland | Massachusetts | Michigan | Minnesota | Mississippi | Missouri | Nebraska | New Hampshire | New Jersey | New Mexico | New York | North Carolina | Ohio | Oklahoma | Pennsylvania | Rhode Island | South Carolina | Tennessee | Texas | Vermont | Virginia | West Virginia | Wisconsin,Fern,Part shade to full shade,Dry to medium,Medium,3,8,Non-flowering,Non-flowering,ASPL,Aspleniaceae,Fern,Perennial,Normally 12 to 18 inches high,Not Applicable,,Medium,"Part Shade , Shade",Moist,"Alkaline (pH>7.2) , Acidic (pH<6.8) , Circumneutral (pH 6.8-7.2)","Gravelly, slightly acid, well-drained soils. Sandy, Sandy Loam, Medium Loam, Limestone-based. Grows well in acid or alkaline soils.",,,Root division while dormant or spores,FALSE,TRUE,TRUE,FALSE,TRUE,FALSE,FALSE,FALSE,FALSE,FALSE,FALSE,FALSE,FALSE,FALSE,FALSE,FALSE,FALSE,FALSE,,,FALSE,FALSE,FALSE,FALSE,FALSE,FALSE,FALSE,TRUE,FALSE,Ebony Spleenwort,https://inaturalist-open-data.s3.amazonaws.com/photos/393063832/medium.jpeg
PLANT-00119,asplenium scolopendrium,Asplenium scolopendrium,"Hart's Tongue Fern, Hart's Tonguefern, Hart's-tongue",Alabama | Michigan | New Jersey | New York | Tennessee,Fern,Part shade to full shade,Medium,Low,5,9,Non-flowering,Non-flowering,ASSC11,Aspleniaceae,Herb,,Fronds up to about 18 inches long.,Not Applicable,,,,,,,,,,FALSE,FALSE,FALSE,FALSE,FALSE,FALSE,FALSE,FALSE,FALSE,FALSE,FALSE,FALSE,FALSE,FALSE,FALSE,FALSE,FALSE,FALSE,,,FALSE,FALSE,FALSE,FALSE,FALSE,FALSE,FALSE,TRUE,FALSE,"Hart's Tongue Fern, Hart's Tonguefern, Hart's-tongue",https://static.inaturalist.org/photos/42121986/medium.jpg
PLANT-00120,asplenium trichomanes,Asplenium trichomanes,Maidenhair Spleenwort,Alabama | Alaska | Arizona | Arkansas | California | Colorado | Connecticut | Delaware | Florida | Georgia | Idaho | Illinois | Indiana | Kansas | Kentucky | Louisiana | Maine | Maryland | Massachusetts | Michigan | Minnesota | Mississippi | Missouri | Montana | New Hampshire | New Jersey | New Mexico | New York | North Carolina | Ohio | Oklahoma | Oregon | Pennsylvania | Rhode Island | South Carolina | South Dakota | Tennessee | Texas | Utah | Vermont | Virginia | Washington | West Virginia | Wisconsin | Wyoming,Fern,Part shade to full shade,Medium,Low,5,8,Non-flowering,Non-flowering,ASTR2,Aspleniaceae,Herb,Perennial,Fronds up to about 10 inches long.,Not Applicable,,,"Sun , Shade",Moist,,Moist humus among limestone rocks.,,yes,Propagation is by rootstock division.,TRUE,FALSE,TRUE,FALSE,FALSE,FALSE,FALSE,FALSE,FALSE,FALSE,FALSE,FALSE,FALSE,FALSE,FALSE,FALSE,FALSE,FALSE,,,FALSE,FALSE,FALSE,FALSE,FALSE,FALSE,FALSE,TRUE,FALSE,Maidenhair Spleenwort,https://inaturalist-open-data.s3.amazonaws.com/photos/511602695/medium.jpg
PLANT-00121,asplenium ã— ebenoides,Asplenium Ã— ebenoides,walking spleenwort,Alabama | Arkansas | Connecticut | Georgia | Illinois | Indiana | Kentucky | Maryland | Massachusetts | Mississippi | Missouri | New Hampshire | New Jersey | New York | North Carolina | Ohio | Pennsylvania | Tennessee | Vermont | Virginia | West Virginia,Fern,Part shade to full shade,Medium,Medium,4,8,Non-flowering,Non-flowering,,,,,,,,,,,,,,,,,,,,,,,,,,,,,,,,,,,,FALSE,FALSE,FALSE,FALSE,FALSE,FALSE,FALSE,FALSE,FALSE,walking spleenwort,https://inaturalist-open-data.s3.amazonaws.com/photos/20729612/medium.jpg
PLANT-00122,aster alpinus,Aster alpinus,Alpine Aster,Alaska | Colorado | Idaho | Montana | Wyoming,Herbaceous perennial,Full sun,Medium,Low,5,7,May,June,ASAL3,Asteraceae,Herb,Perennial,Up to about 16 inches tall.,"White , Pink , Purple","Jun , Jul",Medium,"Sun , Part Shade",,,,,,,TRUE,TRUE,FALSE,FALSE,TRUE,FALSE,FALSE,FALSE,FALSE,FALSE,FALSE,TRUE,TRUE,FALSE,FALSE,FALSE,FALSE,FALSE,,,FALSE,FALSE,FALSE,FALSE,FALSE,FALSE,FALSE,TRUE,FALSE,Alpine Aster,https://inaturalist-open-data.s3.amazonaws.com/photos/11241242/medium.jpg
PLANT-00123,astragalus bisulcatus,Astragalus bisulcatus,Twogrooved Milkvetch,Arizona | Colorado | Idaho | Kansas | Montana | Nebraska | New Mexico | North Dakota | Oklahoma | South Dakota | Utah | Wyoming,Herbaceous perennial,Full sun,Dry,Low,3,6,May,July,ASBI2,Fabaceae,Herb,Perennial,,"Red , Purple","Apr , May , Jun , Jul",,,,,,,,,FALSE,FALSE,FALSE,FALSE,FALSE,FALSE,FALSE,FALSE,FALSE,TRUE,TRUE,TRUE,TRUE,FALSE,FALSE,FALSE,FALSE,FALSE,,,FALSE,FALSE,FALSE,FALSE,FALSE,FALSE,FALSE,TRUE,FALSE,Twogrooved Milkvetch,https://inaturalist-open-data.s3.amazonaws.com/photos/134869034/medium.jpeg
PLANT-00124,astragalus canadensis,Astragalus canadensis,"Canadian Milkvetch, Canada Milkvetch, Milk Vetch",Alabama | Arkansas | California | Colorado | Connecticut | Georgia | Idaho | Illinois | Indiana | Iowa | Kansas | Kentucky | Louisiana | Maryland | Michigan | Minnesota | Mississippi | Missouri | Montana | Nebraska | Nevada | New Jersey | New Mexico | New York | North Carolina | North Dakota | Ohio | Oklahoma | Oregon | Pennsylvania | South Carolina | South Dakota | Tennessee | Texas | Utah | Vermont | Virginia | Washington | West Virginia | Wisconsin | Wyoming,Herbaceous perennial,Full sun,Medium,Low,3,8,June,August,ASCA11,Fabaceae,Herb,Perennial,Up to about 4 feet tall.,White,"May , Jun , Jul",Medium,"Sun , Part Shade","Dry , Wet",,Moist to mesic soils,"Hummingbirds, Butterflies",yes,Easily propagated by seed sown unstratified in fall or stratified in spring.,TRUE,TRUE,FALSE,FALSE,TRUE,FALSE,FALSE,FALSE,FALSE,FALSE,TRUE,TRUE,TRUE,FALSE,FALSE,FALSE,FALSE,FALSE,,,FALSE,FALSE,FALSE,FALSE,FALSE,FALSE,FALSE,TRUE,FALSE,"Canadian Milkvetch, Canada Milkvetch, Milk Vetch",https://inaturalist-open-data.s3.amazonaws.com/photos/45022492/medium.jpg
PLANT-00125,astragalus crassicarpus,Astragalus crassicarpus,"Groundplum Milkvetch, Ground Plum",Arizona | Arkansas | Colorado | Illinois | Iowa | Kansas | Louisiana | Minnesota | Missouri | Montana | Nebraska | New Mexico | North Dakota | Oklahoma | South Dakota | Texas | Wisconsin | Wyoming,Herbaceous perennial,Full sun,Dry to medium,Low,3,6,April,June,ASCR2,Fabaceae,Herb,Perennial,Stems,"White , Blue , Purple","May , Jun",,"Sun , Part Shade , Shade","Dry , Moist",,,,,,TRUE,TRUE,TRUE,FALSE,FALSE,FALSE,FALSE,FALSE,FALSE,FALSE,TRUE,TRUE,FALSE,FALSE,FALSE,FALSE,FALSE,FALSE,,,FALSE,FALSE,FALSE,FALSE,FALSE,FALSE,FALSE,TRUE,FALSE,"Groundplum Milkvetch, Ground Plum",https://inaturalist-open-data.s3.amazonaws.com/photos/388195266/medium.jpg
PLANT-00126,athyrium asplenioides,Athyrium asplenioides,southern lady fern,Alabama | Arkansas | Connecticut | Delaware | Florida | Georgia | Illinois | Indiana | Kansas | Kentucky | Louisiana | Maryland | Massachusetts | Mississippi | Missouri | New Jersey | New York | North Carolina | Ohio | Oklahoma | Pennsylvania | Rhode Island | South Carolina | Tennessee | Texas | Virginia | West Virginia,Fern,Part shade to full shade,Medium,Low,5,9,Non-flowering,Non-flowering,,,,,,,,,,,,,,,,,,,,,,,,,,,,,,,,,,,,FALSE,FALSE,FALSE,FALSE,FALSE,FALSE,FALSE,FALSE,FALSE,southern lady fern,https://inaturalist-open-data.s3.amazonaws.com/photos/351760165/medium.jpeg
PLANT-00127,athyrium filix-femina,Athyrium filix-femina,"Common Lady Fern, Subarctic Lady Fern, Lady Fern, Ladyfern",Alabama | Alaska | Arizona | Arkansas | California | Colorado | Connecticut | Delaware | Florida | Georgia | Idaho | Illinois | Indiana | Iowa | Kansas | Kentucky | Louisiana | Maine | Maryland | Michigan | Minnesota | Mississippi | Missouri | Montana | Nebraska | Nevada | New Hampshire | New Jersey | New Mexico | New York | North Carolina | North Dakota | Ohio | Oklahoma | Oregon | Pennsylvania | Rhode Island | South Carolina | South Dakota | Tennessee | Texas | Utah | Vermont | Virginia | Washington | West Virginia | Wisconsin | Wyoming,Fern,Part shade to full shade,Medium,Low,4,8,Non-flowering,Non-flowering,ATFI,Dryopteridaceae,Herb,Perennial,Up to about 3 feet tall.,Not Applicable,,Medium,"Part Shade , Shade","Moist , Wet",,"Moist, humus-rich soils.",,yes,Division or spores.,FALSE,TRUE,TRUE,FALSE,TRUE,FALSE,FALSE,FALSE,FALSE,FALSE,FALSE,FALSE,FALSE,FALSE,FALSE,FALSE,FALSE,FALSE,,,FALSE,FALSE,FALSE,FALSE,FALSE,FALSE,FALSE,TRUE,FALSE,"Common Lady Fern, Subarctic Lady Fern, Lady Fern, Ladyfern",https://inaturalist-open-data.s3.amazonaws.com/photos/91587454/medium.jpeg
PLANT-00128,athyrium filix-femina var. angustum,Athyrium filix-femina var. angustum,northern lady fern,Colorado | Connecticut | Delaware | Illinois | Indiana | Iowa | Kentucky | Maine | Maryland | Massachusetts | Michigan | Minnesota | Missouri | New Hampshire | New Jersey | New York | North Carolina | North Dakota | Ohio | Pennsylvania | Rhode Island | South Dakota | Tennessee | Vermont | Virginia | West Virginia | Wisconsin,Fern,Part shade to full shade,Medium,Low,3,7,Non-flowering,Non-flowering,,,,,,,,,,,,,,,,,,,,,,,,,,,,,,,,,,,,FALSE,FALSE,FALSE,FALSE,FALSE,FALSE,FALSE,FALSE,FALSE,northern lady fern,
PLANT-00129,athyrium thelypterioides,Athyrium thelypterioides,lady fern,Alabama | Arkansas | Connecticut | Delaware | Georgia | Illinois | Indiana | Iowa | Kentucky | Louisiana | Maine | Maryland | Massachusetts | Michigan | Minnesota | Mississippi | Missouri | New Hampshire | New Jersey | New York | North Carolina | Ohio | Pennsylvania | Rhode Island | South Carolina | Tennessee | Vermont | Virginia | West Virginia | Wisconsin,Fern,Part shade to full shade,Medium,Low,4,8,Non-flowering,Non-flowering,,,,,,,,,,,,,,,,,,,,,,,,,,,,,,,,,,,,FALSE,FALSE,FALSE,FALSE,FALSE,FALSE,FALSE,FALSE,FALSE,lady fern,https://static.inaturalist.org/photos/4119213/medium.jpg
PLANT-00130,baccharis halimifolia,Baccharis halimifolia,"Groundseltree, Sea-myrtle, Consumptionweed, Eastern Baccharis, Groundsel, Groundsel Bush, Salt Marsh-elder, Salt Bush, Florida Groundsel Bush",Alabama | Arkansas | Connecticut | Delaware | Florida | Georgia | Louisiana | Maryland | Massachusetts | Mississippi | New Jersey | New York | North Carolina | Oklahoma | Pennsylvania | Rhode Island | South Carolina | Texas | Virginia,Deciduous shrub,Full sun,Medium to wet,Low,5,10,August,October,BAHA,Asteraceae,Shrub,Perennial,Height to 15 feet.,White,"Aug , Sep , Oct",High,Part Shade,Wet,Circumneutral (pH 6.8-7.2),"Wet to droughty, gravel to fine sands. Sandy Loam, Sandy, Acid-based.","Cover, Nectar-bees, Nectar-butterflies, Nectar-moths, Nectar-insects, Seeds-granivorous birds",yes,Increase by sowing seed or taking cuttings in summer. Germinating seeds under mist or a plastic tent is recommended in some sources. Others suggest sowing seeds in sandy seed beds in fall or early spring.,FALSE,TRUE,FALSE,FALSE,FALSE,TRUE,FALSE,FALSE,FALSE,FALSE,FALSE,FALSE,FALSE,TRUE,TRUE,TRUE,FALSE,FALSE,,,FALSE,FALSE,FALSE,FALSE,FALSE,FALSE,FALSE,TRUE,FALSE,"Groundseltree, Sea-myrtle, Consumptionweed, Eastern Baccharis, Groundsel, Groundsel Bush, Salt Marsh-elder, Salt Bush, Florida Groundsel Bush",https://static.inaturalist.org/photos/56150639/medium.jpg
PLANT-00131,baccharis pilularis,Baccharis pilularis,"Coyotebrush, Chaparral Broom, Coyote Bush",California | New Mexico | Oregon | Washington,Broadleaf evergreen,Full sun to part shade,Dry to medium,Low,8,10,September,October,BAPI,Asteraceae,Shrub,Perennial,"Up to about 14 feet tall, often much shorter.","White , Yellow","Jul , Aug , Sep , Oct",Low,"Sun , Part Shade",Dry,,Dry sandy soils.,,yes,Increase by sowing seed or taking cuttings in summer. Germinating seeds under mist or a plastic tent is recommended in some sources. Others suggest sowing seeds in sandy seed beds in fall or early spring.,TRUE,TRUE,FALSE,TRUE,FALSE,FALSE,FALSE,FALSE,FALSE,FALSE,FALSE,FALSE,TRUE,TRUE,TRUE,TRUE,FALSE,FALSE,,,FALSE,FALSE,FALSE,FALSE,FALSE,FALSE,FALSE,TRUE,FALSE,"Coyotebrush, Chaparral Broom, Coyote Bush",https://inaturalist-open-data.s3.amazonaws.com/photos/5362069/medium.jpg
PLANT-00132,baptisia alba var. macrophylla,Baptisia alba var. macrophylla,"Largeleaf Wild Indigo, White Wild Indigo",Arkansas | Illinois | Indiana | Iowa | Kansas | Kentucky | Louisiana | Michigan | Minnesota | Mississippi | Missouri | Nebraska | New York | Ohio | Oklahoma | Tennessee | Texas | Wisconsin,Herbaceous perennial,Full sun to part shade,Dry to medium,Low,3,9,April,May,BAALM,Fabaceae,Herb,Perennial,,White,"Apr , May , Jun , Jul",,Sun,"Dry , Moist",,,,,,TRUE,FALSE,FALSE,FALSE,FALSE,FALSE,FALSE,FALSE,FALSE,TRUE,TRUE,TRUE,TRUE,FALSE,FALSE,FALSE,FALSE,FALSE,,,FALSE,FALSE,FALSE,FALSE,FALSE,FALSE,FALSE,TRUE,FALSE,"Largeleaf Wild Indigo, White Wild Indigo",
PLANT-00133,baptisia australis,Baptisia australis,"Blue Wild Indigo, Wild Blue Indigo, Blue False Indigo",Alabama | Arkansas | Connecticut | Georgia | Illinois | Indiana | Iowa | Kansas | Kentucky | Maryland | Michigan | Missouri | Nebraska | New Hampshire | New Jersey | New York | North Carolina | Ohio | Oklahoma | Pennsylvania | South Carolina | Tennessee | Texas | Vermont | Virginia | West Virginia,Herbaceous perennial,Full sun to part shade,Dry to medium,Low,3,9,May,June,BAAU,Fabaceae,Herb,Perennial,3 to 5 feet tall by 3 feet wide,"Blue , Purple","Apr , May , Jun , Jul",Medium,Sun,Moist,"Acidic (pH<6.8) , Circumneutral (pH 6.8-7.2)","Moist, well-drained, clays. Tolerates lime.",,yes,"Seeds may be sown outside in late fall or the following spring without any cold treatment. Plant 1/2"" deep. Plants germinate quickly but do not flower for up to 3 years. The tough rootstock can be divided in fall or spring when the plant is dormant. T",TRUE,FALSE,FALSE,FALSE,TRUE,FALSE,FALSE,FALSE,FALSE,TRUE,TRUE,TRUE,TRUE,FALSE,FALSE,FALSE,FALSE,FALSE,,,FALSE,FALSE,FALSE,FALSE,FALSE,FALSE,FALSE,TRUE,FALSE,"Blue Wild Indigo, Wild Blue Indigo, Blue False Indigo",
PLANT-00134,baptisia australis var. minor,Baptisia australis var. minor,Blue Wild Indigo,Arkansas | Illinois | Iowa | Kansas | Kentucky | Missouri | Nebraska | Oklahoma | Texas,Herbaceous perennial,Full sun to part shade,Dry to medium,Low,3,8,May,June,BAAUM,Fabaceae,Herb,Perennial,Up to about 2 feet tall.,Blue,"May , Jun",,"Sun , Part Shade","Dry , Moist",,,,,,TRUE,TRUE,FALSE,FALSE,FALSE,FALSE,FALSE,FALSE,FALSE,FALSE,TRUE,TRUE,FALSE,FALSE,FALSE,FALSE,FALSE,FALSE,,,FALSE,FALSE,FALSE,FALSE,FALSE,FALSE,FALSE,TRUE,FALSE,Blue Wild Indigo,
PLANT-00135,baptisia bracteata,Baptisia bracteata,Longbract Wild Indigo,Alabama | Arkansas | Georgia | Illinois | Indiana | Iowa | Kansas | Kentucky | Louisiana | Michigan | Minnesota | Mississippi | Missouri | Nebraska | North Carolina | Oklahoma | South Carolina | Tennessee | Texas | Wisconsin,Herbaceous perennial,Full sun to part shade,Dry to medium,Low,3,9,May,June,BABR2,Fabaceae,Herb,Perennial,Up to about 2 feet tall.,"White , Yellow","May , Jun",,"Sun , Part Shade","Dry , Moist",,,,,,TRUE,TRUE,FALSE,FALSE,FALSE,FALSE,FALSE,FALSE,FALSE,FALSE,TRUE,TRUE,FALSE,FALSE,FALSE,FALSE,FALSE,FALSE,,,FALSE,FALSE,FALSE,FALSE,FALSE,FALSE,FALSE,TRUE,FALSE,Longbract Wild Indigo,https://inaturalist-open-data.s3.amazonaws.com/photos/1715224/medium.jpg
PLANT-00136,baptisia bracteata var. leucophaea,Baptisia bracteata var. leucophaea,"Longbract Wild Indigo, Cream False Indigo, Plains Wild Indigo, Cream Wild Indigo, Large-bracted Wild Indigo",Arkansas | Illinois | Indiana | Iowa | Kansas | Kentucky | Louisiana | Massachusetts | Michigan | Minnesota | Mississippi | Missouri | Nebraska | New Jersey | Oklahoma | South Dakota | Tennessee | Texas | Wisconsin,Herbaceous perennial,Full sun,Dry to medium,Low,5,9,May,June,BABRL2,Fabaceae,Herb,Perennial,Up to about 2 feet tall.,"White , Yellow","Mar , Apr , May , Jun",,Part Shade,Moist,,"Well-drained, sandy to loamy soils.",,yes,Best propagated from seed. Sow unstratified seed in fall or stratified seed in spring.,FALSE,TRUE,FALSE,FALSE,FALSE,FALSE,FALSE,FALSE,TRUE,TRUE,TRUE,TRUE,FALSE,FALSE,FALSE,FALSE,FALSE,FALSE,,,FALSE,FALSE,FALSE,FALSE,FALSE,FALSE,FALSE,TRUE,FALSE,"Longbract Wild Indigo, Cream False Indigo, Plains Wild Indigo, Cream Wild Indigo, Large-bracted Wild Indigo",
PLANT-00137,baptisia lanceolata,Baptisia lanceolata,"Gopherweed, Pineland Baptisia",Alabama | Arkansas | Delaware | Florida | Georgia | Kentucky | Louisiana | Maryland | Mississippi | North Carolina | South Carolina | Tennessee | Virginia,Herbaceous perennial,Full sun,Dry to medium,Low,6,9,May,June,BALA3,Fabaceae,Herb,Perennial,Up to about 3 feet tall.,Yellow,"Mar , Apr , May",,Sun,,,Sandy soils.,,,,TRUE,FALSE,FALSE,FALSE,FALSE,FALSE,FALSE,FALSE,TRUE,TRUE,TRUE,FALSE,FALSE,FALSE,FALSE,FALSE,FALSE,FALSE,,,FALSE,FALSE,FALSE,FALSE,FALSE,FALSE,FALSE,TRUE,FALSE,"Gopherweed, Pineland Baptisia",https://inaturalist-open-data.s3.amazonaws.com/photos/69413416/medium.jpg
PLANT-00138,baptisia perfoliata,Baptisia perfoliata,false indigo,Florida | Georgia | South Carolina,Herbaceous perennial,Full sun,Dry to medium,Low,7,9,July,August,,,,,,,,,,,,,,,,,,,,,,,,,,,,,,,,,,,,FALSE,FALSE,FALSE,FALSE,FALSE,FALSE,FALSE,FALSE,FALSE,false indigo,https://inaturalist-open-data.s3.amazonaws.com/photos/4771059/medium.jpg
PLANT-00139,baptisia sphaerocarpa,Baptisia sphaerocarpa,"Yellow Wild Indigo, Green Wild Indigo, Bush Pea, Yellow Wisteria",Arkansas | Louisiana | Mississippi | Missouri | Oklahoma | Texas,Herbaceous perennial,Full sun to part shade,Dry to medium,Low,5,8,May,June,BASP,Fabaceae,Herb,Perennial,Up to about 4 feet tall when flowering.,Yellow,"Apr , May , Jun",,,,,,,,,FALSE,FALSE,FALSE,FALSE,FALSE,FALSE,FALSE,FALSE,FALSE,TRUE,TRUE,TRUE,FALSE,FALSE,FALSE,FALSE,FALSE,FALSE,,,FALSE,FALSE,FALSE,FALSE,FALSE,FALSE,FALSE,TRUE,FALSE,"Yellow Wild Indigo, Green Wild Indigo, Bush Pea, Yellow Wisteria",https://inaturalist-open-data.s3.amazonaws.com/photos/13942254/medium.jpg
PLANT-00140,baptisia tinctoria,Baptisia tinctoria,"Horseflyweed, Yellow Wild Indigo",Connecticut | Delaware | Georgia | Illinois | Indiana | Iowa | Kentucky | Louisiana | Maine | Maryland | Massachusetts | Michigan | Minnesota | New Hampshire | New Jersey | New York | North Carolina | Ohio | Pennsylvania | Rhode Island | South Carolina | Tennessee | Vermont | Virginia | West Virginia | Wisconsin,Herbaceous perennial,Full sun to part shade,Dry to medium,Low,3,9,May,June,BATI,Fabaceae,Herb,Perennial,,Yellow,"May , Jun , Jul , Aug , Sep",Low,Sun,Dry,,"Loam, Sand",,,,TRUE,FALSE,FALSE,TRUE,FALSE,FALSE,FALSE,FALSE,FALSE,FALSE,TRUE,TRUE,TRUE,TRUE,TRUE,FALSE,FALSE,FALSE,,,FALSE,FALSE,FALSE,FALSE,FALSE,FALSE,FALSE,TRUE,FALSE,"Horseflyweed, Yellow Wild Indigo",https://inaturalist-open-data.s3.amazonaws.com/photos/2371460/medium.jpg
PLANT-00141,berberis aquifolium,Berberis aquifolium,holly-leaved barberry,California | Georgia | Idaho | Kentucky | Michigan | Montana | New Jersey | New York | Ohio | Oregon | Washington,Broadleaf evergreen,Part shade to full shade,Medium,Medium,5,8,April,April,,,,,,,,,,,,,,,,,,,,,,,,,,,,,,,,,,,,FALSE,FALSE,FALSE,FALSE,FALSE,FALSE,FALSE,FALSE,FALSE,holly-leaved barberry,https://static.inaturalist.org/photos/33215492/medium.jpeg
PLANT-00142,berberis dictyota,Berberis dictyota,Jepson's Oregon-grape,California,Broadleaf evergreen,Full sun to part shade,Dry,Low,7,10,February,April,,,,,,,,,,,,,,,,,,,,,,,,,,,,,,,,,,,,FALSE,FALSE,FALSE,FALSE,FALSE,FALSE,FALSE,FALSE,FALSE,Jepson's Oregon-grape,https://inaturalist-open-data.s3.amazonaws.com/photos/3319608/medium.jpg
PLANT-00143,berchemia scandens,Berchemia scandens,"Alabama Supplejack, Alabama Supple-jack, Rattan-vine",Alabama | Arkansas | Florida | Georgia | Illinois | Kentucky | Louisiana | Maryland | Mississippi | Missouri | North Carolina | Oklahoma | South Carolina | Tennessee | Texas | Virginia,Vine,Full sun to part shade,Medium,Low,6,9,May,June,BESC,Rhamnaceae,Vine,Perennial,Stems up to about 60 feet long.,Green,"Mar , Apr , May , Jun",,"Part Shade , Shade",Moist,Acidic (pH<6.8),,"Fruits eaten by wild turkey, northern bobwhite, raccoon and gray squirrel.",,,FALSE,TRUE,TRUE,FALSE,FALSE,FALSE,FALSE,FALSE,TRUE,TRUE,TRUE,TRUE,FALSE,FALSE,FALSE,FALSE,FALSE,FALSE,,,FALSE,FALSE,FALSE,FALSE,FALSE,FALSE,FALSE,TRUE,FALSE,"Alabama Supplejack, Alabama Supple-jack, Rattan-vine",https://inaturalist-open-data.s3.amazonaws.com/photos/1829369/medium.jpg
PLANT-00144,berlandiera lyrata,Berlandiera lyrata,"Chocolate Daisy, Chocolate Flower, Lyreleaf Greeneyes, Green-eyed Lyre Leaf",Arizona | Colorado | Kansas | New Mexico | Oklahoma | Texas,Herbaceous perennial,Full sun,Dry to medium,Low,4,10,May,October,BELY,Asteraceae,Herb,Perennial,"Up to about 4 feet tall, often much shorter.",Yellow,"Apr , May , Jun , Jul , Aug , Sep , Oct , Nov",Low,"Sun , Part Shade",Moist,,,"Wildflower meadow, Accent",yes,,TRUE,TRUE,FALSE,TRUE,FALSE,FALSE,FALSE,FALSE,FALSE,TRUE,TRUE,TRUE,TRUE,TRUE,TRUE,TRUE,TRUE,FALSE,,,FALSE,FALSE,FALSE,FALSE,FALSE,FALSE,FALSE,TRUE,FALSE,"Chocolate Daisy, Chocolate Flower, Lyreleaf Greeneyes, Green-eyed Lyre Leaf",https://inaturalist-open-data.s3.amazonaws.com/photos/41882154/medium.jpg
PLANT-00145,berlandiera texana,Berlandiera texana,green eyes,Arkansas | Kansas | Louisiana | Missouri | New Mexico | Oklahoma | Texas,Herbaceous perennial,Full sun,Dry to medium,Low,6,8,June,September,,,,,,,,,,,,,,,,,,,,,,,,,,,,,,,,,,,,FALSE,FALSE,FALSE,FALSE,FALSE,FALSE,FALSE,FALSE,FALSE,green eyes,https://inaturalist-open-data.s3.amazonaws.com/photos/979448/medium.JPG
PLANT-00146,betula lenta,Betula lenta,"Sweet Birch, Cherry Birch, Black Birch, Mahogany Birch",Connecticut | Georgia | Kentucky | Maine | Maryland | Massachusetts | New Hampshire | New Jersey | New York | North Carolina | Ohio | Pennsylvania | Rhode Island | South Carolina | Tennessee | Vermont | Virginia | West Virginia,Tree,Full sun to part shade,Medium,Medium,3,8,April,May,BELE,Betulaceae,Tree,Perennial,Up to about 75 feet tall.,"Red , Yellow , Green , Brown","Apr , May",Medium,"Part Shade , Shade","Dry , Moist",Acidic (pH<6.8),"Rich, moist, well-drained soil.",Very high.,yes,Seeds have low viability. Germination is facilitated by exposure to light; never plant too deeply.,FALSE,TRUE,TRUE,FALSE,TRUE,FALSE,FALSE,FALSE,FALSE,TRUE,TRUE,FALSE,FALSE,FALSE,FALSE,FALSE,FALSE,FALSE,,,FALSE,FALSE,FALSE,FALSE,FALSE,FALSE,FALSE,TRUE,FALSE,"Sweet Birch, Cherry Birch, Black Birch, Mahogany Birch",https://inaturalist-open-data.s3.amazonaws.com/photos/215065708/medium.jpg
PLANT-00147,betula nigra,Betula nigra,"River Birch, Red Birch, Black Birch, Water Birch",Alabama | Arkansas | Connecticut | Delaware | Florida | Georgia | Illinois | Indiana | Iowa | Kansas | Kentucky | Louisiana | Maryland | Massachusetts | Minnesota | Mississippi | Missouri | New Hampshire | New Jersey | New York | North Carolina | Ohio | Oklahoma | Pennsylvania | South Carolina | Tennessee | Texas | Virginia | West Virginia | Wisconsin,Tree,Full sun to part shade,Medium to wet,Low,4,9,April,May,BENI,Betulaceae,Tree,Perennial,Up to about 90 feet tall.,"Green , Brown","Feb , Mar",High,Part Shade,Moist,Circumneutral (pH 6.8-7.2),"Sandy, moist soils. Sandy, Sandy Loam, Medium Loam, Clay Loam, Clay, Acid-based","Seeds-granivorous birds, Browse, Seeds-Small mammals",yes,Sow seed directly or stratify for spring planting. Germination is facilitated by exposure to light; never plant too deeply. Treated softwood cuttings stuck in peat:perlite and kept under continuous mist root well.,FALSE,TRUE,FALSE,FALSE,FALSE,TRUE,FALSE,TRUE,TRUE,FALSE,FALSE,FALSE,FALSE,FALSE,FALSE,FALSE,FALSE,FALSE,,,FALSE,FALSE,FALSE,FALSE,FALSE,FALSE,FALSE,TRUE,FALSE,"River Birch, Red Birch, Black Birch, Water Birch",https://inaturalist-open-data.s3.amazonaws.com/photos/816571/medium.jpg
PLANT-00148,betula occidentalis,Betula occidentalis,"Water Birch, Mountain Birch",Alaska | Arizona | California | Colorado | Idaho | Montana | Nebraska | Nevada | New Mexico | North Dakota | Oregon | South Dakota | Utah | Washington | Wyoming,Tree,Full sun to part shade,Medium to wet,Low,4,6,April,May,BEOC2,Betulaceae,Tree,Perennial,Up to about 30 feet tall.,"Yellow , Green , Brown","Apr , May",High,"Sun , Part Shade , Shade",Moist,,Moist soils.,,yes,Sow seed as soon as ripe. Germination is facilitated by exposure to light; never plant too deeply.,TRUE,TRUE,TRUE,FALSE,FALSE,TRUE,FALSE,FALSE,FALSE,TRUE,TRUE,FALSE,FALSE,FALSE,FALSE,FALSE,FALSE,FALSE,,,FALSE,FALSE,FALSE,FALSE,FALSE,FALSE,FALSE,TRUE,FALSE,"Water Birch, Mountain Birch",https://static.inaturalist.org/photos/131137468/medium.jpg
PLANT-00149,betula papyrifera,Betula papyrifera,"Paper Birch, Canoe Birch, White Birch",Alaska | Colorado | Connecticut | Delaware | Idaho | Illinois | Indiana | Iowa | Maine | Maryland | Michigan | Minnesota | Montana | Nebraska | New Hampshire | New Jersey | New York | North Carolina | North Dakota | Ohio | Oregon | Pennsylvania | Rhode Island | South Dakota | Tennessee | Vermont | Virginia | Washington | West Virginia | Wisconsin | Wyoming,Tree,Part shade,Medium to wet,High,2,6,March,April,BEPA,Betulaceae,Tree,Perennial,Up to about 75 feet tall.,"Yellow , Green , Brown",Apr,High,"Sun , Part Shade , Shade",Moist,,"Moist, fertile, cool soils.","Songbirds, ground birds and mammals use this species.",yes,"Fall sow in moist, sandy soil with germination occuring in the spring. Germination is facilitated by exposure to light; never plant too deeply. Cuttings can be rooted but must be allowed to go through a natural dormancy period before transplanting.",TRUE,TRUE,TRUE,FALSE,FALSE,TRUE,FALSE,FALSE,FALSE,TRUE,FALSE,FALSE,FALSE,FALSE,FALSE,FALSE,FALSE,FALSE,,,FALSE,FALSE,FALSE,FALSE,FALSE,FALSE,FALSE,TRUE,FALSE,"Paper Birch, Canoe Birch, White Birch",https://static.inaturalist.org/photos/318921929/medium.jpeg
PLANT-00150,betula populifolia,Betula populifolia,"Gray Birch, White Birch, Aspen-leaved Birch",Connecticut | Delaware | Indiana | Maine | New Hampshire | New Jersey | New York | North Carolina | Ohio | Pennsylvania | Rhode Island | Vermont | Virginia | West Virginia,Tree,Full sun to part shade,Medium to wet,High,3,6,April,April,BEPO,Betulaceae,Tree,Perennial,"Up to about 50 feet tall, often shorter.","Green , Brown",Apr,Low,"Sun , Part Shade , Shade","Dry , Moist , Wet",,"Wet to dry, poor soils.","Songbirds, ground birds and mammals",,,TRUE,TRUE,TRUE,TRUE,FALSE,FALSE,FALSE,FALSE,FALSE,TRUE,FALSE,FALSE,FALSE,FALSE,FALSE,FALSE,FALSE,FALSE,,,FALSE,FALSE,FALSE,FALSE,FALSE,FALSE,FALSE,TRUE,FALSE,"Gray Birch, White Birch, Aspen-leaved Birch",https://static.inaturalist.org/photos/141783451/medium.jpg
PLANT-00151,bignonia capreolata,Bignonia capreolata,Crossvine,Alabama | Arkansas | Florida | Georgia | Illinois | Indiana | Kentucky | Louisiana | Maryland | Mississippi | Missouri | North Carolina | Ohio | Oklahoma | South Carolina | Tennessee | Texas | Virginia | West Virginia,Vine,Full sun to part shade,Medium,Medium,5,9,May,June,BICA,Bignoniaceae,Vine,Perennial,Can climb to 36-50 feet.,"Red , Yellow","Mar , Apr , May","Low , Medium","Sun , Part Shade","Dry , Moist",Circumneutral (pH 6.8-7.2),"Moist, well-drained, acidic or calcareous soils. Sandy, Sandy Loam, Medium Loam, Clay Loam, Clay.",Hummingbirds are attracted to flowers. An early,yes,,TRUE,TRUE,FALSE,TRUE,TRUE,FALSE,FALSE,FALSE,TRUE,TRUE,TRUE,FALSE,FALSE,FALSE,FALSE,FALSE,FALSE,FALSE,,,FALSE,FALSE,FALSE,FALSE,FALSE,FALSE,FALSE,TRUE,FALSE,Crossvine,https://inaturalist-open-data.s3.amazonaws.com/photos/255699/medium.jpg
PLANT-00152,blechnum spicant,Blechnum spicant,Deer Fern,Alaska | California | Idaho | Oregon | Washington,Fern,Part shade to full shade,Medium,Low,5,8,Non-flowering,Non-flowering,BLSP,Blechnaceae,Herb,Perennial,Up to about 2 feet tall. Fronds up to about 4 feet long.,Not Applicable,,High,"Part Shade , Shade","Moist , Wet",,Moist soils.,,,,FALSE,TRUE,TRUE,FALSE,FALSE,TRUE,FALSE,FALSE,FALSE,FALSE,FALSE,FALSE,FALSE,FALSE,FALSE,FALSE,FALSE,FALSE,,,FALSE,FALSE,FALSE,FALSE,FALSE,FALSE,FALSE,TRUE,FALSE,Deer Fern,https://inaturalist-open-data.s3.amazonaws.com/photos/53091615/medium.jpg
PLANT-00153,blephilia ciliata,Blephilia ciliata,"Downy Pagoda-plant, Sunny Woodmint, Ohio Horsemint",Alabama | Arkansas | Connecticut | Delaware | Georgia | Illinois | Indiana | Iowa | Kansas | Kentucky | Louisiana | Maryland | Michigan | Mississippi | Missouri | New Jersey | New York | North Carolina | Ohio | Oklahoma | Pennsylvania | Rhode Island | South Carolina | Tennessee | Texas | Vermont | Virginia | West Virginia | Wisconsin,Herbaceous perennial,Full sun to part shade,Dry to medium,Medium,4,8,May,August,BLCI,Lamiaceae,Herb,Perennial,Up to about 30 inches tall.,"White , Blue , Purple","May , Jun , Jul , Aug",,"Part Shade , Shade",Dry,Acidic (pH<6.8),Well-drained soils.,,yes,Propagate by division.,FALSE,TRUE,TRUE,FALSE,FALSE,FALSE,FALSE,FALSE,FALSE,FALSE,TRUE,TRUE,TRUE,TRUE,FALSE,FALSE,FALSE,FALSE,,,FALSE,FALSE,FALSE,FALSE,FALSE,FALSE,FALSE,TRUE,FALSE,"Downy Pagoda-plant, Sunny Woodmint, Ohio Horsemint",https://inaturalist-open-data.s3.amazonaws.com/photos/501669/medium.jpg
PLANT-00154,blephilia hirsuta,Blephilia hirsuta,"Hairy Woodmint, Hairy Pagoda-plant",Alabama | Arkansas | Connecticut | Delaware | Georgia | Illinois | Indiana | Iowa | Kansas | Kentucky | Maryland | Michigan | Minnesota | Missouri | Nebraska | New York | North Carolina | Ohio | Pennsylvania | Tennessee | Texas | Vermont | Virginia | West Virginia | Wisconsin,Herbaceous perennial,Full sun to part shade,Medium,Medium,4,8,May,September,BLHI,Lamiaceae,Herb,Perennial,To about 30 inches in height.,"Blue , Purple","May , Jun , Jul , Sep",,,,,,,,,FALSE,FALSE,FALSE,FALSE,FALSE,FALSE,FALSE,FALSE,FALSE,FALSE,TRUE,TRUE,TRUE,FALSE,TRUE,FALSE,FALSE,FALSE,,,FALSE,FALSE,FALSE,FALSE,FALSE,FALSE,FALSE,TRUE,FALSE,"Hairy Woodmint, Hairy Pagoda-plant",https://inaturalist-open-data.s3.amazonaws.com/photos/3093905/medium.jpg
PLANT-00155,boltonia asteroides,Boltonia asteroides,"Boltonia, White Doll's Daisy",Alabama | Arkansas | Connecticut | Delaware | Florida | Georgia | Idaho | Illinois | Indiana | Iowa | Kansas | Kentucky | Louisiana | Maine | Maryland | Massachusetts | Michigan | Minnesota | Mississippi | Missouri | Nebraska | New Jersey | New York | North Carolina | North Dakota | Ohio | Oklahoma | Oregon | Pennsylvania | Rhode Island | South Carolina | South Dakota | Tennessee | Texas | Vermont | Virginia | Wisconsin,Herbaceous perennial,Full sun,Medium,Medium,3,10,August,September,BOAS,Asteraceae,Herb,Perennial,"Up to about 6 feet tall, often shorter.",White,"Jul , Aug , Sep , Oct",Medium,Sun,"Dry , Moist",Acidic (pH<6.8),"acidic, rich, also tolerates clay",Butterfly attractant.,yes,,TRUE,FALSE,FALSE,FALSE,TRUE,FALSE,FALSE,FALSE,FALSE,FALSE,FALSE,FALSE,TRUE,TRUE,TRUE,TRUE,FALSE,FALSE,,,FALSE,FALSE,FALSE,FALSE,FALSE,FALSE,FALSE,TRUE,FALSE,"Boltonia, White Doll's Daisy",https://inaturalist-open-data.s3.amazonaws.com/photos/4902293/medium.jpeg
PLANT-00156,boltonia asteroides var. latisquama,Boltonia asteroides var. latisquama,"White Doll's Daisy, False Aster, Asterlike Boltonia",Arkansas | Connecticut | Iowa | Kansas | Maine | Massachusetts | Minnesota | Missouri | Nebraska | North Dakota | Oklahoma | Rhode Island | South Dakota | Vermont | Wisconsin,Herbaceous perennial,Full sun,Medium,Medium,4,9,August,September,BOASL,Asteraceae,Herb,,Up to about 6 feet tall.,"White , Pink , Yellow , Purple","Aug , Sep",,,,,,,,,FALSE,FALSE,FALSE,FALSE,FALSE,FALSE,FALSE,FALSE,FALSE,FALSE,FALSE,FALSE,FALSE,TRUE,TRUE,FALSE,FALSE,FALSE,,,FALSE,FALSE,FALSE,FALSE,FALSE,FALSE,FALSE,TRUE,FALSE,"White Doll's Daisy, False Aster, Asterlike Boltonia",
PLANT-00157,boltonia decurrens,Boltonia decurrens,"Claspingleaf Doll's Daisy, Decurrent False Aster",Illinois | Iowa | Missouri,Herbaceous perennial,Full sun,Medium to wet,Medium,4,8,August,September,BODE2,Asteraceae,Herb,,Up to about 6 feet tall.,"White , Pink , Yellow , Purple","Aug , Sep",,,,,,,,,FALSE,FALSE,FALSE,FALSE,FALSE,FALSE,FALSE,FALSE,FALSE,FALSE,FALSE,FALSE,FALSE,TRUE,TRUE,FALSE,FALSE,FALSE,,,FALSE,FALSE,FALSE,FALSE,FALSE,FALSE,FALSE,TRUE,FALSE,"Claspingleaf Doll's Daisy, Decurrent False Aster",https://inaturalist-open-data.s3.amazonaws.com/photos/4688507/medium.jpeg
PLANT-00158,bouteloua curtipendula,Bouteloua curtipendula,"Sideoats Grama, Banderilla, Banderita, Navajita",Alabama | Arizona | Arkansas | California | Colorado | Connecticut | Florida | Georgia | Idaho | Illinois | Indiana | Iowa | Kansas | Kentucky | Louisiana | Maine | Maryland | Michigan | Minnesota | Mississippi | Missouri | Montana | Nebraska | Nevada | New Jersey | New Mexico | New York | North Carolina | North Dakota | Ohio | Oklahoma | Oregon | Pennsylvania | South Carolina | South Dakota | Tennessee | Texas | Utah | Virginia | Washington | West Virginia | Wisconsin | Wyoming,Ornamental grass,Full sun,Dry to medium,Low,4,9,July,August,BOCU,Poaceae,Grass/Grass-like,Perennial,"1 to 3 feet, rarely higher","Red , Orange , Yellow","Jun , Jul , Aug , Sep , Oct , Nov",Medium,"Sun , Part Shade","Dry , Moist",,"Medium-textured, well-drained soils. Disturbed, igneous, limestone-based sands, loams, and clays.","Provides bird food, nesting material, and cover, as well as graze for mammals.",yes,"Easily propagated from seed sown unstratified in fall or statified in spring. Sow 1/4"" deep. Plants may be divided while dormant in spring or fall.",TRUE,TRUE,FALSE,FALSE,TRUE,FALSE,FALSE,FALSE,FALSE,FALSE,FALSE,TRUE,TRUE,TRUE,TRUE,TRUE,TRUE,FALSE,,,FALSE,FALSE,FALSE,FALSE,FALSE,FALSE,FALSE,TRUE,FALSE,"Sideoats Grama, Banderilla, Banderita, Navajita",https://inaturalist-open-data.s3.amazonaws.com/photos/5329132/medium.jpeg
PLANT-00159,bouteloua gracilis,Bouteloua gracilis,Blue Grama,Arizona | Arkansas | California | Colorado | Idaho | Illinois | Iowa | Kansas | Minnesota | Missouri | Montana | Nebraska | Nevada | New Mexico | North Dakota | Oklahoma | South Dakota | Texas | Utah | Wisconsin | Wyoming,Ornamental grass,Full sun,Dry to medium,Low,3,10,June,August,BOGR2,Poaceae,Grass/Grass-like,Perennial,"Foliage normally no more than 4 inches high, seedheads 1 to 2 feet.",Yellow,"Jul , Aug , Sep , Oct","Low , Medium",Sun,Dry,,"Well-drained, low organic content, gravelly soils or sandy loams, clays. Calcareous or granitic.","Graze, Seeds-granivorous birds",yes,Most easily propagated from seed (1/2-2 lbs. PLS per 1000 sq. ft.).,TRUE,FALSE,FALSE,TRUE,TRUE,FALSE,FALSE,FALSE,FALSE,FALSE,FALSE,FALSE,TRUE,TRUE,TRUE,TRUE,FALSE,FALSE,,,FALSE,FALSE,FALSE,FALSE,FALSE,FALSE,FALSE,TRUE,FALSE,Blue Grama,https://inaturalist-open-data.s3.amazonaws.com/photos/79232001/medium.jpg
PLANT-00160,boykinia aconitifolia,Boykinia aconitifolia,Allegheny Brookfoam,Alabama | Georgia | Kentucky | North Carolina | South Carolina | Tennessee | Virginia | West Virginia,Herbaceous perennial,Part shade to full shade,Medium to wet,Low,5,9,May,July,BOAC,Saxifragaceae,Herb,Perennial,To about 28 inches in height.,White,"May , Jun , Jul",,,,,,,,,FALSE,FALSE,FALSE,FALSE,FALSE,FALSE,FALSE,FALSE,FALSE,FALSE,TRUE,TRUE,TRUE,FALSE,FALSE,FALSE,FALSE,FALSE,,,FALSE,FALSE,FALSE,FALSE,FALSE,FALSE,FALSE,TRUE,FALSE,Allegheny Brookfoam,https://inaturalist-open-data.s3.amazonaws.com/photos/896525/medium.jpeg
PLANT-00161,brickellia eupatorioides,Brickellia eupatorioides,False Boneset,Alabama | Arizona | Arkansas | Colorado | Florida | Georgia | Illinois | Indiana | Iowa | Kansas | Kentucky | Louisiana | Maryland | Michigan | Minnesota | Mississippi | Missouri | Montana | Nebraska | New Jersey | New Mexico | North Carolina | North Dakota | Ohio | Oklahoma | Pennsylvania | South Carolina | South Dakota | Tennessee | Texas | Utah | Virginia | West Virginia | Wisconsin,Herbaceous perennial,Full sun to part shade,Dry to medium,Low,6,9,July,October,BREU,Asteraceae,Herb,Perennial,"Up to about 6 feet tall, often much shorter.","White , Pink , Yellow , Green","May , Jun , Jul , Aug , Sep , Oct , Nov",,,,,,,,,FALSE,FALSE,FALSE,FALSE,FALSE,FALSE,FALSE,FALSE,FALSE,FALSE,TRUE,TRUE,TRUE,TRUE,TRUE,TRUE,TRUE,FALSE,,,FALSE,FALSE,FALSE,FALSE,FALSE,FALSE,FALSE,TRUE,FALSE,False Boneset,https://inaturalist-open-data.s3.amazonaws.com/photos/133690/medium.jpg
PLANT-00162,buchloe dactyloides,Buchloe dactyloides,buffalo grass,Arizona | Arkansas | Colorado | Georgia | Illinois | Iowa | Kansas | Louisiana | Minnesota | Missouri | Montana | Nebraska | Nevada | New Mexico | North Dakota | Oklahoma | South Dakota | Texas | Utah | Virginia | Wisconsin | Wyoming,Ornamental grass,Full sun,Dry to medium,Low,4,8,June,August,,,,,,,,,,,,,,,,,,,,,,,,,,,,,,,,,,,,FALSE,FALSE,FALSE,FALSE,FALSE,FALSE,FALSE,FALSE,FALSE,buffalo grass,https://inaturalist-open-data.s3.amazonaws.com/photos/4157702/medium.JPG
PLANT-00163,bursera simaruba,Bursera simaruba,gumbo-limbo,Florida,Tree,Full sun,Dry to medium,Low,10,12,Seasonal bloomer,Seasonal bloomer,,,,,,,,,,,,,,,,,,,,,,,,,,,,,,,,,,,,FALSE,FALSE,FALSE,FALSE,FALSE,FALSE,FALSE,FALSE,FALSE,gumbo-limbo,https://inaturalist-open-data.s3.amazonaws.com/photos/116222598/medium.jpeg
PLANT-00164,cabomba caroliniana,Cabomba caroliniana,"Carolina Fanwort, Green Cabomba, Fish-grass, Washington-grass, Carolina Watershield, Washington-plant",Alabama | Arkansas | California | Connecticut | Delaware | Florida | Georgia | Illinois | Indiana | Kansas | Kentucky | Louisiana | Maryland | Massachusetts | Michigan | Mississippi | Missouri | New Hampshire | New Jersey | New York | North Carolina | Ohio | Oklahoma | Oregon | Pennsylvania | Rhode Island | South Carolina | Tennessee | Texas | Virginia | Washington,Herbaceous perennial,Full sun,Wet,Medium,6,10,May,September,CACA,Cabombaceae,Herb,Perennial,Most of,White,"Jun , Jul , Aug , Sep",,,,,,,,,FALSE,FALSE,FALSE,FALSE,FALSE,FALSE,FALSE,FALSE,FALSE,FALSE,FALSE,TRUE,TRUE,TRUE,TRUE,FALSE,FALSE,FALSE,,,FALSE,FALSE,FALSE,FALSE,FALSE,FALSE,FALSE,TRUE,FALSE,"Carolina Fanwort, Green Cabomba, Fish-grass, Washington-grass, Carolina Watershield, Washington-plant",https://static.inaturalist.org/photos/58257335/medium.jpeg
PLANT-00165,calamovilfa arcuata,Calamovilfa arcuata,Cumberland reed grass,Alabama | Arkansas | Oklahoma | Tennessee,Ornamental grass,Full sun,Medium to wet,Medium,6,8,August,September,,,,,,,,,,,,,,,,,,,,,,,,,,,,,,,,,,,,FALSE,FALSE,FALSE,FALSE,FALSE,FALSE,FALSE,FALSE,FALSE,Cumberland reed grass,https://inaturalist-open-data.s3.amazonaws.com/photos/17947459/medium.jpeg
PLANT-00166,callicarpa americana,Callicarpa americana,"American Beautyberry , French Mulberry",Alabama | Arkansas | Florida | Georgia | Louisiana | Maryland | Mississippi | Missouri | North Carolina | Oklahoma | South Carolina | Tennessee | Texas | Virginia,Deciduous shrub,Full sun to part shade,Medium,Medium,6,12,June,August,CAAM2,Verbenaceae,Shrub,Perennial,Grows 3' to 6' high and 4' to 6' wide.,"White , Pink","May , Jun , Jul",Low,Part Shade,Moist,,"Moist, rich soils, Sandy, Sandy Loam, Medium Loam, Clay Loam, Clay, Acid-based, Calcareous",Valuable as a wildlife food plant.,yes,"Seed, Root cuttings, softwood tip cuttings and to a much lesser extent division of mature clumps",FALSE,TRUE,FALSE,TRUE,FALSE,FALSE,FALSE,FALSE,FALSE,FALSE,TRUE,TRUE,TRUE,FALSE,FALSE,FALSE,FALSE,FALSE,,,FALSE,FALSE,FALSE,FALSE,FALSE,FALSE,FALSE,TRUE,FALSE,"American Beautyberry , French Mulberry",https://inaturalist-open-data.s3.amazonaws.com/photos/225612223/medium.jpeg
PLANT-00167,callirhoe alcaeoides,Callirhoe alcaeoides,"Light Poppymallow, Plains Poppy-mallow, Light Poppy-mallow, Pink Poppy-mallow, Light Poppy Mallow",Alabama | Arkansas | Colorado | Idaho | Illinois | Indiana | Iowa | Kansas | Kentucky | Louisiana | Missouri | Nebraska | New Mexico | Oklahoma | South Dakota | Tennessee | Texas | Wisconsin,Herbaceous perennial,Full sun,Dry to medium,Low,4,9,June,August,CAAL,Malvaceae,Herb,Perennial,Up to about 18 inches tall.,"White , Pink","Mar , Apr , May , Jun , Jul , Aug",,Sun,,,"Calcareous, clay soils",,,,TRUE,FALSE,FALSE,FALSE,FALSE,FALSE,FALSE,FALSE,TRUE,TRUE,TRUE,TRUE,TRUE,TRUE,FALSE,FALSE,FALSE,FALSE,,,FALSE,FALSE,FALSE,FALSE,FALSE,FALSE,FALSE,TRUE,FALSE,"Light Poppymallow, Plains Poppy-mallow, Light Poppy-mallow, Pink Poppy-mallow, Light Poppy Mallow",https://inaturalist-open-data.s3.amazonaws.com/photos/295464/medium.JPG
PLANT-00168,callirhoe bushii,Callirhoe bushii,Bush's Poppy Mallow,Arkansas | Iowa | Kansas | Missouri | Oklahoma,Herbaceous perennial,Full sun,Dry to medium,Low,5,8,June,August,CABU8,Malvaceae,Herb,Perennial,"Up to about 18 inches tall, stems weakly erect to rambling.","Red , Pink , Purple","May , Jun , Jul , Aug , Sep",,Sun,"Dry , Moist",,,,,,TRUE,FALSE,FALSE,FALSE,FALSE,FALSE,FALSE,FALSE,FALSE,FALSE,TRUE,TRUE,TRUE,TRUE,TRUE,FALSE,FALSE,FALSE,,,FALSE,FALSE,FALSE,FALSE,FALSE,FALSE,FALSE,TRUE,FALSE,Bush's Poppy Mallow,https://static.inaturalist.org/photos/512460149/medium.jpg
PLANT-00169,callirhoe digitata,Callirhoe digitata,"Winecup, Standing Winecup, Poppy Mallow, Wine Cup, Finger Poppy-mallow",Alabama | Arkansas | Indiana | Kansas | Louisiana | Missouri | Oklahoma,Herbaceous perennial,Full sun,Dry to medium,Low,5,8,May,September,CADI2,Malvaceae,Herb,Perennial,"8-20 inches tall, depending on moisture and soil.","White , Red , Purple","Apr , May , Jun , Jul , Aug",,Sun,Dry,,Rocky soils.,,,,TRUE,FALSE,FALSE,FALSE,FALSE,FALSE,FALSE,FALSE,FALSE,TRUE,TRUE,TRUE,TRUE,TRUE,FALSE,FALSE,FALSE,FALSE,,,FALSE,FALSE,FALSE,FALSE,FALSE,FALSE,FALSE,TRUE,FALSE,"Winecup, Standing Winecup, Poppy Mallow, Wine Cup, Finger Poppy-mallow",https://inaturalist-open-data.s3.amazonaws.com/photos/308749184/medium.jpg
PLANT-00170,callirhoe involucrata,Callirhoe involucrata,"Winecup, Purple Poppy Mallow",Arizona | Arkansas | Colorado | Florida | Illinois | Indiana | Iowa | Kansas | Louisiana | Michigan | Minnesota | Missouri | Nebraska | New Mexico | North Dakota | Ohio | Oklahoma | Oregon | Pennsylvania | Texas | Virginia | Wyoming,Herbaceous perennial,Full sun,Dry to medium,Low,4,8,May,June,CAIN2,Malvaceae,Herb,Perennial,8-12 inches tall spreading to 3 feet.,"White , Pink , Purple","Jan , Feb , Mar , Apr , May , Jun , Jul , Aug , Sep , Oct , Nov , Dec",Medium,"Sun , Part Shade","Dry , Moist",,"Well-drained, rocky or sandy soils. Clay, Clay Loam, Medium Loam, Sandy Loam, Sandy, Gravelly, Calcareous, Acid-based.",Nectar-Bees,yes,"Most easily grown from seed. Seed in the fall, raking into loose topsoil to ensure good seed/soil contact. Winecups like sun and a well-drained site. Flowers the second year. Take tip cuttings as early as February, before buds form. Propagate also by transplanting tuber in fall or winter.",TRUE,TRUE,FALSE,FALSE,TRUE,FALSE,TRUE,TRUE,TRUE,TRUE,TRUE,TRUE,TRUE,TRUE,TRUE,TRUE,TRUE,TRUE,,,FALSE,FALSE,FALSE,FALSE,FALSE,FALSE,FALSE,TRUE,FALSE,"Winecup, Purple Poppy Mallow",https://static.inaturalist.org/photos/6099856/medium.jpeg
PLANT-00171,callirhoe triangulata,Callirhoe triangulata,"Clustered Poppy-mallow, Clustered Poppymallow, Purple Poppy Mallow, Sand Poppy, Triangular-leaf Mallow",Alabama | Florida | Georgia | Illinois | Indiana | Iowa | Mississippi | Missouri | North Carolina | South Carolina | Wisconsin,Herbaceous perennial,Full sun,Dry to medium,Low,5,8,July,August,CATR,Malvaceae,Herb,,Up to about 2 feet tall.,"White , Red , Purple","Mar , Apr , May , Jun , Jul , Aug",,,,,,,,,FALSE,FALSE,FALSE,FALSE,FALSE,FALSE,FALSE,FALSE,TRUE,TRUE,TRUE,TRUE,TRUE,TRUE,FALSE,FALSE,FALSE,FALSE,,,FALSE,FALSE,FALSE,FALSE,FALSE,FALSE,FALSE,TRUE,FALSE,"Clustered Poppy-mallow, Clustered Poppymallow, Purple Poppy Mallow, Sand Poppy, Triangular-leaf Mallow",https://inaturalist-open-data.s3.amazonaws.com/photos/4308112/medium.jpg
PLANT-00172,calocedrus decurrens,Calocedrus decurrens,"Incense Cedar, Incense-cedar",California | Nevada | New Mexico | Oregon | Utah,Needled evergreen,Full sun to part shade,Medium,Low,5,8,Non-flowering,Non-flowering,CADE27,Cupressaceae,Tree,Perennial,"Height 50-100 feet, spread to 50 feet.",Yellow,"Apr , May",Low,"Sun , Part Shade",Dry,,"Well-drained, mesic soils.",,yes,Progeny come well from seeds or cuttings.,TRUE,TRUE,FALSE,TRUE,FALSE,FALSE,FALSE,FALSE,FALSE,TRUE,TRUE,FALSE,FALSE,FALSE,FALSE,FALSE,FALSE,FALSE,,,FALSE,FALSE,FALSE,FALSE,FALSE,FALSE,FALSE,TRUE,FALSE,"Incense Cedar, Incense-cedar",https://inaturalist-open-data.s3.amazonaws.com/photos/52181671/medium.jpg
PLANT-00173,caltha palustris,Caltha palustris,"Yellow Marsh Marigold, Cowslip",Alaska | California | Connecticut | Delaware | Illinois | Indiana | Iowa | Kentucky | Maine | Maryland | Massachusetts | Michigan | Minnesota | Missouri | Nebraska | New Hampshire | New Jersey | New York | North Carolina | North Dakota | Ohio | Oregon | Pennsylvania | Rhode Island | South Dakota | Tennessee | Vermont | Virginia | Washington | West Virginia | Wisconsin,Herbaceous perennial,Full sun to part shade,Wet,Low,3,7,April,June,CAPA5,Ranunculaceae,Herb,Perennial,Up to about 2 feet tall.,Yellow,"Apr , May",High,"Part Shade , Shade","Moist , Wet",Acidic (pH<6.8),"Muddy, humus-rich soil.",,yes,Seeds should be sown immediately upon ripening and should not be allowed to dry out before sowing. Seedlings do not flower until the third year following germination. Also reproduces rapidly by division.,FALSE,TRUE,TRUE,FALSE,FALSE,TRUE,FALSE,FALSE,FALSE,TRUE,TRUE,FALSE,FALSE,FALSE,FALSE,FALSE,FALSE,FALSE,,,FALSE,FALSE,FALSE,FALSE,FALSE,FALSE,FALSE,TRUE,FALSE,"Yellow Marsh Marigold, Cowslip",https://inaturalist-open-data.s3.amazonaws.com/photos/324010734/medium.jpeg
PLANT-00174,calycanthus floridus,Calycanthus floridus,"Eastern Sweetshrub, Carolina Allspice, Sweet Shrub",Alabama | Connecticut | Florida | Georgia | Kentucky | Louisiana | Massachusetts | Mississippi | New Jersey | North Carolina | Ohio | South Carolina | Tennessee | West Virginia,Deciduous shrub,Full sun to part shade,Medium,Low,4,9,April,July,CAFL22,Calycanthaceae,Shrub,Perennial,Up to about 12 feet tall.,Red,"Apr , May , Jun , Jul",,Part Shade,Moist,,"Moist, deep loams.",,yes,"Propagate by seed, but watch for slugs on recently germinated plants. Great clonal variation exists in rootability but semi-hardwood cuttings from the right plant will root.",FALSE,TRUE,FALSE,FALSE,FALSE,FALSE,FALSE,FALSE,FALSE,TRUE,TRUE,TRUE,TRUE,FALSE,FALSE,FALSE,FALSE,FALSE,,,FALSE,FALSE,FALSE,FALSE,FALSE,FALSE,FALSE,TRUE,FALSE,"Eastern Sweetshrub, Carolina Allspice, Sweet Shrub",https://inaturalist-open-data.s3.amazonaws.com/photos/93751/medium.jpg
PLANT-00175,calycanthus occidentalis,Calycanthus occidentalis,"Western Sweetshrub, California Sweet Shrub, Spice Bush, Western Spicebush",California | Washington,Deciduous shrub,Full sun to part shade,Medium,Low,6,9,June,August,CAOC5,Calycanthaceae,Shrub,Perennial,Height and spread 4-12 feet.,"Red , Pink , Brown","Apr , May , Jun , Jul , Aug , Sep , Oct",,"Sun , Part Shade",Moist,,Moist soils.,,yes,"Sow fresh, untreated seeds or store and stratify.",TRUE,TRUE,FALSE,FALSE,FALSE,FALSE,FALSE,FALSE,FALSE,TRUE,TRUE,TRUE,TRUE,TRUE,TRUE,TRUE,FALSE,FALSE,,,FALSE,FALSE,FALSE,FALSE,FALSE,FALSE,FALSE,TRUE,FALSE,"Western Sweetshrub, California Sweet Shrub, Spice Bush, Western Spicebush",https://inaturalist-open-data.s3.amazonaws.com/photos/523756956/medium.jpg
PLANT-00176,calylophus serrulatus,Calylophus serrulatus,"Yellow Sundrops, Yellow Evening Primrose, Plains Evening Primrose",Missouri,Herbaceous perennial,Full sun,Dry,Low,3,8,June,July,CASE12,Onagraceae,Herb,Perennial,Up to about 30 inches tall.,Yellow,"Apr , May , Jun , Jul",,Sun,Dry,,"Dry, well-drained soil.",,yes,Cuttings taken in early summer will root. Stratified seed germinates adequately.,TRUE,FALSE,FALSE,FALSE,FALSE,FALSE,FALSE,FALSE,FALSE,TRUE,TRUE,TRUE,TRUE,FALSE,FALSE,FALSE,FALSE,FALSE,,,FALSE,FALSE,FALSE,FALSE,FALSE,FALSE,FALSE,TRUE,FALSE,"Yellow Sundrops, Yellow Evening Primrose, Plains Evening Primrose",https://inaturalist-open-data.s3.amazonaws.com/photos/707428/medium.jpg
PLANT-00177,camassia angusta,Camassia angusta,Prairie Camas,Arkansas | Illinois | Indiana | Iowa | Kansas | Louisiana | Mississippi | Missouri | Oklahoma | Texas,Bulb,Full sun to part shade,Medium,Low,5,8,May,June,CAAN2,Liliaceae,Herb,Perennial,Up to about 30 inches tall.,"White , Blue , Purple , Violet","Apr , May",,"Sun , Part Shade",Moist,,,,,,TRUE,TRUE,FALSE,FALSE,FALSE,FALSE,FALSE,FALSE,FALSE,TRUE,TRUE,FALSE,FALSE,FALSE,FALSE,FALSE,FALSE,FALSE,,,FALSE,FALSE,FALSE,FALSE,FALSE,FALSE,FALSE,TRUE,FALSE,Prairie Camas,https://inaturalist-open-data.s3.amazonaws.com/photos/781413/medium.jpg
PLANT-00178,camassia cusickii,Camassia cusickii,Cusick's Camas,Idaho | Oregon,Bulb,Full sun to part shade,Medium to wet,Low,3,8,May,June,CACU2,Liliaceae,Herb,,Up to about 32 inches tall.,"Blue , Violet","Apr , May",,"Sun , Part Shade , Shade",,,,,,,TRUE,TRUE,TRUE,FALSE,FALSE,FALSE,FALSE,FALSE,FALSE,TRUE,TRUE,FALSE,FALSE,FALSE,FALSE,FALSE,FALSE,FALSE,,,FALSE,FALSE,FALSE,FALSE,FALSE,FALSE,FALSE,TRUE,FALSE,Cusick's Camas,https://inaturalist-open-data.s3.amazonaws.com/photos/6017646/medium.jpg
PLANT-00179,camassia leichtlinii,Camassia leichtlinii,"Large Camas, Leichtlin's Camas",California | Oregon | Washington,Bulb,Full sun to part shade,Medium,Low,5,9,April,May,CALE5,Liliaceae,Herb,,Up to about 2 feet tall.,"White , Blue , Violet","Apr , May , Jun , Jul , Aug",Medium,Sun,Moist,,,,,,TRUE,FALSE,FALSE,FALSE,TRUE,FALSE,FALSE,FALSE,FALSE,TRUE,TRUE,TRUE,TRUE,TRUE,FALSE,FALSE,FALSE,FALSE,Bee | Beetle | Butterfly | Fly | Moth | Other or Unclassified | Wasp,2845,TRUE,TRUE,TRUE,TRUE,TRUE,TRUE,FALSE,TRUE,TRUE,"Large Camas, Leichtlin's Camas",https://inaturalist-open-data.s3.amazonaws.com/photos/6447829/medium.jpeg
PLANT-00180,camassia scilloides,Camassia scilloides,"Atlantic Camas, Wild Hyacinth",Alabama | Arkansas | Georgia | Illinois | Indiana | Iowa | Kansas | Kentucky | Louisiana | Maryland | Michigan | Mississippi | Missouri | North Carolina | Ohio | Oklahoma | Pennsylvania | South Carolina | Tennessee | Texas | Virginia | West Virginia | Wisconsin,Bulb,Full sun to part shade,Medium,Low,4,8,April,May,CASC5,Liliaceae,Herb,Perennial,Up to about 2 feet tall.,"White , Blue , Purple","Mar , Apr , May , Jun",Medium,"Part Shade , Shade",Dry,Circumneutral (pH 6.8-7.2),"Moist, well-drained soils. Limestone-based, Sandy, Sandy Loam, Medium Loam, Clay Loam, Clay","Nectar-Bees, Nectar-Butterflies",yes,Propagate by seed sown in fall or division of clumps. Remove offsets from larger bulbs and plant them separately. Do not plant small bulbs more than 2 in. deep.,FALSE,TRUE,TRUE,FALSE,TRUE,FALSE,FALSE,FALSE,TRUE,TRUE,TRUE,TRUE,FALSE,FALSE,FALSE,FALSE,FALSE,FALSE,,,FALSE,FALSE,FALSE,FALSE,FALSE,FALSE,FALSE,TRUE,FALSE,"Atlantic Camas, Wild Hyacinth",https://inaturalist-open-data.s3.amazonaws.com/photos/105788/medium.jpg
PLANT-00181,campanula americana,Campanula americana,tall bellflower,Alabama | Arkansas | Florida | Georgia | Illinois | Indiana | Iowa | Kansas | Kentucky | Louisiana | Maryland | Michigan | Minnesota | Mississippi | Missouri | Nebraska | New York | North Carolina | Ohio | Oklahoma | Pennsylvania | South Carolina | South Dakota | Tennessee | Virginia | West Virginia | Wisconsin,Herbaceous perennial,Full sun to part shade,Medium,Low,4,7,June,August,,,,,,,,,,,,,,,,,,,,,,,,,,,,,,,,,,,,FALSE,FALSE,FALSE,FALSE,FALSE,FALSE,FALSE,FALSE,FALSE,tall bellflower,https://inaturalist-open-data.s3.amazonaws.com/photos/262734950/medium.jpeg
PLANT-00182,campanula kemulariae,Campanula kemulariae,bellflower,Georgia,Herbaceous perennial,Full sun to part shade,Medium,Low,4,8,May,June,,,,,,,,,,,,,,,,,,,,,,,,,,,,,,,,,,,,FALSE,FALSE,FALSE,FALSE,FALSE,FALSE,FALSE,FALSE,FALSE,bellflower,
PLANT-00183,campanula rotundifolia,Campanula rotundifolia,"Bluebell Bellflower, Bluebell Of Scotland, Bluebell, Harebell, Witches' Thimble",Alaska | Arizona | California | Colorado | Connecticut | Idaho | Illinois | Indiana | Iowa | Maine | Maryland | Michigan | Minnesota | Missouri | Montana | Nebraska | New Hampshire | New Jersey | New Mexico | New York | North Carolina | North Dakota | Ohio | Oregon | Pennsylvania | South Dakota | Tennessee | Texas | Utah | Vermont | Virginia | Washington | West Virginia | Wisconsin | Wyoming,Herbaceous perennial,Full sun to part shade,Medium,Low,3,6,June,September,CARO2,Campanulaceae,Herb,Perennial,Up to about 15 inches tall.,"Blue , Purple","Jun , Jul , Aug , Sep",,"Sun , Part Shade , Shade",Dry,,"Sandy, well-drained soils.",Hummingbirds,yes,"For best results, seeds should be sown inside and not covered after sowing. They should be bottom-watered. These seedlings will germinate quickly but will not flower until the second year. Root cuttings or",TRUE,TRUE,TRUE,FALSE,FALSE,FALSE,FALSE,FALSE,FALSE,FALSE,FALSE,TRUE,TRUE,TRUE,TRUE,FALSE,FALSE,FALSE,Bee,4,TRUE,FALSE,FALSE,FALSE,FALSE,FALSE,FALSE,TRUE,TRUE,"Bluebell Bellflower, Bluebell Of Scotland, Bluebell, Harebell, Witches' Thimble",https://inaturalist-open-data.s3.amazonaws.com/photos/65358586/medium.jpg
PLANT-00184,campsis radicans,Campsis radicans,"Trumpet Creeper, Trumpet Vine, Common Trumpet Creeper, Cow Vine, Foxglove Vine, Hellvine, Devil's Shoestring",Alabama | Arkansas | California | Colorado | Connecticut | Delaware | Florida | Georgia | Illinois | Indiana | Iowa | Kansas | Kentucky | Louisiana | Maryland | Massachusetts | Michigan | Mississippi | Missouri | Nebraska | New Hampshire | New Jersey | New York | North Carolina | North Dakota | Ohio | Oklahoma | Pennsylvania | Rhode Island | South Carolina | South Dakota | Tennessee | Texas | Utah | Virginia | Washington | West Virginia | Wisconsin,Vine,Full sun to part shade,Medium,High,4,9,July,July,CARA2,Bignoniaceae,Vine,Perennial,Stems up to about 35 feet long.,"Red , Orange , Yellow","Jun , Jul , Aug , Sep",Low,Sun,"Dry , Moist",Circumneutral (pH 6.8-7.2),"Various well-drained soils. Sandy, Sandy Loam, Medium Loam, Clay Loam, Clay, Limestone-based, Caliche type",Pollinated by hummingbirds and long tongued bees.,yes,"Take 3-4 inch, new growth semi-hardwood cuttings from May through October. Root cuttings of strong parts of current season's root growth also used, but require more treatment.",TRUE,FALSE,FALSE,TRUE,FALSE,FALSE,FALSE,FALSE,FALSE,FALSE,FALSE,TRUE,TRUE,TRUE,TRUE,FALSE,FALSE,FALSE,,,FALSE,FALSE,FALSE,FALSE,FALSE,FALSE,FALSE,TRUE,FALSE,"Trumpet Creeper, Trumpet Vine, Common Trumpet Creeper, Cow Vine, Foxglove Vine, Hellvine, Devil's Shoestring",https://inaturalist-open-data.s3.amazonaws.com/photos/7300976/medium.jpeg
PLANT-00185,campsis radicans f. flava,Campsis radicans f. flava,trumpetcreeper,Alabama | Arkansas | California | Delaware | Florida | Georgia | Illinois | Iowa | Kansas | Kentucky | Louisiana | Maryland | Minnesota | Mississippi | Missouri | Nebraska | New Mexico | North Carolina | North Dakota | Oklahoma | South Carolina | South Dakota | Tennessee | Texas | Virginia | Washington,Vine,Full sun to part shade,Medium,High,4,9,July,August,,,,,,,,,,,,,,,,,,,,,,,,,,,,,,,,,,,,FALSE,FALSE,FALSE,FALSE,FALSE,FALSE,FALSE,FALSE,FALSE,trumpetcreeper,
PLANT-00186,capparis sandwichiana,Capparis sandwichiana,caper,Hawaii,Broadleaf evergreen,Full sun,Dry,Medium,10,12,Seasonal bloomer,Seasonal bloomer,,,,,,,,,,,,,,,,,,,,,,,,,,,,,,,,,,,,FALSE,FALSE,FALSE,FALSE,FALSE,FALSE,FALSE,FALSE,FALSE,caper,https://inaturalist-open-data.s3.amazonaws.com/photos/12277235/medium.jpg
PLANT-00187,cardamine concatenata,Cardamine concatenata,"Cutleaf Toothwort, Pepper Root",Alabama | Arkansas | Connecticut | Delaware | Florida | Georgia | Illinois | Indiana | Iowa | Kansas | Kentucky | Louisiana | Maine | Maryland | Michigan | Minnesota | Mississippi | Missouri | Nebraska | New Hampshire | New Jersey | New York | North Carolina | North Dakota | Ohio | Oklahoma | Pennsylvania | South Carolina | South Dakota | Tennessee | Texas | Vermont | Virginia | West Virginia | Wisconsin,Herbaceous perennial,Part shade,Medium,Medium,3,8,April,May,CACO26,Brassicaceae,Herb,Perennial,"Normally 6 to 8 inches high, but can reach 20 inches.","White , Pink , Purple","Mar , Apr , May",Medium,Shade,Moist,Circumneutral (pH 6.8-7.2),"Rich, mesic to moist soils.",Consumed by White-footed Mouse.,yes,"Can be easily multiplied by rootstock division when the plant is dormant. Be careful, as rhizomes are easily broken. Seeds should be sown on a moist, shaded seed bed immediately after collection. Expect the seedlings to flower in 3-4 years.",FALSE,FALSE,TRUE,FALSE,TRUE,FALSE,FALSE,FALSE,TRUE,TRUE,TRUE,FALSE,FALSE,FALSE,FALSE,FALSE,FALSE,FALSE,,,FALSE,FALSE,FALSE,FALSE,FALSE,FALSE,FALSE,TRUE,FALSE,"Cutleaf Toothwort, Pepper Root",https://inaturalist-open-data.s3.amazonaws.com/photos/5903049/medium.jpg
PLANT-00188,carex alata,Carex alata,Broadwing Sedge,Alabama | Arkansas | Connecticut | Delaware | Florida | Georgia | Illinois | Indiana | Kentucky | Louisiana | Maryland | Massachusetts | Michigan | Missouri | New Hampshire | New Jersey | New York | North Carolina | Ohio | Oklahoma | Pennsylvania | Rhode Island | South Carolina | Tennessee | Texas | Virginia,Rush or Sedge,Full sun to part shade,Wet,Low,4,8,May,June,CAAL3,Cyperaceae,Grass/Grass-like,,Up to about 4-1/2 feet tall.,"White , Green , Brown","Apr , May , Jun",,,,,,,,,FALSE,FALSE,FALSE,FALSE,FALSE,FALSE,FALSE,FALSE,FALSE,TRUE,TRUE,TRUE,FALSE,FALSE,FALSE,FALSE,FALSE,FALSE,,,FALSE,FALSE,FALSE,FALSE,FALSE,FALSE,FALSE,TRUE,FALSE,Broadwing Sedge,https://inaturalist-open-data.s3.amazonaws.com/photos/253562296/medium.jpeg
PLANT-00189,carex albicans,Carex albicans,Whitetinge Sedge,Alabama | Arkansas | Connecticut | Delaware | Florida | Georgia | Illinois | Indiana | Iowa | Kansas | Kentucky | Louisiana | Maine | Maryland | Michigan | Mississippi | Missouri | Nebraska | New Hampshire | New Jersey | New York | North Carolina | Ohio | Oklahoma | Pennsylvania | Rhode Island | South Carolina | Tennessee | Texas | Vermont | Virginia | West Virginia | Wisconsin,Rush or Sedge,Part shade to full shade,Medium,Low,4,8,May,May,CAAL25,Cyperaceae,Grass/Grass-like,,Up to about 18 inches tall.,"White , Green , Brown","Apr , May , Jun",Medium,"Part Shade , Shade",Dry,,,,,,FALSE,TRUE,TRUE,FALSE,TRUE,FALSE,FALSE,FALSE,FALSE,TRUE,TRUE,TRUE,FALSE,FALSE,FALSE,FALSE,FALSE,FALSE,,,FALSE,FALSE,FALSE,FALSE,FALSE,FALSE,FALSE,TRUE,FALSE,Whitetinge Sedge,https://inaturalist-open-data.s3.amazonaws.com/photos/189535218/medium.jpeg
PLANT-00190,carex annectens,Carex annectens,Yellowfruit Sedge,Alabama | Arkansas | Connecticut | Delaware | Georgia | Illinois | Indiana | Iowa | Kansas | Kentucky | Louisiana | Maine | Maryland | Massachusetts | Michigan | Minnesota | Mississippi | Missouri | Nebraska | New Hampshire | New Jersey | New York | North Carolina | Ohio | Oklahoma | Pennsylvania | Rhode Island | South Carolina | Tennessee | Vermont | Virginia | West Virginia | Wisconsin,Rush or Sedge,Full sun to part shade,Medium to wet,Low,4,8,May,June,CAAN6,Cyperaceae,Grass/Grass-like,Perennial,,Not Applicable,"Jul , Aug","Medium , High","Sun , Part Shade",,,,,,,TRUE,TRUE,FALSE,FALSE,TRUE,TRUE,FALSE,FALSE,FALSE,FALSE,FALSE,FALSE,TRUE,TRUE,FALSE,FALSE,FALSE,FALSE,,,FALSE,FALSE,FALSE,FALSE,FALSE,FALSE,FALSE,TRUE,FALSE,Yellowfruit Sedge,https://inaturalist-open-data.s3.amazonaws.com/photos/9415056/medium.jpg
PLANT-00191,carex bicknellii,Carex bicknellii,"Bicknell's Sedge, Prairie Sedge",Arkansas | Connecticut | Delaware | Illinois | Indiana | Iowa | Kansas | Maine | Michigan | Minnesota | Mississippi | Missouri | Nebraska | New Hampshire | New Jersey | New York | North Dakota | Ohio | Oklahoma | Pennsylvania | Rhode Island | South Carolina | South Dakota | Texas | Vermont | Wisconsin,Rush or Sedge,Full sun to part shade,Medium,Low,3,7,April,July,CABI3,Cyperaceae,Grass/Grass-like,Perennial,,Not Applicable,"Mar , Apr , May",Medium,"Sun , Part Shade","Dry , Moist , Wet",,,,,,TRUE,TRUE,FALSE,FALSE,TRUE,FALSE,FALSE,FALSE,TRUE,TRUE,TRUE,FALSE,FALSE,FALSE,FALSE,FALSE,FALSE,FALSE,,,FALSE,FALSE,FALSE,FALSE,FALSE,FALSE,FALSE,TRUE,FALSE,"Bicknell's Sedge, Prairie Sedge",https://inaturalist-open-data.s3.amazonaws.com/photos/8426152/medium.jpg
PLANT-00192,carex bromoides,Carex bromoides,Bromelike Sedge,Alabama | Arkansas | Connecticut | Delaware | Florida | Georgia | Illinois | Indiana | Kentucky | Louisiana | Maine | Maryland | Massachusetts | Michigan | Minnesota | Mississippi | Missouri | New Hampshire | New Jersey | New York | North Carolina | Ohio | Pennsylvania | Rhode Island | South Carolina | Tennessee | Texas | Vermont | Virginia | West Virginia | Wisconsin,Rush or Sedge,Part shade,Medium to wet,Low,4,8,May,July,CABR14,Cyperaceae,Grass/Grass-like,,Up to about 3 feet tall.,Not Applicable,"Mar , Apr , May , Jun",,"Sun , Part Shade","Moist , Wet",,,,,,TRUE,TRUE,FALSE,FALSE,FALSE,FALSE,FALSE,FALSE,TRUE,TRUE,TRUE,TRUE,FALSE,FALSE,FALSE,FALSE,FALSE,FALSE,,,FALSE,FALSE,FALSE,FALSE,FALSE,FALSE,FALSE,TRUE,FALSE,Bromelike Sedge,
PLANT-00193,carex bushii,Carex bushii,Bush's Sedge,Alabama | Arkansas | Connecticut | Delaware | Georgia | Illinois | Indiana | Kansas | Maryland | Massachusetts | Michigan | Mississippi | Missouri | Nebraska | New Jersey | New York | North Carolina | Ohio | Oklahoma | Pennsylvania | Rhode Island | Tennessee | Texas | Vermont | Virginia | West Virginia,Rush or Sedge,Full sun to part shade,Medium to wet,Low,5,8,May,June,CABU5,Cyperaceae,Grass/Grass-like,,Up to about 3 feet tall.,"White , Green , Brown","May , Jun",,,,,,,,,FALSE,FALSE,FALSE,FALSE,FALSE,FALSE,FALSE,FALSE,FALSE,FALSE,TRUE,TRUE,FALSE,FALSE,FALSE,FALSE,FALSE,FALSE,,,FALSE,FALSE,FALSE,FALSE,FALSE,FALSE,FALSE,TRUE,FALSE,Bush's Sedge,https://inaturalist-open-data.s3.amazonaws.com/photos/127341959/medium.jpg
PLANT-00194,carex cherokeensis,Carex cherokeensis,Cherokee Sedge,Alabama | Arkansas | Florida | Georgia | Kentucky | Louisiana | Mississippi | Missouri | North Carolina | Oklahoma | South Carolina | Tennessee | Texas | Virginia,Rush or Sedge,Full sun to part shade,Medium to wet,Low,6,9,April,June,CACH3,Cyperaceae,Grass/Grass-like,Perennial,Up to about 18 inches tall when flowering. Up to about 1 foot tall when not flowering.,"White , Green , Brown","Apr , May , Jun",Medium,Part Shade,"Moist , Wet",,,,yes,,FALSE,TRUE,FALSE,FALSE,TRUE,FALSE,FALSE,FALSE,FALSE,TRUE,TRUE,TRUE,FALSE,FALSE,FALSE,FALSE,FALSE,FALSE,,,FALSE,FALSE,FALSE,FALSE,FALSE,FALSE,FALSE,TRUE,FALSE,Cherokee Sedge,https://inaturalist-open-data.s3.amazonaws.com/photos/195481491/medium.jpeg
PLANT-00195,carex crinita,Carex crinita,Fringed Sedge,Alabama | Arkansas | Connecticut | Delaware | Florida | Georgia | Illinois | Indiana | Iowa | Kentucky | Louisiana | Maine | Maryland | Michigan | Minnesota | Mississippi | Missouri | New Hampshire | New Jersey | New York | North Carolina | Ohio | Oklahoma | Pennsylvania | Rhode Island | South Carolina | Tennessee | Texas | Vermont | Virginia | West Virginia | Wisconsin,Rush or Sedge,Full sun to part shade,Medium to wet,Low,3,8,May,June,CACR6,Cyperaceae,Grass/Grass-like,Perennial,Up to about 5 feet tall.,"White , Green","Jun , Jul , Aug",Medium,"Part Shade , Shade","Moist , Wet",,,,,,FALSE,TRUE,TRUE,FALSE,TRUE,FALSE,FALSE,FALSE,FALSE,FALSE,FALSE,TRUE,TRUE,TRUE,FALSE,FALSE,FALSE,FALSE,,,FALSE,FALSE,FALSE,FALSE,FALSE,FALSE,FALSE,TRUE,FALSE,Fringed Sedge,https://inaturalist-open-data.s3.amazonaws.com/photos/78360670/medium.jpeg
PLANT-00196,carex cristatella,Carex cristatella,Crested Sedge,Alabama | Connecticut | Delaware | Illinois | Indiana | Iowa | Kansas | Kentucky | Massachusetts | Michigan | Minnesota | Missouri | Nebraska | New Hampshire | New Jersey | New York | North Dakota | Ohio | Pennsylvania | South Dakota | Tennessee | Vermont | Virginia | West Virginia | Wisconsin,Rush or Sedge,Full sun to part shade,Medium to wet,Low,5,8,May,June,CACR7,Cyperaceae,Grass/Grass-like,,Up to about 3 feet tall.,"Green , Brown","Jun , Jul , Aug",,,,,,,,,FALSE,FALSE,FALSE,FALSE,FALSE,FALSE,FALSE,FALSE,FALSE,FALSE,FALSE,TRUE,TRUE,TRUE,FALSE,FALSE,FALSE,FALSE,,,FALSE,FALSE,FALSE,FALSE,FALSE,FALSE,FALSE,TRUE,FALSE,Crested Sedge,https://inaturalist-open-data.s3.amazonaws.com/photos/291863875/medium.jpg
PLANT-00197,carex crus-corvi,Carex crus-corvi,sedge,Alabama | Arkansas | Florida | Georgia | Illinois | Indiana | Iowa | Kansas | Kentucky | Louisiana | Michigan | Minnesota | Missouri | Nebraska | North Carolina | Ohio | Oklahoma | South Carolina | Tennessee | Texas | Virginia | West Virginia,Rush or Sedge,Full sun to part shade,Medium to wet,Low,4,8,May,June,,,,,,,,,,,,,,,,,,,,,,,,,,,,,,,,,,,,FALSE,FALSE,FALSE,FALSE,FALSE,FALSE,FALSE,FALSE,FALSE,sedge,https://inaturalist-open-data.s3.amazonaws.com/photos/139516400/medium.jpeg
PLANT-00198,carex davisii,Carex davisii,Davis' Sedge,Arkansas | Connecticut | Delaware | Illinois | Indiana | Iowa | Kansas | Kentucky | Maryland | Massachusetts | Michigan | Minnesota | Missouri | Nebraska | New Jersey | New York | Ohio | Oklahoma | Pennsylvania | Tennessee | Texas | Vermont | West Virginia | Wisconsin,Rush or Sedge,Full sun to part shade,Wet,Low,4,7,May,July,CADA,Cyperaceae,Herb,Perennial,To about 3 feet in height.,Green,"May , Jun , Jul","Medium , High",,"Moist , Wet",Alkaline (pH>7.2),,,,,FALSE,FALSE,FALSE,FALSE,TRUE,TRUE,FALSE,FALSE,FALSE,FALSE,TRUE,TRUE,TRUE,FALSE,FALSE,FALSE,FALSE,FALSE,,,FALSE,FALSE,FALSE,FALSE,FALSE,FALSE,FALSE,TRUE,FALSE,Davis' Sedge,https://inaturalist-open-data.s3.amazonaws.com/photos/139518211/medium.jpeg
PLANT-00199,carex eburnea,Carex eburnea,Bristleleaf Sedge,Alabama | Alaska | Arkansas | Connecticut | Georgia | Illinois | Indiana | Iowa | Kentucky | Maine | Maryland | Massachusetts | Michigan | Minnesota | Missouri | Montana | Nebraska | New Hampshire | New Jersey | New York | North Carolina | North Dakota | Ohio | Pennsylvania | South Carolina | South Dakota | Tennessee | Vermont | Virginia | Washington | West Virginia | Wisconsin | Wyoming,Rush or Sedge,Part shade to full shade,Medium,Low,2,8,April,April,CAEB2,Cyperaceae,Grass/Grass-like,Perennial,Up to about 1 foot tall.,"Green , Brown","May , Jun , Jul",,"Part Shade , Shade",Moist,Alkaline (pH>7.2),Sand,,,,FALSE,TRUE,TRUE,FALSE,FALSE,FALSE,FALSE,FALSE,FALSE,FALSE,TRUE,TRUE,TRUE,FALSE,FALSE,FALSE,FALSE,FALSE,,,FALSE,FALSE,FALSE,FALSE,FALSE,FALSE,FALSE,TRUE,FALSE,Bristleleaf Sedge,https://inaturalist-open-data.s3.amazonaws.com/photos/20218472/medium.jpg
PLANT-00200,carex flacca,Carex flacca,blue green sedge,Georgia,Rush or Sedge,Full sun to part shade,Medium to wet,Low,4,9,June,July,,,,,,,,,,,,,,,,,,,,,,,,,,,,,,,,,,,,FALSE,FALSE,FALSE,FALSE,FALSE,FALSE,FALSE,FALSE,FALSE,blue green sedge,https://inaturalist-open-data.s3.amazonaws.com/photos/665084/medium.jpg
PLANT-00201,carex flaccosperma,Carex flaccosperma,Thinfruit Sedge,Alabama | Arkansas | Florida | Georgia | Kansas | Kentucky | Louisiana | Mississippi | Missouri | North Carolina | Oklahoma | South Carolina | Tennessee | Texas | Virginia,Rush or Sedge,Part shade to full shade,Medium to wet,Low,5,8,May,June,CAFL3,Cyperaceae,Grass/Grass-like,Perennial,Up to about 30 inches tall.,"White , Green","Mar , Apr , May , Jun",,,,,,,,,FALSE,FALSE,FALSE,FALSE,FALSE,FALSE,FALSE,FALSE,TRUE,TRUE,TRUE,TRUE,FALSE,FALSE,FALSE,FALSE,FALSE,FALSE,,,FALSE,FALSE,FALSE,FALSE,FALSE,FALSE,FALSE,TRUE,FALSE,Thinfruit Sedge,https://inaturalist-open-data.s3.amazonaws.com/photos/80207097/medium.jpeg
PLANT-00202,carex frankii,Carex frankii,Frank's Sedge,Alabama | Arkansas | Delaware | Georgia | Illinois | Indiana | Iowa | Kansas | Kentucky | Maryland | Michigan | Missouri | Nebraska | New Jersey | New Mexico | New York | North Carolina | Ohio | Oklahoma | Pennsylvania | South Carolina | Tennessee | Virginia | West Virginia,Rush or Sedge,Full sun to part shade,Wet,Low,5,8,May,September,CAFR3,Cyperaceae,Grass/Grass-like,Perennial,Up to about 32 inches tall.,"White , Green , Brown","Jun , Jul , Aug",High,"Sun , Part Shade , Shade",Wet,,,,,,TRUE,TRUE,TRUE,FALSE,FALSE,TRUE,FALSE,FALSE,FALSE,FALSE,FALSE,TRUE,TRUE,TRUE,FALSE,FALSE,FALSE,FALSE,,,FALSE,FALSE,FALSE,FALSE,FALSE,FALSE,FALSE,TRUE,FALSE,Frank's Sedge,https://inaturalist-open-data.s3.amazonaws.com/photos/8430747/medium.jpg
PLANT-00203,carex grayi,Carex grayi,Gray's Sedge,Alabama | Arkansas | Connecticut | Delaware | Florida | Georgia | Illinois | Indiana | Iowa | Kansas | Kentucky | Maryland | Massachusetts | Michigan | Minnesota | Mississippi | Missouri | New York | North Carolina | Ohio | Oklahoma | Pennsylvania | South Carolina | Tennessee | Vermont | Virginia | Wisconsin,Rush or Sedge,Full sun to part shade,Medium to wet,Low,5,9,May,October,CAGR5,Cyperaceae,Grass/Grass-like,Perennial,Up to about 3-1/2 feet tall.,"White , Green","May , Jun , Jul , Aug",High,Part Shade,,,,,,,FALSE,TRUE,FALSE,FALSE,FALSE,TRUE,FALSE,FALSE,FALSE,FALSE,TRUE,TRUE,TRUE,TRUE,FALSE,FALSE,FALSE,FALSE,,,FALSE,FALSE,FALSE,FALSE,FALSE,FALSE,FALSE,TRUE,FALSE,Gray's Sedge,https://inaturalist-open-data.s3.amazonaws.com/photos/42523496/medium.jpg
PLANT-00204,carex haydenii,Carex haydenii,Hayden's Sedge,Illinois | Indiana | Iowa | Maine | Massachusetts | Michigan | Minnesota | Missouri | Nebraska | New Hampshire | New York | North Dakota | Ohio | Pennsylvania | South Dakota | Vermont | Wisconsin,Rush or Sedge,Part shade to full shade,Medium to wet,Low,3,8,May,May,CAHA7,Cyperaceae,Grass/Grass-like,,Up to about 3-1/2 feet tall.,"Green , Brown","Jun , Jul , Aug",,"Sun , Part Shade , Shade",Moist,,,,,,TRUE,TRUE,TRUE,FALSE,FALSE,FALSE,FALSE,FALSE,FALSE,FALSE,FALSE,TRUE,TRUE,TRUE,FALSE,FALSE,FALSE,FALSE,,,FALSE,FALSE,FALSE,FALSE,FALSE,FALSE,FALSE,TRUE,FALSE,Hayden's Sedge,https://inaturalist-open-data.s3.amazonaws.com/photos/248147311/medium.jpeg
PLANT-00205,carex laxiculmis,Carex laxiculmis,"Spreading Sedge, Creeping Sedge",Alabama | Arkansas | Connecticut | Delaware | Georgia | Illinois | Indiana | Iowa | Kentucky | Maine | Maryland | Massachusetts | Michigan | Missouri | New Hampshire | New Jersey | New York | North Carolina | Ohio | Pennsylvania | Rhode Island | South Carolina | Vermont | Virginia | West Virginia | Wisconsin,Herbaceous perennial,Part shade to full shade,Medium to wet,Low,5,9,May,June,CALA18,Cyperaceae,Grass/Grass-like,,Up to about 18 inches tall.,"Yellow , Green , Brown","Mar , Apr , May , Jun",,,,,,,,,FALSE,FALSE,FALSE,FALSE,FALSE,FALSE,FALSE,FALSE,TRUE,TRUE,TRUE,TRUE,FALSE,FALSE,FALSE,FALSE,FALSE,FALSE,,,FALSE,FALSE,FALSE,FALSE,FALSE,FALSE,FALSE,TRUE,FALSE,"Spreading Sedge, Creeping Sedge",https://inaturalist-open-data.s3.amazonaws.com/photos/18624095/medium.jpg
PLANT-00206,carex leporina,Carex leporina,oval sedge,California | Nevada | Oregon | Washington,Rush or Sedge,Part shade to full shade,Medium to wet,Medium,4,8,May,June,,,,,,,,,,,,,,,,,,,,,,,,,,,,,,,,,,,,FALSE,FALSE,FALSE,FALSE,FALSE,FALSE,FALSE,FALSE,FALSE,oval sedge,https://inaturalist-open-data.s3.amazonaws.com/photos/438459302/medium.jpeg
PLANT-00207,carex lurida,Carex lurida,"Shallow Sedge, Sallow Sedge, Lurid Sedge",Alabama | Arkansas | Connecticut | Delaware | Florida | Georgia | Illinois | Indiana | Iowa | Kentucky | Louisiana | Maine | Maryland | Michigan | Mississippi | Missouri | New Hampshire | New Jersey | New York | North Carolina | Ohio | Oklahoma | Pennsylvania | Rhode Island | South Carolina | Tennessee | Texas | Vermont | Virginia | West Virginia | Wisconsin,Rush or Sedge,Full sun to part shade,Medium to wet,Low,3,8,May,September,CALU5,Cyperaceae,Grass/Grass-like,Perennial,Up to about 3-1/2 feet tall.,"White , Green , Brown","Mar , Apr , May , Jun , Jul , Aug",Medium,Part Shade,Wet,,"Clay, Loam, Sand",,,,FALSE,TRUE,FALSE,FALSE,TRUE,FALSE,FALSE,FALSE,TRUE,TRUE,TRUE,TRUE,TRUE,TRUE,FALSE,FALSE,FALSE,FALSE,,,FALSE,FALSE,FALSE,FALSE,FALSE,FALSE,FALSE,TRUE,FALSE,"Shallow Sedge, Sallow Sedge, Lurid Sedge",https://static.inaturalist.org/photos/11877147/medium.jpg
PLANT-00208,carex muskingumensis,Carex muskingumensis,"Muskingum Sedge, Palm Sedge",Arkansas | Illinois | Indiana | Iowa | Kansas | Kentucky | Michigan | Minnesota | Missouri | Ohio | Oklahoma | Tennessee | Wisconsin,Rush or Sedge,Full sun to part shade,Medium to wet,Low,4,9,May,September,CAMU9,Cyperaceae,Grass/Grass-like,Perennial,To about 3 feet in height.,"White , Green , Brown","May , Jun",High,"Sun , Part Shade , Shade","Moist , Wet",,,,,,TRUE,TRUE,TRUE,FALSE,FALSE,TRUE,FALSE,FALSE,FALSE,FALSE,TRUE,TRUE,FALSE,FALSE,FALSE,FALSE,FALSE,FALSE,,,FALSE,FALSE,FALSE,FALSE,FALSE,FALSE,FALSE,TRUE,FALSE,"Muskingum Sedge, Palm Sedge",https://static.inaturalist.org/photos/137159408/medium.jpeg
PLANT-00209,carex nigra,Carex nigra,Smooth Black Sedge,Connecticut | Georgia | Maine | Massachusetts | Michigan | New Hampshire | New York | Vermont,Rush or Sedge,Part shade to full shade,Wet,Low,4,8,April,April,CANI5,Cyperaceae,Grass/Grass-like,,Up to about 3-1/2 feet tall.,"White , Green , Brown , Not Applicable","Jun , Jul , Aug",,,,,,,,,FALSE,FALSE,FALSE,FALSE,FALSE,FALSE,FALSE,FALSE,FALSE,FALSE,FALSE,TRUE,TRUE,TRUE,FALSE,FALSE,FALSE,FALSE,,,FALSE,FALSE,FALSE,FALSE,FALSE,FALSE,FALSE,TRUE,FALSE,Smooth Black Sedge,https://inaturalist-open-data.s3.amazonaws.com/photos/296084348/medium.jpg
PLANT-00210,carex normalis,Carex normalis,Greater Straw Sedge,Alabama | Arkansas | Connecticut | Delaware | Georgia | Illinois | Indiana | Iowa | Kansas | Kentucky | Maine | Maryland | Massachusetts | Michigan | Minnesota | Missouri | New Hampshire | New Jersey | New York | North Carolina | Ohio | Pennsylvania | Rhode Island | South Carolina | South Dakota | Tennessee | Vermont | Virginia | West Virginia | Wisconsin,Rush or Sedge,Full sun to part shade,Medium to wet,Low,3,8,May,July,CANO,Cyperaceae,Grass/Grass-like,,Up to about 4-1/2 feet tall.,"Green , Brown","Jun , Jul",,,,,,,,,FALSE,FALSE,FALSE,FALSE,FALSE,FALSE,FALSE,FALSE,FALSE,FALSE,FALSE,TRUE,TRUE,FALSE,FALSE,FALSE,FALSE,FALSE,,,FALSE,FALSE,FALSE,FALSE,FALSE,FALSE,FALSE,TRUE,FALSE,Greater Straw Sedge,https://inaturalist-open-data.s3.amazonaws.com/photos/288989895/medium.jpg
PLANT-00211,carex pensylvanica,Carex pensylvanica,Pennsylvania Sedge,Alabama | Arkansas | Connecticut | Delaware | Georgia | Illinois | Indiana | Iowa | Kentucky | Maine | Maryland | Massachusetts | Michigan | Minnesota | Missouri | New Hampshire | New Jersey | New York | North Carolina | Ohio | Pennsylvania | Rhode Island | South Dakota | Tennessee | Vermont | Virginia | West Virginia | Wisconsin,Rush or Sedge,Part shade to full shade,Dry to medium,Low,3,8,May,May,CAPE6,Cyperaceae,Grass/Grass-like,Perennial,Up to about 20 inches tall.,"White , Green , Brown","May , Jun , Jul",,"Sun , Part Shade , Shade",Dry,,Dry to moist soils.,,yes,"Propagate by division of mature plants in spring, making sure each section has roots and leaves.",TRUE,TRUE,TRUE,FALSE,FALSE,FALSE,FALSE,FALSE,FALSE,FALSE,TRUE,TRUE,TRUE,FALSE,FALSE,FALSE,FALSE,FALSE,,,FALSE,FALSE,FALSE,FALSE,FALSE,FALSE,FALSE,TRUE,FALSE,Pennsylvania Sedge,https://inaturalist-open-data.s3.amazonaws.com/photos/1811877/medium.jpg
PLANT-00212,carex praegracilis,Carex praegracilis,"Blackcreeper Sedge, Clustered Field Sedge, Field Sedge, Slim Sedge",Alaska | Arizona | California | Colorado | Idaho | Iowa | Kansas | Minnesota | Missouri | Montana | Nebraska | Nevada | New Mexico | North Dakota | Oklahoma | Oregon | South Dakota | Utah | Washington | Wyoming,Rush or Sedge,Full sun to part shade,Medium to wet,Low,4,8,May,May,CAPR5,Cyperaceae,Grass/Grass-like,,Up to about 3 feet tall.,"Green , Brown","May , Jun , Jul , Aug",,,,,,,,,FALSE,FALSE,FALSE,FALSE,FALSE,FALSE,FALSE,FALSE,FALSE,FALSE,TRUE,TRUE,TRUE,TRUE,FALSE,FALSE,FALSE,FALSE,,,FALSE,FALSE,FALSE,FALSE,FALSE,FALSE,FALSE,TRUE,FALSE,"Blackcreeper Sedge, Clustered Field Sedge, Field Sedge, Slim Sedge",https://inaturalist-open-data.s3.amazonaws.com/photos/191291984/medium.jpg
PLANT-00213,carex radiata,Carex radiata,Eastern Star Sedge,Alabama | Arkansas | Connecticut | Delaware | Illinois | Indiana | Iowa | Kansas | Kentucky | Louisiana | Maine | Maryland | Massachusetts | Michigan | Minnesota | Mississippi | Missouri | Nebraska | New Hampshire | New Jersey | New York | North Carolina | North Dakota | Ohio | Oklahoma | Pennsylvania | South Carolina | South Dakota | Tennessee | Vermont | Virginia | West Virginia | Wisconsin,Rush or Sedge,Part shade,Medium to wet,Low,4,8,April,May,CARA8,Cyperaceae,Grass/Grass-like,Perennial,Up to about 32 inches tall.,"White , Green","Apr , May , Jun , Jul",,"Sun , Part Shade",Moist,,,,,,TRUE,TRUE,FALSE,FALSE,FALSE,FALSE,FALSE,FALSE,FALSE,TRUE,TRUE,TRUE,TRUE,FALSE,FALSE,FALSE,FALSE,FALSE,,,FALSE,FALSE,FALSE,FALSE,FALSE,FALSE,FALSE,TRUE,FALSE,Eastern Star Sedge,https://inaturalist-open-data.s3.amazonaws.com/photos/129199726/medium.jpg
PLANT-00214,carex retroflexa,Carex retroflexa,Reflexed Sedge,Arkansas | Connecticut | Delaware | Florida | Georgia | Illinois | Indiana | Kansas | Kentucky | Maryland | Michigan | Mississippi | Missouri | New Jersey | New York | North Carolina | Ohio | Oklahoma | Pennsylvania | Rhode Island | South Carolina | Tennessee | Texas | Virginia | West Virginia,Rush or Sedge,Full sun to part shade,Dry to medium,Low,5,9,May,June,CARE9,Cyperaceae,Herb,Perennial,Up to about 30 inches tall.,"Green , Brown","Mar , Apr , May",Medium,"Sun , Part Shade","Dry , Moist",,,,,,TRUE,TRUE,FALSE,FALSE,TRUE,FALSE,FALSE,FALSE,TRUE,TRUE,TRUE,FALSE,FALSE,FALSE,FALSE,FALSE,FALSE,FALSE,,,FALSE,FALSE,FALSE,FALSE,FALSE,FALSE,FALSE,TRUE,FALSE,Reflexed Sedge,https://static.inaturalist.org/photos/66547419/medium.jpg
PLANT-00215,carex squarrosa,Carex squarrosa,"Squarrose Sedge, Narrowleaf Cattail Sedge",Alabama | Arkansas | Connecticut | Delaware | Georgia | Illinois | Indiana | Iowa | Kansas | Kentucky | Louisiana | Maryland | Massachusetts | Michigan | Minnesota | Mississippi | Missouri | Nebraska | New Jersey | New York | North Carolina | Ohio | Oklahoma | Pennsylvania | South Carolina | Tennessee | Virginia | West Virginia,Rush or Sedge,Full sun to part shade,Wet,Low,4,6,April,September,CASQ2,Cyperaceae,Grass/Grass-like,Perennial,From about 12 to 28 inches in height.,"White , Green","Jun , Jul , Aug","Medium , High","Sun , Part Shade , Shade","Moist , Wet",,,,,,TRUE,TRUE,TRUE,FALSE,TRUE,TRUE,FALSE,FALSE,FALSE,FALSE,FALSE,TRUE,TRUE,TRUE,FALSE,FALSE,FALSE,FALSE,,,FALSE,FALSE,FALSE,FALSE,FALSE,FALSE,FALSE,TRUE,FALSE,"Squarrose Sedge, Narrowleaf Cattail Sedge",https://inaturalist-open-data.s3.amazonaws.com/photos/587071/medium.jpg
PLANT-00216,carex stricta,Carex stricta,"Upright Sedge, Uptight Sedge, Tussock Sedge",Alabama | Connecticut | Delaware | Illinois | Indiana | Iowa | Kansas | Kentucky | Maine | Maryland | Massachusetts | Michigan | Minnesota | Mississippi | Missouri | Nebraska | New Hampshire | New Jersey | New Mexico | New York | North Carolina | North Dakota | Ohio | Rhode Island | South Dakota | Tennessee | Texas | Vermont | Virginia | West Virginia | Wisconsin,Rush or Sedge,Full sun to part shade,Medium to wet,Low,3,8,May,June,CAST8,Cyperaceae,Grass/Grass-like,Perennial,Up to about 5 feet tall.,"White , Green , Brown","May , Jun",Medium,Sun,"Moist , Wet",,Wet soil to standing water.,Excellent nesting habitat for rails and snipes.,yes,,TRUE,FALSE,FALSE,FALSE,TRUE,FALSE,FALSE,FALSE,FALSE,FALSE,TRUE,TRUE,FALSE,FALSE,FALSE,FALSE,FALSE,FALSE,,,FALSE,FALSE,FALSE,FALSE,FALSE,FALSE,FALSE,TRUE,FALSE,"Upright Sedge, Uptight Sedge, Tussock Sedge",https://static.inaturalist.org/photos/195929675/medium.jpeg
PLANT-00217,carex swanii,Carex swanii,Swan's Sedge,Alabama | Arkansas | Connecticut | Delaware | Georgia | Illinois | Indiana | Kansas | Kentucky | Maine | Maryland | Massachusetts | Michigan | Mississippi | Missouri | New Hampshire | New Jersey | New York | North Carolina | Ohio | Pennsylvania | Rhode Island | Tennessee | Vermont | Virginia | West Virginia | Wisconsin,Rush or Sedge,Full sun to part shade,Medium to wet,Low,4,8,May,June,CASW,Cyperaceae,Grass/Grass-like,Perennial,Up to about 30 inches tall.,Green,"May , Jun , Jul",,,,,,,,,FALSE,FALSE,FALSE,FALSE,FALSE,FALSE,FALSE,FALSE,FALSE,FALSE,TRUE,TRUE,TRUE,FALSE,FALSE,FALSE,FALSE,FALSE,,,FALSE,FALSE,FALSE,FALSE,FALSE,FALSE,FALSE,TRUE,FALSE,Swan's Sedge,https://inaturalist-open-data.s3.amazonaws.com/photos/133661150/medium.jpg
PLANT-00218,carex tumulicola,Carex tumulicola,Berkeley sedge,California | Oregon | Washington,Rush or Sedge,Part shade to full shade,Medium to wet,Low,8,10,April,May,,,,,,,,,,,,,,,,,,,,,,,,,,,,,,,,,,,,FALSE,FALSE,FALSE,FALSE,FALSE,FALSE,FALSE,FALSE,FALSE,Berkeley sedge,https://inaturalist-open-data.s3.amazonaws.com/photos/354873640/medium.jpg
PLANT-00219,carex vulpinoidea,Carex vulpinoidea,"Fox Sedge, Brown Fox Sedge",Alabama | Arizona | Arkansas | California | Colorado | Connecticut | Delaware | Florida | Georgia | Idaho | Illinois | Indiana | Iowa | Kansas | Kentucky | Louisiana | Maine | Maryland | Massachusetts | Michigan | Minnesota | Mississippi | Missouri | Montana | Nebraska | New Hampshire | New Jersey | New Mexico | New York | North Carolina | North Dakota | Ohio | Oklahoma | Oregon | Pennsylvania | Rhode Island | South Carolina | South Dakota | Tennessee | Texas | Vermont | Virginia | Washington | West Virginia | Wisconsin | Wyoming,Rush or Sedge,Full sun to part shade,Wet,Low,3,7,May,July,CAVU2,Cyperaceae,Grass/Grass-like,Perennial,Up to about 40 inches tall.,"Green , Brown","Jun , Jul , Aug",Medium,Sun,"Moist , Wet",,"Clay, Loam",,,,TRUE,FALSE,FALSE,FALSE,TRUE,FALSE,FALSE,FALSE,FALSE,FALSE,FALSE,TRUE,TRUE,TRUE,FALSE,FALSE,FALSE,FALSE,,,FALSE,FALSE,FALSE,FALSE,FALSE,FALSE,FALSE,TRUE,FALSE,"Fox Sedge, Brown Fox Sedge",https://inaturalist-open-data.s3.amazonaws.com/photos/41202772/medium.jpg
PLANT-00220,carpinus betulus,Carpinus betulus,common hornbeam,Georgia,Tree,Full sun to part shade,Medium,Low,4,8,March,March,,,,,,,,,,,,,,,,,,,,,,,,,,,,,,,,,,,,FALSE,FALSE,FALSE,FALSE,FALSE,FALSE,FALSE,FALSE,FALSE,common hornbeam,https://static.inaturalist.org/photos/46763976/medium.jpeg
PLANT-00221,carpinus caroliniana,Carpinus caroliniana,"American Hornbeam, Blue Beech, Water Beech, Musclewood, Ironwood",Alabama | Arkansas | Connecticut | Delaware | Florida | Georgia | Illinois | Indiana | Iowa | Kentucky | Louisiana | Maine | Maryland | Michigan | Minnesota | Mississippi | Missouri | New Hampshire | New Jersey | New York | North Carolina | Ohio | Oklahoma | Pennsylvania | Rhode Island | South Carolina | Tennessee | Texas | Vermont | Virginia | West Virginia | Wisconsin,Tree,Part shade to full shade,Medium,Low,3,9,February,February,CACA18,Betulaceae,Tree,Perennial,Up to about 40 feet tall.,"Red , Green , Brown","Mar , Apr , May",Medium,"Part Shade , Shade",Moist,Circumneutral (pH 6.8-7.2),"Moist, rich, deep soils. Sandy, Sandy Loam, Medium Loam, Clay Loam, Clay, Acid-based","Fruit-mammals, Fruit-birds.",yes,"Sow fresh, slightly green seed outdoors in fall or fully dried and stratified seed in spring. Best grown in water permeable, in-ground cloth containers (drip sacks), for the root system is very vigorous.",FALSE,TRUE,TRUE,FALSE,TRUE,FALSE,FALSE,FALSE,TRUE,TRUE,TRUE,FALSE,FALSE,FALSE,FALSE,FALSE,FALSE,FALSE,,,FALSE,FALSE,FALSE,FALSE,FALSE,FALSE,FALSE,TRUE,FALSE,"American Hornbeam, Blue Beech, Water Beech, Musclewood, Ironwood",https://inaturalist-open-data.s3.amazonaws.com/photos/43197119/medium.jpg
PLANT-00222,carya cordiformis,Carya cordiformis,"Bitternut Hickory, Swamp Hickory, Bitternut, Pig Hickory, Pignut Hickory, Pignut, White Hickory, Red Hickory, Bitter Walnut, Bitter Pecan",Alabama | Arkansas | Connecticut | Delaware | Florida | Georgia | Illinois | Indiana | Iowa | Kansas | Kentucky | Louisiana | Maine | Maryland | Massachusetts | Michigan | Minnesota | Mississippi | Missouri | Nebraska | New Hampshire | New Jersey | New York | North Carolina | Ohio | Oklahoma | Pennsylvania | Rhode Island | South Carolina | Tennessee | Texas | Vermont | Virginia | West Virginia | Wisconsin,Tree,Full sun to part shade,Medium to wet,Low,4,9,April,May,CACO15,Juglandaceae,Tree,Perennial,Up to about 150 feet tall.,"Yellow , Green , Brown",Apr,Medium,"Sun , Part Shade , Shade",Moist,Circumneutral (pH 6.8-7.2),Rich soils.,Nuts are bitter and squirrels tend to avoid them. Serves as a primary host for some magnificent moths.,yes,Most easily grown from fresh seed sown immediately after collection or stratified and sown in spring. Increase by hardwood cuttings is usually successful.,TRUE,TRUE,TRUE,FALSE,TRUE,FALSE,FALSE,FALSE,FALSE,TRUE,FALSE,FALSE,FALSE,FALSE,FALSE,FALSE,FALSE,FALSE,,,FALSE,FALSE,FALSE,FALSE,FALSE,FALSE,FALSE,TRUE,FALSE,"Bitternut Hickory, Swamp Hickory, Bitternut, Pig Hickory, Pignut Hickory, Pignut, White Hickory, Red Hickory, Bitter Walnut, Bitter Pecan",https://inaturalist-open-data.s3.amazonaws.com/photos/30487088/medium.jpg
PLANT-00223,carya glabra,Carya glabra,"Pignut Hickory, Sweet Pignut Hickory, Coast Pignut Hickory, Pignut, Sweet Pignut, Smoothbark Hickory, Broom Hickory, Red Hickory, Swamp Hickory, Switch Hickory, Switchbud Hickory",Alabama | Arkansas | Connecticut | Delaware | Florida | Georgia | Illinois | Indiana | Kansas | Kentucky | Louisiana | Maryland | Massachusetts | Michigan | Mississippi | Missouri | New Hampshire | New Jersey | New York | North Carolina | Ohio | Oklahoma | Pennsylvania | Rhode Island | South Carolina | Tennessee | Texas | Vermont | Virginia | West Virginia,Tree,Full sun to part shade,Medium,Low,4,9,April,May,CAGL8,Juglandaceae,Tree,Perennial,Up to about 100 feet tall.,"Yellow , Green , Brown",Apr,Medium,"Sun , Part Shade , Shade",Dry,Circumneutral (pH 6.8-7.2),"Well-drained to dry, rich loams & silty clays.",Songbirds and small mammals. Serves as a primary host for some magnificent moths.,yes,Most easily grown from fresh seed sown immediately after collection or stratified and sown in spring. Increase by hardwood cuttings is usually successful.,TRUE,TRUE,TRUE,FALSE,TRUE,FALSE,FALSE,FALSE,FALSE,TRUE,FALSE,FALSE,FALSE,FALSE,FALSE,FALSE,FALSE,FALSE,,,FALSE,FALSE,FALSE,FALSE,FALSE,FALSE,FALSE,TRUE,FALSE,"Pignut Hickory, Sweet Pignut Hickory, Coast Pignut Hickory, Pignut, Sweet Pignut, Smoothbark Hickory, Broom Hickory, Red Hickory, Swamp Hickory, Switch Hickory, Switchbud Hickory",https://static.inaturalist.org/photos/20780681/medium.jpg
PLANT-00224,carya illinoinensis,Carya illinoinensis,Pecan,Arkansas | Illinois | Indiana | Iowa | Kansas | Kentucky | Louisiana | Mississippi | Missouri | Oklahoma | Tennessee | Texas,Tree,Full sun,Medium,Medium,5,9,April,May,CAIL2,Juglandaceae,Tree,Perennial,Up to about 160 feet.,Yellow,"Mar , Apr , May",High,Sun,Moist,,"Rich, moist, well-drained soils. Sandy, Sandy Loam, Medium Loam, Clay Loam, Clay, Caliche type",,yes,,TRUE,FALSE,FALSE,FALSE,FALSE,TRUE,FALSE,FALSE,TRUE,TRUE,TRUE,FALSE,FALSE,FALSE,FALSE,FALSE,FALSE,FALSE,,,FALSE,FALSE,FALSE,FALSE,FALSE,FALSE,FALSE,TRUE,FALSE,Pecan,https://inaturalist-open-data.s3.amazonaws.com/photos/22049/medium.jpg
PLANT-00225,carya laciniosa,Carya laciniosa,Shellbark Hickory,Alabama | Arkansas | Delaware | Georgia | Illinois | Indiana | Iowa | Kansas | Kentucky | Louisiana | Maine | Maryland | Massachusetts | Michigan | Mississippi | Missouri | Nebraska | New Jersey | New York | North Carolina | Ohio | Oklahoma | Pennsylvania | South Carolina | Tennessee | Texas | Virginia | West Virginia,Tree,Full sun to part shade,Medium to wet,Low,5,8,April,May,CALA21,Juglandaceae,Tree,Perennial,"Up to about 130 feet tall, often shorter.","Yellow , Green , Brown","Mar , Apr , May",High,"Sun , Part Shade , Shade","Moist , Wet",,Loam,,,,TRUE,TRUE,TRUE,FALSE,FALSE,TRUE,FALSE,FALSE,TRUE,TRUE,TRUE,FALSE,FALSE,FALSE,FALSE,FALSE,FALSE,FALSE,,,FALSE,FALSE,FALSE,FALSE,FALSE,FALSE,FALSE,TRUE,FALSE,Shellbark Hickory,https://inaturalist-open-data.s3.amazonaws.com/photos/7084/medium.jpg
PLANT-00226,carya ovata,Carya ovata,"Shagbark Hickory, Carolina Hickory, Scalybark Hickory, Upland Hickory, Shellbark Hickory",Alabama | Arkansas | Connecticut | Delaware | Georgia | Illinois | Indiana | Iowa | Kansas | Kentucky | Louisiana | Maine | Maryland | Massachusetts | Michigan | Minnesota | Mississippi | Missouri | Nebraska | New Hampshire | New Jersey | New York | North Carolina | North Dakota | Ohio | Oklahoma | Pennsylvania | Rhode Island | South Carolina | Tennessee | Texas | Vermont | Virginia | West Virginia | Wisconsin,Tree,Full sun to part shade,Medium,Low,4,8,April,May,CAOV2,Juglandaceae,Tree,Perennial,Up to about 150 feet tall. Often much shorter.,"Green , Brown","Mar , Apr , May , Jun",Medium,"Sun , Part Shade , Shade","Dry , Moist",Acidic (pH<6.8),"Well-drained, fertile soils. Sandy, Sandy Loam, Medium Loam, Clay Loam, Clay.","Squirrels and birds relish the seeds and catkins. Fruit-birds, Fruit-mammals, Nesting site, Cover, Substrate-insectivorous birds",yes,Most easily grown from fresh seed sown immediately after collection or stratified and sown in spring. Sow in permanent location as even small seedlings have a,TRUE,TRUE,TRUE,FALSE,TRUE,FALSE,FALSE,FALSE,TRUE,TRUE,TRUE,TRUE,FALSE,FALSE,FALSE,FALSE,FALSE,FALSE,,,FALSE,FALSE,FALSE,FALSE,FALSE,FALSE,FALSE,TRUE,FALSE,"Shagbark Hickory, Carolina Hickory, Scalybark Hickory, Upland Hickory, Shellbark Hickory",https://inaturalist-open-data.s3.amazonaws.com/photos/203172055/medium.jpg
PLANT-00227,carya tomentosa,Carya tomentosa,"Mockernut Hickory, Mockernut Hickory, Big Bud Hickory, Mockernut, White Hickory, Whiteheart Hickory, Fragrant Hickory, Bigbud Hickory, Hardbark Hickory, Hognut, Bullnut",Alabama | Arkansas | Connecticut | Delaware | Florida | Georgia | Illinois | Indiana | Iowa | Kansas | Kentucky | Louisiana | Maryland | Massachusetts | Mississippi | Missouri | New Jersey | New York | North Carolina | Ohio | Oklahoma | Pennsylvania | Rhode Island | South Carolina | Tennessee | Texas | Virginia | West Virginia,Tree,Full sun to part shade,Medium,Low,4,9,April,May,CATO6,Juglandaceae,Tree,Perennial,Up to about 100 feet tall.,Yellow,Apr,Medium,Part Shade,Moist,Acidic (pH<6.8),"Dry, sandy to mesic, rich soils.",Serves as a primary host for some magnificent moths.,yes,Most easily grown from fresh seed sown immediately after collection or stratified and sown in spring. Increase by hardwood cuttings is usually successful.,FALSE,TRUE,FALSE,FALSE,TRUE,FALSE,FALSE,FALSE,FALSE,TRUE,FALSE,FALSE,FALSE,FALSE,FALSE,FALSE,FALSE,FALSE,,,FALSE,FALSE,FALSE,FALSE,FALSE,FALSE,FALSE,TRUE,FALSE,"Mockernut Hickory, Mockernut Hickory, Big Bud Hickory, Mockernut, White Hickory, Whiteheart Hickory, Fragrant Hickory, Bigbud Hickory, Hardbark Hickory, Hognut, Bullnut",https://inaturalist-open-data.s3.amazonaws.com/photos/54840338/medium.jpg
PLANT-00228,carya ã— laneyi,Carya Ã— laneyi,hickory,New Hampshire | Pennsylvania | Vermont | Wisconsin,Tree,Full sun to part shade,Medium,Low,4,8,April,May,,,,,,,,,,,,,,,,,,,,,,,,,,,,,,,,,,,,FALSE,FALSE,FALSE,FALSE,FALSE,FALSE,FALSE,FALSE,FALSE,hickory,
PLANT-00229,castanea dentata,Castanea dentata,American Chestnut,Alabama | Connecticut | Delaware | Florida | Georgia | Illinois | Indiana | Kentucky | Louisiana | Maine | Maryland | Massachusetts | Michigan | Mississippi | New Hampshire | New Jersey | New York | North Carolina | Ohio | Oklahoma | Pennsylvania | Rhode Island | South Carolina | Tennessee | Vermont | Virginia | West Virginia,Tree,Full sun,Medium,High,5,8,June,June,CADE12,Fagaceae,Tree,Perennial,Up to about 100 feet tall.,White,"Jun , Jul",Medium,"Sun , Part Shade , Shade",Moist,Acidic (pH<6.8),,Provides larval food for around 125 species of butterflies and moths.,,,TRUE,TRUE,TRUE,FALSE,TRUE,FALSE,FALSE,FALSE,FALSE,FALSE,FALSE,TRUE,TRUE,FALSE,FALSE,FALSE,FALSE,FALSE,,,FALSE,FALSE,FALSE,FALSE,FALSE,FALSE,FALSE,TRUE,FALSE,American Chestnut,https://inaturalist-open-data.s3.amazonaws.com/photos/2121/medium.jpg
PLANT-00230,castanea ozarkensis,Castanea ozarkensis,Ozark chinquapin,Alabama | Arkansas | Louisiana | Mississippi | Missouri | Oklahoma,Tree,Full sun,Medium,High,5,8,May,June,,,,,,,,,,,,,,,,,,,,,,,,,,,,,,,,,,,,FALSE,FALSE,FALSE,FALSE,FALSE,FALSE,FALSE,FALSE,FALSE,Ozark chinquapin,https://static.inaturalist.org/photos/346292/medium.jpg
PLANT-00231,castilleja coccinea,Castilleja coccinea,"Scarlet Paintbrush, Scarlet Indian Paintbrush, Painted Cup, Indian Paintbrush",Alabama | Arkansas | Connecticut | Delaware | Florida | Georgia | Illinois | Indiana | Iowa | Kansas | Kentucky | Louisiana | Maine | Maryland | Massachusetts | Michigan | Minnesota | Mississippi | Missouri | New Hampshire | New Jersey | New York | North Carolina | Ohio | Oklahoma | Pennsylvania | Rhode Island | South Carolina | Tennessee | Virginia | West Virginia | Wisconsin,Herbaceous perennial,Full sun,Medium,Medium,4,8,April,July,CACO17,Scrophulariaceae,Herb,Annual,"Up to about 28 inches tall, often shorter.","White , Red , Pink , Orange , Yellow , Green","Jan , Feb , Mar , Apr , May , Jun , Jul , Aug , Sep",Medium,Sun,Moist,,"Damp, sandy soils.",,yes,,TRUE,FALSE,FALSE,FALSE,TRUE,FALSE,TRUE,TRUE,TRUE,TRUE,TRUE,TRUE,TRUE,TRUE,TRUE,FALSE,FALSE,FALSE,,,FALSE,FALSE,FALSE,FALSE,FALSE,FALSE,FALSE,TRUE,FALSE,"Scarlet Paintbrush, Scarlet Indian Paintbrush, Painted Cup, Indian Paintbrush",https://inaturalist-open-data.s3.amazonaws.com/photos/207949826/medium.jpeg
PLANT-00232,catalpa bignonioides,Catalpa bignonioides,"Southern Catalpa, Cigar Tree, Indian Bean",Alabama | Florida | Georgia | Louisiana | Mississippi,Tree,Full sun to part shade,Medium to wet,Medium,5,9,May,June,CABI8,Bignoniaceae,Tree,Perennial,,White,"May , Jun",Low,Part Shade,Wet,,Wet to moist soils.,,yes,Seeds require no stratification or scarification. Both hardwood and softwood,FALSE,TRUE,FALSE,TRUE,FALSE,FALSE,FALSE,FALSE,FALSE,FALSE,TRUE,TRUE,FALSE,FALSE,FALSE,FALSE,FALSE,FALSE,,,FALSE,FALSE,FALSE,FALSE,FALSE,FALSE,FALSE,TRUE,FALSE,"Southern Catalpa, Cigar Tree, Indian Bean",https://inaturalist-open-data.s3.amazonaws.com/photos/415075/medium.JPG
PLANT-00233,catalpa speciosa,Catalpa speciosa,"Northern Catalpa, Catalpa Tree, Cigar Tree, Indian Bean",Alabama | Arkansas | Colorado | Connecticut | Georgia | Illinois | Indiana | Iowa | Kansas | Kentucky | Louisiana | Maine | Maryland | Massachusetts | Michigan | Minnesota | Mississippi | Missouri | Nebraska | New Hampshire | New Jersey | New Mexico | New York | North Carolina | North Dakota | Ohio | Oklahoma | Pennsylvania | Rhode Island | South Carolina | South Dakota | Tennessee | Texas | Utah | Virginia | West Virginia | Wisconsin,Tree,Full sun to part shade,Medium to wet,Medium,4,8,May,June,CASP8,Bignoniaceae,Tree,Perennial,Up to about 100 feet tall.,White,"Apr , May , Jun",Low,Part Shade,Moist,,"Deep, rich, moist soils.",,yes,Very easy to grow from seeds and transplant. Seeds require no pretreatment. Catalpa will root from semi-hardwood cuttings taken in late summer or root cuttings taken in late fall.,FALSE,TRUE,FALSE,TRUE,FALSE,FALSE,FALSE,FALSE,FALSE,TRUE,TRUE,TRUE,FALSE,FALSE,FALSE,FALSE,FALSE,FALSE,,,FALSE,FALSE,FALSE,FALSE,FALSE,FALSE,FALSE,TRUE,FALSE,"Northern Catalpa, Catalpa Tree, Cigar Tree, Indian Bean",https://static.inaturalist.org/photos/90979804/medium.jpeg
PLANT-00234,caulophyllum thalictroides,Caulophyllum thalictroides,"Blue Cohosh, Squaw-root, Papoose-root, Caulophylle Faux-pigamon",Alabama | Arizona | Arkansas | Connecticut | Delaware | Georgia | Illinois | Indiana | Iowa | Kansas | Kentucky | Maine | Maryland | Massachusetts | Michigan | Minnesota | Missouri | Nebraska | New Hampshire | New Jersey | New York | North Carolina | North Dakota | Ohio | Oklahoma | Pennsylvania | Rhode Island | South Carolina | South Dakota | Tennessee | Vermont | Virginia | West Virginia | Wisconsin,Herbaceous perennial,Part shade to full shade,Medium,Medium,3,8,April,April,CATH2,Berberidaceae,Herb,Perennial,Up to about 3 feet tall.,"Yellow , Green , Brown","Apr , May",Medium,Shade,Moist,,"Rich, moist, well-drained soils",,yes,,FALSE,FALSE,TRUE,FALSE,TRUE,FALSE,FALSE,FALSE,FALSE,TRUE,TRUE,FALSE,FALSE,FALSE,FALSE,FALSE,FALSE,FALSE,,,FALSE,FALSE,FALSE,FALSE,FALSE,FALSE,FALSE,TRUE,FALSE,"Blue Cohosh, Squaw-root, Papoose-root, Caulophylle Faux-pigamon",https://inaturalist-open-data.s3.amazonaws.com/photos/99553/medium.jpg
PLANT-00235,ceanothus americanus,Ceanothus americanus,"New Jersey Tea, Redroot",Alabama | Arkansas | Connecticut | Delaware | Florida | Georgia | Illinois | Indiana | Iowa | Kansas | Kentucky | Louisiana | Maine | Maryland | Massachusetts | Michigan | Minnesota | Mississippi | Missouri | Nebraska | New Hampshire | New Jersey | New York | North Carolina | Ohio | Oklahoma | Pennsylvania | Rhode Island | South Carolina | Tennessee | Texas | Vermont | Virginia | West Virginia | Wisconsin,Deciduous shrub,Full sun to part shade,Dry to medium,Low,4,8,May,July,CEAM,Rhamnaceae,Shrub,Perennial,"Normally no more than 3 feet tall, but can reach 5 feet.",White,"Mar , Apr , May , Jun , Jul , Aug","Low , Medium","Sun , Part Shade","Dry , Moist",Circumneutral (pH 6.8-7.2),"Well-drained, mesic sand, loam, or limey soils. Sandy, Sandy Loam, Medium Loam, Limestone-based",Butterflies use flowers. Turkeys and quail consume seeds.,yes,,TRUE,TRUE,FALSE,TRUE,TRUE,FALSE,FALSE,FALSE,TRUE,TRUE,TRUE,TRUE,TRUE,TRUE,FALSE,FALSE,FALSE,FALSE,,,FALSE,FALSE,FALSE,FALSE,FALSE,FALSE,FALSE,TRUE,FALSE,"New Jersey Tea, Redroot",https://inaturalist-open-data.s3.amazonaws.com/photos/4096046/medium.JPG
PLANT-00236,ceanothus herbaceus,Ceanothus herbaceus,"Prairie Redroot, Smaller Redroot, Small Redroot, Inland Ceanothus, Fuzzy Ceanothus, Jersey Tea, Redroot",Arkansas | Colorado | Illinois | Indiana | Iowa | Kansas | Kentucky | Louisiana | Massachusetts | Michigan | Minnesota | Missouri | Montana | Nebraska | New Jersey | New Mexico | New York | North Dakota | Ohio | Oklahoma | South Dakota | Tennessee | Texas | Vermont | Virginia | West Virginia | Wisconsin | Wyoming,Deciduous shrub,Full sun,Dry to medium,Low,4,8,April,June,CEHE,Rhamnaceae,Shrub,Perennial,Up to about 3 feet tall.,"White , Blue","Mar , Apr , May , Jun , Jul , Aug",Low,Sun,Dry,Alkaline (pH>7.2),"Well-drained clays, sandy loams, or limey soils, calcareous preferred. Often found growing in cracks in limestone outcrops.",,yes,,TRUE,FALSE,FALSE,TRUE,FALSE,FALSE,FALSE,FALSE,TRUE,TRUE,TRUE,TRUE,TRUE,TRUE,FALSE,FALSE,FALSE,FALSE,,,FALSE,FALSE,FALSE,FALSE,FALSE,FALSE,FALSE,TRUE,FALSE,"Prairie Redroot, Smaller Redroot, Small Redroot, Inland Ceanothus, Fuzzy Ceanothus, Jersey Tea, Redroot",https://inaturalist-open-data.s3.amazonaws.com/photos/30423556/medium.jpg
PLANT-00237,celastrus scandens,Celastrus scandens,American Bittersweet,Alabama | Arkansas | Connecticut | Delaware | Georgia | Illinois | Indiana | Iowa | Kansas | Kentucky | Louisiana | Maine | Maryland | Massachusetts | Michigan | Minnesota | Mississippi | Missouri | Montana | Nebraska | New Hampshire | New Jersey | New York | North Carolina | North Dakota | Ohio | Oklahoma | Pennsylvania | Rhode Island | South Carolina | South Dakota | Tennessee | Texas | Vermont | Virginia | West Virginia | Wisconsin | Wyoming,Vine,Full sun,Medium,Low,3,8,May,June,CESC,Celastraceae,Vine,Perennial,"Climber, stems up to about 50 feet long.","Yellow , Green , Brown","May , Jun",High,"Sun , Part Shade , Shade","Dry , Moist",Circumneutral (pH 6.8-7.2),Well-drained soils.,,yes,"Sow seeds in fall or stratify and sow in spring. Bittersweet can also be propagated by root cuttings, layers, suckers, hardwood and softwood cuttings. Treatment of cuttings is not necessary, but it may hasten rooting.",TRUE,TRUE,TRUE,FALSE,FALSE,TRUE,FALSE,FALSE,FALSE,FALSE,TRUE,TRUE,FALSE,FALSE,FALSE,FALSE,FALSE,FALSE,,,FALSE,FALSE,FALSE,FALSE,FALSE,FALSE,FALSE,TRUE,FALSE,American Bittersweet,https://inaturalist-open-data.s3.amazonaws.com/photos/4910702/medium.jpg
PLANT-00238,celtis laevigata,Celtis laevigata,"Sugar Hackberry, Texas Sugarberry, Sugarberry, Southern Hackberry, Lowland Hackberry, Hackberry, Palo Blanco",Alabama | Arkansas | Florida | Georgia | Illinois | Indiana | Kansas | Kentucky | Louisiana | Maryland | Mississippi | Missouri | North Carolina | Oklahoma | South Carolina | Tennessee | Texas | Virginia | West Virginia,Tree,Full sun to part shade,Medium to wet,Low,6,9,April,May,CELA,Ulmaceae,Tree,Perennial,Up to about 80 feet tall.,Green,"Feb , Mar , Apr",High,Part Shade,Dry,,"Various moist soils. Sandy, Sandy Loam, Medium Loam, Clay, Clay Loam, Caliche type","At least 10 species of birds including robins, mockingbirds, and other songbirds eat the sweetish fruits.",yes,Stratified seed sown in spring or untreated seed sown in fall. Can be rooted from juvenile wood and from root sprouts or suckers.,FALSE,TRUE,FALSE,FALSE,FALSE,TRUE,FALSE,TRUE,TRUE,TRUE,FALSE,FALSE,FALSE,FALSE,FALSE,FALSE,FALSE,FALSE,,,FALSE,FALSE,FALSE,FALSE,FALSE,FALSE,FALSE,TRUE,FALSE,"Sugar Hackberry, Texas Sugarberry, Sugarberry, Southern Hackberry, Lowland Hackberry, Hackberry, Palo Blanco",https://inaturalist-open-data.s3.amazonaws.com/photos/75312504/medium.jpg
PLANT-00239,celtis occidentalis,Celtis occidentalis,"Common Hackberry, Northern Hackberry, American Hackberry, Nettle Tree, Beaverwood, False Elm",Alabama | Arkansas | Colorado | Connecticut | Delaware | Florida | Georgia | Illinois | Indiana | Iowa | Kansas | Kentucky | Maryland | Massachusetts | Michigan | Minnesota | Mississippi | Missouri | Montana | Nebraska | New Hampshire | New Jersey | New Mexico | New York | North Carolina | North Dakota | Ohio | Oklahoma | Pennsylvania | Rhode Island | South Carolina | South Dakota | Tennessee | Texas | Utah | Vermont | Virginia | West Virginia | Wisconsin | Wyoming,Tree,Full sun to part shade,Medium to wet,Low,2,9,April,May,CEOC,Ulmaceae,Tree,Perennial,Up to 100 feet tall.,"Green , Brown","Apr , May",Low,"Sun , Part Shade , Shade","Dry , Moist",Circumneutral (pH 6.8-7.2),"Rich, moist soils. pH adaptable.",Hackberries are among the best food and shelter plants for wildlife. The,yes,Stratified seed sown in spring or untreated seed sown in fall. Can be rooted from juvenile wood and from root sprouts or suckers.,TRUE,TRUE,TRUE,TRUE,FALSE,FALSE,FALSE,FALSE,FALSE,TRUE,TRUE,FALSE,FALSE,FALSE,FALSE,FALSE,FALSE,FALSE,,,FALSE,FALSE,FALSE,FALSE,FALSE,FALSE,FALSE,TRUE,FALSE,"Common Hackberry, Northern Hackberry, American Hackberry, Nettle Tree, Beaverwood, False Elm",https://inaturalist-open-data.s3.amazonaws.com/photos/256037606/medium.jpg
PLANT-00240,cephalanthus occidentalis,Cephalanthus occidentalis,"Common Buttonbush, Buttonbush, Button Willow, Honey Bells, Honeybells, Honey Balls, Honeyballs, Button-bush",Alabama | Arkansas | California | Connecticut | Delaware | Florida | Georgia | Illinois | Indiana | Iowa | Kansas | Kentucky | Louisiana | Maine | Maryland | Michigan | Minnesota | Mississippi | Missouri | Nebraska | New Hampshire | New Jersey | New Mexico | New York | North Carolina | Ohio | Oklahoma | Pennsylvania | Rhode Island | South Carolina | Tennessee | Texas | Vermont | Virginia | West Virginia | Wisconsin,Deciduous shrub,Full sun to part shade,Medium to wet,Low,5,9,June,June,CEOC2,Rubiaceae,Shrub,Perennial,Up to about 12 feet tall.,"White , Pink","Jun , Jul , Aug , Sep",High,"Part Shade , Shade","Moist , Wet",Circumneutral (pH 6.8-7.2),"Limestone-based, Sandy, Sandy Loam, Medium Loam, Clay Loam, Clay","Nectar-butterflies, Nectar-bees, Nectar-insects, Fruit-birds",yes,"Sow fresh, untreated seed.",FALSE,TRUE,TRUE,FALSE,FALSE,TRUE,FALSE,FALSE,FALSE,FALSE,FALSE,TRUE,TRUE,TRUE,TRUE,FALSE,FALSE,FALSE,,,FALSE,FALSE,FALSE,FALSE,FALSE,FALSE,FALSE,TRUE,FALSE,"Common Buttonbush, Buttonbush, Button Willow, Honey Bells, Honeybells, Honey Balls, Honeyballs, Button-bush",https://inaturalist-open-data.s3.amazonaws.com/photos/679712269/medium.jpg
PLANT-00241,cercis canadensis,Cercis canadensis,"Eastern Redbud, Redbud",Alabama | Arkansas | Delaware | Florida | Georgia | Illinois | Indiana | Iowa | Kansas | Kentucky | Louisiana | Maryland | Michigan | Mississippi | Missouri | Nebraska | New Jersey | New Mexico | North Carolina | Ohio | Oklahoma | Pennsylvania | South Carolina | Tennessee | Texas | Virginia | West Virginia,Tree,Full sun to part shade,Medium,Low,4,8,April,April,CECA4,Fabaceae,Tree,Perennial,Up to about 30 feet tall.,Pink,"Mar , Apr , May",Low,"Part Shade , Shade",Moist,,"Moist, fertile, well-drained soils.",,yes,The simplest way to grow redbuds is to scarify seeds and plant outdoors in the fall. Cuttings are nearly impossible. Seedlings which may develop around mature trees are easily moved when very small.,FALSE,TRUE,TRUE,TRUE,FALSE,FALSE,FALSE,FALSE,TRUE,TRUE,TRUE,FALSE,FALSE,FALSE,FALSE,FALSE,FALSE,FALSE,,,FALSE,FALSE,FALSE,FALSE,FALSE,FALSE,FALSE,TRUE,FALSE,"Eastern Redbud, Redbud",https://static.inaturalist.org/photos/121594068/medium.jpg
PLANT-00242,cercis canadensis var. texensis,Cercis canadensis var. texensis,Texas Redbud,Oklahoma | Texas,Tree,Full sun to part shade,Medium,Medium,6,9,April,April,CECAT,Fabaceae,Tree,Perennial,Up to about 20 feet tall.,"White , Pink , Purple","Mar , Apr","Low , Medium","Sun , Part Shade",Dry,Alkaline (pH>7.2),"Well-drained, calcareous, rocky, sandy, loamy, or clay soils, usually limestone-based.",The,yes,Propagate with scarified and stratified seed.,TRUE,TRUE,FALSE,TRUE,TRUE,FALSE,FALSE,FALSE,TRUE,TRUE,FALSE,FALSE,FALSE,FALSE,FALSE,FALSE,FALSE,FALSE,,,FALSE,FALSE,FALSE,FALSE,FALSE,FALSE,FALSE,TRUE,FALSE,Texas Redbud,
PLANT-00243,chamaecrista fasciculata,Chamaecrista fasciculata,"Partridge Pea, Sleepingplant, Sensitive Plant",Alabama | Arkansas | Connecticut | Delaware | Florida | Georgia | Illinois | Indiana | Iowa | Kansas | Kentucky | Louisiana | Maryland | Massachusetts | Michigan | Minnesota | Mississippi | Missouri | Nebraska | New Jersey | New Mexico | New York | North Carolina | Ohio | Oklahoma | Pennsylvania | Rhode Island | South Carolina | South Dakota | Tennessee | Texas | Virginia | West Virginia | Wisconsin,Annual,Full sun,Dry to medium,Low,3,9,June,September,CHFA2,Fabaceae,Herb,Annual,Up to about 3 feet tall.,Yellow,"Jun , Jul , Aug , Sep , Oct",Medium,"Sun , Part Shade","Dry , Moist",,"Dry, deep, sandy, well-drained soils. Clay, Clay Loam, Medium Loam, Sandy Loam, Sandy, Acid-based, Calcareous","Nectar-Bees, Nectar-Butterflies, Seeds-Granivorous birds, Nectar-ants.",yes,Propagate by seed.,TRUE,TRUE,FALSE,FALSE,TRUE,FALSE,FALSE,FALSE,FALSE,FALSE,FALSE,TRUE,TRUE,TRUE,TRUE,TRUE,FALSE,FALSE,,,FALSE,FALSE,FALSE,FALSE,FALSE,FALSE,FALSE,TRUE,FALSE,"Partridge Pea, Sleepingplant, Sensitive Plant",https://inaturalist-open-data.s3.amazonaws.com/photos/2203983/medium.jpg
PLANT-00244,chamaecyparis lawsoniana,Chamaecyparis lawsoniana,"Port Orford Cedar, Lawson False Cypress, Lawson's False Cypress",California | Oregon,Needled evergreen,Full sun to part shade,Medium,Low,5,8,Non-flowering,Non-flowering,CHLA,Cupressaceae,Tree,,Up to about 180 feet tall.,Yellow,Apr,Medium,Part Shade,Dry,,"Well-drained, sandy loam.",,yes,"Seed germination is usually low, due in part to poor seed quality, and also to embryo dormancy. Softwood or semi-hardwood cuttings taken in fall are the principal means of propagation.",FALSE,TRUE,FALSE,FALSE,TRUE,FALSE,FALSE,FALSE,FALSE,TRUE,FALSE,FALSE,FALSE,FALSE,FALSE,FALSE,FALSE,FALSE,,,FALSE,FALSE,FALSE,FALSE,FALSE,FALSE,FALSE,TRUE,FALSE,"Port Orford Cedar, Lawson False Cypress, Lawson's False Cypress",https://static.inaturalist.org/photos/110181450/medium.jpeg
PLANT-00245,chamaecyparis thyoides,Chamaecyparis thyoides,Atlantic White Cedar,Alabama | Connecticut | Delaware | Florida | Georgia | Maine | Maryland | Massachusetts | Mississippi | New Hampshire | New Jersey | New York | North Carolina | Pennsylvania | Rhode Island | South Carolina | Virginia,Needled evergreen,Full sun to part shade,Medium to wet,Low,4,8,Non-flowering,Non-flowering,CHTH2,Cupressaceae,Tree,Perennial,Up to about 75 feet tall.,Green,"Mar , Apr , May",Low,Part Shade,Wet,,"Moist, sandy soil.",,yes,"Seed germination is usually low, due in part to poor seed quality, and also to embryo dormancy. Softwood or semi-hardwood cuttings are the principal means of propagation.",FALSE,TRUE,FALSE,TRUE,FALSE,FALSE,FALSE,FALSE,TRUE,TRUE,TRUE,FALSE,FALSE,FALSE,FALSE,FALSE,FALSE,FALSE,,,FALSE,FALSE,FALSE,FALSE,FALSE,FALSE,FALSE,TRUE,FALSE,Atlantic White Cedar,https://static.inaturalist.org/photos/526545/medium.jpg
PLANT-00246,chamaedorea seifrizii,Chamaedorea seifrizii,bamboo palm,Florida,Palm or Cycad,Part shade,Medium,Low,10,11,Seasonal bloomer,Seasonal bloomer,,,,,,,,,,,,,,,,,,,,,,,,,,,,,,,,,,,,FALSE,FALSE,FALSE,FALSE,FALSE,FALSE,FALSE,FALSE,FALSE,bamboo palm,https://inaturalist-open-data.s3.amazonaws.com/photos/170863411/medium.jpg
PLANT-00247,chamaelirium luteum,Chamaelirium luteum,"Fairywand, Blazing Star",Alabama | Arkansas | Delaware | Florida | Georgia | Illinois | Indiana | Kentucky | Louisiana | Maryland | Massachusetts | Michigan | Mississippi | New Jersey | New York | North Carolina | Ohio | Pennsylvania | South Carolina | Tennessee | Virginia | West Virginia,Herbaceous perennial,Part shade to full shade,Medium,Low,4,9,May,June,CHLU,Liliaceae,Herb,Perennial,Up to about 4 feet tall in,White,"Mar , Apr , May , Jun",,Part Shade,,Acidic (pH<6.8),Humus-rich soil.,,,,FALSE,TRUE,FALSE,FALSE,FALSE,FALSE,FALSE,FALSE,TRUE,TRUE,TRUE,TRUE,FALSE,FALSE,FALSE,FALSE,FALSE,FALSE,,,FALSE,FALSE,FALSE,FALSE,FALSE,FALSE,FALSE,TRUE,FALSE,"Fairywand, Blazing Star",https://inaturalist-open-data.s3.amazonaws.com/photos/161799/medium.jpg
PLANT-00248,chamerion angustifolium,Chamerion angustifolium,"Fireweed, Willow Herb, Great Willow Herb",Alaska | Colorado | Minnesota | Montana | Washington | Wyoming,Herbaceous perennial,Full sun to part shade,Medium,Medium,2,7,June,September,CHAN9,Onagraceae,Herb,Perennial,"Up to about 6 feet tall, sometimes taller.","White , Pink , Purple","Jun , Jul , Aug , Sep",,,,,,"Attracts bees, moths and hummingbirds.",,,FALSE,FALSE,FALSE,FALSE,FALSE,FALSE,FALSE,FALSE,FALSE,FALSE,FALSE,TRUE,TRUE,TRUE,TRUE,FALSE,FALSE,FALSE,Bee | Fly | Wasp,149,TRUE,FALSE,FALSE,TRUE,FALSE,TRUE,FALSE,TRUE,TRUE,"Fireweed, Willow Herb, Great Willow Herb",https://inaturalist-open-data.s3.amazonaws.com/photos/619007051/medium.jpg
PLANT-00249,chasmanthium latifolium,Chasmanthium latifolium,"Inland Sea Oats, Indian Wood Oats, Wild Oats, River Oats, Flathead Oats, Upland Oats, Upland Sea Oats",Alabama | Arizona | Arkansas | Delaware | Florida | Georgia | Illinois | Indiana | Kansas | Kentucky | Louisiana | Maryland | Michigan | Mississippi | Missouri | Nebraska | New Jersey | New Mexico | North Carolina | Ohio | Oklahoma | Pennsylvania | South Carolina | Tennessee | Texas | Virginia | West Virginia | Wisconsin,Ornamental grass,Full sun to part shade,Medium to wet,Low,3,8,August,September,CHLA5,Poaceae,Grass/Grass-like,Perennial,2 to 4 feet tall,Green,"Jun , Jul , Aug , Sep",Medium,"Part Shade , Shade",Moist,Acidic (pH<6.8),"Moist sands, loams, and clays. Poorly drained okay.",Seeds eaten by small mammals and granivorous birds. Leaves provide graze for mammals. Stems and leaves used as nesting material by birds.,yes,Propagate by seed or root division.,FALSE,TRUE,TRUE,FALSE,TRUE,FALSE,FALSE,FALSE,FALSE,FALSE,FALSE,TRUE,TRUE,TRUE,TRUE,FALSE,FALSE,FALSE,,,FALSE,FALSE,FALSE,FALSE,FALSE,FALSE,FALSE,TRUE,FALSE,"Inland Sea Oats, Indian Wood Oats, Wild Oats, River Oats, Flathead Oats, Upland Oats, Upland Sea Oats",https://inaturalist-open-data.s3.amazonaws.com/photos/56881059/medium.jpg
PLANT-00250,chelone glabra,Chelone glabra,White Turtlehead,Alabama | Arkansas | Connecticut | Delaware | Georgia | Illinois | Indiana | Iowa | Kentucky | Maine | Maryland | Massachusetts | Michigan | Minnesota | Mississippi | Missouri | New Hampshire | New Jersey | New York | North Carolina | Ohio | Pennsylvania | Rhode Island | South Carolina | Tennessee | Vermont | Virginia | West Virginia | Wisconsin,Herbaceous perennial,Part shade,Medium to wet,Low,3,8,August,October,CHGL2,Scrophulariaceae,Herb,Perennial,"Up to about 6 feet tall, often much shorter.","White , Red , Pink , Purple","Jul , Aug , Sep , Oct , Nov",,"Sun , Part Shade , Shade","Moist , Wet",Acidic (pH<6.8),"Light, rich, wet to moist soils.",,yes,Plant seeds outside in fall or moist-chill and plant in spring. Seedlings germinate after one year and flower after two. Roots can be divided in early spring or late fall with the plant is dormant. Space divisions 18 in. apart. Make,TRUE,TRUE,TRUE,FALSE,FALSE,FALSE,FALSE,FALSE,FALSE,FALSE,FALSE,FALSE,TRUE,TRUE,TRUE,TRUE,TRUE,FALSE,,,FALSE,FALSE,FALSE,FALSE,FALSE,FALSE,FALSE,TRUE,FALSE,White Turtlehead,https://inaturalist-open-data.s3.amazonaws.com/photos/218474600/medium.jpg
PLANT-00251,chelone lyonii,Chelone lyonii,Pink Turtlehead,Alabama | Connecticut | Georgia | Maine | Mississippi | North Carolina | South Carolina | Tennessee | Virginia | West Virginia,Herbaceous perennial,Full sun to part shade,Medium to wet,Medium,3,8,July,September,CHLY2,Scrophulariaceae,Herb,Perennial,Up to about 4 feet tall.,"Pink , Yellow , Purple","Jun , Jul , Aug , Sep , Oct",,Part Shade,,,"Light, rich, moist or wet soils.",,yes,Plant seeds outside in fall or moist-chill and plant in spring. Seedlings germinate after one year and flower after two. Roots can be divided in early spring or late fall with the plant is dormant. Space divisions 18 in. apart. Make,FALSE,TRUE,FALSE,FALSE,FALSE,FALSE,FALSE,FALSE,FALSE,FALSE,FALSE,TRUE,TRUE,TRUE,TRUE,TRUE,FALSE,FALSE,,,FALSE,FALSE,FALSE,FALSE,FALSE,FALSE,FALSE,TRUE,FALSE,Pink Turtlehead,https://inaturalist-open-data.s3.amazonaws.com/photos/10230896/medium.jpg
PLANT-00252,chelone obliqua,Chelone obliqua,Red Turtlehead,Alabama | Florida | Georgia | Illinois | Indiana | Kentucky | Maryland | Massachusetts | Michigan | Mississippi | Missouri | North Carolina | South Carolina | Tennessee | Virginia,Herbaceous perennial,Full sun to part shade,Medium to wet,Medium,5,9,July,September,CHOB3,Scrophulariaceae,Herb,Perennial,Up to about 6 feet tall.,"White , Pink , Purple","Jul , Aug , Sep , Oct",,Part Shade,Moist,,,,,,FALSE,TRUE,FALSE,FALSE,FALSE,FALSE,FALSE,FALSE,FALSE,FALSE,FALSE,FALSE,TRUE,TRUE,TRUE,TRUE,FALSE,FALSE,,,FALSE,FALSE,FALSE,FALSE,FALSE,FALSE,FALSE,TRUE,FALSE,Red Turtlehead,https://static.inaturalist.org/photos/427979129/medium.jpeg
PLANT-00253,chelone obliqua var. speciosa,Chelone obliqua var. speciosa,shellflower,Arkansas | Illinois | Indiana | Iowa | Kentucky | Michigan | Minnesota | Missouri,Herbaceous perennial,Full sun to part shade,Medium to wet,Medium,5,9,July,September,,,,,,,,,,,,,,,,,,,,,,,,,,,,,,,,,,,,FALSE,FALSE,FALSE,FALSE,FALSE,FALSE,FALSE,FALSE,FALSE,shellflower,
PLANT-00254,chionanthus virginicus,Chionanthus virginicus,"White Fringetree, Fringe Tree, Snowflower Tree, Flowering Ash, Old Man's Beard, Grandfather Graybeard, Grancy Graybeard",Alabama | Arkansas | Delaware | Florida | Georgia | Kentucky | Louisiana | Maryland | Massachusetts | Mississippi | Missouri | New Jersey | New York | North Carolina | Ohio | Oklahoma | Pennsylvania | South Carolina | Tennessee | Texas | Virginia | West Virginia,Tree,Full sun to part shade,Medium,Low,3,9,May,June,CHVI3,Oleaceae,Tree,Perennial,Up to about 30 feet tall.,White,"Apr , May , Jun",High,Part Shade,Moist,,"Loose, moist, sandy soils.",Berries are attractive to wildlife. Twigs and foliage are browsed by many animals. (The plant is only mildly tolerant of this browsing.),yes,,FALSE,TRUE,FALSE,FALSE,FALSE,TRUE,FALSE,FALSE,FALSE,TRUE,TRUE,TRUE,FALSE,FALSE,FALSE,FALSE,FALSE,FALSE,,,FALSE,FALSE,FALSE,FALSE,FALSE,FALSE,FALSE,TRUE,FALSE,"White Fringetree, Fringe Tree, Snowflower Tree, Flowering Ash, Old Man's Beard, Grandfather Graybeard, Grancy Graybeard",https://inaturalist-open-data.s3.amazonaws.com/photos/76602996/medium.jpg
PLANT-00255,chrysogonum virginianum,Chrysogonum virginianum,"Green And Gold, Green-and-gold",Kentucky | Maryland | New York | North Carolina | Ohio | Pennsylvania | South Carolina | Virginia | West Virginia,Herbaceous perennial,Part shade to full shade,Medium to wet,Low,5,9,May,October,CHVI5,Asteraceae,Herb,Perennial,"Stems erect to ascending (when flowering), or prostrate. Up to about 20 inches long, often shorter.",Yellow,"Apr , May , Jun , Jul , Aug , Sep , Oct",,Part Shade,Moist,Acidic (pH<6.8),"Moist, but well-drained, to drier soils.",,yes,"Best propagated by division but can also be increased with ""softwood"" cuttings taken in late spring. Seed germination is uneven but some seeds, sown when the soil has reached 70 degrees will germinate. Divisions should be made in the fall or late winter",FALSE,TRUE,FALSE,FALSE,FALSE,FALSE,FALSE,FALSE,FALSE,TRUE,TRUE,TRUE,TRUE,TRUE,TRUE,TRUE,FALSE,FALSE,,,FALSE,FALSE,FALSE,FALSE,FALSE,FALSE,FALSE,TRUE,FALSE,"Green And Gold, Green-and-gold",https://static.inaturalist.org/photos/3228847/medium.jpg
PLANT-00256,chrysopsis mariana,Chrysopsis mariana,"Maryland Goldenaster, Maryland Golden-aster",Alabama | Delaware | Florida | Georgia | Kentucky | Louisiana | Maryland | Mississippi | New Jersey | New York | North Carolina | Ohio | Pennsylvania | Rhode Island | South Carolina | Tennessee | Texas | Virginia | West Virginia,Herbaceous perennial,Full sun to part shade,Dry to medium,Medium,4,9,August,October,CHMA14,Asteraceae,Herb,Perennial,Up to about 1 foot tall when flowering.,Yellow,"Aug , Sep , Oct",,Sun,Wet,,Wet to moist soils.,,yes,Seeds may be planted as soon as ripe or in the spring.,TRUE,FALSE,FALSE,FALSE,FALSE,FALSE,FALSE,FALSE,FALSE,FALSE,FALSE,FALSE,FALSE,TRUE,TRUE,TRUE,FALSE,FALSE,,,FALSE,FALSE,FALSE,FALSE,FALSE,FALSE,FALSE,TRUE,FALSE,"Maryland Goldenaster, Maryland Golden-aster",https://static.inaturalist.org/photos/57383655/medium.jpeg
PLANT-00257,cibotium glaucum,Cibotium glaucum,tree fern,Hawaii,Fern,Part shade,Medium,Low,10,12,Non-flowering,Non-flowering,,,,,,,,,,,,,,,,,,,,,,,,,,,,,,,,,,,,FALSE,FALSE,FALSE,FALSE,FALSE,FALSE,FALSE,FALSE,FALSE,tree fern,https://inaturalist-open-data.s3.amazonaws.com/photos/42807485/medium.jpg
PLANT-00258,cinna arundinacea,Cinna arundinacea,"Sweet Woodreed, Common Woodreed",Alabama | Arkansas | Connecticut | Delaware | Georgia | Illinois | Indiana | Iowa | Kansas | Kentucky | Louisiana | Maine | Maryland | Massachusetts | Michigan | Minnesota | Mississippi | Missouri | Montana | Nebraska | New Hampshire | New Jersey | New York | North Carolina | North Dakota | Ohio | Oklahoma | Pennsylvania | Rhode Island | South Carolina | South Dakota | Tennessee | Texas | Vermont | Virginia | West Virginia | Wisconsin,Ornamental grass,Full sun to part shade,Medium to wet,Medium,4,7,July,August,CIAR2,Poaceae,Grass/Grass-like,,Up to about 6 feet tall.,Green,"Jun , Jul , Aug",Low,Part Shade,,,,,,,FALSE,TRUE,FALSE,TRUE,FALSE,FALSE,FALSE,FALSE,FALSE,FALSE,FALSE,TRUE,TRUE,TRUE,FALSE,FALSE,FALSE,FALSE,,,FALSE,FALSE,FALSE,FALSE,FALSE,FALSE,FALSE,TRUE,FALSE,"Sweet Woodreed, Common Woodreed",https://inaturalist-open-data.s3.amazonaws.com/photos/88489581/medium.jpg
PLANT-00259,cissus trifoliata,Cissus trifoliata,"Cow-itch Vine, Cow Itch Vine, Sorrelvine, Grape Ivy, Possum Grape, Arizona Grape Ivy",Alabama | Arizona | Arkansas | Florida | Georgia | Kansas | Louisiana | Mississippi | Missouri | New Mexico | Oklahoma | Texas,Vine,Full sun,Medium,Low,6,10,June,July,CITR2,Vitaceae,Vine,Perennial,Twining stems up to about 30 feet long.,"White , Yellow , Green , Purple","May , Jun , Jul",,Part Shade,,,,Larval food.,,,FALSE,TRUE,FALSE,FALSE,FALSE,FALSE,FALSE,FALSE,FALSE,FALSE,TRUE,TRUE,TRUE,FALSE,FALSE,FALSE,FALSE,FALSE,,,FALSE,FALSE,FALSE,FALSE,FALSE,FALSE,FALSE,TRUE,FALSE,"Cow-itch Vine, Cow Itch Vine, Sorrelvine, Grape Ivy, Possum Grape, Arizona Grape Ivy",https://static.inaturalist.org/photos/52608218/medium.jpeg
PLANT-00260,cladrastis kentukea,Cladrastis kentukea,"Kentucky Yellowwood, Yellowwood, Gopherwood, Virgilia",Alabama | Arizona | Arkansas | California | Colorado | Connecticut | Delaware | Florida | Georgia | Idaho | Illinois | Indiana | Iowa | Kansas | Kentucky | Louisiana | Maine | Massachusetts | Mississippi | Missouri | New York | North Carolina | Ohio | Oklahoma | Pennsylvania | Rhode Island | South Carolina | Tennessee,Tree,Full sun,Medium,Low,4,8,May,May,CLKE,Fabaceae,Tree,Perennial,"Up to about 50 feet tall, often shorter. Occasionally up to about 80 feet tall.",White,"Apr , May , Jun",Low,Part Shade,,Circumneutral (pH 6.8-7.2),"Rich, well-drained soils.",,yes,"Propagate by seed or root cuttings. Take cuttings in December and hold in nearly dry sand until transplanting to well-drained, fertile soil in mid-spring.",FALSE,TRUE,FALSE,TRUE,FALSE,FALSE,FALSE,FALSE,FALSE,TRUE,TRUE,TRUE,FALSE,FALSE,FALSE,FALSE,FALSE,FALSE,,,FALSE,FALSE,FALSE,FALSE,FALSE,FALSE,FALSE,TRUE,FALSE,"Kentucky Yellowwood, Yellowwood, Gopherwood, Virgilia",https://inaturalist-open-data.s3.amazonaws.com/photos/129061871/medium.jpg
PLANT-00261,claytonia virginica,Claytonia virginica,"Virginia Springbeauty, Springbeauty",Alabama | Arkansas | Connecticut | Delaware | Georgia | Illinois | Indiana | Iowa | Kansas | Kentucky | Louisiana | Maryland | Massachusetts | Michigan | Minnesota | Mississippi | Missouri | Nebraska | New Jersey | New York | North Carolina | Ohio | Oklahoma | Pennsylvania | Rhode Island | South Carolina | Tennessee | Texas | Vermont | Virginia | West Virginia | Wisconsin,Herbaceous perennial,Full sun to part shade,Medium,High,3,8,April,April,CLVI3,Portulacaceae,Herb,Perennial,Up to about 16 inches tall when flowering.,"White , Pink","Jan , Feb , Mar , Apr , May",,Part Shade,Moist,Acidic (pH<6.8),"Rich, moist soils. Prefers high humus.",,yes,Propagate using corms or seeds. Seeds should be sown as soon as they ripen.,FALSE,TRUE,FALSE,FALSE,FALSE,FALSE,TRUE,TRUE,TRUE,TRUE,TRUE,FALSE,FALSE,FALSE,FALSE,FALSE,FALSE,FALSE,,,FALSE,FALSE,FALSE,FALSE,FALSE,FALSE,FALSE,TRUE,FALSE,"Virginia Springbeauty, Springbeauty",https://static.inaturalist.org/photos/183910009/medium.jpeg
PLANT-00262,clematis crispa,Clematis crispa,"Swamp Leatherflower, Curly Clematis, Blue-jasmine, Curlflower, Curly Virgin's Bower, Marsh Clematis",Alabama | Arkansas | Florida | Georgia | Illinois | Kentucky | Louisiana | Mississippi | Missouri | North Carolina | Oklahoma | South Carolina | Tennessee | Texas | Virginia,Vine,Full sun to part shade,Medium to wet,Medium,6,9,May,July,CLCR,Ranunculaceae,Vine,Perennial,"Normally climbs or trails 6 to 10 feet. Will lose its leaves in mild winters, die to the ground in harsh winters, then come back in the spring.","White , Pink , Blue , Purple","Mar , Apr , May , Jun , Jul , Aug , Sep","Medium , High","Sun , Part Shade","Moist , Wet",Acidic (pH<6.8),"Rich, moist or wet, acidic soils. Sandy, Sandy Loam, Medium Loam, Clay Loam, Clay.","Seeds-granivorous birds, Nectar-butterflies, Nectar-insects",,Take softwood cuttings in summer. Can also be propagated by seed or root cuttings.,TRUE,TRUE,FALSE,FALSE,TRUE,TRUE,FALSE,FALSE,TRUE,TRUE,TRUE,TRUE,TRUE,TRUE,TRUE,FALSE,FALSE,FALSE,,,FALSE,FALSE,FALSE,FALSE,FALSE,FALSE,FALSE,TRUE,FALSE,"Swamp Leatherflower, Curly Clematis, Blue-jasmine, Curlflower, Curly Virgin's Bower, Marsh Clematis",https://inaturalist-open-data.s3.amazonaws.com/photos/53244624/medium.jpg
PLANT-00263,clematis fremontii,Clematis fremontii,"Fremont's Leather-flower, Fremont's Clematis, Fremont's Crowsfoot, Freemont's Rattleweed",Georgia | Kansas | Missouri | Nebraska | Tennessee,Herbaceous perennial,Full sun to part shade,Medium,Low,4,7,April,May,CLFR,Ranunculaceae,Herb,Perennial,6-30 inches in height.,"White , Purple","Apr , May",Medium,"Sun , Part Shade",Moist,Alkaline (pH>7.2),Limestone or dolomitic soils.,,,,TRUE,TRUE,FALSE,FALSE,TRUE,FALSE,FALSE,FALSE,FALSE,TRUE,TRUE,FALSE,FALSE,FALSE,FALSE,FALSE,FALSE,FALSE,,,FALSE,FALSE,FALSE,FALSE,FALSE,FALSE,FALSE,TRUE,FALSE,"Fremont's Leather-flower, Fremont's Clematis, Fremont's Crowsfoot, Freemont's Rattleweed",https://inaturalist-open-data.s3.amazonaws.com/photos/72974762/medium.jpg
PLANT-00264,clematis pitcheri,Clematis pitcheri,"Purple Leatherflower, Purple Clematis, Leatherflower, Bluebill, Bellflower Clematis, Pitcher's Clematis",Alabama | Arkansas | Illinois | Indiana | Iowa | Kansas | Kentucky | Mississippi | Missouri | Nebraska | New Mexico | Oklahoma | Tennessee | Texas,Vine,Full sun to part shade,Medium,Medium,5,9,May,August,CLPI,Ranunculaceae,Vine,Perennial,Stems up to about 12 feet long.,Purple,"Mar , Apr , May , Jun , Jul , Aug , Sep , Oct",Medium,"Sun , Part Shade",Moist,,"Moist, well-drained soils. Limestone-based, Sandy, Sandy Loam, Medium Loam, Clay Loam, Clay","Cover, Seeds-granivorous birds",yes,"Plant seed outdoors in the fall or store and stratify before planting. Single, internodal, softwood cuttings taken in summer can be rooted. Clematis spp. are also propagated by late summer layerings.",TRUE,TRUE,FALSE,FALSE,TRUE,FALSE,FALSE,FALSE,TRUE,TRUE,TRUE,TRUE,TRUE,TRUE,TRUE,TRUE,FALSE,FALSE,,,FALSE,FALSE,FALSE,FALSE,FALSE,FALSE,FALSE,TRUE,FALSE,"Purple Leatherflower, Purple Clematis, Leatherflower, Bluebill, Bellflower Clematis, Pitcher's Clematis",https://inaturalist-open-data.s3.amazonaws.com/photos/4613086/medium.jpg
PLANT-00265,clematis scottii,Clematis scottii,Scott's clematis,Colorado | Nebraska | New Mexico | Oklahoma | South Dakota | Utah | Wyoming,Herbaceous perennial,Full sun to part shade,Medium,Medium,4,7,May,July,,,,,,,,,,,,,,,,,,,,,,,,,,,,,,,,,,,,FALSE,FALSE,FALSE,FALSE,FALSE,FALSE,FALSE,FALSE,FALSE,Scott's clematis,
PLANT-00266,clematis texensis,Clematis texensis,"Scarlet Clematis, Scarlet Leatherflower, Texas Clematis",Texas,Vine,Full sun to part shade,Medium,Medium,4,8,July,September,CLTE2,Ranunculaceae,Vine,Perennial,Climbing stems up to about 10 feet long.,Red,"Mar , Apr , May , Jun , Jul",Low,Part Shade,Moist,,"Rocky, limestone soils. Sandy, Sandy Loam, Medium Loam, Limestone-based",,yes,"Plant seed outdoors in the fall or store and stratify before planting. Single, internodal, softwood cuttings taken in summer can be rooted, although this species does not root readily. Clematis spp. are also propagated by late summer layerings.",FALSE,TRUE,FALSE,TRUE,FALSE,FALSE,FALSE,FALSE,TRUE,TRUE,TRUE,TRUE,TRUE,FALSE,FALSE,FALSE,FALSE,FALSE,,,FALSE,FALSE,FALSE,FALSE,FALSE,FALSE,FALSE,TRUE,FALSE,"Scarlet Clematis, Scarlet Leatherflower, Texas Clematis",https://inaturalist-open-data.s3.amazonaws.com/photos/51407974/medium.jpg
PLANT-00267,clematis versicolor,Clematis versicolor,pale leather flower,Alabama | Arkansas | Kentucky | Missouri | Oklahoma | Tennessee | Texas,Vine,Full sun to part shade,Medium,Medium,5,9,May,June,,,,,,,,,,,,,,,,,,,,,,,,,,,,,,,,,,,,FALSE,FALSE,FALSE,FALSE,FALSE,FALSE,FALSE,FALSE,FALSE,pale leather flower,https://inaturalist-open-data.s3.amazonaws.com/photos/17943639/medium.jpg
PLANT-00268,clematis virginiana,Clematis virginiana,"Devil's Darning Needles, Virgin's Bower, Old Man's Beard",Alabama | Arkansas | Connecticut | Delaware | Florida | Georgia | Illinois | Indiana | Iowa | Kansas | Kentucky | Louisiana | Maine | Maryland | Massachusetts | Michigan | Minnesota | Mississippi | Missouri | Nebraska | New Hampshire | New Jersey | New York | North Carolina | North Dakota | Ohio | Oklahoma | Pennsylvania | Rhode Island | South Carolina | South Dakota | Tennessee | Texas | Vermont | Virginia | West Virginia | Wisconsin,Vine,Full sun to part shade,Medium to wet,Low,3,8,August,October,CLVI5,Ranunculaceae,Vine,Perennial,Climber,"White , Green , Brown","Jul , Aug , Sep",Medium,"Sun , Part Shade , Shade","Dry , Moist",,"Prefers moist, rich soils, but will also thrive in dry shade.","Hummingbirds, Bees",yes,Higher germination results from stored seeds sown indoors or in a cold frame than from seed sown directly outdoors after collection.,TRUE,TRUE,TRUE,FALSE,TRUE,FALSE,FALSE,FALSE,FALSE,FALSE,FALSE,FALSE,TRUE,TRUE,TRUE,FALSE,FALSE,FALSE,,,FALSE,FALSE,FALSE,FALSE,FALSE,FALSE,FALSE,TRUE,FALSE,"Devil's Darning Needles, Virgin's Bower, Old Man's Beard",https://inaturalist-open-data.s3.amazonaws.com/photos/150498198/medium.jpg
PLANT-00269,clethra alnifolia,Clethra alnifolia,"Coastal Pepperbush, Coastal Sweet Pepperbush, Coastal Sweet Pepper, Alderleaf Pepperbush, Alderleaf Clethra, Clethra, Summer Sweet",Alabama | Connecticut | Delaware | Florida | Georgia | Louisiana | Maine | Maryland | Massachusetts | Mississippi | New Hampshire | New Jersey | New York | North Carolina | Pennsylvania | Rhode Island | South Carolina | Tennessee | Texas | Virginia | West Virginia,Deciduous shrub,Full sun to part shade,Medium to wet,Low,3,9,July,August,CLAL3,Clethraceae,Shrub,Perennial,"Normally 3 to 6 feet tall, but can reach 12 feet.","White , Pink","Jul , Aug",High,"Sun , Part Shade , Shade","Moist , Wet",Acidic (pH<6.8),"Many wet to moist, acid soils, including sands and clays.","Bees, butterflies, and hummingbirds use flowers. Many birds and mammals eat the fruit.",yes,"Propagate by seed or softwood cuttings, with or without hormone treatment, under mist. Sow seed on sand.",TRUE,TRUE,TRUE,FALSE,FALSE,TRUE,FALSE,FALSE,FALSE,FALSE,FALSE,FALSE,TRUE,TRUE,FALSE,FALSE,FALSE,FALSE,,,FALSE,FALSE,FALSE,FALSE,FALSE,FALSE,FALSE,TRUE,FALSE,"Coastal Pepperbush, Coastal Sweet Pepperbush, Coastal Sweet Pepper, Alderleaf Pepperbush, Alderleaf Clethra, Clethra, Summer Sweet",https://inaturalist-open-data.s3.amazonaws.com/photos/152955653/medium.jpg
PLANT-00270,clinopodium arkansanum,Clinopodium arkansanum,Limestone Calamint,Arkansas | Illinois | Indiana | Kansas | Michigan | Minnesota | Missouri | New Mexico | New York | Ohio | Oklahoma | Pennsylvania | Tennessee | Texas | Virginia | West Virginia | Wisconsin,Herbaceous perennial,Full sun,Medium,Low,4,8,June,July,CLAR5,Lamiaceae,Herb,Perennial,Up to about 18 inches tall.,"White , Blue , Purple","Jun , Jul , Aug",,Sun,Moist,Alkaline (pH>7.2),,,,,TRUE,FALSE,FALSE,FALSE,FALSE,FALSE,FALSE,FALSE,FALSE,FALSE,FALSE,TRUE,TRUE,TRUE,FALSE,FALSE,FALSE,FALSE,,,FALSE,FALSE,FALSE,FALSE,FALSE,FALSE,FALSE,TRUE,FALSE,Limestone Calamint,https://inaturalist-open-data.s3.amazonaws.com/photos/89562796/medium.jpg
PLANT-00271,cocculus carolinus,Cocculus carolinus,"Carolina Snailseed, Carolina Coralbead, Carolina Moonseed, Red Berried Moonseed, Carolina Red Berried Moonseed",Alabama | Arkansas | Florida | Georgia | Illinois | Indiana | Kansas | Kentucky | Louisiana | Mississippi | Missouri | North Carolina | Oklahoma | South Carolina | Tennessee | Texas | Virginia,Vine,Full sun to part shade,Medium,Low,5,9,July,August,COCA,Menispermaceae,Vine,Perennial,Up to about 15 feet long.,Green,"Jun , Jul , Aug",Low,Part Shade,Moist,Circumneutral (pH 6.8-7.2),"Various wet to droughty soils. . Sandy, Sandy Loam, Medium Loam, Clay Loam, Clay",An intermediate source of food for wildlife. Fruit-birds,yes,easy from seeds in spring,FALSE,TRUE,FALSE,TRUE,FALSE,FALSE,FALSE,FALSE,FALSE,FALSE,FALSE,TRUE,TRUE,TRUE,FALSE,FALSE,FALSE,FALSE,,,FALSE,FALSE,FALSE,FALSE,FALSE,FALSE,FALSE,TRUE,FALSE,"Carolina Snailseed, Carolina Coralbead, Carolina Moonseed, Red Berried Moonseed, Carolina Red Berried Moonseed",https://inaturalist-open-data.s3.amazonaws.com/photos/2498174/medium.jpg
PLANT-00272,collinsia verna,Collinsia verna,"Spring Blue Eyed Mary, Spring Blue-eyed Mary",Arkansas | Illinois | Indiana | Iowa | Kansas | Kentucky | Michigan | Missouri | New York | Ohio | Oklahoma | Pennsylvania | Tennessee | Virginia | West Virginia | Wisconsin,Annual,Part shade,Medium,Low,2,11,April,May,COVE2,Scrophulariaceae,Herb,Annual,Up to about 1 foot tall.,"White , Blue","Apr , May , Jun",,"Part Shade , Shade",Moist,,,,,,FALSE,TRUE,TRUE,FALSE,FALSE,FALSE,FALSE,FALSE,FALSE,TRUE,TRUE,TRUE,FALSE,FALSE,FALSE,FALSE,FALSE,FALSE,,,FALSE,FALSE,FALSE,FALSE,FALSE,FALSE,FALSE,TRUE,FALSE,"Spring Blue Eyed Mary, Spring Blue-eyed Mary",https://inaturalist-open-data.s3.amazonaws.com/photos/766453/medium.jpg
PLANT-00273,collinsonia canadensis,Collinsonia canadensis,"Richweed, Stoneroot, Citronella Horsebalm",Alabama | Connecticut | Delaware | Florida | Georgia | Illinois | Indiana | Kentucky | Louisiana | Maryland | Michigan | Mississippi | Missouri | New Hampshire | New Jersey | New York | North Carolina | Ohio | Pennsylvania | Rhode Island | South Carolina | Tennessee | Vermont | Virginia | West Virginia | Wisconsin,Herbaceous perennial,Part shade,Medium,Low,4,8,August,September,COCA4,Lamiaceae,Herb,Perennial,Up to about 5 feet tall.,"White , Yellow","Jul , Aug , Sep",,Part Shade,,Circumneutral (pH 6.8-7.2),Humus-rich soil.,,,,FALSE,TRUE,FALSE,FALSE,FALSE,FALSE,FALSE,FALSE,FALSE,FALSE,FALSE,FALSE,TRUE,TRUE,TRUE,FALSE,FALSE,FALSE,,,FALSE,FALSE,FALSE,FALSE,FALSE,FALSE,FALSE,TRUE,FALSE,"Richweed, Stoneroot, Citronella Horsebalm",https://inaturalist-open-data.s3.amazonaws.com/photos/223829049/medium.jpg
PLANT-00274,comptonia peregrina,Comptonia peregrina,"Sweet-fern, Sweetfern",Connecticut | Delaware | Georgia | Illinois | Indiana | Maine | Maryland | Massachusetts | Michigan | Minnesota | New Hampshire | New Jersey | New York | North Carolina | Ohio | Pennsylvania | Rhode Island | South Carolina | Tennessee | Vermont | Virginia | West Virginia | Wisconsin,Deciduous shrub,Full sun to part shade,Medium,Low,2,6,April,May,COPE80,Myricaceae,Shrub,Perennial,Up to about 5 feet tall.,"White , Green","May , Jun , Jul , Aug",Low,Part Shade,Dry,Acidic (pH<6.8),"Sandy, acid soils.","Throughout its range, the grey hairstreak feeds on many families of plants. For unknown reasons the grey hairstreak is restricted to feeding on sweetfern in the northern limits of its range. (Canadian BIF)",yes,"Root cuttings are the principal means of propagation. Place horizontally, 1/2 in. deep, in sand: sphagnum.",FALSE,TRUE,FALSE,TRUE,FALSE,FALSE,FALSE,FALSE,FALSE,FALSE,TRUE,TRUE,TRUE,TRUE,FALSE,FALSE,FALSE,FALSE,,,FALSE,FALSE,FALSE,FALSE,FALSE,FALSE,FALSE,TRUE,FALSE,"Sweet-fern, Sweetfern",https://inaturalist-open-data.s3.amazonaws.com/photos/4639887/medium.jpeg
PLANT-00275,conoclinium coelestinum,Conoclinium coelestinum,"Blue Mistflower, Wild Ageratum, Blue Boneset",Alabama | Arkansas | Delaware | Florida | Georgia | Illinois | Indiana | Kansas | Kentucky | Louisiana | Maryland | Michigan | Mississippi | Missouri | Nebraska | New Jersey | New York | North Carolina | Ohio | Oklahoma | Pennsylvania | South Carolina | Tennessee | Texas | Virginia | West Virginia,Herbaceous perennial,Full sun to part shade,Medium,Medium,5,10,July,October,COCO13,Asteraceae,Herb,Perennial,Up to about 3 feet tall.,"Blue , Purple","Jul , Aug , Sep , Oct , Nov",Medium,"Sun , Part Shade",Moist,,"Moist loam, sand, or clay.",This wildflower attracts bees and butterflies.,yes,"Propagate by root division or by seed. Sow seeds in fall or provide cold stratification. Mist flower can also be propagated by ""softwood"" cuttings taken in late spring.",TRUE,TRUE,FALSE,FALSE,TRUE,FALSE,FALSE,FALSE,FALSE,FALSE,FALSE,FALSE,TRUE,TRUE,TRUE,TRUE,TRUE,FALSE,,,FALSE,FALSE,FALSE,FALSE,FALSE,FALSE,FALSE,TRUE,FALSE,"Blue Mistflower, Wild Ageratum, Blue Boneset",https://inaturalist-open-data.s3.amazonaws.com/photos/2309528/medium.jpg
PLANT-00276,conradina verticillata,Conradina verticillata,Cumberland rosemary,Kentucky | Tennessee,Broadleaf evergreen,Full sun,Dry to medium,Medium,6,8,May,June,,,,,,,,,,,,,,,,,,,,,,,,,,,,,,,,,,,,FALSE,FALSE,FALSE,FALSE,FALSE,FALSE,FALSE,FALSE,FALSE,Cumberland rosemary,https://static.inaturalist.org/photos/66450015/medium.jpg
PLANT-00277,coreopsis grandiflora,Coreopsis grandiflora,"Largeflower Tickseed, Large-flower Tickseed, Common Coreopsis",Alabama | Arkansas | Connecticut | Florida | Georgia | Illinois | Indiana | Iowa | Kansas | Kentucky | Louisiana | Maine | Maryland | Michigan | Mississippi | Missouri | New Jersey | New Mexico | New York | North Carolina | Ohio | Oklahoma | Pennsylvania | Rhode Island | South Carolina | Tennessee | Texas | Vermont | Virginia | West Virginia | Wisconsin,Herbaceous perennial,Full sun,Dry to medium,Low,4,9,June,August,COGR5,Asteraceae,Herb,Perennial,Up to about 2 feet tall.,Yellow,"May , Jun , Jul , Aug",,Part Shade,,,Sandy soils,,yes,Easily grown from seed. Mature plants may be increased by division.,FALSE,TRUE,FALSE,FALSE,FALSE,FALSE,FALSE,FALSE,FALSE,FALSE,TRUE,TRUE,TRUE,TRUE,FALSE,FALSE,FALSE,FALSE,,,FALSE,FALSE,FALSE,FALSE,FALSE,FALSE,FALSE,TRUE,FALSE,"Largeflower Tickseed, Large-flower Tickseed, Common Coreopsis",https://static.inaturalist.org/photos/83322746/medium.jpg
PLANT-00278,coreopsis integrifolia,Coreopsis integrifolia,Fringeleaf Tickseed,Florida | Georgia | North Carolina | South Carolina,Herbaceous perennial,Full sun to part shade,Medium to wet,Medium,5,9,September,October,COIN4,Asteraceae,Herb,Perennial,Up to about 2 feet tall.,"Yellow , Purple","Sep , Oct",,Sun,,,,,,,TRUE,FALSE,FALSE,FALSE,FALSE,FALSE,FALSE,FALSE,FALSE,FALSE,FALSE,FALSE,FALSE,FALSE,TRUE,TRUE,FALSE,FALSE,,,FALSE,FALSE,FALSE,FALSE,FALSE,FALSE,FALSE,TRUE,FALSE,Fringeleaf Tickseed,https://inaturalist-open-data.s3.amazonaws.com/photos/28880930/medium.jpg
PLANT-00279,coreopsis lanceolata,Coreopsis lanceolata,"Lanceleaf Coreopsis, Lance-leaved Coreopsis, Lanceleaf Tickseed, Sand Coreopsis",Alabama | Arkansas | Connecticut | Delaware | Florida | Georgia | Illinois | Indiana | Iowa | Kansas | Kentucky | Louisiana | Maine | Maryland | Massachusetts | Michigan | Minnesota | Mississippi | Missouri | Nebraska | New Hampshire | New Jersey | New Mexico | New York | North Carolina | Ohio | Oklahoma | Pennsylvania | Rhode Island | South Carolina | Tennessee | Texas | Vermont | Virginia | West Virginia | Wisconsin,Herbaceous perennial,Full sun,Dry to medium,Medium,4,9,May,July,COLA5,Asteraceae,Herb,Perennial,Up to about 2 feet tall.,Yellow,"Mar , Apr , May , Jun , Jul , Aug",Medium,"Sun , Part Shade , Shade",Dry,,"Sandy, gravelly soils. Sandy, Sandy Loam, Medium Loam, Clay Loam, Clay, Acid-based, Calcareous",,yes,"Plant seeds in early spring. Can also be propagated by division of basal rosettes or by seed. In the fall, lift a clump from the outer edge of the plant and separate the rosette. Remove a few of the leaves to reduce moisture loss, replant, and water thoroughly.",TRUE,TRUE,TRUE,FALSE,TRUE,FALSE,FALSE,FALSE,TRUE,TRUE,TRUE,TRUE,TRUE,TRUE,FALSE,FALSE,FALSE,FALSE,,,FALSE,FALSE,FALSE,FALSE,FALSE,FALSE,FALSE,TRUE,FALSE,"Lanceleaf Coreopsis, Lance-leaved Coreopsis, Lanceleaf Tickseed, Sand Coreopsis",https://static.inaturalist.org/photos/21088529/medium.jpg
PLANT-00280,coreopsis palmata,Coreopsis palmata,"Stiff Tickseed, Stiff Coreopsis, Finger Coreopsis",Alabama | Arkansas | Illinois | Indiana | Iowa | Kansas | Louisiana | Michigan | Minnesota | Mississippi | Missouri | Nebraska | Oklahoma | South Dakota | Wisconsin,Herbaceous perennial,Full sun,Dry to medium,Low,3,8,May,July,COPA10,Asteraceae,Herb,Perennial,Up to about 3 feet tall.,Yellow,"Jun , Jul , Aug",,Part Shade,,,"Light, sandy or gravelly soils.",,yes,Easily propagated by division of adult plants in fall or spring.,FALSE,TRUE,FALSE,FALSE,FALSE,FALSE,FALSE,FALSE,FALSE,FALSE,FALSE,TRUE,TRUE,TRUE,FALSE,FALSE,FALSE,FALSE,,,FALSE,FALSE,FALSE,FALSE,FALSE,FALSE,FALSE,TRUE,FALSE,"Stiff Tickseed, Stiff Coreopsis, Finger Coreopsis",https://inaturalist-open-data.s3.amazonaws.com/photos/133694/medium.jpg
PLANT-00281,coreopsis pubescens,Coreopsis pubescens,"Star Tickseed, Hairy Tickseed",Alabama | Arkansas | Connecticut | Florida | Georgia | Illinois | Kansas | Kentucky | Louisiana | Massachusetts | Mississippi | Missouri | North Carolina | Oklahoma | South Carolina | Tennessee | Texas | Virginia | West Virginia,Herbaceous perennial,Full sun,Dry to medium,Low,6,9,June,September,COPU2,Asteraceae,Herb,Perennial,Up to about 3 feet tall.,Yellow,"Apr , May , Jun , Jul , Aug , Sep","Low , Medium",Sun,"Dry , Moist",,,,,,TRUE,FALSE,FALSE,TRUE,TRUE,FALSE,FALSE,FALSE,FALSE,TRUE,TRUE,TRUE,TRUE,TRUE,TRUE,FALSE,FALSE,FALSE,,,FALSE,FALSE,FALSE,FALSE,FALSE,FALSE,FALSE,TRUE,FALSE,"Star Tickseed, Hairy Tickseed",https://inaturalist-open-data.s3.amazonaws.com/photos/216489153/medium.jpeg
PLANT-00282,coreopsis rosea,Coreopsis rosea,"Pink Tickseed, Rose Coreopsis, Pink Coreopsis",Connecticut | Indiana | Maine | Massachusetts | Michigan | New Hampshire | New Jersey | New York | Ohio | Pennsylvania | Rhode Island | Vermont | West Virginia,Herbaceous perennial,Full sun,Medium,Low,3,8,June,September,CORO,Asteraceae,Herb,Perennial,9 inches to 2 feet high,"White , Pink","Jul , Aug , Sep",High,"Sun , Part Shade","Moist , Wet",Acidic (pH<6.8),"Moist, sandy, acid soils.",Birds eat the seeds.,yes,Easily grown from seed. Mature plants may be increased by division.,TRUE,TRUE,FALSE,FALSE,FALSE,TRUE,FALSE,FALSE,FALSE,FALSE,FALSE,FALSE,TRUE,TRUE,TRUE,FALSE,FALSE,FALSE,,,FALSE,FALSE,FALSE,FALSE,FALSE,FALSE,FALSE,TRUE,FALSE,"Pink Tickseed, Rose Coreopsis, Pink Coreopsis",https://static.inaturalist.org/photos/93778485/medium.jpg
PLANT-00283,coreopsis tinctoria,Coreopsis tinctoria,"Plains Coreopsis, Golden Tickseed, Goldenwave, Calliopsis",Alabama | Arizona | Arkansas | California | Colorado | Connecticut | Delaware | Florida | Georgia | Idaho | Illinois | Indiana | Iowa | Kansas | Kentucky | Louisiana | Maine | Maryland | Massachusetts | Michigan | Minnesota | Mississippi | Missouri | Montana | Nebraska | New Jersey | New Mexico | New York | North Carolina | North Dakota | Ohio | Oklahoma | Oregon | Pennsylvania | Rhode Island | South Carolina | South Dakota | Tennessee | Texas | Vermont | Virginia | Washington | West Virginia | Wisconsin | Wyoming,Annual,Full sun,Dry to medium,Low,2,11,June,September,COTI3,Asteraceae,Herb,Annual,"Up to about 5 feet tall, often much shorter.","Red , Yellow , Brown","Jan , Feb , Mar , Apr , May , Jun , Jul , Aug , Sep , Oct , Nov , Dec",High,"Sun , Part Shade",Moist,,"Prefers moist, sandy soil.","Nectar-Bees Nectar-Butterflies, Nectar-insects, Seeds-Granivorous birds",yes,Seeds may be sown outside in late fall or the following spring without any cold treatment. Seedlings grow rapidly. This plant can be increased by separating outer rosettes from the clump in the fall.,TRUE,TRUE,FALSE,FALSE,FALSE,TRUE,TRUE,TRUE,TRUE,TRUE,TRUE,TRUE,TRUE,TRUE,TRUE,TRUE,TRUE,TRUE,,,FALSE,FALSE,FALSE,FALSE,FALSE,FALSE,FALSE,TRUE,FALSE,"Plains Coreopsis, Golden Tickseed, Goldenwave, Calliopsis",https://inaturalist-open-data.s3.amazonaws.com/photos/7330449/medium.jpg
PLANT-00284,coreopsis tripteris,Coreopsis tripteris,"Tall Tickseed, Tall Coreopsis",Alabama | Arkansas | Connecticut | Florida | Georgia | Illinois | Indiana | Iowa | Kansas | Kentucky | Louisiana | Maryland | Massachusetts | Michigan | Mississippi | Missouri | North Carolina | Ohio | Oklahoma | Pennsylvania | Rhode Island | South Carolina | Tennessee | Texas | Virginia | West Virginia | Wisconsin,Herbaceous perennial,Full sun,Dry to medium,Low,3,8,July,September,COTR4,Asteraceae,Herb,Perennial,"Up to about 9 feet tall in optimal conditions, often much shorter.",Yellow,"Jul , Aug , Sep",,Part Shade,Moist,,Moist to dry sands.,,yes,Easily grown from seed. Mature plants may be increased by division.,FALSE,TRUE,FALSE,FALSE,FALSE,FALSE,FALSE,FALSE,FALSE,FALSE,FALSE,FALSE,TRUE,TRUE,TRUE,FALSE,FALSE,FALSE,,,FALSE,FALSE,FALSE,FALSE,FALSE,FALSE,FALSE,TRUE,FALSE,"Tall Tickseed, Tall Coreopsis",https://inaturalist-open-data.s3.amazonaws.com/photos/512356965/medium.jpg
PLANT-00285,coreopsis verticillata,Coreopsis verticillata,"Threadleaf Coreopsis, Whorled Tickseed, Whorled Coreopsis",Alabama | Arkansas | Connecticut | Florida | Georgia | Kentucky | Maryland | Massachusetts | Mississippi | New Jersey | New York | North Carolina | Ohio | South Carolina | Tennessee | Virginia | West Virginia,Herbaceous perennial,Full sun,Dry to medium,Low,3,9,June,September,COVE5,Asteraceae,Herb,Perennial,Up to about 3 feet tall.,Yellow,"Jun , Jul , Aug",Low,"Sun , Part Shade",Dry,Acidic (pH<6.8),"Sandy, well-drained soil.",Seeds eaten by birds.,yes,Propagate by dividing either in the fall or early spring. Seeds may be sown outside in late fall or the following spring without any cold treatment. Seedlings grow rapidly.,TRUE,TRUE,FALSE,TRUE,FALSE,FALSE,FALSE,FALSE,FALSE,FALSE,FALSE,TRUE,TRUE,TRUE,FALSE,FALSE,FALSE,FALSE,,,FALSE,FALSE,FALSE,FALSE,FALSE,FALSE,FALSE,TRUE,FALSE,"Threadleaf Coreopsis, Whorled Tickseed, Whorled Coreopsis",https://inaturalist-open-data.s3.amazonaws.com/photos/127119/medium.jpg
PLANT-00286,cornus alternifolia,Cornus alternifolia,"Alternateleaf Dogwood, Alternate-leaf Dogwood, Pagoda Dogwood",Alabama | Arkansas | Connecticut | Delaware | Florida | Georgia | Illinois | Indiana | Iowa | Kentucky | Maine | Maryland | Massachusetts | Michigan | Minnesota | Mississippi | Missouri | New Hampshire | New Jersey | North Carolina | South Carolina | Tennessee | Virginia | West Virginia | Wisconsin,Deciduous shrub,Full sun to part shade,Medium,Low,3,7,May,June,COAL2,Cornaceae,Shrub,,Up to about 35 feet tall.,White,"Apr , May , Jun",Medium,"Part Shade , Shade",Moist,,"Cool, moist, acid, well-drained soils.","Attracts ground, water and songbirds and many mammals. The dry, bitter fruits are not edible by human standards, but they provide food for grouse, pheasants, wild turkeys and squirrels. (Kershaw)",yes,Propagate by seed or softwood cuttings. The cuttings must not be disturbed until they have been allowed to go through a winter dormancy and have begun spring growth.,FALSE,TRUE,TRUE,FALSE,TRUE,FALSE,FALSE,FALSE,FALSE,TRUE,TRUE,TRUE,FALSE,FALSE,FALSE,FALSE,FALSE,FALSE,,,FALSE,FALSE,FALSE,FALSE,FALSE,FALSE,FALSE,TRUE,FALSE,"Alternateleaf Dogwood, Alternate-leaf Dogwood, Pagoda Dogwood",https://static.inaturalist.org/photos/11567651/medium.jpg
PLANT-00287,cornus amomum,Cornus amomum,"Silky Dogwood, Red Willow, Silky Cornel",Alabama | Connecticut | Delaware | Florida | Georgia | Illinois | Indiana | Kentucky | Maine | Maryland | Michigan | Mississippi | New Hampshire | New Jersey | New York | North Carolina | Ohio | Pennsylvania | Rhode Island | South Carolina | Tennessee | Vermont | Virginia | West Virginia,Deciduous shrub,Full sun to part shade,Medium to wet,Medium,5,8,May,June,COAM2,Cornaceae,Shrub,Perennial,Up to about 15 feet tall.,White,"Mar , Apr , May , Jun , Jul , Aug",High,"Part Shade , Shade","Moist , Wet",,"Clay, Loam, Sand",,,,FALSE,TRUE,TRUE,FALSE,FALSE,TRUE,FALSE,FALSE,TRUE,TRUE,TRUE,TRUE,TRUE,TRUE,FALSE,FALSE,FALSE,FALSE,,,FALSE,FALSE,FALSE,FALSE,FALSE,FALSE,FALSE,TRUE,FALSE,"Silky Dogwood, Red Willow, Silky Cornel",https://inaturalist-open-data.s3.amazonaws.com/photos/15046/medium.jpg
PLANT-00288,cornus amomum subsp. obliqua,Cornus amomum subsp. obliqua,swamp dogwood,Arkansas | Connecticut | Illinois | Indiana | Iowa | Kansas | Kentucky | Maine | Maryland | Massachusetts | Michigan | Minnesota | Missouri | Nebraska | New Hampshire | New Jersey | New York | Ohio | Oklahoma | Pennsylvania | Rhode Island | South Dakota | Tennessee | Vermont | Virginia | West Virginia | Wisconsin,Deciduous shrub,Full sun to part shade,Medium to wet,Medium,4,8,May,June,,,,,,,,,,,,,,,,,,,,,,,,,,,,,,,,,,,,FALSE,FALSE,FALSE,FALSE,FALSE,FALSE,FALSE,FALSE,FALSE,swamp dogwood,
PLANT-00289,cornus canadensis,Cornus canadensis,"Bunchberry Dogwood, Canadian Bunchberry",Alaska | Colorado | Connecticut | Idaho | Illinois | Indiana | Iowa | Maine | Maryland | Massachusetts | Michigan | Montana | New Hampshire | New Jersey | New Mexico | New York | North Dakota | Ohio | Pennsylvania | Rhode Island | South Dakota | Vermont | Virginia | Washington | West Virginia | Wisconsin | Wyoming,Deciduous shrub,Part shade,Medium,Low,2,6,May,July,COCA13,Cornaceae,Herb,,Up to about 10 inches tall.,"White , Yellow , Green , Brown","May , Jun , Jul , Aug , Sep",High,"Sun , Part Shade , Shade",Moist,Acidic (pH<6.8),"Damp, cool, acid soil or peat moss.",,yes,"Sow seeds in fall or provide cold stratification. Avoid drying if possible. Plant 3/4"" deep. Plants will not flower until the third year. Cuttings, stuck in a 1:1 sand/peat mixture, should be taken below ground level in July or August.",TRUE,TRUE,TRUE,FALSE,FALSE,TRUE,FALSE,FALSE,FALSE,FALSE,TRUE,TRUE,TRUE,TRUE,TRUE,FALSE,FALSE,FALSE,,,FALSE,FALSE,FALSE,FALSE,FALSE,FALSE,FALSE,TRUE,FALSE,"Bunchberry Dogwood, Canadian Bunchberry",https://inaturalist-open-data.s3.amazonaws.com/photos/3251560/medium.JPG
PLANT-00290,cornus drummondii,Cornus drummondii,"Roughleaf Dogwood, Drummond's Dogwood, Rough-leaf Dogwood",Alabama | Arkansas | Georgia | Illinois | Indiana | Iowa | Kansas | Kentucky | Louisiana | Michigan | Mississippi | Missouri | Nebraska | New York | Ohio | Oklahoma | Pennsylvania | South Dakota | Tennessee | Texas | Wisconsin,Deciduous shrub,Full sun to part shade,Medium to wet,Medium,5,8,May,June,CODR,Cornaceae,Tree,,"Up to about 20 feet tall, often shorter.",White,"Apr , May , Jun , Jul",Low,"Part Shade , Shade","Dry , Moist",,"Dry to moist, alkaline soils. Limestone-based, Sandy, Sandy Loam, Medium Loam, Clay Loam, Clay, Acid-based, Calcareous.","Nectar-insects, Fruit-birds",yes,"Sow seeds immediately after collection or scarify and stratify and sow the following spring. Cornus spp. will root from softwood or semi-hardwood cuttings taken in summer, hardwood cuttings in winter, and suckers and division and by layering in the early",FALSE,TRUE,TRUE,TRUE,FALSE,FALSE,FALSE,FALSE,FALSE,TRUE,TRUE,TRUE,TRUE,FALSE,FALSE,FALSE,FALSE,FALSE,,,FALSE,FALSE,FALSE,FALSE,FALSE,FALSE,FALSE,TRUE,FALSE,"Roughleaf Dogwood, Drummond's Dogwood, Rough-leaf Dogwood",https://inaturalist-open-data.s3.amazonaws.com/photos/19623005/medium.jpg
PLANT-00291,cornus florida,Cornus florida,"Flowering Dogwood, Virginia Dogwood, Florida Dogwood, White Cornel, Arrowwood, American Boxwood, False Box, St. Peter's Crown, Corona De San Pedro",Alabama | Arkansas | Connecticut | Delaware | Florida | Georgia | Illinois | Indiana | Kansas | Kentucky | Louisiana | Maine | Maryland | Michigan | Mississippi | Missouri | New Hampshire | New Jersey | New York | North Carolina | Ohio | Oklahoma | Pennsylvania | Rhode Island | South Carolina | Tennessee | Texas | Vermont | Virginia | West Virginia,Tree,Full sun to part shade,Medium,Medium,5,9,April,May,COFL2,Cornaceae,Tree,,"Up to about 65 feet tall, often much shorter.","White , Pink , Yellow , Green","Mar , Apr , May , Jun",Low,"Part Shade , Shade","Dry , Moist",Acidic (pH<6.8),"Rich, well-drained, acid soil. Sandy, Sandy Loam, Medium Loam, Acid-based","Fruit-birds, Fruit-mammals, Fruit-deer.",yes,Sow seeds outdoors immediately after collection or stratify and sow the following spring.,FALSE,TRUE,TRUE,TRUE,FALSE,FALSE,FALSE,FALSE,TRUE,TRUE,TRUE,TRUE,FALSE,FALSE,FALSE,FALSE,FALSE,FALSE,,,FALSE,FALSE,FALSE,FALSE,FALSE,FALSE,FALSE,TRUE,FALSE,"Flowering Dogwood, Virginia Dogwood, Florida Dogwood, White Cornel, Arrowwood, American Boxwood, False Box, St. Peter's Crown, Corona De San Pedro",https://inaturalist-open-data.s3.amazonaws.com/photos/15371883/medium.jpeg
PLANT-00292,cornus florida f. rubra,Cornus florida f. rubra,flowering dogwood,Alabama | Connecticut | Florida | Georgia | Indiana | Kentucky | Maine | Massachusetts | Michigan | Mississippi | Missouri | New Hampshire | New Jersey | New York | North Carolina | Ohio | Oklahoma | Pennsylvania | Rhode Island | South Carolina | Texas | Vermont | Virginia | Wisconsin,Tree,Full sun to part shade,Medium,Medium,5,9,April,May,,,,,,,,,,,,,,,,,,,,,,,,,,,,,,,,,,,,FALSE,FALSE,FALSE,FALSE,FALSE,FALSE,FALSE,FALSE,FALSE,flowering dogwood,
PLANT-00293,cornus mas,Cornus mas,cornelian cherry dogwood,Georgia,Tree,Full sun to part shade,Medium,Low,4,8,March,March,,,,,,,,,,,,,,,,,,,,,,,,,,,,,,,,,,,,FALSE,FALSE,FALSE,FALSE,FALSE,FALSE,FALSE,FALSE,FALSE,cornelian cherry dogwood,https://static.inaturalist.org/photos/48590986/medium.jpeg
PLANT-00294,cornus racemosa,Cornus racemosa,Gray Dogwood,Alabama | Arkansas | Connecticut | Delaware | Illinois | Indiana | Iowa | Kentucky | Maine | Maryland | Michigan | Minnesota | Missouri | Nebraska | New Hampshire | New Jersey | New York | North Carolina | North Dakota | Ohio | Pennsylvania | Rhode Island | South Carolina | South Dakota | Texas | Vermont | Virginia | West Virginia | Wisconsin,Deciduous shrub,Full sun to part shade,Medium,Low,4,8,May,June,CORA6,Cornaceae,Shrub,,Up to about 16 feet tall.,"White , Green","May , Jun , Jul",Medium,"Sun , Part Shade , Shade",Moist,Circumneutral (pH 6.8-7.2),Moist soils.,,yes,"Sow seeds immediately after collection or scarify and stratify and sow the following spring. Cornus spp. will root from softwood or semi-hardwood cuttings taken in summer, hardwood cuttings in winter, and suckers and division and by layering in the early",TRUE,TRUE,TRUE,FALSE,TRUE,FALSE,FALSE,FALSE,FALSE,FALSE,TRUE,TRUE,TRUE,FALSE,FALSE,FALSE,FALSE,FALSE,,,FALSE,FALSE,FALSE,FALSE,FALSE,FALSE,FALSE,TRUE,FALSE,Gray Dogwood,https://inaturalist-open-data.s3.amazonaws.com/photos/452854/medium.jpg
PLANT-00295,cornus sericea,Cornus sericea,"Red Osier Dogwood, Red Osier, Red-twig Dogwood",Alaska | California | Colorado | Connecticut | Idaho | Illinois | Maine | Massachusetts | Michigan | Minnesota | Nebraska | New Hampshire | New Mexico | New York | North Dakota | Ohio | Oregon | Pennsylvania | Rhode Island | Utah | Vermont | Washington | Wyoming,Deciduous shrub,Full sun to part shade,Medium to wet,Medium,3,7,May,June,COSE16,Cornaceae,Shrub,,Up to about 12 feet tall. May begin flowering at about 3 feet tall.,White,"May , Jun , Jul , Aug , Sep , Oct",,Part Shade,Moist,Circumneutral (pH 6.8-7.2),"Moist, well-drained soils.","Waterfowl, marshbirds and shorebirds are major users. Also large and small mammals.Deer browse on dogwood year-round.",yes,Propagate by seed or cuttings. Hardwood cuttings do not require treatment. Collected sprouts are easily established.,FALSE,TRUE,FALSE,FALSE,FALSE,FALSE,FALSE,FALSE,FALSE,FALSE,TRUE,TRUE,TRUE,TRUE,TRUE,TRUE,FALSE,FALSE,,,FALSE,FALSE,FALSE,FALSE,FALSE,FALSE,FALSE,TRUE,FALSE,"Red Osier Dogwood, Red Osier, Red-twig Dogwood",https://static.inaturalist.org/photos/16633753/medium.jpg
PLANT-00296,corylus americana,Corylus americana,"American Hazelnut, American Filbert",Alabama | Arkansas | Connecticut | Delaware | Georgia | Illinois | Indiana | Iowa | Kansas | Kentucky | Louisiana | Maine | Maryland | Massachusetts | Michigan | Minnesota | Mississippi | Missouri | Nebraska | New Hampshire | New Jersey | New York | North Carolina | North Dakota | Ohio | Oklahoma | Pennsylvania | Rhode Island | South Carolina | South Dakota | Tennessee | Vermont | Virginia | West Virginia | Wisconsin,Deciduous shrub,Full sun to part shade,Medium,Low,4,9,March,April,COAM3,Betulaceae,Shrub,Perennial,"Up to about 15 feet tall, often shorter.","White , Green","Mar , Apr , May , Jun",Medium,"Part Shade , Shade","Dry , Moist",Circumneutral (pH 6.8-7.2),"Various moist to dry, well-drained soils.",Nuts eaten by birds and squirrels.,yes,Propagate by seed or softwood cuttings. Rooting percentages for cuttings are usually low.,FALSE,TRUE,TRUE,FALSE,TRUE,FALSE,FALSE,FALSE,TRUE,TRUE,TRUE,TRUE,FALSE,FALSE,FALSE,FALSE,FALSE,FALSE,,,FALSE,FALSE,FALSE,FALSE,FALSE,FALSE,FALSE,TRUE,FALSE,"American Hazelnut, American Filbert",https://inaturalist-open-data.s3.amazonaws.com/photos/9733349/medium.jpg
PLANT-00297,corylus cornuta,Corylus cornuta,"Beaked Hazelnut, Beaked Filbert",Alabama | California | Colorado | Connecticut | Georgia | Illinois | Iowa | Kentucky | Maine | Maryland | Massachusetts | Michigan | Minnesota | Montana | New Hampshire | New Jersey | New York | North Carolina | North Dakota | Ohio | Oregon | Pennsylvania | Rhode Island | South Carolina | South Dakota | Tennessee | Vermont | Virginia | Washington | West Virginia | Wisconsin | Wyoming,Deciduous shrub,Full sun to part shade,Medium,Low,4,8,April,April,COCO6,Betulaceae,Shrub,Perennial,,"Yellow , Green , Brown","Mar , Apr , May",Medium,"Sun , Part Shade , Shade",Moist,Circumneutral (pH 6.8-7.2),Various moist to dry soils.,The,yes,Corylus spp. may be propagated by seed. Rooted pieces may be separated from the plant for increase.,TRUE,TRUE,TRUE,FALSE,TRUE,FALSE,FALSE,FALSE,TRUE,TRUE,TRUE,FALSE,FALSE,FALSE,FALSE,FALSE,FALSE,FALSE,,,FALSE,FALSE,FALSE,FALSE,FALSE,FALSE,FALSE,TRUE,FALSE,"Beaked Hazelnut, Beaked Filbert",https://inaturalist-open-data.s3.amazonaws.com/photos/141313270/medium.jpeg
PLANT-00298,cosmos bipinnatus,Cosmos bipinnatus,cosmos,Arizona | California | New Mexico,Annual,Full sun,Medium,Low,2,11,June,To frost,,,,,,,,,,,,,,,,,,,,,,,,,,,,,,,,,,,,FALSE,FALSE,FALSE,FALSE,FALSE,FALSE,FALSE,FALSE,FALSE,cosmos,https://inaturalist-open-data.s3.amazonaws.com/photos/456061565/medium.jpg
PLANT-00299,cotinus obovatus,Cotinus obovatus,"American Smoke Tree, Texas Smoke Tree, Wild Smoke Tree, Smoke Tree, Smokebush, Chittamwood",Alabama | Arkansas | Georgia | Kentucky | Missouri | Oklahoma | Tennessee | Texas,Tree,Full sun,Medium,Medium,4,8,May,June,COOB2,Anacardiaceae,Tree,Perennial,"Up to about 30 feet tall, often much shorter.","Pink , Yellow , Purple","Apr , May",Low,"Sun , Part Shade",Dry,Alkaline (pH>7.2),"Rocky, well-drained, limestone soils, whether sand, loam, or clay.",Browsed by wildlife.,yes,Few seeds are formed. Those sown immediately after collection may take two springs to germinate. Scarification and stratification hasten germination. Smoke-trees are also propagated from root or,TRUE,TRUE,FALSE,TRUE,FALSE,FALSE,FALSE,FALSE,FALSE,TRUE,TRUE,FALSE,FALSE,FALSE,FALSE,FALSE,FALSE,FALSE,,,FALSE,FALSE,FALSE,FALSE,FALSE,FALSE,FALSE,TRUE,FALSE,"American Smoke Tree, Texas Smoke Tree, Wild Smoke Tree, Smoke Tree, Smokebush, Chittamwood",https://inaturalist-open-data.s3.amazonaws.com/photos/19837265/medium.jpg
PLANT-00300,crataegus crus-galli,Crataegus crus-galli,"Cockspur Hawthorn, Cockspur Thorn, Newcastle Hawthorn, Newcastle Thorn, Hog Apple",Alabama | Arkansas | Connecticut | Delaware | Florida | Georgia | Illinois | Indiana | Iowa | Kansas | Kentucky | Louisiana | Maine | Maryland | Massachusetts | Michigan | Minnesota | Mississippi | Missouri | New Jersey | New York | North Carolina | Ohio | Oklahoma | Pennsylvania | Rhode Island | South Carolina | Tennessee | Texas | Vermont | Virginia | West Virginia | Wisconsin,Tree,Full sun,Medium,Medium,3,7,May,May,CRCR2,Rosaceae,Tree,Perennial,Up to about 35 feet tall.,"White , Pink","May , Jun",Low,"Sun , Part Shade , Shade","Dry , Moist",Acidic (pH<6.8),"Variable, preferring moist, well-drained soils. Sandy, Sandy Loam, Medium Loam, Clay Loam, Clay.","Cover,Nesting material, Fruit-birds, Fruit-mammals.",yes,,TRUE,TRUE,TRUE,TRUE,FALSE,FALSE,FALSE,FALSE,FALSE,FALSE,TRUE,TRUE,FALSE,FALSE,FALSE,FALSE,FALSE,FALSE,,,FALSE,FALSE,FALSE,FALSE,FALSE,FALSE,FALSE,TRUE,FALSE,"Cockspur Hawthorn, Cockspur Thorn, Newcastle Hawthorn, Newcastle Thorn, Hog Apple",https://inaturalist-open-data.s3.amazonaws.com/photos/342993113/medium.jpeg
PLANT-00301,crataegus douglasii,Crataegus douglasii,Black Hawthorn,Alaska | California | Idaho | Michigan | Minnesota | Montana | Nevada | North Dakota | Oregon | South Dakota | Washington | Wisconsin | Wyoming,Tree,Full sun,Medium to wet,Medium,3,9,May,June,CRDO2,Rosaceae,Shrub,Perennial,Up to about 30 feet tall.,White,"May , Jun",High,"Sun , Part Shade , Shade","Moist , Wet",,Moist soils.,Only a few birds like the,,"Stored/treated seed will germinate. For fresh, dried",TRUE,TRUE,TRUE,FALSE,FALSE,TRUE,FALSE,FALSE,FALSE,FALSE,TRUE,TRUE,FALSE,FALSE,FALSE,FALSE,FALSE,FALSE,,,FALSE,FALSE,FALSE,FALSE,FALSE,FALSE,FALSE,TRUE,FALSE,Black Hawthorn,https://inaturalist-open-data.s3.amazonaws.com/photos/66932638/medium.jpg
PLANT-00302,crataegus nitida,Crataegus nitida,Glossy Hawthorn,Arkansas | Illinois | Missouri | Ohio | Pennsylvania | Tennessee | Wisconsin,Tree,Full sun,Medium,Medium,5,7,May,May,CRNI,Rosaceae,Shrub,,Up to about 30 feet tall.,White,Apr,,,,,,,,,FALSE,FALSE,FALSE,FALSE,FALSE,FALSE,FALSE,FALSE,FALSE,TRUE,FALSE,FALSE,FALSE,FALSE,FALSE,FALSE,FALSE,FALSE,,,FALSE,FALSE,FALSE,FALSE,FALSE,FALSE,FALSE,TRUE,FALSE,Glossy Hawthorn,
PLANT-00303,crataegus phaenopyrum,Crataegus phaenopyrum,"Washington Hawthorn, Washington-thorn",Alabama | Arkansas | Delaware | Florida | Georgia | Illinois | Indiana | Kentucky | Louisiana | Maine | Maryland | Massachusetts | Michigan | Mississippi | Missouri | New Jersey | North Carolina | Ohio | Pennsylvania | Rhode Island | South Carolina | Tennessee | Virginia | West Virginia,Tree,Full sun,Medium,Medium,3,8,June,June,CRPH,Rosaceae,Shrub,Perennial,Up to about 30 feet tall.,White,Jun,Medium,Sun,Moist,Circumneutral (pH 6.8-7.2),Moist soils.,"Provides favored food, cover and nesting habitat for birds.",yes,Propagate using stratified seed.,TRUE,FALSE,FALSE,FALSE,TRUE,FALSE,FALSE,FALSE,FALSE,FALSE,FALSE,TRUE,FALSE,FALSE,FALSE,FALSE,FALSE,FALSE,,,FALSE,FALSE,FALSE,FALSE,FALSE,FALSE,FALSE,TRUE,FALSE,"Washington Hawthorn, Washington-thorn",https://static.inaturalist.org/photos/15579455/medium.jpg
PLANT-00304,crataegus viridis,Crataegus viridis,"Green Hawthorn, Southern Hawthorn",Alabama | Arkansas | Delaware | Florida | Georgia | Illinois | Indiana | Kansas | Kentucky | Louisiana | Maryland | Mississippi | Missouri | North Carolina | Oklahoma | Pennsylvania | South Carolina | Tennessee | Texas | Virginia | West Virginia | Wisconsin,Tree,Full sun,Dry to medium,Low,4,8,May,May,CRVI2,Rosaceae,Shrub,Perennial,"Up to about 50 feet tall, often shorter.",White,"Mar , Apr , May",High,Part Shade,Wet,,"Sandy, Sandy Loam, Medium Loam, Clay Loam, Clay","Nectar-bees, Nectar-butterflies, Fruit-birds, Fruit-mammals, Cover, Nesting site.",,,FALSE,TRUE,FALSE,FALSE,FALSE,TRUE,FALSE,FALSE,TRUE,TRUE,TRUE,FALSE,FALSE,FALSE,FALSE,FALSE,FALSE,FALSE,,,FALSE,FALSE,FALSE,FALSE,FALSE,FALSE,FALSE,TRUE,FALSE,"Green Hawthorn, Southern Hawthorn",https://inaturalist-open-data.s3.amazonaws.com/photos/199307946/medium.jpg
PLANT-00305,crinum americanum,Crinum americanum,"American Crinum Lily, Seven Sisters, Swamp Lily, Southern Swamp Lily, String Lily, Crinum Lily",Alabama | Florida | Georgia | Louisiana | Mississippi | South Carolina | Texas,Bulb,Full sun to part shade,Medium to wet,Medium,8,11,June,September,CRAM2,Liliaceae,Shrub,Perennial,Up to about 3 feet tall.,White,"Jun , Jul , Aug , Sep , Oct , Nov",Medium,Part Shade,Wet,,"Wet, rich soils. Sandy, Sandy Loam, Medium Loam, Clay Loam, Clay, Acid-based, Calcareous.",,,,FALSE,TRUE,FALSE,FALSE,TRUE,FALSE,FALSE,FALSE,FALSE,FALSE,FALSE,TRUE,TRUE,TRUE,TRUE,TRUE,TRUE,FALSE,,,FALSE,FALSE,FALSE,FALSE,FALSE,FALSE,FALSE,TRUE,FALSE,"American Crinum Lily, Seven Sisters, Swamp Lily, Southern Swamp Lily, String Lily, Crinum Lily",https://static.inaturalist.org/photos/21742403/medium.jpg
PLANT-00306,croton alabamensis,Croton alabamensis,alabama croton,Alabama | Tennessee | Texas,Deciduous shrub,Full sun to part shade,Medium,Low,6,8,March,April,,,,,,,,,,,,,,,,,,,,,,,,,,,,,,,,,,,,FALSE,FALSE,FALSE,FALSE,FALSE,FALSE,FALSE,FALSE,FALSE,alabama croton,https://static.inaturalist.org/photos/182324577/medium.jpg
PLANT-00307,cryptotaenia canadensis,Cryptotaenia canadensis,"Canadian Honewort, Wild Chervil",Alabama | Arkansas | Connecticut | Delaware | Florida | Georgia | Illinois | Indiana | Iowa | Kansas | Kentucky | Louisiana | Maine | Maryland | Massachusetts | Michigan | Minnesota | Mississippi | Missouri | Nebraska | New Hampshire | New Jersey | New York | North Carolina | North Dakota | Ohio | Oklahoma | Pennsylvania | Rhode Island | South Carolina | South Dakota | Tennessee | Texas | Vermont | Virginia | West Virginia | Wisconsin,Herbaceous perennial,Part shade,Medium,Low,4,8,June,September,CRCA9,Apiaceae,Herb,Perennial,Up to about 3 feet tall.,White,"Jun , Jul , Aug , Sep",,Part Shade,Moist,,,,,,FALSE,TRUE,FALSE,FALSE,FALSE,FALSE,FALSE,FALSE,FALSE,FALSE,FALSE,TRUE,TRUE,TRUE,TRUE,FALSE,FALSE,FALSE,,,FALSE,FALSE,FALSE,FALSE,FALSE,FALSE,FALSE,TRUE,FALSE,"Canadian Honewort, Wild Chervil",https://static.inaturalist.org/photos/79513882/medium.jpeg
PLANT-00308,cunila origanoides,Cunila origanoides,Common Dittany,Alabama | Arkansas | Delaware | Georgia | Illinois | Indiana | Kansas | Kentucky | Louisiana | Maryland | Mississippi | Missouri | New Jersey | New York | North Carolina | Ohio | Oklahoma | Pennsylvania | South Carolina | Tennessee | Texas | Virginia | West Virginia,Herbaceous perennial,Full sun to part shade,Dry to medium,Low,5,8,July,September,CUOR,Lamiaceae,Herb,Perennial,Up to about 18 inches tall.,"White , Pink , Purple","Jun , Jul , Aug , Sep , Oct , Nov",,"Sun , Part Shade",,,,,,,TRUE,TRUE,FALSE,FALSE,FALSE,FALSE,FALSE,FALSE,FALSE,FALSE,FALSE,TRUE,TRUE,TRUE,TRUE,TRUE,TRUE,FALSE,,,FALSE,FALSE,FALSE,FALSE,FALSE,FALSE,FALSE,TRUE,FALSE,Common Dittany,https://inaturalist-open-data.s3.amazonaws.com/photos/95161327/medium.jpg
PLANT-00309,cuphea viscosissima,Cuphea viscosissima,"Blue Waxweed, Clammy Cuphea, Tarweed",Alabama | Arkansas | Connecticut | Delaware | Florida | Georgia | Illinois | Indiana | Iowa | Kansas | Kentucky | Louisiana | Maryland | Massachusetts | Mississippi | Missouri | Nebraska | New Hampshire | New Jersey | New York | North Carolina | Ohio | Oklahoma | Pennsylvania | South Carolina | Tennessee | Vermont | Virginia | West Virginia,Annual,Full sun,Medium,Low,6,9,July,October,CUVI,Lythraceae,Herb,Annual,To about 18 inches in height.,"Red , Purple","Jul , Aug , Sep , Oct",,,,,,,,,FALSE,FALSE,FALSE,FALSE,FALSE,FALSE,FALSE,FALSE,FALSE,FALSE,FALSE,FALSE,TRUE,TRUE,TRUE,TRUE,FALSE,FALSE,,,FALSE,FALSE,FALSE,FALSE,FALSE,FALSE,FALSE,TRUE,FALSE,"Blue Waxweed, Clammy Cuphea, Tarweed",https://static.inaturalist.org/photos/214355507/medium.jpg
PLANT-00310,cypripedium kentuckiense,Cypripedium kentuckiense,"Southern Lady's-slipper, Kentucky Lady's-slipper, Ivory Lady's-slipper, Purloined Slipper",Alabama | Arkansas | Georgia | Kentucky | Louisiana | Mississippi | Oklahoma | Tennessee | Texas | Virginia,Orchid,Part shade to full shade,Medium to wet,Medium,3,8,April,June,CYKE2,Orchidaceae,Herb,Perennial,Up to about 3 feet tall.,"White , Red , Yellow , Brown","Apr , May , Jun",,"Sun , Part Shade",Moist,,,,,,TRUE,TRUE,FALSE,FALSE,FALSE,FALSE,FALSE,FALSE,FALSE,TRUE,TRUE,TRUE,FALSE,FALSE,FALSE,FALSE,FALSE,FALSE,,,FALSE,FALSE,FALSE,FALSE,FALSE,FALSE,FALSE,TRUE,FALSE,"Southern Lady's-slipper, Kentucky Lady's-slipper, Ivory Lady's-slipper, Purloined Slipper",https://static.inaturalist.org/photos/858637/medium.jpg
PLANT-00311,cystopteris protrusa,Cystopteris protrusa,lowland fragile fern,Alabama | Arkansas | Connecticut | Delaware | Florida | Georgia | Illinois | Indiana | Iowa | Kansas | Kentucky | Louisiana | Maryland | Massachusetts | Michigan | Minnesota | Mississippi | Missouri | Nebraska | New Hampshire | New Jersey | New York | North Carolina | Ohio | Oklahoma | Pennsylvania | South Carolina | Tennessee | Virginia | West Virginia | Wisconsin,Fern,Part shade to full shade,Medium,Low,2,9,Non-flowering,Non-flowering,,,,,,,,,,,,,,,,,,,,,,,,,,,,,,,,,,,,FALSE,FALSE,FALSE,FALSE,FALSE,FALSE,FALSE,FALSE,FALSE,lowland fragile fern,https://static.inaturalist.org/photos/3231502/medium.jpg
PLANT-00312,dalea candida,Dalea candida,White Prairie Clover,Alabama | Arizona | Arkansas | Colorado | Georgia | Illinois | Indiana | Iowa | Kansas | Kentucky | Louisiana | Minnesota | Mississippi | Missouri | Montana | Nebraska | New Hampshire | New Mexico | North Dakota | Oklahoma | South Dakota | Tennessee | Texas | Utah | Wisconsin | Wyoming,Herbaceous perennial,Full sun,Medium,Low,3,8,May,July,DACA7,Fabaceae,Subshrub,Perennial,Up to about 2 feet tall.,White,"May , Jun , Jul , Aug , Sep",Medium,Sun,Dry,,,,,,TRUE,FALSE,FALSE,FALSE,TRUE,FALSE,FALSE,FALSE,FALSE,FALSE,TRUE,TRUE,TRUE,TRUE,TRUE,FALSE,FALSE,FALSE,,,FALSE,FALSE,FALSE,FALSE,FALSE,FALSE,FALSE,TRUE,FALSE,White Prairie Clover,https://inaturalist-open-data.s3.amazonaws.com/photos/240228970/medium.jpeg
PLANT-00313,dalea gattingeri,Dalea gattingeri,Gattinger's prairie clover,Alabama | Arkansas | Georgia | Missouri | Tennessee,Herbaceous perennial,Full sun,Dry to medium,Low,6,8,July,September,,,,,,,,,,,,,,,,,,,,,,,,,,,,,,,,,,,,FALSE,FALSE,FALSE,FALSE,FALSE,FALSE,FALSE,FALSE,FALSE,Gattinger's prairie clover,https://static.inaturalist.org/photos/870929/medium.jpg
PLANT-00314,dalea purpurea,Dalea purpurea,Purple Prairie Clover,Alabama | Arizona | Colorado | Georgia | Illinois | Indiana | Iowa | Kansas | Kentucky | Louisiana | Michigan | Minnesota | Mississippi | Missouri | Montana | Nebraska | New Mexico | New York | North Dakota | Ohio | Oklahoma | South Dakota | Tennessee | Texas | Wisconsin | Wyoming,Herbaceous perennial,Full sun,Medium,Low,3,8,June,August,DAPU5,Fabaceae,Subshrub,Perennial,,Purple,"Jun , Jul , Aug , Sep",Low,Sun,Dry,,,,,Division of this deep-rooted plant can be tricky so propogation by seed is recommended.,TRUE,FALSE,FALSE,TRUE,FALSE,FALSE,FALSE,FALSE,FALSE,FALSE,FALSE,TRUE,TRUE,TRUE,TRUE,FALSE,FALSE,FALSE,,,FALSE,FALSE,FALSE,FALSE,FALSE,FALSE,FALSE,TRUE,FALSE,Purple Prairie Clover,https://inaturalist-open-data.s3.amazonaws.com/photos/20428895/medium.jpeg
PLANT-00315,darmera peltata,Darmera peltata,"Indian Rhubarb, Indian-rhubarb, Umbrella Plant",California | Oregon | Utah,Herbaceous perennial,Part shade to full shade,Medium to wet,Low,5,7,April,April,DAPE,Saxifragaceae,Herb,Perennial,Up to about 5 feet tall.,"White , Pink","Apr , May , Jun , Jul",,Part Shade,Wet,,"Wet, rocky soils.",,yes,Pieces of,FALSE,TRUE,FALSE,FALSE,FALSE,FALSE,FALSE,FALSE,FALSE,TRUE,TRUE,TRUE,TRUE,FALSE,FALSE,FALSE,FALSE,FALSE,,,FALSE,FALSE,FALSE,FALSE,FALSE,FALSE,FALSE,TRUE,FALSE,"Indian Rhubarb, Indian-rhubarb, Umbrella Plant",https://inaturalist-open-data.s3.amazonaws.com/photos/323382416/medium.jpeg
PLANT-00316,datura inoxia,Datura inoxia,pricklyburr,Texas,Herbaceous perennial,Full sun,Medium,Low,9,10,July,To frost,,,,,,,,,,,,,,,,,,,,,,,,,,,,,,,,,,,,FALSE,FALSE,FALSE,FALSE,FALSE,FALSE,FALSE,FALSE,FALSE,pricklyburr,https://static.inaturalist.org/photos/76593768/medium.jpeg
PLANT-00317,decodon verticillatus,Decodon verticillatus,"Swamp Loosestrife, Swamp-loosestrife, Water Willow",Alabama | Arkansas | Connecticut | Delaware | Florida | Georgia | Illinois | Indiana | Iowa | Kentucky | Louisiana | Maine | Maryland | Massachusetts | Michigan | Minnesota | Mississippi | Missouri | New Hampshire | New Jersey | New York | North Carolina | Ohio | Pennsylvania | Rhode Island | South Carolina | Tennessee | Texas | Vermont | Virginia | West Virginia | Wisconsin,Herbaceous perennial,Full sun to part shade,Wet,Medium,3,9,July,August,DEVE,Lythraceae,Herb,Perennial,"Stems erect or arching, up to about 10 feet long.","Pink , Purple","Jul , Aug , Sep",High,Sun,"Moist , Wet",,Moist soils.,,yes,The self-rooting tips of branches can be removed and transplanted.,TRUE,FALSE,FALSE,FALSE,FALSE,TRUE,FALSE,FALSE,FALSE,FALSE,FALSE,FALSE,TRUE,TRUE,TRUE,FALSE,FALSE,FALSE,,,FALSE,FALSE,FALSE,FALSE,FALSE,FALSE,FALSE,TRUE,FALSE,"Swamp Loosestrife, Swamp-loosestrife, Water Willow",https://inaturalist-open-data.s3.amazonaws.com/photos/316881705/medium.jpeg
PLANT-00318,delphinium cardinale,Delphinium cardinale,Scarlet Larkspur,California,Herbaceous perennial,Full sun to part shade,Dry to medium,Low,7,10,May,July,DECA2,Ranunculaceae,Herb,Perennial,"Up to about 9 feet tall, often shorter.",Red,"Mar , Apr , May , Jun , Jul",,Part Shade,Dry,,"Dry, rocky soils.",,yes,Sow seed.,FALSE,TRUE,FALSE,FALSE,FALSE,FALSE,FALSE,FALSE,TRUE,TRUE,TRUE,TRUE,TRUE,FALSE,FALSE,FALSE,FALSE,FALSE,,,FALSE,FALSE,FALSE,FALSE,FALSE,FALSE,FALSE,TRUE,FALSE,Scarlet Larkspur,https://inaturalist-open-data.s3.amazonaws.com/photos/3241670/medium.jpg
PLANT-00319,delphinium carolinianum,Delphinium carolinianum,"Prairie Larkspur, Carolina Larkspur, Blue Larkspur",Alabama | Arkansas | Florida | Georgia | Illinois | Iowa | Kansas | Kentucky | Louisiana | Mississippi | Missouri | Oklahoma | South Carolina,Herbaceous perennial,Full sun to part shade,Medium,Medium,4,7,April,June,DECA3,Ranunculaceae,Herb,Perennial,"Up to about 5 feet tall, often shorter.","White , Blue , Violet","Mar , Apr , May , Jun , Jul",Low,Part Shade,Dry,,"Dry, sandy soils. Sandy, Sandy Loam, Medium Loam, Clay Loam, Clay, Acid-based, Calcareous",,yes,Propagate by seed sown in early fall or spring.,FALSE,TRUE,FALSE,TRUE,FALSE,FALSE,FALSE,FALSE,TRUE,TRUE,TRUE,TRUE,TRUE,FALSE,FALSE,FALSE,FALSE,FALSE,,,FALSE,FALSE,FALSE,FALSE,FALSE,FALSE,FALSE,TRUE,FALSE,"Prairie Larkspur, Carolina Larkspur, Blue Larkspur",https://inaturalist-open-data.s3.amazonaws.com/photos/4108711/medium.jpg
PLANT-00320,delphinium exaltatum,Delphinium exaltatum,Tall Larkspur,Alabama | Kentucky | Maine | Maryland | Missouri | North Carolina | Ohio | Pennsylvania | Tennessee | Virginia | West Virginia,Herbaceous perennial,Full sun,Medium,Medium,5,7,July,September,DEEX,Ranunculaceae,Herb,,Up to about 6 feet tall.,"White , Blue , Purple","Jun , Jul , Aug , Sep",,Part Shade,,Circumneutral (pH 6.8-7.2),"Rich, calcareous soils.",,yes,Propagation by seeds and division.,FALSE,TRUE,FALSE,FALSE,FALSE,FALSE,FALSE,FALSE,FALSE,FALSE,FALSE,TRUE,TRUE,TRUE,TRUE,FALSE,FALSE,FALSE,,,FALSE,FALSE,FALSE,FALSE,FALSE,FALSE,FALSE,TRUE,FALSE,Tall Larkspur,https://inaturalist-open-data.s3.amazonaws.com/photos/157538096/medium.jpg
PLANT-00321,delphinium treleasei,Delphinium treleasei,Trelease's larkspur,Arkansas | Missouri,Herbaceous perennial,Full sun,Medium,Low,5,7,May,June,,,,,,,,,,,,,,,,,,,,,,,,,,,,,,,,,,,,FALSE,FALSE,FALSE,FALSE,FALSE,FALSE,FALSE,FALSE,FALSE,Trelease's larkspur,https://inaturalist-open-data.s3.amazonaws.com/photos/134364093/medium.jpeg
PLANT-00322,delphinium tricorne,Delphinium tricorne,"Dwarf Larkspur, Spring Larkspur",Alabama | Arkansas | Georgia | Illinois | Indiana | Iowa | Kansas | Kentucky | Maryland | Minnesota | Mississippi | Missouri | Nebraska | North Carolina | Ohio | Oklahoma | Pennsylvania | South Carolina | Tennessee | Virginia | West Virginia,Herbaceous perennial,Full sun,Medium,Medium,4,7,April,May,DETR,Ranunculaceae,Herb,Perennial,Up to about 30 inches tall.,"White , Pink , Blue , Purple","Mar , Apr , May",,Part Shade,Moist,Circumneutral (pH 6.8-7.2),"Rich, moist soils.",,yes,Propagate by seed or division.,FALSE,TRUE,FALSE,FALSE,FALSE,FALSE,FALSE,FALSE,TRUE,TRUE,TRUE,FALSE,FALSE,FALSE,FALSE,FALSE,FALSE,FALSE,,,FALSE,FALSE,FALSE,FALSE,FALSE,FALSE,FALSE,TRUE,FALSE,"Dwarf Larkspur, Spring Larkspur",https://inaturalist-open-data.s3.amazonaws.com/photos/13316588/medium.jpg
PLANT-00323,dennstaedtia punctilobula,Dennstaedtia punctilobula,Eastern Hay-scented Fern,Alabama | Arkansas | Connecticut | Delaware | Georgia | Illinois | Indiana | Kentucky | Maine | Maryland | Massachusetts | Michigan | Missouri | New Hampshire | New Jersey | New York | North Carolina | Ohio | Pennsylvania | Rhode Island | South Carolina | Tennessee | Vermont | Virginia | West Virginia | Wisconsin,Fern,Part shade to full shade,Medium,Medium,3,8,Non-flowering,Non-flowering,DEPU2,Dennstaedtiaceae,Herb,Perennial,Up to about 4 feet tall.,Not Applicable,,,"Part Shade , Shade",Moist,Acidic (pH<6.8),"Moist, well-drained, somewhat sterile soil.",,yes,Propagate by spores or,FALSE,TRUE,TRUE,FALSE,FALSE,FALSE,FALSE,FALSE,FALSE,FALSE,FALSE,FALSE,FALSE,FALSE,FALSE,FALSE,FALSE,FALSE,,,FALSE,FALSE,FALSE,FALSE,FALSE,FALSE,FALSE,TRUE,FALSE,Eastern Hay-scented Fern,https://static.inaturalist.org/photos/424205704/medium.jpeg
PLANT-00324,deschampsia cespitosa,Deschampsia cespitosa,"Tufted Hairgrass, Tufted Hair Grass",Alaska | Arizona | California | Colorado | Connecticut | Idaho | Illinois | Indiana | Kentucky | Maine | Maryland | Michigan | Minnesota | Montana | Nevada | New Hampshire | New Jersey | New Mexico | New York | North Carolina | North Dakota | Ohio | Oregon | Pennsylvania | Rhode Island | South Dakota | Utah | Vermont | Virginia | Washington | West Virginia | Wisconsin | Wyoming,Ornamental grass,Part shade,Medium,Low,4,9,July,September,DECE,Poaceae,Grass/Grass-like,Perennial,Up to about 5 feet tall when flowering.,Yellow,Jun,Low,Part Shade,Wet,Alkaline (pH>7.2),Moist to wet (rarely on drier) soils.,"Dominant grass in mountain meadows, where it furnishes excellent forage.",yes,Propagate by seed or division.,FALSE,TRUE,FALSE,TRUE,FALSE,FALSE,FALSE,FALSE,FALSE,FALSE,FALSE,TRUE,FALSE,FALSE,FALSE,FALSE,FALSE,FALSE,,,FALSE,FALSE,FALSE,FALSE,FALSE,FALSE,FALSE,TRUE,FALSE,"Tufted Hairgrass, Tufted Hair Grass",https://inaturalist-open-data.s3.amazonaws.com/photos/108225556/medium.jpeg
PLANT-00325,deschampsia flexuosa,Deschampsia flexuosa,Wavy Hairgrass,Alabama | Arkansas | Connecticut | Delaware | Florida | Georgia | Illinois | Indiana | Kentucky | Louisiana | Maine | Maryland | Massachusetts | Michigan | Minnesota | Mississippi | Missouri | New Hampshire | New Jersey | New York | North Dakota | Ohio | Oklahoma | Pennsylvania | South Carolina | Tennessee | Texas | Vermont | Virginia | West Virginia | Wisconsin,Ornamental grass,Part shade,Medium,Low,4,7,July,September,DEFL,Poaceae,Grass/Grass-like,,Up to about 32 inches tall.,"White , Purple , Brown","Jun , Jul , Aug , Sep",Medium,Part Shade,,,,,,,FALSE,TRUE,FALSE,FALSE,TRUE,FALSE,FALSE,FALSE,FALSE,FALSE,FALSE,TRUE,TRUE,TRUE,TRUE,FALSE,FALSE,FALSE,,,FALSE,FALSE,FALSE,FALSE,FALSE,FALSE,FALSE,TRUE,FALSE,Wavy Hairgrass,https://inaturalist-open-data.s3.amazonaws.com/photos/150447888/medium.jpeg
PLANT-00326,desmanthus illinoensis,Desmanthus illinoensis,"Illinois Bundleflower, Bundleflower, Prairie Bundle Flower, Prickleweed, Illinois Desmanthus, Prairie Mimosa",Alabama | Arkansas | Colorado | Florida | Georgia | Illinois | Indiana | Iowa | Kansas | Kentucky | Louisiana | Maryland | Minnesota | Mississippi | Missouri | Nebraska | Nevada | New Jersey | New Mexico | North Carolina | North Dakota | Ohio | Oklahoma | Pennsylvania | South Carolina | South Dakota | Tennessee | Texas | Utah | Virginia,Herbaceous perennial,Full sun,Dry to medium,Low,5,8,June,June,DEIL,Fabaceae,Shrub,Perennial,Up to about 5 feet tall.,White,"May , Jun , Jul , Aug , Sep",Medium,Sun,Moist,,Various soils. Does not tolerate coarse sands or dense clays.,Seeds are desirable for wild birds. The plant is considered a nutritious and palatable browse for wildlife.,yes,"Sow scarified, inoculated seed.",TRUE,FALSE,FALSE,FALSE,TRUE,FALSE,FALSE,FALSE,FALSE,FALSE,TRUE,TRUE,TRUE,TRUE,TRUE,FALSE,FALSE,FALSE,,,FALSE,FALSE,FALSE,FALSE,FALSE,FALSE,FALSE,TRUE,FALSE,"Illinois Bundleflower, Bundleflower, Prairie Bundle Flower, Prickleweed, Illinois Desmanthus, Prairie Mimosa",https://inaturalist-open-data.s3.amazonaws.com/photos/141661970/medium.jpg
PLANT-00327,desmodium illinoense,Desmodium illinoense,"Illinois Ticktrefoil, Illinois Tick-trefoil",Illinois | Indiana | Iowa | Kansas | Michigan | Minnesota | Missouri | Nebraska | Oklahoma | South Dakota | Texas | Wisconsin,Herbaceous perennial,Full sun,Dry to medium,Low,4,8,June,August,DEIL2,Fabaceae,Herb,Perennial,"Up to about 6 feet tall, often shorter.","White , Pink , Purple","Jun , Jul , Aug , Sep",,"Sun , Part Shade",Moist,,"Rich, moist soils",,yes,Sow untreated or cold-moist stratified seed. All,TRUE,TRUE,FALSE,FALSE,FALSE,FALSE,FALSE,FALSE,FALSE,FALSE,FALSE,TRUE,TRUE,TRUE,TRUE,FALSE,FALSE,FALSE,,,FALSE,FALSE,FALSE,FALSE,FALSE,FALSE,FALSE,TRUE,FALSE,"Illinois Ticktrefoil, Illinois Tick-trefoil",https://inaturalist-open-data.s3.amazonaws.com/photos/4822620/medium.jpg
PLANT-00328,diarrhena americana,Diarrhena americana,American Beakgrain,Alabama | Arkansas | Georgia | Indiana | Kentucky | Maryland | Missouri | North Carolina | Ohio | Oklahoma | Pennsylvania | Tennessee | Virginia | West Virginia,Ornamental grass,Part shade to full shade,Medium,Low,4,8,June,July,DIAM,Poaceae,Grass/Grass-like,Perennial,Up to about 4 feet tall.,"Green , Brown","Jun , Jul",,,,,,,,,FALSE,FALSE,FALSE,FALSE,FALSE,FALSE,FALSE,FALSE,FALSE,FALSE,FALSE,TRUE,TRUE,FALSE,FALSE,FALSE,FALSE,FALSE,,,FALSE,FALSE,FALSE,FALSE,FALSE,FALSE,FALSE,TRUE,FALSE,American Beakgrain,https://inaturalist-open-data.s3.amazonaws.com/photos/1311866/medium.jpg
PLANT-00329,diarrhena obovata,Diarrhena obovata,"Hairy Beakgrain, Obovate Beakgrain",Arkansas | Illinois | Indiana | Iowa | Kansas | Kentucky | Maryland | Michigan | Minnesota | Missouri | Nebraska | New York | Ohio | Oklahoma | Pennsylvania | South Dakota | Tennessee | Texas | Virginia | West Virginia | Wisconsin,Ornamental grass,Part shade to full shade,Medium to wet,Low,4,8,June,October,DIOB3,Poaceae,Grass/Grass-like,,Up to about 4 feet tall.,"Green , Brown","Jul , Aug , Sep",,,,,,,,,FALSE,FALSE,FALSE,FALSE,FALSE,FALSE,FALSE,FALSE,FALSE,FALSE,FALSE,FALSE,TRUE,TRUE,TRUE,FALSE,FALSE,FALSE,,,FALSE,FALSE,FALSE,FALSE,FALSE,FALSE,FALSE,TRUE,FALSE,"Hairy Beakgrain, Obovate Beakgrain",https://inaturalist-open-data.s3.amazonaws.com/photos/1311866/medium.jpg
PLANT-00330,dicentra cucullaria,Dicentra cucullaria,Dutchman's Breeches,Alabama | Arkansas | Connecticut | Delaware | Georgia | Idaho | Illinois | Indiana | Iowa | Kansas | Kentucky | Maine | Maryland | Massachusetts | Michigan | Minnesota | Mississippi | Missouri | Nebraska | New Hampshire | New Jersey | New York | North Carolina | North Dakota | Ohio | Oklahoma | Oregon | Pennsylvania | Rhode Island | South Carolina | South Dakota | Tennessee | Vermont | Virginia | Washington | West Virginia | Wisconsin,Herbaceous perennial,Part shade to full shade,Medium,Medium,3,7,March,March,DICU,Fumariaceae,Herb,Perennial,Up to about 1 foot tall when flowering.,"White , Yellow","Mar , Apr , May",,"Sun , Part Shade , Shade",Moist,Circumneutral (pH 6.8-7.2),"Humus-rich, acid to neutral soils. Tolerates limestone",Bees,yes,"Propagate by division of crowns and tubers in fall or early spring, or by seed. Plant large tubers about 1 in. deep; smaller ones 1/2 in. deep. Seeds should be planted immediately or stored in damp sphagnum moss. Sow seeds and sphagnum in a thin layer",TRUE,TRUE,TRUE,FALSE,FALSE,FALSE,FALSE,FALSE,TRUE,TRUE,TRUE,FALSE,FALSE,FALSE,FALSE,FALSE,FALSE,FALSE,,,FALSE,FALSE,FALSE,FALSE,FALSE,FALSE,FALSE,TRUE,FALSE,Dutchman's Breeches,https://inaturalist-open-data.s3.amazonaws.com/photos/16316623/medium.jpeg
PLANT-00331,dicentra eximia,Dicentra eximia,"Turkey Corn, Fringed Bleedinghearts, Wild Bleedingheart",Georgia | Maryland | Massachusetts | Michigan | New Jersey | New York | North Carolina | Ohio | Pennsylvania | South Carolina | Tennessee | Virginia | West Virginia,Herbaceous perennial,Part shade,Medium,Low,3,9,April,July,DIEX,Fumariaceae,Herb,Perennial,Normally 9 to 12 inches but can reach 2 feet.,"White , Pink , Purple","Mar , Apr , May , Jun , Jul , Aug , Sep , Oct",Medium,"Part Shade , Shade",Moist,Acidic (pH<6.8),"Moist, humus-rich, acid, rocky soils.",,yes,"Propagate by seed sown immediately or in the spring after a cold-moist period. Self-sows readily, so look for transplants around the parent. Can also be increased rapidly by division in fall or early spring.",FALSE,TRUE,TRUE,FALSE,TRUE,FALSE,FALSE,FALSE,TRUE,TRUE,TRUE,TRUE,TRUE,TRUE,TRUE,TRUE,FALSE,FALSE,,,FALSE,FALSE,FALSE,FALSE,FALSE,FALSE,FALSE,TRUE,FALSE,"Turkey Corn, Fringed Bleedinghearts, Wild Bleedingheart",https://inaturalist-open-data.s3.amazonaws.com/photos/110884260/medium.jpeg
PLANT-00332,diervilla lonicera,Diervilla lonicera,"Northern Bush Honeysuckle, Northern Bush-honeysuckle, Diervilla",Alabama | Connecticut | Delaware | Georgia | Illinois | Indiana | Iowa | Maine | Maryland | Massachusetts | Michigan | Minnesota | New Hampshire | New Jersey | New York | North Carolina | North Dakota | Ohio | Pennsylvania | Rhode Island | Tennessee | Vermont | Virginia | West Virginia | Wisconsin,Deciduous shrub,Full sun to part shade,Dry to medium,Low,3,7,June,July,DILO,Caprifoliaceae,Shrub,Perennial,Up to about 3 feet tall.,"Red , Orange , Yellow , Purple","May , Jun , Jul , Aug",Low,"Part Shade , Shade",Dry,Acidic (pH<6.8),"Dry, rocky, slightly acid soils.",Low.,yes,Propagate by seed or cuttings. Both softwood and semi-hardwoods cuttings root readily.,FALSE,TRUE,TRUE,TRUE,FALSE,FALSE,FALSE,FALSE,FALSE,FALSE,TRUE,TRUE,TRUE,TRUE,FALSE,FALSE,FALSE,FALSE,,,FALSE,FALSE,FALSE,FALSE,FALSE,FALSE,FALSE,TRUE,FALSE,"Northern Bush Honeysuckle, Northern Bush-honeysuckle, Diervilla",https://inaturalist-open-data.s3.amazonaws.com/photos/21142762/medium.jpeg
PLANT-00333,diervilla rivularis,Diervilla rivularis,"Mountain Bush-honeysuckle, Hairy Bush-honeysuckle, Georgia Bush-honeysuckle, Riverbank Bush-honeysuckle",Alabama | Georgia | North Carolina | Tennessee,Deciduous shrub,Full sun to part shade,Medium,Low,5,7,July,August,DIRI,Caprifoliaceae,Shrub,Perennial,To about 6 feet in height; usually around 3 feet.,Yellow,"Jun , Jul , Aug",Medium,"Part Shade , Shade",Moist,,,,,,FALSE,TRUE,TRUE,FALSE,TRUE,FALSE,FALSE,FALSE,FALSE,FALSE,FALSE,TRUE,TRUE,TRUE,FALSE,FALSE,FALSE,FALSE,,,FALSE,FALSE,FALSE,FALSE,FALSE,FALSE,FALSE,TRUE,FALSE,"Mountain Bush-honeysuckle, Hairy Bush-honeysuckle, Georgia Bush-honeysuckle, Riverbank Bush-honeysuckle",https://static.inaturalist.org/photos/395713914/medium.jpeg
PLANT-00334,dionaea muscipula,Dionaea muscipula,"Venus Flytrap, Meadow Clam, Tippitywichit",North Carolina | South Carolina,Herbaceous perennial,Full sun to part shade,Wet,High,5,8,May,June,DIMU4,Droseraceae,Herb,Perennial,Flower,White,"May , Jun",,,,,,,,,FALSE,FALSE,FALSE,FALSE,FALSE,FALSE,FALSE,FALSE,FALSE,FALSE,TRUE,TRUE,FALSE,FALSE,FALSE,FALSE,FALSE,FALSE,,,FALSE,FALSE,FALSE,FALSE,FALSE,FALSE,FALSE,TRUE,FALSE,"Venus Flytrap, Meadow Clam, Tippitywichit",https://inaturalist-open-data.s3.amazonaws.com/photos/108567955/medium.jpg
PLANT-00335,diospyros virginiana,Diospyros virginiana,"Common Persimmon, Eastern Persimmon, Possumwood, Date Plum, Winter Plum, Jove's Fruit",Alabama | Arkansas | Connecticut | Florida | Georgia | Illinois | Indiana | Iowa | Kentucky | Louisiana | Mississippi | Missouri | New York | North Carolina | Ohio | Pennsylvania | South Carolina | Tennessee | Texas | Virginia | West Virginia,Tree,Full sun to part shade,Dry to medium,Low,4,9,May,June,DIVI5,Ebenaceae,Tree,Perennial,"Up to about 100 feet tall, usually much shorter.","Yellow , Green","Mar , Apr , May , Jun",Medium,Part Shade,Dry,,"Varibable, growing best in moist, rich soil. Sandy, Sandy Loam, Medium Loam, Clay Loam, Clay, Acid-based, Calcareous.",The,yes,Germinates easily from stratified seeds; seedling grow slowly. Bury root cuttings in moist sand over winter and lift when,FALSE,TRUE,FALSE,FALSE,TRUE,FALSE,FALSE,FALSE,TRUE,TRUE,TRUE,TRUE,FALSE,FALSE,FALSE,FALSE,FALSE,FALSE,,,FALSE,FALSE,FALSE,FALSE,FALSE,FALSE,FALSE,TRUE,FALSE,"Common Persimmon, Eastern Persimmon, Possumwood, Date Plum, Winter Plum, Jove's Fruit",https://static.inaturalist.org/photos/92868365/medium.jpeg
PLANT-00336,diplazium pycnocarpon,Diplazium pycnocarpon,Glade Fern,Alabama | Arkansas | Connecticut | Delaware | Florida | Georgia | Illinois | Indiana | Iowa | Kansas | Kentucky | Louisiana | Maryland | Michigan | Minnesota | Mississippi | Missouri | New Hampshire | New Jersey | New York | North Carolina | Ohio | Pennsylvania | South Carolina | Tennessee | Vermont | Virginia | West Virginia | Wisconsin,Fern,Part shade to full shade,Medium,Low,3,8,Non-flowering,Non-flowering,DIPY,Dryopteridaceae,Herb,Perennial,,Not Applicable,,,,,Alkaline (pH>7.2),,,,,FALSE,FALSE,FALSE,FALSE,FALSE,FALSE,FALSE,FALSE,FALSE,FALSE,FALSE,FALSE,FALSE,FALSE,FALSE,FALSE,FALSE,FALSE,,,FALSE,FALSE,FALSE,FALSE,FALSE,FALSE,FALSE,TRUE,FALSE,Glade Fern,https://static.inaturalist.org/photos/396340585/medium.jpg
PLANT-00337,dirca palustris,Dirca palustris,"Eastern Leatherwood, Western Leatherwood, Ropebark, Wicopy",Alabama | Arkansas | Connecticut | Delaware | Florida | Georgia | Illinois | Indiana | Iowa | Kansas | Kentucky | Louisiana | Maine | Maryland | Massachusetts | Michigan | Minnesota | Mississippi | Missouri | New Hampshire | New Jersey | New York | North Carolina | North Dakota | Ohio | Oklahoma | Pennsylvania | South Carolina | Tennessee | Vermont | Virginia | West Virginia | Wisconsin,Deciduous shrub,Part shade to full shade,Medium,Low,3,9,March,April,DIPA9,Thymelaeaceae,Shrub,Perennial,"Up to about 10 feet tall, often shorter.",Yellow,"Mar , Apr , May , Jun",,"Part Shade , Shade","Dry , Moist",Circumneutral (pH 6.8-7.2),"Moist, well-drained, organic soils.",Low.,yes,Seed can be sown outside as soon as it is ripe. The seeds need a cold period of about three months to germinate. Cuttings are difficult to root. Layering offers a method of vegetative reproduction.,FALSE,TRUE,TRUE,FALSE,FALSE,FALSE,FALSE,FALSE,TRUE,TRUE,TRUE,TRUE,FALSE,FALSE,FALSE,FALSE,FALSE,FALSE,,,FALSE,FALSE,FALSE,FALSE,FALSE,FALSE,FALSE,TRUE,FALSE,"Eastern Leatherwood, Western Leatherwood, Ropebark, Wicopy",https://inaturalist-open-data.s3.amazonaws.com/photos/1871216/medium.jpg
PLANT-00338,dodecatheon meadia,Dodecatheon meadia,"Eastern Shooting Star, Shooting Star, Pride Of Ohio, Roosterheads, Prairie Pointers",Alabama | Arkansas | Florida | Georgia | Illinois | Indiana | Iowa | Kansas | Kentucky | Louisiana | Maryland | Michigan | Minnesota | Mississippi | Missouri | New York | North Carolina | Ohio | Oklahoma | Pennsylvania | South Carolina | Tennessee | Texas | Virginia | West Virginia | Wisconsin,Herbaceous perennial,Part shade,Medium,Medium,4,8,April,May,DOME,Primulaceae,Herb,Perennial,Up to about 20 inches tall.,"White , Pink , Purple","Mar , Apr , May , Jun",Medium,Part Shade,Moist,Acidic (pH<6.8),"Mesic to dry, rocky or sandy soils.",,yes,"Best propagated by division. Dig mature crowns in the fall, when dormant, then divide and replant. Very fine seed germinates, but seedlings grow very slowly. Sow immediately or stratify over winter.",FALSE,TRUE,FALSE,FALSE,TRUE,FALSE,FALSE,FALSE,TRUE,TRUE,TRUE,TRUE,FALSE,FALSE,FALSE,FALSE,FALSE,FALSE,,,FALSE,FALSE,FALSE,FALSE,FALSE,FALSE,FALSE,TRUE,FALSE,"Eastern Shooting Star, Shooting Star, Pride Of Ohio, Roosterheads, Prairie Pointers",https://inaturalist-open-data.s3.amazonaws.com/photos/9627914/medium.jpg
PLANT-00339,dracopis amplexicaulis,Dracopis amplexicaulis,"Clasping Coneflower, Clasping-leaf Coneflower",Alabama | Arkansas | Florida | Georgia | Illinois | Kansas | Louisiana | Mississippi | Missouri | New Mexico | North Dakota | Oklahoma | South Carolina | Texas,Annual,Full sun,Dry to medium,Low,2,11,July,September,DRAM,Asteraceae,Herb,Annual,"Up to about 4 feet tall, often shorter.",Yellow,"Apr , May , Jun , Jul",High,Part Shade,Moist,,"Various soils. Sandy, Sandy Loam, Medium Loam, Clay Loam, Clay, Acid-based, Calcareous",Provides,yes,Propagate by seed.,FALSE,TRUE,FALSE,FALSE,FALSE,TRUE,FALSE,FALSE,FALSE,TRUE,TRUE,TRUE,TRUE,FALSE,FALSE,FALSE,FALSE,FALSE,,,FALSE,FALSE,FALSE,FALSE,FALSE,FALSE,FALSE,TRUE,FALSE,"Clasping Coneflower, Clasping-leaf Coneflower",https://inaturalist-open-data.s3.amazonaws.com/photos/422483/medium.jpg
PLANT-00340,drosera filiformis var. filiformis,Drosera filiformis var. filiformis,thread-leaf sundew,Florida | Maryland | Massachusetts | New Jersey | New York | North Carolina | Pennsylvania | West Virginia,Herbaceous perennial,Full sun,Wet,Low,7,8,June,August,,,,,,,,,,,,,,,,,,,,,,,,,,,,,,,,,,,,FALSE,FALSE,FALSE,FALSE,FALSE,FALSE,FALSE,FALSE,FALSE,thread-leaf sundew,
PLANT-00341,dryopteris australis,Dryopteris australis,woodfern,Alabama | Arkansas | Georgia | Louisiana | Maryland | Mississippi | North Carolina | South Carolina | Tennessee | Virginia,Fern,Part shade to full shade,Medium,Low,5,9,Non-flowering,Non-flowering,,,,,,,,,,,,,,,,,,,,,,,,,,,,,,,,,,,,FALSE,FALSE,FALSE,FALSE,FALSE,FALSE,FALSE,FALSE,FALSE,woodfern,
PLANT-00342,dryopteris carthusiana,Dryopteris carthusiana,"Spinulose Woodfern, Spinulose Wood Fern, Shield Fern, Toothed Wood Fern",Alabama | Arkansas | Connecticut | Delaware | Georgia | Idaho | Illinois | Indiana | Iowa | Kentucky | Maine | Maryland | Massachusetts | Michigan | Minnesota | Missouri | Montana | Nebraska | New Hampshire | New Jersey | New York | North Carolina | North Dakota | Ohio | Oregon | Pennsylvania | Rhode Island | South Carolina | South Dakota | Tennessee | Vermont | Virginia | Washington | West Virginia | Wisconsin | Wyoming,Fern,Part shade to full shade,Medium,Low,3,8,Non-flowering,Non-flowering,DRCA11,Dryopteridaceae,Herb,Perennial,Fronds up to about 30 inches long.,Not Applicable,,,"Part Shade , Shade",Moist,Acidic (pH<6.8),"Acidic, humus-rich, moist, well-drained soil.",,yes,"Propagation by division or spores. Sow spores on moist, sterile medium. Keep gametophytes in a sealed, humid container. After sporophytes develop, transplant to potting soil in a humid container until root system has developed.",FALSE,TRUE,TRUE,FALSE,FALSE,FALSE,FALSE,FALSE,FALSE,FALSE,FALSE,FALSE,FALSE,FALSE,FALSE,FALSE,FALSE,FALSE,,,FALSE,FALSE,FALSE,FALSE,FALSE,FALSE,FALSE,TRUE,FALSE,"Spinulose Woodfern, Spinulose Wood Fern, Shield Fern, Toothed Wood Fern",https://inaturalist-open-data.s3.amazonaws.com/photos/115922163/medium.jpeg
PLANT-00343,dryopteris celsa,Dryopteris celsa,Log Fern,Alabama | Arkansas | Delaware | Georgia | Illinois | Indiana | Kentucky | Louisiana | Maryland | Michigan | Missouri | New Jersey | New York | North Carolina | Pennsylvania | South Carolina | Tennessee | Virginia | West Virginia,Fern,Part shade to full shade,Medium,Low,5,9,Non-flowering,Non-flowering,DRCE,Dryopteridaceae,Fern,Perennial,,Not Applicable,,,,,,,,,,FALSE,FALSE,FALSE,FALSE,FALSE,FALSE,FALSE,FALSE,FALSE,FALSE,FALSE,FALSE,FALSE,FALSE,FALSE,FALSE,FALSE,FALSE,,,FALSE,FALSE,FALSE,FALSE,FALSE,FALSE,FALSE,TRUE,FALSE,Log Fern,https://inaturalist-open-data.s3.amazonaws.com/photos/55959418/medium.jpg
PLANT-00344,dryopteris clintoniana,Dryopteris clintoniana,Clinton's Woodfern,Connecticut | Delaware | Illinois | Indiana | Maine | Massachusetts | Michigan | New Hampshire | New Jersey | New York | Ohio | Pennsylvania | Rhode Island | Vermont | Wisconsin,Fern,Part shade to full shade,Medium to wet,Low,3,8,Non-flowering,Non-flowering,DRCL,Dryopteridaceae,Herb,,Fronds up to about 40 inches long.,Not Applicable,,,,Moist,Acidic (pH<6.8),"Organic, Humus Enriched",,,,FALSE,FALSE,FALSE,FALSE,FALSE,FALSE,FALSE,FALSE,FALSE,FALSE,FALSE,FALSE,FALSE,FALSE,FALSE,FALSE,FALSE,FALSE,,,FALSE,FALSE,FALSE,FALSE,FALSE,FALSE,FALSE,TRUE,FALSE,Clinton's Woodfern,https://inaturalist-open-data.s3.amazonaws.com/photos/45692959/medium.jpeg
PLANT-00345,dryopteris filix-mas,Dryopteris filix-mas,Male Fern,Arizona | California | Colorado | Idaho | Illinois | Maine | Michigan | Montana | Nevada | New Hampshire | New Mexico | New York | Ohio | Oklahoma | Oregon | Rhode Island | South Dakota | Texas | Utah | Vermont | Washington | Wisconsin | Wyoming,Fern,Part shade to full shade,Medium,Low,4,8,Non-flowering,Non-flowering,DRFI2,Dryopteridaceae,Herb,Perennial,Fronds up to about 4 feet long.,Not Applicable,,,Part Shade,Moist,,"Moist, rocky soils.",,yes,Divide or propagate by spores.,FALSE,TRUE,FALSE,FALSE,FALSE,FALSE,FALSE,FALSE,FALSE,FALSE,FALSE,FALSE,FALSE,FALSE,FALSE,FALSE,FALSE,FALSE,,,FALSE,FALSE,FALSE,FALSE,FALSE,FALSE,FALSE,TRUE,FALSE,Male Fern,https://inaturalist-open-data.s3.amazonaws.com/photos/114518292/medium.jpg
PLANT-00346,dryopteris goldiana,Dryopteris goldiana,goldie's shield fern,Alabama | Arkansas | Connecticut | Delaware | Georgia | Illinois | Indiana | Iowa | Kentucky | Maine | Maryland | Michigan | Minnesota | Missouri | New Hampshire | New Jersey | New York | North Carolina | Ohio | Pennsylvania | Rhode Island | South Carolina | Tennessee | Vermont | Virginia | West Virginia | Wisconsin,Fern,Part shade to full shade,Medium,Low,3,7,Non-flowering,Non-flowering,,,,,,,,,,,,,,,,,,,,,,,,,,,,,,,,,,,,FALSE,FALSE,FALSE,FALSE,FALSE,FALSE,FALSE,FALSE,FALSE,goldie's shield fern,https://static.inaturalist.org/photos/133253331/medium.jpg
PLANT-00347,dryopteris intermedia,Dryopteris intermedia,"Intermediate Woodfern, Evergreen Wood-fern, Fancy Wood Fern",Alabama | Connecticut | Delaware | Georgia | Illinois | Indiana | Iowa | Kentucky | Maine | Maryland | Massachusetts | Michigan | Minnesota | Missouri | New Hampshire | New Jersey | New York | North Carolina | Ohio | Pennsylvania | Rhode Island | South Carolina | Tennessee | Vermont | Virginia | West Virginia | Wisconsin,Fern,Part shade to full shade,Medium,Low,5,8,Non-flowering,Non-flowering,DRIN5,Dryopteridaceae,Herb,Perennial,,Not Applicable,,,Shade,Moist,,"Organic, Humus Enriched",,,,FALSE,FALSE,TRUE,FALSE,FALSE,FALSE,FALSE,FALSE,FALSE,FALSE,FALSE,FALSE,FALSE,FALSE,FALSE,FALSE,FALSE,FALSE,,,FALSE,FALSE,FALSE,FALSE,FALSE,FALSE,FALSE,TRUE,FALSE,"Intermediate Woodfern, Evergreen Wood-fern, Fancy Wood Fern",https://inaturalist-open-data.s3.amazonaws.com/photos/351763345/medium.jpeg
PLANT-00348,dryopteris marginalis,Dryopteris marginalis,"Marginal Woodfern, Marginal Fern, Marginal Shieldfern",Alabama | Arkansas | Connecticut | Delaware | Georgia | Illinois | Indiana | Iowa | Kansas | Kentucky | Maine | Maryland | Massachusetts | Michigan | Minnesota | Mississippi | Missouri | New Hampshire | New Jersey | New York | North Carolina | Ohio | Oklahoma | Pennsylvania | Rhode Island | South Carolina | Tennessee | Vermont | Virginia | West Virginia | Wisconsin,Fern,Part shade to full shade,Medium,Low,3,8,Non-flowering,Non-flowering,DRMA4,Dryopteridaceae,Fern,Perennial,"Normally about 20 inches tall, but can reach 3 feet",Not Applicable,,"Medium , High","Part Shade , Shade",Moist,Acidic (pH<6.8),"Moist, rocky, acidic, humus-rich soil. Tolerates lime.",Provides cover for toads and lizards,yes,Propagate by root crown division and from spores.,FALSE,TRUE,TRUE,FALSE,TRUE,TRUE,FALSE,FALSE,FALSE,FALSE,FALSE,FALSE,FALSE,FALSE,FALSE,FALSE,FALSE,FALSE,,,FALSE,FALSE,FALSE,FALSE,FALSE,FALSE,FALSE,TRUE,FALSE,"Marginal Woodfern, Marginal Fern, Marginal Shieldfern",https://inaturalist-open-data.s3.amazonaws.com/photos/177337555/medium.jpg
PLANT-00349,dryopteris wallichiana,Dryopteris wallichiana,wood fern,Hawaii,Fern,Part shade to full shade,Medium,Low,6,9,Non-flowering,Non-flowering,,,,,,,,,,,,,,,,,,,,,,,,,,,,,,,,,,,,FALSE,FALSE,FALSE,FALSE,FALSE,FALSE,FALSE,FALSE,FALSE,wood fern,https://inaturalist-open-data.s3.amazonaws.com/photos/402830/medium.jpg
PLANT-00350,duranta erecta,Duranta erecta,golden dewdrops,Arizona | California | Florida | Louisiana | Texas,Broadleaf evergreen,Full sun,Medium,Medium,10,11,Seasonal bloomer,Seasonal bloomer,,,,,,,,,,,,,,,,,,,,,,,,,,,,,,,,,,,,FALSE,FALSE,FALSE,FALSE,FALSE,FALSE,FALSE,FALSE,FALSE,golden dewdrops,https://inaturalist-open-data.s3.amazonaws.com/photos/16323821/medium.jpeg
PLANT-00351,echinacea angustifolia,Echinacea angustifolia,"Black Samson, Black Samson Echinacea, Narrow-leaf Coneflower",Colorado | Iowa | Kansas | Louisiana | Minnesota | Missouri | Montana | Nebraska | New Mexico | North Dakota | Oklahoma | South Dakota | Texas | Wyoming,Herbaceous perennial,Full sun,Dry to medium,Low,3,8,June,July,ECAN2,Asteraceae,Herb,Perennial,"Up to about 28 inches tall, often shorter.","Pink , Purple","May , Jun , Jul",Low,"Sun , Part Shade",Dry,Circumneutral (pH 6.8-7.2),"Clay Loam, Medium Loam, Sandy Loam, Clay, Sandy.",,yes,,TRUE,TRUE,FALSE,TRUE,FALSE,FALSE,FALSE,FALSE,FALSE,FALSE,TRUE,TRUE,TRUE,FALSE,FALSE,FALSE,FALSE,FALSE,,,FALSE,FALSE,FALSE,FALSE,FALSE,FALSE,FALSE,TRUE,FALSE,"Black Samson, Black Samson Echinacea, Narrow-leaf Coneflower",https://inaturalist-open-data.s3.amazonaws.com/photos/74004686/medium.jpg
PLANT-00352,echinacea pallida,Echinacea pallida,"Pale Purple Coneflower, Pale Coneflower",Alabama | Arkansas | Connecticut | Georgia | Illinois | Indiana | Iowa | Kansas | Louisiana | Maine | Maryland | Massachusetts | Michigan | Missouri | Nebraska | New York | North Carolina | Oklahoma | South Carolina | Tennessee | Texas | Virginia | Wisconsin,Herbaceous perennial,Full sun to part shade,Dry to medium,Low,3,10,June,July,ECPA,Asteraceae,Herb,Perennial,"Up to about 4-1/2 feet tall, often shorter.","Pink , Purple","May , Jun , Jul",Medium,Sun,"Dry , Moist","Alkaline (pH>7.2) , Acidic (pH<6.8) , Circumneutral (pH 6.8-7.2)","Moist to dry, acid or lime soils, preferably rich",Attracts bees.,yes,Easily transplanted by seed. Division seems to stimulate the development of too many stems and few flowers.,TRUE,FALSE,FALSE,FALSE,TRUE,FALSE,FALSE,FALSE,FALSE,FALSE,TRUE,TRUE,TRUE,FALSE,FALSE,FALSE,FALSE,FALSE,,,FALSE,FALSE,FALSE,FALSE,FALSE,FALSE,FALSE,TRUE,FALSE,"Pale Purple Coneflower, Pale Coneflower",https://inaturalist-open-data.s3.amazonaws.com/photos/27278434/medium.jpeg
PLANT-00353,echinacea paradoxa,Echinacea paradoxa,"Yellow Coneflower, Yellow Echinacea",Arkansas | Missouri | Oklahoma | Texas,Herbaceous perennial,Full sun,Dry to medium,Low,5,8,June,August,ECPA2,Asteraceae,Herb,Perennial,Up to about 3 feet tall.,"White , Pink , Yellow","May , Jun",,Part Shade,,,"Average, slightly basic soils.",,yes,,FALSE,TRUE,FALSE,FALSE,FALSE,FALSE,FALSE,FALSE,FALSE,FALSE,TRUE,TRUE,FALSE,FALSE,FALSE,FALSE,FALSE,FALSE,,,FALSE,FALSE,FALSE,FALSE,FALSE,FALSE,FALSE,TRUE,FALSE,"Yellow Coneflower, Yellow Echinacea",https://inaturalist-open-data.s3.amazonaws.com/photos/411545534/medium.jpeg
PLANT-00354,echinacea purpurea,Echinacea purpurea,"Eastern Purple Coneflower, Purple Coneflower",Alabama | Arkansas | Colorado | Connecticut | Delaware | Florida | Georgia | Illinois | Indiana | Iowa | Kansas | Kentucky | Louisiana | Maryland | Michigan | Mississippi | Missouri | New Jersey | New York | North Carolina | Ohio | Oklahoma | Pennsylvania | South Carolina | Tennessee | Texas | Virginia | West Virginia | Wisconsin,Herbaceous perennial,Full sun to part shade,Dry to medium,Low,3,8,June,August,ECPU,Asteraceae,Herb,Perennial,Up to about 4 feet tall.,"Pink , Purple","Apr , May , Jun , Jul , Aug , Sep",Medium,"Sun , Part Shade",Dry,,"Well-drained, sandy or richer soils.",Echinacea spp. attract butterflies and hummingbirds.,yes,"Seeds may be sown outside in late fall or stored, stratified and sown in the spring. Plants can be multiplied by making root divisions in early spring however division seems to stimulate the development of too many stems and too few flowers.",TRUE,TRUE,FALSE,FALSE,TRUE,FALSE,FALSE,FALSE,FALSE,TRUE,TRUE,TRUE,TRUE,TRUE,TRUE,FALSE,FALSE,FALSE,,,FALSE,FALSE,FALSE,FALSE,FALSE,FALSE,FALSE,TRUE,FALSE,"Eastern Purple Coneflower, Purple Coneflower",https://inaturalist-open-data.s3.amazonaws.com/photos/433818/medium.jpg
PLANT-00355,echinacea simulata,Echinacea simulata,Wavyleaf Purple Coneflower,Alabama | Arkansas | Georgia | Illinois | Indiana | Kentucky | Missouri | North Carolina | Tennessee | Virginia,Herbaceous perennial,Full sun to part shade,Medium,Low,5,8,June,July,ECSI,Asteraceae,Herb,Perennial,Up to about 3 feet tall.,"Pink , Purple","May , Jun , Jul , Aug",,,,,,,,,FALSE,FALSE,FALSE,FALSE,FALSE,FALSE,FALSE,FALSE,FALSE,FALSE,TRUE,TRUE,TRUE,TRUE,FALSE,FALSE,FALSE,FALSE,,,FALSE,FALSE,FALSE,FALSE,FALSE,FALSE,FALSE,TRUE,FALSE,Wavyleaf Purple Coneflower,https://inaturalist-open-data.s3.amazonaws.com/photos/40067923/medium.jpg
PLANT-00356,echinacea tennesseensis,Echinacea tennesseensis,Tennessee Purple Coneflower,Tennessee,Herbaceous perennial,Full sun to part shade,Medium,Low,5,6,June,August,ECTE3,Asteraceae,Herb,Perennial,"1.5 to 2 feet tall, spreading 1 to 1.5 feet.","Pink , Purple","Jun , Jul , Aug",Medium,"Sun , Part Shade",,,,,,,TRUE,TRUE,FALSE,FALSE,TRUE,FALSE,FALSE,FALSE,FALSE,FALSE,FALSE,TRUE,TRUE,TRUE,FALSE,FALSE,FALSE,FALSE,,,FALSE,FALSE,FALSE,FALSE,FALSE,FALSE,FALSE,TRUE,FALSE,Tennessee Purple Coneflower,https://static.inaturalist.org/photos/61026767/medium.jpeg
PLANT-00357,eichhornia crassipes,Eichhornia crassipes,common water hyacinth,Hawaii,Herbaceous perennial,Full sun,Wet,High,9,11,June,September,,,,,,,,,,,,,,,,,,,,,,,,,,,,,,,,,,,,FALSE,FALSE,FALSE,FALSE,FALSE,FALSE,FALSE,FALSE,FALSE,common water hyacinth,https://inaturalist-open-data.s3.amazonaws.com/photos/28107964/medium.jpeg
PLANT-00358,eleocharis palustris,Eleocharis palustris,"Common Spikerush, Common Spike-rush, Creeping Spikesedge",Alabama | Alaska | Arizona | Arkansas | California | Colorado | Connecticut | Delaware | Idaho | Illinois | Indiana | Iowa | Missouri,Rush or Sedge,Full sun to part shade,Wet,Low,3,8,June,September,ELPA3,Cyperaceae,Grass/Grass-like,Perennial,Up to about 40 inches tall.,"Green , Brown","Jun , Jul , Aug",High,Part Shade,Wet,,"Moist to wet, often alkaline, soils.",,yes,,FALSE,TRUE,FALSE,FALSE,FALSE,TRUE,FALSE,FALSE,FALSE,FALSE,FALSE,TRUE,TRUE,TRUE,FALSE,FALSE,FALSE,FALSE,,,FALSE,FALSE,FALSE,FALSE,FALSE,FALSE,FALSE,TRUE,FALSE,"Common Spikerush, Common Spike-rush, Creeping Spikesedge",https://inaturalist-open-data.s3.amazonaws.com/photos/137519294/medium.jpeg
PLANT-00359,elephantopus carolinianus,Elephantopus carolinianus,Carolina Elephantsfoot,Alabama | Arkansas | Delaware | Florida | Georgia | Illinois | Indiana | Kansas | Kentucky | Louisiana | Maryland | Mississippi | Missouri | New Jersey | North Carolina | Ohio | Oklahoma | Pennsylvania | South Carolina | Tennessee | Texas | Virginia | West Virginia,Herbaceous perennial,Part shade,Dry to medium,Low,4,9,August,September,ELCA3,Asteraceae,Herb,Perennial,Stems up to about 4 feet long.,"White , Pink , Purple","Aug , Sep , Oct",,,,,,,,,FALSE,FALSE,FALSE,FALSE,FALSE,FALSE,FALSE,FALSE,FALSE,FALSE,FALSE,FALSE,FALSE,TRUE,TRUE,TRUE,FALSE,FALSE,,,FALSE,FALSE,FALSE,FALSE,FALSE,FALSE,FALSE,TRUE,FALSE,Carolina Elephantsfoot,https://inaturalist-open-data.s3.amazonaws.com/photos/354378475/medium.jpeg
PLANT-00360,elodea canadensis,Elodea canadensis,Canadian Waterweed,Alabama | Arkansas | California | Colorado | Connecticut | Delaware | Florida | Idaho | Illinois | Indiana | Iowa | Kansas | Kentucky | Maine | Maryland | Massachusetts | Michigan | Minnesota | Missouri | Montana | Nebraska | Nevada | New Hampshire | New Jersey | New Mexico | New York | North Carolina | North Dakota | Ohio | Oregon | Pennsylvania | Rhode Island | South Dakota | Tennessee | Utah | Vermont | Virginia | Washington | West Virginia | Wisconsin | Wyoming,Herbaceous perennial,Full sun,Wet,Medium,4,10,July,September,ELCA7,Hydrocharitaceae,Herb,,Submersed stems up to about 30 inches long.,White,"Jun , Jul , Aug",High,Sun,,,,,,,TRUE,FALSE,FALSE,FALSE,FALSE,TRUE,FALSE,FALSE,FALSE,FALSE,FALSE,TRUE,TRUE,TRUE,FALSE,FALSE,FALSE,FALSE,,,FALSE,FALSE,FALSE,FALSE,FALSE,FALSE,FALSE,TRUE,FALSE,Canadian Waterweed,https://inaturalist-open-data.s3.amazonaws.com/photos/144898011/medium.jpg
PLANT-00361,elymus canadensis,Elymus canadensis,"Canada Wild Rye, Canadian Wildrye, Prairie Wildrye, Nodding Wildrye",Alabama | Alaska | Arizona | Arkansas | California | Colorado | Connecticut | Delaware | Georgia | Idaho | Illinois | Indiana | Iowa | Kansas | Kentucky | Maine | Maryland | Massachusetts | Michigan | Minnesota | Missouri | Montana | Nebraska | Nevada | New Hampshire | New Jersey | New Mexico | New York | North Carolina | North Dakota | Ohio | Oklahoma | Oregon | Pennsylvania | Rhode Island | South Carolina | South Dakota | Tennessee | Texas | Utah | Vermont | Virginia | Washington | West Virginia | Wisconsin | Wyoming,Ornamental grass,Full sun,Dry to medium,Low,3,8,July,September,ELCA4,Poaceae,Grass/Grass-like,Perennial,2 to 6 feet tall,"Yellow , Green , Brown","Mar , Apr , May , Jun",Medium,"Sun , Part Shade",Moist,,"Moist, well-drained, porous, acid or calcareous sand, loam, clay, or limestone","Nesting material, Seeds-granivorous birds, Seeds-Small mammals. Fair forage.",yes,Plant or divide in autumn. Sow seed on top of soil as seed needs light to germinate.,TRUE,TRUE,FALSE,FALSE,TRUE,FALSE,FALSE,FALSE,TRUE,TRUE,TRUE,TRUE,FALSE,FALSE,FALSE,FALSE,FALSE,FALSE,,,FALSE,FALSE,FALSE,FALSE,FALSE,FALSE,FALSE,TRUE,FALSE,"Canada Wild Rye, Canadian Wildrye, Prairie Wildrye, Nodding Wildrye",https://inaturalist-open-data.s3.amazonaws.com/photos/218287456/medium.jpeg
PLANT-00362,elymus hystrix,Elymus hystrix,"Eastern Bottlebrush Grass, Bottlebrush Grass",Alabama | Connecticut | Illinois | Indiana | Iowa | Kansas | Kentucky | Maine | Maryland | Massachusetts | Michigan | Minnesota | Missouri | Nebraska | New Hampshire | New Jersey | New York | North Carolina | North Dakota | Ohio | Pennsylvania | Rhode Island | South Dakota | Tennessee | Vermont | West Virginia | Wisconsin,Ornamental grass,Full sun to part shade,Dry to medium,Low,5,9,September,October,ELHY,Poaceae,Grass/Grass-like,Perennial,Up to about 5 feet tall.,Green,"Jun , Jul , Aug",,"Sun , Part Shade","Dry , Moist",,Loam,,,,TRUE,TRUE,FALSE,FALSE,FALSE,FALSE,FALSE,FALSE,FALSE,FALSE,FALSE,TRUE,TRUE,TRUE,FALSE,FALSE,FALSE,FALSE,,,FALSE,FALSE,FALSE,FALSE,FALSE,FALSE,FALSE,TRUE,FALSE,"Eastern Bottlebrush Grass, Bottlebrush Grass",https://inaturalist-open-data.s3.amazonaws.com/photos/324024420/medium.jpg
PLANT-00363,elymus virginicus,Elymus virginicus,"Virginia Wild Rye, Virginia Wildrye",Alabama | Arizona | Arkansas | Connecticut | Delaware | Florida | Georgia | Illinois | Indiana | Iowa | Kansas | Kentucky | Louisiana | Maine | Maryland | Massachusetts | Michigan | Minnesota | Mississippi | Missouri | Nebraska | New Hampshire | New Jersey | New Mexico | New York | North Carolina | North Dakota | Ohio | Oklahoma | Pennsylvania | Rhode Island | South Carolina | South Dakota | Tennessee | Texas | Vermont | Virginia | West Virginia | Wisconsin | Wyoming,Ornamental grass,Full sun to part shade,Medium,Low,3,8,June,October,ELVI3,Poaceae,Grass/Grass-like,,Up to about 4 feet tall.,Yellow,"Mar , Apr , May",Medium,Part Shade,Moist,,"Organic, Clay, Loam, Sandy","Fair grazing, seed and forage for birds and small mammals, used for denning and nesting material.",,,FALSE,TRUE,FALSE,FALSE,TRUE,FALSE,FALSE,FALSE,TRUE,TRUE,TRUE,FALSE,FALSE,FALSE,FALSE,FALSE,FALSE,FALSE,,,FALSE,FALSE,FALSE,FALSE,FALSE,FALSE,FALSE,TRUE,FALSE,"Virginia Wild Rye, Virginia Wildrye",https://inaturalist-open-data.s3.amazonaws.com/photos/5656445/medium.jpg
PLANT-00364,enemion biternatum,Enemion biternatum,"Eastern False Rue Anemone, Isopyrum",Alabama | Arkansas | Florida | Illinois | Indiana | Iowa | Kansas | Kentucky | Michigan | Minnesota | Mississippi | Missouri | New York | North Carolina | Ohio | Oklahoma | South Carolina | South Dakota | Tennessee | Texas | Virginia | West Virginia | Wisconsin,Herbaceous perennial,Part shade,Medium,Low,3,8,March,April,ENBI,Ranunculaceae,Herb,Perennial,"Usually 5 to 6 inches high, but can reach 16 inches.","White , Pink","Jan , Feb , Mar , Apr , May",Medium,"Part Shade , Shade","Moist , Wet",Acidic (pH<6.8),"Rich, moist to mesic, acid soils. Tolerates lime.",Flowers attract bees.,yes,,FALSE,TRUE,TRUE,FALSE,TRUE,FALSE,TRUE,TRUE,TRUE,TRUE,TRUE,FALSE,FALSE,FALSE,FALSE,FALSE,FALSE,FALSE,,,FALSE,FALSE,FALSE,FALSE,FALSE,FALSE,FALSE,TRUE,FALSE,"Eastern False Rue Anemone, Isopyrum",https://static.inaturalist.org/photos/173109251/medium.jpg
PLANT-00365,epimedium pubigerum,Epimedium pubigerum,bishop's hat,Georgia,Herbaceous perennial,Part shade to full shade,Dry to medium,Low,5,9,April,June,,,,,,,,,,,,,,,,,,,,,,,,,,,,,,,,,,,,FALSE,FALSE,FALSE,FALSE,FALSE,FALSE,FALSE,FALSE,FALSE,bishop's hat,https://inaturalist-open-data.s3.amazonaws.com/photos/500874997/medium.jpeg
PLANT-00366,equisetum hyemale,Equisetum hyemale,"Scouring-rush Horsetail, Horsetail, Scouring Rush, Canuela",Missouri,Rush or Sedge,Full sun to part shade,Medium to wet,Medium,4,9,Non-flowering,Non-flowering,EQHY,Equisetaceae,Herb,Perennial,Up to about 6 feet tall.,Not Applicable,,Medium,"Sun , Part Shade , Shade","Moist , Wet",,"Occurs in wet places, including pond margins, swamps, floodplains and ditches.",,yes,,TRUE,TRUE,TRUE,FALSE,TRUE,FALSE,FALSE,FALSE,FALSE,FALSE,FALSE,FALSE,FALSE,FALSE,FALSE,FALSE,FALSE,FALSE,,,FALSE,FALSE,FALSE,FALSE,FALSE,FALSE,FALSE,TRUE,FALSE,"Scouring-rush Horsetail, Horsetail, Scouring Rush, Canuela",https://inaturalist-open-data.s3.amazonaws.com/photos/64511605/medium.jpeg
PLANT-00367,eragrostis spectabilis,Eragrostis spectabilis,"Purple Lovegrass, Purple Love Grass, Purple Plains Lovegrass, Tumblegrass, Petticoat Climber",Alabama | Arizona | Arkansas | Colorado | Connecticut | Florida | Georgia | Illinois | Indiana | Iowa | Kansas | Kentucky | Louisiana | Maine | Maryland | Massachusetts | Michigan | Minnesota | Mississippi | Missouri | Nebraska | New Hampshire | New Jersey | New Mexico | New York | North Carolina | North Dakota | Ohio | Oklahoma | Pennsylvania | Rhode Island | South Carolina | South Dakota | Tennessee | Texas | Vermont | Virginia | West Virginia | Wisconsin | Wyoming,Ornamental grass,Full sun,Dry to medium,Low,5,9,July,August,ERSP,Poaceae,Grass/Grass-like,Perennial,8-18 inches tall.,"Red , Purple","Aug , Sep , Oct",Low,Sun,Moist,,"Sandy soils. Well drained open fields. Grows best on moist, sandy soil in full sun.",,yes,Propagate by seed or division of clump.,TRUE,FALSE,FALSE,TRUE,FALSE,FALSE,FALSE,FALSE,FALSE,FALSE,FALSE,FALSE,FALSE,TRUE,TRUE,TRUE,FALSE,FALSE,,,FALSE,FALSE,FALSE,FALSE,FALSE,FALSE,FALSE,TRUE,FALSE,"Purple Lovegrass, Purple Love Grass, Purple Plains Lovegrass, Tumblegrass, Petticoat Climber",https://inaturalist-open-data.s3.amazonaws.com/photos/219308535/medium.jpeg
PLANT-00368,eragrostis trichodes,Eragrostis trichodes,"Sand Lovegrass, Sand Love Grass",Alabama | Arkansas | Colorado | Illinois | Indiana | Iowa | Kansas | Louisiana | Michigan | Minnesota | Mississippi | Missouri | Nebraska | New Mexico | New York | Ohio | Oklahoma | South Dakota | Tennessee | Texas | Virginia | Wisconsin | Wyoming,Ornamental grass,Full sun,Dry to medium,Medium,5,9,July,August,ERTR3,Poaceae,Grass/Grass-like,,Up to about 5 feet tall.,"Green , Purple","Aug , Sep , Oct , Nov",Medium,Part Shade,,,"Deep, sandy soils.",,,,FALSE,TRUE,FALSE,FALSE,TRUE,FALSE,FALSE,FALSE,FALSE,FALSE,FALSE,FALSE,FALSE,TRUE,TRUE,TRUE,TRUE,FALSE,,,FALSE,FALSE,FALSE,FALSE,FALSE,FALSE,FALSE,TRUE,FALSE,"Sand Lovegrass, Sand Love Grass",https://inaturalist-open-data.s3.amazonaws.com/photos/4930338/medium.jpg
PLANT-00369,erianthus alopecuroides,Erianthus alopecuroides,silver plume grass,Alabama | Arkansas | Florida | Georgia | Illinois | Indiana | Kentucky | Louisiana | Maryland | Mississippi | Missouri | New Jersey | North Carolina | Ohio | Oklahoma | South Carolina | Tennessee | Texas | Virginia | West Virginia,Ornamental grass,Full sun to part shade,Dry to medium,Medium,6,10,August,September,,,,,,,,,,,,,,,,,,,,,,,,,,,,,,,,,,,,FALSE,FALSE,FALSE,FALSE,FALSE,FALSE,FALSE,FALSE,FALSE,silver plume grass,https://inaturalist-open-data.s3.amazonaws.com/photos/10027746/medium.jpeg
PLANT-00370,ericameria nauseosa,Ericameria nauseosa,"Rubber Rabbitbrush, Gray Rabbitbrush",Colorado | Idaho | Montana | Nebraska | North Dakota | South Dakota | Wyoming,Deciduous shrub,Full sun,Dry to medium,Medium,4,9,July,October,ERNA10,Asteraceae,Shrub,Perennial,"Up to about 8 feet tall, often much shorter.",Yellow,"Aug , Sep , Oct , Nov",,,Dry,,,,,,FALSE,FALSE,FALSE,FALSE,FALSE,FALSE,FALSE,FALSE,FALSE,FALSE,FALSE,FALSE,FALSE,TRUE,TRUE,TRUE,TRUE,FALSE,,,FALSE,FALSE,FALSE,FALSE,FALSE,FALSE,FALSE,TRUE,FALSE,"Rubber Rabbitbrush, Gray Rabbitbrush",https://inaturalist-open-data.s3.amazonaws.com/photos/317214763/medium.jpeg
PLANT-00371,erigeron philadelphicus,Erigeron philadelphicus,"Philadelphia Fleabane, Fleabane Daisy",Alabama | Arkansas | California | Colorado | Connecticut | Delaware | Florida | Georgia | Idaho | Illinois | Indiana | Iowa | Kansas | Kentucky | Louisiana | Maine | Maryland | Massachusetts | Michigan | Minnesota | Mississippi | Missouri | Montana | Nebraska | Nevada | New Hampshire | New Jersey | New Mexico | New York | North Carolina | North Dakota | Ohio | Oklahoma | Oregon | Pennsylvania | Rhode Island | South Carolina | South Dakota | Tennessee | Texas | Vermont | Virginia | Washington | West Virginia | Wisconsin | Wyoming,Herbaceous perennial,Full sun,Dry to medium,Low,2,7,April,June,ERPH,Asteraceae,Herb,Biennial,"Up to about 32 inches tall, often much shorter.","White , Pink , Yellow , Purple","Mar , Apr , May , Jun , Jul , Aug",Medium,Part Shade,,,,,,,FALSE,TRUE,FALSE,FALSE,TRUE,FALSE,FALSE,FALSE,TRUE,TRUE,TRUE,TRUE,TRUE,TRUE,FALSE,FALSE,FALSE,FALSE,,,FALSE,FALSE,FALSE,FALSE,FALSE,FALSE,FALSE,TRUE,FALSE,"Philadelphia Fleabane, Fleabane Daisy",https://inaturalist-open-data.s3.amazonaws.com/photos/13932511/medium.jpg
PLANT-00372,erigeron pulchellus,Erigeron pulchellus,"Robin's Plantain, Poor Robin's Plantain, Rose Petty, Robert's Plantain, Blue Spring-daisy",Alabama | Arkansas | Connecticut | Delaware | Florida | Georgia | Illinois | Indiana | Iowa | Kansas | Kentucky | Louisiana | Maine | Maryland | Massachusetts | Michigan | Minnesota | Mississippi | Missouri | New Hampshire | New Jersey | New York | North Carolina | Ohio | Oklahoma | Pennsylvania | Rhode Island | South Carolina | Tennessee | Texas | Vermont | Virginia | West Virginia | Wisconsin,Herbaceous perennial,Full sun,Dry to medium,Low,3,8,April,June,ERPU,Asteraceae,Herb,Perennial,Up to about 2 feet tall.,"White , Pink , Yellow , Blue , Purple","Mar , Apr , May , Jun , Jul",,Part Shade,Moist,,"Rich, sandy soils",,yes,"Seeds may be sown outside in late fall or the following spring without any cold treatment. Only a small percentage of the seeds will germinate, so sow thickly. Seeds require light for germination. A more practical method of propagation is division. Se",FALSE,TRUE,FALSE,FALSE,FALSE,FALSE,FALSE,FALSE,TRUE,TRUE,TRUE,TRUE,TRUE,FALSE,FALSE,FALSE,FALSE,FALSE,,,FALSE,FALSE,FALSE,FALSE,FALSE,FALSE,FALSE,TRUE,FALSE,"Robin's Plantain, Poor Robin's Plantain, Rose Petty, Robert's Plantain, Blue Spring-daisy",https://inaturalist-open-data.s3.amazonaws.com/photos/193396051/medium.jpg
PLANT-00373,eriogonum umbellatum,Eriogonum umbellatum,"Sulphur-flower Buckwheat, Sulphur-flower Wild Buckwheat, Sulphur Buckwheat, Sulphur-flower",Arizona | California | Colorado | Idaho | Montana | Nevada | New Mexico | Oregon | Utah | Washington | Wyoming,Herbaceous perennial,Full sun,Dry to medium,Low,4,8,May,July,ERUM,Polygonaceae,Herb,Perennial,"Usually matted or spreading, sometimes erect. Stems up to about 6 feet long, often much shorter.","White , Red , Yellow","May , Jun , Jul , Aug , Sep , Oct",Low,"Sun , Part Shade",Dry,Circumneutral (pH 6.8-7.2),Gravelly soils.,,yes,Propagate only by seed as it is nearly impossible to transplant or divide the long taproots of mature plants. Plant seed thickly as germination is low.,TRUE,TRUE,FALSE,TRUE,FALSE,FALSE,FALSE,FALSE,FALSE,FALSE,TRUE,TRUE,TRUE,TRUE,TRUE,TRUE,FALSE,FALSE,,,FALSE,FALSE,FALSE,FALSE,FALSE,FALSE,FALSE,TRUE,FALSE,"Sulphur-flower Buckwheat, Sulphur-flower Wild Buckwheat, Sulphur Buckwheat, Sulphur-flower",https://inaturalist-open-data.s3.amazonaws.com/photos/431664/medium.jpg
PLANT-00374,eryngium aquaticum,Eryngium aquaticum,"Rattlesnakemaster, Rattlesnake-master, Snakeroot",Alabama | Delaware | Florida | Georgia | Maryland | Mississippi | New Jersey | New York | North Carolina | Pennsylvania | South Carolina | Virginia,Herbaceous perennial,Full sun to part shade,Medium to wet,Low,6,8,September,October,ERAQ,Apiaceae,Herb,,Up to about 6 feet tall.,"White , Green , Blue , Purple","Jun , Jul , Aug , Sep , Oct , Nov",,Part Shade,Wet,,"Wet, somewhat acid, soils.",,yes,,FALSE,TRUE,FALSE,FALSE,FALSE,FALSE,FALSE,FALSE,FALSE,FALSE,FALSE,TRUE,TRUE,TRUE,TRUE,TRUE,TRUE,FALSE,,,FALSE,FALSE,FALSE,FALSE,FALSE,FALSE,FALSE,TRUE,FALSE,"Rattlesnakemaster, Rattlesnake-master, Snakeroot",https://inaturalist-open-data.s3.amazonaws.com/photos/45085020/medium.jpeg
PLANT-00375,eryngium yuccifolium,Eryngium yuccifolium,"Rattlesnake Master, Button Eryngo, Button Snakeroot, Beargrass, Bear's Grass",Alabama | Arkansas | Connecticut | Florida | Georgia | Illinois | Indiana | Iowa | Kansas | Kentucky | Louisiana | Maryland | Michigan | Minnesota | Mississippi | Missouri | Nebraska | New Jersey | North Carolina | Ohio | South Carolina | Tennessee | Texas | Virginia | Wisconsin,Herbaceous perennial,Full sun,Dry to medium,Low,3,8,June,September,ERYU,Apiaceae,Herb,Perennial,Up to about 6 feet tall.,"White , Green","May , Jun , Jul , Aug",Medium,Sun,Moist,,Various well-drained soils.,,yes,"Usually propagated by seed planted outdoors in fall or stored, stratified and planted in spring. Mature plants can be divided in late spring or early fall.",TRUE,FALSE,FALSE,FALSE,TRUE,FALSE,FALSE,FALSE,FALSE,FALSE,TRUE,TRUE,TRUE,TRUE,FALSE,FALSE,FALSE,FALSE,,,FALSE,FALSE,FALSE,FALSE,FALSE,FALSE,FALSE,TRUE,FALSE,"Rattlesnake Master, Button Eryngo, Button Snakeroot, Beargrass, Bear's Grass",https://inaturalist-open-data.s3.amazonaws.com/photos/4979392/medium.jpeg
PLANT-00376,erysimum capitatum,Erysimum capitatum,coastal wallflower,Arizona | Arkansas | California | Illinois | Indiana | Missouri | Ohio | Oklahoma | Oregon | Tennessee | Texas | Washington,Herbaceous perennial,Full sun,Dry to medium,Low,3,7,May,July,,,,,,,,,,,,,,,,,,,,,,,,,,,,,,,,,,,,FALSE,FALSE,FALSE,FALSE,FALSE,FALSE,FALSE,FALSE,FALSE,coastal wallflower,https://inaturalist-open-data.s3.amazonaws.com/photos/42162834/medium.jpg
PLANT-00377,erythronium albidum,Erythronium albidum,"White Troutlily, White Dogtooth-violet, White Fawnlily, Adder's-tongue",Alabama | Arkansas | Connecticut | Illinois | Indiana | Iowa | Kansas | Kentucky | Louisiana | Maryland | Michigan | Minnesota | Mississippi | Missouri | Nebraska | New York | Ohio | Oklahoma | Pennsylvania | South Dakota | Tennessee | Texas | Virginia | West Virginia | Wisconsin,Herbaceous perennial,Part shade to full shade,Medium,Medium,3,8,April,April,ERAL9,Liliaceae,Herb,Perennial,Up to about 1 foot tall.,"White , Pink , Yellow , Blue , Purple","Feb , Mar , Apr , May","Low , Medium","Part Shade , Shade","Dry , Moist","Acidic (pH<6.8) , Circumneutral (pH 6.8-7.2)","Deep, humus-rich loam; acid, neutral, and lime soils okay, moist to dry",Deer consume leaves.,yes,The easiest way to propagate is by marking the plants in the spring and digging the offsets in late summer. Set these small bulbs at least three inches deep and mulch well. Collect seed in the spring and plant immediately. Plants propagated from seed won't bloom until their third or fourth year.,FALSE,TRUE,TRUE,TRUE,TRUE,FALSE,FALSE,TRUE,TRUE,TRUE,TRUE,FALSE,FALSE,FALSE,FALSE,FALSE,FALSE,FALSE,,,FALSE,FALSE,FALSE,FALSE,FALSE,FALSE,FALSE,TRUE,FALSE,"White Troutlily, White Dogtooth-violet, White Fawnlily, Adder's-tongue",https://inaturalist-open-data.s3.amazonaws.com/photos/20143/medium.jpg
PLANT-00378,erythronium americanum,Erythronium americanum,"Yellow Trout-lily, American Trout-lily, Eastern Trout-lily, Yellow Dogtooth Violet, Adder's Tongue",Alabama | Arkansas | Connecticut | Delaware | Georgia | Illinois | Indiana | Iowa | Kentucky | Maine | Maryland | Massachusetts | Michigan | Minnesota | Mississippi | Missouri | New Hampshire | New Jersey | New York | North Carolina | Ohio | Pennsylvania | Rhode Island | South Carolina | Tennessee | Vermont | Virginia | West Virginia | Wisconsin,Herbaceous perennial,Part shade to full shade,Medium,Medium,3,8,April,April,ERAM5,Liliaceae,Herb,Perennial,Up to about 8 inches tall.,Yellow,"Mar , Apr , May",,Part Shade,Moist,Acidic (pH<6.8),"Moist, rich soils.",,yes,The easiest way to propagate is by marking the plants in the spring and digging the offsets in late summer. Set these small bulbs at least three inches deep and mulch well. Propagation from seed takes a long time. Collect it in the spring.,FALSE,TRUE,FALSE,FALSE,FALSE,FALSE,FALSE,FALSE,TRUE,TRUE,TRUE,FALSE,FALSE,FALSE,FALSE,FALSE,FALSE,FALSE,,,FALSE,FALSE,FALSE,FALSE,FALSE,FALSE,FALSE,TRUE,FALSE,"Yellow Trout-lily, American Trout-lily, Eastern Trout-lily, Yellow Dogtooth Violet, Adder's Tongue",https://inaturalist-open-data.s3.amazonaws.com/photos/495479600/medium.jpg
PLANT-00379,eschscholzia californica,Eschscholzia californica,"California Poppy, California Gold Poppy",Arizona | California | Nevada | New Mexico | Oregon | Washington | Wyoming,Herbaceous perennial,Full sun,Medium,Low,6,10,June,July,ESCA2,Papaveraceae,Herb,,Up to about 2 feet tall.,"Orange , Yellow","Feb , Mar , Apr , May , Jun , Jul , Aug , Sep , Oct",Low,Sun,Dry,,"Nutrient-poor, well-drained soils.",,yes,"Plant seeds in the fall directly where poppies are desired, since they do not transplant well. Rake in 1/4"". Germination is rapid.",TRUE,FALSE,FALSE,TRUE,FALSE,FALSE,FALSE,TRUE,TRUE,TRUE,TRUE,TRUE,TRUE,TRUE,TRUE,TRUE,FALSE,FALSE,Bee | Fly | Other or Unclassified | Wasp,160,TRUE,FALSE,FALSE,TRUE,FALSE,TRUE,FALSE,TRUE,TRUE,"California Poppy, California Gold Poppy",https://inaturalist-open-data.s3.amazonaws.com/photos/67227218/medium.jpg
PLANT-00380,eubotrys racemosa,Eubotrys racemosa,Eubotrys,Alabama | Connecticut | Delaware | Florida | Georgia | Louisiana | Maryland | Massachusetts | Mississippi | New Jersey | New York | North Carolina | Pennsylvania | Rhode Island | South Carolina | Tennessee | Texas | Virginia,Deciduous shrub,Part shade,Medium to wet,Low,5,9,May,June,,,,,,,,,,,,,,,,,,,,,,,,,,,,,,,,,,,,FALSE,FALSE,FALSE,FALSE,FALSE,FALSE,FALSE,FALSE,FALSE,Eubotrys,https://inaturalist-open-data.s3.amazonaws.com/photos/344877/medium.jpg
PLANT-00381,euonymus americanus,Euonymus americanus,"American Strawberry Bush, Strawberry Bush, Brook Euonymus, Hearts-a-burstin, Bursting Heart, Wahoo",Alabama | Arkansas | Delaware | Florida | Georgia | Illinois | Indiana | Kentucky | Louisiana | Maryland | Mississippi | Missouri | New Jersey | New York | North Carolina | Ohio | Oklahoma | Pennsylvania | South Carolina | Tennessee | Texas | Virginia | West Virginia,Deciduous shrub,Part shade,Medium,Low,6,9,May,June,EUAM9,Celastraceae,Shrub,Perennial,"Up to about 12 feet tall, often shorter.","Green , Purple","Mar , Apr , May , Jun , Jul , Aug",High,Part Shade,Moist,,Moist to dry soils.,,yes,Semi-hardwood cuttings taken in fall root readily with no hormone treatment. Increase also by separating suckers. A less reliable method of propagation is by seed.,FALSE,TRUE,FALSE,FALSE,FALSE,TRUE,FALSE,FALSE,TRUE,TRUE,TRUE,TRUE,TRUE,TRUE,FALSE,FALSE,FALSE,FALSE,,,FALSE,FALSE,FALSE,FALSE,FALSE,FALSE,FALSE,TRUE,FALSE,"American Strawberry Bush, Strawberry Bush, Brook Euonymus, Hearts-a-burstin, Bursting Heart, Wahoo",https://inaturalist-open-data.s3.amazonaws.com/photos/174420173/medium.jpg
PLANT-00382,euonymus atropurpureus,Euonymus atropurpureus,"Burningbush, Eastern Wahoo, Burning Bush, Wahoo, Waahoo, Whahoo, Spindle Tree",Alabama | Arkansas | Connecticut | Delaware | Florida | Georgia | Illinois | Indiana | Iowa | Kansas | Kentucky | Louisiana | Maine | Maryland | Massachusetts | Michigan | Minnesota | Mississippi | Missouri | Montana | Nebraska | New Hampshire | New Jersey | New York | North Carolina | North Dakota | Ohio | Oklahoma | Pennsylvania | Rhode Island | South Carolina | South Dakota | Tennessee | Texas | Virginia | West Virginia | Wisconsin,Deciduous shrub,Full sun to part shade,Medium,Low,3,7,June,June,EUAT5,Celastraceae,Shrub,Perennial,Up to about 25 feet tall.,Purple,"Mar , Apr , May , Jun , Jul , Aug",,Part Shade,,Circumneutral (pH 6.8-7.2),"Fertile, moist soils.",,yes,"Semi-hardwood cuttings taken in fall root readily with no hormone treatment. Increase also by separating suckers. A less reliable method of propagation is by seed. Its dense, shallow roots make it easy to transplant when dormant.",FALSE,TRUE,FALSE,FALSE,FALSE,FALSE,FALSE,FALSE,TRUE,TRUE,TRUE,TRUE,TRUE,TRUE,FALSE,FALSE,FALSE,FALSE,,,FALSE,FALSE,FALSE,FALSE,FALSE,FALSE,FALSE,TRUE,FALSE,"Burningbush, Eastern Wahoo, Burning Bush, Wahoo, Waahoo, Whahoo, Spindle Tree",https://inaturalist-open-data.s3.amazonaws.com/photos/166689181/medium.jpeg
PLANT-00383,eupatorium altissimum,Eupatorium altissimum,"Tall Thoroughwort, Tall Boneset",Alabama | Arkansas | Connecticut | Florida | Georgia | Illinois | Indiana | Iowa | Kansas | Kentucky | Louisiana | Maryland | Massachusetts | Michigan | Minnesota | Mississippi | Missouri | Nebraska | New Jersey | New York | North Carolina | Ohio | Oklahoma | Pennsylvania | South Carolina | Tennessee | Texas | Virginia | West Virginia | Wisconsin,Herbaceous perennial,Full sun to part shade,Dry to medium,Medium,4,8,August,October,EUAL3,Asteraceae,Herb,Perennial,Up to about 5 feet tall.,"White , Green","Jul , Aug , Sep",,,,,,,,,FALSE,FALSE,FALSE,FALSE,FALSE,FALSE,FALSE,FALSE,FALSE,FALSE,FALSE,FALSE,TRUE,TRUE,TRUE,FALSE,FALSE,FALSE,,,FALSE,FALSE,FALSE,FALSE,FALSE,FALSE,FALSE,TRUE,FALSE,"Tall Thoroughwort, Tall Boneset",https://inaturalist-open-data.s3.amazonaws.com/photos/153585642/medium.jpeg
PLANT-00384,eupatorium capillifolium,Eupatorium capillifolium,"Dogfennel, Dog Fennel",Alabama | Arkansas | Connecticut | Delaware | Florida | Georgia | Kentucky | Louisiana | Maryland | Massachusetts | Mississippi | Missouri | New Jersey | North Carolina | Oklahoma | Pennsylvania | South Carolina | Tennessee | Texas | Virginia | West Virginia,Herbaceous perennial,Full sun to part shade,Medium,Low,6,9,September,November,EUCA5,Asteraceae,Herb,Perennial,"Up to about 6 feet tall, often shorter.","White , Green","Aug , Sep , Oct",,,,,,,,,FALSE,FALSE,FALSE,FALSE,FALSE,FALSE,FALSE,FALSE,FALSE,FALSE,FALSE,FALSE,FALSE,TRUE,TRUE,TRUE,FALSE,FALSE,,,FALSE,FALSE,FALSE,FALSE,FALSE,FALSE,FALSE,TRUE,FALSE,"Dogfennel, Dog Fennel",https://inaturalist-open-data.s3.amazonaws.com/photos/13817971/medium.jpg
PLANT-00385,eupatorium perfoliatum,Eupatorium perfoliatum,Common Boneset,Alabama | Arkansas | Connecticut | Delaware | Florida | Georgia | Illinois | Indiana | Iowa | Kansas | Kentucky | Louisiana | Maine | Maryland | Massachusetts | Michigan | Minnesota | Mississippi | Missouri | Nebraska | New Hampshire | New Jersey | New York | North Carolina | North Dakota | Ohio | Oklahoma | Pennsylvania | Rhode Island | South Carolina | South Dakota | Tennessee | Texas | Vermont | Virginia | West Virginia | Wisconsin,Herbaceous perennial,Full sun to part shade,Medium to wet,Low,3,8,July,September,EUPE3,Asteraceae,Herb,Perennial,"Up to about 6 feet tall, often shorter.",White,"Jun , Jul , Aug , Sep , Oct",,"Sun , Part Shade , Shade","Moist , Wet",,Moist to wet soils,,yes,Sow seeds in the fall and plant thickly as germination is usually low. Clumps can be divided in spring or fall.,TRUE,TRUE,TRUE,FALSE,FALSE,FALSE,FALSE,FALSE,FALSE,FALSE,FALSE,TRUE,TRUE,TRUE,TRUE,TRUE,FALSE,FALSE,,,FALSE,FALSE,FALSE,FALSE,FALSE,FALSE,FALSE,TRUE,FALSE,Common Boneset,https://inaturalist-open-data.s3.amazonaws.com/photos/158562297/medium.jpeg
PLANT-00386,euphorbia marginata,Euphorbia marginata,"Snow On The Mountain, Snow-on-the-mountain",Arizona | Colorado | Georgia | Kansas | Louisiana | Minnesota | Mississippi | Missouri | Montana | Nebraska | New Mexico | North Carolina | North Dakota | Oklahoma | South Carolina | South Dakota | Tennessee | Texas | Wyoming,Annual,Full sun,Dry to medium,Low,2,11,July,September,EUMA8,Euphorbiaceae,Herb,Annual,"Up to about 5 feet tall, often shorter.",White,"Jun , Jul , Aug , Sep , Oct , Nov",Medium,Part Shade,Moist,Circumneutral (pH 6.8-7.2),"Various soils. Clay, Limestone/chalky, Clay Loam, Medium Loam, Sandy Loam, Sandy",This plant has no forage value for mammalian wildlife and is usually considered poisonous. Mourning doves eat the seeds without being harmed. It is an important late summer,yes,Sow seed in fall or spring.,FALSE,TRUE,FALSE,FALSE,TRUE,FALSE,FALSE,FALSE,FALSE,FALSE,FALSE,TRUE,TRUE,TRUE,TRUE,TRUE,TRUE,FALSE,,,FALSE,FALSE,FALSE,FALSE,FALSE,FALSE,FALSE,TRUE,FALSE,"Snow On The Mountain, Snow-on-the-mountain",https://inaturalist-open-data.s3.amazonaws.com/photos/9591280/medium.jpg
PLANT-00387,eurybia divaricata,Eurybia divaricata,White Wood Aster,Alabama | Connecticut | Delaware | Georgia | Kentucky | Maine | Maryland | Massachusetts | Michigan | New Hampshire | New Jersey | New York | North Carolina | Ohio | Pennsylvania | Rhode Island | South Carolina | Tennessee | Vermont | Virginia | West Virginia,Herbaceous perennial,Part shade to full shade,Dry to medium,Low,3,8,August,September,EUDI16,Asteraceae,Herb,Perennial,"Up to about 4 feet tall, often shorter.","White , Green , Brown","Aug , Sep , Oct , Nov",Low,"Part Shade , Shade",Dry,"Acidic (pH<6.8) , Circumneutral (pH 6.8-7.2)","Tolerates dry soil, shade to part shade neutral to slightly acidic conditions.",,,"Can be started from seed, by dividing clumps in early spring or allowed to spread on it's own.",FALSE,TRUE,TRUE,TRUE,FALSE,FALSE,FALSE,FALSE,FALSE,FALSE,FALSE,FALSE,FALSE,TRUE,TRUE,TRUE,TRUE,FALSE,,,FALSE,FALSE,FALSE,FALSE,FALSE,FALSE,FALSE,TRUE,FALSE,White Wood Aster,https://inaturalist-open-data.s3.amazonaws.com/photos/228478405/medium.jpeg
PLANT-00388,eurybia furcata,Eurybia furcata,forked aster,Arkansas | Illinois | Indiana | Iowa | Michigan | Missouri | Wisconsin,Herbaceous perennial,Full sun to part shade,Medium,Low,4,8,July,September,,,,,,,,,,,,,,,,,,,,,,,,,,,,,,,,,,,,FALSE,FALSE,FALSE,FALSE,FALSE,FALSE,FALSE,FALSE,FALSE,forked aster,https://inaturalist-open-data.s3.amazonaws.com/photos/50635347/medium.jpeg
PLANT-00389,eurybia hemispherica,Eurybia hemispherica,Southern Prairie Aster,Alabama | Arkansas | Florida | Georgia | Kansas | Kentucky | Louisiana | Mississippi | Missouri | Oklahoma | Tennessee | Texas,Herbaceous perennial,Full sun,Dry to medium,Low,6,9,August,October,EUHE10,Asteraceae,Herb,Perennial,Up to about 3 feet tall.,"Yellow , Purple","Aug , Sep , Oct , Nov",,,,,,,,,FALSE,FALSE,FALSE,FALSE,FALSE,FALSE,FALSE,FALSE,FALSE,FALSE,FALSE,FALSE,FALSE,TRUE,TRUE,TRUE,TRUE,FALSE,,,FALSE,FALSE,FALSE,FALSE,FALSE,FALSE,FALSE,TRUE,FALSE,Southern Prairie Aster,https://static.inaturalist.org/photos/579258/medium.jpg
PLANT-00390,eurybia macrophylla,Eurybia macrophylla,"Bigleaf Aster, Large-leaf Wood-aster",Connecticut | Delaware | Georgia | Illinois | Indiana | Iowa | Kentucky | Maine | Maryland | Massachusetts | Michigan | Minnesota | Missouri | New Hampshire | New Jersey | New York | North Carolina | Ohio | Pennsylvania | Rhode Island | South Carolina | Tennessee | Vermont | Virginia | West Virginia | Wisconsin,Herbaceous perennial,Part shade to full shade,Medium,Low,3,8,September,October,EUMA27,Asteraceae,Herb,Perennial,"Up to about 3-1/2 feet tall, often much shorter.","White , Blue , Purple","Jul , Aug , Sep , Oct",Medium,"Sun , Part Shade , Shade","Dry , Moist",,Moist to drier soils,,yes,"Sow seeds, 5/8"" deep, outside in fall or provide cold stratification. Also propagated by ""softwood"" cuttings taken in late spring or by division of clumps.",TRUE,TRUE,TRUE,FALSE,TRUE,FALSE,FALSE,FALSE,FALSE,FALSE,FALSE,FALSE,TRUE,TRUE,TRUE,TRUE,FALSE,FALSE,,,FALSE,FALSE,FALSE,FALSE,FALSE,FALSE,FALSE,TRUE,FALSE,"Bigleaf Aster, Large-leaf Wood-aster",https://inaturalist-open-data.s3.amazonaws.com/photos/324347843/medium.jpg
PLANT-00391,eurybia paludosa,Eurybia paludosa,aster,Florida | Georgia | North Carolina | South Carolina,Herbaceous perennial,Part shade,Medium to wet,Medium,8,9,August,November,,,,,,,,,,,,,,,,,,,,,,,,,,,,,,,,,,,,FALSE,FALSE,FALSE,FALSE,FALSE,FALSE,FALSE,FALSE,FALSE,aster,https://static.inaturalist.org/photos/164333893/medium.jpg
PLANT-00392,eutrochium dubium,Eutrochium dubium,"Coastal Plain Joe Pye Weed, Joepye Thoroughwort",Connecticut | Delaware | Maine | Maryland | New Hampshire | New Jersey | New York | North Carolina | Pennsylvania | Rhode Island | South Carolina | Vermont | Virginia | West Virginia,Herbaceous perennial,Full sun to part shade,Medium to wet,Low,3,9,July,September,EUDU6,Asteraceae,Herb,Perennial,"Up to about 5-1/2 feet tall, often shorter.","White , Pink , Purple","Jul , Aug , Sep , Oct",,,,,,,,,FALSE,FALSE,FALSE,FALSE,FALSE,FALSE,FALSE,FALSE,FALSE,FALSE,FALSE,FALSE,TRUE,TRUE,TRUE,TRUE,FALSE,FALSE,,,FALSE,FALSE,FALSE,FALSE,FALSE,FALSE,FALSE,TRUE,FALSE,"Coastal Plain Joe Pye Weed, Joepye Thoroughwort",https://static.inaturalist.org/photos/316445576/medium.jpg
PLANT-00393,eutrochium fistulosum,Eutrochium fistulosum,"Joe-pye Weed, Trumpetweed, Queen Of The Meadow, Hollow Joe-pye Weed",Alabama | Arkansas | Connecticut | Delaware | Florida | Georgia | Illinois | Indiana | Iowa | Kentucky | Louisiana | Maine | Maryland | Massachusetts | Michigan | Mississippi | Missouri | New Hampshire | New Jersey | New York | North Carolina | Ohio | Oklahoma | Pennsylvania | Rhode Island | South Carolina | Tennessee | Texas | Vermont | Virginia | West Virginia,Herbaceous perennial,Full sun to part shade,Medium to wet,Low,4,8,July,September,EUFI14,Asteraceae,Herb,Perennial,"Normally 5 to 7 feet high, but can reach 12 feet.","Pink , Purple","Jul , Aug , Sep","Medium , High",Sun,"Dry , Moist",Acidic (pH<6.8),Moist to wet soils.,"An important source of honey, attracting pollinators by the score. Seeds eaten by Swamp Sparrow.",yes,"Sow seeds in the fall and plant thickly as germination is usually low. Propagation is also possible by ""softwood"" cuttings taken in late spring or by division. Divide the plants in fall as they go dormant, or in the spring just as shoots first appear.",TRUE,FALSE,FALSE,FALSE,TRUE,TRUE,FALSE,FALSE,FALSE,FALSE,FALSE,FALSE,TRUE,TRUE,TRUE,FALSE,FALSE,FALSE,,,FALSE,FALSE,FALSE,FALSE,FALSE,FALSE,FALSE,TRUE,FALSE,"Joe-pye Weed, Trumpetweed, Queen Of The Meadow, Hollow Joe-pye Weed",https://static.inaturalist.org/photos/221829681/medium.jpeg
PLANT-00394,eutrochium maculatum,Eutrochium maculatum,"Spotted Joe-pye Weed, Joe-pye Weed, Spotted Trumpetweed",Arizona | Colorado | Connecticut | Georgia | Idaho | Illinois | Indiana | Iowa | Kansas | Kentucky | Maine | Maryland | Massachusetts | Michigan | Minnesota | Missouri | Montana | Nebraska | New Hampshire | New Jersey | New Mexico | New York | North Carolina | North Dakota | Ohio | Pennsylvania | Rhode Island | South Dakota | Tennessee | Utah | Vermont | Virginia | Washington | West Virginia | Wisconsin | Wyoming,Herbaceous perennial,Full sun,Medium to wet,Low,4,8,July,September,EUMA9,Asteraceae,Herb,,To about 6 feet in height.,"Pink , Purple","Aug , Sep , Oct",,"Sun , Part Shade","Moist , Wet",,,"Not a preferred food source for herbivores, but may be eaten occasionally by deer, rabbits and livestock.",,,TRUE,TRUE,FALSE,FALSE,FALSE,FALSE,FALSE,FALSE,FALSE,FALSE,FALSE,FALSE,FALSE,TRUE,TRUE,TRUE,FALSE,FALSE,,,FALSE,FALSE,FALSE,FALSE,FALSE,FALSE,FALSE,TRUE,FALSE,"Spotted Joe-pye Weed, Joe-pye Weed, Spotted Trumpetweed",https://static.inaturalist.org/photos/88787579/medium.jpeg
PLANT-00395,eutrochium purpureum,Eutrochium purpureum,"Purple Joepyeweed, Sweet-scented Joepyeweed, Sweet Joepyeweed",Alabama | Arkansas | Connecticut | Delaware | Florida | Georgia | Illinois | Indiana | Iowa | Kansas | Kentucky | Louisiana | Maine | Maryland | Michigan | Minnesota | Mississippi | Missouri | Nebraska | New Hampshire | New Jersey | North Carolina | Ohio | Oklahoma | Pennsylvania | Rhode Island | South Carolina | Tennessee | Vermont | Virginia | West Virginia | Wisconsin,Herbaceous perennial,Full sun to part shade,Medium,Low,4,9,July,September,EUPU21,Asteraceae,Herb,Perennial,Up to about 6 feet tall.,"Pink , Purple","Jul , Aug , Sep",,"Sun , Part Shade , Shade",Moist,,Moist soils,"An important source of honey, attracting pollinators by the score.",yes,"Sow seeds in the fall and plant thickly as germination is usually low. Propagation is also possible by ""softwood"" cuttings taken in late spring or by division. Divide the plants in fall as they go dormant, or in the spring just as shoots first appear.",TRUE,TRUE,TRUE,FALSE,FALSE,FALSE,FALSE,FALSE,FALSE,FALSE,FALSE,FALSE,TRUE,TRUE,TRUE,FALSE,FALSE,FALSE,,,FALSE,FALSE,FALSE,FALSE,FALSE,FALSE,FALSE,TRUE,FALSE,"Purple Joepyeweed, Sweet-scented Joepyeweed, Sweet Joepyeweed",https://inaturalist-open-data.s3.amazonaws.com/photos/85646014/medium.jpeg
PLANT-00396,evolvulus nuttallianus,Evolvulus nuttallianus,"Shaggy Dwarf Morning-glory, Silky Evolvulus, Shaggy Evolvulus",Arizona | Arkansas | Colorado | Illinois | Kansas | Missouri | Montana | Nebraska | New Mexico | Oklahoma | South Dakota | Tennessee | Texas | Utah | Wyoming,Herbaceous perennial,Full sun to part shade,Medium,Low,4,10,June,To frost,EVNU,Convolvulaceae,Herb,Perennial,Up to about 8 inches tall.,"Blue , Purple","May , Jun , Jul",,,,,,,,,FALSE,FALSE,FALSE,FALSE,FALSE,FALSE,FALSE,FALSE,FALSE,FALSE,TRUE,TRUE,TRUE,FALSE,FALSE,FALSE,FALSE,FALSE,,,FALSE,FALSE,FALSE,FALSE,FALSE,FALSE,FALSE,TRUE,FALSE,"Shaggy Dwarf Morning-glory, Silky Evolvulus, Shaggy Evolvulus",https://inaturalist-open-data.s3.amazonaws.com/photos/148940868/medium.jpg
PLANT-00397,fagus grandifolia,Fagus grandifolia,"American Beech, White Beech, Red Beech, Ridge Beech, Beechnut Tree",Alabama | Arkansas | Connecticut | Delaware | Florida | Georgia | Illinois | Indiana | Kentucky | Louisiana | Maine | Maryland | Massachusetts | Michigan | Mississippi | Missouri | New Hampshire | New Jersey | New York | North Carolina | Ohio | Oklahoma | Pennsylvania | Rhode Island | South Carolina | Tennessee | Texas | Vermont | Virginia | West Virginia | Wisconsin,Tree,Full sun to part shade,Medium,Low,3,9,April,May,FAGR,Fagaceae,Tree,Perennial,Up to about 120 feet tall.,"Yellow , Green , Brown","Apr , May",Medium,"Part Shade , Shade",Moist,,"Moist, rich, well-drained soils. Sandy Loam, Clay Loam, Medium Loam, Acid-based","Beech nuts are eaten by many forms of wildlife. Nesting site, Fruit-birds, Fruit-mammals, Fruit-rodents, Fruit-deer, Cover, Browse. It was the",yes,"Sow fresh seed immediately or stratify seed for spring planting. Germinates well but needs protection from rodents and birds. According to several references, large crops of viable seeds occur at 2-3 year intervals. Between these years, large quantitie",FALSE,TRUE,TRUE,FALSE,TRUE,FALSE,FALSE,FALSE,FALSE,TRUE,TRUE,FALSE,FALSE,FALSE,FALSE,FALSE,FALSE,FALSE,,,FALSE,FALSE,FALSE,FALSE,FALSE,FALSE,FALSE,TRUE,FALSE,"American Beech, White Beech, Red Beech, Ridge Beech, Beechnut Tree",https://inaturalist-open-data.s3.amazonaws.com/photos/9216901/medium.jpeg
PLANT-00398,filipendula rubra,Filipendula rubra,"Queen Of The Prairie, Queen-of-the-prairie",Connecticut | Illinois | Indiana | Iowa | Maine | Maryland | Massachusetts | Michigan | Minnesota | Missouri | New Hampshire | New Jersey | New York | North Carolina | Ohio | Pennsylvania | Vermont | Virginia | West Virginia | Wisconsin,Herbaceous perennial,Full sun to part shade,Medium to wet,Low,3,8,June,August,FIRU2,Rosaceae,Herb,Perennial,"Up to about 8 feet tall, often shorter.","Pink , Purple","Jun , Jul , Aug",,Part Shade,Moist,Acidic (pH<6.8),"Moist, rich soils.",,yes,"Best propagated by rootstock division in early spring or fall. To propagate from seed, scratch cleaned seed into the soil in fall or store over winter, stratify and plant in spring.",FALSE,TRUE,FALSE,FALSE,FALSE,FALSE,FALSE,FALSE,FALSE,FALSE,FALSE,TRUE,TRUE,TRUE,FALSE,FALSE,FALSE,FALSE,,,FALSE,FALSE,FALSE,FALSE,FALSE,FALSE,FALSE,TRUE,FALSE,"Queen Of The Prairie, Queen-of-the-prairie",https://inaturalist-open-data.s3.amazonaws.com/photos/20758922/medium.jpg
PLANT-00399,fothergilla gardenii,Fothergilla gardenii,"Dwarf Witchalder, Dwarf Witch-alder, Dwarf Fothergilla",Alabama | Florida | Georgia | North Carolina | South Carolina,Deciduous shrub,Full sun to part shade,Medium,Low,5,8,April,May,FOGA,Hamamelidaceae,Shrub,Perennial,"Up to about 6 feet tall, often shorter.",White,"Mar , Apr , May",High,"Sun , Part Shade",,Acidic (pH<6.8),"Well-drained, acid, peaty or sandy loams.",Low.,yes,Semi-hardwood cuttings root with or without hormone. Rooted cuttings should not be moved until new vegetative growth is over an inch long or normal winter dormancy is completed. Sucker can be separated to increase the plant. Progagation by seed is tric,TRUE,TRUE,FALSE,FALSE,FALSE,TRUE,FALSE,FALSE,TRUE,TRUE,TRUE,FALSE,FALSE,FALSE,FALSE,FALSE,FALSE,FALSE,,,FALSE,FALSE,FALSE,FALSE,FALSE,FALSE,FALSE,TRUE,FALSE,"Dwarf Witchalder, Dwarf Witch-alder, Dwarf Fothergilla",https://inaturalist-open-data.s3.amazonaws.com/photos/216947576/medium.jpg
PLANT-00400,fothergilla major,Fothergilla major,"Mountain Witchalder, Mountain Witch-alder, Large Fothergilla",Alabama | Arkansas | Georgia | North Carolina | South Carolina | Tennessee,Deciduous shrub,Full sun to part shade,Medium,Low,4,8,April,May,FOMA,Hamamelidaceae,Shrub,Perennial,"Up to about 20 feet tall, often shorter.",White,"Apr , May",,"Sun , Part Shade",Moist,Acidic (pH<6.8),"Acid, gravelly loams.",,yes,Semi-hardwood cuttings root with or without hormone. Rooted cuttings should not be moved until new vegetative growth is over an inch long or normal winter dormancy is completed. Sucker can be separated to increase the plant. Progagation by seed is tric,TRUE,TRUE,FALSE,FALSE,FALSE,FALSE,FALSE,FALSE,FALSE,TRUE,TRUE,FALSE,FALSE,FALSE,FALSE,FALSE,FALSE,FALSE,,,FALSE,FALSE,FALSE,FALSE,FALSE,FALSE,FALSE,TRUE,FALSE,"Mountain Witchalder, Mountain Witch-alder, Large Fothergilla",https://inaturalist-open-data.s3.amazonaws.com/photos/85588348/medium.jpg
PLANT-00401,fragaria vesca,Fragaria vesca,"Woodland Strawberry, California Strawberry, Wood Strawberry",Connecticut | Illinois | Indiana | Kentucky | Maine | Massachusetts | Michigan | Missouri | New Hampshire | New Jersey | New York | Ohio | Pennsylvania | Rhode Island | Vermont | West Virginia,Herbaceous perennial,Full sun to part shade,Medium,Medium,5,9,May,August,FRVE,Rosaceae,Herb,Perennial,Up to about 10 inches tall.,White,"Mar , Apr , May , Jun , Jul , Aug",,"Part Shade , Shade","Moist , Wet",,,,,,FALSE,TRUE,TRUE,FALSE,FALSE,FALSE,FALSE,FALSE,TRUE,TRUE,TRUE,TRUE,TRUE,TRUE,FALSE,FALSE,FALSE,FALSE,,,FALSE,FALSE,FALSE,FALSE,FALSE,FALSE,FALSE,TRUE,FALSE,"Woodland Strawberry, California Strawberry, Wood Strawberry",https://inaturalist-open-data.s3.amazonaws.com/photos/134106423/medium.jpg
PLANT-00402,fragaria virginiana,Fragaria virginiana,"Virginia Strawberry, Wild Strawberry",Alabama | Arkansas | Connecticut | Delaware | Florida | Georgia | Illinois | Indiana | Iowa | Kansas | Kentucky | Louisiana | Maine | Maryland | Massachusetts | Michigan | Minnesota | Mississippi | Missouri | Nebraska | New Hampshire | New Jersey | New York | North Carolina | Ohio | Oklahoma | Pennsylvania | Rhode Island | South Carolina | South Dakota | Tennessee | Texas | Vermont | Virginia | West Virginia | Wisconsin,Herbaceous perennial,Full sun to part shade,Medium,Medium,5,9,April,May,FRVI,Rosaceae,Herb,Perennial,Up to about 4 inches tall.,White,"Mar , Apr , May , Jun , Jul , Aug , Sep , Oct , Nov",,"Sun , Part Shade",Dry,,Variable. Tolerant of moderately acid soil.,Berries attract wildlife.,yes,"Seed germination is poor. Vegetative propagation, by separating rooted plantlets in spring or early summer or by",TRUE,TRUE,FALSE,FALSE,FALSE,FALSE,FALSE,FALSE,TRUE,TRUE,TRUE,TRUE,TRUE,TRUE,TRUE,TRUE,TRUE,FALSE,Bee | Beetle | Fly | Moth | Other or Unclassified | Wasp,144,TRUE,FALSE,TRUE,TRUE,TRUE,TRUE,FALSE,TRUE,TRUE,"Virginia Strawberry, Wild Strawberry",https://inaturalist-open-data.s3.amazonaws.com/photos/600014255/medium.jpg
PLANT-00403,frangula caroliniana,Frangula caroliniana,"Carolina Buckthorn, Carolina False Buckthorn, Yellow Buckthorn, Indian Cherry, Yellowwood",Alabama | Arkansas | Florida | Georgia | Illinois | Indiana | Kentucky | Louisiana | Maryland | Mississippi | Missouri | North Carolina | Ohio | Oklahoma | South Carolina | Tennessee | Texas | Virginia,Deciduous shrub,Full sun to part shade,Medium,Low,5,9,May,June,FRCA13,Rhamnaceae,Tree,Perennial,"Up to about 30 feet tall, often much shorter.","White , Yellow , Green","Apr , May , Jun",,Part Shade,Moist,,"Moist, calcareous, rocky soils.",Ripe berries attract birds. Leaves and,yes,Sow fresh seed without pretreatment or stored seed which has been stratified. Semi-hardwood cuttings taken in late summer or dormant hardwood cuttings root.,FALSE,TRUE,FALSE,FALSE,FALSE,FALSE,FALSE,FALSE,FALSE,TRUE,TRUE,TRUE,FALSE,FALSE,FALSE,FALSE,FALSE,FALSE,,,FALSE,FALSE,FALSE,FALSE,FALSE,FALSE,FALSE,TRUE,FALSE,"Carolina Buckthorn, Carolina False Buckthorn, Yellow Buckthorn, Indian Cherry, Yellowwood",https://inaturalist-open-data.s3.amazonaws.com/photos/12627329/medium.jpeg
PLANT-00404,franklinia alatamaha,Franklinia alatamaha,"Franklin Tree, Franklintree, Franklinia",Georgia,Tree,Full sun to part shade,Medium,Medium,5,8,July,August,FRAL,Theaceae,Shrub,Perennial,Up to about 20 feet tall.,White,"Jun , Jul , Aug , Sep , Oct",High,Part Shade,Moist,,"Moist, acid, well-drained soils.",,yes,Sow seeds as soon as the,FALSE,TRUE,FALSE,FALSE,FALSE,TRUE,FALSE,FALSE,FALSE,FALSE,FALSE,TRUE,TRUE,TRUE,TRUE,TRUE,FALSE,FALSE,,,FALSE,FALSE,FALSE,FALSE,FALSE,FALSE,FALSE,TRUE,FALSE,"Franklin Tree, Franklintree, Franklinia",https://inaturalist-open-data.s3.amazonaws.com/photos/703074/medium.jpg
PLANT-00405,fraxinus americana,Fraxinus americana,"White Ash, American Ash, Cane Ash, Smallseed White Ash, Biltmore White Ash, Biltmore Ash",Alabama | Arkansas | Connecticut | Delaware | Florida | Georgia | Illinois | Indiana | Iowa | Kansas | Kentucky | Louisiana | Maine | Maryland | Massachusetts | Michigan | Minnesota | Mississippi | Missouri | Nebraska | New Hampshire | New Jersey | New York | North Carolina | Ohio | Oklahoma | Pennsylvania | Rhode Island | South Carolina | Tennessee | Texas | Vermont | Virginia | West Virginia | Wisconsin,Tree,Full sun,Medium,Medium,3,9,April,May,FRAM2,Oleaceae,Tree,Perennial,Up to about 120 feet tall.,"Yellow , Purple","Apr , May",High,"Sun , Part Shade , Shade","Dry , Moist",Acidic (pH<6.8),"Deep, mesic soils. Sandy, Sandy Loam, Medium Loam, Clay Loam, Clay.","Winged seeds attract song and game birds. Cover, Nesting site, Seeds-granivorous birds, Browse.",yes,Seeds may be sown outdoors after collection or stored and stratified then sown in spring.,TRUE,TRUE,TRUE,FALSE,FALSE,TRUE,FALSE,FALSE,FALSE,TRUE,TRUE,FALSE,FALSE,FALSE,FALSE,FALSE,FALSE,FALSE,,,FALSE,FALSE,FALSE,FALSE,FALSE,FALSE,FALSE,TRUE,FALSE,"White Ash, American Ash, Cane Ash, Smallseed White Ash, Biltmore White Ash, Biltmore Ash",https://inaturalist-open-data.s3.amazonaws.com/photos/201680198/medium.jpg
PLANT-00406,fraxinus ornus,Fraxinus ornus,flowering ash,Georgia,Tree,Full sun,Medium,Medium,6,9,April,May,,,,,,,,,,,,,,,,,,,,,,,,,,,,,,,,,,,,FALSE,FALSE,FALSE,FALSE,FALSE,FALSE,FALSE,FALSE,FALSE,flowering ash,https://inaturalist-open-data.s3.amazonaws.com/photos/72201155/medium.jpg
PLANT-00407,fraxinus pennsylvanica,Fraxinus pennsylvanica,"Green Ash, Red Ash, Swamp Ash, River Ash, Water Ash, Darlington Ash",Alabama | Arkansas | Colorado | Connecticut | Delaware | Florida | Georgia | Illinois | Indiana | Iowa | Kansas | Kentucky | Louisiana | Maine | Maryland | Michigan | Minnesota | Mississippi | Missouri | Montana | Nebraska | New Hampshire | New Jersey | New York | North Carolina | North Dakota | Ohio | Oklahoma | Pennsylvania | Rhode Island | South Carolina | South Dakota | Tennessee | Texas | Utah | Vermont | Virginia | West Virginia | Wisconsin | Wyoming,Tree,Full sun,Medium,Medium,3,9,April,May,FRPE,Oleaceae,Tree,Perennial,Up to about 75 feet tall.,"Green , Purple , Brown","Apr , May , Jun",Medium,"Sun , Part Shade , Shade","Dry , Moist , Wet",Circumneutral (pH 6.8-7.2),"Moist, fertile, sandy to loamy soils. Acid-based, Sandy Limestone-based, Sandy Loam, Medium Loam, Clay Loam
Clay","Cover, Nesting site, Fruit-birds, Browse.",yes,Propagate by pretreated seed.,TRUE,TRUE,TRUE,FALSE,TRUE,FALSE,FALSE,FALSE,FALSE,TRUE,TRUE,TRUE,FALSE,FALSE,FALSE,FALSE,FALSE,FALSE,,,FALSE,FALSE,FALSE,FALSE,FALSE,FALSE,FALSE,TRUE,FALSE,"Green Ash, Red Ash, Swamp Ash, River Ash, Water Ash, Darlington Ash",https://inaturalist-open-data.s3.amazonaws.com/photos/201680198/medium.jpg
PLANT-00408,fraxinus profunda,Fraxinus profunda,Pumpkin Ash,Alabama | Arkansas | Delaware | Florida | Georgia | Illinois | Indiana | Kentucky | Louisiana | Maryland | Michigan | Mississippi | Missouri | New Jersey | North Carolina | Ohio | Pennsylvania | South Carolina | Tennessee | Virginia,Tree,Full sun,Medium to wet,Medium,5,9,April,May,FRPR,Oleaceae,Tree,Perennial,Up to about 120 feet tall.,"White , Green , Purple , Brown","Mar , Apr , May",High,"Sun , Part Shade","Moist , Wet",,,,,,TRUE,TRUE,FALSE,FALSE,FALSE,TRUE,FALSE,FALSE,TRUE,TRUE,TRUE,FALSE,FALSE,FALSE,FALSE,FALSE,FALSE,FALSE,,,FALSE,FALSE,FALSE,FALSE,FALSE,FALSE,FALSE,TRUE,FALSE,Pumpkin Ash,https://inaturalist-open-data.s3.amazonaws.com/photos/154834629/medium.jpeg
PLANT-00409,fraxinus quadrangulata,Fraxinus quadrangulata,Blue Ash,Alabama | Arkansas | Georgia | Illinois | Indiana | Iowa | Kansas | Kentucky | Michigan | Minnesota | Mississippi | Missouri | Ohio | Oklahoma | Tennessee | Virginia | West Virginia | Wisconsin,Tree,Full sun,Dry to medium,Medium,4,7,April,May,FRQU,Oleaceae,Tree,Perennial,Up to about 80 feet tall.,"Green , Purple , Brown","Apr , May",,"Sun , Part Shade","Moist , Wet",Circumneutral (pH 6.8-7.2),Variable.,,yes,Seeds may be sown outdoors after collection or stored and stratified then sown in spring.,TRUE,TRUE,FALSE,FALSE,FALSE,FALSE,FALSE,FALSE,FALSE,TRUE,TRUE,FALSE,FALSE,FALSE,FALSE,FALSE,FALSE,FALSE,,,FALSE,FALSE,FALSE,FALSE,FALSE,FALSE,FALSE,TRUE,FALSE,Blue Ash,https://inaturalist-open-data.s3.amazonaws.com/photos/47896201/medium.jpg
PLANT-00410,fremontodendron californicum,Fremontodendron californicum,"California Flannelbush, Northern Flannelbush, Northern Fremontia, California Slippery Elm",Arizona | California,Broadleaf evergreen,Full sun,Dry to medium,Medium,8,10,May,June,FRCA6,Sterculiaceae,Shrub,Perennial,"Up to about 30 feet tall, usually much shorter.","Red , Yellow","Mar , Apr , May , Jun , Jul , Aug , Sep , Oct , Nov , Dec",Low,Part Shade,Dry,,"Dry, well-drained, granitic soils.",,yes,Propagate by seed or softwood cuttings.,FALSE,TRUE,FALSE,TRUE,FALSE,FALSE,FALSE,FALSE,TRUE,TRUE,TRUE,TRUE,TRUE,TRUE,TRUE,TRUE,TRUE,TRUE,,,FALSE,FALSE,FALSE,FALSE,FALSE,FALSE,FALSE,TRUE,FALSE,"California Flannelbush, Northern Flannelbush, Northern Fremontia, California Slippery Elm",https://inaturalist-open-data.s3.amazonaws.com/photos/19013/medium.jpg
PLANT-00411,gaillardia aestivalis,Gaillardia aestivalis,"Lanceleaf Blanketflower, Winkler Gaillardia",Alabama | Arkansas | Florida | Georgia | Illinois | Kansas | Louisiana | Mississippi | Missouri | North Carolina | Oklahoma | South Carolina | Texas,Herbaceous perennial,Full sun,Dry to medium,Low,5,9,May,October,GAAE,Asteraceae,Herb,Perennial,Up to about 2 feet tall.,"White , Pink , Yellow , Purple","Apr , May , Jun , Jul , Aug , Sep , Oct",,,,,,,,,FALSE,FALSE,FALSE,FALSE,FALSE,FALSE,FALSE,FALSE,FALSE,TRUE,TRUE,TRUE,TRUE,TRUE,TRUE,TRUE,FALSE,FALSE,,,FALSE,FALSE,FALSE,FALSE,FALSE,FALSE,FALSE,TRUE,FALSE,"Lanceleaf Blanketflower, Winkler Gaillardia",https://inaturalist-open-data.s3.amazonaws.com/photos/2022132/medium.jpg
PLANT-00412,gaillardia pulchella,Gaillardia pulchella,"Indian Blanket, Firewheel, Girasol Rojo",Alabama | Alaska | Arizona | Arkansas | California | Colorado | Connecticut | Delaware | Florida | Georgia | Illinois | Indiana | Iowa | Kansas | Louisiana | Maine | Massachusetts | Michigan | Minnesota | Mississippi | Missouri | Nebraska | Nevada | New Hampshire | New Mexico | New York | North Carolina | Ohio | Oklahoma | Pennsylvania | South Carolina | South Dakota | Tennessee | Texas | Vermont | Virginia | Wisconsin,Annual,Full sun,Dry to medium,Low,2,11,June,To frost,GAPU,Asteraceae,Herb,Annual,"Up to about 2 feet tall, often shorter.","Red , Yellow , Brown","Jan , Feb , Mar , Apr , May , Jun , Jul , Aug , Sep , Oct , Nov , Dec",Medium,"Sun , Part Shade",Dry,Circumneutral (pH 6.8-7.2),"Sandy or calcareous soils, often disturbed places, mostly in grasslands or open places.",,yes,"Plant in the fall and rake the seed into loose topsoil to ensure good seed/soil contact. With moisture from rain or watering, G. pulchella will germinate in 1 – 2 weeks and establish a healthy",TRUE,TRUE,FALSE,FALSE,TRUE,FALSE,TRUE,TRUE,TRUE,TRUE,TRUE,TRUE,TRUE,TRUE,TRUE,TRUE,TRUE,TRUE,,,FALSE,FALSE,FALSE,FALSE,FALSE,FALSE,FALSE,TRUE,FALSE,"Indian Blanket, Firewheel, Girasol Rojo",https://inaturalist-open-data.s3.amazonaws.com/photos/75102458/medium.jpg
PLANT-00413,galearis spectabilis,Galearis spectabilis,"Showy Orchid, Purple-hooded Orchid, Gay Orchid",Alabama | Arkansas | Connecticut | Delaware | Georgia | Illinois | Indiana | Iowa | Kansas | Kentucky | Maine | Maryland | Massachusetts | Michigan | Minnesota | Mississippi | Missouri | Nebraska | New Hampshire | New Jersey | New York | North Carolina | Ohio | Oklahoma | Pennsylvania | Rhode Island | South Carolina | Tennessee | Vermont | Virginia | West Virginia | Wisconsin,Herbaceous perennial,Part shade to full shade,Medium,Medium,4,7,April,May,GASP5,Orchidaceae,Herb,Perennial,Up to about 8 inches tall.,"White , Pink , Purple","Mar , Apr , May , Jun",,,,,,,,,FALSE,FALSE,FALSE,FALSE,FALSE,FALSE,FALSE,FALSE,TRUE,TRUE,TRUE,TRUE,FALSE,FALSE,FALSE,FALSE,FALSE,FALSE,,,FALSE,FALSE,FALSE,FALSE,FALSE,FALSE,FALSE,TRUE,FALSE,"Showy Orchid, Purple-hooded Orchid, Gay Orchid",https://inaturalist-open-data.s3.amazonaws.com/photos/127592874/medium.jpg
PLANT-00414,galium boreale,Galium boreale,Northern Bedstraw,Alaska | Arizona | California | Colorado | Connecticut | Delaware | Idaho | Illinois | Indiana | Iowa | Kentucky | Maine | Massachusetts | Michigan | Minnesota | Missouri | Montana | Nebraska | Nevada | New Hampshire | New Jersey | New Mexico | New York | North Dakota | Ohio | Oregon | Pennsylvania | Rhode Island | South Dakota | Tennessee | Texas | Utah | Vermont | Virginia | Washington | West Virginia | Wisconsin | Wyoming,Herbaceous perennial,Part shade,Medium,Low,4,8,June,July,GABO2,Rubiaceae,Herb,Perennial,Up to about 2 feet tall.,White,"May , Jun , Jul , Aug , Sep",Medium,"Sun , Part Shade , Shade",Moist,Acidic (pH<6.8),"Moist, sometimes rocky, soils.",,yes,Propagated by,TRUE,TRUE,TRUE,FALSE,TRUE,FALSE,FALSE,FALSE,FALSE,FALSE,TRUE,TRUE,TRUE,TRUE,TRUE,FALSE,FALSE,FALSE,Bee | Fly | Wasp,7,TRUE,FALSE,FALSE,TRUE,FALSE,TRUE,FALSE,TRUE,TRUE,Northern Bedstraw,https://inaturalist-open-data.s3.amazonaws.com/photos/62348964/medium.jpeg
PLANT-00415,galium circaezans,Galium circaezans,Licorice Bedstraw,Alabama | Illinois | Kansas | Kentucky | Louisiana | Maine | Maryland | Michigan | Missouri | New Hampshire | New York | North Carolina | Ohio | Oklahoma | South Dakota | Tennessee | Texas | Vermont | Virginia,Herbaceous perennial,Part shade,Dry to medium,Medium,4,8,May,July,GACI2,Rubiaceae,Subshrub,Perennial,Up to about 2 feet tall.,Green,"May , Jun , Jul , Aug",,,,,,,,,FALSE,FALSE,FALSE,FALSE,FALSE,FALSE,FALSE,FALSE,FALSE,FALSE,TRUE,TRUE,TRUE,TRUE,FALSE,FALSE,FALSE,FALSE,,,FALSE,FALSE,FALSE,FALSE,FALSE,FALSE,FALSE,TRUE,FALSE,Licorice Bedstraw,https://inaturalist-open-data.s3.amazonaws.com/photos/45357/medium.jpg
PLANT-00416,gaultheria procumbens,Gaultheria procumbens,"Eastern Teaberry, Wintergreen, Checkerberry",Alabama | Connecticut | Delaware | Georgia | Illinois | Indiana | Kentucky | Maine | Maryland | Michigan | Minnesota | New Hampshire | New Jersey | New York | North Carolina | Ohio | Pennsylvania | Rhode Island | South Carolina | Tennessee | Vermont | Virginia | West Virginia | Wisconsin,Broadleaf evergreen,Part shade to full shade,Medium,Low,3,8,June,July,GAPR2,Ericaceae,Shrub,Perennial,Up to about 6 inches tall.,"White , Pink","Jun , Jul , Aug , Sep",Low,"Part Shade , Shade","Dry , Moist",Acidic (pH<6.8),Very variable.,"Chipmunks, grouse, mice, birds and deer eat the leaves during winter.",yes,"Protrate stems are rooted at practically all intervals along their length. These natural ground layer sections are easily removed and transplanted. Make cuttings in the early summer before the stems/runners become woody. Plant in a sand/peat mixture, store through the winter at near-freezing temperatures.",FALSE,TRUE,TRUE,TRUE,FALSE,FALSE,FALSE,FALSE,FALSE,FALSE,FALSE,TRUE,TRUE,TRUE,TRUE,FALSE,FALSE,FALSE,,,FALSE,FALSE,FALSE,FALSE,FALSE,FALSE,FALSE,TRUE,FALSE,"Eastern Teaberry, Wintergreen, Checkerberry",https://inaturalist-open-data.s3.amazonaws.com/photos/17301/medium.jpg
PLANT-00417,gaura lindheimeri,Gaura lindheimeri,Lindheimer's beeblossom,Louisiana | Oklahoma | Texas,Herbaceous perennial,Full sun,Medium,Medium,5,9,August,October,,,,,,,,,,,,,,,,,,,,,,,,,,,,,,,,,,,,FALSE,FALSE,FALSE,FALSE,FALSE,FALSE,FALSE,FALSE,FALSE,Lindheimer's beeblossom,https://inaturalist-open-data.s3.amazonaws.com/photos/106545467/medium.jpg
PLANT-00418,gelsemium sempervirens,Gelsemium sempervirens,"Carolina Jessamine, Yellow Jessamine, Evening Trumpetflower, Poor Man's Rope",Alabama | Arkansas | Florida | Georgia | Louisiana | Mississippi | North Carolina | South Carolina | Tennessee | Texas | Virginia,Vine,Full sun,Medium,Low,7,10,February,April,GESE,Loganiaceae,Vine,Perennial,Climbing stems up to about 20 feet long.,Yellow,"Jan , Feb , Mar , Apr , May , Dec",Medium,"Sun , Part Shade",Moist,"Acidic (pH<6.8) , Circumneutral (pH 6.8-7.2)","Moist, well-drained, humus-rich soil. pH adaptable. Sandy, Sandy Loam, Medium Loam, Clay Loam, Clay.",Flowers attract,yes,,TRUE,TRUE,FALSE,FALSE,TRUE,FALSE,TRUE,TRUE,TRUE,TRUE,TRUE,FALSE,FALSE,FALSE,FALSE,FALSE,FALSE,TRUE,,,FALSE,FALSE,FALSE,FALSE,FALSE,FALSE,FALSE,TRUE,FALSE,"Carolina Jessamine, Yellow Jessamine, Evening Trumpetflower, Poor Man's Rope",https://inaturalist-open-data.s3.amazonaws.com/photos/60591012/medium.jpg
PLANT-00419,gentiana alba,Gentiana alba,"Plain Gentian, Yellow Gentian, Cream Gentian",Arkansas | Illinois | Indiana | Iowa | Kansas | Kentucky | Maryland | Michigan | Minnesota | Missouri | Nebraska | North Carolina | Ohio | Oklahoma | Pennsylvania | West Virginia | Wisconsin,Herbaceous perennial,Full sun to part shade,Medium,Medium,3,7,August,October,GEAL4,Gentianaceae,Herb,Perennial,Up to about 3 feet tall.,White,"Aug , Sep , Oct",,Part Shade,Moist,,"Moist, well-drained soils.",,yes,,FALSE,TRUE,FALSE,FALSE,FALSE,FALSE,FALSE,FALSE,FALSE,FALSE,FALSE,FALSE,FALSE,TRUE,TRUE,TRUE,FALSE,FALSE,,,FALSE,FALSE,FALSE,FALSE,FALSE,FALSE,FALSE,TRUE,FALSE,"Plain Gentian, Yellow Gentian, Cream Gentian",https://inaturalist-open-data.s3.amazonaws.com/photos/559206120/medium.jpg
PLANT-00420,gentiana andrewsii,Gentiana andrewsii,"Closed Bottle Gentian, Closed Gentian, Bottle Gentian",Alabama | Arkansas | Colorado | Connecticut | Delaware | Georgia | Illinois | Indiana | Iowa | Kentucky | Maryland | Massachusetts | Michigan | Minnesota | Missouri | Nebraska | New Hampshire | New Jersey | New York | North Dakota | Ohio | Pennsylvania | Rhode Island | South Dakota | Vermont | Virginia | West Virginia | Wisconsin,Herbaceous perennial,Part shade,Medium,Low,3,7,October,October,GEAN,Gentianaceae,Herb,,1 to 4 feet tall.,"White , Blue , Purple","Jul , Aug , Sep , Oct","Medium , High","Part Shade , Shade","Moist , Wet","Acidic (pH<6.8) , Circumneutral (pH 6.8-7.2)","Humus-rich, slightly acidic, sandy loam. Tolerant of lime.",Bees and bumblebees attracted,yes,Propagate by seed or divisions of the root crown. Divide root crowns in fall or early spring and plant 1 ft. apart. Germination of seed requires stratification and exposure to light. Scatter seeds on growing medium – do not scratch in – and cover. Said to be difficult to establish.,FALSE,TRUE,TRUE,FALSE,TRUE,TRUE,FALSE,FALSE,FALSE,FALSE,FALSE,FALSE,TRUE,TRUE,TRUE,TRUE,FALSE,FALSE,,,FALSE,FALSE,FALSE,FALSE,FALSE,FALSE,FALSE,TRUE,FALSE,"Closed Bottle Gentian, Closed Gentian, Bottle Gentian",https://inaturalist-open-data.s3.amazonaws.com/photos/6893506/medium.jpeg
PLANT-00421,geranium maculatum,Geranium maculatum,"Spotted Geranium, Wild Geranium, Cranesbill",Alabama | Arkansas | Connecticut | Delaware | Georgia | Illinois | Indiana | Iowa | Kansas | Kentucky | Louisiana | Maine | Maryland | Michigan | Minnesota | Mississippi | Missouri | Nebraska | New Hampshire | New Jersey | New York | North Carolina | North Dakota | Ohio | Oklahoma | Pennsylvania | Rhode Island | South Carolina | South Dakota | Tennessee | Vermont | Virginia | West Virginia | Wisconsin,Herbaceous perennial,Full sun to part shade,Medium,Medium,3,8,April,May,GEMA,Geraniaceae,Herb,Perennial,Up to about 3 feet tall.,"White , Pink , Purple","Mar , Apr , May , Jun , Jul",Medium,"Part Shade , Shade",Moist,Acidic (pH<6.8),"Rich, acid","Seeds attract Mourning Doves, Bobwhite Quail, and White-tailed Deer",yes,Seeds may be sown outside in late fall or the following spring without any cold treatment. The species may also be propagated by,FALSE,TRUE,TRUE,FALSE,TRUE,FALSE,FALSE,FALSE,TRUE,TRUE,TRUE,TRUE,TRUE,FALSE,FALSE,FALSE,FALSE,FALSE,,,FALSE,FALSE,FALSE,FALSE,FALSE,FALSE,FALSE,TRUE,FALSE,"Spotted Geranium, Wild Geranium, Cranesbill",https://inaturalist-open-data.s3.amazonaws.com/photos/3489641/medium.JPG
PLANT-00422,geranium maculatum f. albiflorum,Geranium maculatum f. albiflorum,wild geranium,Connecticut | Indiana | Maine | Massachusetts | Michigan | New Hampshire | New Jersey | New York | Ohio | Pennsylvania | Rhode Island | Vermont | West Virginia,Herbaceous perennial,Full sun to part shade,Medium,Medium,3,8,April,May,,,,,,,,,,,,,,,,,,,,,,,,,,,,,,,,,,,,FALSE,FALSE,FALSE,FALSE,FALSE,FALSE,FALSE,FALSE,FALSE,wild geranium,
PLANT-00423,geum rivale,Geum rivale,"Purple Avens, Water Avens",Connecticut | Illinois | Indiana | Maine | Maryland | Massachusetts | Michigan | Minnesota | Montana | New Hampshire | New Jersey | New Mexico | New York | North Dakota | Ohio | Pennsylvania | Rhode Island | South Dakota | Vermont | Washington | West Virginia | Wisconsin | Wyoming,Herbaceous perennial,Full sun to part shade,Medium to wet,Medium,3,7,May,August,GERI2,Rosaceae,Herb,Perennial,Up to about 2-1/2 feet tall.,"Yellow , Purple","Apr , May , Jun , Jul , Aug",High,Sun,Wet,Acidic (pH<6.8),"Wet to moist, acid soils.",,yes,Will grow from seed.,TRUE,FALSE,FALSE,FALSE,FALSE,TRUE,FALSE,FALSE,FALSE,TRUE,TRUE,TRUE,TRUE,TRUE,FALSE,FALSE,FALSE,FALSE,,,FALSE,FALSE,FALSE,FALSE,FALSE,FALSE,FALSE,TRUE,FALSE,"Purple Avens, Water Avens",https://inaturalist-open-data.s3.amazonaws.com/photos/3643565/medium.JPG
PLANT-00424,geum triflorum,Geum triflorum,"Old Man's Whiskers, Prairie Smoke, Purple Avens",Arizona | Colorado | Illinois | Iowa | Michigan | Minnesota | Montana | New Mexico | New York | North Dakota | South Dakota | Wisconsin | Wyoming,Herbaceous perennial,Full sun,Dry,Low,3,7,May,July,GETR,Rosaceae,Herb,Perennial,Up to about 18 inches tall.,"White , Red , Pink , Yellow , Purple","Apr , May , Jun",Medium,"Sun , Part Shade , Shade","Dry , Moist",Circumneutral (pH 6.8-7.2),Thin soil over limestone.,,yes,Prairie smoke can be grown from seeds or from divisions.,TRUE,TRUE,TRUE,FALSE,TRUE,FALSE,FALSE,FALSE,FALSE,TRUE,TRUE,TRUE,FALSE,FALSE,FALSE,FALSE,FALSE,FALSE,,,FALSE,FALSE,FALSE,FALSE,FALSE,FALSE,FALSE,TRUE,FALSE,"Old Man's Whiskers, Prairie Smoke, Purple Avens",https://inaturalist-open-data.s3.amazonaws.com/photos/235344228/medium.jpeg
PLANT-00425,gillenia stipulata,Gillenia stipulata,American Ipecac,Alabama | Arkansas | Georgia | Illinois | Indiana | Kansas | Kentucky | Louisiana | Maryland | Michigan | Mississippi | Missouri | New York | North Carolina | Ohio | Oklahoma | Pennsylvania | Tennessee | Texas | Virginia | West Virginia,Herbaceous perennial,Part shade,Medium,Low,4,8,May,June,GIST5,Rosaceae,Herb,Perennial,Up to about 3 feet tall.,"White , Pink","Apr , May , Jun , Jul",,,,,,,,,FALSE,FALSE,FALSE,FALSE,FALSE,FALSE,FALSE,FALSE,FALSE,TRUE,TRUE,TRUE,TRUE,FALSE,FALSE,FALSE,FALSE,FALSE,,,FALSE,FALSE,FALSE,FALSE,FALSE,FALSE,FALSE,TRUE,FALSE,American Ipecac,https://static.inaturalist.org/photos/1931811/medium.jpg
PLANT-00426,glandularia canadensis,Glandularia canadensis,"Rose Vervain, Sweet William, Rose Mock Vervain",Alabama | Arkansas | Colorado | Connecticut | Florida | Georgia | Illinois | Indiana | Iowa | Kansas | Kentucky | Louisiana | Michigan | Minnesota | Mississippi | Missouri | Nebraska | New Mexico | New York | North Carolina | Ohio | Oklahoma | Pennsylvania | South Carolina | Tennessee | Texas | Virginia | West Virginia | Wisconsin,Herbaceous perennial,Full sun,Dry to medium,Low,5,9,May,August,GLCA2,Verbenaceae,Herb,Perennial,Up to 10 inches high.,Pink,"Feb , Mar , Apr , May , Jun , Jul , Aug , Sep",Medium,Part Shade,Moist,Acidic (pH<6.8),"Poor, acidic, sandy or rocky, moist but well-drained soils","Attracts butterflies, rabbits, and deer.",yes,"Seed sown in spring or fall, cuttings, and root division are methods of propagation.",FALSE,TRUE,FALSE,FALSE,TRUE,FALSE,FALSE,TRUE,TRUE,TRUE,TRUE,TRUE,TRUE,TRUE,TRUE,FALSE,FALSE,FALSE,,,FALSE,FALSE,FALSE,FALSE,FALSE,FALSE,FALSE,TRUE,FALSE,"Rose Vervain, Sweet William, Rose Mock Vervain",https://static.inaturalist.org/photos/368776321/medium.jpg
PLANT-00427,gleditsia triacanthos,Gleditsia triacanthos,"Honey Locust, Common Honey Locust, Thorny Common Honey Locust, Honey Shucks Locust, Sweet Locust, Thorny Locust, Honey Shucks, Sweet Bean Tree",Alabama | Arkansas | Delaware | Florida | Georgia | Illinois | Indiana | Iowa | Kansas | Kentucky | Louisiana | Maryland | Michigan | Minnesota | Mississippi | Missouri | Nebraska | North Carolina | North Dakota | Ohio | Oklahoma | Pennsylvania | South Carolina | South Dakota | Tennessee | Texas | Virginia | West Virginia | Wisconsin,Tree,Full sun,Medium,Medium,3,8,May,June,GLTR,Fabaceae,Tree,Perennial,Up to about 75 feet tall.,Yellow,"May , Jun",Medium,Part Shade,Moist,Circumneutral (pH 6.8-7.2),"Moist, deep, well-drained soil. Medium Loam, Clay Loam, Clay","Cover, Nesting site, Browse, Fruit-mammals, Nectar-butterflies, Nectar-bees.",yes,"Scarified seeds will germinate readily. Thornless forms come true about half of the time. Transplanting is easy. Cutting from male-flowered branches grow into trees with pollen flowers only, so they do not produce fruit. (Kershaw)",FALSE,TRUE,FALSE,FALSE,TRUE,FALSE,FALSE,FALSE,FALSE,FALSE,TRUE,TRUE,FALSE,FALSE,FALSE,FALSE,FALSE,FALSE,,,FALSE,FALSE,FALSE,FALSE,FALSE,FALSE,FALSE,TRUE,FALSE,"Honey Locust, Common Honey Locust, Thorny Common Honey Locust, Honey Shucks Locust, Sweet Locust, Thorny Locust, Honey Shucks, Sweet Bean Tree",https://static.inaturalist.org/photos/18938610/medium.jpeg
PLANT-00428,gomphrena haageana,Gomphrena haageana,Rio Grande Globe Amaranth,New Mexico | Texas,Herbaceous perennial,Full sun,Medium,Low,9,11,June,To frost,GOHA,Amaranthaceae,Herb,Perennial,,"Red , Pink , Purple","Sep , Oct , Nov",,,,,,,,,FALSE,FALSE,FALSE,FALSE,FALSE,FALSE,FALSE,FALSE,FALSE,FALSE,FALSE,FALSE,FALSE,FALSE,TRUE,TRUE,TRUE,FALSE,,,FALSE,FALSE,FALSE,FALSE,FALSE,FALSE,FALSE,TRUE,FALSE,Rio Grande Globe Amaranth,https://inaturalist-open-data.s3.amazonaws.com/photos/106282981/medium.jpeg
PLANT-00429,goodyera pubescens,Goodyera pubescens,Downy Rattlesnake Plantain,Alabama | Arkansas | Connecticut | Delaware | Florida | Georgia | Indiana | Kentucky | Maine | Maryland | Massachusetts | Michigan | Mississippi | Missouri | New Hampshire | New Jersey | New York | North Carolina | Ohio | Oklahoma | Pennsylvania | Rhode Island | South Carolina | Tennessee | Vermont | Virginia | West Virginia,Orchid,Part shade to full shade,Medium,Medium,5,9,July,September,GOPU,Orchidaceae,Herb,Perennial,Up to about 14 inches tall.,White,"May , Jun , Jul , Aug , Sep",,Part Shade,"Dry , Moist",,"Clay, Loam, Sand",,,,FALSE,TRUE,FALSE,FALSE,FALSE,FALSE,FALSE,FALSE,FALSE,FALSE,TRUE,TRUE,TRUE,TRUE,TRUE,FALSE,FALSE,FALSE,,,FALSE,FALSE,FALSE,FALSE,FALSE,FALSE,FALSE,TRUE,FALSE,Downy Rattlesnake Plantain,https://inaturalist-open-data.s3.amazonaws.com/photos/294543324/medium.png
PLANT-00430,grindelia lanceolata,Grindelia lanceolata,"Narrowleaf Gumweed, Fall Gumweed",Alabama | Arkansas | Connecticut | Kansas | Kentucky | Louisiana | Mississippi | Missouri | New Mexico | Ohio | Oklahoma | Tennessee | Texas | Virginia | Wisconsin,Herbaceous perennial,Full sun,Dry to medium,Low,4,8,June,September,GRLA3,Asteraceae,Biennial,Perennial,"Up to about 5 feet tall, often shorter.",Yellow,"Jun , Jul , Aug , Sep , Oct",,,,,,,,,FALSE,FALSE,FALSE,FALSE,FALSE,FALSE,FALSE,FALSE,FALSE,FALSE,FALSE,TRUE,TRUE,TRUE,TRUE,TRUE,FALSE,FALSE,,,FALSE,FALSE,FALSE,FALSE,FALSE,FALSE,FALSE,TRUE,FALSE,"Narrowleaf Gumweed, Fall Gumweed",https://inaturalist-open-data.s3.amazonaws.com/photos/2335705/medium.jpg
PLANT-00431,guaiacum sanctum,Guaiacum sanctum,lignum vitae,Florida,Broadleaf evergreen,Full sun to part shade,Medium,Low,10,11,Seasonal bloomer,Seasonal bloomer,,,,,,,,,,,,,,,,,,,,,,,,,,,,,,,,,,,,FALSE,FALSE,FALSE,FALSE,FALSE,FALSE,FALSE,FALSE,FALSE,lignum vitae,https://inaturalist-open-data.s3.amazonaws.com/photos/175155623/medium.jpg
PLANT-00432,gymnocladus dioicus,Gymnocladus dioicus,"Kentucky Coffeetree, Stump Tree",Alabama | Arkansas | Connecticut | Illinois | Indiana | Iowa | Kansas | Kentucky | Maryland | Michigan | Minnesota | Mississippi | Missouri | Nebraska | New York | North Dakota | Ohio | Oklahoma | Pennsylvania | South Carolina | South Dakota | Tennessee | Texas | Virginia | West Virginia | Wisconsin,Tree,Full sun,Medium,Low,3,8,May,June,GYDI,Fabaceae,Tree,Perennial,Up to about 100 feet tall.,"White , Green , Brown",Jun,,"Sun , Part Shade , Shade","Dry , Moist",Circumneutral (pH 6.8-7.2),"Deep, rich, moist sandy loams or silty clays.",,yes,Reproduce with root cuttings or scarified seed.,TRUE,TRUE,TRUE,FALSE,FALSE,FALSE,FALSE,FALSE,FALSE,FALSE,FALSE,TRUE,FALSE,FALSE,FALSE,FALSE,FALSE,FALSE,,,FALSE,FALSE,FALSE,FALSE,FALSE,FALSE,FALSE,TRUE,FALSE,"Kentucky Coffeetree, Stump Tree",https://inaturalist-open-data.s3.amazonaws.com/photos/71051208/medium.jpg
PLANT-00433,halesia carolina,Halesia carolina,Carolina Silverbell,Alabama | Arkansas | Florida | Georgia | Illinois | Indiana | Kentucky | Massachusetts | Michigan | Mississippi | New Jersey | New York | North Carolina | Ohio | Oklahoma | Pennsylvania | South Carolina | Tennessee | Virginia | West Virginia,Tree,Full sun to part shade,Medium,Low,4,8,April,April,HACA3,Styracaceae,Tree,Perennial,Up to about 75 feet tall.,White,"Mar , Apr , May",Medium,Shade,,,,,,,FALSE,FALSE,TRUE,FALSE,TRUE,FALSE,FALSE,FALSE,TRUE,TRUE,TRUE,FALSE,FALSE,FALSE,FALSE,FALSE,FALSE,FALSE,,,FALSE,FALSE,FALSE,FALSE,FALSE,FALSE,FALSE,TRUE,FALSE,Carolina Silverbell,https://static.inaturalist.org/photos/34034090/medium.jpg
PLANT-00434,halesia diptera,Halesia diptera,"Two-wing Silverbell, Two-winged Silverbell, Silverbell, American Snowdrop Tree, Snowdrop Tree, Snowbell, Cowlicks",Alabama | Arkansas | Florida | Georgia | Louisiana | Mississippi | South Carolina | Texas,Tree,Full sun to part shade,Medium,Low,5,8,April,May,HADI3,Styracaceae,Shrub,Perennial,"Up to about 35 feet tall, often much shorter.",White,"Mar , Apr , May , Jun",Medium,Part Shade,Dry,Acidic (pH<6.8),"Rich, well-drained soils. Sandy, Sandy Loam, Medium Loam, Acid-based",,yes,"Cuttings are difficult to root; those that do root should not be transplanted until growth flushes the following spring. Seeds require a period of after-ripening followed by cold, moist stratification.",FALSE,TRUE,FALSE,FALSE,TRUE,FALSE,FALSE,FALSE,TRUE,TRUE,TRUE,TRUE,FALSE,FALSE,FALSE,FALSE,FALSE,FALSE,,,FALSE,FALSE,FALSE,FALSE,FALSE,FALSE,FALSE,TRUE,FALSE,"Two-wing Silverbell, Two-winged Silverbell, Silverbell, American Snowdrop Tree, Snowdrop Tree, Snowbell, Cowlicks",https://inaturalist-open-data.s3.amazonaws.com/photos/1653811/medium.JPG
PLANT-00435,halesia monticola,Halesia monticola,silverbell tree,Georgia | Kentucky | North Carolina | Tennessee,Tree,Full sun to part shade,Medium,Low,5,8,April,May,,,,,,,,,,,,,,,,,,,,,,,,,,,,,,,,,,,,FALSE,FALSE,FALSE,FALSE,FALSE,FALSE,FALSE,FALSE,FALSE,silverbell tree,https://static.inaturalist.org/photos/34034090/medium.jpg
PLANT-00436,hamamelis vernalis,Hamamelis vernalis,"Ozark Witch-hazel, Vernal Witch-hazel",Arkansas | Louisiana | Missouri | Oklahoma | Texas,Deciduous shrub,Full sun to part shade,Medium,Low,4,8,January,April,HAVE2,Hamamelidaceae,Shrub,Perennial,Up to about 15 feet tall.,"Red , Orange , Yellow","Jan , Feb , Mar , Dec",,Part Shade,,Acidic (pH<6.8),Gravelly to clay soils.,,yes,Seeds sown immediately after collection will be exposed to a period of warm temperatures to complete after-ripening. Pretreated seed must be double-stratified seed. Witch hazel can be layered from new wood. Rooted cuttings supposedly come easier from,FALSE,TRUE,FALSE,FALSE,FALSE,FALSE,TRUE,TRUE,TRUE,FALSE,FALSE,FALSE,FALSE,FALSE,FALSE,FALSE,FALSE,TRUE,,,FALSE,FALSE,FALSE,FALSE,FALSE,FALSE,FALSE,TRUE,FALSE,"Ozark Witch-hazel, Vernal Witch-hazel",https://inaturalist-open-data.s3.amazonaws.com/photos/1529016/medium.jpg
PLANT-00437,hamamelis virginiana,Hamamelis virginiana,"Witch-hazel, American Witch-hazel, Common Witch-hazel, Winterbloom, Snapping Hazelnut, Striped Alder, Spotted Alder, Tobacco-wood, Water-witch",Alabama | Arkansas | Connecticut | Delaware | Florida | Georgia | Illinois | Indiana | Iowa | Kentucky | Louisiana | Maine | Maryland | Massachusetts | Michigan | Minnesota | Mississippi | Missouri | New Hampshire | New Jersey | New York | North Carolina | Ohio | Oklahoma | Pennsylvania | Rhode Island | South Carolina | Tennessee | Texas | Vermont | Virginia | West Virginia | Wisconsin,Deciduous shrub,Full sun to part shade,Medium,Low,3,8,October,December,HAVI4,Hamamelidaceae,Tree,Perennial,"Up to about 35 feet tall, often much shorter.","Orange , Yellow , Green , Brown","Sep , Oct , Nov , Dec",Medium,"Part Shade , Shade","Dry , Moist",Acidic (pH<6.8),"Rich, well-drained soil. Sandy, Sandy Loam, Medium Loam, Clay Loam, Clay, Acid-based, Calcareous","Birds eat the fruits (small brown capsules). Browsed by deer and beaver. Seeds-granivorous birds, Seeds-Small mammals",yes,Seeds sown immediately after collection will be exposed to a period of warm temperatures to complete after-ripening. Pretreated seed must be double-stratified seed. Witch hazel can be layered from new wood.,FALSE,TRUE,TRUE,FALSE,TRUE,FALSE,FALSE,FALSE,FALSE,FALSE,FALSE,FALSE,FALSE,FALSE,TRUE,TRUE,TRUE,TRUE,,,FALSE,FALSE,FALSE,FALSE,FALSE,FALSE,FALSE,TRUE,FALSE,"Witch-hazel, American Witch-hazel, Common Witch-hazel, Winterbloom, Snapping Hazelnut, Striped Alder, Spotted Alder, Tobacco-wood, Water-witch",https://inaturalist-open-data.s3.amazonaws.com/photos/102104076/medium.jpeg
PLANT-00438,hasteola suaveolens,Hasteola suaveolens,"False Indian Plantain, Sweet Indian Plantain",Connecticut | Georgia | Illinois | Indiana | Iowa | Kentucky | Maine | Maryland | Massachusetts | Minnesota | Missouri | New Jersey | New York | North Carolina | Ohio | Pennsylvania | Rhode Island | Tennessee | Virginia | West Virginia | Wisconsin,Herbaceous perennial,Full sun to part shade,Medium to wet,Low,5,8,July,September,HASU3,Asteraceae,Herb,,Up to about 7 feet tall.,"White , Pink","Aug , Sep , Oct , Nov",,,,,,,,,FALSE,FALSE,FALSE,FALSE,FALSE,FALSE,FALSE,FALSE,FALSE,FALSE,FALSE,FALSE,FALSE,TRUE,TRUE,TRUE,TRUE,FALSE,,,FALSE,FALSE,FALSE,FALSE,FALSE,FALSE,FALSE,TRUE,FALSE,"False Indian Plantain, Sweet Indian Plantain",https://inaturalist-open-data.s3.amazonaws.com/photos/9558215/medium.jpg
PLANT-00439,heimia salicifolia,Heimia salicifolia,shrubby yellowcrest,Arizona | California | Nevada | Utah,Deciduous shrub,Full sun to part shade,Medium,Medium,9,11,July,October,,,,,,,,,,,,,,,,,,,,,,,,,,,,,,,,,,,,FALSE,FALSE,FALSE,FALSE,FALSE,FALSE,FALSE,FALSE,FALSE,shrubby yellowcrest,https://inaturalist-open-data.s3.amazonaws.com/photos/204567766/medium.jpeg
PLANT-00440,helenium amarum,Helenium amarum,"Yellow Sneezeweed, Bitterweed, Yellow Bitterweed, Yellowdicks, Slender-leaved Sneezeweed, Fine-leaved Sneezweed, Yellow Dog-fennel",Louisiana | New Mexico | Oklahoma | Texas,Annual,Full sun to part shade,Dry to medium,Low,3,10,August,October,HEAM,Asteraceae,Herb,Annual,Up to about 3 feet tall.,Yellow,"Feb , Mar , Apr , May , Jun , Jul , Aug , Sep , Oct , Nov , Dec",Low,Part Shade,Dry,,"Disturbed, Acid-based, Calcareous, Limestone-based, Sandy, Sandy Loam, Medium Loam, Clay Loam, Clay.",,,,FALSE,TRUE,FALSE,TRUE,FALSE,FALSE,FALSE,TRUE,TRUE,TRUE,TRUE,TRUE,TRUE,TRUE,TRUE,TRUE,TRUE,TRUE,,,FALSE,FALSE,FALSE,FALSE,FALSE,FALSE,FALSE,TRUE,FALSE,"Yellow Sneezeweed, Bitterweed, Yellow Bitterweed, Yellowdicks, Slender-leaved Sneezeweed, Fine-leaved Sneezweed, Yellow Dog-fennel",https://inaturalist-open-data.s3.amazonaws.com/photos/449507154/medium.jpg
PLANT-00441,helenium autumnale,Helenium autumnale,"Common Sneezeweed, Fall Sneezeweed, Autumn Sneezeweed",Alabama | Arizona | Arkansas | California | Colorado | Connecticut | Delaware | Florida | Georgia | Idaho | Illinois | Indiana | Iowa | Kansas | Kentucky | Louisiana | Maine | Maryland | Massachusetts | Michigan | Minnesota | Mississippi | Missouri | Montana | Nebraska | Nevada | New Jersey | New Mexico | New York | North Carolina | North Dakota | Ohio | Oklahoma | Oregon | Pennsylvania | Rhode Island | South Carolina | South Dakota | Tennessee | Texas | Utah | Vermont | Virginia | Washington | West Virginia | Wisconsin | Wyoming,Herbaceous perennial,Full sun,Medium to wet,Medium,3,8,August,October,HEAU,Asteraceae,Herb,,Up to about 5 feet tall.,Yellow,"Jul , Aug , Sep , Oct",Medium,Sun,Moist,,Moist clay soils.,,yes,Propagate by seeds.,TRUE,FALSE,FALSE,FALSE,TRUE,FALSE,FALSE,FALSE,FALSE,FALSE,FALSE,FALSE,TRUE,TRUE,TRUE,TRUE,FALSE,FALSE,,,FALSE,FALSE,FALSE,FALSE,FALSE,FALSE,FALSE,TRUE,FALSE,"Common Sneezeweed, Fall Sneezeweed, Autumn Sneezeweed",https://inaturalist-open-data.s3.amazonaws.com/photos/168217302/medium.jpg
PLANT-00442,helenium flexuosum,Helenium flexuosum,"Purplehead Sneezeweed, Purple-head Sneezeweed",Alabama | Arkansas | Connecticut | Delaware | Florida | Georgia | Illinois | Indiana | Kansas | Kentucky | Louisiana | Maine | Maryland | Massachusetts | Michigan | Minnesota | Mississippi | Missouri | New Hampshire | New Jersey | New York | North Carolina | Ohio | Oklahoma | Pennsylvania | Rhode Island | South Carolina | Tennessee | Texas | Vermont | Virginia | West Virginia | Wisconsin,Herbaceous perennial,Full sun,Medium to wet,Medium,5,9,August,October,HEFL,Asteraceae,Herb,Perennial,Up to about 3 feet tall.,"Yellow , Purple , Brown","Apr , May , Jun , Jul , Aug , Sep , Oct",Low,Sun,,,,,,,TRUE,FALSE,FALSE,TRUE,FALSE,FALSE,FALSE,FALSE,FALSE,TRUE,TRUE,TRUE,TRUE,TRUE,TRUE,TRUE,FALSE,FALSE,,,FALSE,FALSE,FALSE,FALSE,FALSE,FALSE,FALSE,TRUE,FALSE,"Purplehead Sneezeweed, Purple-head Sneezeweed",https://inaturalist-open-data.s3.amazonaws.com/photos/146472961/medium.jpeg
PLANT-00443,helenium virginicum,Helenium virginicum,sneezeweed,Missouri | Virginia,Herbaceous perennial,Full sun,Medium to wet,Low,5,8,September,October,,,,,,,,,,,,,,,,,,,,,,,,,,,,,,,,,,,,FALSE,FALSE,FALSE,FALSE,FALSE,FALSE,FALSE,FALSE,FALSE,sneezeweed,https://inaturalist-open-data.s3.amazonaws.com/photos/94794987/medium.jpeg
PLANT-00444,helianthella quinquenervis,Helianthella quinquenervis,Fivenerve Helianthella,Arizona | Colorado | Idaho | Montana | Nevada | New Mexico | Oregon | South Dakota | Utah | Wyoming,Herbaceous perennial,Full sun,Medium,Low,3,8,July,September,HEQU2,Asteraceae,Herb,Perennial,Up to about 5 feet tall.,Yellow,"Jun , Jul , Aug",,,,,,,,,FALSE,FALSE,FALSE,FALSE,FALSE,FALSE,FALSE,FALSE,FALSE,FALSE,FALSE,TRUE,TRUE,TRUE,FALSE,FALSE,FALSE,FALSE,,,FALSE,FALSE,FALSE,FALSE,FALSE,FALSE,FALSE,TRUE,FALSE,Fivenerve Helianthella,https://inaturalist-open-data.s3.amazonaws.com/photos/215824611/medium.jpeg
PLANT-00445,helianthus annuus,Helianthus annuus,"Common Sunflower, Annual Sunflower",Alaska | Arizona | Arkansas | California | Colorado | Indiana | Kansas | Louisiana | Massachusetts | Missouri | Nevada | New Jersey | New York | North Carolina | Ohio | Oklahoma | Oregon | Rhode Island | South Carolina | South Dakota | Washington | Wisconsin,Annual,Full sun,Dry to medium,Low,2,11,July,August,HEAN3,Asteraceae,Herb,Annual,From 1-1/2 to about 10 feet tall.,"Red , Yellow , Brown","Jun , Jul , Aug , Sep , Oct , Nov",Medium,Sun,Dry,,"Dry, disturbed clays or heavy sands.",Sunflowers intermixed with other annuals provide good cover for many species of wildlife. Seeds are sought by many species of wild birds.,yes,Use treated seeds. Germination is poor.,TRUE,FALSE,FALSE,FALSE,TRUE,FALSE,FALSE,FALSE,FALSE,FALSE,FALSE,TRUE,TRUE,TRUE,TRUE,TRUE,TRUE,FALSE,,,FALSE,FALSE,FALSE,FALSE,FALSE,FALSE,FALSE,TRUE,FALSE,"Common Sunflower, Annual Sunflower",https://inaturalist-open-data.s3.amazonaws.com/photos/323768723/medium.jpg
PLANT-00446,helianthus divaricatus,Helianthus divaricatus,"Woodland Sunflower, Rough Sunflower",Alabama | Arkansas | Connecticut | Delaware | Florida | Georgia | Illinois | Indiana | Iowa | Kentucky | Louisiana | Maine | Maryland | Massachusetts | Michigan | Mississippi | Missouri | New Hampshire | New Jersey | New York | North Carolina | Ohio | Oklahoma | Pennsylvania | Rhode Island | South Carolina | Tennessee | Vermont | Virginia | West Virginia | Wisconsin,Herbaceous perennial,Part shade,Dry to medium,Low,3,8,July,September,HEDI2,Asteraceae,Herb,Perennial,Up to about 5 feet tall.,Yellow,"Jun , Jul , Aug , Sep",,"Sun , Part Shade , Shade",Dry,,Sandy,,,,TRUE,TRUE,TRUE,FALSE,FALSE,FALSE,FALSE,FALSE,FALSE,FALSE,FALSE,TRUE,TRUE,TRUE,TRUE,FALSE,FALSE,FALSE,,,FALSE,FALSE,FALSE,FALSE,FALSE,FALSE,FALSE,TRUE,FALSE,"Woodland Sunflower, Rough Sunflower",https://inaturalist-open-data.s3.amazonaws.com/photos/301948903/medium.jpg
PLANT-00447,helianthus maximiliani,Helianthus maximiliani,"Maximilian Sunflower, Max Sunflower",Alabama | Arkansas | California | Colorado | Connecticut | Idaho | Illinois | Indiana | Iowa | Kansas | Kentucky | Maine | Maryland | Massachusetts | Michigan | Minnesota | Mississippi | Missouri | Montana | Nebraska | New Jersey | New Mexico | New York | North Carolina | North Dakota | Ohio | Oklahoma | Pennsylvania | South Carolina | South Dakota | Tennessee | Texas | Virginia | Washington | West Virginia | Wisconsin | Wyoming,Herbaceous perennial,Full sun,Dry to medium,Medium,4,9,August,September,HEMA2,Asteraceae,Herb,Perennial,Up to about 10 feet tall.,"Yellow , Brown","Aug , Sep , Oct , Nov",Low,Sun,"Dry , Moist",,"Prefers moist clay-like soil, but tolerant of a wide range of soils including Limestone-based, Sandy, Sandy Loam, Medium Loam, Clay Loam, Clay.","This species is palatable to deer and numerous species of birds who eat the seeds. It is also a useful wildlife cover plant. Nectar-Bees, Nectar-Butterflies",yes,Excellent germination occurs with seeds that have been refrigerated over winter.,TRUE,FALSE,FALSE,TRUE,FALSE,FALSE,FALSE,FALSE,FALSE,FALSE,FALSE,FALSE,FALSE,TRUE,TRUE,TRUE,TRUE,FALSE,,,FALSE,FALSE,FALSE,FALSE,FALSE,FALSE,FALSE,TRUE,FALSE,"Maximilian Sunflower, Max Sunflower",https://inaturalist-open-data.s3.amazonaws.com/photos/1456982/medium.JPG
PLANT-00448,helianthus mollis,Helianthus mollis,"Ashy Sunflower, Downy Sunflower",Alabama | Arkansas | Connecticut | Delaware | Georgia | Illinois | Indiana | Iowa | Kansas | Kentucky | Louisiana | Maine | Maryland | Massachusetts | Michigan | Mississippi | Missouri | Nebraska | New Jersey | New York | North Carolina | Ohio | Oklahoma | Pennsylvania | Rhode Island | South Carolina | Tennessee | Texas | Virginia | West Virginia | Wisconsin,Herbaceous perennial,Full sun,Dry to medium,Low,4,9,July,September,HEMO2,Asteraceae,Herb,Perennial,Up to about 6 feet tall.,"Yellow , Brown","Jun , Jul , Aug , Sep",,,,,,,,,FALSE,FALSE,FALSE,FALSE,FALSE,FALSE,FALSE,FALSE,FALSE,FALSE,FALSE,TRUE,TRUE,TRUE,TRUE,FALSE,FALSE,FALSE,,,FALSE,FALSE,FALSE,FALSE,FALSE,FALSE,FALSE,TRUE,FALSE,"Ashy Sunflower, Downy Sunflower",https://inaturalist-open-data.s3.amazonaws.com/photos/142173743/medium.jpg
PLANT-00449,helianthus occidentalis,Helianthus occidentalis,"Fewleaf Sunflower, Western Sunflower",Arkansas | Florida | Georgia | Illinois | Indiana | Iowa | Kansas | Kentucky | Louisiana | Maryland | Michigan | Minnesota | Missouri | Nebraska | New Jersey | North Carolina | Ohio | Pennsylvania | Tennessee | Texas | Virginia | West Virginia | Wisconsin,Herbaceous perennial,Full sun,Dry to medium,Medium,4,8,August,September,HEOC2,Asteraceae,Herb,Perennial,Up to about 5 feet tall.,Yellow,"Jun , Jul , Aug , Sep , Oct , Nov",,Sun,"Dry , Moist",,,,,,TRUE,FALSE,FALSE,FALSE,FALSE,FALSE,FALSE,FALSE,FALSE,FALSE,FALSE,TRUE,TRUE,TRUE,TRUE,TRUE,TRUE,FALSE,,,FALSE,FALSE,FALSE,FALSE,FALSE,FALSE,FALSE,TRUE,FALSE,"Fewleaf Sunflower, Western Sunflower",https://inaturalist-open-data.s3.amazonaws.com/photos/1108389/medium.jpg
PLANT-00450,helianthus salicifolius,Helianthus salicifolius,"Willowleaf Sunflower, Willow-leaved Sunflower",Kansas | Missouri | Nebraska | Oklahoma | Texas,Herbaceous perennial,Full sun,Medium,Medium,4,9,September,October,HESA2,Asteraceae,Herb,Perennial,Up to about 8 feet tall.,"Red , Yellow","Aug , Sep , Oct , Nov",,,,,,,,,FALSE,FALSE,FALSE,FALSE,FALSE,FALSE,FALSE,FALSE,FALSE,FALSE,FALSE,FALSE,FALSE,TRUE,TRUE,TRUE,TRUE,FALSE,,,FALSE,FALSE,FALSE,FALSE,FALSE,FALSE,FALSE,TRUE,FALSE,"Willowleaf Sunflower, Willow-leaved Sunflower",https://static.inaturalist.org/photos/96232956/medium.jpeg
PLANT-00451,helianthus silphioides,Helianthus silphioides,rosinweed sunflower,Alabama | Arkansas | Illinois | Kentucky | Louisiana | Mississippi | Missouri | Oklahoma | Tennessee,Herbaceous perennial,Full sun,Dry to medium,Low,5,9,August,October,,,,,,,,,,,,,,,,,,,,,,,,,,,,,,,,,,,,FALSE,FALSE,FALSE,FALSE,FALSE,FALSE,FALSE,FALSE,FALSE,rosinweed sunflower,https://inaturalist-open-data.s3.amazonaws.com/photos/17887039/medium.jpeg
PLANT-00452,helianthus tuberosus,Helianthus tuberosus,"Jerusalem Artichoke, Sunchoke",Alabama | Arkansas | California | Colorado | Connecticut | Delaware | Florida | Idaho | Illinois | Indiana | Iowa | Kansas | Louisiana | Maine | Maryland | Massachusetts | Michigan | Minnesota | Missouri | Montana | Nebraska | New Jersey | New York | North Carolina | Ohio | Oklahoma | Oregon | Rhode Island | South Carolina | South Dakota | Texas | Utah | Vermont | Virginia | Washington | West Virginia | Wisconsin | Wyoming,Herbaceous perennial,Full sun to part shade,Dry to medium,Low,3,9,August,September,HETU,Asteraceae,Herb,Perennial,Up to about 10 feet tall.,Yellow,"Aug , Sep , Oct , Nov",Low,Sun,"Dry , Moist",,Moist to drying soil.,Foliage and tubers are eaten by livestock and deer. Seed heads attract birds. The plant provides cover for wildlife.,,,TRUE,FALSE,FALSE,TRUE,FALSE,FALSE,FALSE,FALSE,FALSE,FALSE,FALSE,FALSE,FALSE,TRUE,TRUE,TRUE,TRUE,FALSE,,,FALSE,FALSE,FALSE,FALSE,FALSE,FALSE,FALSE,TRUE,FALSE,"Jerusalem Artichoke, Sunchoke",https://inaturalist-open-data.s3.amazonaws.com/photos/47843108/medium.jpg
PLANT-00453,heliopsis helianthoides,Heliopsis helianthoides,"Smooth Oxeye, Oxeye Sunflower, False Sunflower",Alabama | Arkansas | Colorado | Connecticut | Delaware | Florida | Georgia | Illinois | Indiana | Iowa | Kansas | Kentucky | Louisiana | Maine | Maryland | Massachusetts | Michigan | Minnesota | Mississippi | Missouri | Nebraska | New Hampshire | New Jersey | New Mexico | New York | North Carolina | North Dakota | Ohio | Oklahoma | Pennsylvania | Rhode Island | South Carolina | South Dakota | Tennessee | Texas | Vermont | Virginia | Washington | West Virginia | Wisconsin,Herbaceous perennial,Full sun,Dry to medium,Low,3,9,June,August,HEHE5,Asteraceae,Herb,Perennial,Up to about 5 feet tall.,Yellow,"Jun , Jul , Aug , Sep",Low,"Sun , Part Shade",Dry,,Sandy soils.,,yes,"Easily propagated by seed in fall or early spring. Large clumps of ox-eye can be divided, but it is difficult.",TRUE,TRUE,FALSE,TRUE,FALSE,FALSE,FALSE,FALSE,FALSE,FALSE,FALSE,TRUE,TRUE,TRUE,TRUE,FALSE,FALSE,FALSE,,,FALSE,FALSE,FALSE,FALSE,FALSE,FALSE,FALSE,TRUE,FALSE,"Smooth Oxeye, Oxeye Sunflower, False Sunflower",https://inaturalist-open-data.s3.amazonaws.com/photos/309143453/medium.jpeg
PLANT-00454,heliopsis helianthoides var. scabra,Heliopsis helianthoides var. scabra,Smooth Oxeye,Arkansas | Colorado | Connecticut | Illinois | Indiana | Iowa | Kansas | Kentucky | Louisiana | Maine | Massachusetts | Michigan | Minnesota | Missouri | Nebraska | New Hampshire | New Mexico | North Dakota | Ohio | Oklahoma | Rhode Island | South Dakota | Texas | Vermont | Wisconsin,Herbaceous perennial,Full sun,Dry to medium,Low,3,9,June,September,HEHES,Asteraceae,Herb,,Up to about 5 feet tall.,Yellow,"May , Jun , Jul , Aug , Sep",,,,,,,,,FALSE,FALSE,FALSE,FALSE,FALSE,FALSE,FALSE,FALSE,FALSE,FALSE,TRUE,TRUE,TRUE,TRUE,TRUE,FALSE,FALSE,FALSE,,,FALSE,FALSE,FALSE,FALSE,FALSE,FALSE,FALSE,TRUE,FALSE,Smooth Oxeye,
PLANT-00455,hesperaloe parviflora,Hesperaloe parviflora,"Red Yucca, Coral Yucca, Red-flowered False Yucca, Redflower False Yucca, Yellow Yucca, Hummingbird Yucca, Samandoque",Texas,Broadleaf evergreen,Full sun,Dry,Low,5,10,July,August,HEPA8,Agavaceae,Cactus/Succulent,Perennial,Up to about 5 feet tall when flowering.,"Red , Yellow","Feb , Mar , Apr , May , Jun , Jul",Low,Sun,Dry,Circumneutral (pH 6.8-7.2),"Dry soils. Sandy, Sandy Loam, Medium Loam, Clay Loam, Clay, Limestone-based, Caliche type","Deer browse the foliage, while the flowers attract hummingbirds. Nectar-hummingbirds, Fruit-deer",,,TRUE,FALSE,FALSE,TRUE,FALSE,FALSE,FALSE,TRUE,TRUE,TRUE,TRUE,TRUE,TRUE,FALSE,FALSE,FALSE,FALSE,FALSE,,,FALSE,FALSE,FALSE,FALSE,FALSE,FALSE,FALSE,TRUE,FALSE,"Red Yucca, Coral Yucca, Red-flowered False Yucca, Redflower False Yucca, Yellow Yucca, Hummingbird Yucca, Samandoque",https://inaturalist-open-data.s3.amazonaws.com/photos/50202635/medium.jpeg
PLANT-00456,heterotheca camporum,Heterotheca camporum,golden aster,Arkansas | Illinois | Indiana | Missouri,Herbaceous perennial,Full sun,Dry to medium,Low,4,8,July,September,,,,,,,,,,,,,,,,,,,,,,,,,,,,,,,,,,,,FALSE,FALSE,FALSE,FALSE,FALSE,FALSE,FALSE,FALSE,FALSE,golden aster,https://inaturalist-open-data.s3.amazonaws.com/photos/5647562/medium.jpeg
PLANT-00457,heuchera americana,Heuchera americana,"American Alumroot, Alumroot",Alabama | Arkansas | Connecticut | Delaware | Georgia | Illinois | Indiana | Kentucky | Louisiana | Maryland | Michigan | Mississippi | Missouri | New Jersey | New York | North Carolina | Ohio | Oklahoma | Pennsylvania | South Carolina | Tennessee | Virginia | West Virginia,Herbaceous perennial,Full sun to part shade,Medium,Low,4,9,June,August,HEAM6,Saxifragaceae,Herb,Perennial,"Usually around 18 inches high, but can grow to 3 feet","Red , Green , Purple , Brown","Mar , Apr , May , Jun , Jul , Aug","Low , Medium","Part Shade , Shade","Dry , Moist",Acidic (pH<6.8),"Well-drained, humus-rich, acid soils, sometimes rocky. Tolerates poor soil, low moisture, and lime.",,yes,Sow seed in spring. Divide root crown in spring or fall.,FALSE,TRUE,TRUE,TRUE,TRUE,FALSE,FALSE,FALSE,TRUE,TRUE,TRUE,TRUE,TRUE,TRUE,FALSE,FALSE,FALSE,FALSE,,,FALSE,FALSE,FALSE,FALSE,FALSE,FALSE,FALSE,TRUE,FALSE,"American Alumroot, Alumroot",https://inaturalist-open-data.s3.amazonaws.com/photos/3469537/medium.jpg
PLANT-00458,heuchera cylindrica,Heuchera cylindrica,"Roundleaf Alumroot, Poker Heuchera",California | Idaho | Montana | Nevada | New Mexico | Oregon | Washington | Wyoming,Herbaceous perennial,Full sun to part shade,Medium,Medium,3,8,June,July,HECY2,Saxifragaceae,Herb,Perennial,Up to about 3 feet tall when flowering.,White,"Apr , May , Jun , Jul , Aug",Low,"Part Shade , Shade",,,,,,,FALSE,TRUE,TRUE,TRUE,FALSE,FALSE,FALSE,FALSE,FALSE,TRUE,TRUE,TRUE,TRUE,TRUE,FALSE,FALSE,FALSE,FALSE,Bee | Beetle | Wasp,40,TRUE,FALSE,FALSE,FALSE,TRUE,TRUE,FALSE,TRUE,TRUE,"Roundleaf Alumroot, Poker Heuchera",https://static.inaturalist.org/photos/142039331/medium.jpg
PLANT-00459,heuchera parviflora,Heuchera parviflora,Littleflower Alumroot,Alabama | Georgia | Illinois | Indiana | Kentucky | Mississippi | Missouri | North Carolina | Ohio | South Carolina | Tennessee | Virginia | West Virginia,Herbaceous perennial,Part shade to full shade,Dry to medium,Low,5,9,July,September,HEPA10,Saxifragaceae,Herb,Perennial,Up to about 18 inches tall when flowering.,"White , Pink","Jul , Aug , Sep",,,,,,,,,FALSE,FALSE,FALSE,FALSE,FALSE,FALSE,FALSE,FALSE,FALSE,FALSE,FALSE,FALSE,TRUE,TRUE,TRUE,FALSE,FALSE,FALSE,,,FALSE,FALSE,FALSE,FALSE,FALSE,FALSE,FALSE,TRUE,FALSE,Littleflower Alumroot,https://static.inaturalist.org/photos/299981367/medium.jpg
PLANT-00460,heuchera parviflora var. puberula,Heuchera parviflora var. puberula,littleflower alumroot,Arkansas | Illinois | Indiana | Kentucky | Missouri | Tennessee,Herbaceous perennial,Part shade to full shade,Dry to medium,Low,5,9,July,September,,,,,,,,,,,,,,,,,,,,,,,,,,,,,,,,,,,,FALSE,FALSE,FALSE,FALSE,FALSE,FALSE,FALSE,FALSE,FALSE,littleflower alumroot,
PLANT-00461,heuchera richardsonii,Heuchera richardsonii,"Richardson's Alumroot, Prairie Alumroot",Colorado | Illinois | Indiana | Iowa | Kansas | Michigan | Minnesota | Missouri | Montana | Nebraska | North Dakota | Oklahoma | South Dakota | Wisconsin | Wyoming,Herbaceous perennial,Full sun to part shade,Dry to medium,Low,3,9,June,July,HERI,Saxifragaceae,Herb,Perennial,Up to about 3 feet tall.,"White , Pink , Green , Purple","Apr , May , Jun , Jul",,"Sun , Part Shade",Dry,,Sandy or gravelly soils.,"Hummingbirds, Butterflies",yes,,TRUE,TRUE,FALSE,FALSE,FALSE,FALSE,FALSE,FALSE,FALSE,TRUE,TRUE,TRUE,TRUE,FALSE,FALSE,FALSE,FALSE,FALSE,,,FALSE,FALSE,FALSE,FALSE,FALSE,FALSE,FALSE,TRUE,FALSE,"Richardson's Alumroot, Prairie Alumroot",https://static.inaturalist.org/photos/42380936/medium.jpg
PLANT-00462,heuchera sanguinea,Heuchera sanguinea,"Coralbells, New Mexican Coralbells, Arizona Coralbells",Arizona | New Mexico,Herbaceous perennial,Full sun to part shade,Medium,Medium,3,8,May,June,HESA3,Saxifragaceae,Herb,Perennial,Up to about 2 feet tall.,"Red , Pink","Mar , Apr , May , Jun , Jul , Aug , Sep , Oct",Medium,Shade,,Circumneutral (pH 6.8-7.2),Rocky soils; moist through the summer.,Attracts hummingbirds.,yes,"Easily propagated by seed, division, or leaf cuttings. Plant untreated seed only 1/8"" deep at most. Plants flower the second year. To propagate vegetatively, divide roots in late fall or early spring. Leaves can be taken in late summer or fall and set",FALSE,FALSE,TRUE,FALSE,TRUE,FALSE,FALSE,FALSE,TRUE,TRUE,TRUE,TRUE,TRUE,TRUE,TRUE,TRUE,FALSE,FALSE,,,FALSE,FALSE,FALSE,FALSE,FALSE,FALSE,FALSE,TRUE,FALSE,"Coralbells, New Mexican Coralbells, Arizona Coralbells",https://inaturalist-open-data.s3.amazonaws.com/photos/24971/medium.jpg
PLANT-00463,heuchera villosa,Heuchera villosa,Hairy Alumroot,Alabama | Arkansas | Georgia | Indiana | Kentucky | Mississippi | Missouri | New York | North Carolina | Ohio | South Carolina | Tennessee | Virginia | West Virginia,Herbaceous perennial,Full sun to part shade,Medium,Low,3,8,July,September,HEVI2,Saxifragaceae,Herb,Perennial,Up to about 3 feet tall when flowering.,"White , Pink","Jun , Jul , Aug , Sep",,Shade,Moist,,"Moist, humus-rich soil.",,yes,Propagate by division.,FALSE,FALSE,TRUE,FALSE,FALSE,FALSE,FALSE,FALSE,FALSE,FALSE,FALSE,TRUE,TRUE,TRUE,TRUE,FALSE,FALSE,FALSE,,,FALSE,FALSE,FALSE,FALSE,FALSE,FALSE,FALSE,TRUE,FALSE,Hairy Alumroot,https://static.inaturalist.org/photos/19626778/medium.jpeg
PLANT-00464,hibiscus coccineus,Hibiscus coccineus,"Scarlet Rosemallow, Crimson Rosemallow, Wild Red Mallow, Texas Star Hibiscus",Alabama | Arkansas | Florida | Georgia | Louisiana | Mississippi | North Carolina | South Carolina | Virginia,Herbaceous perennial,Full sun to part shade,Medium to wet,Medium,6,9,June,September,HICO2,Malvaceae,Herb,Perennial,"Up to about 10 feet tall, often shorter.",Red,"May , Jun , Jul , Aug , Sep",,Sun,Wet,,Wet soils.,,yes,Easily grown from seed.,TRUE,FALSE,FALSE,FALSE,FALSE,FALSE,FALSE,FALSE,FALSE,FALSE,TRUE,TRUE,TRUE,TRUE,TRUE,FALSE,FALSE,FALSE,,,FALSE,FALSE,FALSE,FALSE,FALSE,FALSE,FALSE,TRUE,FALSE,"Scarlet Rosemallow, Crimson Rosemallow, Wild Red Mallow, Texas Star Hibiscus",https://inaturalist-open-data.s3.amazonaws.com/photos/176920290/medium.jpg
PLANT-00465,hibiscus dasycalyx,Hibiscus dasycalyx,"Neches River Rosemallow, Neches River Rose-mallow",Texas,Herbaceous perennial,Full sun,Medium to wet,Medium,7,9,June,August,HIDA,Malvaceae,Herb,Perennial,Up to about 8 feet tall.,"White , Red","Jun , Jul , Aug",,,,,,,,,FALSE,FALSE,FALSE,FALSE,FALSE,FALSE,FALSE,FALSE,FALSE,FALSE,FALSE,TRUE,TRUE,TRUE,FALSE,FALSE,FALSE,FALSE,,,FALSE,FALSE,FALSE,FALSE,FALSE,FALSE,FALSE,TRUE,FALSE,"Neches River Rosemallow, Neches River Rose-mallow",https://inaturalist-open-data.s3.amazonaws.com/photos/4066278/medium.jpg
PLANT-00466,hibiscus laevis,Hibiscus laevis,"Halberdleaf Rosemallow, Halberdleaf Hibiscus, Scarlet Rose Mallow, Halberd-leaved Hibiscus, Halberd-leaved Rose-mallow",Alabama | Arkansas | Florida | Georgia | Illinois | Indiana | Iowa | Kansas | Kentucky | Louisiana | Maryland | Michigan | Minnesota | Mississippi | Missouri | Nebraska | New York | North Carolina | Ohio | Oklahoma | Pennsylvania | South Carolina | Tennessee | Texas | Virginia | West Virginia | Wisconsin,Herbaceous perennial,Full sun,Medium to wet,Low,4,9,August,September,HILA2,Malvaceae,Shrub,Perennial,"Up to about 6 feet tall, sometimes taller.","White , Red , Pink","May , Jun , Jul , Aug , Sep , Oct , Nov",High,"Sun , Part Shade",Moist,,"Sandy, Sandy Loam, Medium Loam, Clay Loam, Clay, Acid-based, Calcareous",,,,TRUE,TRUE,FALSE,FALSE,FALSE,TRUE,FALSE,FALSE,FALSE,FALSE,TRUE,TRUE,TRUE,TRUE,TRUE,TRUE,TRUE,FALSE,,,FALSE,FALSE,FALSE,FALSE,FALSE,FALSE,FALSE,TRUE,FALSE,"Halberdleaf Rosemallow, Halberdleaf Hibiscus, Scarlet Rose Mallow, Halberd-leaved Hibiscus, Halberd-leaved Rose-mallow",https://inaturalist-open-data.s3.amazonaws.com/photos/12595503/medium.jpg
PLANT-00467,hibiscus lasiocarpos,Hibiscus lasiocarpos,"Woolly Rose-mallow, Woolly Mallow, Rose-mallow, False Cotton",Alabama | Arkansas | California | Florida | Georgia | Illinois | Indiana | Kansas | Kentucky | Louisiana | Mississippi | Missouri | New Mexico | Oklahoma | Tennessee | Texas | Utah,Herbaceous perennial,Full sun,Medium to wet,Medium,5,9,July,October,HILA6,Malvaceae,Shrub,Perennial,"Up to about 8 feet tall, often shorter.","White , Red , Pink","Apr , May , Jun , Jul , Aug , Sep",Medium,Sun,Wet,,,,,,TRUE,FALSE,FALSE,FALSE,TRUE,FALSE,FALSE,FALSE,FALSE,TRUE,TRUE,TRUE,TRUE,TRUE,TRUE,FALSE,FALSE,FALSE,,,FALSE,FALSE,FALSE,FALSE,FALSE,FALSE,FALSE,TRUE,FALSE,"Woolly Rose-mallow, Woolly Mallow, Rose-mallow, False Cotton",https://inaturalist-open-data.s3.amazonaws.com/photos/41828377/medium.jpeg
PLANT-00468,hibiscus moscheutos,Hibiscus moscheutos,"Crimson-eyed Rose-mallow, Marshmallow Hibiscus",Alabama | Arkansas | California | Connecticut | Delaware | Florida | Georgia | Illinois | Indiana | Kansas | Kentucky | Louisiana | Maryland | Massachusetts | Michigan | Mississippi | Missouri | New Hampshire | New Jersey | New Mexico | New York | North Carolina | Ohio | Oklahoma | Pennsylvania | Rhode Island | South Carolina | Tennessee | Texas | Utah | Virginia | West Virginia | Wisconsin,Herbaceous perennial,Full sun,Medium to wet,Low,5,9,July,September,HIMO,Malvaceae,Shrub,Perennial,Up to about 8 feet tall.,"White , Red , Pink","Jun , Jul , Aug , Sep",High,"Sun , Part Shade","Moist , Wet",Acidic (pH<6.8),"Moist to wet, slightly acidic soils.",Hummingbirds,yes,Rose mallow is easily grown from seed. Tip cuttings taken in early July root readily with adequate mist.,TRUE,TRUE,FALSE,FALSE,FALSE,TRUE,FALSE,FALSE,FALSE,FALSE,FALSE,TRUE,TRUE,TRUE,TRUE,FALSE,FALSE,FALSE,,,FALSE,FALSE,FALSE,FALSE,FALSE,FALSE,FALSE,TRUE,FALSE,"Crimson-eyed Rose-mallow, Marshmallow Hibiscus",https://inaturalist-open-data.s3.amazonaws.com/photos/411743383/medium.jpg
PLANT-00469,hibiscus moscheutos subsp. palustris,Hibiscus moscheutos subsp. palustris,rose mallow,Alabama | Connecticut | Delaware | Florida | Georgia | Illinois | Indiana | Kansas | Kentucky | Louisiana | Maryland | Massachusetts | Michigan | Mississippi | Missouri | New Jersey | New Mexico | New York | North Carolina | Ohio | Oklahoma | Pennsylvania | Rhode Island | South Carolina | Tennessee | Texas | Utah | Virginia | West Virginia | Wisconsin,Herbaceous perennial,Full sun,Medium to wet,Medium,5,7,July,September,,,,,,,,,,,,,,,,,,,,,,,,,,,,,,,,,,,,FALSE,FALSE,FALSE,FALSE,FALSE,FALSE,FALSE,FALSE,FALSE,rose mallow,
PLANT-00470,hibiscus striatus subsp. lambertianus,Hibiscus striatus subsp. lambertianus,striped rosemallow,Texas,Herbaceous perennial,Full sun to part shade,Medium to wet,Medium,7,9,May,August,,,,,,,,,,,,,,,,,,,,,,,,,,,,,,,,,,,,FALSE,FALSE,FALSE,FALSE,FALSE,FALSE,FALSE,FALSE,FALSE,striped rosemallow,
PLANT-00471,hibiscus tiliaceus,Hibiscus tiliaceus,sea hibiscus,Hawaii,Broadleaf evergreen,Full sun,Medium to wet,Medium,10,12,Seasonal bloomer,Seasonal bloomer,,,,,,,,,,,,,,,,,,,,,,,,,,,,,,,,,,,,FALSE,FALSE,FALSE,FALSE,FALSE,FALSE,FALSE,FALSE,FALSE,sea hibiscus,https://inaturalist-open-data.s3.amazonaws.com/photos/19582594/medium.jpeg
PLANT-00472,hydrangea arborescens,Hydrangea arborescens,"Smooth Hydrangea, Wild Hydrangea, Sevenbark",Alabama | Arkansas | Delaware | Florida | Georgia | Illinois | Indiana | Kentucky | Louisiana | Maryland | Mississippi | Missouri | New Jersey | New York | North Carolina | Ohio | Oklahoma | Pennsylvania | South Carolina | Tennessee | Vermont | Virginia | West Virginia,Deciduous shrub,Part shade,Medium,Low,3,9,June,September,HYAR,Hydrangeaceae,Shrub,Perennial,"Up to about 10 feet tall, often shorter.","White , Green","May , Jun , Jul , Aug",,Part Shade,Moist,,"Rich, well-drained, moist soils.",,yes,"Propagate by seed or cuttings. Softwood cuttings, which should be taken early, root extremely easily.",FALSE,TRUE,FALSE,FALSE,FALSE,FALSE,FALSE,FALSE,FALSE,FALSE,TRUE,TRUE,TRUE,TRUE,FALSE,FALSE,FALSE,FALSE,,,FALSE,FALSE,FALSE,FALSE,FALSE,FALSE,FALSE,TRUE,FALSE,"Smooth Hydrangea, Wild Hydrangea, Sevenbark",https://inaturalist-open-data.s3.amazonaws.com/photos/177832046/medium.jpg
PLANT-00473,hydrangea barbara,Hydrangea barbara,climbing hydrangea,Alabama,Vine,Part shade to full shade,Medium to wet,Low,6,8,May,June,,,,,,,,,,,,,,,,,,,,,,,,,,,,,,,,,,,,FALSE,FALSE,FALSE,FALSE,FALSE,FALSE,FALSE,FALSE,FALSE,climbing hydrangea,https://inaturalist-open-data.s3.amazonaws.com/photos/383146/medium.JPG
PLANT-00474,hydrangea quercifolia,Hydrangea quercifolia,"Oakleaf Hydrangea, Oak-leaf Hydrangea",Alabama | Florida | Georgia | Louisiana | Mississippi | North Carolina | South Carolina | Tennessee,Deciduous shrub,Full sun to part shade,Medium,Low,5,9,May,July,HYQU3,Hydrangeaceae,Shrub,Perennial,Up to about 12 feet tall.,"White , Red , Green , Purple","Apr , May , Jun , Jul",Medium,Shade,Moist,Circumneutral (pH 6.8-7.2),"Moist, fertile, well-drained soils.",Low.,yes,Propagate by seed or cuttings. Softwood cuttings should be taken early. Asexual propagation is the usual means of propagation because of a wide variability in seedlings.,FALSE,FALSE,TRUE,FALSE,TRUE,FALSE,FALSE,FALSE,FALSE,TRUE,TRUE,TRUE,TRUE,FALSE,FALSE,FALSE,FALSE,FALSE,,,FALSE,FALSE,FALSE,FALSE,FALSE,FALSE,FALSE,TRUE,FALSE,"Oakleaf Hydrangea, Oak-leaf Hydrangea",https://inaturalist-open-data.s3.amazonaws.com/photos/870031/medium.jpg
PLANT-00475,hydrastis canadensis,Hydrastis canadensis,Goldenseal,Alabama | Arkansas | Connecticut | Delaware | Georgia | Illinois | Indiana | Iowa | Kansas | Kentucky | Maryland | Massachusetts | Michigan | Minnesota | Mississippi | Missouri | New Jersey | New York | North Carolina | Ohio | Oklahoma | Pennsylvania | Tennessee | Vermont | Virginia | West Virginia | Wisconsin,Herbaceous perennial,Part shade,Medium,Low,3,8,April,May,HYCA,Ranunculaceae,Herb,Perennial,Up to about 20 inches tall.,White,"Mar , Apr , May",,"Part Shade , Shade",Moist,Circumneutral (pH 6.8-7.2),"Moist, humus-rich soil.",,yes,"Easily propagated by seed, division or root cuttings. To propagate by division, divide the rhizomes when the plant is dormant. To grow from seed, sow fresh seed and cover lightly with leafmold. Keep the seeds moist; they will stratify by themselves. G",FALSE,TRUE,TRUE,FALSE,FALSE,FALSE,FALSE,FALSE,TRUE,TRUE,TRUE,FALSE,FALSE,FALSE,FALSE,FALSE,FALSE,FALSE,,,FALSE,FALSE,FALSE,FALSE,FALSE,FALSE,FALSE,TRUE,FALSE,Goldenseal,https://inaturalist-open-data.s3.amazonaws.com/photos/141315946/medium.jpg
PLANT-00476,hydrophyllum virginianum,Hydrophyllum virginianum,"Virginia Waterleaf, Eastern Waterleaf, Shawnee Salad",Alabama | Arkansas | Connecticut | Delaware | Illinois | Indiana | Iowa | Kansas | Kentucky | Maryland | Massachusetts | Michigan | Minnesota | Missouri | Nebraska | New Hampshire | New Jersey | New York | North Carolina | North Dakota | Ohio | Oklahoma | Pennsylvania | South Dakota | Tennessee | Vermont | Virginia | West Virginia | Wisconsin,Herbaceous perennial,Part shade,Medium to wet,Low,4,8,May,June,HYVI,Hydrophyllaceae,Herb,Perennial,Up to about 32 inches tall.,"White , Purple","May , Jun",,"Part Shade , Shade",Moist,Circumneutral (pH 6.8-7.2),"Rich, moist soils.",,yes,Division is the most practical method of increase. Divide the,FALSE,TRUE,TRUE,FALSE,FALSE,FALSE,FALSE,FALSE,FALSE,FALSE,TRUE,TRUE,FALSE,FALSE,FALSE,FALSE,FALSE,FALSE,,,FALSE,FALSE,FALSE,FALSE,FALSE,FALSE,FALSE,TRUE,FALSE,"Virginia Waterleaf, Eastern Waterleaf, Shawnee Salad",https://inaturalist-open-data.s3.amazonaws.com/photos/91570/medium.jpg
PLANT-00477,hymenocallis caroliniana,Hymenocallis caroliniana,spider lily,Alabama | Arkansas | Florida | Georgia | Illinois | Indiana | Kentucky | Louisiana | Mississippi | Missouri | North Carolina | Oklahoma | South Carolina | Tennessee | Texas,Bulb,Full sun to part shade,Medium to wet,Low,5,8,July,August,,,,,,,,,,,,,,,,,,,,,,,,,,,,,,,,,,,,FALSE,FALSE,FALSE,FALSE,FALSE,FALSE,FALSE,FALSE,FALSE,spider lily,https://inaturalist-open-data.s3.amazonaws.com/photos/173503565/medium.jpg
PLANT-00478,hymenocallis latifolia,Hymenocallis latifolia,"Perfumed Spiderlily, Perfumed Spider-lily",Florida,Bulb,Full sun to part shade,Medium to wet,Low,10,11,July,August,HYLA5,Liliaceae,Herb,,Up to about 3 feet tall.,White,"Mar , Apr , May , Jun , Jul , Aug , Sep , Oct",,Shade,Moist,,"Moist, rich soil.",,,,FALSE,FALSE,TRUE,FALSE,FALSE,FALSE,FALSE,FALSE,TRUE,TRUE,TRUE,TRUE,TRUE,TRUE,TRUE,TRUE,FALSE,FALSE,,,FALSE,FALSE,FALSE,FALSE,FALSE,FALSE,FALSE,TRUE,FALSE,"Perfumed Spiderlily, Perfumed Spider-lily",https://inaturalist-open-data.s3.amazonaws.com/photos/3223811/medium.jpg
PLANT-00479,hypericum buckleyi,Hypericum buckleyi,Buckley's St. Johnswort,Arkansas | Georgia | South Carolina,Deciduous shrub,Full sun,Medium,Low,5,8,June,July,,,,,,,,,,,,,,,,,,,,,,,,,,,,,,,,,,,,FALSE,FALSE,FALSE,FALSE,FALSE,FALSE,FALSE,FALSE,FALSE,Buckley's St. Johnswort,https://inaturalist-open-data.s3.amazonaws.com/photos/136960421/medium.jpg
PLANT-00480,hypericum kalmianum,Hypericum kalmianum,Kalm's St. John's-wort,Illinois | Indiana | Michigan | New York | Ohio | Wisconsin,Broadleaf evergreen,Full sun to part shade,Medium,Low,4,7,July,August,HYKA,Clusiaceae,Shrub,Perennial,Up to about 3 feet tall.,Yellow,"Jul , Aug",,Sun,Dry,,Sandy loam,,,,TRUE,FALSE,FALSE,FALSE,FALSE,FALSE,FALSE,FALSE,FALSE,FALSE,FALSE,FALSE,TRUE,TRUE,FALSE,FALSE,FALSE,FALSE,,,FALSE,FALSE,FALSE,FALSE,FALSE,FALSE,FALSE,TRUE,FALSE,Kalm's St. John's-wort,https://inaturalist-open-data.s3.amazonaws.com/photos/1689276/medium.jpg
PLANT-00481,hypericum lissophloeus,Hypericum lissophloeus,smoothbark St. Johnswort,Florida,Broadleaf evergreen,Full sun to part shade,Medium,Medium,7,9,July,August,,,,,,,,,,,,,,,,,,,,,,,,,,,,,,,,,,,,FALSE,FALSE,FALSE,FALSE,FALSE,FALSE,FALSE,FALSE,FALSE,smoothbark St. Johnswort,https://inaturalist-open-data.s3.amazonaws.com/photos/84815894/medium.jpeg
PLANT-00482,hypericum prolificum,Hypericum prolificum,Shrubby St. John's-wort,Alabama | Arkansas | Connecticut | Delaware | Florida | Georgia | Illinois | Indiana | Iowa | Kentucky | Louisiana | Maine | Maryland | Massachusetts | Michigan | Minnesota | Mississippi | Missouri | New Hampshire | New Jersey | New York | North Carolina | Ohio | Oklahoma | Pennsylvania | Rhode Island | South Carolina | Tennessee | Texas | Vermont | Virginia | West Virginia | Wisconsin,Deciduous shrub,Full sun to part shade,Medium,Low,3,8,June,August,HYPR,Clusiaceae,Shrub,Perennial,"Up to about 6 feet tall, often shorter.",Yellow,"Jun , Jul , Aug , Sep",High,"Part Shade , Shade","Dry , Moist",Circumneutral (pH 6.8-7.2),"Dry, rocky soils.",Intermediate.,yes,"Seeds can be used for propagation but softwood cuttings, which root easily, are the usual method.",FALSE,TRUE,TRUE,FALSE,FALSE,TRUE,FALSE,FALSE,FALSE,FALSE,FALSE,TRUE,TRUE,TRUE,TRUE,FALSE,FALSE,FALSE,,,FALSE,FALSE,FALSE,FALSE,FALSE,FALSE,FALSE,TRUE,FALSE,Shrubby St. John's-wort,https://inaturalist-open-data.s3.amazonaws.com/photos/82400389/medium.jpeg
PLANT-00483,hypericum pyramidatum,Hypericum pyramidatum,great St. John's wort,Connecticut | Illinois | Indiana | Iowa | Kansas | Maryland | Massachusetts | Michigan | Minnesota | Missouri | Nebraska | New Hampshire | New Jersey | New York | Ohio | Pennsylvania | Vermont | West Virginia | Wisconsin,Herbaceous perennial,Full sun to part shade,Medium,Low,4,8,July,August,,,,,,,,,,,,,,,,,,,,,,,,,,,,,,,,,,,,FALSE,FALSE,FALSE,FALSE,FALSE,FALSE,FALSE,FALSE,FALSE,great St. John's wort,
PLANT-00484,hypericum sphaerocarpum,Hypericum sphaerocarpum,Roundseed St. John's-wort,Alabama | Arkansas | Georgia | Illinois | Indiana | Iowa | Kansas | Kentucky | Michigan | Mississippi | Missouri | Nebraska | Ohio | Oklahoma | Pennsylvania | Tennessee | Texas | Wisconsin,Herbaceous perennial,Full sun to part shade,Dry to medium,Low,5,8,June,July,HYSP2,Clusiaceae,Herb,Perennial,Up to about 2 feet tall. Stems sometimes decumbent.,Yellow,"Jun , Jul , Aug",,,,,,,,,FALSE,FALSE,FALSE,FALSE,FALSE,FALSE,FALSE,FALSE,FALSE,FALSE,FALSE,TRUE,TRUE,TRUE,FALSE,FALSE,FALSE,FALSE,,,FALSE,FALSE,FALSE,FALSE,FALSE,FALSE,FALSE,TRUE,FALSE,Roundseed St. John's-wort,https://inaturalist-open-data.s3.amazonaws.com/photos/4279193/medium.jpeg
PLANT-00485,ilex decidua,Ilex decidua,"Possumhaw, Possumhaw Holly, Deciduous Holly, Meadow Holly, Prairie Holly, Swamp Holly, Welk Holly, Deciduous Yaupon, Bearberry, Winterberry",Alabama | Arkansas | Florida | Georgia | Illinois | Indiana | Kansas | Kentucky | Louisiana | Maryland | Missouri | North Carolina | Oklahoma | South Carolina | Tennessee | Texas | Virginia,Deciduous shrub,Full sun to part shade,Medium,Low,5,9,May,May,ILDE,Aquifoliaceae,Shrub,Perennial,Up to about 30 feet tall.,White,"Mar , Apr , May",Medium,"Sun , Part Shade",Moist,,"Moist sands, loams or clays. Sandy, Sandy Loam, Medium Loam, Clay Loam, Clay, Caliche type","Berries attract songbirds. Fruit-mammals, Fruit-birds, Nesting site, Nectar-insects",yes,"Seeds germinate best if planted immediately after collection. They may be pretreated with double-stratification but the essential element seems to be time. Once internal conditions in the seed are right (it may take years), it will germinate in warm moi",TRUE,TRUE,FALSE,FALSE,TRUE,FALSE,FALSE,FALSE,TRUE,TRUE,TRUE,FALSE,FALSE,FALSE,FALSE,FALSE,FALSE,FALSE,,,FALSE,FALSE,FALSE,FALSE,FALSE,FALSE,FALSE,TRUE,FALSE,"Possumhaw, Possumhaw Holly, Deciduous Holly, Meadow Holly, Prairie Holly, Swamp Holly, Welk Holly, Deciduous Yaupon, Bearberry, Winterberry",https://inaturalist-open-data.s3.amazonaws.com/photos/577951170/medium.jpg
PLANT-00486,ilex glabra,Ilex glabra,"Inkberry, Gallberry",Alabama | Arkansas | Connecticut | Delaware | Florida | Georgia | Louisiana | Maine | Maryland | Massachusetts | Mississippi | New Hampshire | New Jersey | New York | North Carolina | Pennsylvania | Rhode Island | South Carolina | Texas | Virginia,Broadleaf evergreen,Full sun to part shade,Medium to wet,Low,4,9,May,June,ILGL,Aquifoliaceae,Shrub,Perennial,,White,"Jun , Jul , Aug , Sep",High,Part Shade,"Moist , Wet",Acidic (pH<6.8),"Sandy to peaty, acid soil.",High.,yes,Ilex seeds exhibit a dormancy. Patience is probably more important than cold treatment for germination. Cuttings root about any time of year.,FALSE,TRUE,FALSE,FALSE,FALSE,TRUE,FALSE,FALSE,FALSE,FALSE,FALSE,TRUE,TRUE,TRUE,TRUE,FALSE,FALSE,FALSE,,,FALSE,FALSE,FALSE,FALSE,FALSE,FALSE,FALSE,TRUE,FALSE,"Inkberry, Gallberry",https://inaturalist-open-data.s3.amazonaws.com/photos/126467/medium.jpg
PLANT-00487,ilex opaca,Ilex opaca,"American Holly, White Holly, Prickly Holly, Evergreen Holly, Christmas Holly, Yule Holly",Alabama | Arkansas | Connecticut | Delaware | Florida | Georgia | Illinois | Indiana | Kentucky | Louisiana | Maine | Maryland | Massachusetts | Mississippi | Missouri | New Jersey | New York | North Carolina | Ohio | Oklahoma | Pennsylvania | Rhode Island | South Carolina | Tennessee | Texas | Virginia | West Virginia,Broadleaf evergreen,Full sun to part shade,Medium,Low,5,9,May,May,ILOP,Aquifoliaceae,Tree,Perennial,"In the westernmost portions of its range, height is normally from 15-25 feet, with 50-foot trees occasional. In moister regions, averages 40-50 feet, with occasional 75-100 foot trees.","White , Green","Mar , Apr , May , Jun",Medium,"Sun , Part Shade , Shade","Dry , Wet",Acidic (pH<6.8),"Moist, well-drained, acidic soils. Acid-based, Sandy, Sandy Loam, Medium Loam. Not so good in clay.",Berries attract many bird and small mammal species. Also provides cover and nesting sites. Larval plant for Henry's Elfin butterfly.,yes,"Seeds germinate best if planted immediately after collection. They may be pretreated with scarified or double-stratification but the essential element seems to be time. Once internal conditions in the seed are right (it may take years), it will germinate in warm, moist conditions. The sex of the seedlings won't be discernible for 5 to 12 years.",TRUE,TRUE,TRUE,FALSE,TRUE,FALSE,FALSE,FALSE,TRUE,TRUE,TRUE,TRUE,FALSE,FALSE,FALSE,FALSE,FALSE,FALSE,,,FALSE,FALSE,FALSE,FALSE,FALSE,FALSE,FALSE,TRUE,FALSE,"American Holly, White Holly, Prickly Holly, Evergreen Holly, Christmas Holly, Yule Holly",https://inaturalist-open-data.s3.amazonaws.com/photos/149554033/medium.jpg
PLANT-00488,ilex verticillata,Ilex verticillata,"Common Winterberry, Winterberry, Michigan Holly, Black Alder",Alabama | Arkansas | Connecticut | Delaware | Florida | Georgia | Illinois | Indiana | Iowa | Kentucky | Louisiana | Maine | Maryland | Massachusetts | Michigan | Minnesota | Mississippi | Missouri | New Hampshire | New Jersey | New York | North Carolina | Ohio | Pennsylvania | Rhode Island | South Carolina | Tennessee | Texas | Vermont | Virginia | West Virginia | Wisconsin,Deciduous shrub,Full sun to part shade,Medium to wet,Low,3,9,June,July,ILVE,Aquifoliaceae,Tree,Perennial,"Up to about 20 feet tall, often much shorter.","White , Yellow , Green , Brown","Apr , May , Jun , Jul",High,"Sun , Part Shade , Shade","Dry , Moist , Wet",Acidic (pH<6.8),"Moist, acidic soils. Sandy, Sandy Loam Medium Loam Clay Loam, Clay","Cover, Nesting site, Nectar-insects, Fruit-birds.",yes,"Seeds germinate best if planted immediately after collection. They may be pretreated with double-stratification but the essential element seems to be time. Once internal conditions in the seed are right (it may take years), it will germinate in warm moi",TRUE,TRUE,TRUE,FALSE,FALSE,TRUE,FALSE,FALSE,FALSE,TRUE,TRUE,TRUE,TRUE,FALSE,FALSE,FALSE,FALSE,FALSE,,,FALSE,FALSE,FALSE,FALSE,FALSE,FALSE,FALSE,TRUE,FALSE,"Common Winterberry, Winterberry, Michigan Holly, Black Alder",https://inaturalist-open-data.s3.amazonaws.com/photos/53818150/medium.jpg
PLANT-00489,iliamna remota,Iliamna remota,Kankakee mallow,Illinois | Indiana | Virginia | Wisconsin,Herbaceous perennial,Full sun to part shade,Medium,Low,5,6,June,July,,,,,,,,,,,,,,,,,,,,,,,,,,,,,,,,,,,,FALSE,FALSE,FALSE,FALSE,FALSE,FALSE,FALSE,FALSE,FALSE,Kankakee mallow,https://inaturalist-open-data.s3.amazonaws.com/photos/9739089/medium.jpg
PLANT-00490,illicium floridanum,Illicium floridanum,"Florida Anisetree, Florida Anise, Anise Tree, Stinkbush",Alabama | Florida | Georgia | Louisiana | Mississippi,Broadleaf evergreen,Part shade to full shade,Medium to wet,Medium,7,10,April,May,ILFL,Illiciaceae,Shrub,Perennial,Up to about 10 feet tall.,"White , Red , Pink , Purple","Mar , Apr , May , Jun",,Part Shade,,,"Moist, well-drained, rich soils.",,yes,Seeds germinate easily. Firm-wooded cuttings root well.,FALSE,TRUE,FALSE,FALSE,FALSE,FALSE,FALSE,FALSE,TRUE,TRUE,TRUE,TRUE,FALSE,FALSE,FALSE,FALSE,FALSE,FALSE,,,FALSE,FALSE,FALSE,FALSE,FALSE,FALSE,FALSE,TRUE,FALSE,"Florida Anisetree, Florida Anise, Anise Tree, Stinkbush",https://inaturalist-open-data.s3.amazonaws.com/photos/64234933/medium.jpg
PLANT-00491,illicium parviflorum,Illicium parviflorum,"Yellow Anisetree, Small Anisetree, Star Anise",Florida,Broadleaf evergreen,Part shade to full shade,Medium to wet,Medium,7,10,May,June,ILPA,Illiciaceae,Shrub,,Up to about 20 feet tall.,Green,"May , Jun",,Part Shade,Moist,,Moist soils.,,yes,Easily rooted from cuttings.,FALSE,TRUE,FALSE,FALSE,FALSE,FALSE,FALSE,FALSE,FALSE,FALSE,TRUE,TRUE,FALSE,FALSE,FALSE,FALSE,FALSE,FALSE,,,FALSE,FALSE,FALSE,FALSE,FALSE,FALSE,FALSE,TRUE,FALSE,"Yellow Anisetree, Small Anisetree, Star Anise",https://inaturalist-open-data.s3.amazonaws.com/photos/275438803/medium.jpg
PLANT-00492,impatiens capensis,Impatiens capensis,"Jewelweed, Orange Jewelweed, Spotted Touch-me-not",Alabama | Arkansas | Connecticut | Delaware | Florida | Georgia | Idaho | Illinois | Indiana | Iowa | Kansas | Kentucky | Louisiana | Maine | Maryland | Massachusetts | Michigan | Minnesota | Mississippi | Missouri | Nebraska | New Hampshire | New Jersey | New York | North Carolina | North Dakota | Ohio | Oklahoma | Oregon | Pennsylvania | Rhode Island | South Carolina | South Dakota | Tennessee | Texas | Vermont | Virginia | Washington | West Virginia | Wisconsin,Annual,Part shade to full shade,Medium to wet,Medium,2,11,June,September,IMCA,Balsaminaceae,Herb,Annual,,"Orange , Yellow , Green , Brown","Jul , Aug , Sep , Oct",Medium,Shade,"Moist , Wet",,"Clay, Loam, Sand","Birds, Hummingbirds, Butterflies",,,FALSE,FALSE,TRUE,FALSE,TRUE,FALSE,FALSE,FALSE,FALSE,FALSE,FALSE,FALSE,TRUE,TRUE,TRUE,TRUE,FALSE,FALSE,,,FALSE,FALSE,FALSE,FALSE,FALSE,FALSE,FALSE,TRUE,FALSE,"Jewelweed, Orange Jewelweed, Spotted Touch-me-not",https://inaturalist-open-data.s3.amazonaws.com/photos/419410578/medium.jpg
PLANT-00493,imperata cylindrica,Imperata cylindrica,cogon grass,Alabama | Florida | Georgia | Louisiana | Mississippi | Oregon | South Carolina | Texas | Virginia,Ornamental grass,Full sun to part shade,Dry to medium,Medium,5,9,Rarely flowers,Rarely flowers,,,,,,,,,,,,,,,,,,,,,,,,,,,,,,,,,,,,FALSE,FALSE,FALSE,FALSE,FALSE,FALSE,FALSE,FALSE,FALSE,cogon grass,https://inaturalist-open-data.s3.amazonaws.com/photos/47625648/medium.jpeg
PLANT-00494,iodanthus pinnatifidus,Iodanthus pinnatifidus,"Purplerocket, Purple Rocket, Purple-rocket, Violet-rocket",Alabama | Arkansas | Illinois | Indiana | Iowa | Kansas | Kentucky | Maryland | Minnesota | Missouri | New Jersey | Ohio | Oklahoma | Pennsylvania | Tennessee | Texas | West Virginia | Wisconsin,Herbaceous perennial,Part shade to full shade,Medium to wet,Low,4,8,May,June,IOPI,Brassicaceae,Herb,Perennial,Up to about 3 feet tall.,"White , Pink , Purple","Apr , May , Jun , Jul",,,,,,,,,FALSE,FALSE,FALSE,FALSE,FALSE,FALSE,FALSE,FALSE,FALSE,TRUE,TRUE,TRUE,TRUE,FALSE,FALSE,FALSE,FALSE,FALSE,,,FALSE,FALSE,FALSE,FALSE,FALSE,FALSE,FALSE,TRUE,FALSE,"Purplerocket, Purple Rocket, Purple-rocket, Violet-rocket",https://inaturalist-open-data.s3.amazonaws.com/photos/1016769/medium.jpg
PLANT-00495,ionactis linariifolia,Ionactis linariifolia,stiff aster,Alabama | Arkansas | Connecticut | Delaware | Florida | Georgia | Illinois | Indiana | Iowa | Kansas | Kentucky | Louisiana | Maine | Maryland | Massachusetts | Michigan | Minnesota | Mississippi | Missouri | New Hampshire | New Jersey | New York | North Carolina | Ohio | Oklahoma | Pennsylvania | Rhode Island | South Carolina | Tennessee | Texas | Vermont | Virginia | West Virginia | Wisconsin,Herbaceous perennial,Full sun,Dry to medium,Low,4,9,July,July,,,,,,,,,,,,,,,,,,,,,,,,,,,,,,,,,,,,FALSE,FALSE,FALSE,FALSE,FALSE,FALSE,FALSE,FALSE,FALSE,stiff aster,https://inaturalist-open-data.s3.amazonaws.com/photos/10366826/medium.jpg
PLANT-00496,ipomoea alba,Ipomoea alba,"Moonflower, Moon Vine, Tropical White Morning Glory",Florida,Vine,Full sun,Medium,Low,10,12,July,October,IPAL,Convolvulaceae,Vine,Annual,"Stems twining and climbing, up to about 10 feet long, sometimes longer.",White,"Jun , Jul , Aug , Sep , Oct",,,,,,,,,FALSE,FALSE,FALSE,FALSE,FALSE,FALSE,FALSE,FALSE,FALSE,FALSE,FALSE,TRUE,TRUE,TRUE,TRUE,TRUE,FALSE,FALSE,,,FALSE,FALSE,FALSE,FALSE,FALSE,FALSE,FALSE,TRUE,FALSE,"Moonflower, Moon Vine, Tropical White Morning Glory",https://inaturalist-open-data.s3.amazonaws.com/photos/221656903/medium.jpg
PLANT-00497,ipomoea pandurata,Ipomoea pandurata,"Man Of The Earth, Wild Potato, Wild Sweet Potato, Manroot",Alabama | Arkansas | Connecticut | Delaware | Florida | Georgia | Illinois | Indiana | Iowa | Kansas | Kentucky | Louisiana | Maryland | Massachusetts | Michigan | Mississippi | Missouri | Nebraska | New Jersey | New York | North Carolina | Ohio | Oklahoma | Pennsylvania | South Carolina | Tennessee | Texas | Virginia | West Virginia,Vine,Full sun to part shade,Medium,Medium,6,8,May,September,IPPA,Convolvulaceae,Herb,Perennial,"Stems trailing or twining, up to about 15 feet long.","White , Pink , Purple","Jun , Jul , Aug , Sep",,"Sun , Part Shade , Shade",Moist,,,,,,TRUE,TRUE,TRUE,FALSE,FALSE,FALSE,FALSE,FALSE,FALSE,FALSE,FALSE,TRUE,TRUE,TRUE,TRUE,FALSE,FALSE,FALSE,,,FALSE,FALSE,FALSE,FALSE,FALSE,FALSE,FALSE,TRUE,FALSE,"Man Of The Earth, Wild Potato, Wild Sweet Potato, Manroot",https://inaturalist-open-data.s3.amazonaws.com/photos/84898487/medium.jpg
PLANT-00498,ipomopsis rubra,Ipomopsis rubra,"Standing Cypress, Texas Plume, Red Texas Star, Red Gilia",Alabama | Florida | Louisiana | Mississippi | Oklahoma | Texas,Herbaceous perennial,Full sun,Dry to medium,Low,6,9,June,August,IPRU2,Polemoniaceae,Herb,Biennial,"Up to about 6 feet tall, often shorter.","Red , Orange , Yellow","May , Jun , Jul , Aug , Sep",Medium,"Sun , Part Shade",Dry,,"Dry, sandy or rocky soils. Gravelly, Sandy, Sandy Loam, Medium Loam",Standing cypress attracts hummingbirds. Nectar-Hummingbirds,yes,"I. rubra was the most successful of over twenty individual species field-tested at the National Wildflower Research Center in 1984-85, yielding an average of over 200 seedlings per square meter when seeded at the recommended rate. Propagate by sowing seed in fall. A fall seeding recommended. Be sure the seeds are in good contact with the soil by lightly raking the seed into loose topsoil. Since it is a",TRUE,TRUE,FALSE,FALSE,TRUE,FALSE,FALSE,FALSE,FALSE,FALSE,TRUE,TRUE,TRUE,TRUE,TRUE,FALSE,FALSE,FALSE,,,FALSE,FALSE,FALSE,FALSE,FALSE,FALSE,FALSE,TRUE,FALSE,"Standing Cypress, Texas Plume, Red Texas Star, Red Gilia",https://static.inaturalist.org/photos/18590695/medium.jpg
PLANT-00499,iresine rhizomatosa,Iresine rhizomatosa,bloodleaf,Alabama | Arkansas | Florida | Georgia | Illinois | Indiana | Kansas | Kentucky | Louisiana | Maryland | Mississippi | Missouri | New Jersey | North Carolina | Ohio | Oklahoma | Pennsylvania | South Carolina | Tennessee | Texas | Virginia,Herbaceous perennial,Part shade to full shade,Medium to wet,Medium,5,8,August,October,,,,,,,,,,,,,,,,,,,,,,,,,,,,,,,,,,,,FALSE,FALSE,FALSE,FALSE,FALSE,FALSE,FALSE,FALSE,FALSE,bloodleaf,https://inaturalist-open-data.s3.amazonaws.com/photos/227334543/medium.jpeg
PLANT-00500,iris brevicaulis,Iris brevicaulis,Zigzag Iris,Alabama | Arkansas | Florida | Georgia | Illinois | Indiana | Kansas | Kentucky | Louisiana | Mississippi | Missouri | Ohio | Oklahoma | Tennessee,Herbaceous perennial,Full sun to part shade,Medium to wet,Medium,4,8,June,June,IRBR2,Iridaceae,Herb,Perennial,Up to about 2 feet tall.,"White , Yellow , Blue , Purple","Mar , Apr , May , Jun",Medium,"Sun , Part Shade , Shade","Moist , Wet",,"Moist, rich soils. Sandy, Sandy Loam, Medium Loam, Clay Loam, Clay",,yes,Clump division is the usual method of increase. All,TRUE,TRUE,TRUE,FALSE,TRUE,FALSE,FALSE,FALSE,TRUE,TRUE,TRUE,TRUE,FALSE,FALSE,FALSE,FALSE,FALSE,FALSE,,,FALSE,FALSE,FALSE,FALSE,FALSE,FALSE,FALSE,TRUE,FALSE,Zigzag Iris,https://inaturalist-open-data.s3.amazonaws.com/photos/3304117/medium.JPG
PLANT-00501,iris cristata,Iris cristata,Dwarf Crested Iris,Alabama | Arkansas | Georgia | Illinois | Indiana | Maryland | Mississippi | Missouri | New York | North Carolina | Ohio | Oklahoma | Pennsylvania | South Carolina | Tennessee | Virginia | West Virginia,Herbaceous perennial,Full sun to part shade,Medium,Medium,3,9,April,April,IRCR,Iridaceae,Herb,Perennial,Up to about 16 inches tall.,"White , Yellow , Blue , Purple","Mar , Apr , May , Jun , Jul",Medium,"Part Shade , Shade",Moist,Acidic (pH<6.8),"Well-drained, rich, acid soils.",Flowers attracts hummingbirds and bees.,yes,"If seeds are collected, they should be planted immediately in acid soil. Seedlings will take two or three years to flower. Propagating by division is much more reliable than seeds. Divide in early fall when the leaves have begun to yellow.",FALSE,TRUE,TRUE,FALSE,TRUE,FALSE,FALSE,FALSE,TRUE,TRUE,TRUE,TRUE,TRUE,FALSE,FALSE,FALSE,FALSE,FALSE,,,FALSE,FALSE,FALSE,FALSE,FALSE,FALSE,FALSE,TRUE,FALSE,Dwarf Crested Iris,https://static.inaturalist.org/photos/290220/medium.jpg
PLANT-00502,iris fulva,Iris fulva,"Copper Iris, Red Iris",Alabama | Arkansas | Florida | Georgia | Illinois | Kansas | Kentucky | Louisiana | Mississippi | Missouri | Ohio | Tennessee | Texas,Herbaceous perennial,Full sun to part shade,Medium to wet,Low,5,9,May,June,IRFU,Iridaceae,Herb,Perennial,"Usually up to about 3 feet tall, rarely to 5 feet.","Red , Orange , Yellow","Mar , Apr , May , Jun","Medium , High","Sun , Part Shade","Moist , Wet","Alkaline (pH>7.2) , Acidic (pH<6.8) , Circumneutral (pH 6.8-7.2)","Saturated, rich soils. Normally grows in acid soils but can tolerate lime.",Attracts hummingbirds and bees,yes,Clump division is the usual method of increase. All,TRUE,TRUE,FALSE,FALSE,TRUE,TRUE,FALSE,FALSE,TRUE,TRUE,TRUE,TRUE,FALSE,FALSE,FALSE,FALSE,FALSE,FALSE,,,FALSE,FALSE,FALSE,FALSE,FALSE,FALSE,FALSE,TRUE,FALSE,"Copper Iris, Red Iris",https://inaturalist-open-data.s3.amazonaws.com/photos/199220204/medium.jpg
PLANT-00503,iris hexagona,Iris hexagona,Dixie Iris,Florida | South Carolina,Herbaceous perennial,Full sun to part shade,Medium to wet,Medium,7,9,April,May,IRHE2,Iridaceae,Herb,Perennial,Up to about 3 feet tall.,"White , Yellow , Blue , Violet","Apr , May",,"Sun , Part Shade","Moist , Wet",Acidic (pH<6.8),,,,,TRUE,TRUE,FALSE,FALSE,FALSE,FALSE,FALSE,FALSE,FALSE,TRUE,TRUE,FALSE,FALSE,FALSE,FALSE,FALSE,FALSE,FALSE,,,FALSE,FALSE,FALSE,FALSE,FALSE,FALSE,FALSE,TRUE,FALSE,Dixie Iris,https://inaturalist-open-data.s3.amazonaws.com/photos/77335918/medium.jpg
PLANT-00504,iris missouriensis,Iris missouriensis,"Rocky Mountain Iris, Western Blue Flag",Arizona | California | Colorado | Idaho | Montana | Nebraska | Nevada | New Mexico | Oregon | South Dakota | Utah | Washington | Wyoming,Herbaceous perennial,Full sun to part shade,Medium to wet,Low,3,8,May,June,IRMI,Iridaceae,Herb,Perennial,Up to about 2 feet tall.,"White , Yellow , Blue , Purple","May , Jun , Jul",High,Sun,Wet,,Wet soils.,Hummingbirds,yes,,TRUE,FALSE,FALSE,FALSE,FALSE,TRUE,FALSE,FALSE,FALSE,FALSE,TRUE,TRUE,TRUE,FALSE,FALSE,FALSE,FALSE,FALSE,,,FALSE,FALSE,FALSE,FALSE,FALSE,FALSE,FALSE,TRUE,FALSE,"Rocky Mountain Iris, Western Blue Flag",https://inaturalist-open-data.s3.amazonaws.com/photos/1899110/medium.jpg
PLANT-00505,iris versicolor,Iris versicolor,"Harlequin Blueflag, Northern Blue Flag, Large Blue Iris",Connecticut | Maine | Maryland | Massachusetts | Michigan | Minnesota | New Hampshire | New Jersey | New York | Ohio | Pennsylvania | Rhode Island | Vermont | Virginia | Wisconsin,Herbaceous perennial,Full sun to part shade,Medium to wet,Low,3,9,May,June,IRVE2,Iridaceae,Herb,Perennial,Up to about 3 feet tall.,"White , Yellow , Blue , Purple , Violet","May , Jun , Jul , Aug",,"Sun , Part Shade","Moist , Wet",Acidic (pH<6.8),"Moist, rich soils.",Hummingbirds,,,TRUE,TRUE,FALSE,FALSE,FALSE,FALSE,FALSE,FALSE,FALSE,FALSE,TRUE,TRUE,TRUE,TRUE,FALSE,FALSE,FALSE,FALSE,,,FALSE,FALSE,FALSE,FALSE,FALSE,FALSE,FALSE,TRUE,FALSE,"Harlequin Blueflag, Northern Blue Flag, Large Blue Iris",https://static.inaturalist.org/photos/135271513/medium.jpg
PLANT-00506,iris virginica,Iris virginica,"Virginia Iris, Great Blue Flag, Southern Blue Flag",Alabama | Arkansas | Florida | Georgia | Illinois | Indiana | Iowa | Kansas | Kentucky | Louisiana | Maryland | Michigan | Minnesota | Mississippi | Missouri | Nebraska | New York | North Carolina | Ohio | Oklahoma | Pennsylvania | South Carolina | Tennessee | Texas | Virginia | West Virginia | Wisconsin,Herbaceous perennial,Full sun,Medium to wet,Low,5,9,June,June,IRVI,Iridaceae,Herb,Perennial,Up to about 3 feet tall.,"White , Yellow , Blue , Purple , Violet","May , Jun , Jul",High,Sun,Wet,,"Moist, rich soils.",,yes,Clump division is the usual method of increase. Divide in early fall when the leaves begin to turn yellow. Keep stringy roots attached to the stubby,TRUE,FALSE,FALSE,FALSE,FALSE,TRUE,FALSE,FALSE,FALSE,FALSE,TRUE,TRUE,TRUE,FALSE,FALSE,FALSE,FALSE,FALSE,,,FALSE,FALSE,FALSE,FALSE,FALSE,FALSE,FALSE,TRUE,FALSE,"Virginia Iris, Great Blue Flag, Southern Blue Flag",https://static.inaturalist.org/photos/301969594/medium.jpg
PLANT-00507,iris virginica var. shrevei,Iris virginica var. shrevei,southern blue flag,Alabama | Arkansas | Florida | Georgia | Illinois | Indiana | Iowa | Kansas | Kentucky | Louisiana | Maryland | Michigan | Minnesota | Mississippi | Missouri | Nebraska | New York | North Carolina | Ohio | Oklahoma | Pennsylvania | South Carolina | Tennessee | Texas | Virginia | West Virginia | Wisconsin,Herbaceous perennial,Full sun,Medium to wet,Low,5,9,June,June,,,,,,,,,,,,,,,,,,,,,,,,,,,,,,,,,,,,FALSE,FALSE,FALSE,FALSE,FALSE,FALSE,FALSE,FALSE,FALSE,southern blue flag,
PLANT-00508,itea virginica,Itea virginica,"Virginia Sweetspire, Tassel-white, Virginia Willow",Alabama | Arkansas | Delaware | Florida | Georgia | Illinois | Indiana | Kentucky | Louisiana | Maryland | Mississippi | Missouri | New Jersey | North Carolina | Oklahoma | Pennsylvania | South Carolina | Tennessee | Texas | Virginia,Deciduous shrub,Full sun to part shade,Medium to wet,Low,5,9,June,July,ITVI,Grossulariaceae,Shrub,Perennial,"Usually 3 to 6 feet, but can reach 10 feet tall.",White,"Mar , Apr , May , Jun",High,Part Shade,Moist,Acidic (pH<6.8),"Moist, acid soils. Acid-based, Sandy, Sandy Loam, Medium Loam, Clay Loam, Clay","Cover, Nectar-insects",yes,Seeds are very tiny and germinate best if sown thinly in flats in a greenhouse. Sweetspire grows best if kept in a container one year. Semi-hardwood cuttings taken in late summer or early fall will root.,FALSE,TRUE,FALSE,FALSE,FALSE,TRUE,FALSE,FALSE,TRUE,TRUE,TRUE,TRUE,FALSE,FALSE,FALSE,FALSE,FALSE,FALSE,,,FALSE,FALSE,FALSE,FALSE,FALSE,FALSE,FALSE,TRUE,FALSE,"Virginia Sweetspire, Tassel-white, Virginia Willow",https://inaturalist-open-data.s3.amazonaws.com/photos/143782553/medium.jpg
PLANT-00509,jatropha multifida,Jatropha multifida,coralbush,Florida,Broadleaf evergreen,Full sun,Medium,Low,10,12,Seasonal bloomer,Seasonal bloomer,,,,,,,,,,,,,,,,,,,,,,,,,,,,,,,,,,,,FALSE,FALSE,FALSE,FALSE,FALSE,FALSE,FALSE,FALSE,FALSE,coralbush,https://inaturalist-open-data.s3.amazonaws.com/photos/57341426/medium.jpg
PLANT-00510,jeffersonia diphylla,Jeffersonia diphylla,Twinleaf,Alabama | Georgia | Illinois | Indiana | Iowa | Kentucky | Maryland | Michigan | Minnesota | New Jersey | New York | North Carolina | Ohio | Pennsylvania | Tennessee | Virginia | West Virginia | Wisconsin,Herbaceous perennial,Part shade,Medium,Low,5,7,April,April,JEDI,Berberidaceae,Herb,Perennial,Up to about 18 inches tall.,White,"Mar , Apr , May",,Part Shade,Moist,Acidic (pH<6.8),"Rich, damp soils.",,yes,"Easily propagated by seed, which should be sown immediately upon ripening and should not be allowed to dry out. Seedlings take 4-5 years to develop into flowering-sized plants. Large plants may be divided at the end of the growing season.",FALSE,TRUE,FALSE,FALSE,FALSE,FALSE,FALSE,FALSE,TRUE,TRUE,TRUE,FALSE,FALSE,FALSE,FALSE,FALSE,FALSE,FALSE,,,FALSE,FALSE,FALSE,FALSE,FALSE,FALSE,FALSE,TRUE,FALSE,Twinleaf,https://inaturalist-open-data.s3.amazonaws.com/photos/190055789/medium.jpg
PLANT-00511,juglans cinerea,Juglans cinerea,"Butternut, White Walnut",Alabama | Arkansas | Connecticut | Delaware | Georgia | Illinois | Indiana | Iowa | Kentucky | Maine | Maryland | Massachusetts | Michigan | Minnesota | Mississippi | Missouri | New Hampshire | New Jersey | New York | North Carolina | Ohio | Pennsylvania | Rhode Island | South Carolina | Tennessee | Vermont | Virginia | West Virginia | Wisconsin,Tree,Full sun,Medium,Medium,3,7,May,June,JUCI,Juglandaceae,Tree,Perennial,Usually up to about 60 feet tall. Can be up to about 100 feet tall.,"Green , Brown","Apr , May , Jun",Medium,Sun,Moist,Circumneutral (pH 6.8-7.2),"Rich, moist soils.",,yes,"Plant nuts in fall or spring. If nuts are sown in spring, they must be stratified.",TRUE,FALSE,FALSE,FALSE,TRUE,FALSE,FALSE,FALSE,FALSE,TRUE,TRUE,TRUE,FALSE,FALSE,FALSE,FALSE,FALSE,FALSE,,,FALSE,FALSE,FALSE,FALSE,FALSE,FALSE,FALSE,TRUE,FALSE,"Butternut, White Walnut",https://inaturalist-open-data.s3.amazonaws.com/photos/62230/medium.jpg
PLANT-00512,juglans nigra,Juglans nigra,"Black Walnut, Eastern Black Walnut, American Black Walnut",Alabama | Arkansas | Connecticut | Delaware | Florida | Georgia | Illinois | Indiana | Iowa | Kansas | Kentucky | Louisiana | Maine | Maryland | Massachusetts | Michigan | Minnesota | Mississippi | Missouri | Nebraska | New Hampshire | New Jersey | New York | North Carolina | North Dakota | Ohio | Oklahoma | Pennsylvania | Rhode Island | South Carolina | South Dakota | Tennessee | Texas | Utah | Virginia | West Virginia | Wisconsin,Tree,Full sun,Medium,Medium,4,9,May,June,JUNI,Juglandaceae,Tree,Perennial,Usually up to about 75 feet tall. Can be up to 150 feet tall.,"Yellow , Green , Brown","Apr , May",High,"Sun , Part Shade",Moist,Circumneutral (pH 6.8-7.2),"Moist, rich soils. Sandy Loam, Medium Loam, Clay Loam, Acid-based, Calcareous",Squirrels are among the few creatures with strong enough teeth and the determination to gnaw through the extremely hard shells.,yes,"Plant nuts in fall or spring. If nuts are sown in spring, they must be stratified. Protection from squirrels is necessary.",TRUE,TRUE,FALSE,FALSE,FALSE,TRUE,FALSE,FALSE,FALSE,TRUE,TRUE,FALSE,FALSE,FALSE,FALSE,FALSE,FALSE,FALSE,,,FALSE,FALSE,FALSE,FALSE,FALSE,FALSE,FALSE,TRUE,FALSE,"Black Walnut, Eastern Black Walnut, American Black Walnut",https://inaturalist-open-data.s3.amazonaws.com/photos/38351837/medium.jpg
PLANT-00513,juncus dudleyi,Juncus dudleyi,Dudley's Rush,Alabama | Arizona | Arkansas | California | Colorado | Connecticut | Idaho | Illinois | Indiana | Iowa | Kansas | Kentucky | Maine | Maryland | Massachusetts | Michigan | Minnesota | Missouri | Montana | Nebraska | Nevada | New Hampshire | New Jersey | New Mexico | New York | North Carolina | North Dakota | Ohio | Oklahoma | Oregon | Pennsylvania | Rhode Island | South Carolina | South Dakota | Tennessee | Texas | Utah | Vermont | Virginia | Washington | West Virginia | Wisconsin | Wyoming,Rush or Sedge,Full sun,Medium to wet,Low,3,9,May,July,JUDU2,Juncaceae,Grass/Grass-like,Perennial,,Green,"Apr , May , Jun",,,,,,,,,FALSE,FALSE,FALSE,FALSE,FALSE,FALSE,FALSE,FALSE,FALSE,TRUE,TRUE,TRUE,FALSE,FALSE,FALSE,FALSE,FALSE,FALSE,,,FALSE,FALSE,FALSE,FALSE,FALSE,FALSE,FALSE,TRUE,FALSE,Dudley's Rush,https://inaturalist-open-data.s3.amazonaws.com/photos/425009752/medium.jpg
PLANT-00514,juncus effusus,Juncus effusus,"Common Rush, Soft Rush",Alabama | Alaska | Arizona | Arkansas | California | Colorado | Connecticut | Delaware | Florida | Georgia | Idaho | Illinois | Indiana | Iowa | Kansas | Kentucky | Louisiana | Maine | Maryland | Michigan | Minnesota | Mississippi | Missouri | Montana | Nebraska | Nevada | New Hampshire | New Jersey | New Mexico | New York | North Carolina | North Dakota | Ohio | Oklahoma | Oregon | Pennsylvania | Rhode Island | South Carolina | Tennessee | Texas | Vermont | Virginia | Washington | West Virginia | Wisconsin,Rush or Sedge,Full sun,Wet,Low,4,9,June,August,JUEF,Juncaceae,Grass/Grass-like,Perennial,"6"" to 1'","Green , Brown","Jul , Aug , Sep",Medium,Sun,"Moist , Wet",,"Clay, Loam, Sand",,,,TRUE,FALSE,FALSE,FALSE,TRUE,FALSE,FALSE,FALSE,FALSE,FALSE,FALSE,FALSE,TRUE,TRUE,TRUE,FALSE,FALSE,FALSE,,,FALSE,FALSE,FALSE,FALSE,FALSE,FALSE,FALSE,TRUE,FALSE,"Common Rush, Soft Rush",https://inaturalist-open-data.s3.amazonaws.com/photos/41202988/medium.jpg
PLANT-00515,juncus tenuis,Juncus tenuis,"Poverty Rush, Path Rush",Alabama | Alaska | Arizona | California | Connecticut | Delaware | Florida | Georgia | Idaho | Illinois | Indiana | Iowa | Kansas | Kentucky | Louisiana | Maine | Maryland | Michigan | Minnesota | Mississippi | Missouri | Montana | Nebraska | Nevada | New Hampshire | New Jersey | New Mexico | New York | North Carolina | North Dakota | Ohio | Oklahoma | Oregon | Pennsylvania | Rhode Island | South Carolina | South Dakota | Tennessee | Texas | Utah | Vermont | Virginia | Washington | West Virginia | Wisconsin | Wyoming,Rush or Sedge,Full sun to part shade,Medium to wet,Low,2,9,May,September,JUTE,Juncaceae,Grass/Grass-like,Perennial,Up to about 20 inches tall.,Green,"Mar , Apr , May , Jun",Medium,Part Shade,,,,,,,FALSE,TRUE,FALSE,FALSE,TRUE,FALSE,FALSE,FALSE,TRUE,TRUE,TRUE,TRUE,FALSE,FALSE,FALSE,FALSE,FALSE,FALSE,,,FALSE,FALSE,FALSE,FALSE,FALSE,FALSE,FALSE,TRUE,FALSE,"Poverty Rush, Path Rush",https://inaturalist-open-data.s3.amazonaws.com/photos/32809281/medium.jpg
PLANT-00516,juniperus ashei,Juniperus ashei,ashe juniper,Arkansas | Missouri | Oklahoma | Texas,Needled evergreen,Full sun,Medium,Low,6,9,Non-flowering,Non-flowering,,,,,,,,,,,,,,,,,,,,,,,,,,,,,,,,,,,,FALSE,FALSE,FALSE,FALSE,FALSE,FALSE,FALSE,FALSE,FALSE,ashe juniper,https://inaturalist-open-data.s3.amazonaws.com/photos/61302560/medium.jpg
PLANT-00517,juniperus communis,Juniperus communis,Common Juniper,Alabama | Alaska | Arizona | California | Colorado | Connecticut | Delaware | Georgia | Idaho | Illinois | Indiana | Iowa | Kentucky | Maine | Maryland | Massachusetts | Michigan | Minnesota | Montana | Nebraska | Nevada | New Hampshire | New Jersey | New Mexico | New York | North Carolina | North Dakota | Ohio | Oregon | Pennsylvania | Rhode Island | South Carolina | South Dakota | Utah | Vermont | Virginia | Washington | West Virginia | Wisconsin | Wyoming,Needled evergreen,Full sun,Medium,Low,2,7,Non-flowering,Non-flowering,JUCO6,Cupressaceae,Tree,Perennial,"Shrub-like, up to about 12 feet tall, or growing as a",Yellow,Apr,Low,Sun,Dry,,Sandy,,,,TRUE,FALSE,FALSE,TRUE,FALSE,FALSE,FALSE,FALSE,FALSE,TRUE,FALSE,FALSE,FALSE,FALSE,FALSE,FALSE,FALSE,FALSE,,,FALSE,FALSE,FALSE,FALSE,FALSE,FALSE,FALSE,TRUE,FALSE,Common Juniper,https://inaturalist-open-data.s3.amazonaws.com/photos/61660329/medium.jpg
PLANT-00518,juniperus horizontalis,Juniperus horizontalis,"Creeping Juniper, Creeping Savin",Alaska | Illinois | Indiana | Iowa | Maine | Massachusetts | Michigan | Minnesota | Montana | Nebraska | New Hampshire | North Dakota | Ohio | Rhode Island | South Dakota | Vermont | Wisconsin | Wyoming,Needled evergreen,Full sun,Medium,Low,3,9,Non-flowering,Non-flowering,JUHO2,Cupressaceae,Shrub,Perennial,Up to about 1 foot tall.,"White , Brown","Apr , May",High,"Sun , Part Shade",Dry,Circumneutral (pH 6.8-7.2),"Dry, rocky soils.",Very high.,yes,"Generally, cuttings should be taken after several hard freezes although references point to any time from July to April. Hormone treatment improves rooting. Propagation is also possible by seed. Seed can be sown outdoors in fall or stratified and sown",TRUE,TRUE,FALSE,FALSE,FALSE,TRUE,FALSE,FALSE,FALSE,TRUE,TRUE,FALSE,FALSE,FALSE,FALSE,FALSE,FALSE,FALSE,,,FALSE,FALSE,FALSE,FALSE,FALSE,FALSE,FALSE,TRUE,FALSE,"Creeping Juniper, Creeping Savin",https://inaturalist-open-data.s3.amazonaws.com/photos/250334018/medium.jpg
PLANT-00519,juniperus virginiana,Juniperus virginiana,"Eastern Red Cedar, Eastern Redcedar, Virginia Juniper, Red Juniper, Pencil Cedar, Carolina Cedar, Red Savin",Alabama | Arkansas | Colorado | Connecticut | Delaware | Florida | Georgia | Illinois | Indiana | Iowa | Kansas | Kentucky | Louisiana | Maine | Maryland | Massachusetts | Michigan | Minnesota | Mississippi | Missouri | Nebraska | New Hampshire | New Jersey | New York | North Carolina | Ohio | Oklahoma | Pennsylvania | Rhode Island | South Carolina | South Dakota | Tennessee | Texas | Vermont | Virginia | West Virginia | Wisconsin | Wyoming,Needled evergreen,Full sun,Dry to medium,Low,2,9,Non-flowering,Non-flowering,JUVI,Cupressaceae,Tree,Perennial,Up to about 90 feet tall.,"Green , Purple , Brown","Mar , Apr , May",Low,"Sun , Part Shade , Shade",Dry,Circumneutral (pH 6.8-7.2),"Dry, limestone soils (adaptable). Sandy, Sandy Loam, Medium Loam Clay Loam, Clay, Rocky, Limestone-based, Caliche type.","The juicy ""berries"" are consumed by many kinds of wildlife, including the cedar waxwing, named for this tree. The fruits are a staple for many birds and small mammals. Also provides nesting material and cover.",yes,"Seed can be sown outdoors in fall or stratified and sown in spring. Seed germination is often poor, so a large quantity of seeds should be sown. Selected forms have been rooted from cuttings.",TRUE,TRUE,TRUE,TRUE,FALSE,FALSE,FALSE,FALSE,TRUE,TRUE,TRUE,FALSE,FALSE,FALSE,FALSE,FALSE,FALSE,FALSE,,,FALSE,FALSE,FALSE,FALSE,FALSE,FALSE,FALSE,TRUE,FALSE,"Eastern Red Cedar, Eastern Redcedar, Virginia Juniper, Red Juniper, Pencil Cedar, Carolina Cedar, Red Savin",https://inaturalist-open-data.s3.amazonaws.com/photos/165898544/medium.jpg
PLANT-00520,kalmia latifolia,Kalmia latifolia,"Mountain Laurel, Calico Bush, Kalmia, Mountain-laurel",Alabama | Connecticut | Delaware | Florida | Georgia | Indiana | Kentucky | Louisiana | Maine | Maryland | Massachusetts | Mississippi | New Hampshire | New Jersey | New York | North Carolina | Ohio | Pennsylvania | Rhode Island | South Carolina | Tennessee | Vermont | Virginia | West Virginia,Broadleaf evergreen,Part shade,Medium,Medium,4,9,May,May,KALA,Ericaceae,Shrub,Perennial,Up to about 35 feet tall when growing as a tree. Usually shrub-like and much shorter.,"White , Pink , Purple","Apr , May , Jun , Jul",Low,Part Shade,Moist,,"Cool, moist rocky or sandy soils.",,yes,,FALSE,TRUE,FALSE,TRUE,FALSE,FALSE,FALSE,FALSE,FALSE,TRUE,TRUE,TRUE,TRUE,FALSE,FALSE,FALSE,FALSE,FALSE,,,FALSE,FALSE,FALSE,FALSE,FALSE,FALSE,FALSE,TRUE,FALSE,"Mountain Laurel, Calico Bush, Kalmia, Mountain-laurel",https://inaturalist-open-data.s3.amazonaws.com/photos/395501030/medium.jpg
PLANT-00521,koeleria macrantha,Koeleria macrantha,"Prairie Junegrass, Junegrass, Prairie Koeler's Grass",Missouri,Ornamental grass,Full sun,Dry to medium,Low,3,9,May,June,KOMA,Poaceae,Grass/Grass-like,Perennial,"Up to about 4 feet tall, often shorter.",Yellow,"Apr , May , Jun",High,Sun,Dry,,Sandy or rocky soils.,,yes,"Propagate by seed sown unstratified in fall or statified in spring. Sow 1/4"" deep. Seed germinated best when weather is cool. Seedlings are almost invisible when first emerging. 1- to 3-year old plants may be divided in early spring.",TRUE,FALSE,FALSE,FALSE,FALSE,TRUE,FALSE,FALSE,FALSE,TRUE,TRUE,TRUE,FALSE,FALSE,FALSE,FALSE,FALSE,FALSE,,,FALSE,FALSE,FALSE,FALSE,FALSE,FALSE,FALSE,TRUE,FALSE,"Prairie Junegrass, Junegrass, Prairie Koeler's Grass",https://inaturalist-open-data.s3.amazonaws.com/photos/42363755/medium.jpg
PLANT-00522,lachnocaulon anceps,Lachnocaulon anceps,whitehead bogbutton,Alabama | Florida | Georgia | Louisiana | Mississippi | New Jersey | North Carolina | South Carolina | Tennessee | Virginia,Herbaceous perennial,Full sun,Medium to wet,Medium,7,10,April,July,,,,,,,,,,,,,,,,,,,,,,,,,,,,,,,,,,,,FALSE,FALSE,FALSE,FALSE,FALSE,FALSE,FALSE,FALSE,FALSE,whitehead bogbutton,https://inaturalist-open-data.s3.amazonaws.com/photos/84408306/medium.jpg
PLANT-00523,lactuca floridana,Lactuca floridana,"Woodland Lettuce, Florida Lettuce",Alabama | Alaska | Arkansas | Delaware | Florida | Georgia | Illinois | Indiana | Iowa | Kansas | Kentucky | Louisiana | Maryland | Massachusetts | Michigan | Minnesota | Mississippi | Missouri | Nebraska | New Jersey | New Mexico | New York | North Carolina | Ohio | Oklahoma | Pennsylvania | South Carolina | South Dakota | Tennessee | Texas | Virginia | West Virginia | Wisconsin,Annual,Part shade to full shade,Medium to wet,Medium,,,July,October,LAFL,Asteraceae,Biennial,Annual,Up to about 6 feet tall.,"White , Blue","Jun , Jul , Aug , Sep , Oct",,"Part Shade , Shade","Moist , Wet",,,,,,FALSE,TRUE,TRUE,FALSE,FALSE,FALSE,FALSE,FALSE,FALSE,FALSE,FALSE,TRUE,TRUE,TRUE,TRUE,TRUE,FALSE,FALSE,,,FALSE,FALSE,FALSE,FALSE,FALSE,FALSE,FALSE,TRUE,FALSE,"Woodland Lettuce, Florida Lettuce",https://static.inaturalist.org/photos/9972831/medium.jpeg
PLANT-00524,leitneria floridana,Leitneria floridana,Corkwood,Arkansas | Florida | Georgia | Mississippi | Missouri | Texas,Deciduous shrub,Full sun to part shade,Medium to wet,Low,5,9,March,March,LEFL,Leitneriaceae,Shrub,Perennial,"Up to about 25 feet tall, often shorter.","Red , Green","Feb , Mar",,,,,,,,,FALSE,FALSE,FALSE,FALSE,FALSE,FALSE,FALSE,TRUE,TRUE,FALSE,FALSE,FALSE,FALSE,FALSE,FALSE,FALSE,FALSE,FALSE,,,FALSE,FALSE,FALSE,FALSE,FALSE,FALSE,FALSE,TRUE,FALSE,Corkwood,https://inaturalist-open-data.s3.amazonaws.com/photos/255461110/medium.jpeg
PLANT-00525,lemna minor,Lemna minor,Common Duckweed,Alabama | Alaska | Arizona | Arkansas | California | Colorado | Connecticut | Delaware | Florida | Georgia | Idaho | Illinois | Indiana | Iowa | Kansas | Kentucky | Louisiana | Maine | Maryland | Massachusetts | Michigan | Minnesota | Mississippi | Missouri | Montana | Nebraska | Nevada | New Hampshire | New Jersey | New Mexico | New York | North Carolina | North Dakota | Ohio | Oklahoma | Oregon | Pennsylvania | Rhode Island | South Carolina | South Dakota | Tennessee | Texas | Utah | Vermont | Virginia | Washington | West Virginia | Wisconsin | Wyoming,Herbaceous perennial,Full sun to part shade,Wet,Medium,4,10,Rarely flowers,Rarely flowers,LEMI3,Lemnaceae,Herb,Perennial,Floats on the surface of the water.,Green,"Jun , Jul , Aug",High,Sun,Wet,,,"Food for ducks, tadpoles, fish and beavers. (Fleurbec)",,,TRUE,FALSE,FALSE,FALSE,FALSE,TRUE,FALSE,FALSE,FALSE,FALSE,FALSE,TRUE,TRUE,TRUE,FALSE,FALSE,FALSE,FALSE,,,FALSE,FALSE,FALSE,FALSE,FALSE,FALSE,FALSE,TRUE,FALSE,Common Duckweed,https://inaturalist-open-data.s3.amazonaws.com/photos/145834264/medium.jpeg
PLANT-00526,lespedeza capitata,Lespedeza capitata,"Roundhead Lespedeza, Roundhead Bush-clover, Round-headed Lespedeza, Round-headed Bush-clover",Alabama | Arkansas | Connecticut | Delaware | Florida | Georgia | Illinois | Indiana | Iowa | Kansas | Kentucky | Louisiana | Maine | Maryland | Massachusetts | Michigan | Minnesota | Mississippi | Missouri | Nebraska | New Hampshire | New Jersey | New York | North Carolina | Ohio | Oklahoma | Pennsylvania | Rhode Island | South Carolina | South Dakota | Tennessee | Texas | Vermont | Virginia | West Virginia | Wisconsin,Herbaceous perennial,Full sun to part shade,Dry to medium,Low,4,8,July,September,LECA8,Fabaceae,Herb,Perennial,Up to about 4 feet tall.,White,"Jul , Aug , Sep",Low,Sun,Dry,,Well-drained soils.,Seeds provide food for birds and other wildlife.,yes,Easily propagated from scarified seed. Sow unstratified seed in fall; stratified in spring.,TRUE,FALSE,FALSE,TRUE,FALSE,FALSE,FALSE,FALSE,FALSE,FALSE,FALSE,FALSE,TRUE,TRUE,TRUE,FALSE,FALSE,FALSE,,,FALSE,FALSE,FALSE,FALSE,FALSE,FALSE,FALSE,TRUE,FALSE,"Roundhead Lespedeza, Roundhead Bush-clover, Round-headed Lespedeza, Round-headed Bush-clover",https://static.inaturalist.org/photos/88789131/medium.jpeg
PLANT-00527,leucothoe axillaris,Leucothoe axillaris,"Coastal Doghobble, Coast Leucothoe",Alabama | Delaware | Florida | Georgia | Kentucky | Louisiana | Mississippi | North Carolina | South Carolina | Virginia,Broadleaf evergreen,Part shade,Medium,Medium,6,9,May,May,LEAX,Ericaceae,Shrub,Perennial,"Normally 2 to 4 feet tall, occasionally to 6 feet.","White , Pink","Apr , May",Medium,"Part Shade , Shade",Moist,Acidic (pH<6.8),"Moist, rich, acidic soils.",Flowers used by bees. Foliage browsed by deer.,yes,Directly sow seeds on moist peat. Firm cuttings root readily when treated with hormone.,FALSE,TRUE,TRUE,FALSE,TRUE,FALSE,FALSE,FALSE,FALSE,TRUE,TRUE,FALSE,FALSE,FALSE,FALSE,FALSE,FALSE,FALSE,,,FALSE,FALSE,FALSE,FALSE,FALSE,FALSE,FALSE,TRUE,FALSE,"Coastal Doghobble, Coast Leucothoe",https://inaturalist-open-data.s3.amazonaws.com/photos/146283097/medium.jpg
PLANT-00528,leucothoe fontanesiana,Leucothoe fontanesiana,"Highland Doghobble, Drooping Leucothoe",Alabama | Georgia | North Carolina | South Carolina | Tennessee | Virginia,Broadleaf evergreen,Part shade to full shade,Medium,Low,5,8,May,May,LEFO,Ericaceae,Shrub,Perennial,Up to about 6 feet tall.,White,"Apr , May , Jun",,Part Shade,Moist,Acidic (pH<6.8),"Moist, acidic soils.",,yes,Germinate seeds under mist or a plastic tent. Semi-hardwood and hardwood cuttings root easily with hormone treatment.,FALSE,TRUE,FALSE,FALSE,FALSE,FALSE,FALSE,FALSE,FALSE,TRUE,TRUE,TRUE,FALSE,FALSE,FALSE,FALSE,FALSE,FALSE,,,FALSE,FALSE,FALSE,FALSE,FALSE,FALSE,FALSE,TRUE,FALSE,"Highland Doghobble, Drooping Leucothoe",https://static.inaturalist.org/photos/112608902/medium.jpeg
PLANT-00529,liatris aspera,Liatris aspera,"Tall Blazing Star, Tall Gayfeather, Tall Liatris, Rough Blazing Star, Rough Gayfeather, Rough Liatris, Button Snakeroot",Alabama | Arkansas | Florida | Georgia | Illinois | Indiana | Iowa | Kansas | Kentucky | Louisiana | Michigan | Minnesota | Mississippi | Missouri | Nebraska | North Carolina | North Dakota | Ohio | Oklahoma | South Carolina | South Dakota | Tennessee | Texas | Virginia | West Virginia | Wisconsin,Herbaceous perennial,Full sun,Dry to medium,Medium,3,8,August,October,LIAS,Asteraceae,Herb,Perennial,Up to about 6 feet tall.,"Pink , Purple","Aug , Sep , Oct",,Sun,Dry,,Sandy or rocky soils.,Butterflies frequent Liatris spp. Provides,yes,"Scarified seeds may be sown outside in late fall or stored, stratified and sown the following spring. Some sources suggest spring seedlings will appear by simply laying the flowering stalk in an outdoor seedbed and covering with 1/2 in. of soil in the fa",TRUE,FALSE,FALSE,FALSE,FALSE,FALSE,FALSE,FALSE,FALSE,FALSE,FALSE,FALSE,FALSE,TRUE,TRUE,TRUE,FALSE,FALSE,,,FALSE,FALSE,FALSE,FALSE,FALSE,FALSE,FALSE,TRUE,FALSE,"Tall Blazing Star, Tall Gayfeather, Tall Liatris, Rough Blazing Star, Rough Gayfeather, Rough Liatris, Button Snakeroot",https://inaturalist-open-data.s3.amazonaws.com/photos/4779657/medium.jpeg
PLANT-00530,liatris cylindracea,Liatris cylindracea,"Ontario Blazing Star, Ontario Gayfeather, Ontario Liatris, Dwarf Blazing Star, Dwarf Gayfeather, Dwarf Liatris",Alabama | Arkansas | Delaware | Illinois | Indiana | Iowa | Kansas | Kentucky | Michigan | Minnesota | Missouri | New York | Ohio | Tennessee | Wisconsin,Herbaceous perennial,Full sun,Dry to medium,Low,4,7,July,September,LICY,Asteraceae,Herb,Perennial,Up to about 2 feet tall.,Purple,"Jul , Aug , Sep",,Sun,Dry,,"Dry, limey soils.",,yes,"Scarified seeds may be sown outside in late fall or stored, stratified and sown the following spring. Some sources suggest spring seedlings will appear by simply laying the flowering stalk in an outdoor seedbed and covering with 1/2 in. of soil in the fa",TRUE,FALSE,FALSE,FALSE,FALSE,FALSE,FALSE,FALSE,FALSE,FALSE,FALSE,FALSE,TRUE,TRUE,TRUE,FALSE,FALSE,FALSE,,,FALSE,FALSE,FALSE,FALSE,FALSE,FALSE,FALSE,TRUE,FALSE,"Ontario Blazing Star, Ontario Gayfeather, Ontario Liatris, Dwarf Blazing Star, Dwarf Gayfeather, Dwarf Liatris",https://inaturalist-open-data.s3.amazonaws.com/photos/98446811/medium.jpg
PLANT-00531,liatris ligulistylis,Liatris ligulistylis,"Rocky Mountain Blazing Star, Rocky Mountain Gayfeather, Rocky Mountain Liatris, Meadow Blazing Star, Meadow Gayfeather, Meadow Liatris",Colorado | Illinois | Iowa | Minnesota | Missouri | Montana | New Mexico | North Dakota | South Dakota | Wisconsin | Wyoming,Herbaceous perennial,Full sun,Dry to medium,Low,3,8,July,September,LILI,Asteraceae,Herb,Perennial,Up to about 3 feet tall.,"Pink , Purple","Jul , Aug , Sep , Oct",,Sun,Moist,,,,,,TRUE,FALSE,FALSE,FALSE,FALSE,FALSE,FALSE,FALSE,FALSE,FALSE,FALSE,FALSE,TRUE,TRUE,TRUE,TRUE,FALSE,FALSE,,,FALSE,FALSE,FALSE,FALSE,FALSE,FALSE,FALSE,TRUE,FALSE,"Rocky Mountain Blazing Star, Rocky Mountain Gayfeather, Rocky Mountain Liatris, Meadow Blazing Star, Meadow Gayfeather, Meadow Liatris",https://inaturalist-open-data.s3.amazonaws.com/photos/4618904/medium.jpg
PLANT-00532,liatris microcephala,Liatris microcephala,"Smallhead Blazing Star, Smallhead Gayfeather, Smallhead Liatris",Alabama | Georgia | Kentucky | North Carolina | South Carolina | Tennessee,Herbaceous perennial,Full sun,Dry to medium,Low,6,9,July,July,LIMI7,Asteraceae,Herb,Perennial,Up to about 32 inches tall.,"White , Pink , Purple","Jul , Aug , Sep , Oct",,,,,,,,,FALSE,FALSE,FALSE,FALSE,FALSE,FALSE,FALSE,FALSE,FALSE,FALSE,FALSE,FALSE,TRUE,TRUE,TRUE,TRUE,FALSE,FALSE,,,FALSE,FALSE,FALSE,FALSE,FALSE,FALSE,FALSE,TRUE,FALSE,"Smallhead Blazing Star, Smallhead Gayfeather, Smallhead Liatris",https://inaturalist-open-data.s3.amazonaws.com/photos/4940601/medium.jpg
PLANT-00533,liatris mucronata,Liatris mucronata,narrow-leaved gayfeather,Arkansas | Kansas | Missouri | Nebraska | Oklahoma | Texas,Herbaceous perennial,Full sun,Dry to medium,Low,5,9,July,September,,,,,,,,,,,,,,,,,,,,,,,,,,,,,,,,,,,,FALSE,FALSE,FALSE,FALSE,FALSE,FALSE,FALSE,FALSE,FALSE,narrow-leaved gayfeather,
PLANT-00534,liatris pycnostachya,Liatris pycnostachya,"Prairie Blazing Star, Prairie Gayfeather, Prairie Liatris, Kansas Blazing Star, Kansas Gayfeather, Kansas Liatris, Cat-tail Blazing Star, Cat-tail Gayfeather, Cat-tail Liatris, Hairy Button-snakeroot",Arkansas | Illinois | Indiana | Iowa | Kansas | Kentucky | Louisiana | Minnesota | Mississippi | Missouri | Nebraska | North Dakota | Oklahoma | South Dakota | Texas | Wisconsin,Herbaceous perennial,Full sun,Dry to medium,Low,3,9,July,August,LIPY,Asteraceae,Herb,Perennial,"Up to about 6 feet tall, often shorter.","Pink , Purple","Jun , Jul , Aug , Sep , Oct , Nov , Dec",Medium,Sun,"Dry , Moist",Acidic (pH<6.8),"Moist, well-drained soils. Rocky, Sandy, Sandy Loam, preferably of poor quality.","Butterflies frequent Liatris spp. Nectar-Bees, Nectar-Butterflies, Nectar-insects",yes,"Scarified seeds may be sown outside in late fall or stored, stratified and sown the following spring. These plants produce a large amount of seed so storing the seed in paper bags in the refrigerator after collection and sowing in early spring offers good results as well. When sowing ex-situ, germination usually occurs within 20-25 days. The optimum temperature range is 55-75 degrees F in well drained soil. Barely cover the seed with growing media and reduce soil temperature at night.",TRUE,FALSE,FALSE,FALSE,TRUE,FALSE,FALSE,FALSE,FALSE,FALSE,FALSE,TRUE,TRUE,TRUE,TRUE,TRUE,TRUE,TRUE,,,FALSE,FALSE,FALSE,FALSE,FALSE,FALSE,FALSE,TRUE,FALSE,"Prairie Blazing Star, Prairie Gayfeather, Prairie Liatris, Kansas Blazing Star, Kansas Gayfeather, Kansas Liatris, Cat-tail Blazing Star, Cat-tail Gayfeather, Cat-tail Liatris, Hairy Button-snakeroot",https://inaturalist-open-data.s3.amazonaws.com/photos/133681/medium.jpg
PLANT-00535,liatris scariosa,Liatris scariosa,"Devil's Bite, Large Blazing Star, Large Gayfeather, Large Liatris, Savanna Blazing Star, Savanna Gayfeather, Savanna Liatris",Alabama | Arkansas | Connecticut | Delaware | Georgia | Illinois | Indiana | Maine | Maryland | Massachusetts | Michigan | Missouri | New Hampshire | New Jersey | New York | North Carolina | Ohio | Pennsylvania | Rhode Island | South Carolina | Tennessee | Virginia | West Virginia | Wisconsin,Herbaceous perennial,Full sun,Dry to medium,Low,3,8,August,October,LISC2,Asteraceae,Herb,Perennial,Up to about 5 feet tall.,"Pink , Purple","Jul , Aug , Sep , Oct",,Sun,Moist,,"Loam, Sand",,,,TRUE,FALSE,FALSE,FALSE,FALSE,FALSE,FALSE,FALSE,FALSE,FALSE,FALSE,FALSE,TRUE,TRUE,TRUE,TRUE,FALSE,FALSE,,,FALSE,FALSE,FALSE,FALSE,FALSE,FALSE,FALSE,TRUE,FALSE,"Devil's Bite, Large Blazing Star, Large Gayfeather, Large Liatris, Savanna Blazing Star, Savanna Gayfeather, Savanna Liatris",https://inaturalist-open-data.s3.amazonaws.com/photos/613306/medium.jpg
PLANT-00536,liatris scariosa var. nieuwlandii,Liatris scariosa var. nieuwlandii,eastern blazingstar,Arkansas | Illinois | Indiana | Michigan | Missouri | New York | Ohio | Pennsylvania | West Virginia | Wisconsin,Herbaceous perennial,Full sun,Dry to medium,Low,3,8,August,October,,,,,,,,,,,,,,,,,,,,,,,,,,,,,,,,,,,,FALSE,FALSE,FALSE,FALSE,FALSE,FALSE,FALSE,FALSE,FALSE,eastern blazingstar,
PLANT-00537,liatris spicata,Liatris spicata,"Dense Blazing Star, Dense Gayfeather, Dense Liatris, Marsh Blazing Star, Marsh Gayfeather, Marsh Liatris",Alabama | Connecticut | Delaware | Florida | Georgia | Illinois | Indiana | Kentucky | Louisiana | Maryland | Massachusetts | Michigan | Mississippi | Missouri | New Jersey | North Carolina | Ohio | Pennsylvania | South Carolina | Tennessee | Virginia | West Virginia | Wisconsin,Herbaceous perennial,Full sun,Medium,Low,3,8,July,August,LISP,Asteraceae,Herb,Perennial,Up to about 6 feet tall.,Purple,"Jul , Aug , Sep , Oct , Nov",Medium,Sun,Moist,Acidic (pH<6.8),"Moist, average soils.",Butterflies frequent Liatris spp.,yes,"Scarified seeds may be sown outside in late fall or stored, stratified and sown the following spring. Some sources suggest spring seedlings will appear by simply laying the flowering stalk in an outdoor seedbed and covering with 1/2 in. of soil in the fa",TRUE,FALSE,FALSE,FALSE,TRUE,FALSE,FALSE,FALSE,FALSE,FALSE,FALSE,FALSE,TRUE,TRUE,TRUE,TRUE,TRUE,FALSE,,,FALSE,FALSE,FALSE,FALSE,FALSE,FALSE,FALSE,TRUE,FALSE,"Dense Blazing Star, Dense Gayfeather, Dense Liatris, Marsh Blazing Star, Marsh Gayfeather, Marsh Liatris",https://inaturalist-open-data.s3.amazonaws.com/photos/86566147/medium.jpg
PLANT-00538,lilium michiganense,Lilium michiganense,"Michigan Lily, Turk's Cap Lily",Alabama | Arkansas | Georgia | Illinois | Indiana | Iowa | Kansas | Kentucky | Michigan | Minnesota | Missouri | Nebraska | New York | Ohio | Oklahoma | South Dakota | Tennessee | Wisconsin,Bulb,Full sun to part shade,Medium to wet,Low,4,8,June,July,LIMI9,Liliaceae,Herb,Perennial,Up to about 6 feet tall.,"Red , Orange , Yellow","Jun , Jul , Aug",,"Sun , Part Shade , Shade",Moist,,"Deep, fertile, moist, cool soil.",,yes,Separate scales from central core of,TRUE,TRUE,TRUE,FALSE,FALSE,FALSE,FALSE,FALSE,FALSE,FALSE,FALSE,TRUE,TRUE,TRUE,FALSE,FALSE,FALSE,FALSE,,,FALSE,FALSE,FALSE,FALSE,FALSE,FALSE,FALSE,TRUE,FALSE,"Michigan Lily, Turk's Cap Lily",https://inaturalist-open-data.s3.amazonaws.com/photos/2101418/medium.jpg
PLANT-00539,lilium superbum,Lilium superbum,Turk's-cap Lily,Alabama | Arkansas | Connecticut | Delaware | Florida | Georgia | Illinois | Indiana | Kentucky | Louisiana | Maryland | Minnesota | Mississippi | Missouri | New Hampshire | New York | North Carolina | Ohio | Pennsylvania | Rhode Island | Tennessee | Vermont | Virginia | West Virginia,Bulb,Full sun to part shade,Medium to wet,Medium,5,8,July,July,LISU,Liliaceae,Herb,Perennial,,"Red , Orange , Yellow","Jul , Aug , Sep",Medium,Sun,Moist,Acidic (pH<6.8),"Loam, Sand. Good drainage essential.",,,,TRUE,FALSE,FALSE,FALSE,TRUE,FALSE,FALSE,FALSE,FALSE,FALSE,FALSE,FALSE,TRUE,TRUE,TRUE,FALSE,FALSE,FALSE,,,FALSE,FALSE,FALSE,FALSE,FALSE,FALSE,FALSE,TRUE,FALSE,Turk's-cap Lily,https://inaturalist-open-data.s3.amazonaws.com/photos/353432805/medium.jpeg
PLANT-00540,lindera benzoin,Lindera benzoin,"Northern Spicebush, Spicebush, Wild Allspice",Alabama | Arkansas | Connecticut | Delaware | Florida | Georgia | Illinois | Indiana | Iowa | Kansas | Kentucky | Louisiana | Maine | Maryland | Massachusetts | Michigan | Mississippi | Missouri | New Hampshire | New Jersey | New York | North Carolina | Ohio | Oklahoma | Pennsylvania | Rhode Island | South Carolina | Tennessee | Texas | Vermont | Virginia | West Virginia,Deciduous shrub,Part shade,Medium,Low,4,9,March,March,LIBE3,Lauraceae,Shrub,Perennial,Rarely up to about 20 feet tall. Usually up to about 15 feet tall.,"White , Yellow , Green","Mar , Apr , May",Medium,"Sun , Part Shade , Shade","Dry , Moist , Wet",,"Moist, sandy, well-drained soils. Caliche type, Limestone-based, Sandy Loam, Medium Loam",,yes,,TRUE,TRUE,TRUE,FALSE,TRUE,FALSE,FALSE,FALSE,TRUE,TRUE,TRUE,FALSE,FALSE,FALSE,FALSE,FALSE,FALSE,FALSE,,,FALSE,FALSE,FALSE,FALSE,FALSE,FALSE,FALSE,TRUE,FALSE,"Northern Spicebush, Spicebush, Wild Allspice",https://inaturalist-open-data.s3.amazonaws.com/photos/313884891/medium.jpg
PLANT-00541,liquidambar styraciflua,Liquidambar styraciflua,"Sweetgum, American Sweetgum, Red Gum, White Gum, Star-leaved Gum, Starleaf Gum, Alligator Tree, Satin Walnut, Bilsted, Liquidambar",Alabama | Arkansas | California | Connecticut | Delaware | Florida | Georgia | Illinois | Indiana | Kentucky | Louisiana | Maryland | Massachusetts | Mississippi | Missouri | New Jersey | New York | North Carolina | Ohio | Oklahoma | Pennsylvania | Rhode Island | South Carolina | Tennessee | Texas | Virginia | West Virginia,Tree,Full sun,Medium,Low,5,9,April,May,LIST2,Hamamelidaceae,Tree,Perennial,Up to about 130 feet tall.,"White , Green","Mar , Apr , May",High,Part Shade,Moist,Acidic (pH<6.8),"Deep, moist, alluvial loams. Sandy, Sandy Loam, Medium Loam, Clay Loam, Acid-based.","Seed balls attract several bird species. Nesting site, Cover, Fruit-birds, Fruit-mammals",yes,Seeds exhibit only a shallow dormancy and can be planted fresh or stratified. Leafy cuttings taken with a heel can be rooted in summer under mist.,FALSE,TRUE,FALSE,FALSE,FALSE,TRUE,FALSE,FALSE,TRUE,TRUE,TRUE,FALSE,FALSE,FALSE,FALSE,FALSE,FALSE,FALSE,,,FALSE,FALSE,FALSE,FALSE,FALSE,FALSE,FALSE,TRUE,FALSE,"Sweetgum, American Sweetgum, Red Gum, White Gum, Star-leaved Gum, Starleaf Gum, Alligator Tree, Satin Walnut, Bilsted, Liquidambar",https://inaturalist-open-data.s3.amazonaws.com/photos/239888168/medium.jpeg
PLANT-00542,liriodendron tulipifera,Liriodendron tulipifera,"Tulip Tree, Tulip Poplar, Yellow Poplar",Alabama | Arkansas | Connecticut | Delaware | Florida | Georgia | Illinois | Indiana | Kentucky | Louisiana | Maryland | Massachusetts | Michigan | Mississippi | Missouri | New Jersey | New York | North Carolina | Ohio | Pennsylvania | Rhode Island | South Carolina | Tennessee | Vermont | Virginia | West Virginia,Tree,Full sun,Medium,Low,4,9,May,June,LITU,Magnoliaceae,Tree,Perennial,Up to about 150 feet tall.,"Yellow , Green , Brown","Apr , May , Jun",Medium,"Sun , Part Shade , Shade",Moist,Acidic (pH<6.8),"Rich, moist soils.",This is a favorite nesting,yes,Sow seeds in fall or stratify. Germination percentages are generally quite low. Collect cuttings in summer.,TRUE,TRUE,TRUE,FALSE,TRUE,FALSE,FALSE,FALSE,FALSE,TRUE,TRUE,TRUE,FALSE,FALSE,FALSE,FALSE,FALSE,FALSE,,,FALSE,FALSE,FALSE,FALSE,FALSE,FALSE,FALSE,TRUE,FALSE,"Tulip Tree, Tulip Poplar, Yellow Poplar",https://inaturalist-open-data.s3.amazonaws.com/photos/867903/medium.jpg
PLANT-00543,lobelia cardinalis,Lobelia cardinalis,Cardinal Flower,Alabama | Arizona | Arkansas | California | Colorado | Connecticut | Delaware | Florida | Georgia | Illinois | Indiana | Iowa | Kansas | Kentucky | Louisiana | Maine | Maryland | Michigan | Minnesota | Mississippi | Missouri | Nebraska | Nevada | New Hampshire | New Jersey | New Mexico | New York | North Carolina | Ohio | Oklahoma | Pennsylvania | Rhode Island | South Carolina | Tennessee | Texas | Utah | Vermont | Virginia | West Virginia | Wisconsin,Herbaceous perennial,Full sun to part shade,Medium to wet,Low,3,9,July,September,LOCA2,Campanulaceae,Herb,Perennial,Up to about 6 feet tall.,Red,"May , Jun , Jul , Aug , Sep , Oct","Medium , High","Sun , Part Shade , Shade","Moist , Wet",,"Moist to wet, humus-rich soil. Medium Loam, Clay Loam, Limestone-based, Sandy, Sandy Loam, Clay","In bloom, cardinal flower attracts hummingbirds. Nectar-Hummingbirds",yes,,TRUE,TRUE,TRUE,FALSE,TRUE,TRUE,FALSE,FALSE,FALSE,FALSE,TRUE,TRUE,TRUE,TRUE,TRUE,TRUE,FALSE,FALSE,,,FALSE,FALSE,FALSE,FALSE,FALSE,FALSE,FALSE,TRUE,FALSE,Cardinal Flower,https://static.inaturalist.org/photos/383016071/medium.jpg
PLANT-00544,lobelia siphilitica,Lobelia siphilitica,Great Blue Lobelia,Alabama | Arkansas | Colorado | Connecticut | Delaware | Georgia | Illinois | Indiana | Iowa | Kansas | Kentucky | Louisiana | Maine | Maryland | Michigan | Minnesota | Mississippi | Missouri | Nebraska | New Hampshire | New Jersey | New York | North Carolina | North Dakota | Ohio | Oklahoma | South Carolina | South Dakota | Tennessee | Texas | Vermont | Virginia | West Virginia | Wisconsin | Wyoming,Herbaceous perennial,Full sun to part shade,Medium to wet,Low,4,9,July,September,LOSI,Campanulaceae,Herb,Perennial,Up to about 5 feet tall.,"White , Blue","Jul , Aug , Sep , Oct",,"Sun , Part Shade , Shade","Moist , Wet",,"Clay, Loam, Sand",,yes,"To propagate, divide clumps in the spring or scatch stratified seed lightly onto the soil surface.",TRUE,TRUE,TRUE,FALSE,FALSE,FALSE,FALSE,FALSE,FALSE,FALSE,FALSE,FALSE,TRUE,TRUE,TRUE,TRUE,FALSE,FALSE,,,FALSE,FALSE,FALSE,FALSE,FALSE,FALSE,FALSE,TRUE,FALSE,Great Blue Lobelia,https://inaturalist-open-data.s3.amazonaws.com/photos/153600161/medium.jpg
PLANT-00545,lobelia ã— speciosa,Lobelia Ã— speciosa,lobelia,Illinois | Missouri,Herbaceous perennial,Full sun to part shade,Medium to wet,Low,5,8,July,September,,,,,,,,,,,,,,,,,,,,,,,,,,,,,,,,,,,,FALSE,FALSE,FALSE,FALSE,FALSE,FALSE,FALSE,FALSE,FALSE,lobelia,
PLANT-00546,lonicera caerulea,Lonicera caerulea,Sweetberry Honeysuckle,California | Idaho | Montana | Nevada | Oregon | Pennsylvania | Washington | Wisconsin | Wyoming,Fruit,Full sun to part shade,Medium,Low,2,7,April,June,LOCA6,Caprifoliaceae,Shrub,,Up to about 3 feet tall.,"White , Yellow","May , Jun , Jul",,Sun,Moist,,,,,,TRUE,FALSE,FALSE,FALSE,FALSE,FALSE,FALSE,FALSE,FALSE,FALSE,TRUE,TRUE,TRUE,FALSE,FALSE,FALSE,FALSE,FALSE,,,FALSE,FALSE,FALSE,FALSE,FALSE,FALSE,FALSE,TRUE,FALSE,Sweetberry Honeysuckle,https://inaturalist-open-data.s3.amazonaws.com/photos/356932/medium.jpg
PLANT-00547,lonicera flava,Lonicera flava,Yellow Honeysuckle,Alabama | Arkansas | Georgia | Illinois | Kansas | Kentucky | Missouri | North Carolina | Ohio | Oklahoma | South Carolina | Tennessee,Vine,Full sun to part shade,Medium,Low,5,8,April,May,LOFL,Caprifoliaceae,Shrub,,"Stems twining, up to about 20 feet long.","Orange , Yellow","Apr , May",,,,,,,,,FALSE,FALSE,FALSE,FALSE,FALSE,FALSE,FALSE,FALSE,FALSE,TRUE,TRUE,FALSE,FALSE,FALSE,FALSE,FALSE,FALSE,FALSE,,,FALSE,FALSE,FALSE,FALSE,FALSE,FALSE,FALSE,TRUE,FALSE,Yellow Honeysuckle,https://static.inaturalist.org/photos/7540551/medium.jpg
PLANT-00548,lonicera involucrata,Lonicera involucrata,"Twinberry Honeysuckle, Black Twinberry Honeysuckle, Black Twinberry, Bearberry Honeysuckle, Four-line Honeysuckle",Alaska | Arizona | California | Colorado | Idaho | Michigan | Montana | Nevada | New Mexico | Oregon | Utah | Washington | Wisconsin | Wyoming,Deciduous shrub,Full sun to part shade,Medium,Low,4,10,June,July,LOIN5,Caprifoliaceae,Shrub,,Up to about 10 feet tall.,"Red , Yellow , Purple","Mar , Apr , May , Jun , Jul , Aug",High,"Sun , Part Shade , Shade",Moist,,"Wet, brackish water margins.",Attracts hummingbirds and other wildlife.,yes,"Species of Lonicera come easily from cuttings: hardwood cuttings outdoors or young, summer shoots over bottom heat. Seeds germinate well if treated.",TRUE,TRUE,TRUE,FALSE,FALSE,TRUE,FALSE,FALSE,TRUE,TRUE,TRUE,TRUE,TRUE,TRUE,FALSE,FALSE,FALSE,FALSE,Bee | Fly | Hummingbird | Wasp,90,TRUE,FALSE,FALSE,TRUE,FALSE,TRUE,TRUE,TRUE,TRUE,"Twinberry Honeysuckle, Black Twinberry Honeysuckle, Black Twinberry, Bearberry Honeysuckle, Four-line Honeysuckle",https://inaturalist-open-data.s3.amazonaws.com/photos/52126544/medium.jpeg
PLANT-00549,lonicera sempervirens,Lonicera sempervirens,"Coral Honeysuckle, Trumpet Honeysuckle, Woodbine",Alabama | Arkansas | Connecticut | Delaware | Florida | Georgia | Illinois | Iowa | Kansas | Kentucky | Louisiana | Maine | Maryland | Mississippi | Missouri | New Hampshire | New Jersey | New York | North Carolina | Oklahoma | Pennsylvania | South Carolina | Tennessee | Texas | Vermont | Virginia | West Virginia,Vine,Full sun,Medium,Low,4,9,May,June,LOSE,Caprifoliaceae,Vine,,Stems up to about 20 feet long.,"Red , Yellow","Mar , Apr , May , Jun",Medium,"Sun , Part Shade",Moist,,"Various soils, but rich preferred. Sandy, Sandy Loam, Medium Loam, Clay Loam, Clay, Caliche type. Both lime and acidic OK.","Flowers attract hummingbirds, bees, and butterflies. Fruits attract quail, Purple Finch, Goldfinch, Hermit Thrush, American Robin.",yes,The easiest way to propagate is by softwood or semi-hardwood cuttings taken from summer to fall. Layering is another means of propagation. Seed must be stratified.,TRUE,TRUE,FALSE,FALSE,TRUE,FALSE,FALSE,FALSE,TRUE,TRUE,TRUE,TRUE,FALSE,FALSE,FALSE,FALSE,FALSE,FALSE,,,FALSE,FALSE,FALSE,FALSE,FALSE,FALSE,FALSE,TRUE,FALSE,"Coral Honeysuckle, Trumpet Honeysuckle, Woodbine",https://inaturalist-open-data.s3.amazonaws.com/photos/70049480/medium.jpg
PLANT-00550,ludwigia alternifolia,Ludwigia alternifolia,Seedbox,Alabama | Arkansas | Colorado | Connecticut | Delaware | Florida | Georgia | Illinois | Indiana | Iowa | Kansas | Kentucky | Louisiana | Maryland | Massachusetts | Michigan | Mississippi | Missouri | Nebraska | New Jersey | New York | North Carolina | Ohio | Oklahoma | Pennsylvania | Rhode Island | South Carolina | Tennessee | Texas | Vermont | Virginia | West Virginia | Wisconsin,Herbaceous perennial,Full sun to part shade,Medium to wet,Medium,4,8,June,August,LUAL2,Onagraceae,Herb,Perennial,Up to about 5 feet tall.,Yellow,"Jun , Jul , Aug , Sep",,Sun,"Moist , Wet",,Sandy,,,,TRUE,FALSE,FALSE,FALSE,FALSE,FALSE,FALSE,FALSE,FALSE,FALSE,FALSE,TRUE,TRUE,TRUE,TRUE,FALSE,FALSE,FALSE,,,FALSE,FALSE,FALSE,FALSE,FALSE,FALSE,FALSE,TRUE,FALSE,Seedbox,https://inaturalist-open-data.s3.amazonaws.com/photos/75401637/medium.jpg
PLANT-00551,lycopodiella alopecuroides,Lycopodiella alopecuroides,Foxtail Clubmoss,Alabama | Arkansas | Connecticut | Delaware | Florida | Georgia | Louisiana | Maine | Maryland | Massachusetts | Mississippi | New Jersey | New York | North Carolina | Pennsylvania | Rhode Island | South Carolina | Tennessee | Texas | Virginia,Herbaceous perennial,Full sun to part shade,Wet,High,5,9,Non-flowering,Non-flowering,LYAL5,Lycopodiaceae,Herb,Perennial,To about 1 foot in height.,Not Applicable,,,,,,,,,,FALSE,FALSE,FALSE,FALSE,FALSE,FALSE,FALSE,FALSE,FALSE,FALSE,FALSE,FALSE,FALSE,FALSE,FALSE,FALSE,FALSE,FALSE,,,FALSE,FALSE,FALSE,FALSE,FALSE,FALSE,FALSE,TRUE,FALSE,Foxtail Clubmoss,https://inaturalist-open-data.s3.amazonaws.com/photos/20589279/medium.jpg
PLANT-00552,lyonia lucida,Lyonia lucida,"Shining Fetterbush, Fetterbush Lyonia, Shinyleaf, Fetterbush, Staggerbush",Alabama | Florida | Georgia | Louisiana | Mississippi | North Carolina | South Carolina | Virginia,Broadleaf evergreen,Full sun to part shade,Medium,Medium,7,9,March,May,LYLU3,Ericaceae,Shrub,Perennial,"Up to about 15 feet tall, often much shorter.",Pink,"Mar , Apr , May",Medium,"Part Shade , Shade",Moist,Acidic (pH<6.8),"Moist, well-drained, acidic soil",Flowers visited by bees,,Sow seeds in spring.,FALSE,TRUE,TRUE,FALSE,TRUE,FALSE,FALSE,FALSE,TRUE,TRUE,TRUE,FALSE,FALSE,FALSE,FALSE,FALSE,FALSE,FALSE,,,FALSE,FALSE,FALSE,FALSE,FALSE,FALSE,FALSE,TRUE,FALSE,"Shining Fetterbush, Fetterbush Lyonia, Shinyleaf, Fetterbush, Staggerbush",https://inaturalist-open-data.s3.amazonaws.com/photos/76628034/medium.jpg
PLANT-00553,maclura pomifera,Maclura pomifera,"Osage Orange, Bois d' Arc, Bodark, Horse Apple, Hedge Apple, Bowwood, Yellowwood, Naranjo Chino, Monkey Brains",Arkansas | Oklahoma | Texas,Tree,Full sun to part shade,Dry to medium,Low,4,9,June,June,MAPO,Moraceae,Tree,Perennial,Up to about 65 feet tall.,Green,"Apr , May , Jun",Medium,Sun,Dry,,"Medium Loam, Clay Loam, Clay","Nesting site, Cover, Fruit-mammals",,,TRUE,FALSE,FALSE,FALSE,TRUE,FALSE,FALSE,FALSE,FALSE,TRUE,TRUE,TRUE,FALSE,FALSE,FALSE,FALSE,FALSE,FALSE,,,FALSE,FALSE,FALSE,FALSE,FALSE,FALSE,FALSE,TRUE,FALSE,"Osage Orange, Bois d' Arc, Bodark, Horse Apple, Hedge Apple, Bowwood, Yellowwood, Naranjo Chino, Monkey Brains",https://inaturalist-open-data.s3.amazonaws.com/photos/52688312/medium.jpg
PLANT-00554,magnolia acuminata,Magnolia acuminata,"Cucumbertree, Cucumber Tree, Mountain Magnolia",Alabama | Arkansas | Connecticut | Florida | Georgia | Illinois | Indiana | Kentucky | Louisiana | Maine | Maryland | Mississippi | Missouri | New Jersey | New York | North Carolina | Ohio | Oklahoma | Pennsylvania | South Carolina | Tennessee | Virginia | West Virginia,Tree,Full sun to part shade,Medium,Low,3,8,April,May,MAAC,Magnoliaceae,Tree,Perennial,"Up to about 75 feet tall, sometimes taller.","Yellow , Green , Brown","Mar , Apr , May , Jun",High,"Sun , Part Shade , Shade","Moist , Wet",Acidic (pH<6.8),"Rich, moist, acidic soils.","Many fruits fall to the ground with their seeds still enclosed and become forage for towhees and other ground-feeding birds, as well as small mammals.",yes,,TRUE,TRUE,TRUE,FALSE,FALSE,TRUE,FALSE,FALSE,TRUE,TRUE,TRUE,TRUE,FALSE,FALSE,FALSE,FALSE,FALSE,FALSE,,,FALSE,FALSE,FALSE,FALSE,FALSE,FALSE,FALSE,TRUE,FALSE,"Cucumbertree, Cucumber Tree, Mountain Magnolia",https://inaturalist-open-data.s3.amazonaws.com/photos/45551257/medium.jpeg
PLANT-00555,magnolia grandiflora,Magnolia grandiflora,"Southern Magnolia, Evergreen Magnolia, Loblolly Magnolia, Great Laurel Magnolia, Big Laurel, Bull Bay",Alabama | Arkansas | Florida | Georgia | Louisiana | Mississippi | North Carolina | Texas | Virginia,Tree,Full sun to part shade,Medium,Medium,7,9,May,June,MAGR4,Magnoliaceae,Tree,Perennial,Up to about 100 feet tall.,White,"Mar , Apr , May , Jun",High,Part Shade,Dry,,"Rich, porous, acid soils. Sandy, Sandy Loam, Medium Loam, Clay Loam Clay, Acid-based, Calcareous",,yes,"Propagation methods include the use of fresh seed sown in fall, stratified seed, or wounded, semi-hardwood cuttings taken in summer. The seed of",FALSE,TRUE,FALSE,FALSE,FALSE,TRUE,FALSE,FALSE,TRUE,TRUE,TRUE,TRUE,FALSE,FALSE,FALSE,FALSE,FALSE,FALSE,,,FALSE,FALSE,FALSE,FALSE,FALSE,FALSE,FALSE,TRUE,FALSE,"Southern Magnolia, Evergreen Magnolia, Loblolly Magnolia, Great Laurel Magnolia, Big Laurel, Bull Bay",https://inaturalist-open-data.s3.amazonaws.com/photos/82254330/medium.jpg
PLANT-00556,magnolia macrophylla,Magnolia macrophylla,Bigleaf Magnolia,Alabama | Arkansas | Florida | Georgia | Kentucky | Louisiana | Maryland | Mississippi | North Carolina | Ohio | South Carolina | Tennessee | Virginia | West Virginia,Tree,Full sun to part shade,Medium,Low,5,8,May,May,MAMA2,Magnoliaceae,Tree,Perennial,"Up to about 100 feet tall, often shorter.",White,"May , Jun",,Part Shade,,,"Rich, acid soils.",,yes,Fresh seed sown in fall; stratified seed; semi-hardwood cuttings taken in summer,FALSE,TRUE,FALSE,FALSE,FALSE,FALSE,FALSE,FALSE,FALSE,FALSE,TRUE,TRUE,FALSE,FALSE,FALSE,FALSE,FALSE,FALSE,,,FALSE,FALSE,FALSE,FALSE,FALSE,FALSE,FALSE,TRUE,FALSE,Bigleaf Magnolia,https://inaturalist-open-data.s3.amazonaws.com/photos/53670533/medium.jpeg
PLANT-00557,magnolia tripetala,Magnolia tripetala,"Umbrella Tree, Umbrella Magnolia",Alabama | Arkansas | Delaware | Florida | Georgia | Indiana | Kentucky | Maryland | Mississippi | North Carolina | Ohio | Oklahoma | Pennsylvania | South Carolina | Tennessee | Virginia | West Virginia,Tree,Full sun to part shade,Medium,Low,5,8,May,May,MATR,Magnoliaceae,Tree,Perennial,Up to about 45 feet tall.,White,"Mar , Apr , May , Jun",Medium,Part Shade,Moist,,"Moist, rich, acidic, well-drained soils.",,yes,"Cleaned, fall-sown magnolia seed will sprout the following summer.",FALSE,TRUE,FALSE,FALSE,TRUE,FALSE,FALSE,FALSE,TRUE,TRUE,TRUE,TRUE,FALSE,FALSE,FALSE,FALSE,FALSE,FALSE,,,FALSE,FALSE,FALSE,FALSE,FALSE,FALSE,FALSE,TRUE,FALSE,"Umbrella Tree, Umbrella Magnolia",https://inaturalist-open-data.s3.amazonaws.com/photos/16219358/medium.jpg
PLANT-00558,magnolia virginiana,Magnolia virginiana,"Sweetbay, Sweetbay Magnolia, Southern Sweetbay, Swampbay, Swamp Magnolia, Sweet Magnolia, Small Magnolia, Laurel Magnolia, White Bay, White Laurel, Swamp Laurel, Beaver Tree",Alabama | Arkansas | Delaware | Florida | Georgia | Louisiana | Maryland | Massachusetts | Mississippi | New Jersey | New York | North Carolina | Pennsylvania | South Carolina | Tennessee | Texas | Virginia,Tree,Full sun to part shade,Medium to wet,Low,5,10,May,June,MAVI2,Magnoliaceae,Tree,Perennial,,White,"Apr , May , Jun , Jul",High,Part Shade,Moist,Acidic (pH<6.8),"Rich, moist soils. . Sandy, Sandy Loam, Medium Loam, Clay Loam, Clay, Acid-based","Very low. Nectar-moths, Nectar-beetles",yes,Propagate using stratified seed or semi-hardwood cuttings taken in summer.,FALSE,TRUE,FALSE,FALSE,FALSE,TRUE,FALSE,FALSE,FALSE,TRUE,TRUE,TRUE,TRUE,FALSE,FALSE,FALSE,FALSE,FALSE,,,FALSE,FALSE,FALSE,FALSE,FALSE,FALSE,FALSE,TRUE,FALSE,"Sweetbay, Sweetbay Magnolia, Southern Sweetbay, Swampbay, Swamp Magnolia, Sweet Magnolia, Small Magnolia, Laurel Magnolia, White Bay, White Laurel, Swamp Laurel, Beaver Tree",https://inaturalist-open-data.s3.amazonaws.com/photos/50032286/medium.jpeg
PLANT-00559,magnolia virginiana var. australis,Magnolia virginiana var. australis,swamp magnolia,Alabama | Arkansas | Florida | Georgia | Louisiana | Mississippi | South Carolina | Texas,Tree,Full sun to part shade,Medium to wet,Low,5,10,May,August,,,,,,,,,,,,,,,,,,,,,,,,,,,,,,,,,,,,FALSE,FALSE,FALSE,FALSE,FALSE,FALSE,FALSE,FALSE,FALSE,swamp magnolia,
PLANT-00560,mahonia repens,Mahonia repens,"Creeping Barberry, Creeping Oregon-grape",Arizona | California | Colorado | Delaware | Idaho | Indiana | Minnesota | Montana | Nebraska | Nevada | New Mexico | North Dakota | Oregon | Pennsylvania | South Dakota | Texas | Utah | Washington | Wyoming,Broadleaf evergreen,Full sun to part shade,Medium,Medium,5,8,April,April,MARE11,Berberidaceae,Shrub,Perennial,6 to 10 inches high in the wild; 1 to 2 feet high in cultivation,Yellow,"Apr , May , Jun , Jul",Medium,Part Shade,"Dry , Moist",Acidic (pH<6.8),"Rich, well-drained sandy, loamy, chalky, or granitic soils.",,yes,"Propagate using treated seed, divisions, or leafy, spring cuttings. The easiest method is spring or fall divisions.",FALSE,TRUE,FALSE,FALSE,TRUE,FALSE,FALSE,FALSE,FALSE,TRUE,TRUE,TRUE,TRUE,FALSE,FALSE,FALSE,FALSE,FALSE,,,FALSE,FALSE,FALSE,FALSE,FALSE,FALSE,FALSE,TRUE,FALSE,"Creeping Barberry, Creeping Oregon-grape",https://inaturalist-open-data.s3.amazonaws.com/photos/141256123/medium.jpg
PLANT-00561,maianthemum racemosum,Maianthemum racemosum,"Feathery False Lily Of The Valley, False Solomon's Seal, Feathery False Solomon's Seal, False Spikenard, Solomon's Plume, Smilacina",Alabama | Alaska | Arizona | Arkansas | California | Colorado | Connecticut | Delaware | Florida | Georgia | Idaho | Illinois | Indiana | Iowa | Kansas | Kentucky | Louisiana | Maine | Maryland | Michigan | Minnesota | Mississippi | Missouri | Montana | Nebraska | Nevada | New Hampshire | New Jersey | New Mexico | New York | North Carolina | North Dakota | Ohio | Oklahoma | Oregon | Pennsylvania | Rhode Island | South Carolina | South Dakota | Tennessee | Texas | Utah | Vermont | Virginia | Washington | West Virginia | Wyoming,Herbaceous perennial,Part shade,Medium,Medium,3,8,April,May,MARA7,Liliaceae,Herb,Perennial,"Stems erect or arching, up to about 4 feet long, often shorter.",White,"Apr , May , Jun , Jul",,,,,,,,,FALSE,FALSE,FALSE,FALSE,FALSE,FALSE,FALSE,FALSE,FALSE,TRUE,TRUE,TRUE,TRUE,FALSE,FALSE,FALSE,FALSE,FALSE,,,FALSE,FALSE,FALSE,FALSE,FALSE,FALSE,FALSE,TRUE,FALSE,"Feathery False Lily Of The Valley, False Solomon's Seal, Feathery False Solomon's Seal, False Spikenard, Solomon's Plume, Smilacina",https://inaturalist-open-data.s3.amazonaws.com/photos/111809822/medium.jpg
PLANT-00562,maianthemum stellatum,Maianthemum stellatum,"Starry False Lily Of The Valley, Starry False Solomon's Seal, Star-flowered Solomon's Seal",Alaska | Arizona | California | Colorado | Connecticut | Delaware | Idaho | Illinois | Indiana | Iowa | Kansas | Kentucky | Maine | Maryland | Massachusetts | Michigan | Minnesota | Missouri | Montana | Nebraska | Nevada | New Hampshire | New Jersey | New Mexico | New York | North Dakota | Ohio | Oklahoma | Oregon | Pennsylvania | Rhode Island | South Dakota | Tennessee | Utah | Vermont | Virginia | Washington | West Virginia | Wisconsin | Wyoming,Herbaceous perennial,Part shade,Medium,Medium,3,7,May,June,MAST4,Liliaceae,Herb,Perennial,Up to about 18 inches tall.,White,"Apr , May , Jun",,"Part Shade , Shade","Dry , Moist",,"Moist, especially sandy, soils.",,yes,Fall,FALSE,TRUE,TRUE,FALSE,FALSE,FALSE,FALSE,FALSE,FALSE,TRUE,TRUE,TRUE,FALSE,FALSE,FALSE,FALSE,FALSE,FALSE,,,FALSE,FALSE,FALSE,FALSE,FALSE,FALSE,FALSE,TRUE,FALSE,"Starry False Lily Of The Valley, Starry False Solomon's Seal, Star-flowered Solomon's Seal",https://inaturalist-open-data.s3.amazonaws.com/photos/5315/medium.jpg
PLANT-00563,malpighia coccigera,Malpighia coccigera,Singapore holly,Florida,Broadleaf evergreen,Full sun to part shade,Medium,Low,11,12,Flowers freely,Flowers freely,,,,,,,,,,,,,,,,,,,,,,,,,,,,,,,,,,,,FALSE,FALSE,FALSE,FALSE,FALSE,FALSE,FALSE,FALSE,FALSE,Singapore holly,https://inaturalist-open-data.s3.amazonaws.com/photos/700212/medium.JPG
PLANT-00564,manfreda virginica,Manfreda virginica,"False Aloe, Rattlesnake Master",Alabama | Arkansas | Florida | Georgia | Illinois | Indiana | Kentucky | Louisiana | Mississippi | Missouri | North Carolina | Ohio | Oklahoma | South Carolina | Tennessee | Texas | Virginia | West Virginia,Herbaceous perennial,Full sun to part shade,Dry to medium,Low,6,9,July,October,MAVI5,Agavaceae,Cactus/Succulent,Perennial,,Green,"May , Jun , Jul , Aug",,Sun,Dry,,"Dry, sterile, sometime alkaline soils.",Pollinated by sphinx moths.,yes,Can be propagated by seed.,TRUE,FALSE,FALSE,FALSE,FALSE,FALSE,FALSE,FALSE,FALSE,FALSE,TRUE,TRUE,TRUE,TRUE,FALSE,FALSE,FALSE,FALSE,,,FALSE,FALSE,FALSE,FALSE,FALSE,FALSE,FALSE,TRUE,FALSE,"False Aloe, Rattlesnake Master",https://inaturalist-open-data.s3.amazonaws.com/photos/139830407/medium.jpeg
PLANT-00565,marshallia caespitosa,Marshallia caespitosa,"Barbara's-buttons, Puffballs, White Barbara's-buttons, Barbara's Buttons",Arkansas | Kansas | Louisiana | Missouri | Oklahoma | Texas,Herbaceous perennial,Full sun to part shade,Dry to medium,Low,5,8,April,June,MACA7,Asteraceae,Herb,Perennial,"Up to about 30 inches tall, often shorter.","White , Pink , Purple","Apr , May , Jun",Low,"Sun , Part Shade",Dry,,"Sandy or calcareous soils. Sandy, Sandy Loam, Limestone-based, Medium Loam, Clay Loam, Clay",Rabbits will eat the plant.,,,TRUE,TRUE,FALSE,TRUE,FALSE,FALSE,FALSE,FALSE,FALSE,TRUE,TRUE,TRUE,FALSE,FALSE,FALSE,FALSE,FALSE,FALSE,,,FALSE,FALSE,FALSE,FALSE,FALSE,FALSE,FALSE,TRUE,FALSE,"Barbara's-buttons, Puffballs, White Barbara's-buttons, Barbara's Buttons",https://static.inaturalist.org/photos/69858606/medium.jpg
PLANT-00566,marshallia grandiflora,Marshallia grandiflora,"Monongahela Barbara's Buttons, Large-flowered Marshallia",West Virginia,Herbaceous perennial,Full sun to part shade,Medium,Low,5,9,June,July,MAGR7,Asteraceae,Herb,,Up to about 3 feet tall.,Pink,"May , Jun , Jul",,Part Shade,Moist,,Moist to drier soils.,,yes,Propagated easily from seed.,FALSE,TRUE,FALSE,FALSE,FALSE,FALSE,FALSE,FALSE,FALSE,FALSE,TRUE,TRUE,TRUE,FALSE,FALSE,FALSE,FALSE,FALSE,,,FALSE,FALSE,FALSE,FALSE,FALSE,FALSE,FALSE,TRUE,FALSE,"Monongahela Barbara's Buttons, Large-flowered Marshallia",https://inaturalist-open-data.s3.amazonaws.com/photos/110544202/medium.jpg
PLANT-00567,marshallia mohrii,Marshallia mohrii,Mohr's Barbara's-buttons,Alabama | Georgia,Herbaceous perennial,Full sun to part shade,Medium to wet,Low,7,8,May,August,,,,,,,,,,,,,,,,,,,,,,,,,,,,,,,,,,,,FALSE,FALSE,FALSE,FALSE,FALSE,FALSE,FALSE,FALSE,FALSE,Mohr's Barbara's-buttons,https://static.inaturalist.org/photos/23238/medium.jpg
PLANT-00568,matelea decipiens,Matelea decipiens,climbing milkweed,Arkansas | Georgia | Illinois | Indiana | Kansas | Kentucky | Louisiana | Maryland | Missouri | North Carolina | Oklahoma | South Carolina | Tennessee | Texas | Virginia,Vine,Full sun to part shade,Medium,Medium,6,8,May,June,,,,,,,,,,,,,,,,,,,,,,,,,,,,,,,,,,,,FALSE,FALSE,FALSE,FALSE,FALSE,FALSE,FALSE,FALSE,FALSE,climbing milkweed,https://inaturalist-open-data.s3.amazonaws.com/photos/127527/medium.jpg
PLANT-00569,matteuccia struthiopteris subsp. pensylvanica,Matteuccia struthiopteris subsp. pensylvanica,,Alaska | Connecticut | Illinois | Indiana | Iowa | Maine | Massachusetts | Michigan | Minnesota | Missouri | Nebraska | New Hampshire | New Jersey | New York | North Dakota | Ohio | Pennsylvania | Rhode Island | South Dakota | Vermont | Virginia | West Virginia | Wisconsin,Fern,Part shade to full shade,Medium to wet,Medium,3,8,Non-flowering,Non-flowering,,,,,,,,,,,,,,,,,,,,,,,,,,,,,,,,,,,,FALSE,FALSE,FALSE,FALSE,FALSE,FALSE,FALSE,FALSE,FALSE,Matteuccia struthiopteris subsp. pensylvanica,
PLANT-00570,medeola virginiana,Medeola virginiana,"Indian Cucumber, Indian Cucumber-root",Alabama | Arkansas | Connecticut | Delaware | Florida | Georgia | Illinois | Indiana | Kentucky | Louisiana | Maine | Maryland | Michigan | Minnesota | Mississippi | Missouri | New Hampshire | New Jersey | New York | North Carolina | Ohio | Pennsylvania | Rhode Island | South Carolina | Tennessee | Vermont | Virginia | West Virginia | Wisconsin,Herbaceous perennial,Part shade to full shade,Medium to wet,Low,3,8,May,June,MEVI,Liliaceae,Herb,Perennial,Up to about 3 feet tall.,"Yellow , Green , Brown","May , Jun , Jul",,"Sun , Part Shade",Moist,,"Loam, Sand",,,,TRUE,TRUE,FALSE,FALSE,FALSE,FALSE,FALSE,FALSE,FALSE,FALSE,TRUE,TRUE,TRUE,FALSE,FALSE,FALSE,FALSE,FALSE,,,FALSE,FALSE,FALSE,FALSE,FALSE,FALSE,FALSE,TRUE,FALSE,"Indian Cucumber, Indian Cucumber-root",https://inaturalist-open-data.s3.amazonaws.com/photos/81800/medium.jpg
PLANT-00571,melanthium virginicum,Melanthium virginicum,bunchflower,Alabama | Arkansas | Delaware | Florida | Georgia | Illinois | Indiana | Kansas | Kentucky | Louisiana | Maryland | Minnesota | Mississippi | Missouri | New Jersey | New York | North Carolina | Ohio | Oklahoma | Pennsylvania | South Carolina | Tennessee | Texas | Virginia | West Virginia,Herbaceous perennial,Full sun to part shade,Medium to wet,Low,4,8,June,July,,,,,,,,,,,,,,,,,,,,,,,,,,,,,,,,,,,,FALSE,FALSE,FALSE,FALSE,FALSE,FALSE,FALSE,FALSE,FALSE,bunchflower,https://inaturalist-open-data.s3.amazonaws.com/photos/174088786/medium.jpeg
PLANT-00572,menispermum canadense,Menispermum canadense,Common Moonseed,Alabama | Arkansas | Connecticut | Delaware | Florida | Georgia | Illinois | Indiana | Iowa | Kansas | Kentucky | Maryland | Massachusetts | Michigan | Minnesota | Mississippi | Missouri | Nebraska | New Hampshire | New Jersey | New York | North Carolina | North Dakota | Ohio | Oklahoma | Pennsylvania | South Carolina | South Dakota | Tennessee | Texas | Vermont | Virginia | West Virginia | Wisconsin,Vine,Full sun to part shade,Medium,Medium,5,8,May,July,MECA3,Menispermaceae,Vine,Perennial,"Stems twining, up to about 15 feet long.","White , Green , Brown","Mar , Apr , May , Jun , Jul , Aug",,"Sun , Part Shade , Shade",Moist,,,,,,TRUE,TRUE,TRUE,FALSE,FALSE,FALSE,FALSE,FALSE,TRUE,TRUE,TRUE,TRUE,TRUE,TRUE,FALSE,FALSE,FALSE,FALSE,,,FALSE,FALSE,FALSE,FALSE,FALSE,FALSE,FALSE,TRUE,FALSE,Common Moonseed,https://inaturalist-open-data.s3.amazonaws.com/photos/202091324/medium.jpeg
PLANT-00573,menyanthes trifoliata,Menyanthes trifoliata,"Buckbean, Buck-bean",Alaska | Arizona | California | Colorado | Connecticut | Delaware | Idaho | Illinois | Indiana | Iowa | Maine | Maryland | Massachusetts | Michigan | Minnesota | Missouri | Montana | Nebraska | Nevada | New Hampshire | New Jersey | New Mexico | New York | North Carolina | North Dakota | Ohio | Oregon | Pennsylvania | Rhode Island | South Dakota | Utah | Vermont | Virginia | Washington | West Virginia | Wisconsin | Wyoming,Herbaceous perennial,Full sun to part shade,Wet,Low,3,10,May,June,METR3,Menyanthaceae,Herb,Perennial,Up to about 1 foot tall.,"White , Pink , Purple","Apr , May , Jun , Jul , Aug",High,"Sun , Part Shade",Wet,,"Wet, sometimes acidic, soils.",,yes,,TRUE,TRUE,FALSE,FALSE,FALSE,TRUE,FALSE,FALSE,FALSE,TRUE,TRUE,TRUE,TRUE,TRUE,FALSE,FALSE,FALSE,FALSE,,,FALSE,FALSE,FALSE,FALSE,FALSE,FALSE,FALSE,TRUE,FALSE,"Buckbean, Buck-bean",https://inaturalist-open-data.s3.amazonaws.com/photos/6099661/medium.jpg
PLANT-00574,mertensia virginica,Mertensia virginica,Virginia Bluebells,Alabama | Arkansas | Delaware | Georgia | Illinois | Indiana | Iowa | Kansas | Kentucky | Maine | Maryland | Massachusetts | Michigan | Minnesota | Mississippi | Missouri | New Jersey | New York | North Carolina | Ohio | Pennsylvania | South Carolina | Tennessee | Vermont | Virginia | West Virginia | Wisconsin,Herbaceous perennial,Part shade to full shade,Medium,Medium,3,8,March,April,MEVI3,Boraginaceae,Herb,Perennial,Up to about 2 feet tall.,"Pink , Blue , Purple","Mar , Apr , May , Jun",High,"Part Shade , Shade",Moist,Circumneutral (pH 6.8-7.2),"Rich, moist, sometimes rocky, soils.",,yes,"For best results, seeds should be sown immediately after collection or stored and planted six weeks prior to the last frost date. If stored over winter and planted in the spring, the seeds must be cold-moist stratified for six weeks. Rhizomes may be divided while the plant is dormant.",FALSE,TRUE,TRUE,FALSE,FALSE,TRUE,FALSE,FALSE,TRUE,TRUE,TRUE,TRUE,FALSE,FALSE,FALSE,FALSE,FALSE,FALSE,,,FALSE,FALSE,FALSE,FALSE,FALSE,FALSE,FALSE,TRUE,FALSE,Virginia Bluebells,https://inaturalist-open-data.s3.amazonaws.com/photos/358541879/medium.jpg
PLANT-00575,mespilus canescens,Mespilus canescens,Stern's medlar,Arkansas,Deciduous shrub,Full sun to part shade,Medium,Low,6,8,May,May,,,,,,,,,,,,,,,,,,,,,,,,,,,,,,,,,,,,FALSE,FALSE,FALSE,FALSE,FALSE,FALSE,FALSE,FALSE,FALSE,Stern's medlar,
PLANT-00576,mimosa quadrivalvis,Mimosa quadrivalvis,Fourvalve Mimosa,Missouri,Herbaceous perennial,Full sun,Dry to medium,Low,6,12,April,September,MIQU2,Fabaceae,Herb,Perennial,Sprawling plant. Stems to about 4 feet in length.,Pink,"Apr , May , Jun , Jul , Aug , Sep",,,,,,,,,FALSE,FALSE,FALSE,FALSE,FALSE,FALSE,FALSE,FALSE,FALSE,TRUE,TRUE,TRUE,TRUE,TRUE,TRUE,FALSE,FALSE,FALSE,,,FALSE,FALSE,FALSE,FALSE,FALSE,FALSE,FALSE,TRUE,FALSE,Fourvalve Mimosa,https://static.inaturalist.org/photos/9745739/medium.jpeg
PLANT-00577,mimulus alatus,Mimulus alatus,"Sharpwing Monkeyflower, Sharp-winged Monkeyflower",Alabama | Arkansas | Connecticut | Delaware | Florida | Georgia | Illinois | Indiana | Iowa | Kansas | Kentucky | Louisiana | Maryland | Massachusetts | Michigan | Mississippi | Missouri | Nebraska | New Jersey | New York | North Carolina | Ohio | Oklahoma | Pennsylvania | South Carolina | Tennessee | Texas | Virginia | West Virginia,Herbaceous perennial,Full sun to part shade,Medium to wet,Low,5,8,June,September,MIAL2,Scrophulariaceae,Herb,Perennial,Up to about 3 feet tall.,"White , Pink , Blue , Violet","Jun , Jul , Aug , Sep , Oct , Nov",,,,,,,,,FALSE,FALSE,FALSE,FALSE,FALSE,FALSE,FALSE,FALSE,FALSE,FALSE,FALSE,TRUE,TRUE,TRUE,TRUE,TRUE,TRUE,FALSE,,,FALSE,FALSE,FALSE,FALSE,FALSE,FALSE,FALSE,TRUE,FALSE,"Sharpwing Monkeyflower, Sharp-winged Monkeyflower",https://static.inaturalist.org/photos/20710341/medium.jpg
PLANT-00578,mimulus cardinalis,Mimulus cardinalis,"Scarlet Monkeyflower, Crimson Monkeyflower, Scarlet Monkey-flower",Arizona | California | Nevada | New Mexico | Oregon | Washington,Herbaceous perennial,Part shade,Medium to wet,Medium,7,10,June,October,MICA3,Scrophulariaceae,Herb,Perennial,Up to about 30 inches tall.,"Red , Orange , Yellow","Apr , May , Jun , Jul , Aug , Sep , Oct",High,Part Shade,Moist,,Moist soils.,Crimson monkey flower attracts hummingbirds.,yes,Easily increased through root divisions of the ever-enlarging clumps. Seeds may also be used.,FALSE,TRUE,FALSE,FALSE,FALSE,TRUE,FALSE,FALSE,FALSE,TRUE,TRUE,TRUE,TRUE,TRUE,TRUE,TRUE,FALSE,FALSE,,,FALSE,FALSE,FALSE,FALSE,FALSE,FALSE,FALSE,TRUE,FALSE,"Scarlet Monkeyflower, Crimson Monkeyflower, Scarlet Monkey-flower",https://static.inaturalist.org/photos/223307305/medium.jpg
PLANT-00579,mimulus ringens,Mimulus ringens,"Allegheny Monkeyflower, Square-stemmed Monkeyflower, Square-stem Monkeyflower",Alabama | Arkansas | California | Colorado | Connecticut | Delaware | Georgia | Idaho | Illinois | Indiana | Iowa | Kansas | Kentucky | Louisiana | Maine | Maryland | Massachusetts | Michigan | Minnesota | Mississippi | Missouri | Montana | Nebraska | New Hampshire | New Jersey | New York | North Carolina | North Dakota | Ohio | Oklahoma | Oregon | Pennsylvania | Rhode Island | South Carolina | South Dakota | Tennessee | Texas | Vermont | Virginia | Washington | West Virginia | Wisconsin,Herbaceous perennial,Full sun to part shade,Medium to wet,Low,3,8,June,September,MIRI,Scrophulariaceae,Herb,Perennial,,"Red , Pink , Blue , Purple","Jun , Jul , Aug , Sep",,Sun,"Moist , Wet",,Loam,,,,TRUE,FALSE,FALSE,FALSE,FALSE,FALSE,FALSE,FALSE,FALSE,FALSE,FALSE,TRUE,TRUE,TRUE,TRUE,FALSE,FALSE,FALSE,,,FALSE,FALSE,FALSE,FALSE,FALSE,FALSE,FALSE,TRUE,FALSE,"Allegheny Monkeyflower, Square-stemmed Monkeyflower, Square-stem Monkeyflower",https://static.inaturalist.org/photos/4532635/medium.jpg
PLANT-00580,mitchella repens,Mitchella repens,"Partridgeberry, Twinberry, Running Box, Pigeon Plum",Alabama | Connecticut | Florida | Illinois | Louisiana | Maine | Maryland | Massachusetts | Michigan | Minnesota | Missouri | New Hampshire | New York | North Carolina | Ohio | Rhode Island | South Carolina | Tennessee | Texas | Vermont | Virginia,Broadleaf evergreen,Part shade to full shade,Medium,Low,3,8,May,July,MIRE,Rubiaceae,Herb,Perennial,1 to 2 inches high,"White , Pink , Purple","May , Jun , Jul , Aug , Sep , Oct","Low , Medium","Part Shade , Shade","Dry , Moist",Acidic (pH<6.8),"Humus-rich, acidic soil. Sandy, Sandy Loam, Medium Loam, Acid-based",,yes,"The stems root when in contact with soil, a phenomenon known as layering, so the easiest way to propagate is by dividing or cutting the trailing stems. Cut a 6-12 in. piece from the leading tip of the plant in spring, carefully uprooting the section to avoid breaking off the small roots. Place cuttings in a rich, well-drained site with adequate moisture.",FALSE,TRUE,TRUE,TRUE,TRUE,FALSE,FALSE,FALSE,FALSE,FALSE,TRUE,TRUE,TRUE,TRUE,TRUE,TRUE,FALSE,FALSE,,,FALSE,FALSE,FALSE,FALSE,FALSE,FALSE,FALSE,TRUE,FALSE,"Partridgeberry, Twinberry, Running Box, Pigeon Plum",https://inaturalist-open-data.s3.amazonaws.com/photos/40064/medium.jpg
PLANT-00581,mitella diphylla,Mitella diphylla,"Twoleaf Miterwort, Miterwort",Alabama | Arkansas | Connecticut | Delaware | Georgia | Illinois | Indiana | Iowa | Kentucky | Maryland | Massachusetts | Michigan | Minnesota | Mississippi | Missouri | New Hampshire | New Jersey | New York | North Carolina | Ohio | Pennsylvania | South Carolina | Tennessee | Vermont | Virginia | West Virginia | Wisconsin,Herbaceous perennial,Part shade,Medium,Medium,3,7,April,June,MIDI3,Saxifragaceae,Herb,Perennial,Up to about 20 inches tall.,White,"Apr , May , Jun",,Shade,Moist,Acidic (pH<6.8),"Rich, moist, sometimes limey, soils.",,yes,Propagation by seed and root or runner division. Fresh seeds sown at soil level germinate fairly well. A light mulch helps retain soil moisture. Seedlings start to bloom the third year. Divide rhizomes that are rooted.,FALSE,FALSE,TRUE,FALSE,FALSE,FALSE,FALSE,FALSE,FALSE,TRUE,TRUE,TRUE,FALSE,FALSE,FALSE,FALSE,FALSE,FALSE,,,FALSE,FALSE,FALSE,FALSE,FALSE,FALSE,FALSE,TRUE,FALSE,"Twoleaf Miterwort, Miterwort",https://inaturalist-open-data.s3.amazonaws.com/photos/6259/medium.jpg
PLANT-00582,monarda bradburiana,Monarda bradburiana,"Eastern Beebalm, Wild Bergamot, Horsemint",Alabama | Arkansas | Illinois | Indiana | Iowa | Kansas | Kentucky | Missouri | Nebraska | Oklahoma | Tennessee | Texas,Herbaceous perennial,Full sun to part shade,Dry to medium,Low,5,8,May,May,MOBR2,Lamiaceae,Herb,Perennial,Up to about 16 inches tall.,"White , Pink , Purple","Jun , Jul , Aug , Sep",,Sun,Moist,,"Clay, Loam",,,,TRUE,FALSE,FALSE,FALSE,FALSE,FALSE,FALSE,FALSE,FALSE,FALSE,FALSE,TRUE,TRUE,TRUE,TRUE,FALSE,FALSE,FALSE,,,FALSE,FALSE,FALSE,FALSE,FALSE,FALSE,FALSE,TRUE,FALSE,"Eastern Beebalm, Wild Bergamot, Horsemint",https://static.inaturalist.org/photos/368774001/medium.jpg
PLANT-00583,monarda citriodora,Monarda citriodora,"Lemon Beebalm, Purple Horsemint, Lemon Mint, Plains Horsemint, Lemon Horsemint, Horsemint, Purple Lemon Mint",Alabama | Arizona | Arkansas | Kansas | Missouri | New Mexico | Oklahoma | Tennessee | Texas | Utah,Annual,Full sun to part shade,Dry to medium,Low,2,11,May,August,MOCI,Lamiaceae,Herb,,Up to about 30 inches tall.,"White , Pink , Purple","May , Jun , Jul , Aug , Sep , Oct",Low,"Sun , Part Shade",Dry,,"Sandy loam to rocky soils. Clay Loam, Medium Loam, Sandy Loam, Sandy, Clay","Bees and butterflies are attacted to this plant. Nectar-Butterflies, Nectar-Bees, Nectar-insects",yes,"Easily grown from seed. Spread the seed evenly and rake into loose topsoil in fall or early spring. Supplemental watering is suggested if spring rains are poor. Provide additional water in May if necessary until the plants reach 10 – 12 inches tall. Once established, should reseed itself. Seeding rate is 3 pounds/acre. There are approximately 819,000 seeds/pound.",TRUE,TRUE,FALSE,TRUE,FALSE,FALSE,FALSE,FALSE,FALSE,FALSE,TRUE,TRUE,TRUE,TRUE,TRUE,TRUE,FALSE,FALSE,,,FALSE,FALSE,FALSE,FALSE,FALSE,FALSE,FALSE,TRUE,FALSE,"Lemon Beebalm, Purple Horsemint, Lemon Mint, Plains Horsemint, Lemon Horsemint, Horsemint, Purple Lemon Mint",https://static.inaturalist.org/photos/379047/medium.jpg
PLANT-00584,monarda didyma,Monarda didyma,"Scarlet Beebalm, Oswego Tea, Red Bergamot",Alabama | Connecticut | Georgia | Maine | Maryland | Massachusetts | Michigan | Mississippi | New Hampshire | New Jersey | New York | North Carolina | Ohio | Pennsylvania | Tennessee | Vermont | Virginia | West Virginia,Herbaceous perennial,Full sun to part shade,Medium to wet,Medium,4,9,July,August,MODI,Lamiaceae,Herb,,"Normally 2 to 4 feet tall, but can get to 6 feet.",Red,"May , Jun , Jul , Aug , Sep , Oct",Medium,"Sun , Part Shade","Moist , Wet",Acidic (pH<6.8),"Rich, moist, acid soils. Juglone tolerant.","Hummingbirds, butterflies, and bees are attracted to the blossoms of Oswego tea.",yes,"Propagate by ""softwood"" cuttings taken in late spring; increase by division of mature clumps in the spring before the plants send up stems; or sow seed. Also propagated by root division.",TRUE,TRUE,FALSE,FALSE,TRUE,FALSE,FALSE,FALSE,FALSE,FALSE,TRUE,TRUE,TRUE,TRUE,TRUE,TRUE,FALSE,FALSE,Bee,8,TRUE,FALSE,FALSE,FALSE,FALSE,FALSE,FALSE,TRUE,TRUE,"Scarlet Beebalm, Oswego Tea, Red Bergamot",https://static.inaturalist.org/photos/4383433/medium.jpg
PLANT-00585,monarda fistulosa,Monarda fistulosa,"Wild Bergamot, Beebalm",Alabama | Arizona | Arkansas | Colorado | Connecticut | Florida | Georgia | Illinois | Indiana | Iowa | Kansas | Kentucky | Louisiana | Maine | Maryland | Massachusetts | Michigan | Minnesota | Mississippi | Missouri | Montana | Nebraska | New Hampshire | New Jersey | New Mexico | New York | North Carolina | North Dakota | Ohio | Oklahoma | Oregon | Pennsylvania | Rhode Island | South Dakota | Tennessee | Texas | Vermont | Virginia | Washington | West Virginia | Wisconsin | Wyoming,Herbaceous perennial,Full sun to part shade,Dry to medium,Medium,3,9,July,September,MOFI,Lamiaceae,Herb,,Up to about 5 feet tall.,"White , Pink , Purple","May , Jun , Jul , Aug , Sep , Oct",Medium,"Sun , Part Shade","Dry , Moist","Alkaline (pH>7.2) , Acidic (pH<6.8) , Circumneutral (pH 6.8-7.2)","Thrives in a wide range of soils, from acid to lime to rich to poor to sand to clay. Less tolerant of flooding, but can take it in the winter.","Birds, Hummingbirds, Butterflies",yes,Very easy to start from seed.,TRUE,TRUE,FALSE,FALSE,TRUE,FALSE,FALSE,FALSE,FALSE,FALSE,TRUE,TRUE,TRUE,TRUE,TRUE,TRUE,FALSE,FALSE,,,FALSE,FALSE,FALSE,FALSE,FALSE,FALSE,FALSE,TRUE,FALSE,"Wild Bergamot, Beebalm",https://inaturalist-open-data.s3.amazonaws.com/photos/301795454/medium.jpg
PLANT-00586,monarda punctata,Monarda punctata,"Spotted Beebalm, Spotted Horsemint, Horsemint",Alabama | Arkansas | Connecticut | Florida | Georgia | Illinois | Indiana | Iowa | Kansas | Kentucky | Louisiana | Maryland | Massachusetts | Michigan | Minnesota | Mississippi | Missouri | New Jersey | New Mexico | New York | North Carolina | Ohio | Oklahoma | Pennsylvania | South Carolina | Tennessee | Texas | Vermont | Virginia | Wisconsin,Herbaceous perennial,Full sun to part shade,Dry to medium,Medium,3,8,June,July,MOPU,Lamiaceae,Herb,Perennial,Up to about 3 feet tall.,"White , Pink , Yellow , Green , Purple","Apr , May , Jun , Jul , Aug , Sep",Low,Sun,Dry,Circumneutral (pH 6.8-7.2),"Dry, sandy soils",Insect pollinated.,yes,Easily propagated from untreated seed sown in fall or stratified seed sown in spring.,TRUE,FALSE,FALSE,TRUE,FALSE,FALSE,FALSE,FALSE,FALSE,TRUE,TRUE,TRUE,TRUE,TRUE,TRUE,FALSE,FALSE,FALSE,,,FALSE,FALSE,FALSE,FALSE,FALSE,FALSE,FALSE,TRUE,FALSE,"Spotted Beebalm, Spotted Horsemint, Horsemint",https://inaturalist-open-data.s3.amazonaws.com/photos/9440970/medium.jpeg
PLANT-00587,morella cerifera,Morella cerifera,"Wax Myrtle , Southern Wax Myrtle, Southern Bayberry, Eastern Bayberry, Bayberry, Candleberry, Tallow Shrub",Alabama | Arkansas | Delaware | Florida | Georgia | Louisiana | Maryland | Mississippi | New Jersey | North Carolina | Oklahoma | South Carolina | Texas | Virginia | West Virginia,Broadleaf evergreen,Full sun to part shade,Medium to wet,Low,7,10,February,March,MOCE2,Myricaceae,Shrub,Perennial,"6-40 feet tall, but normally no higher than 12 feet.",Green,"Feb , Mar , Apr , May",High,"Sun , Part Shade","Moist , Wet","Acidic (pH<6.8) , Circumneutral (pH 6.8-7.2)","Slightly acidic, moist, deep sands, loams, clays.",Berries eaten by many species of birds (Wasowski and Wasowski 1994).,yes,"Sow seed outdoors in the fall or stratify. Wax myrtle will root from softwood or semi-hardwood cuttings taken in summer. Root cuttings, 2-3 in. long., can be made in early winter.",TRUE,TRUE,FALSE,FALSE,FALSE,TRUE,FALSE,TRUE,TRUE,TRUE,TRUE,FALSE,FALSE,FALSE,FALSE,FALSE,FALSE,FALSE,,,FALSE,FALSE,FALSE,FALSE,FALSE,FALSE,FALSE,TRUE,FALSE,"Wax Myrtle , Southern Wax Myrtle, Southern Bayberry, Eastern Bayberry, Bayberry, Candleberry, Tallow Shrub",https://inaturalist-open-data.s3.amazonaws.com/photos/347780/medium.gif
PLANT-00588,morus rubra,Morus rubra,"Red Mulberry, Moral",Alabama | Arkansas | Connecticut | Delaware | Florida | Georgia | Illinois | Indiana | Iowa | Kansas | Kentucky | Louisiana | Maryland | Massachusetts | Michigan | Minnesota | Mississippi | Missouri | Nebraska | New Jersey | New York | North Carolina | Ohio | Oklahoma | Pennsylvania | Rhode Island | South Carolina | South Dakota | Tennessee | Texas | Vermont | Virginia | West Virginia | Wisconsin,Tree,Full sun to part shade,Medium,Medium,4,8,March,April,MORU2,Moraceae,Tree,Perennial,"Up to about 65 feet tall, often shorter.","White , Red , Green , Brown","Mar , Apr , May , Jun , Jul , Aug",Medium,"Sun , Part Shade , Shade","Dry , Moist",,"Sandy, Sandy Loam, Medium Loam, Clay Loam, Clay","Fruit-mammals, Fruit-birds.",,,TRUE,TRUE,TRUE,FALSE,TRUE,FALSE,FALSE,FALSE,TRUE,TRUE,TRUE,TRUE,TRUE,TRUE,FALSE,FALSE,FALSE,FALSE,,,FALSE,FALSE,FALSE,FALSE,FALSE,FALSE,FALSE,TRUE,FALSE,"Red Mulberry, Moral",https://inaturalist-open-data.s3.amazonaws.com/photos/37595678/medium.jpg
PLANT-00589,muhlenbergia capillaris,Muhlenbergia capillaris,"Gulf Muhly, Hair-awn Muhly, Hairy-awn Muhly, Hair Grass, Pink Muhly",Alabama | Arkansas | Connecticut | Delaware | Florida | Georgia | Illinois | Indiana | Kansas | Kentucky | Louisiana | Maryland | Massachusetts | Mississippi | Missouri | New Jersey | New York | North Carolina | Ohio | Oklahoma | Pennsylvania | South Carolina | Tennessee | Texas | Virginia | West Virginia,Ornamental grass,Full sun to part shade,Dry to medium,Low,5,9,September,November,MUCA2,Poaceae,Grass/Grass-like,Perennial,"Up to about 5 feet tall, often shorter.","Pink , Purple",Oct,"Low , Medium",Sun,"Dry , Moist",,"Sandy soils. Sandy, Sandy Loam, Clayey soils, Rocky soils.",,,Germinates well and grows easily.,TRUE,FALSE,FALSE,TRUE,TRUE,FALSE,FALSE,FALSE,FALSE,FALSE,FALSE,FALSE,FALSE,FALSE,FALSE,TRUE,FALSE,FALSE,,,FALSE,FALSE,FALSE,FALSE,FALSE,FALSE,FALSE,TRUE,FALSE,"Gulf Muhly, Hair-awn Muhly, Hairy-awn Muhly, Hair Grass, Pink Muhly",https://inaturalist-open-data.s3.amazonaws.com/photos/101581372/medium.jpeg
PLANT-00590,muhlenbergia rigens,Muhlenbergia rigens,"Deergrass, Meadow Muhly, Deer Muhly",Arizona | California | Nevada | New Mexico | Texas,Ornamental grass,Full sun,Dry to medium,Low,6,9,September,November,MURI2,Poaceae,Grass/Grass-like,Perennial,Up to about 5 feet tall.,Yellow,"Apr , May , Jun , Jul , Aug , Sep",Low,Sun,Moist,,Seasonally wet to dry soils.,Seeds are eaten by birds and small mammals. Foliage used for nesting and denning.,yes,Sow seed.,TRUE,FALSE,FALSE,TRUE,FALSE,FALSE,FALSE,FALSE,FALSE,TRUE,TRUE,TRUE,TRUE,TRUE,TRUE,FALSE,FALSE,FALSE,,,FALSE,FALSE,FALSE,FALSE,FALSE,FALSE,FALSE,TRUE,FALSE,"Deergrass, Meadow Muhly, Deer Muhly",https://static.inaturalist.org/photos/123270171/medium.jpeg
PLANT-00591,myrica pensylvanica,Myrica pensylvanica,bayberry,Connecticut | Delaware | Maine | Maryland | Massachusetts | New Hampshire | New Jersey | New York | North Carolina | Ohio | Pennsylvania | Rhode Island | Virginia | West Virginia,Deciduous shrub,Full sun to part shade,Dry to medium,Low,3,7,May,May,,,,,,,,,,,,,,,,,,,,,,,,,,,,,,,,,,,,FALSE,FALSE,FALSE,FALSE,FALSE,FALSE,FALSE,FALSE,FALSE,bayberry,https://inaturalist-open-data.s3.amazonaws.com/photos/151276750/medium.jpg
PLANT-00592,napaea dioica,Napaea dioica,Glade Mallow,Illinois | Indiana | Iowa | Minnesota | Ohio | Pennsylvania | Vermont | Virginia | Wisconsin,Herbaceous perennial,Full sun to part shade,Medium to wet,Low,3,8,June,August,NADI2,Malvaceae,Herb,Perennial,Up to about 9 feet tall.,White,"Jun , Jul , Aug , Sep",,Part Shade,Wet,,Wet soils.,,yes,,FALSE,TRUE,FALSE,FALSE,FALSE,FALSE,FALSE,FALSE,FALSE,FALSE,FALSE,TRUE,TRUE,TRUE,TRUE,FALSE,FALSE,FALSE,,,FALSE,FALSE,FALSE,FALSE,FALSE,FALSE,FALSE,TRUE,FALSE,Glade Mallow,
PLANT-00593,nassella tenuissima,Nassella tenuissima,"Mexican Feathergrass, Mexican Wiregrass, Finestem Needlegrass, Ponytail Grass, Texas Tussock",New Mexico | Texas,Ornamental grass,Full sun to part shade,Dry to medium,Low,7,10,June,September,NATE3,Poaceae,Grass/Grass-like,Perennial,Up to about 3 feet tall.,White,"Jun , Jul , Aug , Sep",Low,"Sun , Part Shade","Dry , Moist",,"Well-drained, acid or calcareous sands, loams, or clays.",,yes,,TRUE,TRUE,FALSE,TRUE,FALSE,FALSE,FALSE,FALSE,FALSE,FALSE,FALSE,TRUE,TRUE,TRUE,TRUE,FALSE,FALSE,FALSE,,,FALSE,FALSE,FALSE,FALSE,FALSE,FALSE,FALSE,TRUE,FALSE,"Mexican Feathergrass, Mexican Wiregrass, Finestem Needlegrass, Ponytail Grass, Texas Tussock",https://inaturalist-open-data.s3.amazonaws.com/photos/54342486/medium.jpg
PLANT-00594,nelumbo lutea,Nelumbo lutea,"American Lotus, Yellow Water Lotus, Yellow Lotus",Alabama | Arkansas | Delaware | Florida | Georgia | Illinois | Indiana | Iowa | Kansas | Kentucky | Louisiana | Maryland | Michigan | Minnesota | Mississippi | Missouri | Nebraska | New Jersey | North Carolina | Ohio | Oklahoma | Pennsylvania | South Carolina | Tennessee | Texas | Virginia | West Virginia | Wisconsin,Herbaceous perennial,Full sun,Wet,Low,4,10,June,July,NELU,Nelumbonaceae,Herb,Perennial,Up to about 6 feet tall. Leaves up to about 2 feet across.,Yellow,"May , Jun , Jul , Aug , Sep",High,Sun,Wet,,Any pond bottom or very large submerged pot.,,,,TRUE,FALSE,FALSE,FALSE,FALSE,TRUE,FALSE,FALSE,FALSE,FALSE,TRUE,TRUE,TRUE,TRUE,TRUE,FALSE,FALSE,FALSE,,,FALSE,FALSE,FALSE,FALSE,FALSE,FALSE,FALSE,TRUE,FALSE,"American Lotus, Yellow Water Lotus, Yellow Lotus",https://inaturalist-open-data.s3.amazonaws.com/photos/7944542/medium.jpg
PLANT-00595,neviusia alabamensis,Neviusia alabamensis,"Alabama Snow-wreath, Neviusia",Alabama | Arkansas | Georgia | Mississippi | Missouri | Tennessee,Deciduous shrub,Full sun to part shade,Medium,Low,5,8,May,May,NEAL,Rosaceae,Shrub,Perennial,"Up to about 10 feet tall, often shorter.",White,"Mar , Apr , May",,Part Shade,Moist,Circumneutral (pH 6.8-7.2),"Well-drained, shallow soils.",,yes,Roots easily from softwood cuttings. Plants may be divided.,FALSE,TRUE,FALSE,FALSE,FALSE,FALSE,FALSE,FALSE,TRUE,TRUE,TRUE,FALSE,FALSE,FALSE,FALSE,FALSE,FALSE,FALSE,,,FALSE,FALSE,FALSE,FALSE,FALSE,FALSE,FALSE,TRUE,FALSE,"Alabama Snow-wreath, Neviusia",https://inaturalist-open-data.s3.amazonaws.com/photos/481185728/medium.jpeg
PLANT-00596,nothoscordum bivalve,Nothoscordum bivalve,"Crowpoison, False Garlic, Crow Poison",Alabama | Arizona | Arkansas | Florida | Georgia | Illinois | Indiana | Kansas | Kentucky | Louisiana | Mississippi | Missouri | New Mexico | North Carolina | Ohio | Oklahoma | South Carolina | Tennessee | Texas | Virginia,Bulb,Full sun to part shade,Dry to medium,Low,5,9,March,May,NOBI2,Liliaceae,Herb,Perennial,Up to about 16 inches tall.,White,"Mar , Apr , May , Jun , Jul , Aug , Sep , Oct , Nov , Dec",,Sun,,,,,,,TRUE,FALSE,FALSE,FALSE,FALSE,FALSE,FALSE,FALSE,TRUE,TRUE,TRUE,TRUE,TRUE,TRUE,TRUE,TRUE,TRUE,TRUE,,,FALSE,FALSE,FALSE,FALSE,FALSE,FALSE,FALSE,TRUE,FALSE,"Crowpoison, False Garlic, Crow Poison",https://static.inaturalist.org/photos/93200/medium.jpg
PLANT-00597,nuphar lutea,Nuphar lutea,"Yellow Pond Lily, Yellow Cow Lily, Cow Lily, Spatter Dock, Wakas",Missouri,Herbaceous perennial,Full sun to part shade,Wet,Low,4,10,May,October,NULU,Nymphaeaceae,Herb,Perennial,Leaves and flowers usually float on the surface of the water.,Yellow,"Mar , Apr , May , Jun , Jul , Aug , Sep , Oct",,Part Shade,Wet,,"Clay, Loam, Sand",,yes,Divide bulblets from plants and grow in watertanks. Also can grow from slices of root with buds.,FALSE,TRUE,FALSE,FALSE,FALSE,FALSE,FALSE,FALSE,TRUE,TRUE,TRUE,TRUE,TRUE,TRUE,TRUE,TRUE,FALSE,FALSE,,,FALSE,FALSE,FALSE,FALSE,FALSE,FALSE,FALSE,TRUE,FALSE,"Yellow Pond Lily, Yellow Cow Lily, Cow Lily, Spatter Dock, Wakas",https://inaturalist-open-data.s3.amazonaws.com/photos/31011083/medium.jpg
PLANT-00598,nymphoides indica,Nymphoides indica,water snowflake,Hawaii,Herbaceous perennial,Full sun to part shade,Wet,Medium,8,11,July,August,,,,,,,,,,,,,,,,,,,,,,,,,,,,,,,,,,,,FALSE,FALSE,FALSE,FALSE,FALSE,FALSE,FALSE,FALSE,FALSE,water snowflake,https://inaturalist-open-data.s3.amazonaws.com/photos/29282656/medium.jpeg
PLANT-00599,nyssa aquatica,Nyssa aquatica,"Water Tupelo, Blackgum, Sourgum, Cotton Gum, Swamp Tupelo, Water Gum",Alabama | Arkansas | Florida | Georgia | Illinois | Kentucky | Louisiana | Mississippi | Missouri | North Carolina | South Carolina | Tennessee | Texas | Virginia,Tree,Full sun to part shade,Medium to wet,Low,6,9,April,May,NYAQ2,Cornaceae,Tree,Perennial,,Green,"Apr , May",High,Sun,Wet,,"Wet, rich soils.",,yes,"Sow fresh or stratified seed in a moist, muddy soil covered by one inch of firm soil. Seedlings benefit from partial shade.",TRUE,FALSE,FALSE,FALSE,FALSE,TRUE,FALSE,FALSE,FALSE,TRUE,TRUE,FALSE,FALSE,FALSE,FALSE,FALSE,FALSE,FALSE,,,FALSE,FALSE,FALSE,FALSE,FALSE,FALSE,FALSE,TRUE,FALSE,"Water Tupelo, Blackgum, Sourgum, Cotton Gum, Swamp Tupelo, Water Gum",https://static.inaturalist.org/photos/55025564/medium.jpg
PLANT-00600,nyssa sylvatica,Nyssa sylvatica,"Tupelo, Blackgum, Black Tupelo, Sourgum, Pepperidge, Tupelo Gum, Beetlebung",Alabama | Arkansas | Connecticut | Delaware | Florida | Georgia | Illinois | Indiana | Kansas | Kentucky | Louisiana | Maine | Maryland | Michigan | Mississippi | Missouri | New Hampshire | New Jersey | New York | North Carolina | Ohio | Oklahoma | Pennsylvania | Rhode Island | South Carolina | Tennessee | Texas | Vermont | Virginia | West Virginia | Wisconsin,Tree,Full sun to part shade,Medium to wet,Low,3,9,May,June,NYSY,Cornaceae,Tree,Perennial,,"White , Green , Brown","Apr , May , Jun",Medium,"Sun , Part Shade , Shade",Moist,,"Various acid soils. Acid-based, Gravelly, Sandy, Sandy Loam, Medium Loam, Clay Loam, Clay.","Substrate-insectivorous birds, Fruit-birds, Fruit-mammals, Browse, Nectar-bees",yes,"Sow fresh or stratified seed in a moist, muddy soil covered by one inch of firm soil. Seedlings benefit from partial shade.",TRUE,TRUE,TRUE,FALSE,TRUE,FALSE,FALSE,FALSE,FALSE,TRUE,TRUE,TRUE,FALSE,FALSE,FALSE,FALSE,FALSE,FALSE,,,FALSE,FALSE,FALSE,FALSE,FALSE,FALSE,FALSE,TRUE,FALSE,"Tupelo, Blackgum, Black Tupelo, Sourgum, Pepperidge, Tupelo Gum, Beetlebung",https://inaturalist-open-data.s3.amazonaws.com/photos/197904434/medium.jpg
PLANT-00601,oemleria cerasiformis,Oemleria cerasiformis,"Indian Plum, Oso-berry",California | Oregon | Washington,Deciduous shrub,Full sun to part shade,Medium,Low,6,10,February,April,OECE,Rosaceae,Shrub,,Up to about 20 feet tall.,"White , Green , Brown","Feb , Mar , Apr , May",,"Sun , Part Shade , Shade","Dry , Moist",,Moist to drier soils.,The fruits are a favorite of birds and other wildlife.,yes,Easy to grow from treated seed or,TRUE,TRUE,TRUE,FALSE,FALSE,FALSE,FALSE,TRUE,TRUE,TRUE,TRUE,FALSE,FALSE,FALSE,FALSE,FALSE,FALSE,FALSE,,,FALSE,FALSE,FALSE,FALSE,FALSE,FALSE,FALSE,TRUE,FALSE,"Indian Plum, Oso-berry",https://inaturalist-open-data.s3.amazonaws.com/photos/5410/medium.jpg
PLANT-00602,oenothera biennis,Oenothera biennis,"Common Evening-primrose, King's Cure-all, Common Evening Primrose",Alabama | Arkansas | California | Connecticut | Delaware | Florida | Georgia | Illinois | Indiana | Iowa | Kansas | Kentucky | Louisiana | Maine | Maryland | Massachusetts | Michigan | Minnesota | Mississippi | Missouri | Montana | Nebraska | Nevada | New Hampshire | New Jersey | New Mexico | New York | North Carolina | North Dakota | Ohio | Oklahoma | Oregon | Pennsylvania | Rhode Island | South Carolina | South Dakota | Tennessee | Texas | Vermont | Virginia | Washington | West Virginia | Wisconsin,Herbaceous perennial,Full sun to part shade,Medium,Medium,4,9,June,September,OEBI,Onagraceae,Herb,Biennial,Up to about 6 feet tall.,Yellow,"Jul , Aug , Sep , Oct",Medium,"Sun , Part Shade , Shade",Dry,,Rocky or sandy soils.,The flowers of this plant attract a variety of moths. Small mammals eat the roots and leaves of young plants. Birds eat the seeds. Deer graze older plants.,yes,Sow unstratified seed in fall â<U+0080><U+0093> stratified in spring. Tip cuttings can be taken in spring.,TRUE,TRUE,TRUE,FALSE,TRUE,FALSE,FALSE,FALSE,FALSE,FALSE,FALSE,FALSE,TRUE,TRUE,TRUE,TRUE,FALSE,FALSE,,,FALSE,FALSE,FALSE,FALSE,FALSE,FALSE,FALSE,TRUE,FALSE,"Common Evening-primrose, King's Cure-all, Common Evening Primrose",https://inaturalist-open-data.s3.amazonaws.com/photos/149646914/medium.jpg
PLANT-00603,oenothera fruticosa subsp. glauca,Oenothera fruticosa subsp. glauca,sundrops,Alabama | Connecticut | Delaware | Georgia | Illinois | Indiana | Kentucky | Louisiana | Maine | Maryland | Massachusetts | Michigan | Missouri | New Hampshire | New Jersey | New York | North Carolina | Ohio | Pennsylvania | Rhode Island | South Carolina | Tennessee | Virginia | West Virginia,Herbaceous perennial,Full sun,Dry to medium,Low,3,8,July,September,,,,,,,,,,,,,,,,,,,,,,,,,,,,,,,,,,,,FALSE,FALSE,FALSE,FALSE,FALSE,FALSE,FALSE,FALSE,FALSE,sundrops,
PLANT-00604,oenothera macrocarpa,Oenothera macrocarpa,"Bigfruit Evening-primrose, Missouri Evening-primrose, Fluttermill, Big-fruit Evening-primrose, Missouri Primrose, Bigfruit Evening Primrose",Arkansas | Illinois | Kansas | Missouri | Nebraska | Oklahoma | Tennessee | Texas | Wyoming,Herbaceous perennial,Full sun,Dry to medium,Low,3,7,May,August,OEMA,Onagraceae,Herb,Perennial,8-10 inches tall.,Yellow,"Apr , May , Jun , Jul , Aug",Low,Sun,Dry,,"Rocky, gravelly, or sandy soils. Calcareous, Sandy, Limestone-based, Sandy Loam, Medium Loam",Nectar-Moths,yes,"This plant is easily propagated from seed, sown in spring or fall, or",TRUE,FALSE,FALSE,TRUE,FALSE,FALSE,FALSE,FALSE,FALSE,TRUE,TRUE,TRUE,TRUE,TRUE,FALSE,FALSE,FALSE,FALSE,,,FALSE,FALSE,FALSE,FALSE,FALSE,FALSE,FALSE,TRUE,FALSE,"Bigfruit Evening-primrose, Missouri Evening-primrose, Fluttermill, Big-fruit Evening-primrose, Missouri Primrose, Bigfruit Evening Primrose",https://inaturalist-open-data.s3.amazonaws.com/photos/1756069/medium.jpg
PLANT-00605,oenothera pilosella,Oenothera pilosella,Meadow Evening-primrose,Alabama | Arkansas | Illinois | Indiana | Iowa | Kentucky | Louisiana | Michigan | Mississippi | Missouri | New York | Ohio | Pennsylvania | West Virginia | Wisconsin,Herbaceous perennial,Full sun,Medium to wet,Low,3,8,June,July,OEPI2,Onagraceae,Herb,Perennial,Up to about 32 inches tall.,Yellow,"May , Jun , Jul , Aug",,,,,,,,,FALSE,FALSE,FALSE,FALSE,FALSE,FALSE,FALSE,FALSE,FALSE,FALSE,TRUE,TRUE,TRUE,TRUE,FALSE,FALSE,FALSE,FALSE,,,FALSE,FALSE,FALSE,FALSE,FALSE,FALSE,FALSE,TRUE,FALSE,Meadow Evening-primrose,https://inaturalist-open-data.s3.amazonaws.com/photos/990505/medium.jpg
PLANT-00606,oenothera speciosa,Oenothera speciosa,"Pink Evening Primrose, Showy Evening Primrose, Mexican Evening Primrose, Showy Primrose, Pink Ladies, Buttercups, Pink Buttercups",Alabama | Arizona | Arkansas | California | Connecticut | Florida | Georgia | Illinois | Indiana | Iowa | Kansas | Kentucky | Louisiana | Mississippi | Missouri | Nebraska | New Mexico | North Carolina | Ohio | Oklahoma | Pennsylvania | South Carolina | Tennessee | Texas | Utah | Virginia | West Virginia,Herbaceous perennial,Full sun,Dry to medium,Low,4,9,May,July,OESP2,Onagraceae,Herb,Perennial,Up to about 2 feet tall.,"White , Pink","Feb , Mar , Apr , May , Jun , Jul , Aug , Sep , Oct","Low , Medium",Sun,"Dry , Moist",,"Readily colonizes in open areas in a variety of well-drained soils, rich or poor, dry or moist, disturbed or not: loams, clays, sand, caliche, rocky, or gravelly.","Seed capsules attract birds, especially finches, and various mammals.",yes,"Propagate by seed in fall. After distributing seed evenly, rake into loosened topsoil to ensure good seed/soil contact.",TRUE,FALSE,FALSE,TRUE,TRUE,FALSE,FALSE,TRUE,TRUE,TRUE,TRUE,TRUE,TRUE,TRUE,TRUE,TRUE,FALSE,FALSE,,,FALSE,FALSE,FALSE,FALSE,FALSE,FALSE,FALSE,TRUE,FALSE,"Pink Evening Primrose, Showy Evening Primrose, Mexican Evening Primrose, Showy Primrose, Pink Ladies, Buttercups, Pink Buttercups",https://static.inaturalist.org/photos/79516474/medium.jpg
PLANT-00607,onoclea sensibilis,Onoclea sensibilis,"Sensitive Fern, Bead Fern, Sympathy Fern",Alabama | Arkansas | Colorado | Connecticut | Delaware | Florida | Georgia | Illinois | Indiana | Iowa | Kansas | Kentucky | Louisiana | Maine | Maryland | Massachusetts | Michigan | Minnesota | Mississippi | Missouri | Nebraska | New Hampshire | New Jersey | New York | North Carolina | North Dakota | Ohio | Oklahoma | Pennsylvania | Rhode Island | South Carolina | South Dakota | Tennessee | Texas | Vermont | Virginia | West Virginia | Wisconsin | Wyoming,Fern,Part shade to full shade,Medium to wet,Medium,4,8,Non-flowering,Non-flowering,ONSE,Dryopteridaceae,Herb,Perennial,Up to about 3 feet tall.,Not Applicable,,"Medium , High","Part Shade , Shade","Moist , Wet",Acidic (pH<6.8),"Various loose, acidic, moist to wet soils. Sandy, Sandy Loam, Medium Loam, Limestone-based.",Shelters salamanders and frogs,yes,Propagate by,FALSE,TRUE,TRUE,FALSE,TRUE,TRUE,FALSE,FALSE,FALSE,FALSE,FALSE,FALSE,FALSE,FALSE,FALSE,FALSE,FALSE,FALSE,,,FALSE,FALSE,FALSE,FALSE,FALSE,FALSE,FALSE,TRUE,FALSE,"Sensitive Fern, Bead Fern, Sympathy Fern",https://inaturalist-open-data.s3.amazonaws.com/photos/200080819/medium.jpg
PLANT-00608,onosmodium molle,Onosmodium molle,false gromwell,Alabama | Arkansas | Illinois | Kentucky | Louisiana | Oklahoma | Tennessee | Texas,Herbaceous perennial,Full sun to part shade,Dry to medium,Low,3,8,June,July,,,,,,,,,,,,,,,,,,,,,,,,,,,,,,,,,,,,FALSE,FALSE,FALSE,FALSE,FALSE,FALSE,FALSE,FALSE,FALSE,false gromwell,https://inaturalist-open-data.s3.amazonaws.com/photos/483732411/medium.jpeg
PLANT-00609,onosmodium molle subsp. occidentale,Onosmodium molle subsp. occidentale,false gromwell,Alabama | Arkansas | Colorado | Georgia | Illinois | Iowa | Kansas | Kentucky | Louisiana | Minnesota | Mississippi | Missouri | Montana | Nebraska | New Mexico | North Dakota | Oklahoma | South Dakota | Tennessee | Texas | Utah | Virginia | Wisconsin | Wyoming,Herbaceous perennial,Full sun to part shade,Dry to medium,Low,3,8,June,July,,,,,,,,,,,,,,,,,,,,,,,,,,,,,,,,,,,,FALSE,FALSE,FALSE,FALSE,FALSE,FALSE,FALSE,FALSE,FALSE,false gromwell,
PLANT-00610,opuntia humifusa,Opuntia humifusa,"Low Prickly Pear, Smooth Prickly Pear, Devil's Tongue",Alabama | Arkansas | Connecticut | Delaware | Florida | Georgia | Illinois | Indiana | Iowa | Kansas | Kentucky | Louisiana | Maryland | Massachusetts | Michigan | Minnesota | Mississippi | Missouri | New Hampshire | New Jersey | New York | North Carolina | Ohio | Oklahoma | Pennsylvania | Rhode Island | South Carolina | Tennessee | Texas | Virginia | West Virginia | Wisconsin,Herbaceous perennial,Full sun,Dry,Low,4,9,June,July,OPHU,Cactaceae,Cactus/Succulent,Perennial,"Up to about 18 inches tall, except in Florida where var.",Yellow,"Feb , Mar , Apr , May , Jun , Jul , Aug",Low,Sun,Dry,,Sandy or rocky soils.,"Fruits and cladodes eaten by Ornate Box Turtle,",yes,Seeds are best sown outdoors immediately after collection. Seedling will appear the next spring. Cuttings can be taken anytime during the frowing season by breaking off one or more pads at their joints and sticking in prepared soil. Roots should be est,TRUE,FALSE,FALSE,TRUE,FALSE,FALSE,FALSE,TRUE,TRUE,TRUE,TRUE,TRUE,TRUE,TRUE,FALSE,FALSE,FALSE,FALSE,,,FALSE,FALSE,FALSE,FALSE,FALSE,FALSE,FALSE,TRUE,FALSE,"Low Prickly Pear, Smooth Prickly Pear, Devil's Tongue",https://static.inaturalist.org/photos/80402277/medium.jpg
PLANT-00611,opuntia macrorhiza,Opuntia macrorhiza,"Bigroot Prickly Pear, Twist-spine Prickly Pear, Common Prickly Pear, Plains Prickly Pear",Arizona | Arkansas | Colorado | Missouri | New Mexico | Texas | Utah,Herbaceous perennial,Full sun,Dry,Low,3,9,June,July,OPMA2,Cactaceae,Cactus/Succulent,Perennial,"Up to about 1 foot tall, often shorter. Pads are about 2 1/2 in. wide by 4 in. long.","Red , Orange , Yellow","May , Jun",Low,Sun,Dry,Acidic (pH<6.8),"Rocky or sandy soils. Sandy, Gravelly, Sandy Loam",,,,TRUE,FALSE,FALSE,TRUE,FALSE,FALSE,FALSE,FALSE,FALSE,FALSE,TRUE,TRUE,FALSE,FALSE,FALSE,FALSE,FALSE,FALSE,,,FALSE,FALSE,FALSE,FALSE,FALSE,FALSE,FALSE,TRUE,FALSE,"Bigroot Prickly Pear, Twist-spine Prickly Pear, Common Prickly Pear, Plains Prickly Pear",https://inaturalist-open-data.s3.amazonaws.com/photos/195720840/medium.jpg
PLANT-00612,orontium aquaticum,Orontium aquaticum,"Goldenclub, Neverwet",Alabama | Connecticut | Delaware | Florida | Georgia | Kentucky | Louisiana | Maryland | Massachusetts | Mississippi | New Jersey | New York | North Carolina | Pennsylvania | Rhode Island | South Carolina | Tennessee | Texas | Virginia | West Virginia,Herbaceous perennial,Full sun,Wet,Low,5,10,April,June,ORAQ,Araceae,Herb,Perennial,Up to about 18 inches tall.,Yellow,"Feb , Mar , Apr",High,Part Shade,Wet,Acidic (pH<6.8),"Acid, loamy soil under shallow, moving water.",,yes,"Sow cleaned seeds immediately in wet, mucky soil.",FALSE,TRUE,FALSE,FALSE,FALSE,TRUE,FALSE,TRUE,TRUE,TRUE,FALSE,FALSE,FALSE,FALSE,FALSE,FALSE,FALSE,FALSE,,,FALSE,FALSE,FALSE,FALSE,FALSE,FALSE,FALSE,TRUE,FALSE,"Goldenclub, Neverwet",https://inaturalist-open-data.s3.amazonaws.com/photos/35184254/medium.jpg
PLANT-00613,osmorhiza longistylis,Osmorhiza longistylis,"Longstyle Sweetroot, Aniseroot, Sweet-cicely, Wild Licorice",Alabama | Arkansas | Colorado | Connecticut | Delaware | Georgia | Illinois | Indiana | Iowa | Kansas | Kentucky | Maine | Maryland | Massachusetts | Michigan | Minnesota | Mississippi | Missouri | Montana | Nebraska | New Hampshire | New Jersey | New Mexico | New York | North Carolina | North Dakota | Ohio | Oklahoma | Pennsylvania | Rhode Island | South Carolina | South Dakota | Tennessee | Texas | Vermont | Virginia | West Virginia | Wisconsin | Wyoming,Herbaceous perennial,Full sun to part shade,Medium,Low,5,8,May,June,OSLO,Apiaceae,Herb,Perennial,Up to about 3 feet tall.,White,"Apr , May , Jun",,Shade,Moist,,"Moist, rich soils.",,yes,"Sweet cicely is not easy, but not impossible, to start from seeds.",FALSE,FALSE,TRUE,FALSE,FALSE,FALSE,FALSE,FALSE,FALSE,TRUE,TRUE,TRUE,FALSE,FALSE,FALSE,FALSE,FALSE,FALSE,,,FALSE,FALSE,FALSE,FALSE,FALSE,FALSE,FALSE,TRUE,FALSE,"Longstyle Sweetroot, Aniseroot, Sweet-cicely, Wild Licorice",https://inaturalist-open-data.s3.amazonaws.com/photos/2421958/medium.jpg
PLANT-00614,osmunda claytoniana,Osmunda claytoniana,Interrupted Fern,Alabama | Arkansas | Connecticut | Delaware | Georgia | Illinois | Indiana | Iowa | Kentucky | Maine | Maryland | Massachusetts | Michigan | Minnesota | Mississippi | Missouri | New Hampshire | New Jersey | New York | North Carolina | Ohio | Pennsylvania | Rhode Island | South Carolina | Tennessee | Vermont | Virginia | West Virginia | Wisconsin,Fern,Part shade to full shade,Medium to wet,Low,3,8,Non-flowering,Non-flowering,OSCL2,Osmundaceae,Herb,Perennial,Up to about 6 feet tall.,Not Applicable,,High,Shade,Moist,Acidic (pH<6.8),"Moist to dry, acid to neutral soils.",,yes,Propagate by spores or,FALSE,FALSE,TRUE,FALSE,FALSE,TRUE,FALSE,FALSE,FALSE,FALSE,FALSE,FALSE,FALSE,FALSE,FALSE,FALSE,FALSE,FALSE,,,FALSE,FALSE,FALSE,FALSE,FALSE,FALSE,FALSE,TRUE,FALSE,Interrupted Fern,https://inaturalist-open-data.s3.amazonaws.com/photos/33125132/medium.jpeg
PLANT-00615,osmunda regalis var. spectabilis,Osmunda regalis var. spectabilis,Royal Fern,Alabama | Arkansas | Connecticut | Delaware | Florida | Georgia | Illinois | Indiana | Iowa | Kansas | Kentucky | Louisiana | Maine | Maryland | Massachusetts | Michigan | Minnesota | Mississippi | Missouri | New Hampshire | New Jersey | New York | North Carolina | Ohio | Oklahoma | Pennsylvania | Rhode Island | South Carolina | Tennessee | Texas | Vermont | Virginia | West Virginia | Wisconsin,Fern,Part shade to full shade,Medium to wet,Low,3,9,Non-flowering,Non-flowering,OSRES,Osmundaceae,Herb,Perennial,,Not Applicable,,Medium,"Part Shade , Shade",Wet,,,,,,FALSE,TRUE,TRUE,FALSE,TRUE,FALSE,FALSE,FALSE,FALSE,FALSE,FALSE,FALSE,FALSE,FALSE,FALSE,FALSE,FALSE,FALSE,,,FALSE,FALSE,FALSE,FALSE,FALSE,FALSE,FALSE,TRUE,FALSE,Royal Fern,
PLANT-00616,osmundastrum cinnamomeum,Osmundastrum cinnamomeum,cinnamon fern,Alabama | Arkansas | Connecticut | Delaware | Florida | Georgia | Illinois | Indiana | Iowa | Kentucky | Louisiana | Maine | Maryland | Massachusetts | Michigan | Minnesota | Mississippi | Missouri | New Hampshire | New Jersey | New York | North Carolina | Ohio | Oklahoma | Pennsylvania | Rhode Island | South Carolina | Tennessee | Texas | Vermont | Virginia | West Virginia | Wisconsin,Fern,Part shade to full shade,Medium to wet,Low,3,9,Non-flowering,Non-flowering,,,,,,,,,,,,,,,,,,,,,,,,,,,,,,,,,,,,FALSE,FALSE,FALSE,FALSE,FALSE,FALSE,FALSE,FALSE,FALSE,cinnamon fern,https://static.inaturalist.org/photos/75969516/medium.jpg
PLANT-00617,ostrya virginiana,Ostrya virginiana,"Eastern Hop-hornbeam, American Hop-hornbeam, Woolly Hop-hornbean, Eastern Ironwood, Roughbark Ironwood, Ironwood, Deerwood, Leverwood",Alabama | Arkansas | Connecticut | Delaware | Florida | Georgia | Illinois | Indiana | Iowa | Kansas | Kentucky | Louisiana | Maine | Maryland | Massachusetts | Michigan | Minnesota | Mississippi | Missouri | Nebraska | New Hampshire | New Jersey | New York | North Carolina | North Dakota | Ohio | Oklahoma | Pennsylvania | Rhode Island | South Carolina | South Dakota | Tennessee | Texas | Vermont | Virginia | West Virginia | Wisconsin | Wyoming,Tree,Full sun to part shade,Medium,Low,3,9,April,April,OSVI,Betulaceae,Tree,Perennial,"Up to about 60 feet tall, often shorter.","White , Yellow , Green , Brown",Apr,Low,"Sun , Part Shade , Shade","Dry , Moist",Circumneutral (pH 6.8-7.2),"Rich, well-drained soils.",Some food value to songbirds and small mammals.,yes,Sow immediately after collection or pre-treat and sow in early spring.,TRUE,TRUE,TRUE,TRUE,FALSE,FALSE,FALSE,FALSE,FALSE,TRUE,FALSE,FALSE,FALSE,FALSE,FALSE,FALSE,FALSE,FALSE,,,FALSE,FALSE,FALSE,FALSE,FALSE,FALSE,FALSE,TRUE,FALSE,"Eastern Hop-hornbeam, American Hop-hornbeam, Woolly Hop-hornbean, Eastern Ironwood, Roughbark Ironwood, Ironwood, Deerwood, Leverwood",https://inaturalist-open-data.s3.amazonaws.com/photos/15550/medium.jpg
PLANT-00618,oxalis violacea,Oxalis violacea,"Violet Woodsorrel, Violet Wood-sorrel",Alabama | Arizona | Arkansas | Colorado | Connecticut | Delaware | Florida | Georgia | Illinois | Indiana | Iowa | Kansas | Kentucky | Louisiana | Maryland | Massachusetts | Michigan | Minnesota | Mississippi | Missouri | Nebraska | New Jersey | New Mexico | New York | North Carolina | North Dakota | Ohio | Oklahoma | Oregon | Pennsylvania | Rhode Island | South Carolina | South Dakota | Tennessee | Texas | Vermont | Virginia | West Virginia | Wisconsin | Wyoming,Herbaceous perennial,Full sun to part shade,Medium,Low,5,9,May,May,OXVI,Oxalidaceae,Herb,,Up to about 16 inches tall.,"White , Pink , Green , Purple , Violet","Apr , May , Jun , Jul , Aug , Sep , Oct",,Part Shade,Moist,,Loam,,,,FALSE,TRUE,FALSE,FALSE,FALSE,FALSE,FALSE,FALSE,FALSE,TRUE,TRUE,TRUE,TRUE,TRUE,TRUE,TRUE,FALSE,FALSE,,,FALSE,FALSE,FALSE,FALSE,FALSE,FALSE,FALSE,TRUE,FALSE,"Violet Woodsorrel, Violet Wood-sorrel",https://inaturalist-open-data.s3.amazonaws.com/photos/120266744/medium.jpg
PLANT-00619,oxydendrum arboreum,Oxydendrum arboreum,"Sourwood, Sorrel Tree",Alabama | Arkansas | Florida | Georgia | Indiana | Kentucky | Louisiana | Maryland | Mississippi | North Carolina | Ohio | Pennsylvania | Rhode Island | South Carolina | Tennessee | Texas | Virginia | West Virginia,Tree,Full sun to part shade,Medium,Low,5,9,June,July,OXAR,Ericaceae,Tree,Perennial,"Up to about 100 feet tall, often shorter.",White,"May , Jun , Jul , Aug",Low,Part Shade,,Acidic (pH<6.8),"Gritty, woodsy, acidic, well-drained soils.",,yes,Germinate the minute seeds under mist or a plastic tent. Softwood cuttings treated with hormone should root well.,FALSE,TRUE,FALSE,TRUE,FALSE,FALSE,FALSE,FALSE,FALSE,FALSE,TRUE,TRUE,TRUE,TRUE,FALSE,FALSE,FALSE,FALSE,,,FALSE,FALSE,FALSE,FALSE,FALSE,FALSE,FALSE,TRUE,FALSE,"Sourwood, Sorrel Tree",https://inaturalist-open-data.s3.amazonaws.com/photos/396498/medium.JPG
PLANT-00620,pachysandra procumbens,Pachysandra procumbens,"Allegheny Spurge, Mountain Spurge",Alabama | Florida | Georgia | Indiana | Kentucky | Louisiana | Mississippi | North Carolina | Pennsylvania | South Carolina | Tennessee,Herbaceous perennial,Part shade to full shade,Medium,Low,5,9,March,April,PAPR7,Buxaceae,Herb,Perennial,4 to 9 inches high,"White , Pink","Mar , Apr , May",Medium,"Part Shade , Shade",Moist,Circumneutral (pH 6.8-7.2),"Moist, humus-rich, acid soil. In the wild, found in rich soils with limestone substrate.",,yes,Propagate by division of established clumps in Aug. or Sept. Softwood cuttings may be taken in spring or early summer.,FALSE,TRUE,TRUE,FALSE,TRUE,FALSE,FALSE,FALSE,TRUE,TRUE,TRUE,FALSE,FALSE,FALSE,FALSE,FALSE,FALSE,FALSE,,,FALSE,FALSE,FALSE,FALSE,FALSE,FALSE,FALSE,TRUE,FALSE,"Allegheny Spurge, Mountain Spurge",https://inaturalist-open-data.s3.amazonaws.com/photos/476249582/medium.jpeg
PLANT-00621,packera aurea,Packera aurea,"Golden Groundsel, Golden Ragwort, Butterweed",Alabama | Arkansas | Connecticut | Delaware | Florida | Georgia | Illinois | Indiana | Iowa | Kentucky | Maine | Maryland | Massachusetts | Michigan | Minnesota | Mississippi | Missouri | New Hampshire | New Jersey | New York | North Carolina | Ohio | Oklahoma | Pennsylvania | Rhode Island | South Carolina | Tennessee | Texas | Vermont | Virginia | West Virginia | Wisconsin,Herbaceous perennial,Full sun to part shade,Medium to wet,Medium,3,8,April,April,PAAU3,Asteraceae,Herb,Perennial,Leaves to 4 inches. Flowers on 2 to 3 foot stalks.,Yellow,"Mar , Apr , May , Jun , Jul , Aug","Medium , High","Sun , Part Shade , Shade",Moist,Acidic (pH<6.8),"Rich, acidic soils.",Flowers attract bees.,yes,Divide golden ragwort in the spring.,TRUE,TRUE,TRUE,FALSE,TRUE,TRUE,FALSE,FALSE,TRUE,TRUE,TRUE,TRUE,TRUE,TRUE,FALSE,FALSE,FALSE,FALSE,,,FALSE,FALSE,FALSE,FALSE,FALSE,FALSE,FALSE,TRUE,FALSE,"Golden Groundsel, Golden Ragwort, Butterweed",https://inaturalist-open-data.s3.amazonaws.com/photos/102867/medium.jpg
PLANT-00622,packera obovata,Packera obovata,"Golden Groundsel, Roundleaf Groundsel, Roundleaf Ragwort",Alabama | Arkansas | Connecticut | Florida | Georgia | Illinois | Indiana | Kansas | Kentucky | Louisiana | Maryland | Massachusetts | Michigan | Mississippi | Missouri | New Hampshire | New Jersey | New Mexico | New York | North Carolina | Ohio | Oklahoma | Pennsylvania | Rhode Island | South Carolina | Tennessee | Texas | Vermont | Virginia | West Virginia,Herbaceous perennial,Full sun to part shade,Medium to wet,Medium,3,8,April,June,PAOB6,Asteraceae,Herb,Perennial,Up to about 20 inches tall.,Yellow,"Feb , Mar , Apr , May , Jun","Low , Medium","Part Shade , Shade",Moist,,"Moist, well-drained, humus-rich, preferably calcareous soils. Loam or clay.",Flowers attract bees and butterflies.,yes,Propagate by fresh seed or root division during winter dormancy.,FALSE,TRUE,TRUE,TRUE,TRUE,FALSE,FALSE,TRUE,TRUE,TRUE,TRUE,TRUE,FALSE,FALSE,FALSE,FALSE,FALSE,FALSE,,,FALSE,FALSE,FALSE,FALSE,FALSE,FALSE,FALSE,TRUE,FALSE,"Golden Groundsel, Roundleaf Groundsel, Roundleaf Ragwort",https://inaturalist-open-data.s3.amazonaws.com/photos/736668/medium.jpg
PLANT-00623,panax quinquefolius,Panax quinquefolius,"American Ginseng, Wild Ginseng",Alabama | Arkansas | Connecticut | Delaware | Florida | Georgia | Illinois | Indiana | Iowa | Kansas | Kentucky | Louisiana | Maine | Maryland | Massachusetts | Michigan | Minnesota | Mississippi | Missouri | Nebraska | New Hampshire | New Jersey | New York | North Carolina | Ohio | Oklahoma | Pennsylvania | South Carolina | South Dakota | Tennessee | Vermont | Virginia | West Virginia | Wisconsin,Herbaceous perennial,Part shade to full shade,Medium,Low,4,8,June,July,PAQU,Araliaceae,Herb,Perennial,Up to about 2 feet tall.,White,"Jun , Jul , Aug",,"Sun , Part Shade , Shade",Moist,,"Organic, Humus Enriched",,,,TRUE,TRUE,TRUE,FALSE,FALSE,FALSE,FALSE,FALSE,FALSE,FALSE,FALSE,TRUE,TRUE,TRUE,FALSE,FALSE,FALSE,FALSE,,,FALSE,FALSE,FALSE,FALSE,FALSE,FALSE,FALSE,TRUE,FALSE,"American Ginseng, Wild Ginseng",https://inaturalist-open-data.s3.amazonaws.com/photos/5091105/medium.jpeg
PLANT-00624,pandanus tectorius,Pandanus tectorius,screw pine,Hawaii,Broadleaf evergreen,Full sun to part shade,Medium,Medium,10,12,Seasonal bloomer,Seasonal bloomer,,,,,,,,,,,,,,,,,,,,,,,,,,,,,,,,,,,,FALSE,FALSE,FALSE,FALSE,FALSE,FALSE,FALSE,FALSE,FALSE,screw pine,https://static.inaturalist.org/photos/118180458/medium.jpg
PLANT-00625,panicum bulbosum,Panicum bulbosum,"Bulb Panic Grass, Bulb Panicgrass",Arizona | Nevada | New Mexico | Texas | Utah,Ornamental grass,Full sun,Dry to medium,Low,6,9,July,February,PABU,Poaceae,Grass/Grass-like,,Up to about 6 feet tall.,"Green , Purple , Brown","Jun , Jul , Aug , Sep",,,,,,,,,FALSE,FALSE,FALSE,FALSE,FALSE,FALSE,FALSE,FALSE,FALSE,FALSE,FALSE,TRUE,TRUE,TRUE,TRUE,FALSE,FALSE,FALSE,,,FALSE,FALSE,FALSE,FALSE,FALSE,FALSE,FALSE,TRUE,FALSE,"Bulb Panic Grass, Bulb Panicgrass",https://inaturalist-open-data.s3.amazonaws.com/photos/10668926/medium.jpeg
PLANT-00626,panicum virgatum,Panicum virgatum,"Switchgrass, Wand Panic Grass",Alabama | Arizona | Arkansas | Colorado | Connecticut | Delaware | Florida | Georgia | Idaho | Illinois | Indiana | Iowa | Kansas | Kentucky | Louisiana | Maine | Maryland | Michigan | Minnesota | Mississippi | Missouri | Montana | Nebraska | Nevada | New Hampshire | New Jersey | New Mexico | New York | North Carolina | North Dakota | Ohio | Oklahoma | Pennsylvania | Rhode Island | South Carolina | South Dakota | Tennessee | Texas | Utah | Vermont | Virginia | West Virginia | Wisconsin,Ornamental grass,Full sun to part shade,Medium to wet,Low,5,9,July,February,PAVI2,Poaceae,Grass/Grass-like,Perennial,"Up to about 10 feet tall, often shorter.","Green , Brown","Aug , Sep , Oct , Nov",Medium,"Sun , Part Shade","Dry , Moist",,"Dry to moist soils. Sandy, Sandy Loam, Medium Loam Clay Loam, Clay, Limestone-based.",Fair Grazing; Seeds eaten by ground-feeding songbirds and game birds; Provides cover and nesting material.,yes,"Propagate by sowing unstratified seed in fall or stratified seed in spring. Sow 1/4""",TRUE,TRUE,FALSE,FALSE,TRUE,FALSE,FALSE,FALSE,FALSE,FALSE,FALSE,FALSE,FALSE,TRUE,TRUE,TRUE,TRUE,FALSE,,,FALSE,FALSE,FALSE,FALSE,FALSE,FALSE,FALSE,TRUE,FALSE,"Switchgrass, Wand Panic Grass",https://inaturalist-open-data.s3.amazonaws.com/photos/9682082/medium.jpg
PLANT-00627,parthenium hispidum,Parthenium hispidum,American feverfew,Arkansas | Illinois | Kansas | Louisiana | Michigan | Minnesota | Missouri | Oklahoma | Tennessee,Herbaceous perennial,Full sun to part shade,Dry to medium,Low,5,8,June,September,,,,,,,,,,,,,,,,,,,,,,,,,,,,,,,,,,,,FALSE,FALSE,FALSE,FALSE,FALSE,FALSE,FALSE,FALSE,FALSE,American feverfew,https://inaturalist-open-data.s3.amazonaws.com/photos/367378012/medium.jpg
PLANT-00628,parthenium integrifolium,Parthenium integrifolium,"Wild Quinine, American Fever-few",Alabama | Arkansas | Connecticut | Georgia | Illinois | Indiana | Iowa | Kansas | Kentucky | Louisiana | Maryland | Massachusetts | Michigan | Minnesota | Mississippi | Missouri | New York | North Carolina | Ohio | Oklahoma | Pennsylvania | South Carolina | Tennessee | Texas | Virginia | West Virginia | Wisconsin,Herbaceous perennial,Full sun,Dry to medium,Low,4,8,May,August,PAIN3,Asteraceae,Herb,Perennial,Up to about 3 feet tall.,White,"May , Jun , Jul , Aug , Sep",,Part Shade,,,Well-drained soils.,,yes,,FALSE,TRUE,FALSE,FALSE,FALSE,FALSE,FALSE,FALSE,FALSE,FALSE,TRUE,TRUE,TRUE,TRUE,TRUE,FALSE,FALSE,FALSE,,,FALSE,FALSE,FALSE,FALSE,FALSE,FALSE,FALSE,TRUE,FALSE,"Wild Quinine, American Fever-few",https://static.inaturalist.org/photos/8171530/medium.jpg
PLANT-00629,parthenocissus quinquefolia,Parthenocissus quinquefolia,Virginia Creeper,Alabama | Arkansas | Colorado | Connecticut | Delaware | Florida | Georgia | Illinois | Indiana | Iowa | Kansas | Kentucky | Louisiana | Maine | Maryland | Massachusetts | Michigan | Minnesota | Mississippi | Missouri | Nebraska | New Hampshire | New Jersey | New York | North Carolina | Ohio | Oklahoma | Pennsylvania | Rhode Island | South Carolina | South Dakota | Tennessee | Texas | Utah | Vermont | Virginia | West Virginia | Wisconsin,Vine,Full sun to part shade,Medium,Medium,3,9,May,August,PAQU2,Vitaceae,Vine,Perennial,"Stems climbing or scrambling, up to about 40 feet long.","White , Green","May , Jun",Low,"Sun , Part Shade , Shade",Moist,,"Moist, well-drained soils. Sandy, Sandy Loam, Medium Loam, Clay Loam, Clay, Rocky, Limestone-based
Caliche type","Fruit-birds, through the winter, inc. chickadees, nuthatches, mockingbirds, catbirds, finches, flycatchers, tanagers, swallows, vireos, warblers, woodpeckers, and thrushes. A larval host for several species of sphinx moths.",yes,"Sow seed in fall or stratified and sow in spring. The easiest way to propagate is by hardwood or semi-hardwood cuttings, or by layering in the fall.",TRUE,TRUE,TRUE,TRUE,FALSE,FALSE,FALSE,FALSE,FALSE,FALSE,TRUE,TRUE,FALSE,FALSE,FALSE,FALSE,FALSE,FALSE,,,FALSE,FALSE,FALSE,FALSE,FALSE,FALSE,FALSE,TRUE,FALSE,Virginia Creeper,https://inaturalist-open-data.s3.amazonaws.com/photos/428768/medium.jpg
PLANT-00630,paspalum floridanum,Paspalum floridanum,Florida Paspalum,Alabama | Arkansas | Delaware | Florida | Georgia | Illinois | Indiana | Kansas | Kentucky | Louisiana | Maryland | Mississippi | Missouri | New Jersey | North Carolina | Oklahoma | South Carolina | Tennessee | Texas | Virginia,Ornamental grass,Full sun,Medium to wet,Low,5,9,August,November,PAFL4,Poaceae,Grass/Grass-like,Perennial,Up to about 7 feet tall.,"White , Green , Brown","Aug , Sep , Oct , Nov",Medium,Part Shade,Moist,,"Sandy, Sandy Loam, Medium Loam, Clay Loam, Clay",,,,FALSE,TRUE,FALSE,FALSE,TRUE,FALSE,FALSE,FALSE,FALSE,FALSE,FALSE,FALSE,FALSE,TRUE,TRUE,TRUE,TRUE,FALSE,,,FALSE,FALSE,FALSE,FALSE,FALSE,FALSE,FALSE,TRUE,FALSE,Florida Paspalum,https://inaturalist-open-data.s3.amazonaws.com/photos/319234155/medium.jpeg
PLANT-00631,passiflora incarnata,Passiflora incarnata,"Maypop, Purple Passionflower, Purple Passion Vine, Apricot Vine",Alabama | Arkansas | Delaware | Florida | Georgia | Illinois | Indiana | Kansas | Kentucky | Louisiana | Maryland | Mississippi | Missouri | North Carolina | Ohio | Oklahoma | Pennsylvania | South Carolina | Tennessee | Texas | Virginia | West Virginia,Vine,Full sun to part shade,Medium,Medium,5,9,July,September,PAIN6,Passifloraceae,Vine,Perennial,"Climber, up to about 25 feet long.","Pink , Blue , Purple","Mar , Apr , May , Jun , Jul , Aug , Sep , Oct , Nov","Low , Medium","Sun , Part Shade","Dry , Moist",,"Rich, non-saline clays, loams, sands.",Fruit-birds.,yes,"Propagate by seed or cuttings. When sown immediately or stored, seed germination is low. Direct sowing outdoors is recommended. 6-8 in.",TRUE,TRUE,FALSE,TRUE,TRUE,FALSE,FALSE,FALSE,TRUE,TRUE,TRUE,TRUE,TRUE,TRUE,TRUE,TRUE,TRUE,FALSE,,,FALSE,FALSE,FALSE,FALSE,FALSE,FALSE,FALSE,TRUE,FALSE,"Maypop, Purple Passionflower, Purple Passion Vine, Apricot Vine",https://inaturalist-open-data.s3.amazonaws.com/photos/91738617/medium.jpg
PLANT-00632,paxistima canbyi,Paxistima canbyi,Canby's Mountain-lover,Kentucky | Maryland | North Carolina | Ohio | Pennsylvania | Tennessee | Virginia | West Virginia,Broadleaf evergreen,Full sun to part shade,Medium,Low,3,7,May,May,PACA,Celastraceae,Shrub,Perennial,Up to about 1 foot tall.,"Green , Brown","Mar , Apr , May",,Part Shade,,Acidic (pH<6.8),"Fertile, well-drained soils.",,yes,Increase by layering branches. Short,FALSE,TRUE,FALSE,FALSE,FALSE,FALSE,FALSE,FALSE,TRUE,TRUE,TRUE,FALSE,FALSE,FALSE,FALSE,FALSE,FALSE,FALSE,,,FALSE,FALSE,FALSE,FALSE,FALSE,FALSE,FALSE,TRUE,FALSE,Canby's Mountain-lover,https://inaturalist-open-data.s3.amazonaws.com/photos/48990/medium.jpg
PLANT-00633,pedicularis canadensis,Pedicularis canadensis,"Canadian Lousewort, Wood Betony",Alabama | Arkansas | Connecticut | Delaware | Florida | Georgia | Illinois | Indiana | Iowa | Kansas | Kentucky | Louisiana | Maine | Maryland | Massachusetts | Michigan | Minnesota | Mississippi | Missouri | Nebraska | New Hampshire | New Jersey | New Mexico | New York | North Carolina | North Dakota | Ohio | Oklahoma | Pennsylvania | Rhode Island | South Carolina | South Dakota | Tennessee | Texas | Vermont | Virginia | West Virginia | Wisconsin,Herbaceous perennial,Full sun to part shade,Medium,Low,4,8,April,May,PECA,Scrophulariaceae,Herb,Perennial,Up to about 20 inches tall.,"Red , Yellow , Purple","Apr , May , Jun",Medium,Shade,,,,,,,FALSE,FALSE,TRUE,FALSE,TRUE,FALSE,FALSE,FALSE,FALSE,TRUE,TRUE,TRUE,FALSE,FALSE,FALSE,FALSE,FALSE,FALSE,,,FALSE,FALSE,FALSE,FALSE,FALSE,FALSE,FALSE,TRUE,FALSE,"Canadian Lousewort, Wood Betony",https://inaturalist-open-data.s3.amazonaws.com/photos/2166510/medium.jpg
PLANT-00634,peltandra virginica,Peltandra virginica,"Tuckahoe, Green Arrow Arum, Arrow Arum, Green Arum",Alabama | Arkansas | Connecticut | Delaware | Florida | Georgia | Illinois | Indiana | Iowa | Kentucky | Louisiana | Maine | Maryland | Michigan | Minnesota | Mississippi | Missouri | New Hampshire | New Jersey | New York | North Carolina | Ohio | Oklahoma | Pennsylvania | Rhode Island | South Carolina | Tennessee | Texas | Vermont | Virginia | West Virginia | Wisconsin,Herbaceous perennial,Full sun to part shade,Wet,Medium,5,9,April,June,PEVI,Araceae,Herb,Perennial,Up to about 3 feet tall.,"White , Yellow , Green","Mar , Apr , May , Jun , Jul , Aug",High,Part Shade,Wet,,"Mud, Shallow water.",The berries of arrow arum attract wood ducks and king rails.,yes,,FALSE,TRUE,FALSE,FALSE,FALSE,TRUE,FALSE,FALSE,TRUE,TRUE,TRUE,TRUE,TRUE,TRUE,FALSE,FALSE,FALSE,FALSE,,,FALSE,FALSE,FALSE,FALSE,FALSE,FALSE,FALSE,TRUE,FALSE,"Tuckahoe, Green Arrow Arum, Arrow Arum, Green Arum",https://inaturalist-open-data.s3.amazonaws.com/photos/38914811/medium.jpg
PLANT-00635,penstemon barbatus,Penstemon barbatus,"Scarlet Bugler, Beard-lip Penstemon, Beard-lip Beardtongue, Red Penstemon, Red Beardtongue, Goldenbeard Penstemon, Goldenbeard Beardtongue, Saint Joseph's Staff, Varita De San Jose",Arizona | California | New Mexico | Texas,Herbaceous perennial,Full sun,Dry to medium,Medium,4,8,May,June,PEBA2,Scrophulariaceae,Herb,Perennial,Up to about 3 feet tall.,Red,"May , Jun , Jul , Aug , Sep , Oct",Low,Part Shade,Dry,,Rocky soils.,Attracts hummingbirds.,yes,Propagate by seed.,FALSE,TRUE,FALSE,TRUE,FALSE,FALSE,FALSE,FALSE,FALSE,FALSE,TRUE,TRUE,TRUE,TRUE,TRUE,TRUE,FALSE,FALSE,,,FALSE,FALSE,FALSE,FALSE,FALSE,FALSE,FALSE,TRUE,FALSE,"Scarlet Bugler, Beard-lip Penstemon, Beard-lip Beardtongue, Red Penstemon, Red Beardtongue, Goldenbeard Penstemon, Goldenbeard Beardtongue, Saint Joseph's Staff, Varita De San Jose",https://inaturalist-open-data.s3.amazonaws.com/photos/512221/medium.jpg
PLANT-00636,penstemon cobaea,Penstemon cobaea,"Prairie Penstemon, Prairie Beardtongue, Foxglove Penstemon, Foxglove Beardtongue, False Foxglove, Large-flowered Penstemon, Large-flowered Beardtongue, Cobaea Penstemon, Cobaea Beardtongue, Wild Foxglove",Arizona | Arkansas | Colorado | Illinois | Iowa | Kansas | Missouri | Nebraska | New Mexico | Ohio | Oklahoma | Texas,Herbaceous perennial,Full sun,Dry to medium,Low,5,8,May,May,PECO4,Scrophulariaceae,Herb,Perennial,Up to about 3 feet tall.,"White , Pink , Purple , Violet","Apr , May , Jun",Medium,"Sun , Part Shade",Dry,Acidic (pH<6.8),"Calcareous or sandy loam. Rocky, Sandy, Limestone-based, Sandy Loam, Medium Loam, Clay Loam
Clay","This penstemon attracts a variety of moths. Nectar-insects, Cover",yes,Easily raised from seed (blooms second year). Collect seed in summer when capsules are brown and seeds are black.,TRUE,TRUE,FALSE,FALSE,TRUE,FALSE,FALSE,FALSE,FALSE,TRUE,TRUE,TRUE,FALSE,FALSE,FALSE,FALSE,FALSE,FALSE,,,FALSE,FALSE,FALSE,FALSE,FALSE,FALSE,FALSE,TRUE,FALSE,"Prairie Penstemon, Prairie Beardtongue, Foxglove Penstemon, Foxglove Beardtongue, False Foxglove, Large-flowered Penstemon, Large-flowered Beardtongue, Cobaea Penstemon, Cobaea Beardtongue, Wild Foxglove",
PLANT-00637,penstemon cobaea var. purpureus,Penstemon cobaea var. purpureus,dew flower,Arizona | Arkansas | Colorado | Illinois | Iowa | Kansas | Missouri | Nebraska | New Mexico | Ohio | Oklahoma | Texas,Herbaceous perennial,Full sun,Dry to medium,Low,5,8,May,May,,,,,,,,,,,,,,,,,,,,,,,,,,,,,,,,,,,,FALSE,FALSE,FALSE,FALSE,FALSE,FALSE,FALSE,FALSE,FALSE,dew flower,
PLANT-00638,penstemon digitalis,Penstemon digitalis,"Mississippi Penstemon, Mississippi Beardtongue, Smooth White Penstemon, Smooth White Beardtongue, Talus Slope Penstemon, Talus Slope Beardtongue, Foxglove Penstemon, Foxglove Beardtongue",Alabama | Arkansas | Connecticut | Delaware | Georgia | Illinois | Indiana | Iowa | Kansas | Kentucky | Louisiana | Maryland | Michigan | Mississippi | Missouri | Nebraska | New Jersey | North Carolina | Ohio | Oklahoma | Pennsylvania | South Carolina | Tennessee | Texas | Virginia | West Virginia,Herbaceous perennial,Full sun,Dry to medium,Medium,3,8,April,June,PEDI,Scrophulariaceae,Herb,Perennial,Up to about 5 feet tall.,"White , Purple","Apr , May , Jun , Jul","Low , Medium , High","Sun , Part Shade","Dry , Moist , Wet",Acidic (pH<6.8),"Fertile, well-drained loams, clay loams, and sand. Acid preferably but tolerates lime.",Hummingbirds and bumblebees,yes,Division is the easiest method of increase. Separate crowns in fall or early spring. Prune back the foliage of each new division. Propagate also by seed.,TRUE,TRUE,FALSE,TRUE,TRUE,TRUE,FALSE,FALSE,FALSE,TRUE,TRUE,TRUE,TRUE,FALSE,FALSE,FALSE,FALSE,FALSE,,,FALSE,FALSE,FALSE,FALSE,FALSE,FALSE,FALSE,TRUE,FALSE,"Mississippi Penstemon, Mississippi Beardtongue, Smooth White Penstemon, Smooth White Beardtongue, Talus Slope Penstemon, Talus Slope Beardtongue, Foxglove Penstemon, Foxglove Beardtongue",https://static.inaturalist.org/photos/203469375/medium.jpg
PLANT-00639,penstemon grandiflorus,Penstemon grandiflorus,"Large Penstemon, Large Beardtongue, Large-flower Penstemon, Large-flower Beardtongue, Large-flowered Penstemon, Large-flowered Beardtongue",Colorado | Illinois | Indiana | Iowa | Kansas | Michigan | Minnesota | Missouri | Montana | Nebraska | New Mexico | North Dakota | Oklahoma | South Dakota | Texas | Wisconsin | Wyoming,Herbaceous perennial,Full sun,Dry to medium,Low,3,9,May,June,PEGR7,Scrophulariaceae,Herb,Perennial,"Up to about 4 feet tall, occasionally taller.","Pink , Blue , Purple","Apr , May , Jun , Jul",,Sun,,,Sandy soils.,,yes,Propagate by seed.,TRUE,FALSE,FALSE,FALSE,FALSE,FALSE,FALSE,FALSE,FALSE,TRUE,TRUE,TRUE,TRUE,FALSE,FALSE,FALSE,FALSE,FALSE,,,FALSE,FALSE,FALSE,FALSE,FALSE,FALSE,FALSE,TRUE,FALSE,"Large Penstemon, Large Beardtongue, Large-flower Penstemon, Large-flower Beardtongue, Large-flowered Penstemon, Large-flowered Beardtongue",
PLANT-00640,penstemon pallidus,Penstemon pallidus,"Pale Penstemon, Pale Beardtongue",Alabama | Arkansas | Georgia | Illinois | Indiana | Iowa | Kansas | Kentucky | Maryland | Michigan | Missouri | North Carolina | Ohio | Tennessee | West Virginia | Wisconsin,Herbaceous perennial,Full sun to part shade,Dry to medium,Low,4,8,May,June,PEPA7,Scrophulariaceae,Herb,Perennial,Up to about 30 inches tall.,"White , Blue , Purple","Apr , May , Jun , Jul",,Part Shade,,,Well-drained soils.,,yes,Propagate by seed.,FALSE,TRUE,FALSE,FALSE,FALSE,FALSE,FALSE,FALSE,FALSE,TRUE,TRUE,TRUE,TRUE,FALSE,FALSE,FALSE,FALSE,FALSE,,,FALSE,FALSE,FALSE,FALSE,FALSE,FALSE,FALSE,TRUE,FALSE,"Pale Penstemon, Pale Beardtongue",https://inaturalist-open-data.s3.amazonaws.com/photos/207173300/medium.jpg
PLANT-00641,penstemon tubaeflorus,Penstemon tubaeflorus,"White Wand Penstemon, White Wand Beardtongue",Arkansas | Illinois | Indiana | Iowa | Kansas | Kentucky | Louisiana | Mississippi | Missouri | Nebraska | New Hampshire | Ohio | Pennsylvania | Tennessee | Texas | Wisconsin,Herbaceous perennial,Full sun,Dry to medium,Low,4,8,May,June,PETU,Scrophulariaceae,Herb,Perennial,Up to about 3 feet tall.,White,"May , Jun , Jul",,,,,,,,,FALSE,FALSE,FALSE,FALSE,FALSE,FALSE,FALSE,FALSE,FALSE,FALSE,TRUE,TRUE,TRUE,FALSE,FALSE,FALSE,FALSE,FALSE,,,FALSE,FALSE,FALSE,FALSE,FALSE,FALSE,FALSE,TRUE,FALSE,"White Wand Penstemon, White Wand Beardtongue",https://inaturalist-open-data.s3.amazonaws.com/photos/1974384/medium.jpg
PLANT-00642,peperomia obtusifolia,Peperomia obtusifolia,Baby Rubberplant,Florida,Herbaceous perennial,Part shade,Medium,Low,10,12,Seasonal bloomer,Seasonal bloomer,PEOB2,Piperaceae,Herb,Perennial,To about 16 inches in height.,"Green , Brown","Jan , Feb , Mar , Apr , May , Jun , Jul , Aug , Sep , Oct , Nov , Dec",,,,,,,,,FALSE,FALSE,FALSE,FALSE,FALSE,FALSE,TRUE,TRUE,TRUE,TRUE,TRUE,TRUE,TRUE,TRUE,TRUE,TRUE,TRUE,TRUE,,,FALSE,FALSE,FALSE,FALSE,FALSE,FALSE,FALSE,TRUE,FALSE,Baby Rubberplant,
PLANT-00643,persea borbonia,Persea borbonia,"Redbay, Red Bay, Sweet Bay, Silk Bay, Red Bay Persea, Laurel Tree",Alabama | Arkansas | Florida | Georgia | Louisiana | Mississippi | North Carolina | South Carolina | Texas,Tree,Full sun to part shade,Medium to wet,Low,7,9,May,June,PEBO,Lauraceae,Tree,Perennial,"Up to about 80 feet tall, often shorter.",Yellow,"Mar , Apr , May , Jun",High,Part Shade,Moist,,"Moist, acid soils.",,yes,Sow seeds directly after collection of stratify and sow in spring.,FALSE,TRUE,FALSE,FALSE,FALSE,TRUE,FALSE,FALSE,TRUE,TRUE,TRUE,TRUE,FALSE,FALSE,FALSE,FALSE,FALSE,FALSE,,,FALSE,FALSE,FALSE,FALSE,FALSE,FALSE,FALSE,TRUE,FALSE,"Redbay, Red Bay, Sweet Bay, Silk Bay, Red Bay Persea, Laurel Tree",https://inaturalist-open-data.s3.amazonaws.com/photos/620002/medium.JPG
PLANT-00644,persicaria virginiana,Persicaria virginiana,knotweed,Alabama | Arkansas | Connecticut | Delaware | Florida | Georgia | Illinois | Indiana | Iowa | Kansas | Kentucky | Louisiana | Maryland | Massachusetts | Michigan | Minnesota | Mississippi | Missouri | Nebraska | New Hampshire | New Jersey | New York | North Carolina | Ohio | Oklahoma | Pennsylvania | Rhode Island | South Carolina | Tennessee | Texas | Virginia | West Virginia | Wisconsin,Herbaceous perennial,Full sun to part shade,Medium,Medium,4,8,August,September,,,,,,,,,,,,,,,,,,,,,,,,,,,,,,,,,,,,FALSE,FALSE,FALSE,FALSE,FALSE,FALSE,FALSE,FALSE,FALSE,knotweed,https://inaturalist-open-data.s3.amazonaws.com/photos/184431181/medium.jpg
PLANT-00645,petrea volubilis,Petrea volubilis,queen's wreath,Florida,Vine,Full sun,Medium,Medium,10,11,Seasonal bloomer,Seasonal bloomer,,,,,,,,,,,,,,,,,,,,,,,,,,,,,,,,,,,,FALSE,FALSE,FALSE,FALSE,FALSE,FALSE,FALSE,FALSE,FALSE,queen's wreath,https://inaturalist-open-data.s3.amazonaws.com/photos/45881615/medium.jpg
PLANT-00646,phegopteris connectilis,Phegopteris connectilis,Long Beechfern,Alaska | Colorado | Connecticut | Delaware | Idaho | Illinois | Iowa | Maine | Maryland | Michigan | Minnesota | Montana | New Hampshire | New Jersey | New York | North Carolina | Ohio | Oregon | Pennsylvania | Rhode Island | Tennessee | Vermont | Washington | West Virginia | Wisconsin,Fern,Part shade to full shade,Medium,Low,2,5,Non-flowering,Non-flowering,PHCO24,Thelypteridaceae,Herb,Perennial,,Not Applicable,,,,"Moist , Wet",Acidic (pH<6.8),,,,,FALSE,FALSE,FALSE,FALSE,FALSE,FALSE,FALSE,FALSE,FALSE,FALSE,FALSE,FALSE,FALSE,FALSE,FALSE,FALSE,FALSE,FALSE,,,FALSE,FALSE,FALSE,FALSE,FALSE,FALSE,FALSE,TRUE,FALSE,Long Beechfern,https://inaturalist-open-data.s3.amazonaws.com/photos/403949915/medium.jpeg
PLANT-00647,phegopteris hexagonoptera,Phegopteris hexagonoptera,"Broad Beechfern, Broad Beech Fern",Alabama | Arkansas | Connecticut | Delaware | Florida | Georgia | Illinois | Indiana | Iowa | Kansas | Kentucky | Louisiana | Maine | Maryland | Massachusetts | Michigan | Minnesota | Mississippi | Missouri | New Hampshire | New Jersey | New York | North Carolina | Ohio | Oklahoma | Pennsylvania | Rhode Island | South Carolina | Tennessee | Texas | Vermont | Virginia | West Virginia | Wisconsin,Fern,Part shade to full shade,Medium to wet,Low,5,9,Non-flowering,Non-flowering,PHHE11,Thelypteridaceae,Herb,Perennial,Fronds up to about 30 inches long.,Not Applicable,,,Shade,Moist,,"Moist, acid, humus-rich soil.",,yes,Propagate by spores or,FALSE,FALSE,TRUE,FALSE,FALSE,FALSE,FALSE,FALSE,FALSE,FALSE,FALSE,FALSE,FALSE,FALSE,FALSE,FALSE,FALSE,FALSE,,,FALSE,FALSE,FALSE,FALSE,FALSE,FALSE,FALSE,TRUE,FALSE,"Broad Beechfern, Broad Beech Fern",https://inaturalist-open-data.s3.amazonaws.com/photos/205216708/medium.jpg
PLANT-00648,phemeranthus calycinus,Phemeranthus calycinus,"Largeflower Flameflower, Largeflower Fameflower",Alabama | Arkansas | Colorado | Illinois | Kansas | Louisiana | Missouri | Montana | Nebraska | New Mexico | Oklahoma | Texas,Herbaceous perennial,Full sun,Dry to medium,Low,5,9,July,July,PHCA48,Portulacaceae,Subshrub,Perennial,Up to about 16 inches tall.,"Red , Pink , Purple","May , Jun , Jul , Aug , Sep , Oct",,,,,,,,,FALSE,FALSE,FALSE,FALSE,FALSE,FALSE,FALSE,FALSE,FALSE,FALSE,TRUE,TRUE,TRUE,TRUE,TRUE,TRUE,FALSE,FALSE,,,FALSE,FALSE,FALSE,FALSE,FALSE,FALSE,FALSE,TRUE,FALSE,"Largeflower Flameflower, Largeflower Fameflower",https://inaturalist-open-data.s3.amazonaws.com/photos/226146108/medium.jpg
PLANT-00649,philadelphus pubescens,Philadelphus pubescens,Hoary Mock Orange,Alabama | Arkansas | Connecticut | Georgia | Illinois | Iowa | Kentucky | Louisiana | Maryland | Massachusetts | Mississippi | Missouri | New York | Ohio | Oklahoma | Pennsylvania | South Carolina | Tennessee | Texas | Virginia | Wyoming,Deciduous shrub,Full sun to part shade,Medium,Medium,6,9,June,July,PHPU4,Hydrangeaceae,Shrub,Perennial,"Up to about 20 feet tall, often shorter.","White , Yellow","May , Jun , Jul",,,,,,,,,FALSE,FALSE,FALSE,FALSE,FALSE,FALSE,FALSE,FALSE,FALSE,FALSE,TRUE,TRUE,TRUE,FALSE,FALSE,FALSE,FALSE,FALSE,,,FALSE,FALSE,FALSE,FALSE,FALSE,FALSE,FALSE,TRUE,FALSE,Hoary Mock Orange,https://inaturalist-open-data.s3.amazonaws.com/photos/343362370/medium.jpeg
PLANT-00650,philadelphus pubescens var. verrucosus,Philadelphus pubescens var. verrucosus,mock orange,Alabama | Arkansas | Connecticut | Illinois | Iowa | Kentucky | Louisiana | Massachusetts | Missouri | New York | Ohio | Oklahoma | Pennsylvania | Tennessee | Texas | Wyoming,Deciduous shrub,Full sun to part shade,Medium,Medium,6,9,June,July,,,,,,,,,,,,,,,,,,,,,,,,,,,,,,,,,,,,FALSE,FALSE,FALSE,FALSE,FALSE,FALSE,FALSE,FALSE,FALSE,mock orange,
PLANT-00651,phlox bifida,Phlox bifida,"Cleft Phlox, Sand Phlox",Arkansas | Illinois | Indiana | Iowa | Kansas | Kentucky | Michigan | Missouri | Tennessee | Wisconsin,Herbaceous perennial,Full sun to part shade,Dry to medium,Medium,4,8,May,May,PHBI3,Polemoniaceae,Herb,Perennial,Up to about 1 foot tall.,"White , Blue , Violet","Apr , May , Jun",,,,,,,,,FALSE,FALSE,FALSE,FALSE,FALSE,FALSE,FALSE,FALSE,FALSE,TRUE,TRUE,TRUE,FALSE,FALSE,FALSE,FALSE,FALSE,FALSE,,,FALSE,FALSE,FALSE,FALSE,FALSE,FALSE,FALSE,TRUE,FALSE,"Cleft Phlox, Sand Phlox",https://inaturalist-open-data.s3.amazonaws.com/photos/828360/medium.JPG
PLANT-00652,phlox divaricata,Phlox divaricata,"Wild Blue Phlox, Louisiana Phlox, Blue Woodland Phlox, Sweet William, Wild Sweet William",Alabama | Arkansas | Connecticut | Delaware | Florida | Georgia | Illinois | Indiana | Iowa | Kansas | Kentucky | Louisiana | Maryland | Michigan | Minnesota | Mississippi | Missouri | Nebraska | New Jersey | New York | North Carolina | Ohio | Oklahoma | Pennsylvania | South Carolina | South Dakota | Tennessee | Texas | Vermont | Virginia | West Virginia | Wisconsin,Herbaceous perennial,Part shade to full shade,Medium,Medium,3,8,April,May,PHDI5,Polemoniaceae,Herb,Perennial,Up to about 20 inches tall.,"White , Pink , Purple , Violet","Mar , Apr , May , Jun",Medium,"Part Shade , Shade",Moist,"Alkaline (pH>7.2) , Acidic (pH<6.8)","Rich, moist, acid soils, but also found in calcareous areas. Sandy, Sandy Loam, Medium Loam, Clay Loam, Clay.","Flowers attract butterflies, including swallowtails, gray hairstreaks, and western pygmy blues. Roots consumed by rabbits and voles.",yes,"Propagate by root division, seed, layering, or ""softwood"" cuttings (rooted stem) taken in late spring.",FALSE,TRUE,TRUE,FALSE,TRUE,FALSE,FALSE,FALSE,TRUE,TRUE,TRUE,TRUE,FALSE,FALSE,FALSE,FALSE,FALSE,FALSE,,,FALSE,FALSE,FALSE,FALSE,FALSE,FALSE,FALSE,TRUE,FALSE,"Wild Blue Phlox, Louisiana Phlox, Blue Woodland Phlox, Sweet William, Wild Sweet William",https://inaturalist-open-data.s3.amazonaws.com/photos/3365048/medium.jpg
PLANT-00653,phlox divaricata subsp. laphamii,Phlox divaricata subsp. laphamii,wild sweet William,Alabama | Arkansas | Florida | Georgia | Illinois | Indiana | Iowa | Kansas | Kentucky | Louisiana | Maryland | Minnesota | Mississippi | Missouri | Nebraska | North Carolina | Oklahoma | Pennsylvania | South Dakota | Tennessee | Texas | Virginia | West Virginia | Wisconsin,Herbaceous perennial,Part shade to full shade,Medium,Medium,3,8,April,May,,,,,,,,,,,,,,,,,,,,,,,,,,,,,,,,,,,,FALSE,FALSE,FALSE,FALSE,FALSE,FALSE,FALSE,FALSE,FALSE,wild sweet William,
PLANT-00654,phlox drummondii,Phlox drummondii,"Annual Phlox, Drummond Phlox, Pride-of-Texas, Texas Pride",Oklahoma | Texas,Annual,Full sun to part shade,Medium,Medium,2,11,May,July,PHDR,Polemoniaceae,Herb,,6-20 inches tall.,"White , Red , Pink , Purple","Mar , Apr , May , Jun",Low,"Sun , Part Shade",Dry,"Acidic (pH<6.8) , Circumneutral (pH 6.8-7.2)","Although it prefers sandy, fertile soil, it can be established in a variety of well-drained soils, including alkaline substrates.",,yes,"Seed is available from United States companies, but essentially all of it comes from European sources, and includes a full range of color, from white to deep red. Plant seed in the fall at the suggested rate of 10 pounds/acre. After distributing the seed evenly, rake into loosened topsoil to ensure good seed/soil contact. Seeding rate is 10 pounds/acre. The approximate seed count is 234,000 seeds/pound.",TRUE,TRUE,FALSE,TRUE,FALSE,FALSE,FALSE,FALSE,TRUE,TRUE,TRUE,TRUE,FALSE,FALSE,FALSE,FALSE,FALSE,FALSE,,,FALSE,FALSE,FALSE,FALSE,FALSE,FALSE,FALSE,TRUE,FALSE,"Annual Phlox, Drummond Phlox, Pride-of-Texas, Texas Pride",
PLANT-00655,phlox glaberrima,Phlox glaberrima,"Smooth Phlox, Marsh Phlox",Alabama | Arkansas | Florida | Georgia | Illinois | Indiana | Kentucky | Louisiana | Maryland | Mississippi | Missouri | New Jersey | North Carolina | Ohio | Oklahoma | South Carolina | Tennessee | Virginia | West Virginia | Wisconsin,Herbaceous perennial,Full sun to part shade,Medium,Medium,3,8,April,May,PHGL4,Polemoniaceae,Herb,Perennial,Up to about 4 feet tall.,"Pink , Purple","Apr , May , Jun , Jul",,,,,,,,,FALSE,FALSE,FALSE,FALSE,FALSE,FALSE,FALSE,FALSE,FALSE,TRUE,TRUE,TRUE,TRUE,FALSE,FALSE,FALSE,FALSE,FALSE,,,FALSE,FALSE,FALSE,FALSE,FALSE,FALSE,FALSE,TRUE,FALSE,"Smooth Phlox, Marsh Phlox",https://inaturalist-open-data.s3.amazonaws.com/photos/2084494/medium.JPG
PLANT-00656,phlox maculata,Phlox maculata,"Wild Sweetwilliam, Phlox, Meadow Phlox, Wild Sweet William",Alabama | Delaware | Georgia | Illinois | Indiana | Iowa | Kentucky | Maryland | Michigan | Minnesota | Missouri | New Jersey | New York | North Carolina | Ohio | Pennsylvania | South Carolina | Tennessee | Virginia | West Virginia,Herbaceous perennial,Full sun to part shade,Medium,Medium,3,8,August,October,PHMA4,Polemoniaceae,Herb,Perennial,,"Red , Purple","May , Jun , Jul , Aug , Sep",,Sun,Wet,,"Clay, Loam",,,,TRUE,FALSE,FALSE,FALSE,FALSE,FALSE,FALSE,FALSE,FALSE,FALSE,TRUE,TRUE,TRUE,TRUE,TRUE,FALSE,FALSE,FALSE,,,FALSE,FALSE,FALSE,FALSE,FALSE,FALSE,FALSE,TRUE,FALSE,"Wild Sweetwilliam, Phlox, Meadow Phlox, Wild Sweet William",https://inaturalist-open-data.s3.amazonaws.com/photos/172759372/medium.jpg
PLANT-00657,phlox paniculata,Phlox paniculata,"Fall Phlox, Perennial Phlox",Alabama | Arkansas | Delaware | Georgia | Illinois | Indiana | Kansas | Kentucky | Maryland | Missouri | New Jersey | North Carolina | Ohio | Pennsylvania | South Carolina | Tennessee | Virginia | West Virginia,Herbaceous perennial,Full sun to part shade,Medium,Medium,4,8,July,September,PHPA9,Polemoniaceae,Herb,Perennial,Up to about 6 feet tall.,"White , Pink , Purple","Jun , Jul , Aug , Sep , Oct",,Sun,Moist,,"Organic, Loam",,yes,Increase by,TRUE,FALSE,FALSE,FALSE,FALSE,FALSE,FALSE,FALSE,FALSE,FALSE,FALSE,TRUE,TRUE,TRUE,TRUE,TRUE,FALSE,FALSE,,,FALSE,FALSE,FALSE,FALSE,FALSE,FALSE,FALSE,TRUE,FALSE,"Fall Phlox, Perennial Phlox",https://static.inaturalist.org/photos/4940063/medium.jpg
PLANT-00658,phlox pilosa,Phlox pilosa,"Downy Phlox, Prairie Phlox, Fragrant Phlox",Alabama | Arkansas | Connecticut | Delaware | Florida | Georgia | Illinois | Indiana | Iowa | Kansas | Kentucky | Louisiana | Maryland | Michigan | Mississippi | Missouri | New Jersey | New York | North Carolina | Ohio | Oklahoma | Pennsylvania | South Carolina | Tennessee | Texas | Virginia | West Virginia | Wisconsin,Herbaceous perennial,Full sun,Medium,Medium,4,9,May,July,PHPI,Polemoniaceae,Herb,Perennial,Up to about 2 feet tall.,"White , Pink , Purple","Mar , Apr , May , Jun , Jul , Aug",Low,"Sun , Part Shade",Dry,Acidic (pH<6.8),"Sandy or rocky, well-drained soils.","Prairie phlox attracts long-tongued bees, butterflies and skippers.",yes,Propagation is possible by,TRUE,TRUE,FALSE,TRUE,FALSE,FALSE,FALSE,FALSE,TRUE,TRUE,TRUE,TRUE,TRUE,TRUE,FALSE,FALSE,FALSE,FALSE,,,FALSE,FALSE,FALSE,FALSE,FALSE,FALSE,FALSE,TRUE,FALSE,"Downy Phlox, Prairie Phlox, Fragrant Phlox",https://inaturalist-open-data.s3.amazonaws.com/photos/514252781/medium.jpg
PLANT-00659,phlox pilosa subsp. ozarkana,Phlox pilosa subsp. ozarkana,Ozark phlox,Arkansas | Kansas | Louisiana | Missouri | Oklahoma | Tennessee,Herbaceous perennial,Full sun,Medium,Medium,4,9,May,July,,,,,,,,,,,,,,,,,,,,,,,,,,,,,,,,,,,,FALSE,FALSE,FALSE,FALSE,FALSE,FALSE,FALSE,FALSE,FALSE,Ozark phlox,
PLANT-00660,physocarpus opulifolius,Physocarpus opulifolius,"Common Ninebark, Atlantic Ninebark",Alabama | Arkansas | Colorado | Connecticut | Delaware | Florida | Georgia | Illinois | Indiana | Iowa | Kansas | Kentucky | Maine | Maryland | Michigan | Minnesota | Missouri | Nebraska | New Hampshire | New Jersey | New York | North Carolina | North Dakota | Ohio | Oklahoma | Pennsylvania | Rhode Island | South Carolina | South Dakota | Tennessee | Vermont | Virginia | West Virginia | Wisconsin,Deciduous shrub,Full sun to part shade,Dry to medium,Medium,2,8,May,June,PHOP,Rosaceae,Shrub,Perennial,Up to about 10 feet tall.,"White , Pink","May , Jun",Low,"Sun , Part Shade , Shade","Dry , Moist , Wet",Circumneutral (pH 6.8-7.2),"Clay, Loam",,yes,Propagate by fall-sown seed or semi-hardwood cuttings with or without hormone treatment.,TRUE,TRUE,TRUE,TRUE,FALSE,FALSE,FALSE,FALSE,FALSE,FALSE,TRUE,TRUE,FALSE,FALSE,FALSE,FALSE,FALSE,FALSE,,,FALSE,FALSE,FALSE,FALSE,FALSE,FALSE,FALSE,TRUE,FALSE,"Common Ninebark, Atlantic Ninebark",https://inaturalist-open-data.s3.amazonaws.com/photos/135237890/medium.jpeg
PLANT-00661,physostegia angustifolia,Physostegia angustifolia,obedient plant,Alabama | Arkansas | Georgia | Illinois | Kansas | Louisiana | Mississippi | Missouri | Oklahoma | Texas,Herbaceous perennial,Full sun,Medium,Medium,3,9,August,September,,,,,,,,,,,,,,,,,,,,,,,,,,,,,,,,,,,,FALSE,FALSE,FALSE,FALSE,FALSE,FALSE,FALSE,FALSE,FALSE,obedient plant,https://static.inaturalist.org/photos/1970559/medium.jpg
PLANT-00662,physostegia virginiana,Physostegia virginiana,"Fall Obedient Plant, False Dragonhead, Virginia Lions-heart",Alabama | Arkansas | Connecticut | Delaware | Florida | Georgia | Illinois | Indiana | Iowa | Kansas | Kentucky | Louisiana | Maine | Maryland | Michigan | Minnesota | Mississippi | Missouri | Nebraska | New Hampshire | New Jersey | New Mexico | New York | North Carolina | North Dakota | Ohio | Oklahoma | Pennsylvania | Rhode Island | South Carolina | South Dakota | Tennessee | Texas | Utah | Vermont | Virginia | West Virginia | Wisconsin,Herbaceous perennial,Full sun,Medium,Medium,3,9,June,September,PHVI8,Lamiaceae,Herb,Perennial,Up to about 5 feet tall.,"White , Pink , Purple","Aug , Sep , Oct , Nov",,"Sun , Part Shade , Shade",Moist,,"Moist, humus-rich soils.","Hummingbirds, Butterflies",yes,Propagate by division of roots or by seed. Plant seeds in fall or in spring after damp stratification. Clumps that form from spreading stolons can be divided in early spring or late fall.,TRUE,TRUE,TRUE,FALSE,FALSE,FALSE,FALSE,FALSE,FALSE,FALSE,FALSE,FALSE,FALSE,TRUE,TRUE,TRUE,TRUE,FALSE,,,FALSE,FALSE,FALSE,FALSE,FALSE,FALSE,FALSE,TRUE,FALSE,"Fall Obedient Plant, False Dragonhead, Virginia Lions-heart",https://inaturalist-open-data.s3.amazonaws.com/photos/49931148/medium.jpg
PLANT-00663,phytolacca americana,Phytolacca americana,"American Pokeweed, Great Pokeweed, Pokeweed, Pokeberry, Red Ink Plant, Pigeonberry",Alabama | Arizona | Arkansas | California | Connecticut | Delaware | Florida | Georgia | Illinois | Indiana | Iowa | Kansas | Kentucky | Louisiana | Maine | Maryland | Massachusetts | Michigan | Minnesota | Mississippi | Missouri | Nebraska | New Hampshire | New Jersey | New Mexico | New York | North Carolina | Ohio | Oklahoma | Oregon | Pennsylvania | Rhode Island | South Carolina | Tennessee | Texas | Vermont | Virginia | West Virginia | Wisconsin,Herbaceous perennial,Full sun to part shade,Medium,Low,4,8,July,September,PHAM4,Phytolaccaceae,Herb,Perennial,"Up to about 20 feet tall, often much shorter.","White , Pink , Purple","Jan , Feb , Mar , Apr , May , Jun , Jul , Aug , Sep , Oct , Nov , Dec",Medium,Part Shade,Moist,,,,,,FALSE,TRUE,FALSE,FALSE,TRUE,FALSE,TRUE,TRUE,TRUE,TRUE,TRUE,TRUE,TRUE,TRUE,TRUE,TRUE,TRUE,TRUE,,,FALSE,FALSE,FALSE,FALSE,FALSE,FALSE,FALSE,TRUE,FALSE,"American Pokeweed, Great Pokeweed, Pokeweed, Pokeberry, Red Ink Plant, Pigeonberry",https://inaturalist-open-data.s3.amazonaws.com/photos/164206478/medium.jpeg
PLANT-00664,picea breweriana,Picea breweriana,"Brewer Spruce, Weeping Spruce",California | Oregon,Needled evergreen,Full sun,Medium,Low,6,8,Non-flowering,Non-flowering,PIBR,Pinaceae,Tree,,Up to about 130 feet tall.,Red,"Jun , Jul , Aug",Medium,Part Shade,Moist,,Moist soils.,,yes,Cultivation from seed only is important as this is a rare species.,FALSE,TRUE,FALSE,FALSE,TRUE,FALSE,FALSE,FALSE,FALSE,FALSE,FALSE,TRUE,TRUE,TRUE,FALSE,FALSE,FALSE,FALSE,,,FALSE,FALSE,FALSE,FALSE,FALSE,FALSE,FALSE,TRUE,FALSE,"Brewer Spruce, Weeping Spruce",https://inaturalist-open-data.s3.amazonaws.com/photos/83823016/medium.jpg
PLANT-00665,picea engelmannii,Picea engelmannii,"Engelmann's Spruce, Engelmann Spruce",Arizona | California | Colorado | Idaho | Montana | Nevada | New Mexico | Oregon | Texas | Utah | Washington | Wyoming,Needled evergreen,Full sun,Medium,Low,2,5,Non-flowering,Non-flowering,PIEN,Pinaceae,Tree,,Up to about 200 feet tall.,Yellow,"Apr , May",Medium,"Sun , Part Shade",Moist,,"Moist, rich, loamy soils.",,yes,Seeds of most Picea species germinate promptly without pretreatment. Cuttings root in low percentages.,TRUE,TRUE,FALSE,FALSE,TRUE,FALSE,FALSE,FALSE,FALSE,TRUE,TRUE,FALSE,FALSE,FALSE,FALSE,FALSE,FALSE,FALSE,,,FALSE,FALSE,FALSE,FALSE,FALSE,FALSE,FALSE,TRUE,FALSE,"Engelmann's Spruce, Engelmann Spruce",https://inaturalist-open-data.s3.amazonaws.com/photos/45245918/medium.jpeg
PLANT-00666,picea glauca,Picea glauca,White Spruce,Maine | Michigan | Minnesota | Montana | New Hampshire | New York | South Dakota,Needled evergreen,Full sun,Medium,Low,2,6,Non-flowering,Non-flowering,PIGL,Pinaceae,Tree,Perennial,Up to about 100 feet tall.,"Red , Yellow","Apr , May",Medium,"Sun , Part Shade , Shade","Dry , Moist",Circumneutral (pH 6.8-7.2),"Moist loam or alluvium, though tolerant of many soil types.","Twigs, leaves and seeds are important wildlife food. Very valuable as nesting sites for birds.",yes,Propagate by seeds or cuttings taken in late July.,TRUE,TRUE,TRUE,FALSE,TRUE,FALSE,FALSE,FALSE,FALSE,TRUE,TRUE,FALSE,FALSE,FALSE,FALSE,FALSE,FALSE,FALSE,,,FALSE,FALSE,FALSE,FALSE,FALSE,FALSE,FALSE,TRUE,FALSE,White Spruce,https://inaturalist-open-data.s3.amazonaws.com/photos/10737093/medium.jpeg
PLANT-00667,picea pungens,Picea pungens,"Blue Spruce, Colorado Spruce",Arizona | Colorado | Idaho | Utah | Wyoming,Needled evergreen,Full sun,Medium,Low,2,7,Non-flowering,Non-flowering,PIPU,Pinaceae,Tree,Perennial,Up to about 150 feet tall.,Yellow,"Apr , May",Medium,Part Shade,Moist,Acidic (pH<6.8),"Moist, rich soils.",,yes,Propagate by seed.,FALSE,TRUE,FALSE,FALSE,TRUE,FALSE,FALSE,FALSE,FALSE,TRUE,TRUE,FALSE,FALSE,FALSE,FALSE,FALSE,FALSE,FALSE,,,FALSE,FALSE,FALSE,FALSE,FALSE,FALSE,FALSE,TRUE,FALSE,"Blue Spruce, Colorado Spruce",https://inaturalist-open-data.s3.amazonaws.com/photos/389275799/medium.jpeg
PLANT-00668,pinguicula caerulea,Pinguicula caerulea,"Blue Butterwort, Blueflower Butterwort, Violet Butterwort",Florida | Georgia | North Carolina | South Carolina,Herbaceous perennial,Full sun,Medium to wet,Medium,8,9,May,June,PICA7,Lentibulariaceae,Herb,Perennial,Up to about 18 inches tall when flowering.,"White , Pink , Blue , Purple","Jan , Feb , Mar , Apr , May , Jun , Jul",,,,,,,,,FALSE,FALSE,FALSE,FALSE,FALSE,FALSE,TRUE,TRUE,TRUE,TRUE,TRUE,TRUE,TRUE,FALSE,FALSE,FALSE,FALSE,FALSE,,,FALSE,FALSE,FALSE,FALSE,FALSE,FALSE,FALSE,TRUE,FALSE,"Blue Butterwort, Blueflower Butterwort, Violet Butterwort",https://inaturalist-open-data.s3.amazonaws.com/photos/2164572/medium.jpg
PLANT-00669,pinus banksiana,Pinus banksiana,"Jack Pine, Gray Pine, Scrub Pine",Indiana | Maine | Michigan | Minnesota | New Hampshire | New York | Wisconsin,Needled evergreen,Full sun,Medium,Low,2,6,Non-flowering,Non-flowering,PIBA2,Pinaceae,Tree,Perennial,Up to about 75 feet.,"Red , Yellow","Apr , May",Low,Sun,Dry,Acidic (pH<6.8),"Sandy, acid sands.","Useful to songbirds, game birds, and many mammals.",yes,"Seeds have no dormancy, or only a slight one, and will germinate immediately upon collection after a light stratification.",TRUE,FALSE,FALSE,TRUE,FALSE,FALSE,FALSE,FALSE,FALSE,TRUE,TRUE,FALSE,FALSE,FALSE,FALSE,FALSE,FALSE,FALSE,,,FALSE,FALSE,FALSE,FALSE,FALSE,FALSE,FALSE,TRUE,FALSE,"Jack Pine, Gray Pine, Scrub Pine",
PLANT-00670,pinus echinata,Pinus echinata,"Shortleaf Pine, Shortleaf Yellow Pine, Southern Yellow Pine, Yellow Pine, Shortstraw Pine, Arkansas Pine, Longtag Pine, Spruce Pine, Oldfield Pine, Arkansas Soft Pine",Alabama | Arkansas | Delaware | Florida | Georgia | Illinois | Kentucky | Louisiana | Maryland | Mississippi | Missouri | New Jersey | New York | North Carolina | Ohio | Oklahoma | Pennsylvania | South Carolina | Tennessee | Texas | Virginia | West Virginia,Needled evergreen,Full sun,Dry to medium,Low,6,9,Non-flowering,Non-flowering,PIEC2,Pinaceae,Tree,Perennial,Up to about 130 feet tall.,Yellow,"Feb , Mar",Medium,Part Shade,Dry,,"Dry, sandy soils. Acid-based, Sandy, Sandy Loam, Medium Loam","Cover, Nesting site, Seeds-Small mammals, granivorous birds.",yes,"Sow fresh, untreated seed in late fall.",FALSE,TRUE,FALSE,FALSE,TRUE,FALSE,FALSE,TRUE,TRUE,FALSE,FALSE,FALSE,FALSE,FALSE,FALSE,FALSE,FALSE,FALSE,,,FALSE,FALSE,FALSE,FALSE,FALSE,FALSE,FALSE,TRUE,FALSE,"Shortleaf Pine, Shortleaf Yellow Pine, Southern Yellow Pine, Yellow Pine, Shortstraw Pine, Arkansas Pine, Longtag Pine, Spruce Pine, Oldfield Pine, Arkansas Soft Pine",https://inaturalist-open-data.s3.amazonaws.com/photos/2903118/medium.JPG
PLANT-00671,pinus flexilis,Pinus flexilis,"Limber Pine, Pino Enano",Arizona | California | Colorado | Idaho | Montana | Nevada | New Mexico,Needled evergreen,Full sun,Medium,Low,4,7,Non-flowering,Non-flowering,PIFL2,Pinaceae,Tree,Perennial,Up to about 85 feet tall.,"Red , Green , Purple","Jun , Jul , Aug",Low,"Sun , Part Shade","Dry , Moist",Acidic (pH<6.8),"Well-drained, rocky soils.",,yes,Use stratified seed.,TRUE,TRUE,FALSE,TRUE,FALSE,FALSE,FALSE,FALSE,FALSE,FALSE,FALSE,TRUE,TRUE,TRUE,FALSE,FALSE,FALSE,FALSE,,,FALSE,FALSE,FALSE,FALSE,FALSE,FALSE,FALSE,TRUE,FALSE,"Limber Pine, Pino Enano",https://inaturalist-open-data.s3.amazonaws.com/photos/120066558/medium.jpeg
PLANT-00672,pinus jeffreyi,Pinus jeffreyi,Jeffrey Pine,California | Nevada | Oregon,Needled evergreen,Full sun,Dry to medium,Medium,5,7,Non-flowering,Non-flowering,PIJE,Pinaceae,Tree,,Up to about 200 feet tall.,Brown,"Apr , May",Medium,Part Shade,Dry,,"Well-drained, rocky soils.",,yes,"Sow fresh, untreated seed in late fall.",FALSE,TRUE,FALSE,FALSE,TRUE,FALSE,FALSE,FALSE,FALSE,TRUE,TRUE,FALSE,FALSE,FALSE,FALSE,FALSE,FALSE,FALSE,,,FALSE,FALSE,FALSE,FALSE,FALSE,FALSE,FALSE,TRUE,FALSE,Jeffrey Pine,https://inaturalist-open-data.s3.amazonaws.com/photos/281075604/medium.jpg
PLANT-00673,pinus ponderosa,Pinus ponderosa,"Ponderosa Pine, Western Yellow Pine, Pino Blanco",Arizona | California | Colorado | Idaho | Montana | Nebraska | Nevada | New Mexico | North Dakota | Oregon | South Dakota | Texas | Utah | Washington | Wyoming,Needled evergreen,Full sun,Medium,Low,3,7,Non-flowering,Non-flowering,PIPO,Pinaceae,Tree,Perennial,Many specimens top 150 ft. One specimen tops 258 ft. in height.,"Red , Yellow",Apr,Medium,"Sun , Part Shade , Shade","Dry , Moist",Acidic (pH<6.8),"Deep, sandy, gravelly or clay loams.",,yes,"Sow fresh, untreated seed in late fall. Seedlings have a better survival rate if planted in containers instead of directly into the field.",TRUE,TRUE,TRUE,FALSE,TRUE,FALSE,FALSE,FALSE,FALSE,TRUE,FALSE,FALSE,FALSE,FALSE,FALSE,FALSE,FALSE,FALSE,,,FALSE,FALSE,FALSE,FALSE,FALSE,FALSE,FALSE,TRUE,FALSE,"Ponderosa Pine, Western Yellow Pine, Pino Blanco",https://inaturalist-open-data.s3.amazonaws.com/photos/3790446/medium.JPG
PLANT-00674,pinus resinosa,Pinus resinosa,"Red Pine, Norway Pine, Canadian Pine",Maine | Massachusetts | Michigan | Minnesota | New Hampshire | New York | Pennsylvania | Vermont | Wisconsin,Needled evergreen,Full sun,Medium,Low,2,5,Non-flowering,Non-flowering,PIRE,Pinaceae,Tree,Perennial,Up to about 125 feet tall.,"Red , Brown","Mar , Apr , May",Low,Sun,"Dry , Moist",Acidic (pH<6.8),"Sandy or gravelly, acid soils.","Attracts songbirds, upland game birds, mammals.",yes,Seeds have no dormancy and will germinate immediately upon sowing.,TRUE,FALSE,FALSE,TRUE,FALSE,FALSE,FALSE,FALSE,TRUE,TRUE,TRUE,FALSE,FALSE,FALSE,FALSE,FALSE,FALSE,FALSE,,,FALSE,FALSE,FALSE,FALSE,FALSE,FALSE,FALSE,TRUE,FALSE,"Red Pine, Norway Pine, Canadian Pine",https://inaturalist-open-data.s3.amazonaws.com/photos/4013782/medium.jpg
PLANT-00675,pinus strobus,Pinus strobus,"Eastern White Pine, Weymouth Pine",Connecticut | Delaware | Georgia | Illinois | Indiana | Iowa | Kentucky | Maine | Maryland | Massachusetts | Michigan | Minnesota | New Hampshire | New Jersey | New York | North Carolina | Ohio | Pennsylvania | Rhode Island | South Carolina | Tennessee | Vermont | Virginia | West Virginia | Wisconsin,Needled evergreen,Full sun to part shade,Medium,Low,3,8,Non-flowering,Non-flowering,PIST,Pinaceae,Tree,Perennial,Up to about 200 feet tall. Trunk diameter up to about 6 feet.,"Red , Pink , Yellow , Green , Brown","Apr , May",Medium,"Sun , Part Shade , Shade","Dry , Moist",Acidic (pH<6.8),"Fertile, moist, well-drained soils.",Attracts birds and mammals for food and shelter.,yes,Sow stratified seed outside in fall. It will be several years before the seedlings show any rapid growth.,TRUE,TRUE,TRUE,FALSE,TRUE,FALSE,FALSE,FALSE,FALSE,TRUE,TRUE,FALSE,FALSE,FALSE,FALSE,FALSE,FALSE,FALSE,,,FALSE,FALSE,FALSE,FALSE,FALSE,FALSE,FALSE,TRUE,FALSE,"Eastern White Pine, Weymouth Pine",https://inaturalist-open-data.s3.amazonaws.com/photos/638440764/medium.jpg
PLANT-00676,pinus taeda,Pinus taeda,"Loblolly Pine, Oldfield Pine, Bull Pine, Rosemary Pine",Alabama | Arkansas | Delaware | Florida | Georgia | Kentucky | Louisiana | Maryland | Mississippi | North Carolina | Oklahoma | South Carolina | Tennessee | Texas | Virginia,Needled evergreen,Full sun,Medium to wet,Low,6,9,Non-flowering,Non-flowering,PITA,Pinaceae,Tree,Perennial,Up to about 150 feet tall.,"Yellow , Brown","Feb , Mar",High,Part Shade,Dry,,"Adaptable, but prefers moist, sandy soils. Sandy, Sandy Loam Acid-based, Medium Loam","Nesting site, Cover, Seeds-Small mammals, Seeds-granivorous birds.",yes,"Sow fresh, untreated seed in late fall.",FALSE,TRUE,FALSE,FALSE,FALSE,TRUE,FALSE,TRUE,TRUE,FALSE,FALSE,FALSE,FALSE,FALSE,FALSE,FALSE,FALSE,FALSE,,,FALSE,FALSE,FALSE,FALSE,FALSE,FALSE,FALSE,TRUE,FALSE,"Loblolly Pine, Oldfield Pine, Bull Pine, Rosemary Pine",https://inaturalist-open-data.s3.amazonaws.com/photos/102085356/medium.jpeg
PLANT-00677,pistia stratiotes,Pistia stratiotes,Water Lettuce,Florida | Louisiana | Mississippi | Texas,Herbaceous perennial,Full sun to part shade,Wet,High,8,10,June,September,PIST2,Araceae,Herb,Perennial,,White,Apr,,,,,,,,,FALSE,FALSE,FALSE,FALSE,FALSE,FALSE,FALSE,FALSE,FALSE,TRUE,FALSE,FALSE,FALSE,FALSE,FALSE,FALSE,FALSE,FALSE,,,FALSE,FALSE,FALSE,FALSE,FALSE,FALSE,FALSE,TRUE,FALSE,Water Lettuce,https://inaturalist-open-data.s3.amazonaws.com/photos/309359974/medium.jpeg
PLANT-00678,platanus occidentalis,Platanus occidentalis,"American Sycamore, Eastern Sycamore, American Plane Tree, Plane Tree, Buttonwood, Buttonball Tree",Alabama | Arkansas | Connecticut | Delaware | Florida | Georgia | Illinois | Indiana | Iowa | Kansas | Kentucky | Louisiana | Maine | Maryland | Massachusetts | Michigan | Mississippi | Missouri | Nebraska | New Hampshire | New Jersey | New York | North Carolina | Ohio | Oklahoma | Pennsylvania | Rhode Island | South Carolina | Tennessee | Texas | Vermont | Virginia | West Virginia | Wisconsin,Tree,Full sun,Medium to wet,High,4,9,April,April,PLOC,Platanaceae,Tree,Perennial,"Up to about 150 feet tall, often much shorter.","Red , Yellow , Green , Brown","Mar , Apr",High,"Sun , Part Shade , Shade",Moist,,"Moist, sandy loams or silty clays.",,yes,Seeds which over-winter on,TRUE,TRUE,TRUE,FALSE,FALSE,TRUE,FALSE,FALSE,TRUE,TRUE,FALSE,FALSE,FALSE,FALSE,FALSE,FALSE,FALSE,FALSE,,,FALSE,FALSE,FALSE,FALSE,FALSE,FALSE,FALSE,TRUE,FALSE,"American Sycamore, Eastern Sycamore, American Plane Tree, Plane Tree, Buttonwood, Buttonball Tree",https://inaturalist-open-data.s3.amazonaws.com/photos/204738082/medium.jpg
PLANT-00679,platycodon grandiflorus,Platycodon grandiflorus,balloon flower,Hawaii,Herbaceous perennial,Full sun to part shade,Medium,Low,3,8,June,August,,,,,,,,,,,,,,,,,,,,,,,,,,,,,,,,,,,,FALSE,FALSE,FALSE,FALSE,FALSE,FALSE,FALSE,FALSE,FALSE,balloon flower,https://inaturalist-open-data.s3.amazonaws.com/photos/31305123/medium.jpeg
PLANT-00680,podophyllum peltatum,Podophyllum peltatum,"Mayapple, Indian Apple, Wild Mandrake, Pomme De Mai, Podophylle Pelt",Alabama | Arkansas | Connecticut | Delaware | Florida | Georgia | Illinois | Indiana | Iowa | Kansas | Kentucky | Louisiana | Maine | Maryland | Massachusetts | Michigan | Minnesota | Mississippi | Missouri | Nebraska | New Hampshire | New Jersey | New York | North Carolina | Ohio | Oklahoma | Pennsylvania | Rhode Island | South Carolina | Tennessee | Texas | Vermont | Virginia | West Virginia | Wisconsin,Herbaceous perennial,Part shade to full shade,Medium,Medium,3,8,April,April,POPE,Berberidaceae,Herb,Perennial,Height: 12-18 inches,"White , Pink","Mar , Apr , May",Medium,"Part Shade , Shade",Moist,Acidic (pH<6.8),"Moist, humus-rich soils. Acid-based, Sandy, Sandy Loam, Medium Loam",,yes,Seeds should be planted immediately or they will need to be treated. Plant thickly. Seedlings take several years to mature. The easiest way to propagate is by root division while the plant is dormant. Divide the rhizomes in fall with at least one bud.,FALSE,TRUE,TRUE,FALSE,TRUE,FALSE,FALSE,FALSE,TRUE,TRUE,TRUE,FALSE,FALSE,FALSE,FALSE,FALSE,FALSE,FALSE,,,FALSE,FALSE,FALSE,FALSE,FALSE,FALSE,FALSE,TRUE,FALSE,"Mayapple, Indian Apple, Wild Mandrake, Pomme De Mai, Podophylle Pelt",https://inaturalist-open-data.s3.amazonaws.com/photos/35674124/medium.jpg
PLANT-00681,pogonia ophioglossoides,Pogonia ophioglossoides,"Rose Pogonia, Snake-mouth Orchid, Beard Flower",Alabama | Arkansas | Connecticut | Delaware | Florida | Georgia | Illinois | Indiana | Iowa | Kentucky | Louisiana | Maine | Maryland | Massachusetts | Michigan | Minnesota | Mississippi | Missouri | New Hampshire | New Jersey | New York | North Carolina | North Dakota | Ohio | Oklahoma | Pennsylvania | Rhode Island | South Carolina | Tennessee | Texas | Vermont | Virginia | West Virginia | Wisconsin,Herbaceous perennial,Full sun to part shade,Medium to wet,High,3,8,June,August,POOP,Orchidaceae,Herb,Perennial,Up to about 2 feet tall.,"White , Pink , Yellow , Purple","Mar , Apr , May , Jun , Jul , Aug",,Sun,"Moist , Wet",,,,,,TRUE,FALSE,FALSE,FALSE,FALSE,FALSE,FALSE,FALSE,TRUE,TRUE,TRUE,TRUE,TRUE,TRUE,FALSE,FALSE,FALSE,FALSE,,,FALSE,FALSE,FALSE,FALSE,FALSE,FALSE,FALSE,TRUE,FALSE,"Rose Pogonia, Snake-mouth Orchid, Beard Flower",https://inaturalist-open-data.s3.amazonaws.com/photos/523530720/medium.jpg
PLANT-00682,polemonium reptans,Polemonium reptans,"Greek Valerian, Jacob's Ladder",Alabama | Arkansas | Delaware | Georgia | Illinois | Indiana | Iowa | Kansas | Kentucky | Maine | Maryland | Massachusetts | Michigan | Minnesota | Mississippi | Missouri | Nebraska | New Jersey | New York | North Carolina | Ohio | Oklahoma | Pennsylvania | Rhode Island | South Dakota | Tennessee | Virginia | West Virginia | Wisconsin,Herbaceous perennial,Full sun to part shade,Medium,Medium,3,8,April,June,PORE2,Polemoniaceae,Herb,Perennial,Up to about 20 inches tall.,"Blue , Purple","Apr , May , Jun",,Shade,Moist,Circumneutral (pH 6.8-7.2),"Moist, humus-rich soils.",,yes,Propagate by rootstock division or seed. Divide clumps in early spring or late summer. Sow seeds as they ripen or in very early spring.,FALSE,FALSE,TRUE,FALSE,FALSE,FALSE,FALSE,FALSE,FALSE,TRUE,TRUE,TRUE,FALSE,FALSE,FALSE,FALSE,FALSE,FALSE,,,FALSE,FALSE,FALSE,FALSE,FALSE,FALSE,FALSE,TRUE,FALSE,"Greek Valerian, Jacob's Ladder",https://inaturalist-open-data.s3.amazonaws.com/photos/23272/medium.jpg
PLANT-00683,polygonatum biflorum,Polygonatum biflorum,"Smooth Solomon's Seal, Great Solomon's-seal, Sealwort",Alabama | Arizona | Arkansas | Connecticut | Delaware | Florida | Georgia | Illinois | Indiana | Iowa | Kansas | Kentucky | Louisiana | Maine | Maryland | Michigan | Minnesota | Mississippi | Missouri | Nebraska | New Hampshire | New Jersey | New Mexico | New York | North Carolina | North Dakota | Ohio | Oklahoma | Pennsylvania | Rhode Island | South Carolina | South Dakota | Tennessee | Texas | Vermont | Virginia | West Virginia | Wisconsin | Wyoming,Herbaceous perennial,Part shade to full shade,Medium to wet,Low,3,8,April,May,POBI2,Liliaceae,Herb,Perennial,"Usually 2 feet tall, but occasionally exceeds 3 feet.","White , Yellow , Green , Brown","Mar , Apr , May , Jun",Medium,"Part Shade , Shade","Dry , Moist",Acidic (pH<6.8),"Moist, rich, acid soils, though also occurs in calcareous areas. Prefers high humus. Sandy, Sandy Loam, Medium Loam, Clay Loam, Clay.",Roots consumed by mammals. Fruits attract birds.,yes,Plant seeds immediately or treatment will be necessary.,FALSE,TRUE,TRUE,FALSE,TRUE,FALSE,FALSE,FALSE,TRUE,TRUE,TRUE,TRUE,FALSE,FALSE,FALSE,FALSE,FALSE,FALSE,,,FALSE,FALSE,FALSE,FALSE,FALSE,FALSE,FALSE,TRUE,FALSE,"Smooth Solomon's Seal, Great Solomon's-seal, Sealwort",https://static.inaturalist.org/photos/38749166/medium.jpg
PLANT-00684,polygonatum biflorum var. commutatum,Polygonatum biflorum var. commutatum,"Great Solomon's Seal, Giant Solomon's Seal",Alabama | Arizona | Arkansas | Connecticut | Delaware | Florida | Georgia | Illinois | Indiana | Iowa | Kansas | Kentucky | Louisiana | Maine | Maryland | Massachusetts | Michigan | Minnesota | Mississippi | Missouri | Nebraska | New Hampshire | New Jersey | New Mexico | New York | North Carolina | North Dakota | Ohio | Oklahoma | Pennsylvania | Rhode Island | South Carolina | South Dakota | Tennessee | Texas | Vermont | Virginia | West Virginia | Wisconsin | Wyoming,Herbaceous perennial,Part shade to full shade,Medium to wet,Low,3,7,May,June,POBIC,Liliaceae,Herb,Perennial,Up to about 7 feet tall.,"White , Yellow","Mar , Apr , May , Jun",,,,,,,,,FALSE,FALSE,FALSE,FALSE,FALSE,FALSE,FALSE,FALSE,TRUE,TRUE,TRUE,TRUE,FALSE,FALSE,FALSE,FALSE,FALSE,FALSE,,,FALSE,FALSE,FALSE,FALSE,FALSE,FALSE,FALSE,TRUE,FALSE,"Great Solomon's Seal, Giant Solomon's Seal",
PLANT-00685,polymnia canadensis,Polymnia canadensis,Whiteflower Leafcup,Alabama | Arkansas | Connecticut | Georgia | Illinois | Indiana | Iowa | Kansas | Kentucky | Maryland | Michigan | Minnesota | Missouri | New York | North Carolina | Ohio | Oklahoma | Pennsylvania | Tennessee | Vermont | Virginia | West Virginia | Wisconsin,Herbaceous perennial,Part shade,Medium,Low,4,7,July,October,POCA11,Asteraceae,Herb,Perennial,Up to about 5 feet tall.,"White , Yellow","May , Jun , Jul , Aug , Sep , Oct",,,,,,,,,FALSE,FALSE,FALSE,FALSE,FALSE,FALSE,FALSE,FALSE,FALSE,FALSE,TRUE,TRUE,TRUE,TRUE,TRUE,TRUE,FALSE,FALSE,,,FALSE,FALSE,FALSE,FALSE,FALSE,FALSE,FALSE,TRUE,FALSE,Whiteflower Leafcup,https://static.inaturalist.org/photos/95847304/medium.jpeg
PLANT-00686,polypodium virginianum,Polypodium virginianum,Rock Polypody,Alabama | Alaska | Arkansas | Connecticut | Delaware | Georgia | Illinois | Indiana | Iowa | Kentucky | Maine | Maryland | Massachusetts | Michigan | Minnesota | Missouri | New Hampshire | New Jersey | New York | North Carolina | Ohio | Pennsylvania | Rhode Island | South Carolina | South Dakota | Tennessee | Vermont | Virginia | West Virginia | Wisconsin,Fern,Part shade to full shade,Medium,Low,3,8,Non-flowering,Non-flowering,POVI7,Polypodiaceae,Herb,Perennial,,Not Applicable,,,"Part Shade , Shade",Dry,"Acidic (pH<6.8) , Circumneutral (pH 6.8-7.2)",Will only tolerate moist soil with good drainage.,,,,FALSE,TRUE,TRUE,FALSE,FALSE,FALSE,FALSE,FALSE,FALSE,FALSE,FALSE,FALSE,FALSE,FALSE,FALSE,FALSE,FALSE,FALSE,,,FALSE,FALSE,FALSE,FALSE,FALSE,FALSE,FALSE,TRUE,FALSE,Rock Polypody,https://inaturalist-open-data.s3.amazonaws.com/photos/19678/medium.jpg
PLANT-00687,polystichum acrostichoides,Polystichum acrostichoides,Christmas Fern,Alabama | Arkansas | Connecticut | Delaware | Florida | Georgia | Illinois | Indiana | Iowa | Kansas | Kentucky | Louisiana | Maine | Maryland | Massachusetts | Michigan | Minnesota | Mississippi | Missouri | New Hampshire | New Jersey | New York | North Carolina | Ohio | Oklahoma | Pennsylvania | Rhode Island | South Carolina | Tennessee | Texas | Vermont | Virginia | West Virginia | Wisconsin,Fern,Part shade to full shade,Dry to medium,Low,3,9,Non-flowering,Non-flowering,POAC4,Dryopteridaceae,Fern,Perennial,"Normally 1.5 to 2 feet, occasionally 3 feet tall.",Not Applicable,,Medium,"Part Shade , Shade",Moist,Acidic (pH<6.8),"Moist, acid, humus-rich soils. Sandy, Sandy Loam, Medium Loam, Acid-based. Best in rocky or sandy soils.",Attracts Ruffed Grouse,yes,Multiplied by division or spores.,FALSE,TRUE,TRUE,FALSE,TRUE,FALSE,FALSE,FALSE,FALSE,FALSE,FALSE,FALSE,FALSE,FALSE,FALSE,FALSE,FALSE,FALSE,,,FALSE,FALSE,FALSE,FALSE,FALSE,FALSE,FALSE,TRUE,FALSE,Christmas Fern,https://inaturalist-open-data.s3.amazonaws.com/photos/657065592/medium.jpg
PLANT-00688,polystichum braunii,Polystichum braunii,Braun's Holly Fern,Alaska | Connecticut | Idaho | Maine | Massachusetts | Michigan | Minnesota | New Hampshire | New York | Pennsylvania | Vermont | Wisconsin,Fern,Part shade to full shade,Medium,Low,3,8,Non-flowering,Non-flowering,POBR4,Dryopteridaceae,Herb,,Fronds up to about 3 feet long.,Not Applicable,,,,,,,,,,FALSE,FALSE,FALSE,FALSE,FALSE,FALSE,FALSE,FALSE,FALSE,FALSE,FALSE,FALSE,FALSE,FALSE,FALSE,FALSE,FALSE,FALSE,,,FALSE,FALSE,FALSE,FALSE,FALSE,FALSE,FALSE,TRUE,FALSE,Braun's Holly Fern,https://inaturalist-open-data.s3.amazonaws.com/photos/542360495/medium.jpg
PLANT-00689,pontederia cordata,Pontederia cordata,"Pickerelweed, Pickerel Rush",Alabama | Arkansas | Connecticut | Delaware | Florida | Georgia | Illinois | Indiana | Iowa | Kansas | Kentucky | Louisiana | Maine | Maryland | Massachusetts | Michigan | Minnesota | Mississippi | Missouri | Nebraska | New Hampshire | New Jersey | New York | North Carolina | Ohio | Oklahoma | Pennsylvania | Rhode Island | South Carolina | South Dakota | Tennessee | Texas | Vermont | West Virginia | Wisconsin,Herbaceous perennial,Full sun,Wet,Medium,3,10,June,October,POCO14,Pontederiaceae,Herb,Perennial,Up to about 4 feet tall.,"Blue , Purple","Mar , Apr , May , Jun , Jul , Aug , Sep , Oct , Nov",High,"Sun , Part Shade","Moist , Wet",,"Sandy, Sandy Loam, Medium Loam, Clay, Clay Loam, Mud",Seeds eaten by waterfowl. Attracts dragonflies.,yes,,TRUE,TRUE,FALSE,FALSE,FALSE,TRUE,FALSE,FALSE,TRUE,TRUE,TRUE,TRUE,TRUE,TRUE,TRUE,TRUE,TRUE,FALSE,,,FALSE,FALSE,FALSE,FALSE,FALSE,FALSE,FALSE,TRUE,FALSE,"Pickerelweed, Pickerel Rush",https://static.inaturalist.org/photos/20738067/medium.jpg
PLANT-00690,populus deltoides,Populus deltoides,"Eastern Cottonwood, Carolina Poplar, Necklace Poplar, Alamo",Alabama | Arkansas | Connecticut | Delaware | Florida | Georgia | Illinois | Indiana | Iowa | Kentucky | Louisiana | Maine | Maryland | Massachusetts | Michigan | Mississippi | Missouri | New Hampshire | New Jersey | New York | North Carolina | Ohio | Oklahoma | Pennsylvania | Rhode Island | South Carolina | Tennessee | Texas | Vermont | Virginia | West Virginia,Tree,Full sun,Medium to wet,Medium,2,9,March,April,PODE3,Salicaceae,Tree,Perennial,"Up to about 180 feet tall, often much shorter.",Yellow,"Feb , Mar , Apr",High,"Sun , Part Shade , Shade","Dry , Moist , Wet",Circumneutral (pH 6.8-7.2),"Moist soils. Sandy, Sandy Loam, Medium Loam, Clay Loam, Clay","Seeds-granivorous birds, Nesting material, Browse.",yes,,TRUE,TRUE,TRUE,FALSE,FALSE,TRUE,FALSE,TRUE,TRUE,TRUE,FALSE,FALSE,FALSE,FALSE,FALSE,FALSE,FALSE,FALSE,,,FALSE,FALSE,FALSE,FALSE,FALSE,FALSE,FALSE,TRUE,FALSE,"Eastern Cottonwood, Carolina Poplar, Necklace Poplar, Alamo",https://inaturalist-open-data.s3.amazonaws.com/photos/4350/medium.jpg
PLANT-00691,populus tremuloides,Populus tremuloides,"Quaking Aspen, Golden Aspen, Trembling Aspen, Mountain Aspen, Aspen, Trembling Poplar, Alamo Blanco",Alaska | Arizona | Arkansas | California | Colorado | Connecticut | Delaware | Idaho | Illinois | Indiana | Iowa | Maine | Maryland | Massachusetts | Michigan | Minnesota | Missouri | Montana | Nebraska | Nevada | New Hampshire | New Jersey | New Mexico | New York | North Carolina | North Dakota | Ohio | Oregon | Pennsylvania | Rhode Island | South Dakota | Texas | Utah | Vermont | Virginia | Washington | West Virginia | Wisconsin | Wyoming,Tree,Full sun,Medium,High,1,6,April,April,POTR5,Salicaceae,Tree,Perennial,"Up to about 100 feet tall, often shorter. Trunk to about 3 feet in diameter","Yellow , Green , Brown","Mar , Apr , May , Jun",High,"Sun , Part Shade , Shade","Dry , Moist , Wet",,"Igneous, Limestone-based, Sandy, Sandy Loam, Medium Loam, Caliche type, Shallow, moist, rocky , sandy to fine clay soils.","Aspens are host to a wide array of birds, mammals, and butterflies. Seeds-granivorous birds, Browse",yes,"Easy to propagate from suckers or cuttings, though when available, fresh seeds germinate readily in high percentages. Fresh seed is viable only a few days. Seeds should not be covered and seedbed should be kept saturated the first month.",TRUE,TRUE,TRUE,FALSE,FALSE,TRUE,FALSE,FALSE,TRUE,TRUE,TRUE,TRUE,FALSE,FALSE,FALSE,FALSE,FALSE,FALSE,,,FALSE,FALSE,FALSE,FALSE,FALSE,FALSE,FALSE,TRUE,FALSE,"Quaking Aspen, Golden Aspen, Trembling Aspen, Mountain Aspen, Aspen, Trembling Poplar, Alamo Blanco",https://inaturalist-open-data.s3.amazonaws.com/photos/706118724/medium.jpg
PLANT-00692,porteranthus trifoliatus,Porteranthus trifoliatus,Indian physic,Alabama | Arkansas | Delaware | Georgia | Illinois | Kentucky | Maryland | Massachusetts | Michigan | Missouri | New Jersey | New York | North Carolina | Ohio | Pennsylvania | Rhode Island | South Carolina | Tennessee | Virginia | West Virginia,Herbaceous perennial,Full sun to part shade,Medium,Low,4,8,May,July,,,,,,,,,,,,,,,,,,,,,,,,,,,,,,,,,,,,FALSE,FALSE,FALSE,FALSE,FALSE,FALSE,FALSE,FALSE,FALSE,Indian physic,https://inaturalist-open-data.s3.amazonaws.com/photos/869373/medium.jpg
PLANT-00693,portulaca oleracea,Portulaca oleracea,little hogweed,Alabama | Alaska | Arizona | Arkansas | California | Colorado | Connecticut | Delaware | Florida | Georgia | Idaho | Illinois | Indiana | Iowa | Kansas | Kentucky | Louisiana | Maine | Maryland | Massachusetts | Michigan | Minnesota | Mississippi | Missouri | Montana | Nebraska | Nevada | New Hampshire | New Jersey | New Mexico | New York | North Carolina | North Dakota | Ohio | Oklahoma | Oregon | Pennsylvania | Rhode Island | South Carolina | South Dakota | Tennessee | Texas | Utah | Vermont | Virginia | Washington | West Virginia | Wisconsin | Wyoming,Annual,Full sun,Dry to medium,Low,2,11,June,To frost,,,,,,,,,,,,,,,,,,,,,,,,,,,,,,,,,,,,FALSE,FALSE,FALSE,FALSE,FALSE,FALSE,FALSE,FALSE,FALSE,little hogweed,https://inaturalist-open-data.s3.amazonaws.com/photos/157729445/medium.jpeg
PLANT-00694,potentilla fruticosa,Potentilla fruticosa,shrubby cinquefoil,Alaska | Arizona | California | Colorado | Connecticut | Illinois | Indiana | Iowa | Maine | Massachusetts | Michigan | Minnesota | Montana | Nevada | New Hampshire | New Jersey | New Mexico | New York | North Carolina | North Dakota | Ohio | Oregon | Pennsylvania | South Dakota | Utah | Vermont | Washington | Wisconsin | Wyoming,Deciduous shrub,Full sun to part shade,Medium,Low,3,7,June,September,,,,,,,,,,,,,,,,,,,,,,,,,,,,,,,,,,,,FALSE,FALSE,FALSE,FALSE,FALSE,FALSE,FALSE,FALSE,FALSE,shrubby cinquefoil,https://inaturalist-open-data.s3.amazonaws.com/photos/302097709/medium.jpeg
PLANT-00695,potentilla gracilis,Potentilla gracilis,Slender Cinquefoil,Alaska | California | Minnesota | Montana | New Hampshire | Oregon | Washington,Herbaceous perennial,Full sun,Medium,Low,3,7,June,July,POGR9,Rosaceae,Herb,Perennial,Up to about 4 feet tall.,Yellow,"Jun , Jul , Aug",Low,Sun,,,,,,,TRUE,FALSE,FALSE,TRUE,FALSE,FALSE,FALSE,FALSE,FALSE,FALSE,FALSE,TRUE,TRUE,TRUE,FALSE,FALSE,FALSE,FALSE,Bee | Beetle | Fly | Wasp,350,TRUE,FALSE,FALSE,TRUE,TRUE,TRUE,FALSE,TRUE,TRUE,Slender Cinquefoil,https://inaturalist-open-data.s3.amazonaws.com/photos/8401365/medium.jpeg
PLANT-00696,prunella grandiflora,Prunella grandiflora,self heal,Georgia,Herbaceous perennial,Full sun to part shade,Medium,Medium,4,8,June,August,,,,,,,,,,,,,,,,,,,,,,,,,,,,,,,,,,,,FALSE,FALSE,FALSE,FALSE,FALSE,FALSE,FALSE,FALSE,FALSE,self heal,https://inaturalist-open-data.s3.amazonaws.com/photos/107085903/medium.jpeg
PLANT-00697,prunus americana,Prunus americana,"American Plum, Wild Plum",Alabama | Arizona | Arkansas | Colorado | Connecticut | Delaware | Florida | Georgia | Illinois | Indiana | Iowa | Kansas | Kentucky | Louisiana | Maine | Maryland | Massachusetts | Michigan | Minnesota | Mississippi | Missouri | Montana | Nebraska | New Hampshire | New Jersey | New Mexico | New York | North Carolina | North Dakota | Ohio | Oklahoma | Pennsylvania | Rhode Island | South Carolina | South Dakota | Tennessee | Utah | Vermont | Virginia | Washington | West Virginia | Wisconsin | Wyoming,Tree,Full sun to part shade,Dry to medium,Low,3,8,March,March,PRAM,Rosaceae,Tree,Perennial,Up to about 35 feet tall.,White,"Apr , May , Jun",Medium,"Sun , Part Shade , Shade",Moist,Circumneutral (pH 6.8-7.2),"Moist, rich, well-drained loams.","Plums are not a choice food for wildlife, but the plants provide valuable nesting cover and are a host to many butterflies.",yes,"Prunus species may be rooted from dormant hardwood, softwood, semi-hardwood, or root cuttings. Semi-hardwood and softwood cuttings taken in summer root easiest. Germination of most seeds requires cold stratification. Some species need a period of after",TRUE,TRUE,TRUE,FALSE,TRUE,FALSE,FALSE,FALSE,FALSE,TRUE,TRUE,TRUE,FALSE,FALSE,FALSE,FALSE,FALSE,FALSE,,,FALSE,FALSE,FALSE,FALSE,FALSE,FALSE,FALSE,TRUE,FALSE,"American Plum, Wild Plum",https://static.inaturalist.org/photos/6553272/medium.jpg
PLANT-00698,prunus angustifolia,Prunus angustifolia,"Chickasaw Plum, Sandhill Plum",Alabama | Arkansas | Colorado | Florida | Georgia | Illinois | Indiana | Kansas | Kentucky | Louisiana | Maryland | Mississippi | Missouri | Nebraska | New Jersey | North Carolina | Oklahoma | Pennsylvania | South Carolina | Tennessee | Texas | Virginia | West Virginia,Deciduous shrub,Full sun to part shade,Medium,Low,5,9,March,March,PRAN3,Rosaceae,Tree,Perennial,"Usually up to about 15 feet tall, sometimes taller.",White,"Feb , Mar , Apr , May","Low , Medium","Sun , Part Shade",Dry,,"Sandy, loose",Birds and mammals eat the fruit. Various insects visit the flowers. Provides cover and nesting sites for wildlife.,yes,"Prunus species may be rooted from dormant hardwood, softwood, semi-hardwood, or root cuttings. Semi-hardwood and softwood cuttings taken in summer root easiest. Germination of most seeds requires cold stratification.",TRUE,TRUE,FALSE,TRUE,TRUE,FALSE,FALSE,TRUE,TRUE,TRUE,TRUE,FALSE,FALSE,FALSE,FALSE,FALSE,FALSE,FALSE,,,FALSE,FALSE,FALSE,FALSE,FALSE,FALSE,FALSE,TRUE,FALSE,"Chickasaw Plum, Sandhill Plum",https://static.inaturalist.org/photos/115808401/medium.jpg
PLANT-00699,prunus caroliniana,Prunus caroliniana,"Carolina Cherry-laurel, Cherry-laurel, Laurel Cherry, Carolina Laurel Cherry",Alabama | Arizona | Arkansas | California | Delaware | Florida | Georgia | Kentucky | Louisiana | Maryland | Mississippi | Nevada | New Mexico | North Carolina | South Carolina | Tennessee | Texas | Utah | Virginia,Broadleaf evergreen,Full sun to part shade,Medium,Low,7,10,February,April,PRCA,Rosaceae,Tree,Perennial,"Up to about 40 feet tall, often much shorter.",White,"Feb , Mar , Apr",Medium,"Sun , Part Shade",Moist,,"Moist, deep, loamy, well-drained soils. Clay Loam, Medium Loam, Sandy Loam, Sandy",Berries attract birds. Flowers attract bees and other insects.,yes,,TRUE,TRUE,FALSE,FALSE,TRUE,FALSE,FALSE,TRUE,TRUE,TRUE,FALSE,FALSE,FALSE,FALSE,FALSE,FALSE,FALSE,FALSE,,,FALSE,FALSE,FALSE,FALSE,FALSE,FALSE,FALSE,TRUE,FALSE,"Carolina Cherry-laurel, Cherry-laurel, Laurel Cherry, Carolina Laurel Cherry",https://inaturalist-open-data.s3.amazonaws.com/photos/195635137/medium.jpg
PLANT-00700,prunus mexicana,Prunus mexicana,"Mexican Plum, Bigtree Plum, Inch Plum",Alabama | Arkansas | Georgia | Illinois | Indiana | Iowa | Kansas | Kentucky | Louisiana | Minnesota | Mississippi | Missouri | Nebraska | North Carolina | Ohio | Oklahoma | South Carolina | South Dakota | Tennessee | Texas | Wisconsin,Tree,Full sun to part shade,Medium,Medium,6,8,April,May,PRME,Rosaceae,Tree,Perennial,"Up to about 35 feet tall, often much shorter.","White , Pink","Feb , Mar , Apr",Low,"Sun , Part Shade","Dry , Moist",,"Dry to moist, well-drained soils. Sandy, Sandy Loam, Medium Loam, Clay Loam, Clay, Limestone-based","Plums attract birds. Nectar-bees, Fruit-birds, Fruit-mammals",yes,"Prunus species may be rooted from dormant hardwood, softwood, semi-hardwood, or root cuttings. Semi-hardwood and softwood cuttings taken in summer root easiest. Seeds of P. mexicana require a period of after-ripening followed by cold stratification.",TRUE,TRUE,FALSE,TRUE,FALSE,FALSE,FALSE,TRUE,TRUE,TRUE,FALSE,FALSE,FALSE,FALSE,FALSE,FALSE,FALSE,FALSE,,,FALSE,FALSE,FALSE,FALSE,FALSE,FALSE,FALSE,TRUE,FALSE,"Mexican Plum, Bigtree Plum, Inch Plum",https://static.inaturalist.org/photos/519370/medium.jpg
PLANT-00701,prunus padus,Prunus padus,bird cherry,Alaska | Montana,Tree,Full sun to part shade,Medium,Low,3,6,April,May,,,,,,,,,,,,,,,,,,,,,,,,,,,,,,,,,,,,FALSE,FALSE,FALSE,FALSE,FALSE,FALSE,FALSE,FALSE,FALSE,bird cherry,https://inaturalist-open-data.s3.amazonaws.com/photos/11624584/medium.jpg
PLANT-00702,prunus serotina,Prunus serotina,"Black Cherry, Wild Black Cherry, Rum Cherry",Alabama | Arkansas | Connecticut | Delaware | Florida | Georgia | Illinois | Indiana | Iowa | Kansas | Kentucky | Louisiana | Maine | Maryland | Massachusetts | Michigan | Minnesota | Mississippi | Missouri | Nebraska | New Hampshire | New Jersey | New York | North Carolina | North Dakota | Ohio | Oklahoma | Pennsylvania | Rhode Island | South Carolina | Tennessee | Texas | Vermont | Virginia | West Virginia | Wisconsin,Tree,Full sun to part shade,Medium,Low,3,9,April,May,PRSE2,Rosaceae,Tree,Perennial,"Height depends on variety, with variety",White,"Mar , Apr , May , Jun",Medium,"Sun , Part Shade , Shade","Dry , Moist","Alkaline (pH>7.2) , Acidic (pH<6.8) , Circumneutral (pH 6.8-7.2)","Well-drained soils. pH preference depends on variety and region, with Eastern Black Cherry preferring neutral to acidic, Escarpment Black Cherry rich but more calcareous limestone soils, and the Southwestern varieties accepting a broad range.",,yes,"Seeds require cold stratification, with variety",TRUE,TRUE,TRUE,FALSE,TRUE,FALSE,FALSE,FALSE,TRUE,TRUE,TRUE,TRUE,FALSE,FALSE,FALSE,FALSE,FALSE,FALSE,,,FALSE,FALSE,FALSE,FALSE,FALSE,FALSE,FALSE,TRUE,FALSE,"Black Cherry, Wild Black Cherry, Rum Cherry",https://inaturalist-open-data.s3.amazonaws.com/photos/14006/medium.jpg
PLANT-00703,prunus virginiana,Prunus virginiana,"Chokecherry, Common Chokecherry, Choke Cherry",Arkansas | Connecticut | Delaware | Georgia | Illinois | Indiana | Kansas | Kentucky | Maine | Maryland | Massachusetts | Michigan | Minnesota | Missouri | Nebraska | New Hampshire | New Jersey | New York | North Carolina | North Dakota | Ohio | Oklahoma | Pennsylvania | Rhode Island | Tennessee | Vermont | Virginia | West Virginia | Wisconsin,Tree,Full sun to part shade,Dry to medium,Medium,2,7,April,May,PRVI,Rosaceae,Tree,Perennial,Up to about 30 feet tall.,White,"Apr , May , Jun , Jul",Medium,"Sun , Part Shade , Shade","Dry , Moist",Circumneutral (pH 6.8-7.2),"Rich, moist soils. Limestone-based, Sandy, Sandy Loam, Medium Loam, Clay Loam, Clay","Blue-black edible cherries, makes good jelly. Important food for wildlife in July and August.",yes,"In addition to seed, Prunus species may be rooted from dormant hardwood, softwood, semi-hardwood, or root cuttings. Semi-hardwood and softwood cuttings taken in summer root easiest. Separate suckers from parent plant in spring.",TRUE,TRUE,TRUE,FALSE,TRUE,FALSE,FALSE,FALSE,FALSE,TRUE,TRUE,TRUE,TRUE,FALSE,FALSE,FALSE,FALSE,FALSE,,,FALSE,FALSE,FALSE,FALSE,FALSE,FALSE,FALSE,TRUE,FALSE,"Chokecherry, Common Chokecherry, Choke Cherry",https://inaturalist-open-data.s3.amazonaws.com/photos/146282563/medium.jpg
PLANT-00704,pseudotsuga menziesii,Pseudotsuga menziesii,"Douglas Fir, Blue Douglas Fir",Arizona | California | Colorado | Idaho | Minnesota | Nevada | New Mexico | Oregon | Texas | Utah | Washington | Wyoming,Needled evergreen,Full sun,Medium to wet,High,4,6,Non-flowering,Non-flowering,PSME,Pinaceae,Tree,Perennial,"Up to about 300 feet tall, often much shorter.","Red , Yellow",Apr,Medium,Part Shade,Dry,,"Igneous, Limestone-based, Sandy, Sandy Loam, Moist, well-drained, neutral or slightly acid soils.",,yes,Propagates easily by seed and is easily transplanted when young. Douglas fir does not take well to propagation by cuttings.,FALSE,TRUE,FALSE,FALSE,TRUE,FALSE,FALSE,FALSE,FALSE,TRUE,FALSE,FALSE,FALSE,FALSE,FALSE,FALSE,FALSE,FALSE,,,FALSE,FALSE,FALSE,FALSE,FALSE,FALSE,FALSE,TRUE,FALSE,"Douglas Fir, Blue Douglas Fir",https://inaturalist-open-data.s3.amazonaws.com/photos/140217013/medium.jpg
PLANT-00705,ptelea trifoliata,Ptelea trifoliata,"Wafer Ash, Common Hoptree, Hop Tree",Alabama | Arizona | Arkansas | Colorado | Florida | Georgia | Illinois | Indiana | Iowa | Kansas | Kentucky | Louisiana | Maine | Maryland | Michigan | Minnesota | Mississippi | Missouri | New Jersey | New Mexico | New York | North Carolina | Ohio | Oklahoma | Pennsylvania | South Carolina | Tennessee | Texas | Utah | Virginia | West Virginia | Wisconsin,Tree,Part shade to full shade,Dry to medium,Low,4,9,June,June,PTTR,Rutaceae,Tree,Perennial,"Up to about 25 feet tall, usually shorter.","White , Green , Brown","Mar , Apr , May , Jun , Jul","Low , Medium , High","Sun , Part Shade , Shade","Dry , Moist , Wet",Circumneutral (pH 6.8-7.2),"Moist to dry, well-drained loams. Sandy, Medium Loam Sandy Loam, Clay Loam Clay, Limestone-based, Acid-based, Calcareous.",Provides food and shelter for birds and mammals. Nectar-butterflies,yes,Sow seeds directly outdoors after collection or store and stratify seeds. Softwood and semi-hardwood cuttings taken in mid-summer to late fall will root.,TRUE,TRUE,TRUE,TRUE,TRUE,TRUE,FALSE,FALSE,TRUE,TRUE,TRUE,TRUE,TRUE,FALSE,FALSE,FALSE,FALSE,FALSE,,,FALSE,FALSE,FALSE,FALSE,FALSE,FALSE,FALSE,TRUE,FALSE,"Wafer Ash, Common Hoptree, Hop Tree",https://static.inaturalist.org/photos/6941847/medium.jpeg
PLANT-00706,pteridium aquilinum,Pteridium aquilinum,"Western Bracken Fern, Bracken Fern, Western Bracken, Bracken",Missouri,Fern,Full sun,Medium,Medium,3,10,Non-flowering,Non-flowering,PTAQ,Dennstaedtiaceae,Herb,Perennial,Normally from 1 to 4 feet tall,Not Applicable,,"Low , Medium","Part Shade , Shade","Dry , Moist , Wet",Acidic (pH<6.8),"Acid clays, loams, and sands, preferably poor and sterile",Provides shelter to small animals,,Divide roots while plant is dormant.,FALSE,TRUE,TRUE,TRUE,TRUE,FALSE,FALSE,FALSE,FALSE,FALSE,FALSE,FALSE,FALSE,FALSE,FALSE,FALSE,FALSE,FALSE,,,FALSE,FALSE,FALSE,FALSE,FALSE,FALSE,FALSE,TRUE,FALSE,"Western Bracken Fern, Bracken Fern, Western Bracken, Bracken",https://inaturalist-open-data.s3.amazonaws.com/photos/64559686/medium.jpg
PLANT-00707,pycnanthemum incanum,Pycnanthemum incanum,"Hoary Mountain Mint, Silverleaf Mountain Mint",Alabama | Connecticut | Delaware | Florida | Georgia | Illinois | Indiana | Kentucky | Maryland | Massachusetts | Michigan | Mississippi | New Hampshire | New Jersey | New York | North Carolina | Ohio | Pennsylvania | Rhode Island | South Carolina | Tennessee | Vermont | Virginia | West Virginia,Herbaceous perennial,Full sun to part shade,Dry to medium,Low,4,8,July,September,PYIN,Lamiaceae,Herb,Perennial,Up to about 6 feet tall.,"White , Purple","Jun , Jul","Low , Medium","Sun , Part Shade","Dry , Moist",Acidic (pH<6.8),"Mesic to dry, rich soils.",,yes,"Best propagated by cuttings or divisions. Tip cuttings are easy and reliable, taken in June. To make divisions, lift the clump in late fall or early spring and use pruning shears to divide the shallow root system. Seeds are so tiny it is best to plant",TRUE,TRUE,FALSE,TRUE,TRUE,FALSE,FALSE,FALSE,FALSE,FALSE,FALSE,TRUE,TRUE,FALSE,FALSE,FALSE,FALSE,FALSE,,,FALSE,FALSE,FALSE,FALSE,FALSE,FALSE,FALSE,TRUE,FALSE,"Hoary Mountain Mint, Silverleaf Mountain Mint",https://inaturalist-open-data.s3.amazonaws.com/photos/248768/medium.jpg
PLANT-00708,pycnanthemum muticum,Pycnanthemum muticum,Clustered Mountainmint,Alabama | Arkansas | Connecticut | Delaware | Florida | Georgia | Illinois | Kentucky | Louisiana | Maine | Maryland | Massachusetts | Michigan | Mississippi | Missouri | New Hampshire | New Jersey | New York | North Carolina | Ohio | Pennsylvania | Rhode Island | South Carolina | Tennessee | Texas | Vermont | Virginia | West Virginia,Herbaceous perennial,Full sun to part shade,Medium,Low,4,8,July,September,PYMU,Lamiaceae,Herb,Perennial,Up to about 3 feet tall.,"White , Red , Pink , Blue , Purple","Jul , Aug , Sep",,,,,,,,,FALSE,FALSE,FALSE,FALSE,FALSE,FALSE,FALSE,FALSE,FALSE,FALSE,FALSE,FALSE,TRUE,TRUE,TRUE,FALSE,FALSE,FALSE,,,FALSE,FALSE,FALSE,FALSE,FALSE,FALSE,FALSE,TRUE,FALSE,Clustered Mountainmint,https://static.inaturalist.org/photos/47735589/medium.jpg
PLANT-00709,pycnanthemum pilosum,Pycnanthemum pilosum,American mountain mint,Alabama | Arkansas | Connecticut | Georgia | Illinois | Iowa | Kansas | Kentucky | Michigan | Missouri | Nebraska | Ohio | Oklahoma | Tennessee | Texas,Herbaceous perennial,Full sun to part shade,Dry to medium,Low,4,8,July,September,,,,,,,,,,,,,,,,,,,,,,,,,,,,,,,,,,,,FALSE,FALSE,FALSE,FALSE,FALSE,FALSE,FALSE,FALSE,FALSE,American mountain mint,
PLANT-00710,pycnanthemum setosum,Pycnanthemum setosum,mountain mint,Delaware | Florida | Georgia | Louisiana | Maryland | New Jersey | North Carolina | Virginia,Herbaceous perennial,Full sun,Medium,Low,5,9,August,September,,,,,,,,,,,,,,,,,,,,,,,,,,,,,,,,,,,,FALSE,FALSE,FALSE,FALSE,FALSE,FALSE,FALSE,FALSE,FALSE,mountain mint,https://inaturalist-open-data.s3.amazonaws.com/photos/211580788/medium.jpeg
PLANT-00711,pycnanthemum tenuifolium,Pycnanthemum tenuifolium,"Narrowleaf Mountain Mint, Slender Mountain Mint, Common Horsemint",Alabama | Arkansas | Connecticut | Delaware | Florida | Georgia | Illinois | Indiana | Iowa | Kansas | Kentucky | Louisiana | Maine | Maryland | Michigan | Minnesota | Mississippi | Missouri | Nebraska | New Hampshire | New Jersey | New York | North Carolina | Ohio | Oklahoma | Pennsylvania | Rhode Island | South Carolina | Tennessee | Texas | Vermont | Virginia | West Virginia | Wisconsin,Herbaceous perennial,Full sun to part shade,Dry to medium,Low,4,8,July,September,PYTE,Lamiaceae,Herb,Perennial,"Normally around 2 feet tall, but can reach 4 feet in rich soil.","White , Blue , Purple","Jun , Jul , Aug , Sep",Medium,"Sun , Part Shade","Dry , Moist",Acidic (pH<6.8),Various moist to dry soils.,Bees and butterflies use flowers. Deer eat leaves. Numerous animals eat seeds.,yes,"Best propagated by cuttings or divisions. Tip cuttings are easy and reliable, taken in June. To make divisions, lift the clump in late fall or early spring and use pruning shears to divide the shallow root system. Seeds are so tiny it is best to plant",TRUE,TRUE,FALSE,FALSE,TRUE,FALSE,FALSE,FALSE,FALSE,FALSE,FALSE,TRUE,TRUE,TRUE,TRUE,FALSE,FALSE,FALSE,,,FALSE,FALSE,FALSE,FALSE,FALSE,FALSE,FALSE,TRUE,FALSE,"Narrowleaf Mountain Mint, Slender Mountain Mint, Common Horsemint",https://inaturalist-open-data.s3.amazonaws.com/photos/228203253/medium.jpeg
PLANT-00712,pycnanthemum virginianum,Pycnanthemum virginianum,Virginia Mountain Mint,Alabama | Arkansas | Connecticut | Delaware | Georgia | Illinois | Indiana | Iowa | Kansas | Kentucky | Maine | Maryland | Michigan | Minnesota | Mississippi | Missouri | Nebraska | New Hampshire | New Jersey | New York | North Carolina | North Dakota | Ohio | Oklahoma | Pennsylvania | Rhode Island | South Dakota | Tennessee | Vermont | Virginia | West Virginia | Wisconsin,Herbaceous perennial,Full sun,Medium,Low,3,7,July,September,PYVI,Lamiaceae,Herb,Perennial,Up to about 3 feet tall.,"White , Purple","Jul , Aug , Sep",,Part Shade,Moist,,"Moist, calcareous soils.",,yes,Seeds are so tiny it is best to plant them in flats. Divide plants in spring or take tip cuttings in early summer.,FALSE,TRUE,FALSE,FALSE,FALSE,FALSE,FALSE,FALSE,FALSE,FALSE,FALSE,FALSE,TRUE,TRUE,TRUE,FALSE,FALSE,FALSE,,,FALSE,FALSE,FALSE,FALSE,FALSE,FALSE,FALSE,TRUE,FALSE,Virginia Mountain Mint,https://inaturalist-open-data.s3.amazonaws.com/photos/9055947/medium.jpeg
PLANT-00713,quercus acerifolia,Quercus acerifolia,maple-leaved oak,Arkansas,Tree,Full sun,Dry to medium,Low,5,8,April,April,,,,,,,,,,,,,,,,,,,,,,,,,,,,,,,,,,,,FALSE,FALSE,FALSE,FALSE,FALSE,FALSE,FALSE,FALSE,FALSE,maple-leaved oak,https://inaturalist-open-data.s3.amazonaws.com/photos/77844520/medium.jpeg
PLANT-00714,quercus alba,Quercus alba,"White Oak, Northern White Oak, Eastern White Oak, Stave Oak, Ridge White Oak, Forked-leaf White Oak",Alabama | Arkansas | Connecticut | Delaware | Florida | Georgia | Illinois | Indiana | Iowa | Kansas | Kentucky | Louisiana | Maine | Maryland | Massachusetts | Michigan | Minnesota | Mississippi | Missouri | Nebraska | New Hampshire | New Jersey | New York | North Carolina | Ohio | Oklahoma | Pennsylvania | Rhode Island | South Carolina | Tennessee | Texas | Vermont | Virginia | West Virginia | Wisconsin,Tree,Full sun,Dry to medium,Medium,3,9,May,May,QUAL,Fagaceae,Tree,,Height to 100+ ft. Width 60 to 80 ft.,"Red , Yellow , Green , Brown","Mar , Apr , May",Medium,"Sun , Part Shade , Shade","Dry , Moist","Acidic (pH<6.8) , Circumneutral (pH 6.8-7.2)","Deep, moist, well-drained, loams & sands. Sandy, Sandy Loam, Medium Loam, Clay Loam, Clay, Acid-based.",Acorns are horded by birds and rodents.,yes,Oaks are most often propagated from seed. Plant immediately – outdoors or in deep containers to accomodate long initial taproot. The acorns sprout without a dormancy period and begin to germinate as soon as they fall from the tree. Protect outdoor beds,TRUE,TRUE,TRUE,FALSE,TRUE,FALSE,FALSE,FALSE,TRUE,TRUE,TRUE,FALSE,FALSE,FALSE,FALSE,FALSE,FALSE,FALSE,,,FALSE,FALSE,FALSE,FALSE,FALSE,FALSE,FALSE,TRUE,FALSE,"White Oak, Northern White Oak, Eastern White Oak, Stave Oak, Ridge White Oak, Forked-leaf White Oak",https://inaturalist-open-data.s3.amazonaws.com/photos/7298947/medium.jpg
PLANT-00715,quercus bicolor,Quercus bicolor,Swamp White Oak,Alabama | Connecticut | Delaware | Illinois | Indiana | Iowa | Kentucky | Maine | Maryland | Massachusetts | Michigan | Minnesota | Missouri | Nebraska | New Hampshire | New Jersey | New York | North Carolina | Ohio | Pennsylvania | Rhode Island | South Carolina | Tennessee | Vermont | Virginia | West Virginia | Wisconsin,Tree,Full sun,Medium to wet,Low,3,8,April,April,QUBI,Fagaceae,Tree,Perennial,Height to 80 feet.,"Red , Yellow , Green","Mar , Apr , May",High,Part Shade,Moist,Acidic (pH<6.8),"Poorly drained, heavy or fine loams or clays.","Attracts songbirds, ground birds, water birds and mammals.",yes,Oaks are most often propagated from seed. No pretreatment is necessary. Plant immediately – outdoors or in deep containers to accomodate long initial taproot. Many oaks require cold temperatures to initiate,FALSE,TRUE,FALSE,FALSE,FALSE,TRUE,FALSE,FALSE,TRUE,TRUE,TRUE,FALSE,FALSE,FALSE,FALSE,FALSE,FALSE,FALSE,,,FALSE,FALSE,FALSE,FALSE,FALSE,FALSE,FALSE,TRUE,FALSE,Swamp White Oak,https://inaturalist-open-data.s3.amazonaws.com/photos/314396075/medium.jpg
PLANT-00716,quercus coccinea,Quercus coccinea,"Scarlet Oak, Red Oak",Alabama | Arkansas | Connecticut | Delaware | Georgia | Illinois | Indiana | Kentucky | Louisiana | Maine | Maryland | Massachusetts | Mississippi | Missouri | New Hampshire | New Jersey | New York | North Carolina | Ohio | Pennsylvania | Rhode Island | South Carolina | Tennessee | Vermont | Virginia | West Virginia | Wisconsin,Tree,Full sun,Dry to medium,Low,4,9,April,May,QUCO2,Fagaceae,Tree,Perennial,Fast growing large,Yellow,"Mar , Apr , May",Medium,Sun,Moist,Acidic (pH<6.8),Shallow infertile soils over sandstone or limestone.,"Acorns provide food for squirrels, chipmunks, mice, deer, wild turkey, bluejays, and redheaded woodpeckers.",yes,Oaks are most often propagated from seed. No pretreatment is necessary. Plant immediately – outdoors or in deep containers to accomodate long initial taproot. Many oaks require cold temperatures to initiate,TRUE,FALSE,FALSE,FALSE,TRUE,FALSE,FALSE,FALSE,TRUE,TRUE,TRUE,FALSE,FALSE,FALSE,FALSE,FALSE,FALSE,FALSE,,,FALSE,FALSE,FALSE,FALSE,FALSE,FALSE,FALSE,TRUE,FALSE,"Scarlet Oak, Red Oak",https://inaturalist-open-data.s3.amazonaws.com/photos/18732434/medium.jpg
PLANT-00717,quercus ellipsoidalis,Quercus ellipsoidalis,"Northern Pin Oak, Black Oak, Hill's Oak",Illinois | Indiana | Iowa | Michigan | Minnesota | Missouri | North Dakota | Ohio | Wisconsin,Tree,Full sun,Dry to medium,Low,4,7,April,May,QUEL,Fagaceae,Tree,Perennial,Medium,"Green , Brown","Mar , Apr , May",,Sun,Dry,Circumneutral (pH 6.8-7.2),"Dry, sandy soils.",,yes,Oaks are most often propagated from seed. No pretreatment is necessary. Plant immediately – outdoors or in deep containers to accomodate long initial taproot. Many oaks require cold temperatures to initiate,TRUE,FALSE,FALSE,FALSE,FALSE,FALSE,FALSE,FALSE,TRUE,TRUE,TRUE,FALSE,FALSE,FALSE,FALSE,FALSE,FALSE,FALSE,,,FALSE,FALSE,FALSE,FALSE,FALSE,FALSE,FALSE,TRUE,FALSE,"Northern Pin Oak, Black Oak, Hill's Oak",https://inaturalist-open-data.s3.amazonaws.com/photos/321941633/medium.jpg
PLANT-00718,quercus falcata,Quercus falcata,"Southern Red Oak, Bottomland Red Oak, Three-lobed Red Oak, Spanish Oak",Alabama | Arkansas | Delaware | Florida | Georgia | Illinois | Indiana | Kentucky | Louisiana | Maryland | Mississippi | Missouri | New Jersey | North Carolina | Ohio | Oklahoma | Pennsylvania | South Carolina | Tennessee | Texas | Virginia | West Virginia,Tree,Full sun,Dry to medium,Low,6,9,April,May,QUFA,Fagaceae,Tree,Perennial,"Moderately fast growing, medium to large",Yellow,"Mar , Apr , May",Medium,Part Shade,Dry,,"Sandy, loamy or clay soils. Acid-based, Sandy, Sandy Loam","Substrate-insectivorous birds, Nesting site, Fruit-birds, mammals, rodents, deer. Cover.",yes,Oaks are most often propagated from seed. Stratify seeds. Plant outdoors or in deep containers to accomodate long initial taproot. Many oaks require cold temperatures to initiate,FALSE,TRUE,FALSE,FALSE,TRUE,FALSE,FALSE,FALSE,TRUE,TRUE,TRUE,FALSE,FALSE,FALSE,FALSE,FALSE,FALSE,FALSE,,,FALSE,FALSE,FALSE,FALSE,FALSE,FALSE,FALSE,TRUE,FALSE,"Southern Red Oak, Bottomland Red Oak, Three-lobed Red Oak, Spanish Oak",
PLANT-00719,quercus imbricaria,Quercus imbricaria,"Shingle Oak, Laurel Oak",Alabama | Arkansas | Georgia | Illinois | Indiana | Iowa | Kansas | Kentucky | Louisiana | Maryland | Michigan | Mississippi | Missouri | New Jersey | North Carolina | Ohio | Oklahoma | Pennsylvania | Tennessee | Texas | Virginia | West Virginia,Tree,Full sun,Medium,Low,5,8,April,April,QUIM,Fagaceae,Tree,Perennial,"Normally grows to about 65 feet tall, occasionally to about 100 feet tall.",Yellow,"Mar , Apr , May",Medium,Sun,Moist,Acidic (pH<6.8),"Moist, rich, well-drained soil.","Attracts songbirds, ground birds and mammals",yes,"Oaks are most often propagated from seed. Plant immediately – outdoors or in deep containers to accomodate long initial taproot. If storing the seed to sow in spring, it must be stratifies. Many oaks require cold temperatures to initiate",TRUE,FALSE,FALSE,FALSE,TRUE,FALSE,FALSE,FALSE,TRUE,TRUE,TRUE,FALSE,FALSE,FALSE,FALSE,FALSE,FALSE,FALSE,,,FALSE,FALSE,FALSE,FALSE,FALSE,FALSE,FALSE,TRUE,FALSE,"Shingle Oak, Laurel Oak",https://inaturalist-open-data.s3.amazonaws.com/photos/18739200/medium.jpg
PLANT-00720,quercus lyrata,Quercus lyrata,"Overcup Oak, Swamp Post Oak, Water White Oak, Swamp White Oak",Alabama | Arkansas | Delaware | Florida | Georgia | Illinois | Indiana | Iowa | Kentucky | Louisiana | Maryland | Mississippi | Missouri | New Jersey | North Carolina | Oklahoma | South Carolina | Tennessee | Texas | Virginia,Tree,Full sun,Medium to wet,Low,5,9,March,April,QULY,Fagaceae,Tree,,Medium to large slow growing,Yellow,"Mar , Apr , May",High,Part Shade,Dry,,Poorly drained soils.,Attracts migratory waterfowl.,,,FALSE,TRUE,FALSE,FALSE,FALSE,TRUE,FALSE,FALSE,TRUE,TRUE,TRUE,FALSE,FALSE,FALSE,FALSE,FALSE,FALSE,FALSE,,,FALSE,FALSE,FALSE,FALSE,FALSE,FALSE,FALSE,TRUE,FALSE,"Overcup Oak, Swamp Post Oak, Water White Oak, Swamp White Oak",
PLANT-00721,quercus macrocarpa,Quercus macrocarpa,"Bur Oak, Burr Oak, Savanna Oak, Overcup Oak, Prairie Oak, Mossy-cup Oak, Mossy-overcup Oak, Blue Oak",Alabama | Arkansas | Connecticut | Illinois | Indiana | Iowa | Kansas | Kentucky | Louisiana | Maine | Maryland | Massachusetts | Michigan | Minnesota | Mississippi | Missouri | Montana | Nebraska | New Hampshire | New Mexico | New York | North Dakota | Ohio | Oklahoma | Pennsylvania | Rhode Island | South Dakota | Tennessee | Texas | Vermont | Virginia | West Virginia | Wisconsin | Wyoming,Tree,Full sun,Dry to medium,Low,3,8,April,April,QUMA2,Fagaceae,Tree,Perennial,"Slow growing, large","Yellow , Green , Brown","Mar , Apr , May",Medium,"Sun , Part Shade , Shade","Dry , Moist , Wet",Acidic (pH<6.8),"Various soils & moisture conditions. Sandy, Sandy Loam, Medium Loam, Clay Loam, Clay, Caliche type, Limestone-based","Attracts songbirds, ground birds and mammals. Substrate-insectivorous birds, Fruit-birds, Fruit-mammals, Fruit-rodents, Fruit-deer.",yes,Oaks are most often propagated from seed. No pretreatment is necessary. Plant immediately â<U+0080><U+0093> outdoors or in deep containers to accomodate long initial taproot. The acorns sprout without a dormancy period and begin to germinate as soon as they fall from,TRUE,TRUE,TRUE,FALSE,TRUE,FALSE,FALSE,FALSE,TRUE,TRUE,TRUE,FALSE,FALSE,FALSE,FALSE,FALSE,FALSE,FALSE,,,FALSE,FALSE,FALSE,FALSE,FALSE,FALSE,FALSE,TRUE,FALSE,"Bur Oak, Burr Oak, Savanna Oak, Overcup Oak, Prairie Oak, Mossy-cup Oak, Mossy-overcup Oak, Blue Oak",
PLANT-00722,quercus marilandica,Quercus marilandica,"Blackjack Oak, Barren Oak, Black Oak, Jack Oak",Alabama | Arkansas | Delaware | Florida | Georgia | Illinois | Indiana | Iowa | Kansas | Kentucky | Louisiana | Maryland | Mississippi | Missouri | Nebraska | New Jersey | New York | North Carolina | Ohio | Oklahoma | Pennsylvania | South Carolina | Tennessee | Texas | Virginia | West Virginia,Tree,Full sun,Dry to medium,Low,6,9,May,May,QUMA3,Fagaceae,Tree,,Several authorities describe this species as growing from 30 - 60 feet tall. One authority describes it as growing to about 95 feet tall.,"White , Red , Green","Mar , Apr , May",Low,Part Shade,Dry,,"Variable. Gravelly, Sandy, Sandy Loam, Medium Loam, Clay Loam, Clay.","Cover, Substrate-insectivorous birds, Nesting site, Fruit-birds, Fruit-mammals, Fruit-rodents, Fruit-deer.",,,FALSE,TRUE,FALSE,TRUE,FALSE,FALSE,FALSE,FALSE,TRUE,TRUE,TRUE,FALSE,FALSE,FALSE,FALSE,FALSE,FALSE,FALSE,,,FALSE,FALSE,FALSE,FALSE,FALSE,FALSE,FALSE,TRUE,FALSE,"Blackjack Oak, Barren Oak, Black Oak, Jack Oak",https://inaturalist-open-data.s3.amazonaws.com/photos/72036030/medium.jpg
PLANT-00723,quercus michauxii,Quercus michauxii,"Swamp Chestnut Oak, Basket Oak, Cow Oak, Swamp Oak",Alabama | Arkansas | Delaware | Florida | Georgia | Illinois | Indiana | Kentucky | Louisiana | Maryland | Mississippi | Missouri | New Jersey | North Carolina | Oklahoma | Pennsylvania | South Carolina | Tennessee | Texas | Virginia,Tree,Full sun,Medium to wet,Low,5,9,April,May,QUMI,Fagaceae,Tree,,Large,Yellow,"Mar , Apr , May",Medium,Part Shade,Moist,,"Deep, rich soils. Sandy, Sandy Loam, Medium Loam, Clay Loam, Clay, Acid-based.","Fruit-birds, Cover, Nesting site, Substrate-insectivorous birds.",yes,Oaks are most often propagated from seed. No pretreatment is necessary. Plant immediately – outdoors or in deep containers to accomodate long initial taproot. The acorns sprout without a dormancy period and begin to germinate as soon as they fall from,FALSE,TRUE,FALSE,FALSE,TRUE,FALSE,FALSE,FALSE,TRUE,TRUE,TRUE,FALSE,FALSE,FALSE,FALSE,FALSE,FALSE,FALSE,,,FALSE,FALSE,FALSE,FALSE,FALSE,FALSE,FALSE,TRUE,FALSE,"Swamp Chestnut Oak, Basket Oak, Cow Oak, Swamp Oak",https://inaturalist-open-data.s3.amazonaws.com/photos/22485690/medium.jpg
PLANT-00724,quercus montana,Quercus montana,"Chestnut Oak, Rock Chestnut Oak, Mountain Chestnut Oak, Rock Oak, Tanbark Oak",Alabama | Connecticut | Delaware | Georgia | Illinois | Indiana | Kentucky | Louisiana | Maine | Maryland | Massachusetts | Michigan | Mississippi | New Hampshire | New Jersey | New York | North Carolina | Ohio | Pennsylvania | Rhode Island | South Carolina | Tennessee | Vermont | Virginia | West Virginia,Tree,Full sun,Dry to medium,Low,4,8,April,April,QUMO4,Fagaceae,Tree,Perennial,To about 140 feet in height.,"Yellow , Green","Mar , Apr , May",Medium,Part Shade,Dry,,"Loam, Sand","Acorns provide a food source for turkey, rough grouse, songbirds, deer, and small mammals.",,,FALSE,TRUE,FALSE,FALSE,TRUE,FALSE,FALSE,FALSE,TRUE,TRUE,TRUE,FALSE,FALSE,FALSE,FALSE,FALSE,FALSE,FALSE,,,FALSE,FALSE,FALSE,FALSE,FALSE,FALSE,FALSE,TRUE,FALSE,"Chestnut Oak, Rock Chestnut Oak, Mountain Chestnut Oak, Rock Oak, Tanbark Oak",https://inaturalist-open-data.s3.amazonaws.com/photos/151750720/medium.jpeg
PLANT-00725,quercus muehlenbergii,Quercus muehlenbergii,"Chinkapin Oak, Chinquapin Oak, Chestnut Oak, Yellow Chestnut Oak, Rock Chestnut Oak, Yellow Oak, Rock Oak",Alabama | Arkansas | Connecticut | Florida | Georgia | Illinois | Indiana | Iowa | Kansas | Kentucky | Louisiana | Maryland | Massachusetts | Michigan | Minnesota | Mississippi | Missouri | Nebraska | New Jersey | New Mexico | New York | North Carolina | Ohio | Oklahoma | Pennsylvania | South Carolina | Tennessee | Texas | Vermont | Virginia | West Virginia | Wisconsin,Tree,Full sun,Dry to medium,Low,5,7,April,April,QUMU,Fagaceae,Tree,Perennial,Medium to large,"Yellow , Green , Brown","Mar , Apr , May",Medium,"Sun , Part Shade",Dry,Alkaline (pH>7.2),Rocky or sandy soils. This oak species is localized throughout its range and seems dependent upon soil type and a pH above 6.0.,Hummingbirds,yes,Seedlings damp off readily.,TRUE,TRUE,FALSE,FALSE,TRUE,FALSE,FALSE,FALSE,TRUE,TRUE,TRUE,FALSE,FALSE,FALSE,FALSE,FALSE,FALSE,FALSE,,,FALSE,FALSE,FALSE,FALSE,FALSE,FALSE,FALSE,TRUE,FALSE,"Chinkapin Oak, Chinquapin Oak, Chestnut Oak, Yellow Chestnut Oak, Rock Chestnut Oak, Yellow Oak, Rock Oak",https://inaturalist-open-data.s3.amazonaws.com/photos/124734257/medium.jpg
PLANT-00726,quercus myrtifolia,Quercus myrtifolia,myrtle oak,Alabama | Florida | Georgia | Mississippi | South Carolina,Broadleaf evergreen,Full sun to part shade,Dry to medium,Low,8,10,April,May,,,,,,,,,,,,,,,,,,,,,,,,,,,,,,,,,,,,FALSE,FALSE,FALSE,FALSE,FALSE,FALSE,FALSE,FALSE,FALSE,myrtle oak,https://static.inaturalist.org/photos/76268810/medium.jpeg
PLANT-00727,quercus nigra,Quercus nigra,"Water Oak, Possum Oak, Duck Oak, Punk Oak, Spotted Oak",Alabama | Arkansas | Delaware | Florida | Georgia | Kentucky | Louisiana | Maryland | Mississippi | Missouri | New Jersey | North Carolina | Oklahoma | South Carolina | Tennessee | Texas | Virginia,Tree,Full sun,Medium to wet,Medium,6,9,April,April,QUNI,Fagaceae,Tree,Perennial,Up to about 100 feet tall.,Yellow,"Mar , Apr , May",High,Part Shade,Wet,,"Deep, moist, poorly drained soils. Sandy, Sandy Loam, Medium Loam Clay Loam, Clay, Acid-based.","Fruit-mammals, Fruit-birds, Nesting site, Substrate-insectivorous birds. Cover.",yes,Oaks are most often propagated from seed. No pretreatment is necessary. Plant immediately – outdoors or in deep containers to accomodate long initial taproot. Many oaks require cold temperatures to initiate,FALSE,TRUE,FALSE,FALSE,FALSE,TRUE,FALSE,FALSE,TRUE,TRUE,TRUE,FALSE,FALSE,FALSE,FALSE,FALSE,FALSE,FALSE,,,FALSE,FALSE,FALSE,FALSE,FALSE,FALSE,FALSE,TRUE,FALSE,"Water Oak, Possum Oak, Duck Oak, Punk Oak, Spotted Oak",https://inaturalist-open-data.s3.amazonaws.com/photos/5502529/medium.jpeg
PLANT-00728,quercus palustris,Quercus palustris,"Pin Oak, Swamp Spanish Oak",Alabama | Arkansas | Connecticut | Delaware | Georgia | Illinois | Indiana | Iowa | Kansas | Kentucky | Maryland | Massachusetts | Michigan | Mississippi | Missouri | New Jersey | New York | North Carolina | Ohio | Oklahoma | Pennsylvania | Rhode Island | South Carolina | Tennessee | Virginia | West Virginia | Wisconsin,Tree,Full sun,Medium to wet,Medium,4,8,April,April,QUPA2,Fagaceae,Tree,Perennial,Up to about 75 feet tall.,"Yellow , Green , Brown","Mar , Apr , May",High,"Sun , Part Shade , Shade","Moist , Wet",Acidic (pH<6.8),"Heavy, poorly drained soils.","Attracts songbirds, water birds, ground birds and mammals.",yes,Oaks are most often propagated from seed. Plant outdoors or in deep containers to accomodate long initial taproot. Many oaks require cold temperatures to initiate,TRUE,TRUE,TRUE,FALSE,FALSE,TRUE,FALSE,FALSE,TRUE,TRUE,TRUE,FALSE,FALSE,FALSE,FALSE,FALSE,FALSE,FALSE,,,FALSE,FALSE,FALSE,FALSE,FALSE,FALSE,FALSE,TRUE,FALSE,"Pin Oak, Swamp Spanish Oak",https://inaturalist-open-data.s3.amazonaws.com/photos/23431353/medium.jpg
PLANT-00729,quercus phellos,Quercus phellos,"Willow Oak, Swamp Willow Oak, Pin Oak, Peach Oak",Alabama | Arkansas | Delaware | Florida | Georgia | Illinois | Kentucky | Louisiana | Maryland | Mississippi | Missouri | New Jersey | New York | North Carolina | Oklahoma | Pennsylvania | South Carolina | Tennessee | Texas | Virginia,Tree,Full sun,Medium to wet,Low,5,9,April,April,QUPH,Fagaceae,Tree,Perennial,Up to about 100 feet tall.,Yellow,"Mar , Apr , May",High,Part Shade,Moist,,"Moist clay or loamy, slightly acid, soils. Sandy, Sandy Loam, Medium Loam, Clay Loam, Clay, Acid-based","Fruit-mammals, Fruit-birds, Nesting site, Cover, Substrate-insectivorous birds.",yes,Oaks are most often propagated from seed. Stratify or plant immediately outdoors or in deep containers to accomodate long initial taproot. Many oaks require cold temperatures to initiate,FALSE,TRUE,FALSE,FALSE,FALSE,TRUE,FALSE,FALSE,TRUE,TRUE,TRUE,FALSE,FALSE,FALSE,FALSE,FALSE,FALSE,FALSE,,,FALSE,FALSE,FALSE,FALSE,FALSE,FALSE,FALSE,TRUE,FALSE,"Willow Oak, Swamp Willow Oak, Pin Oak, Peach Oak",https://inaturalist-open-data.s3.amazonaws.com/photos/149585805/medium.jpg
PLANT-00730,quercus rubra,Quercus rubra,Northern Red Oak,Alabama | Arkansas | Connecticut | Delaware | Georgia | Illinois | Indiana | Iowa | Kansas | Kentucky | Louisiana | Maine | Maryland | Michigan | Minnesota | Mississippi | Missouri | Nebraska | New Hampshire | New Jersey | New York | North Carolina | Ohio | Oklahoma | Pennsylvania | Rhode Island | South Carolina | Tennessee | Vermont | Virginia | West Virginia | Wisconsin,Tree,Full sun,Dry to medium,Low,4,8,May,May,QURU,Fagaceae,Tree,Perennial,Up to about 120 feet tall.,"Yellow , Green , Brown","Mar , Apr , May",Medium,"Sun , Part Shade","Dry , Moist",Acidic (pH<6.8),"Well-drained, loamy sands.","Attracts songbirds, ground birds and mammals.",yes,Oaks are most often propagated from seed. Stratify or plant immediately outdoors. Many oaks require cold temperatures to initiate,TRUE,TRUE,FALSE,FALSE,TRUE,FALSE,FALSE,FALSE,TRUE,TRUE,TRUE,FALSE,FALSE,FALSE,FALSE,FALSE,FALSE,FALSE,,,FALSE,FALSE,FALSE,FALSE,FALSE,FALSE,FALSE,TRUE,FALSE,Northern Red Oak,https://inaturalist-open-data.s3.amazonaws.com/photos/96523422/medium.jpeg
PLANT-00731,quercus shumardii,Quercus shumardii,"Shumard Oak, Shumard's Oak, Shumard Red Oak, Southern Red Oak, Swamp Red Oak, Spotted Oak",Alabama | Arkansas | Delaware | Florida | Georgia | Illinois | Indiana | Kansas | Kentucky | Louisiana | Maryland | Michigan | Mississippi | Missouri | Nebraska | New York | North Carolina | Ohio | Oklahoma | Pennsylvania | South Carolina | Tennessee | Texas | Virginia | West Virginia,Tree,Full sun,Dry to medium,Low,5,9,April,April,QUSH,Fagaceae,Tree,Perennial,50-90 feet tall.,"White , Green","Mar , Apr , May",Medium,"Sun , Part Shade","Dry , Moist",,"Sandy, Sandy Loam Medium Loam, Clay Loam, Clay, Limestone-based, Caliche type","Fruit-birds, Fruit-mammals, Nesting site, Cover, Substrate-insectivorous birds.",yes,Oaks are most often propagated from seed. No pretreatment is necessary. Plant immediately – outdoors or in deep containers to accomodate long initial taproot. Many oaks require cold temperatures to initiate,TRUE,TRUE,FALSE,FALSE,TRUE,FALSE,FALSE,FALSE,TRUE,TRUE,TRUE,FALSE,FALSE,FALSE,FALSE,FALSE,FALSE,FALSE,,,FALSE,FALSE,FALSE,FALSE,FALSE,FALSE,FALSE,TRUE,FALSE,"Shumard Oak, Shumard's Oak, Shumard Red Oak, Southern Red Oak, Swamp Red Oak, Spotted Oak",https://inaturalist-open-data.s3.amazonaws.com/photos/207177890/medium.jpg
PLANT-00732,quercus stellata,Quercus stellata,"Post Oak, Iron Oak, Cross Oak",Alabama | Arkansas | Connecticut | Delaware | Florida | Georgia | Illinois | Indiana | Iowa | Kansas | Kentucky | Louisiana | Maryland | Massachusetts | Mississippi | Missouri | Nebraska | New Jersey | New York | North Carolina | Ohio | Oklahoma | Pennsylvania | Rhode Island | South Carolina | Tennessee | Texas | Virginia | West Virginia,Tree,Full sun,Dry to medium,Low,5,9,April,April,QUST,Fagaceae,Tree,Perennial,Up to about 100 feet tall.,"Yellow , Brown","Mar , Apr , May",Medium,Part Shade,Dry,,"Dry to moist, rocky or sandy soils. Sandy, Sandy Loam, Acid-based.","Nesting site, Substrate-insectivorous birds, Cover, Fruit-mammals, Fruit-birds, Fruit-rodents, Fruit-deer.",yes,Oaks are most often propagated from seed. No pretreatment is necessary. Plant immediately – outdoors or in deep containers to accomodate long initial taproot. The acorns sprout without a dormancy period and begin to germinate as soon as they fall.,FALSE,TRUE,FALSE,FALSE,TRUE,FALSE,FALSE,FALSE,TRUE,TRUE,TRUE,FALSE,FALSE,FALSE,FALSE,FALSE,FALSE,FALSE,,,FALSE,FALSE,FALSE,FALSE,FALSE,FALSE,FALSE,TRUE,FALSE,"Post Oak, Iron Oak, Cross Oak",https://static.inaturalist.org/photos/1351437/medium.jpg
PLANT-00733,quercus texana,Quercus texana,"Nuttall Oak, Texas Oak",Alabama | Arkansas | Illinois | Kentucky | Louisiana | Mississippi | Missouri | Oklahoma | Tennessee | Texas,Tree,Full sun,Medium,Low,6,9,April,April,QUTE,Fagaceae,Tree,,"Up to about 140 feet tall, often much shorter.",Yellow,"Mar , Apr , May",Medium,Part Shade,,,Wet clay soils along streams.,"Deer, scrub jays, turkey and squirrels eat the acorns.",yes,Oaks are most often propagated from seed. No pretreatment is necessary. Plant immediately – outdoors or in deep containers to accomodate long initial taproot. Many oaks require cold temperatures to initiate,FALSE,TRUE,FALSE,FALSE,TRUE,FALSE,FALSE,FALSE,TRUE,TRUE,TRUE,FALSE,FALSE,FALSE,FALSE,FALSE,FALSE,FALSE,,,FALSE,FALSE,FALSE,FALSE,FALSE,FALSE,FALSE,TRUE,FALSE,"Nuttall Oak, Texas Oak",https://static.inaturalist.org/photos/20604265/medium.jpeg
PLANT-00734,quercus velutina,Quercus velutina,"Black Oak, Quercitron Oak, Yellow Oak, Smoothbark Oak, Yellowbark Oak",Alabama | Arkansas | Connecticut | Delaware | Florida | Georgia | Illinois | Indiana | Iowa | Kansas | Kentucky | Louisiana | Maine | Maryland | Massachusetts | Michigan | Minnesota | Mississippi | Missouri | Nebraska | New Hampshire | New Jersey | New York | North Carolina | Ohio | Oklahoma | Pennsylvania | Rhode Island | South Carolina | Tennessee | Texas | Vermont | Virginia | West Virginia | Wisconsin,Tree,Full sun,Dry to medium,Low,3,9,April,May,QUVE,Fagaceae,Tree,Perennial,Up to about 80 feet tall.,"Yellow , Green , Brown","Mar , Apr , May",Medium,"Sun , Part Shade",Dry,Acidic (pH<6.8),"Dry, sandy to moist, rich soils.","Attracts songbirds, ground birds and mammals.",yes,Oaks are most often propagated from seed. No pretreatment is necessary. Plant immediately – outdoors or in deep containers to accomodate long initial taproot. This species is very difficult to transplant. Many oaks require cold temperatures to initiat,TRUE,TRUE,FALSE,FALSE,TRUE,FALSE,FALSE,FALSE,TRUE,TRUE,TRUE,FALSE,FALSE,FALSE,FALSE,FALSE,FALSE,FALSE,,,FALSE,FALSE,FALSE,FALSE,FALSE,FALSE,FALSE,TRUE,FALSE,"Black Oak, Quercitron Oak, Yellow Oak, Smoothbark Oak, Yellowbark Oak",https://inaturalist-open-data.s3.amazonaws.com/photos/219545770/medium.jpeg
PLANT-00735,ratibida columnifera,Ratibida columnifera,"Mexican Hat, Red-spike Mexican Hat, Upright Prairie Coneflower, Prairie Coneflower, Long-headed Coneflower, Thimbleflower",Alabama | Arizona | Arkansas | California | Colorado | Connecticut | Delaware | Florida | Georgia | Idaho | Illinois | Indiana | Iowa | Kansas | Louisiana | Massachusetts | Michigan | Minnesota | Mississippi | Missouri | Montana | Nebraska | New Jersey | New Mexico | New York | North Carolina | North Dakota | Ohio | Oklahoma | Pennsylvania | South Carolina | South Dakota | Tennessee | Texas | Utah | West Virginia | Wisconsin | Wyoming,Herbaceous perennial,Full sun,Dry to medium,Medium,4,9,June,September,RACO3,Asteraceae,Herb,Perennial,Up to about 3 feet tall.,"Orange , Yellow , Brown","May , Jun , Jul , Aug , Sep , Oct",Medium,Sun,"Dry , Moist",Circumneutral (pH 6.8-7.2),"Various well-drained, usually calcareous soils. Also Limestone-based, Caliche type, Clay, Clay Loam, Medium Loam, Sandy Loam, Sandy.","Nectar-Bees, Nectar-Butterflies, Nectar-insects, Seeds-Granivorous birds, Deer will eat this flower",yes,"Very easy to propagate from seed in spring or fall though a fall seeding is recommended. Seeds do not have to be treated but may benefit from a period of stratification. Plants from seed usually bloom the second year. Be sure the seed is in good contact with the soil by lightly raking it into loose topsoil. Seeding rate is two to four pounds per acre. There are approximately 1,230,000 seeds per pound.",TRUE,FALSE,FALSE,FALSE,TRUE,FALSE,FALSE,FALSE,FALSE,FALSE,TRUE,TRUE,TRUE,TRUE,TRUE,TRUE,FALSE,FALSE,,,FALSE,FALSE,FALSE,FALSE,FALSE,FALSE,FALSE,TRUE,FALSE,"Mexican Hat, Red-spike Mexican Hat, Upright Prairie Coneflower, Prairie Coneflower, Long-headed Coneflower, Thimbleflower",https://static.inaturalist.org/photos/401477062/medium.jpeg
PLANT-00736,ratibida pinnata,Ratibida pinnata,"Grayhead Coneflower, Gray-headed Coneflower, Grayhead Mexican Hat, Gray-headed Mexican Hat, Pinnate Prairie Coneflower, Yellow Coneflower",Alabama | Arkansas | Florida | Georgia | Illinois | Indiana | Iowa | Kansas | Kentucky | Louisiana | Michigan | Minnesota | Mississippi | Missouri | Nebraska | Ohio | Oklahoma | Pennsylvania | South Carolina | South Dakota | Tennessee | Wisconsin,Herbaceous perennial,Full sun,Medium,Medium,3,8,June,August,RAPI,Asteraceae,Herb,Perennial,Up to about 5 feet tall.,Yellow,"May , Jun , Jul , Aug , Sep , Oct",Medium,"Sun , Part Shade","Dry , Moist",,Tolerant of a wide range of soils: sandy to clay and calcareous soils.,"Birds, Butterflies",yes,"Dependably propagated from seed, which is produced abundantly. Sow unstratified seed in fall; stratified seed in spring. Clumps can also be divided.",TRUE,TRUE,FALSE,FALSE,TRUE,FALSE,FALSE,FALSE,FALSE,FALSE,TRUE,TRUE,TRUE,TRUE,TRUE,TRUE,FALSE,FALSE,,,FALSE,FALSE,FALSE,FALSE,FALSE,FALSE,FALSE,TRUE,FALSE,"Grayhead Coneflower, Gray-headed Coneflower, Grayhead Mexican Hat, Gray-headed Mexican Hat, Pinnate Prairie Coneflower, Yellow Coneflower",https://inaturalist-open-data.s3.amazonaws.com/photos/148417289/medium.jpeg
PLANT-00737,rhapidophyllum hystrix,Rhapidophyllum hystrix,"Needle Palm, Blue Palmetto",Alabama | Florida | Georgia | Mississippi | South Carolina,Palm or Cycad,Full sun to part shade,Medium,High,6,10,June,July,RHHY,Arecaceae,Shrub,Perennial,Up to about 6 feet tall.,"White , Yellow","Mar , Apr , May , Jun , Jul , Aug",,Part Shade,,,Various wet to dry soils.,,yes,,FALSE,TRUE,FALSE,FALSE,FALSE,FALSE,FALSE,FALSE,TRUE,TRUE,TRUE,TRUE,TRUE,TRUE,FALSE,FALSE,FALSE,FALSE,,,FALSE,FALSE,FALSE,FALSE,FALSE,FALSE,FALSE,TRUE,FALSE,"Needle Palm, Blue Palmetto",https://static.inaturalist.org/photos/4658008/medium.jpg
PLANT-00738,rhododendron arborescens,Rhododendron arborescens,"Smooth Azalea, Sweet Azalea",Alabama | Georgia | Kentucky | Maryland | Mississippi | North Carolina | Pennsylvania | South Carolina | Tennessee | Virginia | West Virginia,Deciduous shrub,Part shade,Medium,Low,4,7,May,July,RHAR3,Ericaceae,Shrub,Perennial,"Up to about 20 feet tall, often shorter.","White , Pink","May , Jun , Jul , Aug",Medium,Part Shade,Moist,Acidic (pH<6.8),"Moist, well-drained soils.",,yes,Combine seeds loosely with sphagnum moss and sprinkle lightly over a 2:1 perlite/peat mixture. Germinate under mist or a plastic tent. Optimum temperatures for germination are 45-50 degrees. Transplant seedlings to acid soil with a high content of orga,FALSE,TRUE,FALSE,FALSE,TRUE,FALSE,FALSE,FALSE,FALSE,FALSE,TRUE,TRUE,TRUE,TRUE,FALSE,FALSE,FALSE,FALSE,,,FALSE,FALSE,FALSE,FALSE,FALSE,FALSE,FALSE,TRUE,FALSE,"Smooth Azalea, Sweet Azalea",https://inaturalist-open-data.s3.amazonaws.com/photos/211468/medium.JPG
PLANT-00739,rhododendron atlanticum,Rhododendron atlanticum,"Dwarf Azalea, Coastal Azalea",Delaware | Georgia | Maryland | New Jersey | North Carolina | Pennsylvania | South Carolina | Virginia,Deciduous shrub,Part shade,Medium,Low,6,8,April,April,RHAT,Ericaceae,Shrub,Perennial,Up to about 3 feet tall.,"White , Pink","Mar , Apr , May",High,Part Shade,Dry,Acidic (pH<6.8),"Well-drained, sandy soil.",,yes,Combine seeds loosely with sphagnum moss and sprinkle lightly over a 2:1 perlite/peat mixture. Germinate under mist or a plastic tent. Optimum temperatures for germination are 45-50 degrees. Transplant seedlings to acid soil with a high content of orga,FALSE,TRUE,FALSE,FALSE,FALSE,TRUE,FALSE,FALSE,TRUE,TRUE,TRUE,FALSE,FALSE,FALSE,FALSE,FALSE,FALSE,FALSE,,,FALSE,FALSE,FALSE,FALSE,FALSE,FALSE,FALSE,TRUE,FALSE,"Dwarf Azalea, Coastal Azalea",https://inaturalist-open-data.s3.amazonaws.com/photos/188620436/medium.jpeg
PLANT-00740,rhododendron austrinum,Rhododendron austrinum,"Orange Azalea, Florida Azalea, Yellow Azalea",Alabama | Arkansas | Delaware | Florida | Georgia | Kentucky | Louisiana | Maryland | Mississippi | North Carolina | South Carolina | Tennessee | Virginia,Deciduous shrub,Part shade,Medium,Medium,6,9,April,April,RHAU,Ericaceae,Shrub,Perennial,"Up to about 15 feet tall, often shorter.","White , Red , Orange , Yellow","Mar , Apr , May",,Part Shade,Dry,Acidic (pH<6.8),"Well-drained, sandy soil.",,yes,Combine seeds loosely with sphagnum moss and sprinkle lightly over a 2:1 perlite/peat mixture. Optimum temperatures for germination are 45-50 degrees. Transplant seedlings to acid soil with a high content of organic matter. Cultivated,FALSE,TRUE,FALSE,FALSE,FALSE,FALSE,FALSE,FALSE,TRUE,TRUE,TRUE,FALSE,FALSE,FALSE,FALSE,FALSE,FALSE,FALSE,,,FALSE,FALSE,FALSE,FALSE,FALSE,FALSE,FALSE,TRUE,FALSE,"Orange Azalea, Florida Azalea, Yellow Azalea",https://inaturalist-open-data.s3.amazonaws.com/photos/1540701/medium.jpg
PLANT-00741,rhododendron calendulaceum,Rhododendron calendulaceum,Flame Azalea,Alabama | Georgia | Kentucky | Maryland | North Carolina | Ohio | Pennsylvania | South Carolina | Tennessee | Virginia | West Virginia,Deciduous shrub,Part shade,Medium,Low,5,7,May,June,RHCA4,Ericaceae,Shrub,Perennial,"Usually shrub-like, up to about 12 feet tall. Sometimes tree-like, up to about 30 feet tall.","Red , Orange , Yellow","Mar , Apr , May , Jun , Jul , Aug",,Part Shade,Moist,Acidic (pH<6.8),Well-drained soil.,,yes,Combine seeds loosely with sphagnum moss and sprinkle lightly over a 2:1 perlite/peat mixture. Germinate under mist or a plastic tent. Optimum temperatures for germination are 45-50 degrees. Transplant seedlings to acid soil with a high content of orga,FALSE,TRUE,FALSE,FALSE,FALSE,FALSE,FALSE,FALSE,TRUE,TRUE,TRUE,TRUE,TRUE,TRUE,FALSE,FALSE,FALSE,FALSE,,,FALSE,FALSE,FALSE,FALSE,FALSE,FALSE,FALSE,TRUE,FALSE,Flame Azalea,https://static.inaturalist.org/photos/23050389/medium.jpg
PLANT-00742,rhododendron canescens,Rhododendron canescens,"Mountain Azalea, Wild Azalea, Honeysuckle Azalea, Piedmont Azalea, Sweet Azalea, Hoary Azalea, Southern Pinxterflower",Alabama | Arkansas | Delaware | Florida | Georgia | Illinois | Kentucky | Louisiana | Maryland | Mississippi | North Carolina | Oklahoma | Pennsylvania | South Carolina | Tennessee | Texas,Deciduous shrub,Part shade,Medium,Medium,5,9,April,April,RHCA7,Ericaceae,Shrub,Perennial,Height to 8 feet tall.,"White , Pink","Mar , Apr , May",Medium,Part Shade,Dry,Acidic (pH<6.8),"Moist, well-drained soil. . Acid-based, Sandy, Sandy Loam, Medium Loam",,yes,Combine seeds loosely with sphagnum moss and sprinkle lightly over a 2:1 perlite/peat mixture. Germinate under mist or a plastic tent. Optimum temperatures for germination are 45-50 degrees. Transplant seedlings to acid soil with a high content of orga,FALSE,TRUE,FALSE,FALSE,TRUE,FALSE,FALSE,FALSE,TRUE,TRUE,TRUE,FALSE,FALSE,FALSE,FALSE,FALSE,FALSE,FALSE,,,FALSE,FALSE,FALSE,FALSE,FALSE,FALSE,FALSE,TRUE,FALSE,"Mountain Azalea, Wild Azalea, Honeysuckle Azalea, Piedmont Azalea, Sweet Azalea, Hoary Azalea, Southern Pinxterflower",https://inaturalist-open-data.s3.amazonaws.com/photos/1650298/medium.JPG
PLANT-00743,rhododendron catawbiense,Rhododendron catawbiense,"Catawba Rosebay, Purple Rhododendron, Red Laurel, Catawba Rhododendron, Mountain Rosebay",Alabama | Georgia | Kentucky | Massachusetts | North Carolina | South Carolina | Tennessee | Virginia | West Virginia,Broadleaf evergreen,Part shade,Medium,Medium,4,8,April,June,RHCA8,Ericaceae,Shrub,Perennial,"Up to about 20 feet tall, often shorter.","Pink , Purple","Mar , Apr , May , Jun",,Shade,,Acidic (pH<6.8),Various well-drained soils.,,yes,Combine seeds loosely with sphagnum moss and sprinkle lightly over a 2:1 perlite/peat mixture. Germinate under mist or a plastic tent. Optimum temperatures for germination are 45-50 degrees. Transplant seedlings to acid soil with a high content of orga,FALSE,FALSE,TRUE,FALSE,FALSE,FALSE,FALSE,FALSE,TRUE,TRUE,TRUE,TRUE,FALSE,FALSE,FALSE,FALSE,FALSE,FALSE,,,FALSE,FALSE,FALSE,FALSE,FALSE,FALSE,FALSE,TRUE,FALSE,"Catawba Rosebay, Purple Rhododendron, Red Laurel, Catawba Rhododendron, Mountain Rosebay",https://inaturalist-open-data.s3.amazonaws.com/photos/86538698/medium.jpg
PLANT-00744,rhododendron flammeum,Rhododendron flammeum,"Piedmont Azalea, Oconee Azalea",Georgia | South Carolina,Deciduous shrub,Part shade,Medium,Medium,6,7,April,May,RHFL,Ericaceae,Shrub,Perennial,Up to about 8 feet tall.,"Red , Orange , Yellow","Mar , Apr , May",,,,,,,,,FALSE,FALSE,FALSE,FALSE,FALSE,FALSE,FALSE,FALSE,TRUE,TRUE,TRUE,FALSE,FALSE,FALSE,FALSE,FALSE,FALSE,FALSE,,,FALSE,FALSE,FALSE,FALSE,FALSE,FALSE,FALSE,TRUE,FALSE,"Piedmont Azalea, Oconee Azalea",https://static.inaturalist.org/photos/195490719/medium.jpg
PLANT-00745,rhododendron maximum,Rhododendron maximum,"Great Laurel, Wild Rhododendron, Rosebay Rhododendron, White Laurel, Rosebay",Alabama | Connecticut | Georgia | Kentucky | Maine | Maryland | Massachusetts | New Hampshire | New Jersey | New York | North Carolina | Ohio | Pennsylvania | Rhode Island | South Carolina | Tennessee | Vermont | Virginia | West Virginia,Broadleaf evergreen,Part shade to full shade,Medium,Medium,3,7,June,July,RHMA4,Ericaceae,Shrub,Perennial,"Up to about 30 feet tall, often much shorter.","White , Pink","Jun , Jul , Aug",Medium,Part Shade,"Moist , Wet",Acidic (pH<6.8),"Cool, moist, well-drained soil.",,yes,Combine seeds loosely with sphagnum moss and sprinkle lightly over a 2:1 perlite/peat mixture. Germinate under mist or a plastic tent. Optimum temperatures for germination are 45-50 degrees. Transplant seedlings to acid soil with a high content of orga,FALSE,TRUE,FALSE,FALSE,TRUE,FALSE,FALSE,FALSE,FALSE,FALSE,FALSE,TRUE,TRUE,TRUE,FALSE,FALSE,FALSE,FALSE,,,FALSE,FALSE,FALSE,FALSE,FALSE,FALSE,FALSE,TRUE,FALSE,"Great Laurel, Wild Rhododendron, Rosebay Rhododendron, White Laurel, Rosebay",
PLANT-00746,rhododendron periclymenoides,Rhododendron periclymenoides,"Pink Azalea, Pinxterbloom Azalea, Pinxterflower",Alabama | Connecticut | Delaware | Georgia | Illinois | Kentucky | Maryland | Massachusetts | New Hampshire | New Jersey | New York | North Carolina | Ohio | Pennsylvania | Rhode Island | South Carolina | Tennessee | Vermont | Virginia | West Virginia,Deciduous shrub,Full sun to part shade,Medium,Low,4,9,April,May,RHPE4,Ericaceae,Shrub,Perennial,"Up to about 15 feet tall, often much shorter.","White , Pink","Mar , Apr , May",Low,Part Shade,Wet,Acidic (pH<6.8),Various well-drained soils.,,yes,Combine seeds loosely with sphagnum moss and sprinkle lightly over a 2:1 perlite/peat mixture. Germinate under mist or a plastic tent. Optimum temperatures for germination are 45-50 degrees. Transplant seedlings to acid soil with a high content of orga,FALSE,TRUE,FALSE,TRUE,FALSE,FALSE,FALSE,FALSE,TRUE,TRUE,TRUE,FALSE,FALSE,FALSE,FALSE,FALSE,FALSE,FALSE,,,FALSE,FALSE,FALSE,FALSE,FALSE,FALSE,FALSE,TRUE,FALSE,"Pink Azalea, Pinxterbloom Azalea, Pinxterflower",https://inaturalist-open-data.s3.amazonaws.com/photos/69075198/medium.jpg
PLANT-00747,rhododendron prinophyllum,Rhododendron prinophyllum,"Early Azalea, Roseshell Azalea, Woolly Azalea",Alabama | Arkansas | Connecticut | Delaware | Georgia | Illinois | Kentucky | Maine | Maryland | Massachusetts | Missouri | New Hampshire | New Jersey | New York | North Carolina | Ohio | Pennsylvania | Rhode Island | Tennessee | Texas | Vermont | Virginia | West Virginia,Deciduous shrub,Part shade,Medium,Medium,3,8,April,May,RHPR,Ericaceae,Shrub,Perennial,"Up to about 15 feet tall, often shorter.","White , Pink","Mar , Apr , May , Jun",,Shade,Moist,Circumneutral (pH 6.8-7.2),"Thin, well-drained soils.",,yes,Combine seeds loosely with sphagnum moss and sprinkle lightly over a 2:1 perlite/peat mixture. Germinate under mist or a plastic tent. Optimum temperatures for germination are 45-50 degrees. Transplant seedlings to acid soil with a high content of orga,FALSE,FALSE,TRUE,FALSE,FALSE,FALSE,FALSE,FALSE,TRUE,TRUE,TRUE,TRUE,FALSE,FALSE,FALSE,FALSE,FALSE,FALSE,,,FALSE,FALSE,FALSE,FALSE,FALSE,FALSE,FALSE,TRUE,FALSE,"Early Azalea, Roseshell Azalea, Woolly Azalea",https://inaturalist-open-data.s3.amazonaws.com/photos/3904098/medium.jpg
PLANT-00748,rhododendron viscosum,Rhododendron viscosum,"Swamp Azalea, Clammy Azalea, Cory Azalea, Hammock Sweet Azalea",Alabama | Arkansas | Connecticut | Delaware | Florida | Georgia | Louisiana | Maine | Maryland | Massachusetts | Mississippi | New Hampshire | New Jersey | New York | North Carolina | Oklahoma | Pennsylvania | Rhode Island | South Carolina | Tennessee | Texas | Virginia | West Virginia,Deciduous shrub,Part shade,Medium to wet,Medium,4,9,May,July,RHVI2,Ericaceae,Shrub,Perennial,Growing up to 15 feet tall but typically around 5 feet.,"White , Pink","May , Jun , Jul , Aug",High,Part Shade,Wet,Acidic (pH<6.8),Wet soil.,Low.,yes,Combine seeds loosely with sphagnum moss and sprinkle lightly over a 2:1 perlite/peat mixture. Germinate under mist or a plastic tent. Optimum temperatures for germination are 45-50 degrees. Transplant seedlings to acid soil with a high content of orga,FALSE,TRUE,FALSE,FALSE,FALSE,TRUE,FALSE,FALSE,FALSE,FALSE,TRUE,TRUE,TRUE,TRUE,FALSE,FALSE,FALSE,FALSE,,,FALSE,FALSE,FALSE,FALSE,FALSE,FALSE,FALSE,TRUE,FALSE,"Swamp Azalea, Clammy Azalea, Cory Azalea, Hammock Sweet Azalea",https://static.inaturalist.org/photos/42976725/medium.jpg
PLANT-00749,rhus aromatica,Rhus aromatica,"Fragrant Sumac, Aromatic Sumac, Lemon Sumac, Polecat Bush",Alabama | Arkansas | Connecticut | Florida | Georgia | Illinois | Indiana | Iowa | Kansas | Kentucky | Louisiana | Maryland | Massachusetts | Michigan | Minnesota | Mississippi | Missouri | New Hampshire | New Jersey | New York | North Carolina | Ohio | Oklahoma | Pennsylvania | South Carolina | Tennessee | Texas | Vermont | Virginia | West Virginia | Wisconsin,Deciduous shrub,Full sun to part shade,Dry to medium,Low,3,9,April,April,RHAR4,Anacardiaceae,Shrub,Perennial,Height 6-12 feet and 4-6 feet wide.,Yellow,"Apr , May , Jun",Low,"Sun , Part Shade , Shade","Dry , Moist",Circumneutral (pH 6.8-7.2),"Dry, rocky soils. Sandy, Sandy Loam, Medium Loam, Clay Loam Clay, Rocky, Caliche type, Limestone-based",The berries are winter food. Its berries provide food for small animals and birds such as Townsend's Solitaires.,yes,Scarified and stratified seed planted 1/3-3/4 in. deep; semi-hardwood cuttings taken in summer through fall; easily transplanted from suckers.,TRUE,TRUE,TRUE,TRUE,FALSE,FALSE,FALSE,FALSE,FALSE,TRUE,TRUE,TRUE,FALSE,FALSE,FALSE,FALSE,FALSE,FALSE,,,FALSE,FALSE,FALSE,FALSE,FALSE,FALSE,FALSE,TRUE,FALSE,"Fragrant Sumac, Aromatic Sumac, Lemon Sumac, Polecat Bush",https://inaturalist-open-data.s3.amazonaws.com/photos/310253516/medium.jpg
PLANT-00750,rhus copallinum,Rhus copallinum,"Winged Sumac, Shining Sumac, Flameleaf Sumac, Mountain Sumac, Dwarf Sumac, Wing-rib Sumac, Black Sumac, Upland Sumac",Alabama | Arkansas | Connecticut | Delaware | Florida | Georgia | Illinois | Indiana | Iowa | Kansas | Kentucky | Louisiana | Maine | Maryland | Massachusetts | Michigan | Mississippi | Missouri | Nebraska | New Hampshire | New Jersey | New York | North Carolina | Ohio | Oklahoma | Pennsylvania | Rhode Island | South Carolina | Tennessee | Texas | Vermont | Virginia | West Virginia | Wisconsin,Deciduous shrub,Full sun to part shade,Dry to medium,Medium,4,9,July,August,RHCO,Anacardiaceae,Shrub,Perennial,Up to about 35 feet tall.,"Yellow , Green","Jul , Aug",Low,Sun,Dry,,"Rocky, poor soils.","Winter food for many upland gamebirds, songbirds, and large and small mammals. Wildlife eat the",yes,Plant scarified seed 1/3-3/4 in. deep. Easily transplanted by division of colony. Semi-hardwood cutting taken in summer or fall will root.,TRUE,FALSE,FALSE,TRUE,FALSE,FALSE,FALSE,FALSE,FALSE,FALSE,FALSE,FALSE,TRUE,TRUE,FALSE,FALSE,FALSE,FALSE,,,FALSE,FALSE,FALSE,FALSE,FALSE,FALSE,FALSE,TRUE,FALSE,"Winged Sumac, Shining Sumac, Flameleaf Sumac, Mountain Sumac, Dwarf Sumac, Wing-rib Sumac, Black Sumac, Upland Sumac",https://inaturalist-open-data.s3.amazonaws.com/photos/149017043/medium.jpg
PLANT-00751,rhus copallinum var. latifolia,Rhus copallinum var. latifolia,dwarf sumac,Alabama | Arkansas | Connecticut | Florida | Georgia | Illinois | Indiana | Iowa | Kansas | Kentucky | Louisiana | Maine | Massachusetts | Michigan | Mississippi | Missouri | Nebraska | New Hampshire | New York | North Carolina | Ohio | Oklahoma | Pennsylvania | Rhode Island | South Carolina | Tennessee | Texas | Vermont | Virginia | West Virginia | Wisconsin,Deciduous shrub,Full sun to part shade,Dry to medium,Low,4,9,July,August,,,,,,,,,,,,,,,,,,,,,,,,,,,,,,,,,,,,FALSE,FALSE,FALSE,FALSE,FALSE,FALSE,FALSE,FALSE,FALSE,dwarf sumac,
PLANT-00752,rhus glabra,Rhus glabra,Smooth Sumac,Alabama | Arizona | Arkansas | California | Colorado | Connecticut | Delaware | Florida | Georgia | Idaho | Illinois | Indiana | Iowa | Kansas | Kentucky | Louisiana | Maine | Maryland | Massachusetts | Michigan | Minnesota | Mississippi | Missouri | Montana | Nebraska | Nevada | New Hampshire | New Jersey | New Mexico | New York | North Carolina | North Dakota | Ohio | Oklahoma | Oregon | Pennsylvania | Rhode Island | South Carolina | South Dakota | Tennessee | Texas | Utah | Vermont | Virginia | Washington | West Virginia | Wisconsin | Wyoming,Deciduous shrub,Full sun to part shade,Dry to medium,Medium,3,9,June,June,RHGL,Anacardiaceae,Shrub,Perennial,Up to about 20 feet tall.,"White , Yellow , Green , Brown","Apr , May , Jun , Jul , Aug",Low,"Sun , Part Shade , Shade",Dry,Circumneutral (pH 6.8-7.2),"Most dry soils. Sandy, Sandy Loam Medium Loam, Clay Loam, Clay, Caliche type","Consumed by birds of many kinds and small mammals, mainly in winter. Deer browse the twigs and",yes,Plant scarified and stratified seed 1/3-3/4 in. deep. Sumac is most commonly propagated by early winter root division. Place root cuttings in flats of moist sand.,TRUE,TRUE,TRUE,TRUE,FALSE,FALSE,FALSE,FALSE,FALSE,TRUE,TRUE,TRUE,TRUE,TRUE,FALSE,FALSE,FALSE,FALSE,Bee,8,TRUE,FALSE,FALSE,FALSE,FALSE,FALSE,FALSE,TRUE,TRUE,Smooth Sumac,https://inaturalist-open-data.s3.amazonaws.com/photos/389287395/medium.jpg
PLANT-00753,rhus typhina,Rhus typhina,"Staghorn Sumac, Velvet Sumac",Alabama | Connecticut | Delaware | Georgia | Illinois | Indiana | Iowa | Kentucky | Maine | Maryland | Massachusetts | Michigan | Minnesota | Mississippi | Missouri | New Hampshire | New Jersey | New York | North Carolina | Ohio | Pennsylvania | Rhode Island | South Carolina | Tennessee | Vermont | Virginia | West Virginia | Wisconsin,Deciduous shrub,Full sun to part shade,Dry to medium,Medium,3,8,June,July,RHTY,Anacardiaceae,Shrub,Perennial,Height to 25 feet.,"Red , Yellow , Green","Jun , Jul",Low,"Sun , Part Shade , Shade",Dry,Circumneutral (pH 6.8-7.2),"Dry, rocky or gravelly soils.","Berries are a preferred food source for ruffed grouse, ring-necked pheasant, eastern phoebe, common crow, northern mockingbird, gray catbird, American robin, wood thrush, hermit thrush, eastern bluebird and European starling. It is also used by over 30 other species, and since the",yes,Easily propagated from early winter root divisions. Place root cuttings in flats of moist sand. Plant scarified and stratified seed 1/3-3/4 in. deep.,TRUE,TRUE,TRUE,TRUE,FALSE,FALSE,FALSE,FALSE,FALSE,FALSE,FALSE,TRUE,TRUE,FALSE,FALSE,FALSE,FALSE,FALSE,,,FALSE,FALSE,FALSE,FALSE,FALSE,FALSE,FALSE,TRUE,FALSE,"Staghorn Sumac, Velvet Sumac",https://inaturalist-open-data.s3.amazonaws.com/photos/41368056/medium.jpg
PLANT-00754,ribes aureum,Ribes aureum,Golden Currant,Arizona | California | Colorado | Idaho | Missouri | Montana | Nevada | New Mexico | Oregon | South Dakota | Texas | Utah | Washington | Wyoming,Deciduous shrub,Full sun to part shade,Medium,Medium,4,8,April,May,RIAU,Grossulariaceae,Shrub,Perennial,Up to about 10 feet tall.,"Red , Orange , Yellow","Mar , Apr , May , Jun , Jul",Low,"Sun , Part Shade","Dry , Moist",,Moist to drier soils.,Flowers provide,yes,Propagation is by,TRUE,TRUE,FALSE,TRUE,FALSE,FALSE,FALSE,FALSE,TRUE,TRUE,TRUE,TRUE,TRUE,FALSE,FALSE,FALSE,FALSE,FALSE,,,FALSE,FALSE,FALSE,FALSE,FALSE,FALSE,FALSE,TRUE,FALSE,Golden Currant,https://inaturalist-open-data.s3.amazonaws.com/photos/497524076/medium.jpg
PLANT-00755,ribes missouriense,Ribes missouriense,Missouri Gooseberry,Arkansas | Illinois | Indiana | Iowa | Kansas | Kentucky | Michigan | Minnesota | Missouri | Nebraska | New Jersey | North Dakota | Ohio | Oklahoma | Pennsylvania | South Dakota | Tennessee | Virginia | West Virginia | Wisconsin,Deciduous shrub,Full sun to part shade,Medium,Medium,4,7,April,May,RIMI,Grossulariaceae,Shrub,Perennial,Up to about 6 feet tall.,"White , Pink , Green","Apr , May , Jun",,Part Shade,,Circumneutral (pH 6.8-7.2),Variable.,,,,FALSE,TRUE,FALSE,FALSE,FALSE,FALSE,FALSE,FALSE,FALSE,TRUE,TRUE,TRUE,FALSE,FALSE,FALSE,FALSE,FALSE,FALSE,,,FALSE,FALSE,FALSE,FALSE,FALSE,FALSE,FALSE,TRUE,FALSE,Missouri Gooseberry,
PLANT-00756,ribes odoratum,Ribes odoratum,clove currant,Arkansas | Colorado | Connecticut | Illinois | Indiana | Iowa | Kansas | Maryland | Massachusetts | Michigan | Minnesota | Missouri | Montana | Nebraska | New Mexico | New York | North Dakota | Ohio | Oklahoma | Pennsylvania | South Dakota | Tennessee | Texas | Vermont | Wisconsin | Wyoming,Deciduous shrub,Full sun to part shade,Medium,Low,4,8,April,April,,,,,,,,,,,,,,,,,,,,,,,,,,,,,,,,,,,,FALSE,FALSE,FALSE,FALSE,FALSE,FALSE,FALSE,FALSE,FALSE,clove currant,
PLANT-00757,robinia hispida,Robinia hispida,"Bristly Locust, Standing Sweet Pea",Alabama | Georgia | Kentucky | North Carolina | South Carolina | Tennessee | Virginia,Deciduous shrub,Full sun,Dry to medium,Medium,5,8,May,May,ROHI,Fabaceae,Shrub,Perennial,Up to about 10 feet tall.,"Red , Pink , Purple","Apr , May , Jun , Jul",,Sun,,Circumneutral (pH 6.8-7.2),Sandy or thin soils.,,yes,"Propagate by seed or from spring root cuttings. Cuttings should be stored in cool, dry sand for three weeks before planting.",TRUE,FALSE,FALSE,FALSE,FALSE,FALSE,FALSE,FALSE,FALSE,TRUE,TRUE,TRUE,TRUE,FALSE,FALSE,FALSE,FALSE,FALSE,,,FALSE,FALSE,FALSE,FALSE,FALSE,FALSE,FALSE,TRUE,FALSE,"Bristly Locust, Standing Sweet Pea",https://static.inaturalist.org/photos/196049605/medium.jpg
PLANT-00758,robinia pseudoacacia,Robinia pseudoacacia,Black Locust,Alabama | Arkansas | Georgia | Illinois | Indiana | Kentucky | Maryland | Missouri | North Carolina | Ohio | Pennsylvania | South Carolina | Tennessee | Virginia | West Virginia,Tree,Full sun,Dry to medium,Medium,3,8,May,June,ROPS,Fabaceae,Tree,,Up to about 70 feet tall.,White,"Apr , May , Jun",Medium,Sun,"Dry , Moist",Circumneutral (pH 6.8-7.2),"Moist, rich to dry, rocky soils.",Flowers are a favorite of honeybees and hummingbirds.,yes,"Propagate by seed, spring root cuttings or dormant sucker divisions. Cuttings should be stored in cool, dry sand for three weeks before planting.",TRUE,FALSE,FALSE,FALSE,TRUE,FALSE,FALSE,FALSE,FALSE,TRUE,TRUE,TRUE,FALSE,FALSE,FALSE,FALSE,FALSE,FALSE,,,FALSE,FALSE,FALSE,FALSE,FALSE,FALSE,FALSE,TRUE,FALSE,Black Locust,https://inaturalist-open-data.s3.amazonaws.com/photos/37431398/medium.jpeg
PLANT-00759,rosa carolina,Rosa carolina,"Carolina Rose, Pasture Rose",Alabama | Arkansas | Connecticut | Delaware | Florida | Georgia | Illinois | Indiana | Iowa | Kansas | Kentucky | Louisiana | Maine | Maryland | Massachusetts | Michigan | Minnesota | Mississippi | Missouri | Nebraska | New Hampshire | New Jersey | New York | North Carolina | Ohio | Oklahoma | Pennsylvania | Rhode Island | South Carolina | Tennessee | Texas | Vermont | Virginia | West Virginia | Wisconsin,Deciduous shrub,Full sun,Medium to wet,Medium,4,9,May,May,ROCA4,Rosaceae,Shrub,Perennial,"Up to about 6 feet tall, often shorter.",Pink,"May , Jun , Jul , Aug",Low,"Sun , Part Shade","Dry , Moist , Wet",Acidic (pH<6.8),"Rocky or sandy, well-drained soils.",,yes,"Propagated by seed, cuttings or",TRUE,TRUE,FALSE,TRUE,FALSE,FALSE,FALSE,FALSE,FALSE,FALSE,TRUE,TRUE,TRUE,TRUE,FALSE,FALSE,FALSE,FALSE,,,FALSE,FALSE,FALSE,FALSE,FALSE,FALSE,FALSE,TRUE,FALSE,"Carolina Rose, Pasture Rose",https://static.inaturalist.org/photos/42238806/medium.jpg
PLANT-00760,rosa palustris,Rosa palustris,Swamp Rose,Alabama | Arkansas | Connecticut | Delaware | Florida | Georgia | Illinois | Indiana | Iowa | Kentucky | Louisiana | Maine | Maryland | Massachusetts | Michigan | Mississippi | Missouri | New Hampshire | New Jersey | New York | North Carolina | Ohio | Oklahoma | Pennsylvania | Rhode Island | South Carolina | Tennessee | Vermont | Virginia | West Virginia,Deciduous shrub,Full sun,Wet,Medium,4,9,June,July,ROPA,Rosaceae,Shrub,Perennial,"Up to about 10 feet tall, often shorter.",Pink,"May , Jun , Jul , Aug",Medium,"Sun , Part Shade , Shade","Moist , Wet",,"Wet, rich soils.",,yes,Propagated by,TRUE,TRUE,TRUE,FALSE,TRUE,FALSE,FALSE,FALSE,FALSE,FALSE,TRUE,TRUE,TRUE,TRUE,FALSE,FALSE,FALSE,FALSE,,,FALSE,FALSE,FALSE,FALSE,FALSE,FALSE,FALSE,TRUE,FALSE,Swamp Rose,https://inaturalist-open-data.s3.amazonaws.com/photos/241284130/medium.jpg
PLANT-00761,rosa setigera,Rosa setigera,"Climbing Prairie Rose, Climbing Rose, Prairie Rose",Alabama | Arkansas | Connecticut | Delaware | Florida | Georgia | Illinois | Indiana | Kansas | Kentucky | Louisiana | Michigan | Mississippi | Missouri | New Jersey | New York | Ohio | Oklahoma | South Carolina | Tennessee | Texas | Virginia | West Virginia,Deciduous shrub,Full sun to part shade,Medium to wet,Medium,5,8,June,June,ROSE2,Rosaceae,Shrub,Perennial,6-15 feet tall.,"White , Pink","May , Jun , Jul , Aug",Low,"Sun , Part Shade , Shade","Dry , Moist",,"Clay, Sand, Loam",,yes,,TRUE,TRUE,TRUE,TRUE,FALSE,FALSE,FALSE,FALSE,FALSE,FALSE,TRUE,TRUE,TRUE,TRUE,FALSE,FALSE,FALSE,FALSE,,,FALSE,FALSE,FALSE,FALSE,FALSE,FALSE,FALSE,TRUE,FALSE,"Climbing Prairie Rose, Climbing Rose, Prairie Rose",https://inaturalist-open-data.s3.amazonaws.com/photos/137275/medium.jpg
PLANT-00762,rubus odoratus,Rubus odoratus,"Purple-flowering Raspberry, Thimbleberry",Alabama | Connecticut | Delaware | Georgia | Illinois | Indiana | Kentucky | Maine | Maryland | Massachusetts | Michigan | New Hampshire | New Jersey | New York | North Carolina | Ohio | Pennsylvania | Rhode Island | Tennessee | Vermont | Virginia | Washington | West Virginia | Wisconsin,Deciduous shrub,Full sun to part shade,Medium,Low,3,8,June,August,RUOD,Rosaceae,Subshrub,Perennial,Up to about 6 feet tall.,"Pink , Purple","Jun , Jul , Aug",Medium,"Sun , Part Shade , Shade",Moist,Acidic (pH<6.8),"Gravelly, sandy, or deep forest loams.","Very high for songbirds, game birds, and large and small mammals.",yes,Information about propagation by seed or cuttings is scarce because plants are so easily obtained by digging up suckers.,TRUE,TRUE,TRUE,FALSE,TRUE,FALSE,FALSE,FALSE,FALSE,FALSE,FALSE,TRUE,TRUE,TRUE,FALSE,FALSE,FALSE,FALSE,,,FALSE,FALSE,FALSE,FALSE,FALSE,FALSE,FALSE,TRUE,FALSE,"Purple-flowering Raspberry, Thimbleberry",https://inaturalist-open-data.s3.amazonaws.com/photos/17302/medium.jpg
PLANT-00763,rubus parviflorus,Rubus parviflorus,"Western Thimbleberry, Thimbleberry",Alaska | Arizona | California | Colorado | Idaho | Illinois | Iowa | Massachusetts | Michigan | Minnesota | Montana | Nevada | New Mexico | Oregon | South Dakota | Utah | Washington | Wisconsin | Wyoming,Deciduous shrub,Full sun to part shade,Medium,Medium,3,10,May,July,RUPA,Rosaceae,Subshrub,Perennial,Up to about 10 feet tall.,White,"May , Jun , Jul , Aug",High,"Sun , Part Shade , Shade","Dry , Moist",,Rocky soils.,"Valuable to songbirds, game birds, and large and small mammals.",,,TRUE,TRUE,TRUE,FALSE,FALSE,TRUE,FALSE,FALSE,FALSE,FALSE,TRUE,TRUE,TRUE,TRUE,FALSE,FALSE,FALSE,FALSE,,,FALSE,FALSE,FALSE,FALSE,FALSE,FALSE,FALSE,TRUE,FALSE,"Western Thimbleberry, Thimbleberry",https://static.inaturalist.org/photos/508162072/medium.jpg
PLANT-00764,rudbeckia fulgida,Rudbeckia fulgida,"Orange Coneflower, Orange Rudbeckia, Perennial Black-eyed Susan",Alabama | Arkansas | Delaware | Florida | Georgia | Illinois | Indiana | Iowa | Kentucky | Maryland | Michigan | Mississippi | Missouri | New Jersey | North Carolina | Ohio | Oklahoma | Pennsylvania | South Carolina | Tennessee | Texas | Virginia | West Virginia | Wisconsin,Herbaceous perennial,Full sun,Dry to medium,Low,3,9,July,October,RUFU2,Asteraceae,Herb,Perennial,Up to about 4 feet tall.,"Orange , Yellow","Jul , Aug , Sep , Oct",,Sun,Moist,,Various soils.,,yes,Sow seeds in fall or provide cold stratification. Can be divided.,TRUE,FALSE,FALSE,FALSE,FALSE,FALSE,FALSE,FALSE,FALSE,FALSE,FALSE,FALSE,TRUE,TRUE,TRUE,TRUE,FALSE,FALSE,Bee,4,TRUE,FALSE,FALSE,FALSE,FALSE,FALSE,FALSE,TRUE,TRUE,"Orange Coneflower, Orange Rudbeckia, Perennial Black-eyed Susan",
PLANT-00765,rudbeckia fulgida var. sullivantii,Rudbeckia fulgida var. sullivantii,black-eyed Susan,Arkansas | Illinois | Indiana | Michigan | Missouri | New York | Ohio | Pennsylvania | West Virginia,Herbaceous perennial,Full sun,Dry to medium,Low,3,9,June,September,,,,,,,,,,,,,,,,,,,,,,,,,,,,,,,,,,,,FALSE,FALSE,FALSE,FALSE,FALSE,FALSE,FALSE,FALSE,FALSE,black-eyed Susan,
PLANT-00766,rudbeckia fulgida var. umbrosa,Rudbeckia fulgida var. umbrosa,Appalachian black-eyed Susan,Alabama | Arkansas | Georgia | Indiana | Kentucky | Mississippi | Missouri | North Carolina | Ohio | South Carolina | Tennessee | Virginia,Herbaceous perennial,Full sun,Dry to medium,Low,3,9,August,September,,,,,,,,,,,,,,,,,,,,,,,,,,,,,,,,,,,,FALSE,FALSE,FALSE,FALSE,FALSE,FALSE,FALSE,FALSE,FALSE,Appalachian black-eyed Susan,
PLANT-00767,rudbeckia hirta,Rudbeckia hirta,"Black-eyed Susan, Common Black-eyed Susan, Brown-eyed Susan, Blackeyed Susan",Alabama | Arkansas | Colorado | Connecticut | Delaware | Florida | Georgia | Illinois | Indiana | Iowa | Kansas | Kentucky | Louisiana | Maine | Maryland | Massachusetts | Michigan | Minnesota | Mississippi | Missouri | Nebraska | New Hampshire | New Jersey | New Mexico | New York | North Carolina | North Dakota | Ohio | Oklahoma | Pennsylvania | Rhode Island | South Carolina | South Dakota | Tennessee | Texas | Vermont | Virginia | West Virginia | Wisconsin | Wyoming,Herbaceous perennial,Full sun,Medium,Low,3,7,June,September,RUHI2,Asteraceae,Perennial,Annual,Up to about 3 feet tall.,"Red , Orange , Yellow","Mar , Apr , May , Jun , Jul , Aug , Sep , Oct , Nov",Medium,Sun,"Dry , Moist",Acidic (pH<6.8),"Moist to dry, well-drained soils. Juglones tolerant","Nectar-Bees, Nectar-Butterflies, Nectar-insects, Seeds-Granivorous birds",yes,"Propagates very easily from seed sown in fall or spring. Spring-sown seed should be stratified. Rake seed into a loose topsoil or cover with 1⁄4 to 1⁄2 inch of soil or mulch. If possible, supplement with water if fall or spring rains are infrequent and light. The seed requires several days of moisture and should germinate in one to two weeks.",TRUE,FALSE,FALSE,FALSE,TRUE,FALSE,FALSE,FALSE,TRUE,TRUE,TRUE,TRUE,TRUE,TRUE,TRUE,TRUE,TRUE,FALSE,,,FALSE,FALSE,FALSE,FALSE,FALSE,FALSE,FALSE,TRUE,FALSE,"Black-eyed Susan, Common Black-eyed Susan, Brown-eyed Susan, Blackeyed Susan",
PLANT-00768,rudbeckia laciniata,Rudbeckia laciniata,"Green-headed Coneflower, Greenhead Coneflower, Cutleaf Coneflower, Wild Goldenglow, Sochan",Alabama | Arizona | Arkansas | Colorado | Connecticut | Delaware | Florida | Georgia | Idaho | Illinois | Indiana | Iowa | Kansas | Kentucky | Louisiana | Maine | Maryland | Massachusetts | Michigan | Minnesota | Mississippi | Missouri | Montana | Nebraska | New Hampshire | New Jersey | New Mexico | New York | North Carolina | North Dakota | Ohio | Oklahoma | Pennsylvania | Rhode Island | South Carolina | South Dakota | Tennessee | Texas | Utah | Vermont | Virginia | Washington | West Virginia | Wisconsin | Wyoming,Herbaceous perennial,Full sun to part shade,Medium,Medium,3,9,July,September,RULA3,Asteraceae,Herb,Perennial,Up to about 10 feet tall.,Yellow,"Jun , Jul , Aug , Sep , Oct , Nov",Low,"Sun , Part Shade , Shade",Moist,Acidic (pH<6.8),"Moist, slightly acid soil.",,yes,Untreated seed.,TRUE,TRUE,TRUE,TRUE,FALSE,FALSE,FALSE,FALSE,FALSE,FALSE,FALSE,TRUE,TRUE,TRUE,TRUE,TRUE,TRUE,FALSE,,,FALSE,FALSE,FALSE,FALSE,FALSE,FALSE,FALSE,TRUE,FALSE,"Green-headed Coneflower, Greenhead Coneflower, Cutleaf Coneflower, Wild Goldenglow, Sochan",https://inaturalist-open-data.s3.amazonaws.com/photos/234705640/medium.jpg
PLANT-00769,rudbeckia maxima,Rudbeckia maxima,"Giant Coneflower, Great Coneflower, Giant Brown-eyed Susan, Cabbage Coneflower",Arkansas | Louisiana | Oklahoma | South Carolina | Texas,Herbaceous perennial,Full sun,Dry to medium,Low,4,9,June,July,RUMA3,Asteraceae,Herb,Perennial,Up to about 8 feet tall.,"Yellow , Brown","Mar , Apr , May , Jun , Jul , Aug , Sep",High,"Sun , Part Shade",Moist,,,,,,TRUE,TRUE,FALSE,FALSE,FALSE,TRUE,FALSE,FALSE,TRUE,TRUE,TRUE,TRUE,TRUE,TRUE,TRUE,FALSE,FALSE,FALSE,,,FALSE,FALSE,FALSE,FALSE,FALSE,FALSE,FALSE,TRUE,FALSE,"Giant Coneflower, Great Coneflower, Giant Brown-eyed Susan, Cabbage Coneflower",https://inaturalist-open-data.s3.amazonaws.com/photos/134071315/medium.jpg
PLANT-00770,rudbeckia missouriensis,Rudbeckia missouriensis,"Missouri Coneflower, Missouri Orange Coneflower",Arkansas | Illinois | Louisiana | Missouri | Oklahoma | Texas,Herbaceous perennial,Full sun,Dry to medium,Low,5,8,June,October,RUMI,Asteraceae,Herb,Perennial,To about 30 inches in height.,"Orange , Yellow , Brown","May , Jun , Jul , Aug , Sep , Oct , Nov",,,,,,,,,FALSE,FALSE,FALSE,FALSE,FALSE,FALSE,FALSE,FALSE,FALSE,FALSE,TRUE,TRUE,TRUE,TRUE,TRUE,TRUE,TRUE,FALSE,,,FALSE,FALSE,FALSE,FALSE,FALSE,FALSE,FALSE,TRUE,FALSE,"Missouri Coneflower, Missouri Orange Coneflower",
PLANT-00771,rudbeckia subtomentosa,Rudbeckia subtomentosa,"Sweet Coneflower, Sweet Black-eyed Susan",Arkansas | Illinois | Indiana | Iowa | Kansas | Kentucky | Louisiana | Michigan | Mississippi | Missouri | Oklahoma | Tennessee | Texas | Wisconsin,Herbaceous perennial,Full sun to part shade,Medium,Low,4,8,July,October,RUSU,Asteraceae,Herb,Perennial,Up to about 6 feet tall.,Yellow,"Jul , Aug , Sep , Oct , Nov",,Part Shade,Moist,,Moist soils.,,yes,,FALSE,TRUE,FALSE,FALSE,FALSE,FALSE,FALSE,FALSE,FALSE,FALSE,FALSE,FALSE,TRUE,TRUE,TRUE,TRUE,TRUE,FALSE,,,FALSE,FALSE,FALSE,FALSE,FALSE,FALSE,FALSE,TRUE,FALSE,"Sweet Coneflower, Sweet Black-eyed Susan",https://static.inaturalist.org/photos/9999597/medium.jpeg
PLANT-00772,rudbeckia triloba,Rudbeckia triloba,"Browneyed Susan, Brown-eyed-susan, Thin-leaved Coneflower, Three-lobed Rudbeckia",Alabama | Arkansas | Colorado | Connecticut | Delaware | Florida | Georgia | Illinois | Indiana | Iowa | Kansas | Kentucky | Louisiana | Maryland | Massachusetts | Michigan | Minnesota | Mississippi | Missouri | Nebraska | New Jersey | New York | North Carolina | Ohio | Oklahoma | Pennsylvania | South Carolina | Tennessee | Texas | Utah | Vermont | Virginia | West Virginia | Wisconsin,Herbaceous perennial,Full sun,Medium,Low,4,8,July,October,RUTR2,Asteraceae,Herb,Perennial,Up to about 5 feet tall.,"Red , Yellow , Brown","Jun , Jul , Aug , Sep , Oct , Nov",,"Sun , Part Shade","Dry , Moist",,Moist soils.,,,"Propagates very easily from seed sown in fall or spring. Large plants with numerous overlapping basal leaves, all from a single woody crown, may be divided in late winter or early spring",TRUE,TRUE,FALSE,FALSE,FALSE,FALSE,FALSE,FALSE,FALSE,FALSE,FALSE,TRUE,TRUE,TRUE,TRUE,TRUE,TRUE,FALSE,,,FALSE,FALSE,FALSE,FALSE,FALSE,FALSE,FALSE,TRUE,FALSE,"Browneyed Susan, Brown-eyed-susan, Thin-leaved Coneflower, Three-lobed Rudbeckia",https://inaturalist-open-data.s3.amazonaws.com/photos/4749943/medium.jpeg
PLANT-00773,ruellia humilis,Ruellia humilis,"Prairie Petunia, Fringeleaf Wild Petunia, Hairy Ruellia, Low Wild Petunia, Low Ruellia, Fringeleaf Ruellia, Fringe-leaf Wild Petunia",Alabama | Arkansas | Florida | Georgia | Illinois | Indiana | Iowa | Kansas | Kentucky | Louisiana | Maryland | Michigan | Minnesota | Mississippi | Missouri | Nebraska | New Jersey | North Carolina | Ohio | Oklahoma | Pennsylvania | Tennessee | Texas | Virginia | West Virginia | Wisconsin,Herbaceous perennial,Full sun to part shade,Dry to medium,Medium,4,8,May,October,RUHU,Acanthaceae,Herb,Perennial,Erect or rarely decumbent. Up to about 2 feet tall.,Purple,"May , Jun , Jul , Aug , Sep",Low,Part Shade,Moist,,,,yes,,FALSE,TRUE,FALSE,TRUE,FALSE,FALSE,FALSE,FALSE,FALSE,FALSE,TRUE,TRUE,TRUE,TRUE,TRUE,FALSE,FALSE,FALSE,,,FALSE,FALSE,FALSE,FALSE,FALSE,FALSE,FALSE,TRUE,FALSE,"Prairie Petunia, Fringeleaf Wild Petunia, Hairy Ruellia, Low Wild Petunia, Low Ruellia, Fringeleaf Ruellia, Fringe-leaf Wild Petunia",https://static.inaturalist.org/photos/415628928/medium.jpeg
PLANT-00774,ruellia strepens,Ruellia strepens,"Limestone Ruellia, Limestone Wild Petunia",Alabama | Arkansas | Delaware | Florida | Georgia | Illinois | Indiana | Iowa | Kansas | Kentucky | Louisiana | Maryland | Michigan | Mississippi | Missouri | Nebraska | New Jersey | North Carolina | Ohio | Oklahoma | Pennsylvania | South Carolina | Tennessee | Texas | Virginia | West Virginia,Herbaceous perennial,Part shade,Medium,Low,5,8,May,September,RUST2,Acanthaceae,Herb,Perennial,Up to about 3 feet tall.,"White , Purple , Violet","May , Jun , Jul , Aug",,,,,,,,,FALSE,FALSE,FALSE,FALSE,FALSE,FALSE,FALSE,FALSE,FALSE,FALSE,TRUE,TRUE,TRUE,TRUE,FALSE,FALSE,FALSE,FALSE,,,FALSE,FALSE,FALSE,FALSE,FALSE,FALSE,FALSE,TRUE,FALSE,"Limestone Ruellia, Limestone Wild Petunia",https://inaturalist-open-data.s3.amazonaws.com/photos/136599/medium.jpg
PLANT-00775,sabal etonia,Sabal etonia,scrub palmetto,Florida,Palm or Cycad,Full sun,Dry to medium,Medium,8,11,May,June,,,,,,,,,,,,,,,,,,,,,,,,,,,,,,,,,,,,FALSE,FALSE,FALSE,FALSE,FALSE,FALSE,FALSE,FALSE,FALSE,scrub palmetto,https://inaturalist-open-data.s3.amazonaws.com/photos/60313070/medium.jpg
PLANT-00776,sabal minor,Sabal minor,"Dwarf Palmetto, Bush Palmetto, Palmetto",Alabama | Arkansas | Florida | Louisiana | Mississippi | North Carolina | Oklahoma | South Carolina | Texas,Palm or Cycad,Full sun to part shade,Medium,High,7,10,June,July,SAMI8,Arecaceae,Shrub,Perennial,5-8 feet tall.,White,"May , Jun",Medium,"Sun , Part Shade , Shade","Dry , Moist",,"Moist soils. Sandy, Sandy Loam, Medium Loam, Clay Loam, Clay","Cover, Fruit-birds, Fruit-mammals, Nectar-insects, Nesting site",yes,"Fresh seeds require no pretreatment but germination will be better with stratification. Seeds require a moist, muddy seedbed.",TRUE,TRUE,TRUE,FALSE,TRUE,FALSE,FALSE,FALSE,FALSE,FALSE,TRUE,TRUE,FALSE,FALSE,FALSE,FALSE,FALSE,FALSE,,,FALSE,FALSE,FALSE,FALSE,FALSE,FALSE,FALSE,TRUE,FALSE,"Dwarf Palmetto, Bush Palmetto, Palmetto",https://inaturalist-open-data.s3.amazonaws.com/photos/407909479/medium.jpg
PLANT-00777,sabatia angularis,Sabatia angularis,"Rosepink, Rose-pink",Alabama | Arkansas | Connecticut | Delaware | Florida | Georgia | Illinois | Indiana | Kansas | Kentucky | Louisiana | Maryland | Massachusetts | Michigan | Mississippi | Missouri | New Jersey | New Mexico | New York | North Carolina | Ohio | Oklahoma | Pennsylvania | South Carolina | Tennessee | Texas | Virginia | West Virginia | Wisconsin,Herbaceous perennial,Full sun to part shade,Medium,Low,6,9,June,September,SAAN,Gentianaceae,Herb,Annual,Up to about 30 inches tall.,"White , Pink , Yellow","Jul , Aug , Sep , Oct",,Part Shade,Moist,,"Moist, sandy or peaty soils.",,yes,,FALSE,TRUE,FALSE,FALSE,FALSE,FALSE,FALSE,FALSE,FALSE,FALSE,FALSE,FALSE,TRUE,TRUE,TRUE,TRUE,FALSE,FALSE,,,FALSE,FALSE,FALSE,FALSE,FALSE,FALSE,FALSE,TRUE,FALSE,"Rosepink, Rose-pink",https://inaturalist-open-data.s3.amazonaws.com/photos/35109540/medium.jpeg
PLANT-00778,sagittaria graminea,Sagittaria graminea,"Grassy Arrowhead, Grass-leaf Arrowhead",Alabama | Arkansas | Colorado | Connecticut | Delaware | Florida | Georgia | Illinois | Indiana | Iowa | Kansas | Kentucky | Louisiana | Maine | Maryland | Massachusetts | Michigan | Minnesota | Mississippi | Missouri | Nebraska | New Hampshire | New Jersey | New Mexico | New York | North Carolina | Ohio | Oklahoma | Pennsylvania | Rhode Island | South Carolina | South Dakota | Tennessee | Texas | Vermont | Virginia | West Virginia | Wisconsin,Herbaceous perennial,Full sun,Wet,Low,4,10,May,September,SAGR,Alismataceae,Herb,Perennial,,"White , Yellow","Apr , May , Jun , Jul , Aug , Sep , Oct , Nov",,,,,,,,,FALSE,FALSE,FALSE,FALSE,FALSE,FALSE,FALSE,FALSE,FALSE,TRUE,TRUE,TRUE,TRUE,TRUE,TRUE,TRUE,TRUE,FALSE,,,FALSE,FALSE,FALSE,FALSE,FALSE,FALSE,FALSE,TRUE,FALSE,"Grassy Arrowhead, Grass-leaf Arrowhead",https://inaturalist-open-data.s3.amazonaws.com/photos/50208403/medium.jpg
PLANT-00779,sagittaria latifolia,Sagittaria latifolia,"Broadleaf Arrowhead, Arrowhead, Duckroot, Duck-potato, Wapato",Alabama | Arkansas | California | Colorado | Connecticut | Delaware | Florida | Georgia | Illinois | Indiana | Iowa | Kansas | Kentucky | Louisiana | Maine | Maryland | Michigan | Minnesota | Mississippi | Missouri | Nebraska | New Hampshire | New Jersey | New York | North Carolina | North Dakota | Ohio | Oklahoma | Pennsylvania | Rhode Island | South Carolina | South Dakota | Tennessee | Texas | Vermont | Virginia | West Virginia | Wisconsin,Herbaceous perennial,Full sun,Wet,Medium,5,10,July,September,SALA2,Alismataceae,Herb,Perennial,Up to about 3 feet tall.,"White , Pink","Jun , Jul , Aug , Sep , Oct , Nov",High,"Sun , Part Shade",Wet,,"Mud, Shallow water or fully saturated soils.",Arrowhead's underground tubers are preferred by at least fifteen species of ducks and by snapping turtles.,yes,Propagation by seed is possible.,TRUE,TRUE,FALSE,FALSE,FALSE,TRUE,FALSE,FALSE,FALSE,FALSE,FALSE,TRUE,TRUE,TRUE,TRUE,TRUE,TRUE,FALSE,,,FALSE,FALSE,FALSE,FALSE,FALSE,FALSE,FALSE,TRUE,FALSE,"Broadleaf Arrowhead, Arrowhead, Duckroot, Duck-potato, Wapato",https://inaturalist-open-data.s3.amazonaws.com/photos/89848802/medium.jpg
PLANT-00780,salix discolor,Salix discolor,"Pussy Willow, Glaucous Willow",Colorado | Connecticut | Delaware | Idaho | Illinois | Indiana | Iowa | Kentucky | Maine | Maryland | Massachusetts | Michigan | Minnesota | Missouri | Montana | New Hampshire | New Jersey | New York | North Dakota | Ohio | Oklahoma | Pennsylvania | Rhode Island | South Dakota | Vermont | Virginia | West Virginia | Wisconsin | Wyoming,Deciduous shrub,Full sun to part shade,Medium to wet,Low,4,8,March,April,SADI,Salicaceae,Shrub,Perennial,"Up to about 25 feet tall, often shorter.","White , Green , Brown","Feb , Mar , Apr , May",High,Sun,Moist,Circumneutral (pH 6.8-7.2),Damp soils.,"Early season harvest for songbirds, waterfowl and small mammals",yes,Willows are among the easiest of all plants to root from cuttings. Semi-hardwood or hardwood,TRUE,FALSE,FALSE,FALSE,FALSE,TRUE,FALSE,TRUE,TRUE,TRUE,TRUE,FALSE,FALSE,FALSE,FALSE,FALSE,FALSE,FALSE,,,FALSE,FALSE,FALSE,FALSE,FALSE,FALSE,FALSE,TRUE,FALSE,"Pussy Willow, Glaucous Willow",https://inaturalist-open-data.s3.amazonaws.com/photos/65143489/medium.jpg
PLANT-00781,salix nigra,Salix nigra,"Black Willow, Gulf Black Willow, Swamp Willow, Sauz",Alabama | Arkansas | Colorado | Connecticut | Delaware | Florida | Georgia | Illinois | Indiana | Iowa | Kansas | Kentucky | Louisiana | Maine | Maryland | Massachusetts | Michigan | Minnesota | Mississippi | Missouri | Nebraska | New Hampshire | New Jersey | New York | North Carolina | Ohio | Oklahoma | Pennsylvania | Rhode Island | South Carolina | Tennessee | Texas | Vermont | Virginia | West Virginia | Wisconsin,Tree,Full sun to part shade,Medium to wet,High,4,9,March,April,SANI,Salicaceae,Tree,Perennial,Up to about 60 feet tall.,Yellow,"Feb , Mar , Apr , May , Jun",High,"Sun , Part Shade , Shade","Moist , Wet",,"Clay, Loam, Sand",The,yes,Willows are among the easiest of all plants to root from cuttings.,TRUE,TRUE,TRUE,FALSE,FALSE,TRUE,FALSE,TRUE,TRUE,TRUE,TRUE,TRUE,FALSE,FALSE,FALSE,FALSE,FALSE,FALSE,,,FALSE,FALSE,FALSE,FALSE,FALSE,FALSE,FALSE,TRUE,FALSE,"Black Willow, Gulf Black Willow, Swamp Willow, Sauz",https://inaturalist-open-data.s3.amazonaws.com/photos/17363461/medium.jpg
PLANT-00782,salvia azurea,Salvia azurea,"Pitcher Sage, Big Blue Sage, Azure Sage, Giant Blue Sage, Blue Sage",Alabama | Arkansas | Florida | Georgia | Iowa | Kansas | Louisiana | Mississippi | Missouri | Nebraska | North Carolina | Oklahoma | South Carolina | Texas,Herbaceous perennial,Full sun,Dry to medium,Low,5,9,July,October,SAAZ,Lamiaceae,Herb,Perennial,Up to about 5 feet tall.,"White , Blue","Jul , Aug , Sep , Oct , Nov",Low,Part Shade,Dry,,"Limestone-based, Sandy, Sandy Loam, Medium Loam, Clay Loam, Clay",,,,FALSE,TRUE,FALSE,TRUE,FALSE,FALSE,FALSE,FALSE,FALSE,FALSE,FALSE,FALSE,TRUE,TRUE,TRUE,TRUE,TRUE,FALSE,,,FALSE,FALSE,FALSE,FALSE,FALSE,FALSE,FALSE,TRUE,FALSE,"Pitcher Sage, Big Blue Sage, Azure Sage, Giant Blue Sage, Blue Sage",https://inaturalist-open-data.s3.amazonaws.com/photos/15789/medium.jpg
PLANT-00783,salvia azurea var. grandiflora,Salvia azurea var. grandiflora,blue sage,Alabama | Arizona | Arkansas | Colorado | Florida | Georgia | Illinois | Kansas | Louisiana | Mississippi | Missouri | Nebraska | New Mexico | Oklahoma | South Carolina | Tennessee | Texas,Herbaceous perennial,Full sun,Dry to medium,Medium,5,9,July,October,,,,,,,,,,,,,,,,,,,,,,,,,,,,,,,,,,,,FALSE,FALSE,FALSE,FALSE,FALSE,FALSE,FALSE,FALSE,FALSE,blue sage,
PLANT-00784,salvia lyrata,Salvia lyrata,"Lyreleaf Sage, Cancer Weed",Alabama | Arkansas | Connecticut | Delaware | Florida | Georgia | Illinois | Indiana | Kansas | Kentucky | Louisiana | Maryland | Mississippi | Missouri | New Jersey | New York | North Carolina | Ohio | Oklahoma | Pennsylvania | South Carolina | Tennessee | Texas | Virginia | West Virginia,Herbaceous perennial,Full sun,Medium to wet,Medium,5,8,April,June,SALY2,Lamiaceae,Herb,Perennial,"Up to about 2 feet tall, often shorter.","White , Blue , Purple","Mar , Apr , May , Jun","Low , Medium","Sun , Part Shade , Shade","Dry , Moist",Circumneutral (pH 6.8-7.2),"Acid or calcareous sands, loams, or clays, well-drained or not.",Flowers attract hummingbirds and butterflies.,yes,"Propagate by divisions, rooted sections, or seeds.",TRUE,TRUE,TRUE,TRUE,TRUE,FALSE,FALSE,FALSE,TRUE,TRUE,TRUE,TRUE,FALSE,FALSE,FALSE,FALSE,FALSE,FALSE,,,FALSE,FALSE,FALSE,FALSE,FALSE,FALSE,FALSE,TRUE,FALSE,"Lyreleaf Sage, Cancer Weed",https://inaturalist-open-data.s3.amazonaws.com/photos/80497432/medium.jpg
PLANT-00785,salvia penstemonoides,Salvia penstemonoides,big red sage,Texas,Herbaceous perennial,Full sun to part shade,Medium,Low,6,10,June,September,,,,,,,,,,,,,,,,,,,,,,,,,,,,,,,,,,,,FALSE,FALSE,FALSE,FALSE,FALSE,FALSE,FALSE,FALSE,FALSE,big red sage,
PLANT-00786,salvia pratensis,Salvia pratensis,meadow sage,Massachusetts | Montana,Herbaceous perennial,Full sun,Dry to medium,Low,4,8,May,September,,,,,,,,,,,,,,,,,,,,,,,,,,,,,,,,,,,,FALSE,FALSE,FALSE,FALSE,FALSE,FALSE,FALSE,FALSE,FALSE,meadow sage,https://inaturalist-open-data.s3.amazonaws.com/photos/19428761/medium.jpg
PLANT-00787,sambucus canadensis,Sambucus canadensis,American black elderberry,Alabama | Arizona | Arkansas | California | Colorado | Connecticut | Delaware | Florida | Georgia | Illinois | Indiana | Iowa | Kansas | Kentucky | Louisiana | Maine | Maryland | Massachusetts | Michigan | Minnesota | Mississippi | Missouri | Montana | Nebraska | New Hampshire | New Jersey | New Mexico | New York | North Carolina | North Dakota | Ohio | Oklahoma | Pennsylvania | Rhode Island | South Carolina | South Dakota | Tennessee | Texas | Vermont | Virginia | West Virginia | Wisconsin | Wyoming,Deciduous shrub,Full sun to part shade,Medium to wet,High,3,9,June,July,,,,,,,,,,,,,,,,,,,,,,,,,,,,,,,,,,,,FALSE,FALSE,FALSE,FALSE,FALSE,FALSE,FALSE,FALSE,FALSE,American black elderberry,https://inaturalist-open-data.s3.amazonaws.com/photos/104695913/medium.jpg
PLANT-00788,sambucus racemosa,Sambucus racemosa,Red Elderberry,Alaska | Arizona | California | Colorado | Connecticut | Delaware | Georgia | Idaho | Illinois | Indiana | Iowa | Kentucky | Maine | Maryland | Massachusetts | Michigan | Minnesota | Missouri | Montana | Nevada | New Hampshire | New Jersey | New Mexico | New York | North Carolina | North Dakota | Ohio | Oregon | Pennsylvania | Rhode Island | South Dakota | Tennessee | Utah | Vermont | Virginia | Washington | West Virginia | Wisconsin | Wyoming,Deciduous shrub,Full sun to part shade,Medium to wet,Medium,3,7,May,June,SARA2,Caprifoliaceae,Tree,Perennial,Up to about 20 feet tall.,White,"May , Jun , Jul , Aug",,"Sun , Part Shade , Shade","Moist , Wet",,,"Hummingbirds, Butterflies",,,TRUE,TRUE,TRUE,FALSE,FALSE,FALSE,FALSE,FALSE,FALSE,FALSE,TRUE,TRUE,TRUE,TRUE,FALSE,FALSE,FALSE,FALSE,Bee | Beetle | Fly,5,TRUE,FALSE,FALSE,TRUE,TRUE,FALSE,FALSE,TRUE,TRUE,Red Elderberry,
PLANT-00789,sanguinaria canadensis,Sanguinaria canadensis,Bloodroot,Alabama | Arkansas | Connecticut | Delaware | Florida | Georgia | Illinois | Indiana | Iowa | Kansas | Kentucky | Louisiana | Maine | Maryland | Massachusetts | Michigan | Minnesota | Mississippi | Missouri | Nebraska | New Hampshire | New Jersey | New York | North Carolina | North Dakota | Ohio | Oklahoma | Pennsylvania | Rhode Island | South Carolina | South Dakota | Tennessee | Texas | Vermont | Virginia | West Virginia | Wisconsin,Herbaceous perennial,Part shade to full shade,Medium,Medium,3,8,March,April,SACA13,Papaveraceae,Herb,Perennial,Up to about 2 feet tall.,White,"Mar , Apr",,"Part Shade , Shade","Moist , Wet",Circumneutral (pH 6.8-7.2),"Moist to mesic, well-drained, humus-rich soils.",,yes,The most reliable method of propagation is by seed. Plant seeds immediately after collection as they must not be allowed to dry out. Propagate by,FALSE,TRUE,TRUE,FALSE,FALSE,FALSE,FALSE,FALSE,TRUE,TRUE,FALSE,FALSE,FALSE,FALSE,FALSE,FALSE,FALSE,FALSE,,,FALSE,FALSE,FALSE,FALSE,FALSE,FALSE,FALSE,TRUE,FALSE,Bloodroot,
PLANT-00790,sanguisorba officinalis,Sanguisorba officinalis,"Burnet Bloodwort, Burnet-bloodwort, Great Burnet",Alaska | California | Maine | Michigan | Minnesota | Nebraska | Oregon | Pennsylvania | Washington,Herbaceous perennial,Full sun,Medium,Low,4,8,May,June,SAOF3,Rosaceae,Herb,,Up to about 6 feet tall.,Green,"Jun , Jul , Aug , Sep",,,,,,,,,FALSE,FALSE,FALSE,FALSE,FALSE,FALSE,FALSE,FALSE,FALSE,FALSE,FALSE,TRUE,TRUE,TRUE,TRUE,FALSE,FALSE,FALSE,,,FALSE,FALSE,FALSE,FALSE,FALSE,FALSE,FALSE,TRUE,FALSE,"Burnet Bloodwort, Burnet-bloodwort, Great Burnet",
PLANT-00791,sapindus drummondii,Sapindus drummondii,western soapberry,Arizona | Arkansas | Colorado | Kansas | Louisiana | Missouri | New Mexico | Oklahoma | Texas,Tree,Full sun to part shade,Dry to medium,Medium,6,9,May,June,,,,,,,,,,,,,,,,,,,,,,,,,,,,,,,,,,,,FALSE,FALSE,FALSE,FALSE,FALSE,FALSE,FALSE,FALSE,FALSE,western soapberry,
PLANT-00792,sarracenia flava,Sarracenia flava,"Yellow Pitcherplant, Trumpets, Yellow Pitcher Plant",Alabama | Florida | Georgia | North Carolina | South Carolina | Virginia,Herbaceous perennial,Full sun,Wet,High,6,8,April,May,SAFL4,Sarraceniaceae,Herb,Perennial,Up to about 2 feet tall.,Yellow,"Apr , May",,,,,,,,,FALSE,FALSE,FALSE,FALSE,FALSE,FALSE,FALSE,FALSE,FALSE,TRUE,TRUE,FALSE,FALSE,FALSE,FALSE,FALSE,FALSE,FALSE,,,FALSE,FALSE,FALSE,FALSE,FALSE,FALSE,FALSE,TRUE,FALSE,"Yellow Pitcherplant, Trumpets, Yellow Pitcher Plant",
PLANT-00793,sarracenia flava var. rubricorpora,Sarracenia flava var. rubricorpora,yellow trumpet pitcher plant,Alabama | Florida | South Carolina,Herbaceous perennial,Full sun,Wet,High,6,8,April,May,,,,,,,,,,,,,,,,,,,,,,,,,,,,,,,,,,,,FALSE,FALSE,FALSE,FALSE,FALSE,FALSE,FALSE,FALSE,FALSE,yellow trumpet pitcher plant,
PLANT-00794,sarracenia leucophylla,Sarracenia leucophylla,"Crimson Pitcherplant, Crimson Pitcher-plant, Crimson Pitcher Plant",Alabama | Florida | Georgia | Mississippi,Herbaceous perennial,Full sun,Wet,High,6,8,April,May,SALE4,Sarraceniaceae,Herb,Perennial,Up to about 3 feet tall.,"Red , Green","Mar , Apr",,,,,,,,,FALSE,FALSE,FALSE,FALSE,FALSE,FALSE,FALSE,FALSE,TRUE,TRUE,FALSE,FALSE,FALSE,FALSE,FALSE,FALSE,FALSE,FALSE,,,FALSE,FALSE,FALSE,FALSE,FALSE,FALSE,FALSE,TRUE,FALSE,"Crimson Pitcherplant, Crimson Pitcher-plant, Crimson Pitcher Plant",
PLANT-00795,sarracenia minor,Sarracenia minor,"Hooded Pitcherplant, Hooded Pitcher-plant, Hooded Pitcher Plant",Florida | Georgia | North Carolina | South Carolina,Herbaceous perennial,Full sun,Wet,High,6,8,May,June,SAMI9,Sarraceniaceae,Herb,Perennial,Up to about 2 feet tall.,"Yellow , Green","Mar , Apr , May",,,,,,,,,FALSE,FALSE,FALSE,FALSE,FALSE,FALSE,FALSE,FALSE,TRUE,TRUE,TRUE,FALSE,FALSE,FALSE,FALSE,FALSE,FALSE,FALSE,,,FALSE,FALSE,FALSE,FALSE,FALSE,FALSE,FALSE,TRUE,FALSE,"Hooded Pitcherplant, Hooded Pitcher-plant, Hooded Pitcher Plant",
PLANT-00796,sarracenia oreophila,Sarracenia oreophila,green pitcherplant,Alabama | Georgia | North Carolina | Tennessee,Herbaceous perennial,Full sun,Wet,High,6,8,May,May,,,,,,,,,,,,,,,,,,,,,,,,,,,,,,,,,,,,FALSE,FALSE,FALSE,FALSE,FALSE,FALSE,FALSE,FALSE,FALSE,green pitcherplant,
PLANT-00797,sarracenia purpurea,Sarracenia purpurea,"Purple Pitcherplant, Northern Pitcher-plant, Purple Pitcher Plant",Alabama | California | Connecticut | Delaware | Florida | Georgia | Illinois | Indiana | Louisiana | Maine | Maryland | Michigan | Minnesota | Mississippi | New Hampshire | New Jersey | New York | North Carolina | Ohio | Pennsylvania | Rhode Island | South Carolina | Tennessee | Vermont | Virginia | Washington | West Virginia | Wisconsin,Herbaceous perennial,Full sun,Wet,High,3,8,May,June,SAPU4,Sarraceniaceae,Herb,Perennial,Up to about 30 inches tall.,"Red , Green , Purple","May , Jun , Jul , Aug",,Sun,"Moist , Wet",Acidic (pH<6.8),,Other Showy Insects,,,TRUE,FALSE,FALSE,FALSE,FALSE,FALSE,FALSE,FALSE,FALSE,FALSE,TRUE,TRUE,TRUE,TRUE,FALSE,FALSE,FALSE,FALSE,,,FALSE,FALSE,FALSE,FALSE,FALSE,FALSE,FALSE,TRUE,FALSE,"Purple Pitcherplant, Northern Pitcher-plant, Purple Pitcher Plant",
PLANT-00798,sarracenia purpurea subsp. purpurea,Sarracenia purpurea subsp. purpurea,common pitcher plant,Alaska | Connecticut | Indiana | Maine | Massachusetts | Michigan | New Hampshire | New Jersey | New York | Ohio | Pennsylvania | Rhode Island | Vermont | West Virginia,Herbaceous perennial,Full sun,Wet,High,3,7,May,June,,,,,,,,,,,,,,,,,,,,,,,,,,,,,,,,,,,,FALSE,FALSE,FALSE,FALSE,FALSE,FALSE,FALSE,FALSE,FALSE,common pitcher plant,
PLANT-00799,sarracenia purpurea subsp. venosa,Sarracenia purpurea subsp. venosa,purple pitcher plant,Alabama | Arkansas | Delaware | Florida | Georgia | Kentucky | Louisiana | Maryland | Mississippi | North Carolina | South Carolina | Tennessee | Virginia,Herbaceous perennial,Full sun,Wet,High,6,8,May,June,,,,,,,,,,,,,,,,,,,,,,,,,,,,,,,,,,,,FALSE,FALSE,FALSE,FALSE,FALSE,FALSE,FALSE,FALSE,FALSE,purple pitcher plant,
PLANT-00800,sarracenia rubra,Sarracenia rubra,"Sweet Pitcherplant, Sweet Pitcher Plant",Alabama | Florida | Georgia | North Carolina | South Carolina,Herbaceous perennial,Full sun,Wet,High,6,8,April,May,SARU4,Sarraceniaceae,Herb,Perennial,Up to about 30 inches tall when flowering.,Red,"Apr , May",,,,,,,,,FALSE,FALSE,FALSE,FALSE,FALSE,FALSE,FALSE,FALSE,FALSE,TRUE,TRUE,FALSE,FALSE,FALSE,FALSE,FALSE,FALSE,FALSE,,,FALSE,FALSE,FALSE,FALSE,FALSE,FALSE,FALSE,TRUE,FALSE,"Sweet Pitcherplant, Sweet Pitcher Plant",
PLANT-00801,sarracenia rubra f. jonesii,Sarracenia rubra f. jonesii,sweet pitcher plant,Alabama | Arkansas | Delaware | Florida | Georgia | Kentucky | Louisiana | Maryland | Mississippi | North Carolina | South Carolina | Tennessee | Virginia,Herbaceous perennial,Full sun,Wet,High,6,8,April,May,,,,,,,,,,,,,,,,,,,,,,,,,,,,,,,,,,,,FALSE,FALSE,FALSE,FALSE,FALSE,FALSE,FALSE,FALSE,FALSE,sweet pitcher plant,
PLANT-00802,sarracenia ã— catesbaei,Sarracenia Ã— catesbaei,hybrid pitcher plant,Alabama | Florida | Georgia | North Carolina | Pennsylvania | South Carolina | Virginia,Herbaceous perennial,Full sun,Wet,High,5,9,April,May,,,,,,,,,,,,,,,,,,,,,,,,,,,,,,,,,,,,FALSE,FALSE,FALSE,FALSE,FALSE,FALSE,FALSE,FALSE,FALSE,hybrid pitcher plant,
PLANT-00803,sassafras albidum,Sassafras albidum,"Sassafras, White Sassafras, Ague Tree, Cinnamon Wood, Mitten Tree, Saloop, Smelling Stick",Alabama | Arkansas | Connecticut | Delaware | Florida | Georgia | Illinois | Indiana | Iowa | Kansas | Kentucky | Louisiana | Maine | Maryland | Massachusetts | Michigan | Mississippi | Missouri | New Hampshire | New Jersey | New York | North Carolina | Ohio | Oklahoma | Pennsylvania | Rhode Island | South Carolina | Tennessee | Texas | Vermont | Virginia | West Virginia | Wisconsin,Tree,Full sun to part shade,Medium,Medium,4,9,April,May,SAAL5,Lauraceae,Tree,Perennial,,"Yellow , Green , Brown","Mar , Apr , May",Low,"Sun , Part Shade , Shade",Moist,Acidic (pH<6.8),"Rich, moist, sandy loams. Sandy, Sandy Loam, Medium Loam, Acid-based",Fruit-birds.,yes,Sow seed outdoors in the fall or stratify the seed and sow in spring. Sassafras may be multiplied from root cuttings taken in early spring before the plant leafs out. Sassafras freely produces root suckers which can be dug and moved. Dig around the suc,TRUE,TRUE,TRUE,TRUE,FALSE,FALSE,FALSE,FALSE,TRUE,TRUE,TRUE,FALSE,FALSE,FALSE,FALSE,FALSE,FALSE,FALSE,,,FALSE,FALSE,FALSE,FALSE,FALSE,FALSE,FALSE,TRUE,FALSE,"Sassafras, White Sassafras, Ague Tree, Cinnamon Wood, Mitten Tree, Saloop, Smelling Stick",
PLANT-00804,saururus cernuus,Saururus cernuus,"Lizard's Tail, Lizard Tail, Breastweed, Water Dragon",Alabama | Arkansas | Connecticut | Delaware | Florida | Georgia | Illinois | Indiana | Kansas | Kentucky | Louisiana | Maryland | Massachusetts | Michigan | Mississippi | Missouri | New Jersey | New York | North Carolina | Ohio | Oklahoma | Pennsylvania | Rhode Island | South Carolina | Tennessee | Texas | Virginia | West Virginia | Wisconsin,Herbaceous perennial,Full sun to part shade,Wet,Low,3,9,June,September,SACE,Saururaceae,Herb,Perennial,Up to about 4 feet tall.,White,"Mar , Apr , May , Jun , Jul , Aug , Sep",High,"Part Shade , Shade","Moist , Wet",,Wet soils. Mud.,Valued by wood ducks.,yes,,FALSE,TRUE,TRUE,FALSE,FALSE,TRUE,FALSE,FALSE,TRUE,TRUE,TRUE,TRUE,TRUE,TRUE,TRUE,FALSE,FALSE,FALSE,,,FALSE,FALSE,FALSE,FALSE,FALSE,FALSE,FALSE,TRUE,FALSE,"Lizard's Tail, Lizard Tail, Breastweed, Water Dragon",https://inaturalist-open-data.s3.amazonaws.com/photos/391564513/medium.jpeg
PLANT-00805,schizachyrium scoparium,Schizachyrium scoparium,"Little Bluestem, Popotillo Azul",Alabama | Arizona | Arkansas | California | Colorado | Connecticut | Delaware | Florida | Georgia | Idaho | Illinois | Indiana | Iowa | Kansas | Kentucky | Louisiana | Maine | Maryland | Michigan | Minnesota | Mississippi | Missouri | Montana | Nebraska | New Hampshire | New Jersey | New Mexico | New York | North Carolina | North Dakota | Ohio | Oklahoma | Pennsylvania | Rhode Island | South Carolina | South Dakota | Tennessee | Texas | Utah | Vermont | Virginia | Washington | West Virginia | Wisconsin | Wyoming,Ornamental grass,Full sun,Dry to medium,Low,3,9,August,February,SCSC,Poaceae,Grass/Grass-like,Perennial,"Up to about 7 feet tall, often shorter.","White , Green , Brown","Jun , Jul , Aug , Sep , Oct , Nov , Dec",Low,"Sun , Part Shade",Dry,,"Well-drained soil. Sandy, Sandy Loam, Medium Loam, Clay Loam, Clay, Limestone-based","Graze, Cover, Nesting material, Seeds-Small mammals, Seeds-granivorous birds.",yes,Easily propagated,TRUE,TRUE,FALSE,TRUE,FALSE,FALSE,FALSE,FALSE,FALSE,FALSE,FALSE,TRUE,TRUE,TRUE,TRUE,TRUE,TRUE,TRUE,,,FALSE,FALSE,FALSE,FALSE,FALSE,FALSE,FALSE,TRUE,FALSE,"Little Bluestem, Popotillo Azul",https://inaturalist-open-data.s3.amazonaws.com/photos/163915824/medium.jpg
PLANT-00806,schoenoplectus tabernaemontani,Schoenoplectus tabernaemontani,"Softstem Bulrush, Soft-stem Club-rush, Great Bulrush",Alabama | Alaska | Arizona | Arkansas | California | Colorado | Connecticut | Delaware | Florida | Georgia | Hawaii | Idaho | Illinois | Indiana | Iowa | Kansas | Kentucky | Louisiana | Maine | Maryland | Massachusetts | Michigan | Minnesota | Mississippi | Missouri | Montana | Nebraska | Nevada | New Hampshire | New Jersey | New Mexico | New York | North Carolina | North Dakota | Ohio | Oklahoma | Oregon | Pennsylvania | Rhode Island | South Carolina | South Dakota | Tennessee | Texas | Utah | Vermont | Virginia | Washington | West Virginia | Wisconsin | Wyoming,Rush or Sedge,Full sun,Wet,Low,4,9,May,September,SCTA2,Cyperaceae,Grass/Grass-like,Perennial,Up to about 10 feet tall.,Brown,"Jan , Feb , Mar , Apr , May , Jun , Jul , Aug , Sep , Oct , Nov , Dec",High,Sun,Wet,,Wet soil to standing water.,Nesting cover for waterbirds and food for muskrats.,yes,Germinating seed in water at 86-90 degrees in continous high light gives good results.,TRUE,FALSE,FALSE,FALSE,FALSE,TRUE,TRUE,TRUE,TRUE,TRUE,TRUE,TRUE,TRUE,TRUE,TRUE,TRUE,TRUE,TRUE,,,FALSE,FALSE,FALSE,FALSE,FALSE,FALSE,FALSE,TRUE,FALSE,"Softstem Bulrush, Soft-stem Club-rush, Great Bulrush",https://inaturalist-open-data.s3.amazonaws.com/photos/341177034/medium.jpeg
PLANT-00807,scirpus atrovirens,Scirpus atrovirens,"Green Bulrush, Dark Green Bulrush",Alabama | Arizona | Arkansas | Connecticut | Delaware | Georgia | Idaho | Illinois | Indiana | Iowa | Kansas | Kentucky | Louisiana | Maine | Maryland | Michigan | Minnesota | Mississippi | Missouri | Montana | Nebraska | New Hampshire | New Jersey | New York | North Carolina | North Dakota | Ohio | Oklahoma | Pennsylvania | Rhode Island | South Carolina | South Dakota | Tennessee | Texas | Vermont | Virginia | Washington | West Virginia | Wisconsin,Rush or Sedge,Full sun to part shade,Medium to wet,Low,3,9,June,July,SCAT2,Cyperaceae,Grass/Grass-like,Perennial,Up to about 5 feet tall.,"Green , Brown","May , Jun , Jul , Aug",Medium,Sun,Wet,,Wet soils.,"Provides important food and cover for waterfowl, songbirds, shorebirds and muskrats.",yes,,TRUE,FALSE,FALSE,FALSE,TRUE,FALSE,FALSE,FALSE,FALSE,FALSE,TRUE,TRUE,TRUE,TRUE,FALSE,FALSE,FALSE,FALSE,,,FALSE,FALSE,FALSE,FALSE,FALSE,FALSE,FALSE,TRUE,FALSE,"Green Bulrush, Dark Green Bulrush",https://inaturalist-open-data.s3.amazonaws.com/photos/129765/medium.jpg
PLANT-00808,scirpus cyperinus,Scirpus cyperinus,"Woolgrass, Cottongrass Bulrush, Marsh Bulrush, Teddybear Paws",Alabama | Arkansas | Connecticut | Delaware | Florida | Georgia | Idaho | Illinois | Indiana | Iowa | Kentucky | Louisiana | Maine | Maryland | Massachusetts | Michigan | Minnesota | Mississippi | Missouri | Montana | New Hampshire | New Jersey | New York | North Carolina | Ohio | Oklahoma | Oregon | Pennsylvania | Rhode Island | South Carolina | South Dakota | Tennessee | Texas | Vermont | Virginia | Washington | West Virginia | Wisconsin,Rush or Sedge,Full sun to part shade,Wet,Low,4,8,June,July,SCCY,Cyperaceae,Grass/Grass-like,Perennial,Up to about 6 feet tall.,"Green , Brown","Jun , Jul , Aug , Sep",High,Sun,Wet,"Acidic (pH<6.8) , Circumneutral (pH 6.8-7.2)",Wet soil to standing water.,Seeds eaten by waterfowl. Roots eaten by muskrats and geese. Provides cover for nesting birds.,yes,,TRUE,FALSE,FALSE,FALSE,FALSE,TRUE,FALSE,FALSE,FALSE,FALSE,FALSE,TRUE,TRUE,TRUE,TRUE,FALSE,FALSE,FALSE,,,FALSE,FALSE,FALSE,FALSE,FALSE,FALSE,FALSE,TRUE,FALSE,"Woolgrass, Cottongrass Bulrush, Marsh Bulrush, Teddybear Paws",https://inaturalist-open-data.s3.amazonaws.com/photos/9233128/medium.jpeg
PLANT-00809,scrophularia marilandica,Scrophularia marilandica,"Carpenter's Square, Maryland Figwort",Alabama | Arkansas | Connecticut | Delaware | Florida | Georgia | Illinois | Indiana | Iowa | Kansas | Kentucky | Louisiana | Maine | Maryland | Massachusetts | Michigan | Minnesota | Mississippi | Missouri | Nebraska | New Hampshire | New Jersey | New York | North Carolina | Ohio | Oklahoma | Pennsylvania | Rhode Island | South Carolina | South Dakota | Tennessee | Texas | Vermont | Virginia | West Virginia | Wisconsin,Herbaceous perennial,Full sun to part shade,Medium,Low,4,7,July,September,SCMA2,Scrophulariaceae,Herb,Perennial,Up to about 10 feet tall.,"Green , Brown","Jun , Jul , Aug , Sep , Oct",,,,,,,,,FALSE,FALSE,FALSE,FALSE,FALSE,FALSE,FALSE,FALSE,FALSE,FALSE,FALSE,TRUE,TRUE,TRUE,TRUE,TRUE,FALSE,FALSE,,,FALSE,FALSE,FALSE,FALSE,FALSE,FALSE,FALSE,TRUE,FALSE,"Carpenter's Square, Maryland Figwort",https://inaturalist-open-data.s3.amazonaws.com/photos/89064687/medium.jpg
PLANT-00810,scutellaria incana,Scutellaria incana,"Hoary Skullcap, Downy Skullcap",Alabama | Arkansas | Delaware | Georgia | Illinois | Indiana | Iowa | Kansas | Kentucky | Louisiana | Maryland | Mississippi | Missouri | New Jersey | New York | North Carolina | Ohio | Oklahoma | Pennsylvania | South Carolina | Tennessee | Texas | Virginia | West Virginia | Wisconsin,Herbaceous perennial,Full sun to part shade,Dry to medium,Low,5,8,July,September,SCIN,Lamiaceae,Herb,Perennial,Up to about 3 feet tall.,"White , Blue , Purple , Violet","Jun , Jul , Aug , Sep","Low , Medium","Sun , Part Shade , Shade","Dry , Moist",Acidic (pH<6.8),"rich, acid soils and sands; dry to moist",Deer browse it.,yes,Seed and cuttings,TRUE,TRUE,TRUE,TRUE,TRUE,FALSE,FALSE,FALSE,FALSE,FALSE,FALSE,TRUE,TRUE,TRUE,TRUE,FALSE,FALSE,FALSE,,,FALSE,FALSE,FALSE,FALSE,FALSE,FALSE,FALSE,TRUE,FALSE,"Hoary Skullcap, Downy Skullcap",https://inaturalist-open-data.s3.amazonaws.com/photos/392851462/medium.jpg
PLANT-00811,scutellaria lateriflora,Scutellaria lateriflora,Blue Skullcap,Alabama | Arizona | Arkansas | California | Connecticut | Delaware | Florida | Georgia | Idaho | Illinois | Indiana | Iowa | Kansas | Kentucky | Louisiana | Maryland | Massachusetts | Michigan | Minnesota | Mississippi | Missouri | Nebraska | New Hampshire | New Jersey | New Mexico | New York | North Carolina | North Dakota | Ohio | Oklahoma | Oregon | Pennsylvania | Rhode Island | South Carolina | South Dakota | Tennessee | Texas | Vermont | Virginia | Washington | West Virginia | Wisconsin,Herbaceous perennial,Full sun to part shade,Medium to wet,Low,3,9,July,October,SCLA2,Lamiaceae,Herb,Perennial,Up to about 28 inches tall.,"Blue , Purple , Violet","Jun , Jul , Aug , Sep , Oct",,,,,,,,,FALSE,FALSE,FALSE,FALSE,FALSE,FALSE,FALSE,FALSE,FALSE,FALSE,FALSE,TRUE,TRUE,TRUE,TRUE,TRUE,FALSE,FALSE,,,FALSE,FALSE,FALSE,FALSE,FALSE,FALSE,FALSE,TRUE,FALSE,Blue Skullcap,https://inaturalist-open-data.s3.amazonaws.com/photos/29644765/medium.jpg
PLANT-00812,scutellaria ovata,Scutellaria ovata,"Heartleaf Skullcap, Heart-leaf Skullcap",Alabama | Arkansas | Georgia | Illinois | Indiana | Iowa | Kansas | Kentucky | Louisiana | Maryland | Minnesota | Mississippi | Missouri | North Carolina | Ohio | Oklahoma | South Carolina | Tennessee | Texas | Virginia | West Virginia | Wisconsin,Herbaceous perennial,Full sun,Dry to medium,Low,4,9,May,September,SCOV,Lamiaceae,Herb,Perennial,Up to about 3 feet tall.,"Blue , Purple , Violet","Apr , May , Jun , Jul",,"Part Shade , Shade",Moist,,,,,,FALSE,TRUE,TRUE,FALSE,FALSE,FALSE,FALSE,FALSE,FALSE,TRUE,TRUE,TRUE,TRUE,FALSE,FALSE,FALSE,FALSE,FALSE,,,FALSE,FALSE,FALSE,FALSE,FALSE,FALSE,FALSE,TRUE,FALSE,"Heartleaf Skullcap, Heart-leaf Skullcap",https://inaturalist-open-data.s3.amazonaws.com/photos/138159799/medium.jpg
PLANT-00813,sedum pulchellum,Sedum pulchellum,Widowscross,Alabama | Arkansas | Georgia | Illinois | Kansas | Kentucky | Mississippi | Missouri | Ohio | Oklahoma | Tennessee | Texas,Herbaceous perennial,Full sun,Dry to medium,Low,6,9,May,June,SEPU,Crassulaceae,Herb,Annual,"Up to about 1 foot tall, stems ascending.","White , Pink , Purple","Mar , Apr , May , Jun",High,,Wet,Alkaline (pH>7.2),,,,,FALSE,FALSE,FALSE,FALSE,FALSE,TRUE,FALSE,FALSE,TRUE,TRUE,TRUE,TRUE,FALSE,FALSE,FALSE,FALSE,FALSE,FALSE,,,FALSE,FALSE,FALSE,FALSE,FALSE,FALSE,FALSE,TRUE,FALSE,Widowscross,https://inaturalist-open-data.s3.amazonaws.com/photos/205234861/medium.jpeg
PLANT-00814,sedum ternatum,Sedum ternatum,"Woodland Stonecrop, Wild Stonecrop",Alabama | Arkansas | Delaware | Georgia | Illinois | Indiana | Iowa | Kentucky | Maryland | Mississippi | Missouri | New Jersey | North Carolina | Ohio | Pennsylvania | South Carolina | Tennessee | Virginia | West Virginia,Herbaceous perennial,Full sun to part shade,Medium,Low,4,8,April,May,SETE3,Crassulaceae,Herb,Perennial,Up to about 8 inches tall.,White,"Mar , Apr , May , Jun",,Part Shade,Moist,,"Thin, limey soils.",,yes,"Propagate by division, cuttings or seed. Because seeds are so tiny, they should be mixed with sand and sown in a protected location. Cuttings may be taken from sterile shoots at any time during the growing season. A rooting chamber is not required. Be",FALSE,TRUE,FALSE,FALSE,FALSE,FALSE,FALSE,FALSE,TRUE,TRUE,TRUE,TRUE,FALSE,FALSE,FALSE,FALSE,FALSE,FALSE,,,FALSE,FALSE,FALSE,FALSE,FALSE,FALSE,FALSE,TRUE,FALSE,"Woodland Stonecrop, Wild Stonecrop",https://inaturalist-open-data.s3.amazonaws.com/photos/116652/medium.jpg
PLANT-00815,senna marilandica,Senna marilandica,"Maryland Senna, Maryland Wild Senna, Southern Wild Senna, Wild Senna",Alabama | Arkansas | Delaware | Florida | Georgia | Illinois | Indiana | Iowa | Kansas | Kentucky | Louisiana | Maryland | Mississippi | Missouri | Nebraska | New Jersey | New York | North Carolina | Ohio | Oklahoma | Pennsylvania | South Carolina | Tennessee | Texas | Virginia | West Virginia | Wisconsin,Herbaceous perennial,Full sun,Medium,Low,4,9,July,August,SEMA11,Fabaceae,Herb,Perennial,,Yellow,"Jul , Aug",,Sun,Moist,,"Loam, Sand",,,,TRUE,FALSE,FALSE,FALSE,FALSE,FALSE,FALSE,FALSE,FALSE,FALSE,FALSE,FALSE,TRUE,TRUE,FALSE,FALSE,FALSE,FALSE,,,FALSE,FALSE,FALSE,FALSE,FALSE,FALSE,FALSE,TRUE,FALSE,"Maryland Senna, Maryland Wild Senna, Southern Wild Senna, Wild Senna",https://inaturalist-open-data.s3.amazonaws.com/photos/2217177/medium.jpg
PLANT-00816,senna obtusifolia,Senna obtusifolia,java-bean,Alabama | Arkansas | California | Connecticut | Delaware | Florida | Georgia | Illinois | Indiana | Iowa | Kansas | Kentucky | Louisiana | Maine | Maryland | Massachusetts | Michigan | Mississippi | Missouri | Nebraska | New Hampshire | New Jersey | New York | North Carolina | Ohio | Oklahoma | Pennsylvania | Rhode Island | South Carolina | Tennessee | Texas | Vermont | Virginia | West Virginia | Wisconsin,Herbaceous perennial,Full sun,Medium,Low,5,10,July,September,,,,,,,,,,,,,,,,,,,,,,,,,,,,,,,,,,,,FALSE,FALSE,FALSE,FALSE,FALSE,FALSE,FALSE,FALSE,FALSE,java-bean,https://static.inaturalist.org/photos/22944932/medium.jpg
PLANT-00817,sequoia sempervirens,Sequoia sempervirens,"Coast Redwood, California Redwood, Redwood",California | Oregon,Needled evergreen,Full sun,Medium,Medium,7,9,Non-flowering,Non-flowering,SESE3,Cupressaceae,Tree,Perennial,Up to about 300 feet tall. Sometimes taller.,Yellow,"Sep , Oct , Nov",Medium,Sun,Moist,,"Moist, acid, deep, well-drained soils.",,yes,"Redwood is easily propagated from cuttings, layering, or from sucker shoots, as well as from seeds although seeds have low germinability.",TRUE,FALSE,FALSE,FALSE,TRUE,FALSE,FALSE,FALSE,FALSE,FALSE,FALSE,FALSE,FALSE,FALSE,TRUE,TRUE,TRUE,FALSE,,,FALSE,FALSE,FALSE,FALSE,FALSE,FALSE,FALSE,TRUE,FALSE,"Coast Redwood, California Redwood, Redwood",
PLANT-00818,sequoiadendron giganteum,Sequoiadendron giganteum,"Giant Sequoia, Giant-sequoia, Giant Redwood, Sierra Redwood",California,Needled evergreen,Full sun,Medium,Medium,6,8,Non-flowering,Non-flowering,SEGI2,Cupressaceae,Tree,Perennial,Up to about 250 feet tall.,Green,"Apr , May",Medium,Sun,,,"Deep, well-drained soil.",,yes,Propagate from seed. Germination ranges from 30-40%. Optimum temperatures for germination range from 60-70 degrees.,TRUE,FALSE,FALSE,FALSE,TRUE,FALSE,FALSE,FALSE,FALSE,TRUE,TRUE,FALSE,FALSE,FALSE,FALSE,FALSE,FALSE,FALSE,,,FALSE,FALSE,FALSE,FALSE,FALSE,FALSE,FALSE,TRUE,FALSE,"Giant Sequoia, Giant-sequoia, Giant Redwood, Sierra Redwood",
PLANT-00819,shepherdia argentea,Shepherdia argentea,"Silver Buffaloberry, Buffaloberry",Arizona | California | Colorado | Idaho | Iowa | Kansas | Michigan | Minnesota | Montana | Nebraska | Nevada | New Mexico | New York | North Dakota | Oregon | South Dakota | Utah | Wisconsin | Wyoming,Deciduous shrub,Full sun to part shade,Medium,Low,3,9,March,March,SHAR,Elaeagnaceae,Shrub,,Up to about 20 feet tall.,"White , Yellow","Apr , May",Medium,Sun,"Dry , Moist",Circumneutral (pH 6.8-7.2),"Rocky, sandy or clayey soils.",,yes,Plant is best propagated by cuttings. Treated seeds will also work.,TRUE,FALSE,FALSE,FALSE,TRUE,FALSE,FALSE,FALSE,FALSE,TRUE,TRUE,FALSE,FALSE,FALSE,FALSE,FALSE,FALSE,FALSE,,,FALSE,FALSE,FALSE,FALSE,FALSE,FALSE,FALSE,TRUE,FALSE,"Silver Buffaloberry, Buffaloberry",
PLANT-00820,shortia galacifolia,Shortia galacifolia,"Oconee Bells, Oconee-bells, Shortia",Georgia | North Carolina | South Carolina | Tennessee | Virginia,Herbaceous perennial,Part shade,Medium,Medium,5,7,March,April,SHGA,Diapensiaceae,Herb,Perennial,Up to about 4 inches tall.,"White , Pink","Mar , Apr",,Part Shade,,,"Well-drained, acid, humus-rich soil.",,yes,"Most easily propagated by division. To produce seed, cross pollination must occur between plants of different clones. The seed should be planted immediately after collection. Give seedlings protection for one year.",FALSE,TRUE,FALSE,FALSE,FALSE,FALSE,FALSE,FALSE,TRUE,TRUE,FALSE,FALSE,FALSE,FALSE,FALSE,FALSE,FALSE,FALSE,,,FALSE,FALSE,FALSE,FALSE,FALSE,FALSE,FALSE,TRUE,FALSE,"Oconee Bells, Oconee-bells, Shortia",https://inaturalist-open-data.s3.amazonaws.com/photos/33992274/medium.jpg
PLANT-00821,sideroxylon lanuginosum,Sideroxylon lanuginosum,"Gum Bumelia, Gum Bully, Woollybucket Bumelia, Woolly Bumelia, Gum Woollybucket, Woolly Buckthorn, Chittamwood, Shittamwood, Gum Elastic, Coma, Black Haw",Alabama | Arizona | Arkansas | Florida | Georgia | Illinois | Kansas | Louisiana | Mississippi | Missouri | New Mexico | Oklahoma | Texas,Tree,Full sun to part shade,Dry to medium,Low,6,10,June,June,SILA20,Sapotaceae,Shrub,Perennial,Up to about 50 feet tall.,White,"Jun , Jul","Low , Medium","Sun , Part Shade",Dry,,,The,,,TRUE,TRUE,FALSE,TRUE,TRUE,FALSE,FALSE,FALSE,FALSE,FALSE,FALSE,TRUE,TRUE,FALSE,FALSE,FALSE,FALSE,FALSE,,,FALSE,FALSE,FALSE,FALSE,FALSE,FALSE,FALSE,TRUE,FALSE,"Gum Bumelia, Gum Bully, Woollybucket Bumelia, Woolly Bumelia, Gum Woollybucket, Woolly Buckthorn, Chittamwood, Shittamwood, Gum Elastic, Coma, Black Haw",https://inaturalist-open-data.s3.amazonaws.com/photos/137701945/medium.jpeg
PLANT-00822,silene caroliniana,Silene caroliniana,"Sticky Catchfly, Wild Pink",Alabama | Connecticut | Delaware | Florida | Georgia | Kentucky | Maryland | Massachusetts | Missouri | New Hampshire | New Jersey | New York | North Carolina | Ohio | Pennsylvania | Rhode Island | South Carolina | Tennessee | Virginia | West Virginia,Herbaceous perennial,Full sun to part shade,Dry to medium,Medium,5,8,April,May,SICA6,Caryophyllaceae,Herb,Perennial,Up to about 8 inches tall.,"White , Pink","Mar , Apr , May , Jun",,Part Shade,Moist,,"Well-drained, rocky soil.",,yes,Propagate by seed or cuttings.,FALSE,TRUE,FALSE,FALSE,FALSE,FALSE,FALSE,FALSE,TRUE,TRUE,TRUE,TRUE,FALSE,FALSE,FALSE,FALSE,FALSE,FALSE,,,FALSE,FALSE,FALSE,FALSE,FALSE,FALSE,FALSE,TRUE,FALSE,"Sticky Catchfly, Wild Pink",https://inaturalist-open-data.s3.amazonaws.com/photos/472142/medium.jpg
PLANT-00823,silene regia,Silene regia,Royal Catchfly,Alabama | Arkansas | Florida | Georgia | Illinois | Indiana | Kansas | Kentucky | Mississippi | Missouri | Ohio | Oklahoma | Tennessee | Wisconsin,Herbaceous perennial,Full sun to part shade,Dry to medium,Medium,5,8,July,August,SIRE2,Caryophyllaceae,Herb,Perennial,Up to about 5 feet tall.,Red,"May , Jun , Jul , Aug , Sep , Oct , Nov",,Part Shade,Dry,,Rocky soils.,,,,FALSE,TRUE,FALSE,FALSE,FALSE,FALSE,FALSE,FALSE,FALSE,FALSE,TRUE,TRUE,TRUE,TRUE,TRUE,TRUE,TRUE,FALSE,,,FALSE,FALSE,FALSE,FALSE,FALSE,FALSE,FALSE,TRUE,FALSE,Royal Catchfly,https://static.inaturalist.org/photos/217180476/medium.jpg
PLANT-00824,silene stellata,Silene stellata,"Widow's Frill, Starry Campion",Alabama | Arkansas | Connecticut | Delaware | Georgia | Illinois | Indiana | Iowa | Kansas | Kentucky | Louisiana | Maryland | Michigan | Minnesota | Mississippi | Missouri | Nebraska | New Jersey | New York | North Carolina | Ohio | Oklahoma | Pennsylvania | Rhode Island | South Carolina | South Dakota | Tennessee | Texas | Vermont | Virginia | West Virginia | Wisconsin,Herbaceous perennial,Full sun to part shade,Dry to medium,Medium,5,8,June,July,SIST,Caryophyllaceae,Herb,Perennial,Up to about 3 feet tall.,White,"May , Jun , Jul , Aug , Sep , Oct",,Part Shade,Moist,Acidic (pH<6.8),Rich soils.,,,"Propagate by seed or cuttings. Seeds can be sown outdoors immediately after collection or stored, pretreated and sown later. Divide mature plants in late fall or early spring by removing outer rosettes.",FALSE,TRUE,FALSE,FALSE,FALSE,FALSE,FALSE,FALSE,FALSE,FALSE,TRUE,TRUE,TRUE,TRUE,TRUE,TRUE,FALSE,FALSE,,,FALSE,FALSE,FALSE,FALSE,FALSE,FALSE,FALSE,TRUE,FALSE,"Widow's Frill, Starry Campion",https://inaturalist-open-data.s3.amazonaws.com/photos/353169921/medium.jpeg
PLANT-00825,silene virginica,Silene virginica,"Fire Pink, Scarlet Catchfly",Alabama | Arkansas | Delaware | Florida | Georgia | Illinois | Indiana | Kansas | Kentucky | Louisiana | Maryland | Michigan | Mississippi | Missouri | North Carolina | Ohio | Oklahoma | Pennsylvania | South Carolina | Tennessee | Texas | Virginia | West Virginia | Wisconsin,Herbaceous perennial,Full sun to part shade,Dry to medium,Medium,4,8,April,June,SIVI4,Caryophyllaceae,Herb,Perennial,Usually 1 feet tall. Taller stems tend to recline.,Red,"Apr , May , Jun , Jul , Aug","Low , Medium",Part Shade,"Dry , Moist",Acidic (pH<6.8),"Well-drained, rocky, acid soils. Poor soils preferred.","Flowers attract hummingbirds and butterflies. Seeds attract juncos, pine siskins, sparrows, water pipits, and horned larks.",yes,"Propagate by seed or cuttings. Seeds can be sown outdoors immediately after collection or stored, pretreated and sown later. Divide mature plants in late fall or early spring by removing outer rosettes.",FALSE,TRUE,FALSE,TRUE,TRUE,FALSE,FALSE,FALSE,FALSE,TRUE,TRUE,TRUE,TRUE,TRUE,FALSE,FALSE,FALSE,FALSE,,,FALSE,FALSE,FALSE,FALSE,FALSE,FALSE,FALSE,TRUE,FALSE,"Fire Pink, Scarlet Catchfly",https://inaturalist-open-data.s3.amazonaws.com/photos/148356/medium.jpg
PLANT-00826,silphium gracile,Silphium gracile,slender rosinweed,Florida | Georgia | Louisiana | Mississippi | Texas,Herbaceous perennial,Full sun to part shade,Medium,Low,5,9,September,October,,,,,,,,,,,,,,,,,,,,,,,,,,,,,,,,,,,,FALSE,FALSE,FALSE,FALSE,FALSE,FALSE,FALSE,FALSE,FALSE,slender rosinweed,https://inaturalist-open-data.s3.amazonaws.com/photos/126832346/medium.jpg
PLANT-00827,silphium integrifolium,Silphium integrifolium,"Wholeleaf Rosinweed, Entire-leaf Rosinweed",Alabama | Arkansas | Colorado | Illinois | Indiana | Iowa | Kansas | Kentucky | Louisiana | Michigan | Minnesota | Mississippi | Missouri | Nebraska | Ohio | Oklahoma | South Dakota | Tennessee | Texas | Wisconsin | Wyoming,Herbaceous perennial,Full sun,Medium,Low,4,8,July,September,SIIN2,Asteraceae,Herb,Perennial,Up to about 6 feet tall.,Yellow,"Jul , Aug , Sep",,Sun,,,Well-drained soils.,,yes,Sow unstratified seed in fall or stratified seed in spring.,TRUE,FALSE,FALSE,FALSE,FALSE,FALSE,FALSE,FALSE,FALSE,FALSE,FALSE,FALSE,TRUE,TRUE,TRUE,FALSE,FALSE,FALSE,,,FALSE,FALSE,FALSE,FALSE,FALSE,FALSE,FALSE,TRUE,FALSE,"Wholeleaf Rosinweed, Entire-leaf Rosinweed",https://inaturalist-open-data.s3.amazonaws.com/photos/4279354/medium.jpeg
PLANT-00828,silphium laciniatum,Silphium laciniatum,"Compassplant, Compass Plant",Alabama | Arkansas | Colorado | Illinois | Indiana | Iowa | Kansas | Kentucky | Louisiana | Michigan | Minnesota | Mississippi | Missouri | Nebraska | North Dakota | Ohio | Oklahoma | South Dakota | Tennessee | Texas | Wisconsin,Herbaceous perennial,Full sun,Medium,Low,3,8,July,September,SILA3,Asteraceae,Herb,Perennial,Up to about 10 feet tall.,Yellow,"Jul , Aug , Sep",,Sun,Dry,,Various well-drained soils.,The large seeds are favored by birds and small mammals.,yes,Most easily propagated by seed. Seedlings take 2-3 years to flower. Sow unstratified seed in spring or stratified in fall. Deep roots make division difficult.,TRUE,FALSE,FALSE,FALSE,FALSE,FALSE,FALSE,FALSE,FALSE,FALSE,FALSE,FALSE,TRUE,TRUE,TRUE,FALSE,FALSE,FALSE,,,FALSE,FALSE,FALSE,FALSE,FALSE,FALSE,FALSE,TRUE,FALSE,"Compassplant, Compass Plant",https://inaturalist-open-data.s3.amazonaws.com/photos/547704572/medium.jpg
PLANT-00829,silphium perfoliatum,Silphium perfoliatum,"Cup Plant, Indian Cup",Alabama | Arkansas | Georgia | Illinois | Indiana | Iowa | Kansas | Kentucky | Louisiana | Maryland | Michigan | Minnesota | Mississippi | Missouri | Nebraska | North Carolina | North Dakota | Ohio | Oklahoma | Pennsylvania | South Dakota | Tennessee | Virginia | West Virginia | Wisconsin,Herbaceous perennial,Full sun,Medium to wet,Low,3,9,July,September,SIPE2,Asteraceae,Herb,Perennial,Up to about 10 feet tall.,Yellow,"Jun , Jul , Aug , Sep",,Sun,"Dry , Moist , Wet",,Wet to mesic soils. Will tolerate clay soil.,Attracts birds for seed.,yes,Most easily propagated by seed. Sow unstratified seeds in fall or stratified seeds in spring. Deep roots make it difficult to transplant but young offshoots from parent plant can be removed and planted.,TRUE,FALSE,FALSE,FALSE,FALSE,FALSE,FALSE,FALSE,FALSE,FALSE,FALSE,TRUE,TRUE,TRUE,TRUE,FALSE,FALSE,FALSE,,,FALSE,FALSE,FALSE,FALSE,FALSE,FALSE,FALSE,TRUE,FALSE,"Cup Plant, Indian Cup",https://static.inaturalist.org/photos/307233594/medium.jpg
PLANT-00830,silphium terebinthinaceum,Silphium terebinthinaceum,"Prairie Rosinweed, Prairie Dock",Alabama | Arkansas | Georgia | Illinois | Indiana | Iowa | Kentucky | Michigan | Mississippi | Missouri | New York | North Carolina | Ohio | South Carolina | Tennessee | Virginia | West Virginia | Wisconsin,Herbaceous perennial,Full sun,Medium,Low,4,8,July,September,SITE,Asteraceae,Herb,Perennial,Up to about 8 feet tall.,Yellow,"Jul , Aug , Sep",,Sun,"Moist , Wet",,Wet to mesic soils.,,yes,"Propagate by sowing seed sowing unstratified seed in fall or stratified seed in spring. If producing transplants, sow seed late in the season as the rapid",TRUE,FALSE,FALSE,FALSE,FALSE,FALSE,FALSE,FALSE,FALSE,FALSE,FALSE,FALSE,TRUE,TRUE,TRUE,FALSE,FALSE,FALSE,,,FALSE,FALSE,FALSE,FALSE,FALSE,FALSE,FALSE,TRUE,FALSE,"Prairie Rosinweed, Prairie Dock",https://inaturalist-open-data.s3.amazonaws.com/photos/71435/medium.jpg
PLANT-00831,silphium terebinthinaceum var. pinnatifidum,Silphium terebinthinaceum var. pinnatifidum,prairie dock,Alabama | Georgia | Illinois | Indiana | Kentucky | Tennessee | Wisconsin,Herbaceous perennial,Full sun,Medium,Low,4,8,July,September,,,,,,,,,,,,,,,,,,,,,,,,,,,,,,,,,,,,FALSE,FALSE,FALSE,FALSE,FALSE,FALSE,FALSE,FALSE,FALSE,prairie dock,
PLANT-00832,sisyrinchium angustifolium,Sisyrinchium angustifolium,"Narrowleaf Blue-eyed Grass, Narrow-leaf Blue-eyed-grass, Bermuda Blue-eyed Grass, Blue-eyed Grass",Alabama | Arkansas | Connecticut | Delaware | Florida | Georgia | Illinois | Indiana | Iowa | Kansas | Kentucky | Louisiana | Maine | Maryland | Massachusetts | Michigan | Mississippi | Missouri | Nebraska | New Hampshire | New Jersey | New York | North Carolina | Ohio | Oklahoma | Pennsylvania | Rhode Island | South Carolina | Tennessee | Texas | Vermont | Virginia | West Virginia | Wisconsin,Herbaceous perennial,Full sun to part shade,Medium,Medium,4,9,May,June,SIAN3,Iridaceae,Herb,Perennial,Up to about 18 inches tall.,"White , Yellow , Blue , Violet","Mar , Apr , May , Jun , Jul",Medium,"Sun , Part Shade","Moist , Wet",,"Moist, poor to average soils",,yes,"Propagate by seed or division. Several dozen divisions can be expected from a mature, healthy specimen.",TRUE,TRUE,FALSE,FALSE,TRUE,FALSE,FALSE,FALSE,TRUE,TRUE,TRUE,TRUE,TRUE,FALSE,FALSE,FALSE,FALSE,FALSE,,,FALSE,FALSE,FALSE,FALSE,FALSE,FALSE,FALSE,TRUE,FALSE,"Narrowleaf Blue-eyed Grass, Narrow-leaf Blue-eyed-grass, Bermuda Blue-eyed Grass, Blue-eyed Grass",https://inaturalist-open-data.s3.amazonaws.com/photos/20283/medium.jpg
PLANT-00833,sisyrinchium campestre,Sisyrinchium campestre,"Prairie Blue-eyed Grass, White-eyed Grass",Arkansas | Illinois | Indiana | Iowa | Kansas | Louisiana | Michigan | Minnesota | Missouri | Nebraska | North Dakota | Ohio | Oklahoma | South Dakota | Texas | Wisconsin,Herbaceous perennial,Full sun,Medium,Low,2,8,April,June,SICA9,Iridaceae,Herb,Perennial,Up to about 15 inches tall.,"White , Yellow , Blue","Mar , Apr , May , Jun",,Sun,"Dry , Moist",,Sandy soils.,,,,TRUE,FALSE,FALSE,FALSE,FALSE,FALSE,FALSE,FALSE,TRUE,TRUE,TRUE,TRUE,FALSE,FALSE,FALSE,FALSE,FALSE,FALSE,,,FALSE,FALSE,FALSE,FALSE,FALSE,FALSE,FALSE,TRUE,FALSE,"Prairie Blue-eyed Grass, White-eyed Grass",https://static.inaturalist.org/photos/1894178/medium.jpg
PLANT-00834,sium suave,Sium suave,"Hemlock Waterparsnip, Water Parsnip",Alabama | Alaska | Arizona | Arkansas | California | Colorado | Connecticut | Delaware | Florida | Georgia | Idaho | Illinois | Indiana | Iowa | Kansas | Kentucky | Louisiana | Maine | Maryland | Massachusetts | Michigan | Minnesota | Mississippi | Missouri | Montana | Nebraska | Nevada | New Hampshire | New Jersey | New York | North Carolina | North Dakota | Ohio | Oregon | Pennsylvania | Rhode Island | South Carolina | South Dakota | Tennessee | Texas | Utah | Vermont | Virginia | Washington | West Virginia | Wisconsin | Wyoming,Herbaceous perennial,Full sun to part shade,Medium to wet,Medium,3,9,July,September,SISU2,Apiaceae,Herb,Perennial,,White,"Jul , Aug , Sep",,,"Moist , Wet",,,,,,FALSE,FALSE,FALSE,FALSE,FALSE,FALSE,FALSE,FALSE,FALSE,FALSE,FALSE,FALSE,TRUE,TRUE,TRUE,FALSE,FALSE,FALSE,,,FALSE,FALSE,FALSE,FALSE,FALSE,FALSE,FALSE,TRUE,FALSE,"Hemlock Waterparsnip, Water Parsnip",https://inaturalist-open-data.s3.amazonaws.com/photos/44286732/medium.jpeg
PLANT-00835,smilax hispida,Smilax hispida,sarsaparilla plant,Alabama | Arkansas | Delaware | Florida | Georgia | Illinois | Indiana | Iowa | Kansas | Kentucky | Louisiana | Maryland | Michigan | Minnesota | Mississippi | Missouri | Nebraska | New Jersey | New York | North Carolina | North Dakota | Ohio | Oklahoma | Pennsylvania | South Carolina | Tennessee | Texas | Virginia | West Virginia | Wisconsin,Vine,Full sun to part shade,Medium to wet,Low,4,8,May,June,,,,,,,,,,,,,,,,,,,,,,,,,,,,,,,,,,,,FALSE,FALSE,FALSE,FALSE,FALSE,FALSE,FALSE,FALSE,FALSE,sarsaparilla plant,https://static.inaturalist.org/photos/116638/medium.jpg
PLANT-00836,solidago caesia,Solidago caesia,"Wreath Goldenrod, Blue-stemmed Goldenrod, Bluestem Goldenrod",Alabama | Arkansas | Connecticut | Delaware | Florida | Georgia | Illinois | Indiana | Iowa | Kentucky | Louisiana | Maine | Maryland | Massachusetts | Michigan | Mississippi | Missouri | New Hampshire | New Jersey | New York | North Carolina | Ohio | Oklahoma | Pennsylvania | Rhode Island | South Carolina | Tennessee | Texas | Vermont | Virginia | West Virginia | Wisconsin,Herbaceous perennial,Full sun to part shade,Dry to medium,Low,4,8,August,September,SOCA4,Asteraceae,Herb,Perennial,Up to about 3 feet tall.,Yellow,"Aug , Sep , Oct",Medium,"Sun , Part Shade",Dry,,Various soils.,Blue-stemmed goldenrod attracts butterflies.,yes,May be grown from seed.,TRUE,TRUE,FALSE,FALSE,TRUE,FALSE,FALSE,FALSE,FALSE,FALSE,FALSE,FALSE,FALSE,TRUE,TRUE,TRUE,FALSE,FALSE,,,FALSE,FALSE,FALSE,FALSE,FALSE,FALSE,FALSE,TRUE,FALSE,"Wreath Goldenrod, Blue-stemmed Goldenrod, Bluestem Goldenrod",https://static.inaturalist.org/photos/157945142/medium.jpg
PLANT-00837,solidago canadensis,Solidago canadensis,"Canada Goldenrod, Canadian Goldenrod, Tall Goldenrod, Giant Goldenrod",Delaware | Indiana | Kansas | Maine | Massachusetts | Michigan | Missouri | Nebraska | New Jersey | New York | North Carolina | Ohio | Rhode Island | South Dakota | Vermont | West Virginia | Wisconsin,Herbaceous perennial,Full sun,Medium,Low,3,9,August,October,SOCA6,Asteraceae,Herb,Perennial,Up to about 6 feet tall.,Yellow,"Aug , Sep , Oct , Nov",Medium,"Sun , Part Shade","Dry , Moist",,"Caliche type, Sandy, Sandy Loam, Medium Loam, Clay Loam, Clay.","Nectar-Bees, Nectar-Butterflies",,,TRUE,TRUE,FALSE,FALSE,TRUE,FALSE,FALSE,FALSE,FALSE,FALSE,FALSE,FALSE,FALSE,TRUE,TRUE,TRUE,TRUE,FALSE,Bee | Wasp,6,TRUE,FALSE,FALSE,FALSE,FALSE,TRUE,FALSE,TRUE,TRUE,"Canada Goldenrod, Canadian Goldenrod, Tall Goldenrod, Giant Goldenrod",https://inaturalist-open-data.s3.amazonaws.com/photos/87573048/medium.jpg
PLANT-00838,solidago drummondii,Solidago drummondii,goldenrod,Arkansas | Illinois | Louisiana | Missouri,Herbaceous perennial,Full sun,Dry to medium,Low,5,8,August,September,,,,,,,,,,,,,,,,,,,,,,,,,,,,,,,,,,,,FALSE,FALSE,FALSE,FALSE,FALSE,FALSE,FALSE,FALSE,FALSE,goldenrod,https://inaturalist-open-data.s3.amazonaws.com/photos/157141574/medium.jpg
PLANT-00839,solidago flexicaulis,Solidago flexicaulis,"Zigzag Goldenrod, Broadleaf Goldenrod",Alabama | Arkansas | Connecticut | Delaware | Georgia | Illinois | Indiana | Iowa | Kansas | Kentucky | Louisiana | Maine | Maryland | Massachusetts | Michigan | Minnesota | Missouri | Nebraska | New Hampshire | New Jersey | New York | North Carolina | North Dakota | Ohio | Pennsylvania | Rhode Island | South Carolina | South Dakota | Tennessee | Vermont | Virginia | West Virginia | Wisconsin,Herbaceous perennial,Full sun to part shade,Medium,Low,3,8,July,September,SOFL2,Asteraceae,Herb,Perennial,Normally 2 to 4 feet high.,Yellow,"Jul , Aug , Sep , Oct",Medium,"Sun , Part Shade , Shade",Moist,Acidic (pH<6.8),"Various rich, mesic, acid soils. Tolerates lime.","Flowers attract butterflies. Seeds attract Swamp Sparrows, Pine Siskins, and Meadow Mice.",,Fresh seed or root division. will spread on its own.,TRUE,TRUE,TRUE,FALSE,TRUE,FALSE,FALSE,FALSE,FALSE,FALSE,FALSE,FALSE,TRUE,TRUE,TRUE,TRUE,FALSE,FALSE,,,FALSE,FALSE,FALSE,FALSE,FALSE,FALSE,FALSE,TRUE,FALSE,"Zigzag Goldenrod, Broadleaf Goldenrod",https://inaturalist-open-data.s3.amazonaws.com/photos/98559/medium.jpg
PLANT-00840,solidago gattingeri,Solidago gattingeri,goldenrod,Arkansas | Missouri | Tennessee | Texas,Herbaceous perennial,Full sun,Dry to medium,Low,5,8,July,September,,,,,,,,,,,,,,,,,,,,,,,,,,,,,,,,,,,,FALSE,FALSE,FALSE,FALSE,FALSE,FALSE,FALSE,FALSE,FALSE,goldenrod,https://inaturalist-open-data.s3.amazonaws.com/photos/31220103/medium.jpg
PLANT-00841,solidago gigantea,Solidago gigantea,"Giant Goldenrod, Smooth Goldenrod, Tall Goldenrod, Late Goldenrod, Early Goldenrod",Alabama | Arkansas | Colorado | Connecticut | Delaware | Florida | Georgia | Illinois | Indiana | Iowa | Kansas | Kentucky | Louisiana | Maine | Maryland | Massachusetts | Michigan | Minnesota | Mississippi | Missouri | Montana | Nebraska | New Hampshire | New Jersey | New York | North Carolina | North Dakota | Ohio | Oklahoma | Pennsylvania | Rhode Island | South Carolina | South Dakota | Tennessee | Texas | Vermont | Virginia | West Virginia | Wisconsin | Wyoming,Herbaceous perennial,Full sun to part shade,Medium to wet,Low,3,8,August,October,SOGI,Asteraceae,Herb,Perennial,Up to about 6 feet tall.,Yellow,"Aug , Sep , Oct",Medium,Part Shade,,,,,,,FALSE,TRUE,FALSE,FALSE,TRUE,FALSE,FALSE,FALSE,FALSE,FALSE,FALSE,FALSE,FALSE,TRUE,TRUE,TRUE,FALSE,FALSE,,,FALSE,FALSE,FALSE,FALSE,FALSE,FALSE,FALSE,TRUE,FALSE,"Giant Goldenrod, Smooth Goldenrod, Tall Goldenrod, Late Goldenrod, Early Goldenrod",https://static.inaturalist.org/photos/51528183/medium.jpeg
PLANT-00842,solidago hispida,Solidago hispida,Hairy Goldenrod,Alabama | Arkansas | Connecticut | Delaware | Georgia | Illinois | Indiana | Iowa | Kentucky | Louisiana | Maine | Maryland | Massachusetts | Michigan | Minnesota | Mississippi | Missouri | New Hampshire | New Jersey | New York | North Carolina | Ohio | Oklahoma | Pennsylvania | Rhode Island | South Carolina | South Dakota | Tennessee | Vermont | Virginia | West Virginia | Wisconsin,Herbaceous perennial,Full sun,Dry to medium,Low,3,8,July,September,SOHI,Asteraceae,Herb,Perennial,Up to about 3 feet tall.,Yellow,"Aug , Sep , Oct",,,,Alkaline (pH>7.2),,,,,FALSE,FALSE,FALSE,FALSE,FALSE,FALSE,FALSE,FALSE,FALSE,FALSE,FALSE,FALSE,FALSE,TRUE,TRUE,TRUE,FALSE,FALSE,,,FALSE,FALSE,FALSE,FALSE,FALSE,FALSE,FALSE,TRUE,FALSE,Hairy Goldenrod,https://inaturalist-open-data.s3.amazonaws.com/photos/2350791/medium.jpg
PLANT-00843,solidago juncea,Solidago juncea,"Early Goldenrod, Plume Goldenrod",Alabama | Arkansas | Connecticut | Delaware | Georgia | Illinois | Indiana | Iowa | Kentucky | Louisiana | Maine | Maryland | Massachusetts | Michigan | Minnesota | Mississippi | Missouri | New Hampshire | New Jersey | New York | North Carolina | Ohio | Oklahoma | Pennsylvania | Rhode Island | South Carolina | Tennessee | Vermont | Virginia | West Virginia | Wisconsin,Herbaceous perennial,Full sun,Dry to medium,Low,3,8,July,August,SOJU,Asteraceae,Herb,Perennial,Up to about 4 feet tall.,Yellow,"Jun , Jul , Aug",,"Sun , Part Shade , Shade","Dry , Moist",,"Dry, sandy soils.",Attracts butterflies.,yes,"Plant seeds outdoors in fall or store, stratify and plant in spring.",TRUE,TRUE,TRUE,FALSE,FALSE,FALSE,FALSE,FALSE,FALSE,FALSE,FALSE,TRUE,TRUE,TRUE,FALSE,FALSE,FALSE,FALSE,,,FALSE,FALSE,FALSE,FALSE,FALSE,FALSE,FALSE,TRUE,FALSE,"Early Goldenrod, Plume Goldenrod",https://inaturalist-open-data.s3.amazonaws.com/photos/425157/medium.jpg
PLANT-00844,solidago nemoralis,Solidago nemoralis,"Gray Goldenrod, Prairie Goldenrod, Oldfield Goldenrod, Grayleaf Goldenrod, Gray-leaved Goldenrod, Dyersweed Goldenrod, Dwarf Goldenrod, Field Goldenrod",Alabama | Arkansas | Colorado | Connecticut | Delaware | Florida | Georgia | Illinois | Indiana | Iowa | Kansas | Kentucky | Louisiana | Maine | Maryland | Massachusetts | Michigan | Minnesota | Mississippi | Missouri | Montana | Nebraska | New Hampshire | New Jersey | New Mexico | New York | North Carolina | North Dakota | Ohio | Oklahoma | Pennsylvania | Rhode Island | South Carolina | South Dakota | Tennessee | Texas | Vermont | Virginia | West Virginia | Wisconsin | Wyoming,Herbaceous perennial,Full sun,Dry to medium,Low,3,9,August,September,SONE,Asteraceae,Herb,Perennial,Up to about 3 feet tall.,Yellow,"Jun , Jul , Aug , Sep , Oct",Medium,"Sun , Part Shade , Shade",Dry,,"Sandy, rocky soils. Sandy, Sandy Loam, Medium Loam, Clay Loam, Clay, Caliche type",Prairie goldenrod attracts butterflies.,yes,"Seed germination may be increased with stratification, but this pre-treatment is not absolutely necessary. If planting untreated seed, be sure it is fresh. May also be propagated by division of mature plants. Make sure each section has a",TRUE,TRUE,TRUE,FALSE,TRUE,FALSE,FALSE,FALSE,FALSE,FALSE,FALSE,TRUE,TRUE,TRUE,TRUE,TRUE,FALSE,FALSE,,,FALSE,FALSE,FALSE,FALSE,FALSE,FALSE,FALSE,TRUE,FALSE,"Gray Goldenrod, Prairie Goldenrod, Oldfield Goldenrod, Grayleaf Goldenrod, Gray-leaved Goldenrod, Dyersweed Goldenrod, Dwarf Goldenrod, Field Goldenrod",https://inaturalist-open-data.s3.amazonaws.com/photos/4745737/medium.jpeg
PLANT-00845,solidago odora,Solidago odora,"Anisescented Goldenrod, Anise-scented Goldenrod, Sweet Goldenrod",Alabama | Arkansas | Connecticut | Delaware | Florida | Georgia | Kentucky | Louisiana | Maryland | Massachusetts | Mississippi | Missouri | New Hampshire | New Jersey | New York | North Carolina | Ohio | Oklahoma | Pennsylvania | Rhode Island | South Carolina | Tennessee | Texas | Vermont | Virginia | West Virginia,Herbaceous perennial,Full sun to part shade,Dry to medium,Low,4,9,August,September,SOOD,Asteraceae,Herb,Perennial,Up to about 5 feet tall.,Yellow,"Jul , Aug , Sep , Oct",,Sun,Moist,Acidic (pH<6.8),"Average to poor, sandy soils.",,yes,Increase by division of mature clumps or by seed.,TRUE,FALSE,FALSE,FALSE,FALSE,FALSE,FALSE,FALSE,FALSE,FALSE,FALSE,FALSE,TRUE,TRUE,TRUE,TRUE,FALSE,FALSE,,,FALSE,FALSE,FALSE,FALSE,FALSE,FALSE,FALSE,TRUE,FALSE,"Anisescented Goldenrod, Anise-scented Goldenrod, Sweet Goldenrod",https://inaturalist-open-data.s3.amazonaws.com/photos/24896651/medium.jpeg
PLANT-00846,solidago ouachitensis,Solidago ouachitensis,Ouachita Mountain goldenrod,Arkansas | Oklahoma,Herbaceous perennial,Part shade,Medium,Low,6,9,September,October,,,,,,,,,,,,,,,,,,,,,,,,,,,,,,,,,,,,FALSE,FALSE,FALSE,FALSE,FALSE,FALSE,FALSE,FALSE,FALSE,Ouachita Mountain goldenrod,https://static.inaturalist.org/photos/5003400/medium.jpeg
PLANT-00847,solidago ptarmicoides,Solidago ptarmicoides,prairie aster,Arkansas | Colorado | Connecticut | Georgia | Illinois | Indiana | Iowa | Massachusetts | Michigan | Minnesota | Missouri | Montana | New Hampshire | New York | North Carolina | North Dakota | Ohio | Oklahoma | South Carolina | South Dakota | Tennessee | Vermont | Wisconsin | Wyoming,Herbaceous perennial,Full sun,Dry to medium,Low,3,8,August,October,,,,,,,,,,,,,,,,,,,,,,,,,,,,,,,,,,,,FALSE,FALSE,FALSE,FALSE,FALSE,FALSE,FALSE,FALSE,FALSE,prairie aster,https://inaturalist-open-data.s3.amazonaws.com/photos/172609006/medium.jpeg
PLANT-00848,solidago riddellii,Solidago riddellii,Riddell's goldenrod,Arkansas | Georgia | Illinois | Indiana | Iowa | Kansas | Michigan | Minnesota | Missouri | North Dakota | Ohio | South Dakota | Wisconsin,Herbaceous perennial,Full sun,Wet,Low,3,7,September,October,,,,,,,,,,,,,,,,,,,,,,,,,,,,,,,,,,,,FALSE,FALSE,FALSE,FALSE,FALSE,FALSE,FALSE,FALSE,FALSE,Riddell's goldenrod,
PLANT-00849,solidago rigida,Solidago rigida,goldenrod,Alabama | Arkansas | Colorado | Connecticut | Georgia | Illinois | Indiana | Iowa | Kansas | Kentucky | Louisiana | Maryland | Massachusetts | Michigan | Minnesota | Mississippi | Missouri | Montana | Nebraska | New Jersey | New Mexico | New York | North Carolina | North Dakota | Ohio | Oklahoma | Pennsylvania | Rhode Island | South Carolina | South Dakota | Tennessee | Texas | Virginia | West Virginia | Wisconsin | Wyoming,Herbaceous perennial,Full sun,Medium,Medium,3,9,August,September,,,,,,,,,,,,,,,,,,,,,,,,,,,,,,,,,,,,FALSE,FALSE,FALSE,FALSE,FALSE,FALSE,FALSE,FALSE,FALSE,goldenrod,
PLANT-00850,solidago rugosa,Solidago rugosa,"Wrinkleleaf Goldenrod, Wrinkle-leaf Goldenrod, Rough-leaved Goldenrod, Roughleaf Goldenrod, Rough-stemmed Goldenrod, Roughstem Goldenrod",Alabama | Arkansas | Connecticut | Delaware | Florida | Georgia | Illinois | Indiana | Iowa | Kentucky | Louisiana | Maine | Maryland | Massachusetts | Michigan | Mississippi | Missouri | New Hampshire | New Jersey | New York | North Carolina | Ohio | Oklahoma | Pennsylvania | Rhode Island | South Carolina | Tennessee | Texas | Vermont | Virginia | West Virginia,Herbaceous perennial,Full sun,Medium to wet,Low,4,8,August,October,SORU2,Asteraceae,Herb,Perennial,Up to about 6 feet tall.,Yellow,"Aug , Sep , Oct , Nov",Medium,Sun,Wet,,Most well-drained soils.,,yes,"If seeds are sown fresh, plant outdoors. Germination is often poor so sow thickly.",TRUE,FALSE,FALSE,FALSE,TRUE,FALSE,FALSE,FALSE,FALSE,FALSE,FALSE,FALSE,FALSE,TRUE,TRUE,TRUE,TRUE,FALSE,,,FALSE,FALSE,FALSE,FALSE,FALSE,FALSE,FALSE,TRUE,FALSE,"Wrinkleleaf Goldenrod, Wrinkle-leaf Goldenrod, Rough-leaved Goldenrod, Roughleaf Goldenrod, Rough-stemmed Goldenrod, Roughstem Goldenrod",https://inaturalist-open-data.s3.amazonaws.com/photos/94984667/medium.jpg
PLANT-00851,solidago shortii,Solidago shortii,Short's Goldenrod,Indiana | Kentucky,Herbaceous perennial,Full sun to part shade,Dry to medium,Low,6,9,September,October,SOSH,Asteraceae,Herb,,Up to about 4 feet tall.,Yellow,"Aug , Sep , Oct",,,,,,,,,FALSE,FALSE,FALSE,FALSE,FALSE,FALSE,FALSE,FALSE,FALSE,FALSE,FALSE,FALSE,FALSE,TRUE,TRUE,TRUE,FALSE,FALSE,,,FALSE,FALSE,FALSE,FALSE,FALSE,FALSE,FALSE,TRUE,FALSE,Short's Goldenrod,https://inaturalist-open-data.s3.amazonaws.com/photos/24790636/medium.jpg
PLANT-00852,solidago speciosa,Solidago speciosa,"Showy Goldenrod, Noble Goldenrod",Alabama | Connecticut | Georgia | Indiana | Kentucky | Louisiana | Maryland | Massachusetts | Michigan | New Jersey | New York | North Carolina | Ohio | Rhode Island | South Carolina | Tennessee | Vermont | Virginia | West Virginia,Herbaceous perennial,Full sun,Dry to medium,Medium,3,8,July,September,SOSP2,Asteraceae,Herb,Perennial,Up to about 6 feet tall.,Yellow,"Aug , Sep , Oct",,Part Shade,Moist,,Rocky or clay soils.,This species attracts butterflies.,yes,"Seed germination may be increased with stratification, but this pre-treatment is not absolutely necessary. If planting untreated seed, be sure it is fresh. Propagate also by division.",FALSE,TRUE,FALSE,FALSE,FALSE,FALSE,FALSE,FALSE,FALSE,FALSE,FALSE,FALSE,FALSE,TRUE,TRUE,TRUE,FALSE,FALSE,,,FALSE,FALSE,FALSE,FALSE,FALSE,FALSE,FALSE,TRUE,FALSE,"Showy Goldenrod, Noble Goldenrod",https://inaturalist-open-data.s3.amazonaws.com/photos/173927160/medium.jpg
PLANT-00853,solidago uliginosa,Solidago uliginosa,Bog Goldenrod,Alabama | Connecticut | Delaware | Georgia | Illinois | Maine | Michigan | Minnesota | New Hampshire | New York | North Carolina | Pennsylvania | Tennessee | Vermont | Virginia | West Virginia | Wisconsin,Herbaceous perennial,Full sun to part shade,Medium to wet,Low,4,8,August,October,SOUL,Asteraceae,Herb,Perennial,Up to about 6 feet tall.,Yellow,"Aug , Sep",,,,Acidic (pH<6.8),,,,,FALSE,FALSE,FALSE,FALSE,FALSE,FALSE,FALSE,FALSE,FALSE,FALSE,FALSE,FALSE,FALSE,TRUE,TRUE,FALSE,FALSE,FALSE,,,FALSE,FALSE,FALSE,FALSE,FALSE,FALSE,FALSE,TRUE,FALSE,Bog Goldenrod,https://inaturalist-open-data.s3.amazonaws.com/photos/12983479/medium.jpg
PLANT-00854,solidago ulmifolia,Solidago ulmifolia,"Elmleaf Goldenrod, Elm-leaved Goldenrod",Alabama | Arkansas | Connecticut | Delaware | Florida | Georgia | Illinois | Indiana | Iowa | Kansas | Kentucky | Louisiana | Maine | Maryland | Massachusetts | Michigan | Minnesota | Mississippi | Missouri | Nebraska | New Hampshire | New Jersey | New York | North Carolina | Ohio | Oklahoma | Pennsylvania | Rhode Island | South Carolina | Tennessee | Texas | Vermont | Virginia | West Virginia | Wisconsin,Herbaceous perennial,Full sun to part shade,Medium,Low,3,8,July,October,SOUL2,Asteraceae,Herb,Perennial,Up to about 4 feet tall.,Yellow,"Aug , Sep , Oct",,Sun,Dry,,Rocky soils.,,,,TRUE,FALSE,FALSE,FALSE,FALSE,FALSE,FALSE,FALSE,FALSE,FALSE,FALSE,FALSE,FALSE,TRUE,TRUE,TRUE,FALSE,FALSE,,,FALSE,FALSE,FALSE,FALSE,FALSE,FALSE,FALSE,TRUE,FALSE,"Elmleaf Goldenrod, Elm-leaved Goldenrod",https://inaturalist-open-data.s3.amazonaws.com/photos/51268611/medium.jpg
PLANT-00855,sorbus americana,Sorbus americana,"American Mountain Ash, American Mountain-ash",Connecticut | Georgia | Illinois | Maine | Maryland | Massachusetts | Michigan | Minnesota | New Hampshire | New Jersey | New York | North Carolina | Pennsylvania | Rhode Island | South Carolina | Tennessee | Virginia | West Virginia | Wisconsin,Deciduous shrub,Full sun,Medium,Medium,3,6,May,May,SOAM3,Rosaceae,Tree,Perennial,"Up to about 30 feet tall, often much shorter.",White,"Apr , May , Jun",Medium,"Sun , Part Shade , Shade","Dry , Moist",,"Cool, moist, acid soils.",Berries attract birds.,yes,Plant seed in the spring. Germination is sporadic and probably will not take place until the following spring.,TRUE,TRUE,TRUE,FALSE,TRUE,FALSE,FALSE,FALSE,FALSE,TRUE,TRUE,TRUE,FALSE,FALSE,FALSE,FALSE,FALSE,FALSE,,,FALSE,FALSE,FALSE,FALSE,FALSE,FALSE,FALSE,TRUE,FALSE,"American Mountain Ash, American Mountain-ash",https://inaturalist-open-data.s3.amazonaws.com/photos/15533/medium.jpg
PLANT-00856,sorbus decora,Sorbus decora,"Northern Mountain Ash, Northern Mountain-ash, Showy Mountain-ash",Connecticut | Illinois | Indiana | Iowa | Maine | Massachusetts | Michigan | Minnesota | New Hampshire | New York | Ohio | Pennsylvania | Vermont | Wisconsin,Tree,Full sun,Medium,Medium,2,6,May,May,SODE3,Rosaceae,Tree,Perennial,Up to about 50 feet tall.,White,"May , Jun",,"Part Shade , Shade",Moist,Circumneutral (pH 6.8-7.2),"Any poor- to well-drained, wet to mesic soil.","An intermediate source of food for songbirds, waterfowl and small mammals.x",,,FALSE,TRUE,TRUE,FALSE,FALSE,FALSE,FALSE,FALSE,FALSE,FALSE,TRUE,TRUE,FALSE,FALSE,FALSE,FALSE,FALSE,FALSE,,,FALSE,FALSE,FALSE,FALSE,FALSE,FALSE,FALSE,TRUE,FALSE,"Northern Mountain Ash, Northern Mountain-ash, Showy Mountain-ash",https://inaturalist-open-data.s3.amazonaws.com/photos/15534/medium.jpg
PLANT-00857,sorghastrum nutans,Sorghastrum nutans,"Indiangrass, Yellow Indiangrass, Indian Grass",Alabama | Arizona | Arkansas | Colorado | Connecticut | Delaware | Florida | Georgia | Illinois | Indiana | Iowa | Kansas | Kentucky | Louisiana | Maine | Maryland | Massachusetts | Michigan | Minnesota | Mississippi | Missouri | Montana | Nebraska | New Hampshire | New Jersey | New Mexico | New York | North Carolina | North Dakota | Ohio | Oklahoma | Pennsylvania | Rhode Island | South Carolina | South Dakota | Tennessee | Texas | Utah | Vermont | Virginia | West Virginia | Wisconsin | Wyoming,Ornamental grass,Full sun,Dry to medium,Medium,4,9,September,February,SONU2,Poaceae,Grass/Grass-like,Perennial,Up to about 8 feet tall.,Yellow,"Aug , Sep , Oct",Medium,"Sun , Part Shade , Shade","Dry , Moist",,"Moist, rich soils. Calcareous, Sandy Sandy Loam, Medium Loam, Clay Loam, Clay, Limestone-based","Seeds-Small mammals, Seeds-granivorous birds, Nesting material",yes,"Propagate by sowing unstratified seed in fall or stratified seed in spring. Sow 1/4"" deep. Division of older plants is difficult because of a dense, tangled root system.",TRUE,TRUE,TRUE,FALSE,TRUE,FALSE,FALSE,FALSE,FALSE,FALSE,FALSE,FALSE,FALSE,TRUE,TRUE,TRUE,FALSE,FALSE,,,FALSE,FALSE,FALSE,FALSE,FALSE,FALSE,FALSE,TRUE,FALSE,"Indiangrass, Yellow Indiangrass, Indian Grass",
PLANT-00858,spartina pectinata,Spartina pectinata,"Prairie Cordgrass, Freshwater Cordgrass, Sloughgrass",Arkansas | Colorado | Connecticut | Delaware | Georgia | Idaho | Illinois | Indiana | Iowa | Kansas | Kentucky | Louisiana | Maine | Maryland | Massachusetts | Michigan | Minnesota | Missouri | Montana | Nebraska | New Hampshire | New Jersey | New Mexico | New York | North Carolina | North Dakota | Ohio | Oklahoma | Oregon | Pennsylvania | Rhode Island | South Dakota | Tennessee | Texas | Utah | Vermont | Virginia | Washington | West Virginia | Wisconsin | Wyoming,Ornamental grass,Full sun to part shade,Medium to wet,Medium,4,9,July,August,SPPE,Poaceae,Grass/Grass-like,Perennial,Up to about 8 feet tall.,Yellow,Jun,High,Sun,Wet,,"Wet to moist, rich soils.",,yes,Propagate by seed or division.,TRUE,FALSE,FALSE,FALSE,FALSE,TRUE,FALSE,FALSE,FALSE,FALSE,FALSE,TRUE,FALSE,FALSE,FALSE,FALSE,FALSE,FALSE,,,FALSE,FALSE,FALSE,FALSE,FALSE,FALSE,FALSE,TRUE,FALSE,"Prairie Cordgrass, Freshwater Cordgrass, Sloughgrass",https://inaturalist-open-data.s3.amazonaws.com/photos/556992973/medium.jpg
PLANT-00859,spigelia marilandica,Spigelia marilandica,"Woodland Pinkroot, Pinkroot, Indian Pink",Alabama | Arkansas | Florida | Georgia | Illinois | Indiana | Kentucky | Louisiana | Maryland | Mississippi | Missouri | North Carolina | Oklahoma | South Carolina | Tennessee | Texas | Virginia,Herbaceous perennial,Part shade to full shade,Medium,Low,5,9,June,June,SPMA3,Loganiaceae,Herb,Perennial,Up to about 28 inches tall.,"Red , Yellow , Green","Mar , Apr , May , Jun",Medium,Part Shade,Dry,Acidic (pH<6.8),"Moist, sandy, fertile soils. Sandy, Sandy Loam, Medium Loam, Acid-based",Flowers attract hummingbirds.,yes,Propagate by spring-sown seed or by root division.,FALSE,TRUE,FALSE,FALSE,TRUE,FALSE,FALSE,FALSE,TRUE,TRUE,TRUE,TRUE,FALSE,FALSE,FALSE,FALSE,FALSE,FALSE,,,FALSE,FALSE,FALSE,FALSE,FALSE,FALSE,FALSE,TRUE,FALSE,"Woodland Pinkroot, Pinkroot, Indian Pink",https://inaturalist-open-data.s3.amazonaws.com/photos/169981/medium.jpg
PLANT-00860,spiraea alba,Spiraea alba,White Meadowsweet,Delaware | Illinois | Indiana | Iowa | Kentucky | Maryland | Massachusetts | Michigan | Minnesota | Missouri | New Jersey | New York | North Carolina | North Dakota | Ohio | Pennsylvania | South Dakota | Tennessee | Vermont | Virginia | West Virginia | Wisconsin,Deciduous shrub,Full sun to part shade,Medium to wet,Low,3,7,June,August,SPAL2,Rosaceae,Shrub,Perennial,Up to about 6-1/2 feet tall.,"White , Pink","Jun , Jul , Aug , Sep",Medium,"Sun , Part Shade , Shade","Moist , Wet",Circumneutral (pH 6.8-7.2),Wet soils.,Intermediate.,yes,,TRUE,TRUE,TRUE,FALSE,TRUE,FALSE,FALSE,FALSE,FALSE,FALSE,FALSE,TRUE,TRUE,TRUE,TRUE,FALSE,FALSE,FALSE,,,FALSE,FALSE,FALSE,FALSE,FALSE,FALSE,FALSE,TRUE,FALSE,White Meadowsweet,https://inaturalist-open-data.s3.amazonaws.com/photos/61182739/medium.jpeg
PLANT-00861,spiraea betulifolia,Spiraea betulifolia,White Spirea,Alabama | Idaho | Maryland | Minnesota | Montana | New Jersey | North Carolina | North Dakota | Oregon | Pennsylvania | South Dakota | Tennessee | Virginia | Washington | Wyoming,Deciduous shrub,Full sun,Medium,Low,5,8,May,July,SPBE2,Rosaceae,Shrub,,Up to about 3 feet tall.,White,"Jun , Jul",High,Part Shade,,,,,,,FALSE,TRUE,FALSE,FALSE,FALSE,TRUE,FALSE,FALSE,FALSE,FALSE,FALSE,TRUE,TRUE,FALSE,FALSE,FALSE,FALSE,FALSE,,,FALSE,FALSE,FALSE,FALSE,FALSE,FALSE,FALSE,TRUE,FALSE,White Spirea,https://static.inaturalist.org/photos/261365274/medium.jpg
PLANT-00862,spiraea douglasii,Spiraea douglasii,"Rose Spirea, Western Spiraea, Hardhack Spiraea",Alaska | California | Colorado | Idaho | Montana | Oregon | Washington,Deciduous shrub,Full sun to part shade,Medium to wet,Low,5,8,June,August,SPDO,Rosaceae,Shrub,Perennial,Up to about 10 feet tall.,Pink,"May , Jun , Jul , Aug , Sep",Low,Part Shade,Moist,,Moist soils.,,yes,Propagate by seed or softwood cuttings. Offshoots from the creeping underground stems can be readily established.,FALSE,TRUE,FALSE,TRUE,FALSE,FALSE,FALSE,FALSE,FALSE,FALSE,TRUE,TRUE,TRUE,TRUE,TRUE,FALSE,FALSE,FALSE,,,FALSE,FALSE,FALSE,FALSE,FALSE,FALSE,FALSE,TRUE,FALSE,"Rose Spirea, Western Spiraea, Hardhack Spiraea",https://inaturalist-open-data.s3.amazonaws.com/photos/293367164/medium.jpeg
PLANT-00863,spiraea tomentosa,Spiraea tomentosa,Steeplebush,Arkansas | Connecticut | Delaware | Georgia | Illinois | Indiana | Kansas | Kentucky | Louisiana | Maine | Maryland | Massachusetts | Michigan | Minnesota | Mississippi | Missouri | New Hampshire | New Jersey | New York | North Carolina | Ohio | Oregon | Pennsylvania | Rhode Island | South Carolina | Tennessee | Vermont | Virginia | Washington | West Virginia | Wisconsin,Deciduous shrub,Full sun,Medium to wet,Low,3,8,July,September,SPTO2,Rosaceae,Shrub,Perennial,Up to about 5 feet tall.,"Red , Pink , Purple","May , Jun , Jul , Aug , Sep",Low,"Sun , Part Shade , Shade",Moist,Acidic (pH<6.8),"Wet, moderately acid, soils.",Intermediate.,yes,Propagate by seed or softwood cuttings. Cuttings do not need a hormone treatment.,TRUE,TRUE,TRUE,TRUE,FALSE,FALSE,FALSE,FALSE,FALSE,FALSE,TRUE,TRUE,TRUE,TRUE,TRUE,FALSE,FALSE,FALSE,,,FALSE,FALSE,FALSE,FALSE,FALSE,FALSE,FALSE,TRUE,FALSE,Steeplebush,https://inaturalist-open-data.s3.amazonaws.com/photos/17466/medium.jpg
PLANT-00864,spiranthes odorata,Spiranthes odorata,"Marsh Ladies'-tresses, Fragrant Ladies'-tresses, Marsh Lady's Tresses",Alabama | Arkansas | Delaware | Florida | Georgia | Kentucky | Louisiana | Maryland | Mississippi | New Jersey | New York | North Carolina | Oklahoma | South Carolina | Tennessee | Texas | Virginia,Herbaceous perennial,Part shade,Medium to wet,Medium,5,9,September,October,SPOD,Orchidaceae,Herb,Perennial,Up to about 3 feet tall.,White,"Sep , Oct , Nov , Dec",,,,,,,,,FALSE,FALSE,FALSE,FALSE,FALSE,FALSE,FALSE,FALSE,FALSE,FALSE,FALSE,FALSE,FALSE,FALSE,TRUE,TRUE,TRUE,TRUE,,,FALSE,FALSE,FALSE,FALSE,FALSE,FALSE,FALSE,TRUE,FALSE,"Marsh Ladies'-tresses, Fragrant Ladies'-tresses, Marsh Lady's Tresses",https://static.inaturalist.org/photos/359820291/medium.jpg
PLANT-00865,sporobolus heterolepis,Sporobolus heterolepis,Prairie Dropseed,Arkansas | Colorado | Connecticut | Georgia | Illinois | Indiana | Iowa | Kansas | Kentucky | Maryland | Michigan | Minnesota | Missouri | Montana | Nebraska | New Mexico | New York | North Carolina | North Dakota | Ohio | Oklahoma | Pennsylvania | South Dakota | Tennessee | Virginia | Wisconsin | Wyoming,Ornamental grass,Full sun,Dry to medium,Low,3,9,August,October,SPHE,Poaceae,Grass/Grass-like,Perennial,Up to about 3 feet tall.,"Pink , Yellow , Green , Brown","Jun , Jul , Aug",Low,Sun,Dry,,"Dry, sandy soils.",,yes,"Propagate by sowing unstratified seed in fall or stratified seed in spring. Sow 1/4"" deep. Seeds prefer cool weather to germinate. Dropseed takes about three seasons to develop specimen size. Division of older plants is difficult because of a dense, t",TRUE,FALSE,FALSE,TRUE,FALSE,FALSE,FALSE,FALSE,FALSE,FALSE,FALSE,TRUE,TRUE,TRUE,FALSE,FALSE,FALSE,FALSE,,,FALSE,FALSE,FALSE,FALSE,FALSE,FALSE,FALSE,TRUE,FALSE,Prairie Dropseed,https://static.inaturalist.org/photos/158094846/medium.jpg
PLANT-00866,staphylea pinnata,Staphylea pinnata,European bladdernut,Georgia,Deciduous shrub,Full sun to part shade,Medium,Low,6,8,May,June,,,,,,,,,,,,,,,,,,,,,,,,,,,,,,,,,,,,FALSE,FALSE,FALSE,FALSE,FALSE,FALSE,FALSE,FALSE,FALSE,European bladdernut,https://inaturalist-open-data.s3.amazonaws.com/photos/511530274/medium.jpg
PLANT-00867,staphylea trifolia,Staphylea trifolia,American Bladdernut,Alabama | Arkansas | Connecticut | Delaware | Florida | Georgia | Illinois | Indiana | Iowa | Kansas | Kentucky | Louisiana | Maryland | Massachusetts | Michigan | Minnesota | Mississippi | Missouri | Nebraska | New Hampshire | New Jersey | New York | North Carolina | Ohio | Oklahoma | Pennsylvania | South Carolina | Tennessee | Vermont | Virginia | West Virginia | Wisconsin,Deciduous shrub,Part shade to full shade,Dry to medium,Low,3,8,April,May,STTR,Staphyleaceae,Shrub,Perennial,Up to about 15 feet tall.,White,"Apr , May , Jun",,Shade,Moist,Circumneutral (pH 6.8-7.2),"Moist, well-drained sandy or silty loams.",,yes,Softwood and hardwood cuttings root easily. Can also be grown from seed.,FALSE,FALSE,TRUE,FALSE,FALSE,FALSE,FALSE,FALSE,FALSE,TRUE,TRUE,TRUE,FALSE,FALSE,FALSE,FALSE,FALSE,FALSE,,,FALSE,FALSE,FALSE,FALSE,FALSE,FALSE,FALSE,TRUE,FALSE,American Bladdernut,https://inaturalist-open-data.s3.amazonaws.com/photos/30252001/medium.jpg
PLANT-00868,stenaria nigricans,Stenaria nigricans,"Bluets, Diamond-flowers",Alabama | Arkansas | Colorado | Florida | Georgia | Illinois | Indiana | Iowa | Kansas | Kentucky | Louisiana | Michigan | Mississippi | Missouri | Nebraska | New Mexico | Ohio | Oklahoma | South Carolina | Tennessee | Texas | Virginia | West Virginia,Herbaceous perennial,Full sun to part shade,Medium,Low,4,8,April,October,STNI6,Rubiaceae,Herb,Perennial,Up to about 20 inches tall.,"White , Pink , Purple","Apr , May , Jun , Jul , Aug , Sep , Oct , Nov",,,,,,,,,FALSE,FALSE,FALSE,FALSE,FALSE,FALSE,FALSE,FALSE,FALSE,TRUE,TRUE,TRUE,TRUE,TRUE,TRUE,TRUE,TRUE,FALSE,,,FALSE,FALSE,FALSE,FALSE,FALSE,FALSE,FALSE,TRUE,FALSE,"Bluets, Diamond-flowers",https://static.inaturalist.org/photos/132933/medium.jpg
PLANT-00869,stewartia ovata,Stewartia ovata,"Mountain Camellia, Mountain Stewartia",Alabama | Florida | Georgia | Kentucky | Mississippi | North Carolina | South Carolina | Tennessee | Virginia,Tree,Full sun to part shade,Medium,Low,5,9,July,July,STOV,Theaceae,Shrub,Perennial,Up to about 20 feet tall when growing as a shrub. Up to about 60 feet tall when growing as a tree.,White,"May , Jun , Jul , Aug , Sep , Oct",,Shade,Moist,Acidic (pH<6.8),"Moist, humus rich, sandy loams.",,yes,One method of propagation by seed is to sow fresh seeds in cold frame or greenhouse and keep the seedlings lightly shaded the first year. Another method is to double-stratify the seeds and fall sow in a well-protected spot. Germination may take two year,FALSE,FALSE,TRUE,FALSE,FALSE,FALSE,FALSE,FALSE,FALSE,FALSE,TRUE,TRUE,TRUE,TRUE,TRUE,TRUE,FALSE,FALSE,,,FALSE,FALSE,FALSE,FALSE,FALSE,FALSE,FALSE,TRUE,FALSE,"Mountain Camellia, Mountain Stewartia",https://static.inaturalist.org/photos/41667415/medium.jpg
PLANT-00870,stokesia laevis,Stokesia laevis,Stokes Aster,Alabama | Florida | Georgia | Louisiana | Mississippi | North Carolina | South Carolina,Herbaceous perennial,Full sun,Medium,Low,5,9,May,July,STLA6,Asteraceae,Herb,Perennial,Up to about 2 feet tall.,"White , Blue , Purple","May , Jun , Jul , Aug , Sep","Medium , High","Sun , Part Shade",Moist,Acidic (pH<6.8),"Moist, rich, well-drained soil, acidic sands preferred.",,yes,"May be propagated by root cuttings, seed, or division. Sow seeds in a cold frame in late winter, transplanting after the last frost. Take cutting of long, thick roots in the fall and make crown division in the spring or fall.",TRUE,TRUE,FALSE,FALSE,TRUE,TRUE,FALSE,FALSE,FALSE,FALSE,TRUE,TRUE,TRUE,TRUE,TRUE,FALSE,FALSE,FALSE,,,FALSE,FALSE,FALSE,FALSE,FALSE,FALSE,FALSE,TRUE,FALSE,Stokes Aster,https://inaturalist-open-data.s3.amazonaws.com/photos/503598916/medium.jpeg
PLANT-00871,stylophorum diphyllum,Stylophorum diphyllum,"Celandine Poppy, Yellow Wood Poppy",Alabama | Arkansas | Delaware | Georgia | Illinois | Indiana | Kentucky | Maryland | Michigan | Missouri | Ohio | Pennsylvania | Tennessee | Virginia | West Virginia,Herbaceous perennial,Part shade to full shade,Medium to wet,High,4,9,April,June,STDI3,Papaveraceae,Herb,Perennial,Up to about 20 inches tall.,"Orange , Yellow","Mar , Apr , May",Medium,"Part Shade , Shade",Moist,Acidic (pH<6.8),"Rich, acidic, well-drained soils. Tolerates lime.",Chipmunks feed on seeds.,yes,"Propagate by seed or division. Divide large rhizomes with many eyes, leaving two eyes in each division. Growth may be quite slow. Seeds must be sown as soon as they ripen.",FALSE,TRUE,TRUE,FALSE,TRUE,FALSE,FALSE,FALSE,TRUE,TRUE,TRUE,FALSE,FALSE,FALSE,FALSE,FALSE,FALSE,FALSE,,,FALSE,FALSE,FALSE,FALSE,FALSE,FALSE,FALSE,TRUE,FALSE,"Celandine Poppy, Yellow Wood Poppy",https://inaturalist-open-data.s3.amazonaws.com/photos/8075178/medium.jpg
PLANT-00872,styrax americanus,Styrax americanus,"American Snowbell, American Snowbells, American Silverbells, Big-leaf Snowbell, Storax",Alabama | Arkansas | Florida | Georgia | Illinois | Indiana | Kentucky | Louisiana | Mississippi | Missouri | North Carolina | Ohio | Oklahoma | Pennsylvania | South Carolina | Tennessee | Texas | Virginia,Deciduous shrub,Full sun to part shade,Medium to wet,Medium,6,8,April,May,STAM4,Styracaceae,Tree,Perennial,Up to about 15 feet tall.,White,"Mar , Apr , May , Jun , Jul",Medium,Part Shade,Wet,,"Moist to wet, cool, acid soils. Acid-based, Sandy, Sandy Loam","Nectar-bees, Nectar-butterflies, Nectar-insects, Fruit-birds",yes,"Stratify seeds and sow in a greenhouse in January or February, or sow fresh, untreated seed outdoors in the fall. Seeds do not germinate well in warm temperatures. Silverbells can be increased by layerings or softwood cuttings.",FALSE,TRUE,FALSE,FALSE,TRUE,FALSE,FALSE,FALSE,TRUE,TRUE,TRUE,TRUE,TRUE,FALSE,FALSE,FALSE,FALSE,FALSE,,,FALSE,FALSE,FALSE,FALSE,FALSE,FALSE,FALSE,TRUE,FALSE,"American Snowbell, American Snowbells, American Silverbells, Big-leaf Snowbell, Storax",https://static.inaturalist.org/photos/58536192/medium.jpeg
PLANT-00873,swietenia mahagoni,Swietenia mahagoni,West Indian mahogany,Florida,Tree,Full sun to part shade,Medium,Medium,10,11,March,April,,,,,,,,,,,,,,,,,,,,,,,,,,,,,,,,,,,,FALSE,FALSE,FALSE,FALSE,FALSE,FALSE,FALSE,FALSE,FALSE,West Indian mahogany,https://inaturalist-open-data.s3.amazonaws.com/photos/1691499/medium.jpg
PLANT-00874,symphoricarpos orbiculatus,Symphoricarpos orbiculatus,"Coralberry, Indian Currant, Buckbrush",Alabama | Arkansas | Connecticut | Delaware | Florida | Georgia | Illinois | Indiana | Iowa | Kansas | Kentucky | Louisiana | Maryland | Massachusetts | Michigan | Minnesota | Mississippi | Missouri | Nebraska | New Jersey | New York | North Carolina | Ohio | Oklahoma | Pennsylvania | Rhode Island | South Carolina | South Dakota | Tennessee | Texas | Utah | Vermont | Virginia | West Virginia | Wisconsin,Deciduous shrub,Full sun to part shade,Medium,Medium,2,7,June,July,SYOR,Caprifoliaceae,Shrub,Perennial,Up to about 6 feet tall.,"White , Green","Apr , May , Jun , Jul , Aug , Sep","Low , Medium","Part Shade , Shade","Dry , Moist",Circumneutral (pH 6.8-7.2),"Well-drained sand, loam, or clay.","Songbirds, ground birds, small mammals, and browsers use this plant for food, cover, and nesting sites.",yes,Semi-hardwood cuttings from current growth.,FALSE,TRUE,TRUE,TRUE,TRUE,FALSE,FALSE,FALSE,FALSE,TRUE,TRUE,TRUE,TRUE,TRUE,TRUE,FALSE,FALSE,FALSE,,,FALSE,FALSE,FALSE,FALSE,FALSE,FALSE,FALSE,TRUE,FALSE,"Coralberry, Indian Currant, Buckbrush",https://inaturalist-open-data.s3.amazonaws.com/photos/6613354/medium.jpg
PLANT-00875,symphyotrichum anomalum,Symphyotrichum anomalum,Manyray Aster,Arkansas | Illinois | Kansas | Missouri | Oklahoma,Herbaceous perennial,Full sun,Dry to medium,Low,5,7,July,November,SYAN2,Asteraceae,Herb,,Up to about 4 feet tall.,"White , Blue , Purple","Aug , Sep , Oct",,,,,,,,,FALSE,FALSE,FALSE,FALSE,FALSE,FALSE,FALSE,FALSE,FALSE,FALSE,FALSE,FALSE,FALSE,TRUE,TRUE,TRUE,FALSE,FALSE,,,FALSE,FALSE,FALSE,FALSE,FALSE,FALSE,FALSE,TRUE,FALSE,Manyray Aster,https://inaturalist-open-data.s3.amazonaws.com/photos/51831446/medium.jpeg
PLANT-00876,symphyotrichum cordifolium,Symphyotrichum cordifolium,"Broad-leaved Aster, Common Blue Wood Aster, Heartleaf Aster",Alabama | Arkansas | Connecticut | Delaware | Florida | Georgia | Illinois | Indiana | Iowa | Kansas | Kentucky | Maine | Maryland | Massachusetts | Michigan | Minnesota | Mississippi | Missouri | Nebraska | New Hampshire | New Jersey | New York | North Carolina | North Dakota | Ohio | Oklahoma | Pennsylvania | Rhode Island | South Carolina | South Dakota | Tennessee | Vermont | Virginia | West Virginia | Wisconsin,Herbaceous perennial,Full sun to part shade,Dry to medium,Low,3,8,August,September,SYCO4,Asteraceae,Herb,Perennial,Up to about 4 feet tall.,"White , Pink , Blue , Purple","Jun , Jul , Aug , Sep , Oct , Nov",Low,Sun,Moist,,"Clay, Loam, Sand",,,,TRUE,FALSE,FALSE,TRUE,FALSE,FALSE,FALSE,FALSE,FALSE,FALSE,FALSE,TRUE,TRUE,TRUE,TRUE,TRUE,TRUE,FALSE,,,FALSE,FALSE,FALSE,FALSE,FALSE,FALSE,FALSE,TRUE,FALSE,"Broad-leaved Aster, Common Blue Wood Aster, Heartleaf Aster",https://inaturalist-open-data.s3.amazonaws.com/photos/234797159/medium.jpeg
PLANT-00877,symphyotrichum drummondii,Symphyotrichum drummondii,Drummond's Aster,Alabama | Arkansas | Georgia | Illinois | Indiana | Iowa | Kansas | Kentucky | Louisiana | Maryland | Michigan | Minnesota | Mississippi | Missouri | Nebraska | Ohio | Oklahoma | Pennsylvania | Tennessee | Texas | Vermont | West Virginia | Wisconsin,Herbaceous perennial,Full sun to part shade,Dry to medium,Low,5,8,August,October,SYDR,Asteraceae,Herb,,Up to about 4 feet tall.,"White , Yellow , Blue , Purple","Aug , Sep , Oct , Nov",,,,,,,,,FALSE,FALSE,FALSE,FALSE,FALSE,FALSE,FALSE,FALSE,FALSE,FALSE,FALSE,FALSE,FALSE,TRUE,TRUE,TRUE,TRUE,FALSE,,,FALSE,FALSE,FALSE,FALSE,FALSE,FALSE,FALSE,TRUE,FALSE,Drummond's Aster,https://inaturalist-open-data.s3.amazonaws.com/photos/10436335/medium.jpeg
PLANT-00878,symphyotrichum ericoides,Symphyotrichum ericoides,"White Heath Aster, Heath Aster",Alabama | Arizona | Arkansas | Colorado | Connecticut | Delaware | Georgia | Idaho | Illinois | Indiana | Iowa | Kansas | Maine | Maryland | Massachusetts | Michigan | Minnesota | Mississippi | Missouri | Montana | Nebraska | New Hampshire | New Jersey | New Mexico | New York | North Dakota | Ohio | Oklahoma | Oregon | Pennsylvania | Rhode Island | South Dakota | Tennessee | Texas | Utah | Vermont | Virginia | Washington | West Virginia | Wisconsin | Wyoming,Herbaceous perennial,Full sun,Dry to medium,Low,3,10,August,October,SYER,Asteraceae,Herb,Perennial,Up to about 3 feet tall.,"White , Pink , Yellow , Blue","Jul , Aug , Sep , Oct , Nov",,Sun,Dry,,,,,,TRUE,FALSE,FALSE,FALSE,FALSE,FALSE,FALSE,FALSE,FALSE,FALSE,FALSE,FALSE,TRUE,TRUE,TRUE,TRUE,TRUE,FALSE,,,FALSE,FALSE,FALSE,FALSE,FALSE,FALSE,FALSE,TRUE,FALSE,"White Heath Aster, Heath Aster",https://inaturalist-open-data.s3.amazonaws.com/photos/51847175/medium.jpg
PLANT-00879,symphyotrichum laeve,Symphyotrichum laeve,Smooth Blue Aster,Alabama | Arkansas | Connecticut | Delaware | Georgia | Illinois | Indiana | Iowa | Kansas | Kentucky | Maine | Maryland | Massachusetts | Michigan | Minnesota | Missouri | Nebraska | New Hampshire | New Jersey | New York | North Carolina | North Dakota | Ohio | Oklahoma | Pennsylvania | Rhode Island | South Dakota | Tennessee | Vermont | Virginia | West Virginia | Wisconsin,Herbaceous perennial,Full sun,Dry to medium,Low,3,8,September,October,SYLA3,Asteraceae,Herb,Perennial,Up to about 4 feet tall.,"White , Yellow , Blue , Purple","Jul , Aug , Sep , Oct",,Sun,Dry,,,,,,TRUE,FALSE,FALSE,FALSE,FALSE,FALSE,FALSE,FALSE,FALSE,FALSE,FALSE,FALSE,TRUE,TRUE,TRUE,TRUE,FALSE,FALSE,,,FALSE,FALSE,FALSE,FALSE,FALSE,FALSE,FALSE,TRUE,FALSE,Smooth Blue Aster,https://inaturalist-open-data.s3.amazonaws.com/photos/411456090/medium.jpeg
PLANT-00880,symphyotrichum lateriflorum,Symphyotrichum lateriflorum,Calico Aster,Alabama | Arkansas | Connecticut | Delaware | Florida | Georgia | Illinois | Indiana | Iowa | Kansas | Kentucky | Louisiana | Maine | Maryland | Massachusetts | Michigan | Minnesota | Mississippi | Missouri | Nebraska | New Hampshire | New Jersey | New York | North Carolina | Ohio | Oklahoma | Pennsylvania | Rhode Island | South Carolina | South Dakota | Tennessee | Texas | Vermont | Virginia | West Virginia | Wisconsin,Herbaceous perennial,Full sun to part shade,Medium,Low,4,8,September,October,SYLA4,Asteraceae,Herb,Perennial,Up to about 5 feet tall.,"White , Pink , Yellow , Purple","Aug , Sep , Oct",,Sun,,,,,,,TRUE,FALSE,FALSE,FALSE,FALSE,FALSE,FALSE,FALSE,FALSE,FALSE,FALSE,FALSE,FALSE,TRUE,TRUE,TRUE,FALSE,FALSE,,,FALSE,FALSE,FALSE,FALSE,FALSE,FALSE,FALSE,TRUE,FALSE,Calico Aster,https://inaturalist-open-data.s3.amazonaws.com/photos/5044116/medium.jpg
PLANT-00881,symphyotrichum novae-angliae,Symphyotrichum novae-angliae,"New England Aster, New England American-aster",Alabama | Arkansas | Colorado | Connecticut | Delaware | Georgia | Illinois | Indiana | Iowa | Kansas | Kentucky | Maine | Maryland | Massachusetts | Michigan | Minnesota | Mississippi | Missouri | Montana | Nebraska | New Hampshire | New Jersey | New Mexico | New York | North Carolina | North Dakota | Ohio | Oklahoma | Oregon | Pennsylvania | Rhode Island | South Carolina | South Dakota | Tennessee | Utah | Vermont | Virginia | Washington | West Virginia | Wisconsin | Wyoming,Herbaceous perennial,Full sun,Medium,Medium,4,8,August,September,SYNO2,Asteraceae,Herb,Perennial,Up to about 6 feet tall.,"Pink , Yellow , Purple","Aug , Sep , Oct , Nov",,Part Shade,Moist,Acidic (pH<6.8),Moist soils.,Bees and butterflies frequent this wildflower.,yes,"Sow seeds, 5/8"" deep, outside in fall or provide cold stratification. New England aster can also be propagated by ""softwood"" cuttings taken in late spring. Mature plants can be divided in the spring by sectioning off individual stems with their associat",FALSE,TRUE,FALSE,FALSE,FALSE,FALSE,FALSE,FALSE,FALSE,FALSE,FALSE,FALSE,FALSE,TRUE,TRUE,TRUE,TRUE,FALSE,,,FALSE,FALSE,FALSE,FALSE,FALSE,FALSE,FALSE,TRUE,FALSE,"New England Aster, New England American-aster",https://inaturalist-open-data.s3.amazonaws.com/photos/52293886/medium.jpg
PLANT-00882,symphyotrichum oblongifolium,Symphyotrichum oblongifolium,"Aromatic Aster, Aromatic American Aster, Fall Aster, Wild Blue Aster, Shale Aster",Alabama | Arkansas | Colorado | Illinois | Indiana | Iowa | Kansas | Kentucky | Maryland | Michigan | Minnesota | Mississippi | Missouri | Montana | Nebraska | New Mexico | North Carolina | North Dakota | Ohio | Oklahoma | Pennsylvania | South Dakota | Tennessee | Texas | Virginia | West Virginia | Wisconsin | Wyoming,Herbaceous perennial,Full sun,Dry to medium,Medium,3,8,August,September,SYOB,Asteraceae,Herb,Perennial,"Up to about 3 feet tall, often less.","Purple , Violet","Sep , Oct , Nov",Low,"Sun , Part Shade","Dry , Moist",,"Rocky, calcareous or sandy soils. Well drained.",,yes,"Sow seeds, 5/8"" deep, outside in fall or provide cold stratification. Also propagated by ""softwood"" cuttings taken in late spring.",TRUE,TRUE,FALSE,TRUE,FALSE,FALSE,FALSE,FALSE,FALSE,FALSE,FALSE,FALSE,FALSE,FALSE,TRUE,TRUE,TRUE,FALSE,,,FALSE,FALSE,FALSE,FALSE,FALSE,FALSE,FALSE,TRUE,FALSE,"Aromatic Aster, Aromatic American Aster, Fall Aster, Wild Blue Aster, Shale Aster",
PLANT-00883,symphyotrichum oolentangiense,Symphyotrichum oolentangiense,"Skyblue Aster, Sky Blue American-aster, Azure Aster, Blue Devils",Alabama | Arkansas | Delaware | Florida | Georgia | Illinois | Indiana | Iowa | Kansas | Kentucky | Louisiana | Maryland | Michigan | Minnesota | Mississippi | Missouri | Nebraska | New York | North Carolina | Ohio | Oklahoma | South Carolina | South Dakota | Tennessee | Texas | Virginia | Wisconsin,Herbaceous perennial,Full sun,Dry to medium,Low,3,8,September,October,SYOO,Asteraceae,Herb,Perennial,Up to about 5 feet tall.,"Blue , Purple , Violet","Sep , Oct , Nov",Low,"Sun , Part Shade , Shade","Dry , Moist",,"Mesic to dry, average soils.",,yes,"Sow seeds, 5/8"" deep, outside in fall or provide cold stratification. Also propagated by ""softwood"" cuttings taken in late spring.",TRUE,TRUE,TRUE,TRUE,FALSE,FALSE,FALSE,FALSE,FALSE,FALSE,FALSE,FALSE,FALSE,FALSE,TRUE,TRUE,TRUE,FALSE,,,FALSE,FALSE,FALSE,FALSE,FALSE,FALSE,FALSE,TRUE,FALSE,"Skyblue Aster, Sky Blue American-aster, Azure Aster, Blue Devils",
PLANT-00884,symphyotrichum patens,Symphyotrichum patens,Late Purple Aster,Alabama | Arkansas | Connecticut | Delaware | Florida | Georgia | Illinois | Indiana | Kansas | Kentucky | Louisiana | Maine | Maryland | Massachusetts | Michigan | Minnesota | Mississippi | Missouri | New Hampshire | New Jersey | New York | North Carolina | Ohio | Oklahoma | Pennsylvania | Rhode Island | South Carolina | Tennessee | Texas | Virginia | West Virginia,Herbaceous perennial,Full sun to part shade,Dry to medium,Low,4,8,August,October,SYPA11,Asteraceae,Herb,Perennial,Up to about 4 feet tall.,"Purple , Violet","Aug , Sep , Oct , Nov , Dec",,,,,,,,,FALSE,FALSE,FALSE,FALSE,FALSE,FALSE,FALSE,FALSE,FALSE,FALSE,FALSE,FALSE,FALSE,TRUE,TRUE,TRUE,TRUE,TRUE,,,FALSE,FALSE,FALSE,FALSE,FALSE,FALSE,FALSE,TRUE,FALSE,Late Purple Aster,
PLANT-00885,symphyotrichum pilosum,Symphyotrichum pilosum,Hairy White Oldfield Aster,Alabama | Arkansas | Florida | Georgia | Illinois | Indiana | Iowa | Kansas | Kentucky | Maine | Massachusetts | Michigan | Minnesota | Mississippi | Missouri | Nebraska | New Hampshire | New Jersey | New York | North Carolina | Ohio | Oklahoma | Pennsylvania | South Carolina | South Dakota | Tennessee | Virginia | Wisconsin,Herbaceous perennial,Full sun to part shade,Medium,Low,4,8,August,October,SYPI2,Asteraceae,Herb,Perennial,Up to about 5 feet tall.,"White , Pink , Blue","Aug , Sep , Oct",,,,,,,,,FALSE,FALSE,FALSE,FALSE,FALSE,FALSE,FALSE,FALSE,FALSE,FALSE,FALSE,FALSE,FALSE,TRUE,TRUE,TRUE,FALSE,FALSE,,,FALSE,FALSE,FALSE,FALSE,FALSE,FALSE,FALSE,TRUE,FALSE,Hairy White Oldfield Aster,
PLANT-00886,symphyotrichum praealtum,Symphyotrichum praealtum,Willowleaf Aster,Alabama | Arkansas | Connecticut | Delaware | Florida | Illinois | Indiana | Iowa | Kansas | Kentucky | Louisiana | Maine | Maryland | Massachusetts | Michigan | Mississippi | Missouri | Nebraska | New Hampshire | New Jersey | New York | Ohio | Oklahoma | Pennsylvania | Rhode Island | South Dakota | Tennessee | Texas | Virginia | West Virginia | Wisconsin,Herbaceous perennial,Full sun to part shade,Medium to wet,Low,4,8,August,October,SYPR5,Asteraceae,Herb,Perennial,Up to about 6 feet tall.,"White , Blue , Purple , Violet","Aug , Sep , Oct , Nov",,"Sun , Part Shade , Shade",Moist,,,,,,TRUE,TRUE,TRUE,FALSE,FALSE,FALSE,FALSE,FALSE,FALSE,FALSE,FALSE,FALSE,FALSE,TRUE,TRUE,TRUE,TRUE,FALSE,,,FALSE,FALSE,FALSE,FALSE,FALSE,FALSE,FALSE,TRUE,FALSE,Willowleaf Aster,https://inaturalist-open-data.s3.amazonaws.com/photos/99582643/medium.jpg
PLANT-00887,symphyotrichum puniceum,Symphyotrichum puniceum,"Purplestem Aster, Purple-stemmed Aster",Alabama | Connecticut | Delaware | Georgia | Illinois | Indiana | Iowa | Maine | Maryland | Michigan | Minnesota | Missouri | New Hampshire | New Jersey | New York | North Carolina | North Dakota | Ohio | Pennsylvania | Rhode Island | South Carolina | South Dakota | Tennessee | Vermont | Virginia | West Virginia | Wisconsin,Herbaceous perennial,Full sun,Medium to wet,Low,2,9,August,September,SYPU,Asteraceae,Herb,Perennial,Up to about 10 feet tall.,"White , Pink , Blue , Purple","Jul , Aug , Sep , Oct , Nov",,Sun,"Moist , Wet",,,,,,TRUE,FALSE,FALSE,FALSE,FALSE,FALSE,FALSE,FALSE,FALSE,FALSE,FALSE,FALSE,TRUE,TRUE,TRUE,TRUE,TRUE,FALSE,,,FALSE,FALSE,FALSE,FALSE,FALSE,FALSE,FALSE,TRUE,FALSE,"Purplestem Aster, Purple-stemmed Aster",https://inaturalist-open-data.s3.amazonaws.com/photos/158898865/medium.jpg
PLANT-00888,symphyotrichum sericeum,Symphyotrichum sericeum,"Western Silver Aster, Western Silver American-aster, Silky Aster",Arkansas | Illinois | Indiana | Iowa | Kansas | Michigan | Minnesota | Missouri | Nebraska | New Mexico | North Dakota | Ohio | Oklahoma | South Dakota | Texas | Wisconsin,Herbaceous perennial,Full sun,Dry to medium,Low,4,8,August,October,SYSE2,Asteraceae,Herb,Perennial,Up to about 2 feet tall.,"White , Pink , Blue , Purple","Aug , Sep , Oct",,"Sun , Part Shade",Dry,Acidic (pH<6.8),Dry soils.,,yes,Usually propagated by seed planted in fall or cold-moist stratified and planted in spring.,TRUE,TRUE,FALSE,FALSE,FALSE,FALSE,FALSE,FALSE,FALSE,FALSE,FALSE,FALSE,FALSE,TRUE,TRUE,TRUE,FALSE,FALSE,,,FALSE,FALSE,FALSE,FALSE,FALSE,FALSE,FALSE,TRUE,FALSE,"Western Silver Aster, Western Silver American-aster, Silky Aster",https://inaturalist-open-data.s3.amazonaws.com/photos/567998831/medium.jpg
PLANT-00889,symphyotrichum turbinellum,Symphyotrichum turbinellum,Smooth Violet Prairie Aster,Arkansas | Illinois | Iowa | Kansas | Louisiana | Missouri | Nebraska | Oklahoma,Herbaceous perennial,Full sun,Dry to medium,Low,5,8,August,October,SYTU2,Asteraceae,Herb,,Up to about 3 feet tall.,"Yellow , Blue , Purple","Aug , Sep , Oct",,,,,,,,,FALSE,FALSE,FALSE,FALSE,FALSE,FALSE,FALSE,FALSE,FALSE,FALSE,FALSE,FALSE,FALSE,TRUE,TRUE,TRUE,FALSE,FALSE,,,FALSE,FALSE,FALSE,FALSE,FALSE,FALSE,FALSE,TRUE,FALSE,Smooth Violet Prairie Aster,https://inaturalist-open-data.s3.amazonaws.com/photos/160110997/medium.jpg
PLANT-00890,symplocarpus foetidus,Symplocarpus foetidus,"Skunk Cabbage, Skunk-cabbage",Connecticut | Delaware | Illinois | Indiana | Iowa | Maine | Maryland | Massachusetts | Michigan | Minnesota | New Hampshire | New Jersey | New York | North Carolina | Ohio | Pennsylvania | Rhode Island | Tennessee | Vermont | Virginia | West Virginia | Wisconsin,Herbaceous perennial,Part shade to full shade,Wet,Low,4,7,February,April,SYFO,Araceae,Herb,Perennial,Up to about 5 feet tall.,"Yellow , Green , Purple , Brown","Feb , Mar , Apr , May",High,Shade,Wet,,"Damp, humus-rich soil.",,yes,"Sow seeds upon collection in a peaty soil kept constantly moist. Seedlings require considerable time to mature. To increase by division, dig around the dormant plant and remove it with as much of the deep-penetrating, offensive-smelling",FALSE,FALSE,TRUE,FALSE,FALSE,TRUE,FALSE,TRUE,TRUE,TRUE,TRUE,FALSE,FALSE,FALSE,FALSE,FALSE,FALSE,FALSE,,,FALSE,FALSE,FALSE,FALSE,FALSE,FALSE,FALSE,TRUE,FALSE,"Skunk Cabbage, Skunk-cabbage",https://inaturalist-open-data.s3.amazonaws.com/photos/1840324/medium.jpg
PLANT-00891,taenidia integerrima,Taenidia integerrima,Yellow Pimpernel,Alabama | Arkansas | Connecticut | Delaware | Georgia | Illinois | Indiana | Iowa | Kansas | Kentucky | Louisiana | Maryland | Michigan | Minnesota | Mississippi | Missouri | New Jersey | New York | North Carolina | Ohio | Oklahoma | Pennsylvania | Rhode Island | South Carolina | South Dakota | Tennessee | Texas | Vermont | Virginia | West Virginia | Wisconsin,Herbaceous perennial,Full sun to part shade,Dry to medium,Medium,4,8,May,July,TAIN,Apiaceae,Herb,Perennial,,Yellow,"May , Jun , Jul",,,,,,,,,FALSE,FALSE,FALSE,FALSE,FALSE,FALSE,FALSE,FALSE,FALSE,FALSE,TRUE,TRUE,TRUE,FALSE,FALSE,FALSE,FALSE,FALSE,,,FALSE,FALSE,FALSE,FALSE,FALSE,FALSE,FALSE,TRUE,FALSE,Yellow Pimpernel,https://inaturalist-open-data.s3.amazonaws.com/photos/20567134/medium.jpg
PLANT-00892,taxodium distichum var. distichum,Taxodium distichum var. distichum,bald cypress,Alabama | Arkansas | Delaware | Florida | Georgia | Illinois | Indiana | Kentucky | Louisiana | Maryland | Mississippi | Missouri | North Carolina | Oklahoma | South Carolina | Tennessee | Texas | Virginia,Tree,Full sun,Medium to wet,Low,4,9,Non-flowering,Non-flowering,,,,,,,,,,,,,,,,,,,,,,,,,,,,,,,,,,,,FALSE,FALSE,FALSE,FALSE,FALSE,FALSE,FALSE,FALSE,FALSE,bald cypress,
PLANT-00893,taxodium distichum var. imbricarium,Taxodium distichum var. imbricarium,pond cypress,Alabama | Florida | Georgia | Louisiana | Mississippi | North Carolina | South Carolina | Texas | Virginia,Tree,Full sun,Medium to wet,Low,5,9,Non-flowering,Non-flowering,,,,,,,,,,,,,,,,,,,,,,,,,,,,,,,,,,,,FALSE,FALSE,FALSE,FALSE,FALSE,FALSE,FALSE,FALSE,FALSE,pond cypress,
PLANT-00894,taxus baccata,Taxus baccata,English yew,Georgia,Needled evergreen,Full sun to part shade,Medium,Low,6,7,Non-flowering,Non-flowering,,,,,,,,,,,,,,,,,,,,,,,,,,,,,,,,,,,,FALSE,FALSE,FALSE,FALSE,FALSE,FALSE,FALSE,FALSE,FALSE,English yew,https://inaturalist-open-data.s3.amazonaws.com/photos/8502/medium.jpg
PLANT-00895,taxus floridana,Taxus floridana,Florida yew,Florida,Needled evergreen,Full sun to part shade,Dry to medium,Medium,8,10,Non-flowering,Non-flowering,,,,,,,,,,,,,,,,,,,,,,,,,,,,,,,,,,,,FALSE,FALSE,FALSE,FALSE,FALSE,FALSE,FALSE,FALSE,FALSE,Florida yew,https://inaturalist-open-data.s3.amazonaws.com/photos/73500332/medium.jpeg
PLANT-00896,tecoma stans,Tecoma stans,"Yellow Bells, Yellowbells, Esperanza, Yellow Trumpetbush, Yellow Trumpetflower, Trumpetbush, Trumpetflower, Yellow Elder, Hardy Yellow Trumpet, Yellow Trumpet Bush",Arizona | Florida | New Mexico | Texas,Broadleaf evergreen,Full sun,Medium,Medium,10,11,Flowers freely,Flowers freely,TEST,Bignoniaceae,Shrub,Perennial,Normally 3-6 ft high in North America but can be as much as 9 ft.,Yellow,"Apr , May , Jun , Jul , Aug , Sep , Oct , Nov",Low,"Sun , Part Shade",Dry,,"Well drained, rocky, limestone, sand, and loam soils","Nectar-insects, bees, hummingbirds. Seeds-Small mammals. Leaves-browsed by mammals.",yes,,TRUE,TRUE,FALSE,TRUE,FALSE,FALSE,FALSE,FALSE,FALSE,TRUE,TRUE,TRUE,TRUE,TRUE,TRUE,TRUE,TRUE,FALSE,,,FALSE,FALSE,FALSE,FALSE,FALSE,FALSE,FALSE,TRUE,FALSE,"Yellow Bells, Yellowbells, Esperanza, Yellow Trumpetbush, Yellow Trumpetflower, Trumpetbush, Trumpetflower, Yellow Elder, Hardy Yellow Trumpet, Yellow Trumpet Bush",https://inaturalist-open-data.s3.amazonaws.com/photos/248877294/medium.jpeg
PLANT-00897,tellima grandiflora,Tellima grandiflora,"Bigflower Tellima, Fragrant Fringecup",Alaska | California | Idaho | Montana | Oregon | Washington,Herbaceous perennial,Part shade,Medium,Low,4,7,April,May,TEGR2,Saxifragaceae,Herb,Perennial,Up to about 3 feet tall.,"White , Red , Pink , Green","Apr , May , Jun , Jul",,"Sun , Part Shade , Shade",Moist,,"Moist, rich, well-drained soils.",Hummingbirds are attracted to the flowers.,yes,Propagate by division or seeds.,TRUE,TRUE,TRUE,FALSE,FALSE,FALSE,FALSE,FALSE,FALSE,TRUE,TRUE,TRUE,TRUE,FALSE,FALSE,FALSE,FALSE,FALSE,Bee,2,TRUE,FALSE,FALSE,FALSE,FALSE,FALSE,FALSE,TRUE,TRUE,"Bigflower Tellima, Fragrant Fringecup",https://inaturalist-open-data.s3.amazonaws.com/photos/143999155/medium.jpg
PLANT-00898,tephrosia virginiana,Tephrosia virginiana,"Goat's Rue, Virginia Tephrosia, Devil's Shoestring",Alabama | Arkansas | Connecticut | Delaware | Florida | Georgia | Illinois | Indiana | Iowa | Kansas | Kentucky | Louisiana | Maryland | Massachusetts | Michigan | Minnesota | Mississippi | Missouri | Nebraska | New Hampshire | New Jersey | New York | North Carolina | Ohio | Oklahoma | Pennsylvania | Rhode Island | South Carolina | Tennessee | Texas | Virginia | West Virginia | Wisconsin,Herbaceous perennial,Full sun,Dry to medium,Low,3,9,May,August,TEVI,Fabaceae,Herb,Perennial,Up to about 2 feet tall.,"Pink , Yellow","Apr , May , Jun , Jul",,"Sun , Part Shade , Shade",Dry,,Sandy soils.,Attracts ground birds.,yes,Propagate by seed sown unstratified in fall or stratified in spring.,TRUE,TRUE,TRUE,FALSE,FALSE,FALSE,FALSE,FALSE,FALSE,TRUE,TRUE,TRUE,TRUE,FALSE,FALSE,FALSE,FALSE,FALSE,,,FALSE,FALSE,FALSE,FALSE,FALSE,FALSE,FALSE,TRUE,FALSE,"Goat's Rue, Virginia Tephrosia, Devil's Shoestring",https://inaturalist-open-data.s3.amazonaws.com/photos/9191638/medium.jpeg
PLANT-00899,terminalia catappa,Terminalia catappa,tropical almond,Hawaii,Tree,Full sun,Medium,Low,10,11,Seasonal bloomer,Seasonal bloomer,,,,,,,,,,,,,,,,,,,,,,,,,,,,,,,,,,,,FALSE,FALSE,FALSE,FALSE,FALSE,FALSE,FALSE,FALSE,FALSE,tropical almond,https://static.inaturalist.org/photos/51210593/medium.jpeg
PLANT-00900,teucrium canadense,Teucrium canadense,"American Germander, Canada Germander, Canadian Germander, Germander, Hairy Germander, Wood Sage",Alabama | Arizona | Arkansas | Colorado | Connecticut | Florida | Georgia | Illinois | Iowa | Kansas | Maine | Massachusetts | Minnesota | Mississippi | Missouri | Montana | Nebraska | New Hampshire | New Jersey | New Mexico | New York | North Dakota | Ohio | Oklahoma | Oregon | Pennsylvania | Rhode Island | South Dakota | Tennessee | Texas | Vermont | Virginia | Washington | Wyoming,Herbaceous perennial,Full sun to part shade,Medium,Medium,4,9,June,September,TECA3,Lamiaceae,Herb,Perennial,Up to about 5 feet tall.,"White , Pink , Purple","May , Jun , Jul , Aug , Sep , Oct",High,Part Shade,Moist,,"Sandy Sandy Loam Clay Loam Clay, Medium Loam Caliche type, Limestone-based
Gypseous",,,,FALSE,TRUE,FALSE,FALSE,FALSE,TRUE,FALSE,FALSE,FALSE,FALSE,TRUE,TRUE,TRUE,TRUE,TRUE,TRUE,FALSE,FALSE,,,FALSE,FALSE,FALSE,FALSE,FALSE,FALSE,FALSE,TRUE,FALSE,"American Germander, Canada Germander, Canadian Germander, Germander, Hairy Germander, Wood Sage",https://inaturalist-open-data.s3.amazonaws.com/photos/519213061/medium.jpg
PLANT-00901,thalia dealbata,Thalia dealbata,"Powdery Alligator-flag, Powdery Thalia, Water Canna",Alabama | Arkansas | Georgia | Illinois | Louisiana | Mississippi | Missouri | Oklahoma | South Carolina | Texas,Herbaceous perennial,Full sun,Wet,Low,6,10,July,August,THDE,Marantaceae,Herb,Perennial,Up to about 8 feet tall.,"White , Purple","May , Jun , Jul , Aug , Sep , Oct",High,Part Shade,Wet,,"Shallow water or poorly drained, wet soils. Mud, Saline tolerant",,,,FALSE,TRUE,FALSE,FALSE,FALSE,TRUE,FALSE,FALSE,FALSE,FALSE,TRUE,TRUE,TRUE,TRUE,TRUE,TRUE,FALSE,FALSE,,,FALSE,FALSE,FALSE,FALSE,FALSE,FALSE,FALSE,TRUE,FALSE,"Powdery Alligator-flag, Powdery Thalia, Water Canna",https://inaturalist-open-data.s3.amazonaws.com/photos/84955827/medium.jpg
PLANT-00902,thalictrum dasycarpum,Thalictrum dasycarpum,"Purple Meadow-rue, Tall Meadow-rue, Meadow Rue",Alabama | Arizona | Arkansas | Colorado | Idaho | Illinois | Indiana | Iowa | Kansas | Kentucky | Louisiana | Michigan | Minnesota | Mississippi | Missouri | Montana | Nebraska | New Mexico | New York | North Dakota | Ohio | Oklahoma | Pennsylvania | South Dakota | Tennessee | Texas | Utah | Washington | Wisconsin | Wyoming,Herbaceous perennial,Full sun to part shade,Medium,Medium,4,7,May,June,THDA,Ranunculaceae,Herb,Perennial,Up to about 6 feet tall.,"White , Yellow , Green , Purple","Mar , Apr , May , Jun , Jul",Medium,Part Shade,"Moist , Wet",,"Rich, sandy or calcareous loams. Sandy, Sandy Loam, Medium Loam Clay Loam Acid-based, Calcareous",,yes,Propagate by seed.,FALSE,TRUE,FALSE,FALSE,TRUE,FALSE,FALSE,FALSE,TRUE,TRUE,TRUE,TRUE,TRUE,FALSE,FALSE,FALSE,FALSE,FALSE,,,FALSE,FALSE,FALSE,FALSE,FALSE,FALSE,FALSE,TRUE,FALSE,"Purple Meadow-rue, Tall Meadow-rue, Meadow Rue",https://inaturalist-open-data.s3.amazonaws.com/photos/20631492/medium.jpg
PLANT-00903,thalictrum dioicum,Thalictrum dioicum,Early Meadow-rue,Alabama | Arkansas | Connecticut | Delaware | Georgia | Illinois | Indiana | Iowa | Kansas | Kentucky | Maine | Maryland | Massachusetts | Michigan | Minnesota | Mississippi | Missouri | Nebraska | New Hampshire | New Jersey | New York | North Carolina | North Dakota | Ohio | Pennsylvania | Rhode Island | South Carolina | South Dakota | Tennessee | Vermont | Virginia | West Virginia | Wisconsin,Herbaceous perennial,Full sun to part shade,Medium,Medium,4,7,April,May,THDI,Ranunculaceae,Herb,Perennial,Up to about 30 inches tall.,"Green , Purple","Apr , May , Jun",,Part Shade,Moist,,"Rich, mesic soils.",,yes,Plant seeds outside in the fall. Seedlings will germinate in one year; flower in two or three.,FALSE,TRUE,FALSE,FALSE,FALSE,FALSE,FALSE,FALSE,FALSE,TRUE,TRUE,TRUE,FALSE,FALSE,FALSE,FALSE,FALSE,FALSE,,,FALSE,FALSE,FALSE,FALSE,FALSE,FALSE,FALSE,TRUE,FALSE,Early Meadow-rue,https://inaturalist-open-data.s3.amazonaws.com/photos/33016/medium.jpg
PLANT-00904,thalictrum pubescens,Thalictrum pubescens,"King Of The Meadow, King-of-the-meadow, Tall Meadow Rue",Alabama | Connecticut | Delaware | Georgia | Illinois | Indiana | Kentucky | Maine | Maryland | Massachusetts | Michigan | Mississippi | New Hampshire | New Jersey | New York | North Carolina | Ohio | Pennsylvania | Rhode Island | South Carolina | Tennessee | Vermont | Virginia | West Virginia,Herbaceous perennial,Part shade to full shade,Medium to wet,Low,3,8,June,August,THPU2,Ranunculaceae,Herb,Perennial,Up to about 10 feet tall.,"White , Purple","Jun , Jul , Aug",,Part Shade,Moist,Acidic (pH<6.8),Moist soils.,"Butterflies, Bees",yes,Separate offsets while the plant is dormant in spring or fall. Plant seeds as soon as they ripen. Seeds may not germinate until the second year.,FALSE,TRUE,FALSE,FALSE,FALSE,FALSE,FALSE,FALSE,FALSE,FALSE,FALSE,TRUE,TRUE,TRUE,FALSE,FALSE,FALSE,FALSE,,,FALSE,FALSE,FALSE,FALSE,FALSE,FALSE,FALSE,TRUE,FALSE,"King Of The Meadow, King-of-the-meadow, Tall Meadow Rue",https://inaturalist-open-data.s3.amazonaws.com/photos/46189643/medium.jpg
PLANT-00905,thalictrum thalictroides,Thalictrum thalictroides,"Rue Anemone, Rue-anemone",Alabama | Arkansas | Connecticut | Delaware | Florida | Georgia | Illinois | Indiana | Iowa | Kansas | Kentucky | Maine | Maryland | Massachusetts | Michigan | Minnesota | Mississippi | Missouri | New Hampshire | New Jersey | New York | North Carolina | Ohio | Oklahoma | Pennsylvania | Rhode Island | South Carolina | Tennessee | Texas | Vermont | Virginia | West Virginia | Wisconsin,Herbaceous perennial,Part shade,Medium,Medium,4,8,April,May,THTH2,Ranunculaceae,Herb,Perennial,Up to about 1 foot tall.,"White , Pink","Mar , Apr , May , Jun",,Part Shade,Moist,Acidic (pH<6.8),"Humus-rich, sometimes dry, soils.",,yes,"Propagate by division, root cuttings or seed. Sow seeds in fall or provide cold stratification. Seedlings will flower the second or third year following germination.",FALSE,TRUE,FALSE,FALSE,FALSE,FALSE,FALSE,FALSE,TRUE,TRUE,TRUE,TRUE,FALSE,FALSE,FALSE,FALSE,FALSE,FALSE,,,FALSE,FALSE,FALSE,FALSE,FALSE,FALSE,FALSE,TRUE,FALSE,"Rue Anemone, Rue-anemone",
PLANT-00906,thaspium trifoliatum,Thaspium trifoliatum,"Purple Meadowparsnip, Purple Meadow Parsnip",Alabama | Arkansas | Florida | Georgia | Illinois | Kansas | Kentucky | Louisiana | Mississippi | Missouri | New Jersey | North Carolina | Ohio | Pennsylvania | Rhode Island | South Carolina | Tennessee | Virginia | West Virginia,Herbaceous perennial,Full sun to part shade,Medium,Low,3,9,April,June,THTR,Apiaceae,Herb,Perennial,Up to about 3 feet tall.,"Red , Green , Purple","Apr , May , Jun , Jul",,,,,,,,,FALSE,FALSE,FALSE,FALSE,FALSE,FALSE,FALSE,FALSE,FALSE,TRUE,TRUE,TRUE,TRUE,FALSE,FALSE,FALSE,FALSE,FALSE,,,FALSE,FALSE,FALSE,FALSE,FALSE,FALSE,FALSE,TRUE,FALSE,"Purple Meadowparsnip, Purple Meadow Parsnip",https://inaturalist-open-data.s3.amazonaws.com/photos/75570328/medium.jpeg
PLANT-00907,thermopsis villosa,Thermopsis villosa,"Carolina Bushpea, Aaron's Rod, Bush Pea",Alabama | Georgia | Kentucky | Maryland | North Carolina | Tennessee | Virginia,Herbaceous perennial,Full sun,Dry to medium,Low,4,9,July,July,THVI,Fabaceae,Herb,Perennial,Up to about 5 feet tall.,"White , Yellow","May , Jun",Medium,"Sun , Part Shade",Moist,Acidic (pH<6.8),"Humus-rich, well-drained soil.",,yes,"Seeds can be sown outdoors upon collection or stored, treated and sown later. Mature plants may be divided in the fall but new divisions recover slowly. The problem is the deep roots which are broken when moved. Roots are so thick that it may take a hatchet to divide them.",TRUE,TRUE,FALSE,FALSE,TRUE,FALSE,FALSE,FALSE,FALSE,FALSE,TRUE,TRUE,FALSE,FALSE,FALSE,FALSE,FALSE,FALSE,,,FALSE,FALSE,FALSE,FALSE,FALSE,FALSE,FALSE,TRUE,FALSE,"Carolina Bushpea, Aaron's Rod, Bush Pea",https://inaturalist-open-data.s3.amazonaws.com/photos/13040666/medium.jpg
PLANT-00908,thuja occidentalis,Thuja occidentalis,"Arborvitae, Eastern Arborvitae, Northern White Cedar",Connecticut | Illinois | Indiana | Iowa | Kentucky | Maine | Maryland | Michigan | Minnesota | New Hampshire | New Jersey | New York | North Carolina | Ohio | Pennsylvania | Rhode Island | South Carolina | Tennessee | Vermont | Virginia | West Virginia | Wisconsin,Needled evergreen,Full sun to part shade,Medium,Low,2,7,Non-flowering,Non-flowering,THOC2,Cupressaceae,Tree,Perennial,Up to about 120 feet tall. Often much shorter.,"Yellow , Green , Brown",Apr,Medium,"Sun , Part Shade , Shade","Dry , Moist",Circumneutral (pH 6.8-7.2),"Moist, well-drained alkaline soils.",Food and cover for birds.,yes,,TRUE,TRUE,TRUE,FALSE,TRUE,FALSE,FALSE,FALSE,FALSE,TRUE,FALSE,FALSE,FALSE,FALSE,FALSE,FALSE,FALSE,FALSE,,,FALSE,FALSE,FALSE,FALSE,FALSE,FALSE,FALSE,TRUE,FALSE,"Arborvitae, Eastern Arborvitae, Northern White Cedar",https://inaturalist-open-data.s3.amazonaws.com/photos/4684247/medium.jpeg
PLANT-00909,thuja plicata,Thuja plicata,"Western Red Cedar, Western Arborvitae, Canoe Cedar",Alaska | California | Idaho | Montana | Washington,Needled evergreen,Full sun to part shade,Medium,Medium,5,7,Non-flowering,Non-flowering,THPL,Cupressaceae,Tree,Perennial,Up to about 200 feet tall.,"Red , Purple",Apr,Medium,"Part Shade , Shade","Moist , Wet",,"Moist, slightly acidic soils.",,yes,Cuttings taken in Dec. or Jan. and treated with hormone root very well. Western cedar is also easily grown from layers or seeds. Occasional dormant seeds are found which require stratification.,FALSE,TRUE,TRUE,FALSE,TRUE,FALSE,FALSE,FALSE,FALSE,TRUE,FALSE,FALSE,FALSE,FALSE,FALSE,FALSE,FALSE,FALSE,,,FALSE,FALSE,FALSE,FALSE,FALSE,FALSE,FALSE,TRUE,FALSE,"Western Red Cedar, Western Arborvitae, Canoe Cedar",https://inaturalist-open-data.s3.amazonaws.com/photos/7846522/medium.jpeg
PLANT-00910,tiarella cordifolia,Tiarella cordifolia,"Heartleaf Foamflower, Heart-leaf Foamflower",Alabama | Connecticut | Georgia | Kentucky | Maine | Maryland | Massachusetts | Michigan | Minnesota | Mississippi | New Hampshire | New Jersey | New York | North Carolina | Ohio | Pennsylvania | Rhode Island | South Carolina | Tennessee | Vermont | Virginia | Wisconsin,Herbaceous perennial,Part shade to full shade,Medium,Low,4,9,May,May,TICO,Saxifragaceae,Herb,Perennial,Up to about 16 inches tall.,"White , Pink , Purple","Mar , Apr , May , Jun , Jul",,Shade,Moist,Acidic (pH<6.8),"Moist, well-drained, humus-rich soils.",,yes,"Propagation is easiest by dividing the runners or crowns in fall or spring. Plant the divisions about a foot apart. Seeds collected from mature fruits can be planted immediately or sown in the spring. Germination is high, but the seedlings grow slowly.",FALSE,FALSE,TRUE,FALSE,FALSE,FALSE,FALSE,FALSE,TRUE,TRUE,TRUE,TRUE,TRUE,FALSE,FALSE,FALSE,FALSE,FALSE,,,FALSE,FALSE,FALSE,FALSE,FALSE,FALSE,FALSE,TRUE,FALSE,"Heartleaf Foamflower, Heart-leaf Foamflower",https://inaturalist-open-data.s3.amazonaws.com/photos/55362104/medium.jpg
PLANT-00911,tilia americana,Tilia americana,"American Basswood, American Linden, Lime Tree, Bee Tree",Alabama | Arkansas | Connecticut | Delaware | Florida | Georgia | Illinois | Indiana | Iowa | Kansas | Kentucky | Louisiana | Maine | Maryland | Massachusetts | Michigan | Minnesota | Mississippi | Missouri | Nebraska | New Hampshire | New Jersey | New York | North Carolina | North Dakota | Ohio | Oklahoma | Pennsylvania | Rhode Island | South Carolina | South Dakota | Tennessee | Texas | Vermont | Virginia | West Virginia | Wisconsin,Tree,Full sun to part shade,Medium,Low,2,8,June,June,TIAM,Tiliaceae,Tree,Perennial,Up to about 100 feet tall.,Yellow,"Apr , May , Jun , Jul",Medium,"Sun , Part Shade , Shade","Dry , Moist",Circumneutral (pH 6.8-7.2),"Moist, rich, well-drained, loamy soils.",,yes,Untreated seeds germinate in 2-3 years. Seeds germinate most easily if fruits are collected as they first turn slightly brown and are planted immediately. Mechanical or chemical pretreatment of the hard pericarp and seed coat hastens germination.,TRUE,TRUE,TRUE,FALSE,TRUE,FALSE,FALSE,FALSE,FALSE,TRUE,TRUE,TRUE,TRUE,FALSE,FALSE,FALSE,FALSE,FALSE,,,FALSE,FALSE,FALSE,FALSE,FALSE,FALSE,FALSE,TRUE,FALSE,"American Basswood, American Linden, Lime Tree, Bee Tree",https://static.inaturalist.org/photos/404975522/medium.jpeg
PLANT-00912,tilia americana var. heterophylla,Tilia americana var. heterophylla,"American Basswood, White Basswood, Linden",Alabama | Arkansas | Florida | Georgia | Illinois | Indiana | Iowa | Kentucky | Louisiana | Maine | Maryland | Massachusetts | Mississippi | Missouri | New Jersey | New York | North Carolina | Ohio | Pennsylvania | South Carolina | Tennessee | Virginia | West Virginia,Tree,Full sun to part shade,Medium,Low,3,7,June,June,TIAMH,Tiliaceae,Tree,Perennial,Up to about 100 feet tall.,"White , Yellow","Apr , May , Jun , Jul",High,Part Shade,,,"Rich, rocky soils.",,yes,Untreated seeds germinate in 2-3 years. Seeds germinate most easily if fruits are collected as they first trun slightly brown and are planted immediately. Mechanical or chemical pretreatment of the hard pericarp and seed coat hastens germination.,FALSE,TRUE,FALSE,FALSE,FALSE,TRUE,FALSE,FALSE,FALSE,TRUE,TRUE,TRUE,TRUE,FALSE,FALSE,FALSE,FALSE,FALSE,,,FALSE,FALSE,FALSE,FALSE,FALSE,FALSE,FALSE,TRUE,FALSE,"American Basswood, White Basswood, Linden",
PLANT-00913,tilia cordata,Tilia cordata,little-leaf linden,Maine | Maryland | Wisconsin,Tree,Full sun to part shade,Medium,Low,3,7,June,June,,,,,,,,,,,,,,,,,,,,,,,,,,,,,,,,,,,,FALSE,FALSE,FALSE,FALSE,FALSE,FALSE,FALSE,FALSE,FALSE,little-leaf linden,https://inaturalist-open-data.s3.amazonaws.com/photos/12491246/medium.jpg
PLANT-00914,tillandsia usneoides,Tillandsia usneoides,Spanish Moss,Alabama | Arkansas | Florida | Georgia | Louisiana | Mississippi | North Carolina | South Carolina | Texas | Virginia,Epiphyte,Full sun to part shade,Medium,Low,8,11,Rarely flowers,Rarely flowers,TIUS,Bromeliaceae,Herb,Perennial,Up to about 10 feet long.,White,"Apr , May , Jun",Medium,Shade,,,,,,,FALSE,FALSE,TRUE,FALSE,TRUE,FALSE,FALSE,FALSE,FALSE,TRUE,TRUE,TRUE,FALSE,FALSE,FALSE,FALSE,FALSE,FALSE,,,FALSE,FALSE,FALSE,FALSE,FALSE,FALSE,FALSE,TRUE,FALSE,Spanish Moss,https://static.inaturalist.org/photos/22694434/medium.jpeg
PLANT-00915,toona ciliata,Toona ciliata,Australian redcedar,Hawaii,Tree,Full sun,Medium to wet,Low,9,12,Seasonal bloomer,Seasonal bloomer,,,,,,,,,,,,,,,,,,,,,,,,,,,,,,,,,,,,FALSE,FALSE,FALSE,FALSE,FALSE,FALSE,FALSE,FALSE,FALSE,Australian redcedar,https://inaturalist-open-data.s3.amazonaws.com/photos/346961838/medium.jpeg
PLANT-00916,torreya taxifolia,Torreya taxifolia,"Florida Nutmeg, Florida Torreya, Stinking-cedar, Torrey Tree, Savin, Gopher Wood, Polecat Wood, Stinking-yew",Florida | Georgia,Needled evergreen,Part shade,Medium,High,5,9,Non-flowering,Non-flowering,TOTA,Taxaceae,Tree,Perennial,"Up to about 60 feet tall, often shorter. Trunk up to about 32 inches in diameter.",Not Applicable,Apr,Medium,"Sun , Part Shade",,Circumneutral (pH 6.8-7.2),,,,,TRUE,TRUE,FALSE,FALSE,TRUE,FALSE,FALSE,FALSE,FALSE,TRUE,FALSE,FALSE,FALSE,FALSE,FALSE,FALSE,FALSE,FALSE,,,FALSE,FALSE,FALSE,FALSE,FALSE,FALSE,FALSE,TRUE,FALSE,"Florida Nutmeg, Florida Torreya, Stinking-cedar, Torrey Tree, Savin, Gopher Wood, Polecat Wood, Stinking-yew",https://inaturalist-open-data.s3.amazonaws.com/photos/168560298/medium.jpg
PLANT-00917,toxicodendron diversilobum,Toxicodendron diversilobum,western poison oak,California | Nevada | Oregon | Washington,Deciduous shrub,Full sun,Medium,High,5,9,April,June,,,,,,,,,,,,,,,,,,,,,,,,,,,,,,,,,,,,FALSE,FALSE,FALSE,FALSE,FALSE,FALSE,FALSE,FALSE,FALSE,western poison oak,https://static.inaturalist.org/photos/14897857/medium.jpeg
PLANT-00918,toxicodendron radicans,Toxicodendron radicans,"Eastern Poison Ivy, Poison Ivy",Alabama | Arkansas | Connecticut | Delaware | Florida | Georgia | Illinois | Indiana | Kentucky | Louisiana | Maine | Maryland | Massachusetts | Mississippi | Missouri | New Hampshire | New Jersey | New York | North Carolina | Oklahoma | Pennsylvania | Rhode Island | South Carolina | Tennessee | Texas | Vermont | Virginia | West Virginia,Deciduous shrub,Full sun to part shade,Medium,High,4,10,May,July,TORA2,Anacardiaceae,Shrub,Perennial,Up to about 18 inches tall on forest floor. Up to about 5 feet tall when shrub-like. Up to about 100 feet long as a vine.,"White , Green , Brown","Feb , Mar , Apr , May , Jun",,"Part Shade , Shade",Moist,,,,,,FALSE,TRUE,TRUE,FALSE,FALSE,FALSE,FALSE,TRUE,TRUE,TRUE,TRUE,TRUE,FALSE,FALSE,FALSE,FALSE,FALSE,FALSE,,,FALSE,FALSE,FALSE,FALSE,FALSE,FALSE,FALSE,TRUE,FALSE,"Eastern Poison Ivy, Poison Ivy",https://inaturalist-open-data.s3.amazonaws.com/photos/2237896/medium.jpg
PLANT-00919,tradescantia bracteata,Tradescantia bracteata,"Bracted Spiderwort, Long-bract Spiderwort",Arkansas | Illinois | Indiana | Iowa | Kansas | Michigan | Minnesota | Missouri | Montana | Nebraska | North Dakota | Oklahoma | South Dakota | Wisconsin | Wyoming,Herbaceous perennial,Full sun,Dry to medium,Medium,4,9,May,July,TRBR,Commelinaceae,Herb,,Up to about 18 inches tall.,"Blue , Purple","Apr , May , Jun , Jul",,Part Shade,Moist,,Moist to dry soils,,yes,Plant treated seed in fall. Seed germinates best in cool soils. A faster method of propagation is divide a large clump into several pieces. Divide in early fall or very early spring.,FALSE,TRUE,FALSE,FALSE,FALSE,FALSE,FALSE,FALSE,FALSE,TRUE,TRUE,TRUE,TRUE,FALSE,FALSE,FALSE,FALSE,FALSE,,,FALSE,FALSE,FALSE,FALSE,FALSE,FALSE,FALSE,TRUE,FALSE,"Bracted Spiderwort, Long-bract Spiderwort",https://inaturalist-open-data.s3.amazonaws.com/photos/19947472/medium.jpg
PLANT-00920,tradescantia ernestiana,Tradescantia ernestiana,spiderwort,Alabama | Arkansas | Mississippi | Missouri | Oklahoma,Herbaceous perennial,Part shade to full shade,Medium to wet,Medium,5,9,April,May,,,,,,,,,,,,,,,,,,,,,,,,,,,,,,,,,,,,FALSE,FALSE,FALSE,FALSE,FALSE,FALSE,FALSE,FALSE,FALSE,spiderwort,https://inaturalist-open-data.s3.amazonaws.com/photos/188005251/medium.jpg
PLANT-00921,tradescantia longipes,Tradescantia longipes,spiderwort,Arkansas | Missouri,Herbaceous perennial,Part shade,Medium,Medium,4,9,May,June,,,,,,,,,,,,,,,,,,,,,,,,,,,,,,,,,,,,FALSE,FALSE,FALSE,FALSE,FALSE,FALSE,FALSE,FALSE,FALSE,spiderwort,https://inaturalist-open-data.s3.amazonaws.com/photos/3303949/medium.jpg
PLANT-00922,tradescantia ohiensis,Tradescantia ohiensis,"Ohio Spiderwort, Bluejacket",Alabama | Arkansas | Connecticut | Florida | Georgia | Illinois | Indiana | Iowa | Kansas | Kentucky | Louisiana | Maryland | Massachusetts | Michigan | Minnesota | Mississippi | Missouri | Nebraska | New Hampshire | New Jersey | New York | North Carolina | Ohio | Oklahoma | Pennsylvania | Rhode Island | South Carolina | Tennessee | Texas | Virginia | West Virginia | Wisconsin,Herbaceous perennial,Full sun to part shade,Dry to medium,Medium,4,9,May,July,TROH,Commelinaceae,Herb,,Up to about 3 feet tall.,"White , Pink , Blue","Mar , Apr , May , Jun , Jul , Aug , Sep",Low,Part Shade,Dry,,"Various wet to dry soils. Acid-based, Calcareous, Limestone-based, Sandy, Sandy Loam, Medium Loam Clay",,yes,Plant unstratified seed in fall or stratified seed in spring. A faster method of propagation is divide a large clump into several pieces. Divide in early fall or very early spring.,FALSE,TRUE,FALSE,TRUE,FALSE,FALSE,FALSE,FALSE,TRUE,TRUE,TRUE,TRUE,TRUE,TRUE,TRUE,FALSE,FALSE,FALSE,,,FALSE,FALSE,FALSE,FALSE,FALSE,FALSE,FALSE,TRUE,FALSE,"Ohio Spiderwort, Bluejacket",https://static.inaturalist.org/photos/100260194/medium.jpg
PLANT-00923,tradescantia subaspera,Tradescantia subaspera,Zigzag Spiderwort,Alabama | Arkansas | Florida | Georgia | Illinois | Indiana | Kentucky | Louisiana | Mississippi | Missouri | North Carolina | Ohio | South Carolina | Tennessee | Virginia | West Virginia,Herbaceous perennial,Part shade to full shade,Medium,Medium,5,9,May,August,TRSU2,Commelinaceae,Herb,Perennial,Up to about 3 feet tall.,"White , Blue","May , Jun , Jul , Aug , Sep",,,,,,,,,FALSE,FALSE,FALSE,FALSE,FALSE,FALSE,FALSE,FALSE,FALSE,FALSE,TRUE,TRUE,TRUE,TRUE,TRUE,FALSE,FALSE,FALSE,,,FALSE,FALSE,FALSE,FALSE,FALSE,FALSE,FALSE,TRUE,FALSE,Zigzag Spiderwort,https://inaturalist-open-data.s3.amazonaws.com/photos/70972797/medium.jpg
PLANT-00924,tradescantia tharpii,Tradescantia tharpii,spider lily,Kansas | Missouri | Oklahoma | Texas,Herbaceous perennial,Part shade to full shade,Medium,Medium,4,9,May,July,,,,,,,,,,,,,,,,,,,,,,,,,,,,,,,,,,,,FALSE,FALSE,FALSE,FALSE,FALSE,FALSE,FALSE,FALSE,FALSE,spider lily,https://inaturalist-open-data.s3.amazonaws.com/photos/191727335/medium.jpg
PLANT-00925,tradescantia virginiana,Tradescantia virginiana,"Virginia Spiderwort, Spider Lily",Alabama | Arkansas | Delaware | Georgia | Illinois | Indiana | Iowa | Kentucky | Louisiana | Maryland | Michigan | Mississippi | Missouri | New Jersey | North Carolina | Ohio | Pennsylvania | South Carolina | Tennessee | Virginia | West Virginia,Herbaceous perennial,Part shade to full shade,Medium,Medium,4,9,May,July,TRVI,Commelinaceae,Herb,,Usually around 2 feet tall.,"White , Blue , Purple","Mar , Apr , May , Jun , Jul , Aug","Low , Medium","Sun , Part Shade , Shade","Dry , Moist",Circumneutral (pH 6.8-7.2),"Very adaptable plant prefers humus-rich soil but will grow in a wide range of soils: moist/dry, clay/sand, acid/alkaline.",Attracts bees.,yes,"Seeds sown fresh outdoors germinate in two weeks. Alternatively, seeds may be stored over winter and sown after a period of cold-moist treatment. A faster method of propagation is divide a large clump into several pieces. Divide in early fall or very e",TRUE,TRUE,TRUE,TRUE,TRUE,FALSE,FALSE,FALSE,TRUE,TRUE,TRUE,TRUE,TRUE,TRUE,FALSE,FALSE,FALSE,FALSE,,,FALSE,FALSE,FALSE,FALSE,FALSE,FALSE,FALSE,TRUE,FALSE,"Virginia Spiderwort, Spider Lily",https://inaturalist-open-data.s3.amazonaws.com/photos/198713059/medium.jpeg
PLANT-00926,trautvetteria caroliniensis,Trautvetteria caroliniensis,Carolina Bugbane,Alabama | Arizona | Arkansas | California | Colorado | Florida | Georgia | Idaho | Illinois | Indiana | Kentucky | Maryland | Mississippi | Missouri | Montana | New Mexico | North Carolina | Oregon | Pennsylvania | South Carolina | Tennessee | Texas | Utah | Virginia | Washington | West Virginia | Wyoming,Herbaceous perennial,Part shade to full shade,Medium to wet,Low,5,8,June,August,TRCA,Ranunculaceae,Herb,Perennial,Up to about 5 feet tall.,White,"Jun , Jul , Aug , Sep",,,,,,,,,FALSE,FALSE,FALSE,FALSE,FALSE,FALSE,FALSE,FALSE,FALSE,FALSE,FALSE,TRUE,TRUE,TRUE,TRUE,FALSE,FALSE,FALSE,,,FALSE,FALSE,FALSE,FALSE,FALSE,FALSE,FALSE,TRUE,FALSE,Carolina Bugbane,https://static.inaturalist.org/photos/43739595/medium.jpg
PLANT-00927,tridens strictus,Tridens strictus,longspike tridens,Alabama | Arkansas | Florida | Georgia | Kansas | Kentucky | Louisiana | Mississippi | Missouri | Oklahoma | Tennessee | Texas,Ornamental grass,Full sun,Dry to medium,Low,5,9,July,October,,,,,,,,,,,,,,,,,,,,,,,,,,,,,,,,,,,,FALSE,FALSE,FALSE,FALSE,FALSE,FALSE,FALSE,FALSE,FALSE,longspike tridens,https://inaturalist-open-data.s3.amazonaws.com/photos/24722425/medium.jpeg
PLANT-00928,trillium cuneatum,Trillium cuneatum,Little Sweet Betsy,Alabama | Georgia | Illinois | Kentucky | Mississippi | North Carolina | South Carolina | Tennessee,Herbaceous perennial,Part shade to full shade,Medium,Low,5,8,April,May,TRCU,Liliaceae,Herb,Perennial,,"Yellow , Green , Purple , Brown","Feb , Mar , Apr",,,,,,,,,FALSE,FALSE,FALSE,FALSE,FALSE,FALSE,FALSE,TRUE,TRUE,TRUE,FALSE,FALSE,FALSE,FALSE,FALSE,FALSE,FALSE,FALSE,,,FALSE,FALSE,FALSE,FALSE,FALSE,FALSE,FALSE,TRUE,FALSE,Little Sweet Betsy,https://inaturalist-open-data.s3.amazonaws.com/photos/260215512/medium.jpg
PLANT-00929,trillium erectum,Trillium erectum,"Red Trillium, Red Wakerobin, Stinking Benjamin, Wet Dog Trillium, Wet Dog Wakerobin, Purple Trillium, Purple Wakerobin",Connecticut | Delaware | Georgia | Illinois | Indiana | Kentucky | Maine | Maryland | Massachusetts | Michigan | New Hampshire | New Jersey | New York | North Carolina | Ohio | Pennsylvania | Rhode Island | South Carolina | Tennessee | Vermont | Virginia | West Virginia,Herbaceous perennial,Part shade to full shade,Medium,Medium,4,7,April,May,TRER3,Liliaceae,Herb,Perennial,Up to about 2 feet tall.,"White , Red , Yellow , Purple , Brown","Mar , Apr , May , Jun",,Part Shade,Moist,Acidic (pH<6.8),Humus-rich soils.,Birds and mammals eat the berries.,,,FALSE,TRUE,FALSE,FALSE,FALSE,FALSE,FALSE,FALSE,TRUE,TRUE,TRUE,TRUE,FALSE,FALSE,FALSE,FALSE,FALSE,FALSE,,,FALSE,FALSE,FALSE,FALSE,FALSE,FALSE,FALSE,TRUE,FALSE,"Red Trillium, Red Wakerobin, Stinking Benjamin, Wet Dog Trillium, Wet Dog Wakerobin, Purple Trillium, Purple Wakerobin",https://inaturalist-open-data.s3.amazonaws.com/photos/2802581/medium.jpg
PLANT-00930,trillium flexipes,Trillium flexipes,"Nodding Wakerobin, Nodding Trillium, Bent Trillium, Bent Wakerobin",Alabama | Delaware | Illinois | Indiana | Iowa | Kentucky | Michigan | Minnesota | Missouri | New York | Ohio | Pennsylvania | South Dakota | Tennessee | Virginia | West Virginia | Wisconsin,Herbaceous perennial,Part shade to full shade,Medium,Medium,4,7,April,May,TRFL6,Liliaceae,Herb,Perennial,Up to about 20 inches tall.,White,"Apr , May , Jun",,"Sun , Part Shade , Shade",Dry,,"Sand, Loam",,,,TRUE,TRUE,TRUE,FALSE,FALSE,FALSE,FALSE,FALSE,FALSE,TRUE,TRUE,TRUE,FALSE,FALSE,FALSE,FALSE,FALSE,FALSE,,,FALSE,FALSE,FALSE,FALSE,FALSE,FALSE,FALSE,TRUE,FALSE,"Nodding Wakerobin, Nodding Trillium, Bent Trillium, Bent Wakerobin",https://inaturalist-open-data.s3.amazonaws.com/photos/18295248/medium.jpeg
PLANT-00931,trillium grandiflorum,Trillium grandiflorum,"White Wake-robin, White Trillium, Large-flower Wake-robin, Large-flower Trillium, Large-flowered Wake-robin, Large-flowered Trillium",Alabama | Connecticut | Delaware | Georgia | Illinois | Indiana | Iowa | Kentucky | Maine | Maryland | Massachusetts | Michigan | Minnesota | New Hampshire | New Jersey | New York | North Carolina | Ohio | Pennsylvania | South Carolina | Tennessee | Vermont | Virginia | West Virginia | Wisconsin,Herbaceous perennial,Part shade to full shade,Medium,Medium,4,8,April,June,TRGR4,Liliaceae,Herb,Perennial,Up to about 15 inches tall.,"White , Pink","Apr , May , Jun",,"Sun , Part Shade , Shade",Moist,Acidic (pH<6.8),"Moist, humus-rich, sandy loam.",Other Showy Insects,yes,"Seeds do best when planted outdoors soon after fruits have ripened. Sow 1/2"" deep. Flowers the fourth or fifth year.",TRUE,TRUE,TRUE,FALSE,FALSE,FALSE,FALSE,FALSE,FALSE,TRUE,TRUE,TRUE,FALSE,FALSE,FALSE,FALSE,FALSE,FALSE,,,FALSE,FALSE,FALSE,FALSE,FALSE,FALSE,FALSE,TRUE,FALSE,"White Wake-robin, White Trillium, Large-flower Wake-robin, Large-flower Trillium, Large-flowered Wake-robin, Large-flowered Trillium",https://inaturalist-open-data.s3.amazonaws.com/photos/80252/medium.jpg
PLANT-00932,trillium luteum,Trillium luteum,"Yellow Wakerobin, Yellow Trillium",Alabama | Georgia | Kentucky | Maryland | Michigan | North Carolina | South Carolina | Tennessee | Virginia,Herbaceous perennial,Part shade to full shade,Medium,Medium,4,8,April,May,TRLU3,Liliaceae,Herb,Perennial,,"Yellow , Green","Apr , May",,,,,,,,,FALSE,FALSE,FALSE,FALSE,FALSE,FALSE,FALSE,FALSE,FALSE,TRUE,TRUE,FALSE,FALSE,FALSE,FALSE,FALSE,FALSE,FALSE,,,FALSE,FALSE,FALSE,FALSE,FALSE,FALSE,FALSE,TRUE,FALSE,"Yellow Wakerobin, Yellow Trillium",https://inaturalist-open-data.s3.amazonaws.com/photos/65672692/medium.jpeg
PLANT-00933,trillium recurvatum,Trillium recurvatum,"Prairie Trillium, Prairie Wake-robin, Bloody Butcher",Alabama | Arkansas | Illinois | Indiana | Iowa | Kentucky | Louisiana | Michigan | Mississippi | Missouri | North Carolina | Ohio | Oklahoma | Tennessee | Texas | Wisconsin,Herbaceous perennial,Part shade to full shade,Medium,Medium,4,9,April,May,TRRE5,Liliaceae,Herb,Perennial,,"Yellow , Green , Purple","Mar , Apr , May",,,,,,,,,FALSE,FALSE,FALSE,FALSE,FALSE,FALSE,FALSE,FALSE,TRUE,TRUE,TRUE,FALSE,FALSE,FALSE,FALSE,FALSE,FALSE,FALSE,,,FALSE,FALSE,FALSE,FALSE,FALSE,FALSE,FALSE,TRUE,FALSE,"Prairie Trillium, Prairie Wake-robin, Bloody Butcher",https://static.inaturalist.org/photos/92924/medium.jpg
PLANT-00934,trillium sessile,Trillium sessile,"Toadshade, Red Trillium, Red Wake-robin, Sessile Trillium, Sessile Wake-robin, Yellow Trillium, Yellow Wake-robin",Alabama | Arkansas | Georgia | Illinois | Indiana | Kansas | Kentucky | Maryland | Michigan | Missouri | New York | North Carolina | Ohio | Oklahoma | Pennsylvania | Tennessee | Virginia | West Virginia,Herbaceous perennial,Part shade to full shade,Medium,Medium,4,8,April,May,TRSE2,Liliaceae,Herb,Perennial,Up to about 1 foot tall.,"Red , Green","Mar , Apr , May",Medium,Shade,Moist,,"Moist, rich soils. Sandy, Sandy Loam",,yes,"Plant seed outdoors in fall and water if insufficient moisture occurs during the winter. Do not disturb seedlings the first growing season. To ensure success, plant numerous seeds and thin if necessary.",FALSE,FALSE,TRUE,FALSE,TRUE,FALSE,FALSE,FALSE,TRUE,TRUE,TRUE,FALSE,FALSE,FALSE,FALSE,FALSE,FALSE,FALSE,,,FALSE,FALSE,FALSE,FALSE,FALSE,FALSE,FALSE,TRUE,FALSE,"Toadshade, Red Trillium, Red Wake-robin, Sessile Trillium, Sessile Wake-robin, Yellow Trillium, Yellow Wake-robin",https://inaturalist-open-data.s3.amazonaws.com/photos/816842/medium.JPG
PLANT-00935,trillium undulatum,Trillium undulatum,"Painted Trillium, Painted Wakerobin",Connecticut | Georgia | Kentucky | Maine | Maryland | Massachusetts | Michigan | New Hampshire | New Jersey | New York | North Carolina | Ohio | Pennsylvania | Rhode Island | South Carolina | Tennessee | Vermont | Virginia | West Virginia,Herbaceous perennial,Full Shade,Medium,Medium,3,8,April,May,TRUN,Liliaceae,Herb,Perennial,Up to about 16 inches tall.,"White , Purple","Apr , May , Jun",,"Sun , Shade",Moist,Acidic (pH<6.8),"Moist, acid sands.",,yes,,TRUE,FALSE,TRUE,FALSE,FALSE,FALSE,FALSE,FALSE,FALSE,TRUE,TRUE,TRUE,FALSE,FALSE,FALSE,FALSE,FALSE,FALSE,,,FALSE,FALSE,FALSE,FALSE,FALSE,FALSE,FALSE,TRUE,FALSE,"Painted Trillium, Painted Wakerobin",https://inaturalist-open-data.s3.amazonaws.com/photos/3614/medium.jpg
PLANT-00936,trillium viride,Trillium viride,green trillium,Illinois | Missouri,Herbaceous perennial,Part shade to full shade,Medium,Medium,5,8,April,May,,,,,,,,,,,,,,,,,,,,,,,,,,,,,,,,,,,,FALSE,FALSE,FALSE,FALSE,FALSE,FALSE,FALSE,FALSE,FALSE,green trillium,https://static.inaturalist.org/photos/23251/medium.jpg
PLANT-00937,tripsacum dactyloides,Tripsacum dactyloides,"Eastern Gamagrass, Fakahatchee Grass",Missouri,Ornamental grass,Full sun to part shade,Medium,Low,4,9,May,September,TRDA3,Poaceae,Grass/Grass-like,Perennial,"Up to about 12 feet tall, often much shorter.",Brown,"Apr , May , Jun , Jul , Aug , Sep",High,Part Shade,Moist,,"Moist soils. Sandy, Sandy Loam, Medium Loam, Clay Loam, Clay, Calcareous, Acid-based","Deer eat the hard, yellow seeds. Seeds-granivorous birds, Cover, Nesting site, Graze.",,,FALSE,TRUE,FALSE,FALSE,FALSE,TRUE,FALSE,FALSE,FALSE,TRUE,TRUE,TRUE,TRUE,TRUE,TRUE,FALSE,FALSE,FALSE,,,FALSE,FALSE,FALSE,FALSE,FALSE,FALSE,FALSE,TRUE,FALSE,"Eastern Gamagrass, Fakahatchee Grass",https://inaturalist-open-data.s3.amazonaws.com/photos/21709424/medium.jpg
PLANT-00938,tsuga canadensis,Tsuga canadensis,Eastern Hemlock,Alabama | Connecticut,Needled evergreen,Part shade to full shade,Medium,Low,3,7,Non-flowering,Non-flowering,TSCA,Pinaceae,Tree,Perennial,Up to about 100 feet tall.,Yellow,Apr,Medium,"Part Shade , Shade",Moist,Acidic (pH<6.8),"Rocky, cool, moist soils.",Other Showy Insects,yes,"Layering has proven successful, as has propagation by seed and cuttings. Cutting must be treated. Sow seeds in fall or stratify until spring. Spreading a layer of compost on bare soil beneath a mature hemlock and allowing natural seeding to produce a f",FALSE,TRUE,TRUE,FALSE,TRUE,FALSE,FALSE,FALSE,FALSE,TRUE,FALSE,FALSE,FALSE,FALSE,FALSE,FALSE,FALSE,FALSE,,,FALSE,FALSE,FALSE,FALSE,FALSE,FALSE,FALSE,TRUE,FALSE,Eastern Hemlock,https://inaturalist-open-data.s3.amazonaws.com/photos/400071107/medium.jpeg
PLANT-00939,tsuga caroliniana,Tsuga caroliniana,Carolina Hemlock,Georgia | North Carolina | South Carolina | Tennessee | Virginia,Needled evergreen,Part shade to full shade,Medium,Medium,6,7,Non-flowering,Non-flowering,TSCA2,Pinaceae,Tree,Perennial,"Up to about 95 feet tall, often shorter.",Yellow,Apr,Medium,Part Shade,Moist,,"Moist to dry, well-drained soils.",,yes,"Layering has proven successful, as has propagation by seed and cuttings. Cutting must be treated.",FALSE,TRUE,FALSE,FALSE,TRUE,FALSE,FALSE,FALSE,FALSE,TRUE,FALSE,FALSE,FALSE,FALSE,FALSE,FALSE,FALSE,FALSE,,,FALSE,FALSE,FALSE,FALSE,FALSE,FALSE,FALSE,TRUE,FALSE,Carolina Hemlock,https://inaturalist-open-data.s3.amazonaws.com/photos/229227407/medium.jpg
PLANT-00940,typha latifolia,Typha latifolia,"Broadleaf Cattail, Common Cattail",Alabama | Alaska | Arizona | Arkansas | California | Colorado | Connecticut | Delaware | Florida | Georgia | Hawaii | Idaho | Illinois | Indiana | Iowa | Kansas | Kentucky | Louisiana | Maine | Maryland | Massachusetts | Michigan | Minnesota | Mississippi | Missouri | Montana | Nebraska | Nevada | New Hampshire | New Jersey | New Mexico | New York | North Carolina | North Dakota | Ohio | Oklahoma | Oregon | Pennsylvania | Rhode Island | South Carolina | South Dakota | Tennessee | Texas | Utah | Vermont | Virginia | Washington | West Virginia | Wisconsin | Wyoming,Herbaceous perennial,Full sun to part shade,Wet,Medium,3,10,June,July,TYLA,Typhaceae,Grass/Grass-like,Perennial,"Growing in dense, grassy mats, cattails reach a usual height of 7 feet, but may be up to about 10 feet. Stems are tall, erect and unbranched.","Yellow , Green , Brown","Mar , Apr , May , Jun , Jul , Aug",High,"Sun , Part Shade",Wet,,"Rich, wet soils. Mud, Saline tolerant","Cattails provide nesting sites for red-winged blackbirds, ducks, geese and fish. Nutria, muskrats and beavers enjoy the shoots and roots, while teal ducks, finches and least bitterns eat the seeds.",,Cattails naturally increase their numbers through seed dispersal and,TRUE,TRUE,FALSE,FALSE,FALSE,TRUE,FALSE,FALSE,TRUE,TRUE,TRUE,TRUE,TRUE,TRUE,FALSE,FALSE,FALSE,FALSE,,,FALSE,FALSE,FALSE,FALSE,FALSE,FALSE,FALSE,TRUE,FALSE,"Broadleaf Cattail, Common Cattail",https://inaturalist-open-data.s3.amazonaws.com/photos/4280840/medium.jpeg
PLANT-00941,ulmus alata,Ulmus alata,"Winged Elm, Wahoo Elm, Cork Elm, Witch Elm",Alabama | Arkansas | Florida | Georgia | Illinois | Indiana | Kansas | Kentucky | Louisiana | Maryland | Mississippi | Missouri | North Carolina | Oklahoma | South Carolina | Tennessee | Texas | Virginia,Tree,Full sun,Medium,Low,6,9,March,April,ULAL,Ulmaceae,Tree,Perennial,To 24 m tall.,"Yellow , Green","Feb , Mar , Apr",Medium,Part Shade,Dry,,Variety of soils; best on terraces and bottomlands; may be somewhat weedy; fast growing; medium-lives.,"Cover, Nesting site, Substrate-insectivorous birds, Seeds-granivorous birds, Seeds-Small mammals, Leaves-rabbit, Browse.",yes,"Elms germinated quickly from fresh, untreated seeds. Sow spring-ripening species immediately after collection; fall-ripening after winter storage and stratification. Easily transplanted.",FALSE,TRUE,FALSE,FALSE,TRUE,FALSE,FALSE,TRUE,TRUE,TRUE,FALSE,FALSE,FALSE,FALSE,FALSE,FALSE,FALSE,FALSE,,,FALSE,FALSE,FALSE,FALSE,FALSE,FALSE,FALSE,TRUE,FALSE,"Winged Elm, Wahoo Elm, Cork Elm, Witch Elm",https://inaturalist-open-data.s3.amazonaws.com/photos/135400022/medium.jpg
PLANT-00942,ulmus americana,Ulmus americana,"American Elm, White Elm, Soft Elm, Water Elm, Common Elm",Alabama | Arkansas | Connecticut | Delaware | Florida | Georgia | Illinois | Indiana | Iowa | Kansas | Kentucky | Louisiana | Maine | Maryland | Massachusetts | Michigan | Minnesota | Mississippi | Missouri | Montana | Nebraska | New Hampshire | New Jersey | New York | North Carolina | North Dakota | Ohio | Oklahoma | Pennsylvania | Rhode Island | South Carolina | South Dakota | Tennessee | Texas | Vermont | Virginia | West Virginia | Wisconsin | Wyoming,Tree,Full sun,Medium,Medium,2,9,March,April,ULAM,Ulmaceae,Tree,Perennial,,"Red , Green","Feb , Mar , Apr",High,"Sun , Part Shade",Moist,Circumneutral (pH 6.8-7.2),"Moist, fertile soils. Sandy, Sandy Loam, Medium Loam, Clay Loam, Clay, Limestone-based","Seeds-granivorous birds,Cover,Nesting site,Substrate-insectivorous birds,Seeds-Small mammals, Browse.",,,TRUE,TRUE,FALSE,FALSE,FALSE,TRUE,FALSE,TRUE,TRUE,TRUE,FALSE,FALSE,FALSE,FALSE,FALSE,FALSE,FALSE,FALSE,,,FALSE,FALSE,FALSE,FALSE,FALSE,FALSE,FALSE,TRUE,FALSE,"American Elm, White Elm, Soft Elm, Water Elm, Common Elm",https://inaturalist-open-data.s3.amazonaws.com/photos/8798295/medium.jpeg
PLANT-00943,ulmus glabra,Ulmus glabra,wych elm,Georgia,Tree,Full sun,Medium,Medium,4,6,March,April,,,,,,,,,,,,,,,,,,,,,,,,,,,,,,,,,,,,FALSE,FALSE,FALSE,FALSE,FALSE,FALSE,FALSE,FALSE,FALSE,wych elm,https://inaturalist-open-data.s3.amazonaws.com/photos/221899/medium.jpg
PLANT-00944,ulmus rubra,Ulmus rubra,"Slippery Elm, Red Elm, Gray Elm, Soft Elm",Alabama | Arkansas | Connecticut | Delaware | Georgia | Illinois | Indiana | Iowa | Kansas | Kentucky | Louisiana | Maine | Maryland | Massachusetts | Michigan | Minnesota | Mississippi | Missouri | Nebraska | New Hampshire | New Jersey | New York | North Carolina | North Dakota | Ohio | Oklahoma | Pennsylvania | Rhode Island | South Carolina | South Dakota | Tennessee | Texas | Vermont | Virginia | West Virginia | Wisconsin,Tree,Full sun,Medium,Medium,3,9,March,April,ULRU,Ulmaceae,Tree,Perennial,Up to about 110 feet tall.,"Red , Yellow , Green , Brown","Jan , Dec",High,"Sun , Part Shade",Moist,Alkaline (pH>7.2),"Moist, rich to dry, limestone soils.",,,,TRUE,TRUE,FALSE,FALSE,FALSE,TRUE,TRUE,FALSE,FALSE,FALSE,FALSE,FALSE,FALSE,FALSE,FALSE,FALSE,FALSE,TRUE,,,FALSE,FALSE,FALSE,FALSE,FALSE,FALSE,FALSE,TRUE,FALSE,"Slippery Elm, Red Elm, Gray Elm, Soft Elm",https://inaturalist-open-data.s3.amazonaws.com/photos/19572287/medium.jpeg
PLANT-00945,uvularia grandiflora,Uvularia grandiflora,"Largeflower Bellwort, Large-flower Bellwort, Merrybells",Alabama | Arkansas | Connecticut | Georgia | Illinois | Indiana | Iowa | Kansas | Kentucky | Louisiana | Maryland | Massachusetts | Michigan | Minnesota | Mississippi | Missouri | New Hampshire | New York | North Carolina | North Dakota | Ohio | Oklahoma | Pennsylvania | South Carolina | South Dakota | Tennessee | Vermont | Virginia | West Virginia | Wisconsin,Herbaceous perennial,Part shade to full shade,Medium,Low,4,9,April,May,UVGR,Liliaceae,Herb,Perennial,Up to about 30 inches tall.,Yellow,"Mar , Apr , May , Jun",,Shade,Moist,,Humus-rich soils.,,yes,Seeds should be sown immediately upon ripening and should not be allowed to dry out before sowing. Mature clumps may be divided in spring or fall.,FALSE,FALSE,TRUE,FALSE,FALSE,FALSE,FALSE,FALSE,TRUE,TRUE,TRUE,TRUE,FALSE,FALSE,FALSE,FALSE,FALSE,FALSE,,,FALSE,FALSE,FALSE,FALSE,FALSE,FALSE,FALSE,TRUE,FALSE,"Largeflower Bellwort, Large-flower Bellwort, Merrybells",https://inaturalist-open-data.s3.amazonaws.com/photos/96536/medium.jpg
PLANT-00946,vaccinium corymbosum,Vaccinium corymbosum,Highbush Blueberry,Alabama | Arkansas | Connecticut | Delaware | Georgia | Illinois | Indiana | Kentucky | Louisiana | Maine | Maryland | Massachusetts | Michigan | Mississippi | New Hampshire | New Jersey | New York | North Carolina | Ohio | Oklahoma | Oregon | Pennsylvania | Rhode Island | South Carolina | Tennessee | Vermont | Virginia | Washington | West Virginia | Wisconsin,Deciduous shrub,Full sun to part shade,Medium to wet,Medium,5,8,May,May,VACO,Ericaceae,Shrub,Perennial,"Up to about 15 feet tall, often shorter.","White , Pink","Mar , Apr , May , Jun",Medium,"Sun , Part Shade , Shade","Dry , Moist , Wet",Acidic (pH<6.8),"Wet to dry, acid, rocky soils to organic peats.","Berries are relished by most birds and mammals. Browsers eat foliage. Attracts 30 species of birds including: American Robin, Eastern Bluebird, Scarlet Tanager, Eastern and Spotted Towhees, Gray Catbird, Northern Mockingbird, Brown Thrasher, and Northern Cardinal (Audubon at Home).",yes,Most commonly propagated by softwood cuttings taken in spring. Vaccinium will also root from hardwood cuttings of unbranched shoots of previous season. Seeds may need to be stratified and should be sown on a slightly acid soil mix.,TRUE,TRUE,TRUE,FALSE,TRUE,FALSE,FALSE,FALSE,TRUE,TRUE,TRUE,TRUE,FALSE,FALSE,FALSE,FALSE,FALSE,FALSE,Bee | Beetle | Fly | Other or Unclassified | Wasp,2450,TRUE,FALSE,FALSE,TRUE,TRUE,TRUE,FALSE,TRUE,TRUE,Highbush Blueberry,https://inaturalist-open-data.s3.amazonaws.com/photos/216577733/medium.jpg
PLANT-00947,vaccinium macrocarpon,Vaccinium macrocarpon,"Cranberry, Large Cranberry",California | Connecticut | Illinois | Indiana | Maine | Maryland | Massachusetts | Michigan | Minnesota | New Hampshire | New Jersey | New York | North Carolina | Ohio | Oregon | Pennsylvania | Rhode Island | Tennessee | Vermont | Virginia | Washington | West Virginia | Wisconsin,Broadleaf evergreen,Full sun,Medium to wet,Medium,3,7,May,June,VAMA,Ericaceae,Shrub,Perennial,Up to about 6 inches tall.,"White , Pink","May , Jun , Jul",,Part Shade,Wet,Acidic (pH<6.8),"Wet to moist, peaty soils.",Low,yes,Most commonly propagated by softwood cuttings taken in spring. Vaccinium will also root from hardwood cuttings of unbranched shoots of previous season. Seeds may need to be stratified and should be sown on a slightly acid soil mix.,FALSE,TRUE,FALSE,FALSE,FALSE,FALSE,FALSE,FALSE,FALSE,FALSE,TRUE,TRUE,TRUE,FALSE,FALSE,FALSE,FALSE,FALSE,,,FALSE,FALSE,FALSE,FALSE,FALSE,FALSE,FALSE,TRUE,FALSE,"Cranberry, Large Cranberry",https://inaturalist-open-data.s3.amazonaws.com/photos/259774277/medium.jpeg
PLANT-00948,vaccinium stamineum,Vaccinium stamineum,Deerberry,Alabama | Arkansas | Connecticut | Delaware | Florida | Georgia | Illinois | Indiana | Kansas | Kentucky | Louisiana | Maine | Maryland | Massachusetts | Mississippi | Missouri | New Jersey | New York | North Carolina | Ohio | Oklahoma | Pennsylvania | Rhode Island | South Carolina | Tennessee | Texas | Vermont | Virginia | West Virginia,Deciduous shrub,Full sun to part shade,Medium,Low,5,9,April,June,VAST,Ericaceae,Shrub,Perennial,"Up to about 15 feet tall, often much shorter.",White,"Mar , Apr , May , Jun",Low,Part Shade,"Dry , Moist",Acidic (pH<6.8),"Moist to droughty, acid soils.",Birds and mammals eat berries.,,,FALSE,TRUE,FALSE,TRUE,FALSE,FALSE,FALSE,FALSE,TRUE,TRUE,TRUE,TRUE,FALSE,FALSE,FALSE,FALSE,FALSE,FALSE,,,FALSE,FALSE,FALSE,FALSE,FALSE,FALSE,FALSE,TRUE,FALSE,Deerberry,https://static.inaturalist.org/photos/194120623/medium.jpg
PLANT-00949,vaccinium vitis-idaea,Vaccinium vitis-idaea,"Lingonberry, Northern Mountain-cranberry, Cowberry",Alaska | Connecticut | Maine | Michigan | Minnesota | New Hampshire | Vermont | Wisconsin,Broadleaf evergreen,Full sun to part shade,Medium,Medium,3,7,April,May,VAVI,Ericaceae,Shrub,Perennial,"Mat-forming, up to about 6 inches tall.","White , Pink","May , Jun , Jul",,"Sun , Part Shade , Shade","Moist , Wet",,"Acid, peaty or rocky soils.",,yes,"Vaccinium species are propagated by seeds, cuttings and rooted suckers of offshoots.",TRUE,TRUE,TRUE,FALSE,FALSE,FALSE,FALSE,FALSE,FALSE,FALSE,TRUE,TRUE,TRUE,FALSE,FALSE,FALSE,FALSE,FALSE,,,FALSE,FALSE,FALSE,FALSE,FALSE,FALSE,FALSE,TRUE,FALSE,"Lingonberry, Northern Mountain-cranberry, Cowberry",https://inaturalist-open-data.s3.amazonaws.com/photos/32657295/medium.jpg
PLANT-00950,verbena hastata,Verbena hastata,"Swamp Verbena, Blue Verbena, Blue Vervain, Simpler's Joy",Alabama | Arizona | Arkansas | California | Colorado | Connecticut | Delaware | Florida | Georgia | Idaho | Illinois | Indiana | Iowa | Kansas | Kentucky | Louisiana | Maine | Maryland | Michigan | Minnesota | Mississippi | Missouri | Montana | Nebraska | Nevada | New Hampshire | New Jersey | New Mexico | New York | North Carolina | North Dakota | Ohio | Oklahoma | Oregon | Pennsylvania | Rhode Island | South Carolina | South Dakota | Tennessee | Texas | Utah | Vermont | Virginia | Washington | West Virginia | Wisconsin | Wyoming,Herbaceous perennial,Full sun,Medium to wet,Low,3,8,July,September,VEHA2,Verbenaceae,Herb,Biennial,Up to about 6 feet tall.,"Blue , Purple","Jun , Jul , Aug , Sep , Oct",,"Sun , Part Shade , Shade","Moist , Wet",,Moist soils.,Attracts bees.,yes,Propagate from seed.,TRUE,TRUE,TRUE,FALSE,FALSE,FALSE,FALSE,FALSE,FALSE,FALSE,FALSE,TRUE,TRUE,TRUE,TRUE,TRUE,FALSE,FALSE,,,FALSE,FALSE,FALSE,FALSE,FALSE,FALSE,FALSE,TRUE,FALSE,"Swamp Verbena, Blue Verbena, Blue Vervain, Simpler's Joy",https://static.inaturalist.org/photos/6560152/medium.jpeg
PLANT-00951,verbena stricta,Verbena stricta,"Hoary Verbena, Hoary Vervain, Tall Vervain, Woolly Verbena",Arkansas | Colorado | Illinois | Indiana | Iowa | Kansas | Kentucky | Michigan | Minnesota | Mississippi | Missouri | Montana | Nebraska | New Mexico | North Dakota | Ohio | Oklahoma | South Dakota | Tennessee | Texas | Wisconsin | Wyoming,Herbaceous perennial,Full sun,Dry to medium,Low,4,7,May,September,VEST,Verbenaceae,Herb,Annual,Up to about 6 feet tall.,"Blue , Purple","Jun , Jul , Aug , Sep",,Sun,Dry,,Sandy soils,Hoary vervain seeds are utilized by small mammals and prairie chickens.,yes,Plant stratified or unstratified seed.,TRUE,FALSE,FALSE,FALSE,FALSE,FALSE,FALSE,FALSE,FALSE,FALSE,FALSE,TRUE,TRUE,TRUE,TRUE,FALSE,FALSE,FALSE,,,FALSE,FALSE,FALSE,FALSE,FALSE,FALSE,FALSE,TRUE,FALSE,"Hoary Verbena, Hoary Vervain, Tall Vervain, Woolly Verbena",https://inaturalist-open-data.s3.amazonaws.com/photos/20278651/medium.jpg
PLANT-00952,verbesina alternifolia,Verbesina alternifolia,"Wingstem, Yellow Ironweed",Alabama | Arkansas | Delaware | Florida | Georgia | Illinois | Indiana | Iowa | Kansas | Kentucky | Louisiana | Maryland | Michigan | Mississippi | Missouri | Nebraska | New Jersey | New York | North Carolina | Ohio | Oklahoma | Pennsylvania | Rhode Island | South Carolina | Tennessee | Texas | Virginia | West Virginia | Wisconsin,Herbaceous perennial,Full sun to part shade,Medium,Low,4,8,August,October,VEAL,Asteraceae,Herb,Perennial,Up to about 6 feet tall.,Yellow,"Aug , Sep , Oct",,Sun,Moist,,,,,,TRUE,FALSE,FALSE,FALSE,FALSE,FALSE,FALSE,FALSE,FALSE,FALSE,FALSE,FALSE,FALSE,TRUE,TRUE,TRUE,FALSE,FALSE,,,FALSE,FALSE,FALSE,FALSE,FALSE,FALSE,FALSE,TRUE,FALSE,"Wingstem, Yellow Ironweed",https://static.inaturalist.org/photos/229484444/medium.jpg
PLANT-00953,verbesina helianthoides,Verbesina helianthoides,Gravelweed,Alabama | Arkansas | Georgia | Illinois | Indiana | Iowa | Kansas | Kentucky | Louisiana | Mississippi | Missouri | North Carolina | Ohio | Oklahoma | Tennessee | Texas,Herbaceous perennial,Full sun,Dry to medium,Low,5,8,June,June,VEHE,Asteraceae,Herb,Perennial,Up to about 4 feet tall.,Yellow,"May , Jun , Jul",,,,,,,,,FALSE,FALSE,FALSE,FALSE,FALSE,FALSE,FALSE,FALSE,FALSE,FALSE,TRUE,TRUE,TRUE,FALSE,FALSE,FALSE,FALSE,FALSE,,,FALSE,FALSE,FALSE,FALSE,FALSE,FALSE,FALSE,TRUE,FALSE,Gravelweed,https://inaturalist-open-data.s3.amazonaws.com/photos/40149497/medium.jpg
PLANT-00954,vernonia arkansana,Vernonia arkansana,Arkansas Ironweed,Arkansas | Iowa | Kansas | Missouri | Oklahoma,Herbaceous perennial,Full sun,Medium to wet,Low,5,8,August,September,VEAR3,Asteraceae,Herb,,Up to about 6 feet tall.,"Pink , Purple","Aug , Sep , Oct",,,,,,,,,FALSE,FALSE,FALSE,FALSE,FALSE,FALSE,FALSE,FALSE,FALSE,FALSE,FALSE,FALSE,FALSE,TRUE,TRUE,TRUE,FALSE,FALSE,,,FALSE,FALSE,FALSE,FALSE,FALSE,FALSE,FALSE,TRUE,FALSE,Arkansas Ironweed,https://inaturalist-open-data.s3.amazonaws.com/photos/307605101/medium.jpg
PLANT-00955,vernonia baldwinii,Vernonia baldwinii,"Western Ironweed, Baldwin's Ironweed, Ironweed",Arkansas | Colorado | Illinois | Indiana | Iowa | Kansas | Kentucky | Louisiana | Michigan | Minnesota | Missouri | Nebraska | Oklahoma | South Dakota | Texas,Herbaceous perennial,Full sun,Dry to medium,Low,5,9,July,September,VEBA,Asteraceae,Herb,Perennial,Up to about 5 feet tall.,"Pink , Purple","Jul , Aug , Sep , Oct , Nov",Low,Sun,Moist,,"Rocky or sandy soils. Clay, Clay Loam, Medium Loam, Sandy Loam, Sandy, Limestone-based, Caliche type",,,"Few seeds are fertile, so sow thickly when soil temperature is warm. May also be propagated by root division and softwood tip cuttings.",TRUE,FALSE,FALSE,TRUE,FALSE,FALSE,FALSE,FALSE,FALSE,FALSE,FALSE,FALSE,TRUE,TRUE,TRUE,TRUE,TRUE,FALSE,,,FALSE,FALSE,FALSE,FALSE,FALSE,FALSE,FALSE,TRUE,FALSE,"Western Ironweed, Baldwin's Ironweed, Ironweed",https://inaturalist-open-data.s3.amazonaws.com/photos/151301/medium.jpg
PLANT-00956,vernonia fasciculata,Vernonia fasciculata,"Prairie Ironweed, Common Ironweed",Arkansas | Colorado | Illinois | Indiana | Iowa | Kansas | Kentucky | Massachusetts | Minnesota | Mississippi | Missouri | Montana | Nebraska | New York | North Dakota | Ohio | Oklahoma | South Dakota | Wisconsin,Herbaceous perennial,Full sun,Medium to wet,Low,4,9,July,September,VEFA2,Asteraceae,Herb,Perennial,Up to about 4 feet tall.,Purple,"Jul , Aug , Sep",,"Sun , Part Shade , Shade","Moist , Wet",,"Fertile, moist to wet soils.",,,,TRUE,TRUE,TRUE,FALSE,FALSE,FALSE,FALSE,FALSE,FALSE,FALSE,FALSE,FALSE,TRUE,TRUE,TRUE,FALSE,FALSE,FALSE,,,FALSE,FALSE,FALSE,FALSE,FALSE,FALSE,FALSE,TRUE,FALSE,"Prairie Ironweed, Common Ironweed",https://inaturalist-open-data.s3.amazonaws.com/photos/4572546/medium.jpg
PLANT-00957,vernonia gigantea,Vernonia gigantea,"Giant Ironweed, Tall Ironweed",Alabama | Arkansas | Delaware | Florida | Georgia | Illinois | Indiana | Iowa | Kansas | Kentucky | Louisiana | Maryland | Michigan | Mississippi | Missouri | Nebraska | New Mexico | New York | North Carolina | Ohio | Oklahoma | Pennsylvania | South Carolina | Tennessee | Texas | Virginia | West Virginia,Herbaceous perennial,Full sun to part shade,Medium to wet,Low,5,8,August,September,VEGI,Asteraceae,Herb,Perennial,Up to about 10 feet tall.,Purple,"Jun , Jul , Aug , Sep , Oct",,"Sun , Part Shade , Shade",Moist,,,Bees,,,TRUE,TRUE,TRUE,FALSE,FALSE,FALSE,FALSE,FALSE,FALSE,FALSE,FALSE,TRUE,TRUE,TRUE,TRUE,TRUE,FALSE,FALSE,,,FALSE,FALSE,FALSE,FALSE,FALSE,FALSE,FALSE,TRUE,FALSE,"Giant Ironweed, Tall Ironweed",https://inaturalist-open-data.s3.amazonaws.com/photos/228207800/medium.jpg
PLANT-00958,vernonia missurica,Vernonia missurica,Missouri Ironweed,Alabama | Arkansas | Florida | Georgia | Illinois | Indiana | Iowa | Kansas | Kentucky | Louisiana | Massachusetts | Michigan | Mississippi | Missouri | Nebraska | New Mexico | Ohio | Oklahoma | Tennessee | Texas,Herbaceous perennial,Full sun,Medium to wet,Low,4,9,July,August,VEMI2,Asteraceae,Herb,Perennial,Up to about 6 feet tall.,Purple,"Jul , Aug , Sep",,,,,,,,,FALSE,FALSE,FALSE,FALSE,FALSE,FALSE,FALSE,FALSE,FALSE,FALSE,FALSE,FALSE,TRUE,TRUE,TRUE,FALSE,FALSE,FALSE,,,FALSE,FALSE,FALSE,FALSE,FALSE,FALSE,FALSE,TRUE,FALSE,Missouri Ironweed,https://inaturalist-open-data.s3.amazonaws.com/photos/9211895/medium.jpg
PLANT-00959,vernonia noveboracensis,Vernonia noveboracensis,New York Ironweed,Alabama | Connecticut | Delaware | Florida | Georgia | Maryland | Massachusetts | New Jersey | New York | North Carolina | Pennsylvania | Rhode Island | South Carolina | Tennessee | Virginia | West Virginia,Herbaceous perennial,Full sun,Medium to wet,Low,5,9,August,September,VENO,Asteraceae,Herb,Perennial,Up to about 7 feet tall.,Purple,"Aug , Sep , Oct",Medium,Sun,Moist,Acidic (pH<6.8),"Is found in moist soils in the wild, but will flourish in regular or dry soil. Tolerates clay and neutral to acidic conditions.",The flowers attract butterflies and seed heads attract birds.,yes,"Sow seeds in fall or provide cold stratification. Germination is usually low so sow thickly. Also propagated by ""softwood"" cuttings taken in late spring or by division of clumps.",TRUE,FALSE,FALSE,FALSE,TRUE,FALSE,FALSE,FALSE,FALSE,FALSE,FALSE,FALSE,FALSE,TRUE,TRUE,TRUE,FALSE,FALSE,,,FALSE,FALSE,FALSE,FALSE,FALSE,FALSE,FALSE,TRUE,FALSE,New York Ironweed,https://inaturalist-open-data.s3.amazonaws.com/photos/92055781/medium.jpeg
PLANT-00960,veronicastrum virginicum,Veronicastrum virginicum,Culver's Root,Alabama | Arkansas | Connecticut | Delaware | Florida | Georgia | Illinois | Indiana | Iowa | Kansas | Kentucky | Louisiana | Maine | Maryland | Massachusetts | Michigan | Minnesota | Mississippi | Missouri | Nebraska | New Jersey | New York | North Carolina | North Dakota | Ohio | Oklahoma | Pennsylvania | South Carolina | South Dakota | Tennessee | Texas | Vermont | Virginia | West Virginia | Wisconsin,Herbaceous perennial,Full sun,Medium to wet,Low,3,8,June,August,VEVI4,Scrophulariaceae,Herb,Perennial,Up to about 6 feet tall.,"White , Pink","Jun , Jul , Aug , Sep",,"Sun , Part Shade",Moist,Acidic (pH<6.8),"Moist, rich soils.","Butterflies, Bees",yes,"Most easily propagated by root divisions in late fall or early spring. Each rootstock segment must have a bud. Sow seeds in fall or provide cold stratification. Also propagated by ""softwood"" cuttings taken in late spring.",TRUE,TRUE,FALSE,FALSE,FALSE,FALSE,FALSE,FALSE,FALSE,FALSE,FALSE,TRUE,TRUE,TRUE,TRUE,FALSE,FALSE,FALSE,,,FALSE,FALSE,FALSE,FALSE,FALSE,FALSE,FALSE,TRUE,FALSE,Culver's Root,https://inaturalist-open-data.s3.amazonaws.com/photos/2173863/medium.jpg
PLANT-00961,viburnum acerifolium,Viburnum acerifolium,"Mapleleaf Viburnum, Maple-leaf Viburnum, Maple-leaf Arrowwood, Arrowwood",Alabama | Arkansas | Connecticut | Delaware | Florida | Georgia | Illinois | Indiana | Kentucky | Louisiana | Maine | Maryland | Massachusetts | Michigan | Mississippi | New Hampshire | New Jersey | New York | North Carolina | Ohio | Pennsylvania | Rhode Island | South Carolina | Tennessee | Texas | Vermont | Virginia | West Virginia | Wisconsin,Deciduous shrub,Full sun to part shade,Medium,Low,3,8,June,June,VIAC,Caprifoliaceae,Shrub,Perennial,Dense clumps up to about 6 feet tall.,White,"Apr , May , Jun , Jul , Aug",Medium,"Sun , Part Shade , Shade","Dry , Moist",Acidic (pH<6.8),"Dry, rocky soils. Sandy, Sandy Loam, Medium Loam, Clay Loam, Clay, Acid-based","Birds eat the blue berries. Nectar-bees, Nectar-butterflies, Nectar-insects, Browse, Fruit-birds",yes,,TRUE,TRUE,TRUE,FALSE,TRUE,FALSE,FALSE,FALSE,FALSE,TRUE,TRUE,TRUE,TRUE,TRUE,FALSE,FALSE,FALSE,FALSE,,,FALSE,FALSE,FALSE,FALSE,FALSE,FALSE,FALSE,TRUE,FALSE,"Mapleleaf Viburnum, Maple-leaf Viburnum, Maple-leaf Arrowwood, Arrowwood",https://inaturalist-open-data.s3.amazonaws.com/photos/11426771/medium.jpg
PLANT-00962,viburnum cassinoides,Viburnum cassinoides,witherod viburnum,Alabama | Connecticut | Delaware | Georgia | Illinois | Indiana | Kentucky | Maine | Maryland | Massachusetts | Michigan | New Hampshire | New Jersey | New York | North Carolina | Ohio | Pennsylvania | Rhode Island | South Carolina | Tennessee | Vermont | Virginia | West Virginia | Wisconsin,Deciduous shrub,Full sun to part shade,Medium to wet,Low,3,8,May,June,,,,,,,,,,,,,,,,,,,,,,,,,,,,,,,,,,,,FALSE,FALSE,FALSE,FALSE,FALSE,FALSE,FALSE,FALSE,FALSE,witherod viburnum,https://inaturalist-open-data.s3.amazonaws.com/photos/78066376/medium.jpeg
PLANT-00963,viburnum dentatum,Viburnum dentatum,Southern Arrowwood,Alabama | Arkansas | Connecticut | Delaware | Florida | Georgia | Illinois | Indiana | Iowa | Kentucky | Louisiana | Maine | Maryland | Mississippi | Missouri | New Jersey | North Carolina | Ohio | Pennsylvania | South Carolina | Tennessee | Texas | Virginia | West Virginia,Deciduous shrub,Full sun to part shade,Medium,Low,2,8,May,June,VIDE,Caprifoliaceae,Shrub,Perennial,Many branched,White,"May , Jun , Jul",,"Sun , Part Shade , Shade",Moist,Acidic (pH<6.8),"Dry to wet, acid soils and sands.","Gamebirds, songbirds and small mammals. Attracts Eastern Bluebird, Northern Flicker, Gray Catbird, and American Robin.",yes,,TRUE,TRUE,TRUE,FALSE,FALSE,FALSE,FALSE,FALSE,FALSE,FALSE,TRUE,TRUE,TRUE,FALSE,FALSE,FALSE,FALSE,FALSE,,,FALSE,FALSE,FALSE,FALSE,FALSE,FALSE,FALSE,TRUE,FALSE,Southern Arrowwood,https://inaturalist-open-data.s3.amazonaws.com/photos/197714531/medium.jpg
PLANT-00964,viburnum lentago,Viburnum lentago,"Nannyberry, Blackhaw, Sweet Viburnum, Sheepberry",Alabama | Colorado | Connecticut | Georgia | Illinois | Indiana | Iowa | Maine | Maryland | Massachusetts | Michigan | Minnesota | Missouri | Montana | Nebraska | New Hampshire | New Jersey | New York | North Carolina | North Dakota | Ohio | Pennsylvania | Rhode Island | South Dakota | Vermont | Virginia | West Virginia | Wisconsin | Wyoming,Deciduous shrub,Full sun to part shade,Medium,Low,2,8,May,May,VILE,Caprifoliaceae,Shrub,Perennial,Up to about 30 feet tall.,White,"Apr , May , Jun",Medium,"Sun , Part Shade , Shade",Moist,Circumneutral (pH 6.8-7.2),Moist to dry soils.,"Squirrels, Birds.",yes,,TRUE,TRUE,TRUE,FALSE,TRUE,FALSE,FALSE,FALSE,FALSE,TRUE,TRUE,TRUE,FALSE,FALSE,FALSE,FALSE,FALSE,FALSE,,,FALSE,FALSE,FALSE,FALSE,FALSE,FALSE,FALSE,TRUE,FALSE,"Nannyberry, Blackhaw, Sweet Viburnum, Sheepberry",https://inaturalist-open-data.s3.amazonaws.com/photos/172175665/medium.jpg
PLANT-00965,viburnum nudum,Viburnum nudum,"Possumhaw Viburnum, Possumhaw",Alabama | Arkansas | Connecticut | Delaware | Florida | Georgia | Kentucky | Louisiana | Maryland | Mississippi | New Jersey | New York | North Carolina | Pennsylvania | Rhode Island | South Carolina | Tennessee | Texas | Virginia | West Virginia,Deciduous shrub,Full sun to part shade,Medium to wet,Low,5,9,May,June,VINU,Caprifoliaceae,Shrub,Perennial,Up to about 20 feet tall.,White,"May , Jun , Jul",,"Sun , Part Shade , Shade","Moist , Wet",Acidic (pH<6.8),"Adaptable but prefers wet, mucky, acid soils.","Songbirds, water birds, shorebirds, small mammals",yes,,TRUE,TRUE,TRUE,FALSE,FALSE,FALSE,FALSE,FALSE,FALSE,FALSE,TRUE,TRUE,TRUE,FALSE,FALSE,FALSE,FALSE,FALSE,,,FALSE,FALSE,FALSE,FALSE,FALSE,FALSE,FALSE,TRUE,FALSE,"Possumhaw Viburnum, Possumhaw",https://inaturalist-open-data.s3.amazonaws.com/photos/78066376/medium.jpeg
PLANT-00966,viburnum opulus var. americanum,Viburnum opulus var. americanum,"American Cranberry Bush, Highbush Cranberry, American Cranberrybush Viburnum, Cranberry Viburnum",Connecticut | Idaho | Illinois | Indiana | Iowa | Maine | Michigan | Minnesota | Missouri | Montana | Nebraska | New Hampshire | New Mexico | New York | North Dakota | Ohio | Pennsylvania | Rhode Island | South Dakota | Vermont | Washington | West Virginia | Wisconsin | Wyoming,Deciduous shrub,Full sun to part shade,Medium,Low,2,7,April,May,VIOPA2,Caprifoliaceae,Shrub,Perennial,"Up to about 16 feet tall, often shorter.",White,"May , Jun , Jul",High,Part Shade,"Moist , Wet",Circumneutral (pH 6.8-7.2),"Wet to average, well-drained loams.","Songbirds, gamebirds, small mammals.",yes,,FALSE,TRUE,FALSE,FALSE,FALSE,TRUE,FALSE,FALSE,FALSE,FALSE,TRUE,TRUE,TRUE,FALSE,FALSE,FALSE,FALSE,FALSE,,,FALSE,FALSE,FALSE,FALSE,FALSE,FALSE,FALSE,TRUE,FALSE,"American Cranberry Bush, Highbush Cranberry, American Cranberrybush Viburnum, Cranberry Viburnum",
PLANT-00967,viburnum prunifolium,Viburnum prunifolium,"Blackhaw, Smooth Blackhaw, Blackhaw Viburnum, Smooth Blackhaw Viburnum, Stagbush",Alabama | Arkansas | Connecticut | Delaware | Georgia | Illinois | Indiana | Iowa | Kansas | Kentucky | Louisiana | Maryland | Michigan | Mississippi | Missouri | New Jersey | New York | North Carolina | Ohio | Oklahoma | Pennsylvania | South Carolina | Tennessee | Texas | Virginia | West Virginia | Wisconsin,Deciduous shrub,Full sun to part shade,Dry to medium,Low,3,9,May,June,VIPR,Caprifoliaceae,Shrub,Perennial,"Up to about 30 feet tall, often shorter.",White,"Apr , May , Jun",Medium,Part Shade,Moist,Circumneutral (pH 6.8-7.2),"Moist to dry, well-drained soils.",Berries attract birds and mammals.,yes,,FALSE,TRUE,FALSE,FALSE,TRUE,FALSE,FALSE,FALSE,FALSE,TRUE,TRUE,TRUE,FALSE,FALSE,FALSE,FALSE,FALSE,FALSE,,,FALSE,FALSE,FALSE,FALSE,FALSE,FALSE,FALSE,TRUE,FALSE,"Blackhaw, Smooth Blackhaw, Blackhaw Viburnum, Smooth Blackhaw Viburnum, Stagbush",https://inaturalist-open-data.s3.amazonaws.com/photos/35211762/medium.jpg
PLANT-00968,viburnum rufidulum,Viburnum rufidulum,"Rusty Blackhaw Viburnum, Rusty Blackhaw, Southern Blackhaw, Blackhaw, Bluehaw, Downy Viburnum, Southern Nannyberry, Rusty Nannyberry, Nannyberry",Alabama | Arkansas | Florida | Georgia | Illinois | Indiana | Kansas | Kentucky | Louisiana | Mississippi | Missouri | North Carolina | Ohio | Oklahoma | South Carolina | Tennessee | Texas | Virginia,Deciduous shrub,Full sun to part shade,Dry to medium,Low,5,9,April,May,VIRU,Caprifoliaceae,Tree,Perennial,Up to about 30 feet tall.,White,"Mar , Apr , May",Low,Part Shade,Dry,,"Dry soils. Limestone-based, Sandy, Sandy Loam, Medium Loam, Clay Loam, Clay","Nectar-bees, Nectar-butterflies, Nectar-insects, Fruit-birds, Fruit-mammals",yes,Viburnums are most often propagated from semi-hardwood cuttings taken in the fall. These should be woody at the base or taken with a heel. Rooting is slow.,FALSE,TRUE,FALSE,TRUE,FALSE,FALSE,FALSE,FALSE,TRUE,TRUE,TRUE,FALSE,FALSE,FALSE,FALSE,FALSE,FALSE,FALSE,,,FALSE,FALSE,FALSE,FALSE,FALSE,FALSE,FALSE,TRUE,FALSE,"Rusty Blackhaw Viburnum, Rusty Blackhaw, Southern Blackhaw, Blackhaw, Bluehaw, Downy Viburnum, Southern Nannyberry, Rusty Nannyberry, Nannyberry",https://static.inaturalist.org/photos/32886182/medium.jpg
PLANT-00969,viola blanda,Viola blanda,"Sweet White Violet, Woodland White Violet",Alabama | Connecticut | Delaware | Georgia | Illinois | Indiana | Iowa | Kentucky | Maine | Maryland | Massachusetts | Michigan | Minnesota | New Hampshire | New Jersey | New York | North Carolina | North Dakota | Ohio | Pennsylvania | Rhode Island | South Carolina | Tennessee | Vermont | Virginia | West Virginia,Herbaceous perennial,Part shade,Medium to wet,Low,2,7,April,May,VIBL,Violaceae,Herb,Perennial,Up to about 8 inches tall.,"White , Purple","Apr , May , Jun",,,,,,,,,FALSE,FALSE,FALSE,FALSE,FALSE,FALSE,FALSE,FALSE,FALSE,TRUE,TRUE,TRUE,FALSE,FALSE,FALSE,FALSE,FALSE,FALSE,,,FALSE,FALSE,FALSE,FALSE,FALSE,FALSE,FALSE,TRUE,FALSE,"Sweet White Violet, Woodland White Violet",https://inaturalist-open-data.s3.amazonaws.com/photos/70788825/medium.jpeg
PLANT-00970,viola canadensis,Viola canadensis,"Canadian White Violet, Canada Violet",Alabama | Arkansas | Connecticut | Georgia | Illinois | Indiana | Kentucky | Maine | Maryland | Massachusetts | Michigan | New Hampshire | New Jersey | New York | North Carolina | Ohio | Pennsylvania | Rhode Island | South Carolina | Tennessee | Vermont | Virginia | West Virginia | Wisconsin,Herbaceous perennial,Full sun to part shade,Medium to wet,Medium,3,8,June,October,VICA4,Violaceae,Herb,Perennial,"Up to about 2 feet tall, often shorter.","White , Yellow , Purple , Violet","Mar , Apr , May , Jun , Jul , Aug , Sep , Oct",,Shade,Moist,Circumneutral (pH 6.8-7.2),"Rich, moist soils.",,yes,Propagation is by seed or division of plants with off-shoots.,FALSE,FALSE,TRUE,FALSE,FALSE,FALSE,FALSE,FALSE,TRUE,TRUE,TRUE,TRUE,TRUE,TRUE,TRUE,TRUE,FALSE,FALSE,,,FALSE,FALSE,FALSE,FALSE,FALSE,FALSE,FALSE,TRUE,FALSE,"Canadian White Violet, Canada Violet",https://inaturalist-open-data.s3.amazonaws.com/photos/125678/medium.jpg
PLANT-00971,viola labradorica,Viola labradorica,"Alpine Violet, American Dog Violet",Alabama | Colorado | Connecticut | Delaware | Florida | Georgia | Illinois | Indiana | Kentucky | Maine | Maryland | Massachusetts | Michigan | Minnesota | New Hampshire | New Jersey | New York | North Carolina | North Dakota | Ohio | Pennsylvania | Rhode Island | South Carolina | Tennessee | Vermont | Virginia | West Virginia | Wisconsin,Herbaceous perennial,Full sun to part shade,Medium,Low,3,8,May,May,VILA10,Violaceae,Herb,Perennial,Up to about 8 inches tall.,"White , Blue , Purple , Violet","Apr , May , Jun , Jul , Aug",,Sun,Moist,,,,yes,,TRUE,FALSE,FALSE,FALSE,FALSE,FALSE,FALSE,FALSE,FALSE,TRUE,TRUE,TRUE,TRUE,TRUE,FALSE,FALSE,FALSE,FALSE,,,FALSE,FALSE,FALSE,FALSE,FALSE,FALSE,FALSE,TRUE,FALSE,"Alpine Violet, American Dog Violet",https://static.inaturalist.org/photos/380169293/medium.jpg
PLANT-00972,viola pedata,Viola pedata,"Birdfoot Violet, Bird's-foot Violet, Bird-foot Violet",Alabama | Arkansas | Connecticut | Delaware | Georgia | Illinois | Indiana | Iowa | Kansas | Kentucky | Louisiana | Maine | Maryland | Massachusetts | Michigan | Minnesota | Mississippi | Missouri | Nebraska | New Hampshire | New Jersey | New York | North Carolina | Ohio | Oklahoma | Pennsylvania | Rhode Island | South Carolina | Tennessee | Texas | Virginia | West Virginia | Wisconsin,Herbaceous perennial,Full sun,Dry to medium,Medium,4,8,March,May,VIPE,Violaceae,Herb,Perennial,Up to about 1 foot tall.,"White , Blue , Purple , Violet","Mar , Apr , May , Jun",,"Part Shade , Shade",Dry,Acidic (pH<6.8),"Dry, rocky, or sandy soils.",,yes,May be propagated by root cuttings taken in early spring or by seed. Seed can be planted immediately after collection or in the spring. Rootstock cuttings should be made lengthwise making sure each section has well-developed buds and roots.,FALSE,TRUE,TRUE,FALSE,FALSE,FALSE,FALSE,FALSE,TRUE,TRUE,TRUE,TRUE,FALSE,FALSE,FALSE,FALSE,FALSE,FALSE,,,FALSE,FALSE,FALSE,FALSE,FALSE,FALSE,FALSE,TRUE,FALSE,"Birdfoot Violet, Bird's-foot Violet, Bird-foot Violet",https://static.inaturalist.org/photos/340500/medium.jpg
PLANT-00973,viola pedatifida,Viola pedatifida,"Prairie Violet, Purple Prairie Violet, Larkspur Violet, Crow-foot Violet, Coastal Violet",Arizona | Arkansas | Colorado | Illinois | Indiana | Iowa | Kansas | Michigan | Minnesota | Missouri | Montana | Nebraska | New Mexico | North Carolina | North Dakota | Ohio | Oklahoma | South Dakota | Tennessee | Texas | Virginia | Wisconsin | Wyoming,Herbaceous perennial,Full sun to part shade,Medium,Low,3,8,April,June,VIPE2,Violaceae,Herb,Perennial,Up to about 1 foot tall.,"White , Purple , Violet","Mar , Apr , May , Jun",,Sun,Moist,,Mesic to dry soils.,,yes,Stratified seed planted in fall,TRUE,FALSE,FALSE,FALSE,FALSE,FALSE,FALSE,FALSE,TRUE,TRUE,TRUE,TRUE,FALSE,FALSE,FALSE,FALSE,FALSE,FALSE,,,FALSE,FALSE,FALSE,FALSE,FALSE,FALSE,FALSE,TRUE,FALSE,"Prairie Violet, Purple Prairie Violet, Larkspur Violet, Crow-foot Violet, Coastal Violet",https://inaturalist-open-data.s3.amazonaws.com/photos/3514117/medium.jpg
PLANT-00974,viola pubescens var. eriocarpa,Viola pubescens var. eriocarpa,smooth yellow violet,Alabama | Connecticut | Delaware | Georgia | Illinois | Indiana | Kansas | Kentucky | Maine | Maryland | Massachusetts | Michigan | Minnesota | Missouri | New Hampshire | New Jersey | New York | North Carolina | Ohio | Oklahoma | Pennsylvania | Rhode Island | South Carolina | Tennessee | Vermont | Virginia | West Virginia | Wisconsin,Herbaceous perennial,Part shade,Medium to wet,Low,3,7,March,April,,,,,,,,,,,,,,,,,,,,,,,,,,,,,,,,,,,,FALSE,FALSE,FALSE,FALSE,FALSE,FALSE,FALSE,FALSE,FALSE,smooth yellow violet,
PLANT-00975,viola rotundifolia,Viola rotundifolia,"Roundleaf Yellow Violet, Round-leaved Yellow Violet, Early Yellow Violet, Roundleaf Violet",Connecticut | Delaware | Georgia | Kentucky | Maine | Maryland | Massachusetts | New Hampshire | New Jersey | New York | North Carolina | Ohio | Pennsylvania | Rhode Island | South Carolina | Tennessee | Vermont | Virginia | West Virginia,Herbaceous perennial,Full Shade,Medium to wet,Low,3,7,March,April,VIRO2,Violaceae,Herb,Perennial,Up to about 8 inches tall.,"Yellow , Purple","Mar , Apr , May",,,,,,,,,FALSE,FALSE,FALSE,FALSE,FALSE,FALSE,FALSE,FALSE,TRUE,TRUE,TRUE,FALSE,FALSE,FALSE,FALSE,FALSE,FALSE,FALSE,,,FALSE,FALSE,FALSE,FALSE,FALSE,FALSE,FALSE,TRUE,FALSE,"Roundleaf Yellow Violet, Round-leaved Yellow Violet, Early Yellow Violet, Roundleaf Violet",https://inaturalist-open-data.s3.amazonaws.com/photos/657606/medium.JPG
PLANT-00976,viola sororia,Viola sororia,"Missouri Violet, Common Blue Violet, Hooded Blue Violet, Florida Violet, Meadow Violet, Confederate Violet, Dooryard Violet, Purple Violet, Woolly Blue Violet, Wood Violet, Hooded Violet",Alabama | Arkansas | Connecticut | Delaware | Florida | Georgia | Illinois | Indiana | Iowa | Kansas | Kentucky | Louisiana | Maine | Maryland | Massachusetts | Michigan | Minnesota | Mississippi | Missouri | Nebraska | New Hampshire | New Jersey | New York | North Carolina | North Dakota | Ohio | Oklahoma | Pennsylvania | Rhode Island | South Carolina | South Dakota | Tennessee | Texas | Vermont | Virginia | West Virginia | Wisconsin,Herbaceous perennial,Full sun to part shade,Medium,Medium,3,7,April,August,VISO,Violaceae,Herb,Annual,Up to about 10 inches tall.,"White , Pink , Blue , Purple","Mar , Apr , May",High,"Sun , Part Shade",Moist,,"Moist, rich soils.",,yes,,TRUE,TRUE,FALSE,FALSE,FALSE,TRUE,FALSE,FALSE,TRUE,TRUE,TRUE,FALSE,FALSE,FALSE,FALSE,FALSE,FALSE,FALSE,,,FALSE,FALSE,FALSE,FALSE,FALSE,FALSE,FALSE,TRUE,FALSE,"Missouri Violet, Common Blue Violet, Hooded Blue Violet, Florida Violet, Meadow Violet, Confederate Violet, Dooryard Violet, Purple Violet, Woolly Blue Violet, Wood Violet, Hooded Violet",https://static.inaturalist.org/photos/1631436/medium.jpg
PLANT-00977,viola striata,Viola striata,"Striped Cream Violet, Striped Violet, Common White Violet, Pale Violet",Alabama | Arkansas | Connecticut | Delaware | Georgia | Illinois | Indiana | Iowa | Kentucky | Maryland | Massachusetts | Michigan | Missouri | New Hampshire | New Jersey | New York | North Carolina | Ohio | Oklahoma | Pennsylvania | South Carolina | Tennessee | Virginia | West Virginia | Wisconsin,Herbaceous perennial,Part shade,Medium to wet,Medium,4,7,April,June,VIST3,Violaceae,Herb,Perennial,"Stems ascending to erect, up to about 2 feet long.","White , Purple","Mar , Apr , May , Jun , Jul",,Part Shade,Wet,,Loam,,,,FALSE,TRUE,FALSE,FALSE,FALSE,FALSE,FALSE,FALSE,TRUE,TRUE,TRUE,TRUE,TRUE,FALSE,FALSE,FALSE,FALSE,FALSE,,,FALSE,FALSE,FALSE,FALSE,FALSE,FALSE,FALSE,TRUE,FALSE,"Striped Cream Violet, Striped Violet, Common White Violet, Pale Violet",https://inaturalist-open-data.s3.amazonaws.com/photos/3543767/medium.JPG
PLANT-00978,vitex negundo,Vitex negundo,chaste tree,Alabama | Florida | Texas,Deciduous shrub,Full sun,Medium,Medium,6,9,July,August,,,,,,,,,,,,,,,,,,,,,,,,,,,,,,,,,,,,FALSE,FALSE,FALSE,FALSE,FALSE,FALSE,FALSE,FALSE,FALSE,chaste tree,https://inaturalist-open-data.s3.amazonaws.com/photos/80459619/medium.jpeg
PLANT-00979,vitis aestivalis,Vitis aestivalis,"Summer Grape , Pigeon Grape",Alabama | Arkansas | California | Connecticut | Delaware | Florida | Georgia | Illinois | Indiana | Iowa | Kansas | Kentucky | Louisiana | Maryland | Massachusetts | Mississippi | Missouri | Nebraska | New Jersey | New York | North Carolina | Ohio | Oklahoma | Rhode Island | South Carolina | Tennessee | Texas | Virginia | West Virginia | Wisconsin,Herbaceous perennial,Full sun,Medium,High,5,8,May,June,VIAE,Vitaceae,Vine,Perennial,Climbing stems up to about 35 feet long.,"White , Yellow , Green","Apr , May , Jun",,,,,,,,,FALSE,FALSE,FALSE,FALSE,FALSE,FALSE,FALSE,FALSE,FALSE,TRUE,TRUE,TRUE,FALSE,FALSE,FALSE,FALSE,FALSE,FALSE,,,FALSE,FALSE,FALSE,FALSE,FALSE,FALSE,FALSE,TRUE,FALSE,"Summer Grape , Pigeon Grape",https://inaturalist-open-data.s3.amazonaws.com/photos/46768846/medium.jpeg
PLANT-00980,vitis labrusca,Vitis labrusca,Fox Grape,Alabama | Connecticut | Delaware | Georgia | Indiana | Kentucky | Maine | Maryland | Massachusetts | Michigan | Mississippi | New Hampshire | New Jersey | New York | North Carolina | Ohio | Pennsylvania | Rhode Island | South Carolina | Tennessee | Utah | Vermont | Virginia | West Virginia | Wisconsin,Fruit,Full sun,Medium,High,5,8,May,June,VILA8,Vitaceae,Vine,Perennial,"Stems climbing, up to about 20 feet long.","White , Yellow , Green , Brown","May , Jun",,"Sun , Part Shade , Shade","Dry , Moist",,,,,,TRUE,TRUE,TRUE,FALSE,FALSE,FALSE,FALSE,FALSE,FALSE,FALSE,TRUE,TRUE,FALSE,FALSE,FALSE,FALSE,FALSE,FALSE,,,FALSE,FALSE,FALSE,FALSE,FALSE,FALSE,FALSE,TRUE,FALSE,Fox Grape,https://inaturalist-open-data.s3.amazonaws.com/photos/10367171/medium.jpeg
PLANT-00981,waldsteinia fragarioides,Waldsteinia fragarioides,"Appalachian Barren Strawberry, Barren Strawberry",Alabama | Arkansas | Connecticut | Georgia | Illinois | Indiana | Kentucky | Maine | Maryland | Massachusetts | Michigan | Minnesota | Missouri | New Hampshire | New Jersey | New York | North Carolina | Ohio | Pennsylvania | Tennessee | Vermont | Virginia | West Virginia | Wisconsin,Herbaceous perennial,Full sun to part shade,Medium,Low,4,7,April,May,WAFR,Rosaceae,Herb,Perennial,Up to about 8 inches tall.,Yellow,"Apr , May , Jun",,,"Dry , Moist",,,,,,FALSE,FALSE,FALSE,FALSE,FALSE,FALSE,FALSE,FALSE,FALSE,TRUE,TRUE,TRUE,FALSE,FALSE,FALSE,FALSE,FALSE,FALSE,,,FALSE,FALSE,FALSE,FALSE,FALSE,FALSE,FALSE,TRUE,FALSE,"Appalachian Barren Strawberry, Barren Strawberry",https://inaturalist-open-data.s3.amazonaws.com/photos/474194373/medium.jpg
PLANT-00982,waldsteinia lobata,Waldsteinia lobata,piedmont barren strawberry,Alabama | Georgia | North Carolina | South Carolina,Herbaceous perennial,Full sun to part shade,Medium,Low,7,9,April,May,,,,,,,,,,,,,,,,,,,,,,,,,,,,,,,,,,,,FALSE,FALSE,FALSE,FALSE,FALSE,FALSE,FALSE,FALSE,FALSE,piedmont barren strawberry,https://inaturalist-open-data.s3.amazonaws.com/photos/268258262/medium.jpg
PLANT-00983,wisteria frutescens,Wisteria frutescens,"American Wisteria, Texas Wisteria, Kentucky Wisteria",Alabama | Arkansas | Delaware | Florida | Georgia | Illinois | Indiana | Kentucky | Louisiana | Michigan | Mississippi | Missouri | North Carolina | Oklahoma | South Carolina | Tennessee | Texas,Vine,Full sun,Medium,Medium,5,9,April,May,WIFR,Fabaceae,Vine,Perennial,25-30 feet.,"White , Pink , Blue , Purple , Violet","May , Jun",Medium,"Sun , Part Shade , Shade",Moist,"Acidic (pH<6.8) , Circumneutral (pH 6.8-7.2)","Rich, moist to mesic, neutral to slightly acid soils. Sandy, Sandy Loam, Medium Loam, Clay Loam, Clay.",,yes,"Cuttings best, because can take years to bloom from seed.",TRUE,TRUE,TRUE,FALSE,TRUE,FALSE,FALSE,FALSE,FALSE,FALSE,TRUE,TRUE,FALSE,FALSE,FALSE,FALSE,FALSE,FALSE,,,FALSE,FALSE,FALSE,FALSE,FALSE,FALSE,FALSE,TRUE,FALSE,"American Wisteria, Texas Wisteria, Kentucky Wisteria",https://static.inaturalist.org/photos/35736058/medium.jpg
PLANT-00984,woodsia obtusa subsp. obtusa,Woodsia obtusa subsp. obtusa,blunt-lobed woodsia,Alabama | Arkansas | Connecticut | Delaware | Florida | Georgia | Illinois | Indiana | Iowa | Kansas | Kentucky | Louisiana | Maine | Maryland | Massachusetts | Michigan | Minnesota | Mississippi | Missouri | Nebraska | New Hampshire | New Jersey | New York | North Carolina | Ohio | Oklahoma | Pennsylvania | Rhode Island | South Carolina | Tennessee | Texas | Vermont | Virginia | West Virginia | Wisconsin,Fern,Part shade to full shade,Medium,Medium,4,8,Non-flowering,Non-flowering,,,,,,,,,,,,,,,,,,,,,,,,,,,,,,,,,,,,FALSE,FALSE,FALSE,FALSE,FALSE,FALSE,FALSE,FALSE,FALSE,blunt-lobed woodsia,
PLANT-00985,woodwardia areolata,Woodwardia areolata,"Netted Chainfern, Chain Fern, Netted Chain Fern",Alabama | Arkansas | Connecticut | Delaware | Florida | Georgia | Illinois | Indiana | Kentucky | Louisiana | Maine | Maryland | Massachusetts | Michigan | Mississippi | Missouri | New Hampshire | New Jersey | New York | North Carolina | Ohio | Oklahoma | Pennsylvania | Rhode Island | South Carolina | Tennessee | Texas | Virginia | West Virginia,Fern,Part shade to full shade,Medium to wet,Low,3,9,Non-flowering,Non-flowering,WOAR,Blechnaceae,Fern,Perennial,12 to 30 inches high,Not Applicable,,"Medium , High","Part Shade , Shade","Moist , Wet",Acidic (pH<6.8),"Wet, acid soils. Acid-based, Calcareous, Sandy, Sandy Loam, Medium Loam, Clay Loam, Clay. Tolerates brackish soils.","Provides shelter for frogs, toads, newts.",yes,Propagate by spores or,FALSE,TRUE,TRUE,FALSE,TRUE,TRUE,FALSE,FALSE,FALSE,FALSE,FALSE,FALSE,FALSE,FALSE,FALSE,FALSE,FALSE,FALSE,,,FALSE,FALSE,FALSE,FALSE,FALSE,FALSE,FALSE,TRUE,FALSE,"Netted Chainfern, Chain Fern, Netted Chain Fern",https://inaturalist-open-data.s3.amazonaws.com/photos/85809395/medium.jpg
PLANT-00986,xanthocyparis nootkatensis,Xanthocyparis nootkatensis,nootka cypress,Alaska | California | Oregon | Washington,Needled evergreen,Full sun to part shade,Medium,Medium,4,7,Non-flowering,Non-flowering,,,,,,,,,,,,,,,,,,,,,,,,,,,,,,,,,,,,FALSE,FALSE,FALSE,FALSE,FALSE,FALSE,FALSE,FALSE,FALSE,nootka cypress,https://inaturalist-open-data.s3.amazonaws.com/photos/43618148/medium.jpg
PLANT-00987,xanthorhiza simplicissima,Xanthorhiza simplicissima,"Yellowroot, Shrub Yellowroot",Alabama | Florida | Georgia | Kentucky | Louisiana | Maryland | Mississippi | North Carolina | Pennsylvania | South Carolina | Tennessee | Texas | Virginia | West Virginia,Deciduous shrub,Part shade,Medium,Low,3,9,April,May,XASI,Ranunculaceae,Shrub,Perennial,Up to about 30 inches tall.,"Yellow , Purple","Apr , May",,Shade,,Acidic (pH<6.8),"Sands, gravels or silts.",,yes,The most effective propagation method is division of parent plant. Root cuttings and June,FALSE,FALSE,TRUE,FALSE,FALSE,FALSE,FALSE,FALSE,FALSE,TRUE,TRUE,FALSE,FALSE,FALSE,FALSE,FALSE,FALSE,FALSE,,,FALSE,FALSE,FALSE,FALSE,FALSE,FALSE,FALSE,TRUE,FALSE,"Yellowroot, Shrub Yellowroot",https://static.inaturalist.org/photos/186124189/medium.jpg
PLANT-00988,yucca brevifolia,Yucca brevifolia,"Joshua Tree, Tree Yucca, Cactus-yucca, Yucca-palm",California | Nevada,Broadleaf evergreen,Full sun,Dry,Low,6,10,March,May,YUBR,Agavaceae,Cactus/Succulent,Perennial,,White,"Mar , Apr , May",,Sun,,,Sandy or rocky soils.,,yes,"Yuccas will germinate promptly from fresh seed held over winter. Seeds germinate best in 60-70 degree temperatures. Yuccas may also be grown from rhizomes,",TRUE,FALSE,FALSE,FALSE,FALSE,FALSE,FALSE,FALSE,TRUE,TRUE,TRUE,FALSE,FALSE,FALSE,FALSE,FALSE,FALSE,FALSE,,,FALSE,FALSE,FALSE,FALSE,FALSE,FALSE,FALSE,TRUE,FALSE,"Joshua Tree, Tree Yucca, Cactus-yucca, Yucca-palm",https://static.inaturalist.org/photos/262955271/medium.jpg
PLANT-00989,yucca filamentosa,Yucca filamentosa,Adam's Needle,Alabama | Arkansas | Delaware | Florida | Georgia | Louisiana | Maryland | Mississippi | North Carolina | South Carolina | Tennessee | Virginia,Broadleaf evergreen,Full sun,Dry to medium,Low,5,10,June,July,YUFI,Agavaceae,Cactus/Succulent,Perennial,Up to about 9 feet tall in bloom.,White,"Apr , May , Jun , Jul , Aug",,Sun,Dry,Circumneutral (pH 6.8-7.2),"Coarse, dry sands.",Flowers visited by hummingbirds.,yes,"Yuccas will germinate promptly from fresh seed held over winter. Seeds germinate best in 60-70 degree temperatures. Yuccas may also be grown from rhizomes,",TRUE,FALSE,FALSE,FALSE,FALSE,FALSE,FALSE,FALSE,FALSE,TRUE,TRUE,TRUE,TRUE,TRUE,FALSE,FALSE,FALSE,FALSE,,,FALSE,FALSE,FALSE,FALSE,FALSE,FALSE,FALSE,TRUE,FALSE,Adam's Needle,https://static.inaturalist.org/photos/82597214/medium.jpg
PLANT-00990,zanthoxylum americanum,Zanthoxylum americanum,"Common Pricklyash, Toothache Tree, Prickly Ash",Alabama | Arkansas | Connecticut | Delaware | Florida | Georgia | Illinois | Indiana | Iowa | Kansas | Kentucky | Louisiana | Maine | Maryland | Massachusetts | Michigan | Minnesota | Missouri | Nebraska | New Hampshire | New Jersey | New York | North Carolina | North Dakota | Ohio | Oklahoma | Pennsylvania | Rhode Island | South Carolina | South Dakota | Tennessee | Vermont | Virginia | West Virginia | Wisconsin,Tree,Full sun to part shade,Medium,Medium,3,7,April,April,ZAAM,Rutaceae,Shrub,Perennial,"Up to about 25 feet tall, often much shorter.","White , Green","Apr , May , Jun",,Sun,,Circumneutral (pH 6.8-7.2),"Rocky, calcareous soils.",,yes,Propagation by seed is possible.,TRUE,FALSE,FALSE,FALSE,FALSE,FALSE,FALSE,FALSE,FALSE,TRUE,TRUE,TRUE,FALSE,FALSE,FALSE,FALSE,FALSE,FALSE,,,FALSE,FALSE,FALSE,FALSE,FALSE,FALSE,FALSE,TRUE,FALSE,"Common Pricklyash, Toothache Tree, Prickly Ash",https://inaturalist-open-data.s3.amazonaws.com/photos/108813/medium.jpg
PLANT-00991,zanthoxylum clava-herculis,Zanthoxylum clava-herculis,"Hercules Club, Pepperbark, Toothache Tree, Tickle Tongue, Prickly Ash",Alabama | Arkansas | Florida | Georgia | Louisiana | Mississippi | North Carolina | Oklahoma | South Carolina | Texas | Virginia,Tree,Full sun to part shade,Medium,Low,7,9,April,May,ZACL,Rutaceae,Tree,Perennial,Up to about 50 feet tall. Often much shorter and shrub-like.,"Yellow , Green","Jan , Feb , Mar , Apr , May",Medium,Sun,Dry,,"Sandy Loam, Sandy, Medium Loam, Acid-based",Seeds-granivorous birds.,,,TRUE,FALSE,FALSE,FALSE,TRUE,FALSE,TRUE,TRUE,TRUE,TRUE,TRUE,FALSE,FALSE,FALSE,FALSE,FALSE,FALSE,FALSE,,,FALSE,FALSE,FALSE,FALSE,FALSE,FALSE,FALSE,TRUE,FALSE,"Hercules Club, Pepperbark, Toothache Tree, Tickle Tongue, Prickly Ash",https://inaturalist-open-data.s3.amazonaws.com/photos/4109252/medium.JPG
PLANT-00992,zenobia pulverulenta,Zenobia pulverulenta,"Honeycup, Dusty Zenobia",Georgia | North Carolina | South Carolina | Virginia,Deciduous shrub,Full sun to part shade,Medium,Medium,6,9,May,May,ZEPU3,Ericaceae,Shrub,Perennial,Up to about 6 feet tall.,White,"Mar , Apr , May , Jun",High,Part Shade,Wet,Acidic (pH<6.8),"Wet sands, peats & mucks.",Low.,yes,Difficult to root from cuttings but comes readily from seed planted shallowly in fine-textured soil in the spring.,FALSE,TRUE,FALSE,FALSE,FALSE,TRUE,FALSE,FALSE,TRUE,TRUE,TRUE,TRUE,FALSE,FALSE,FALSE,FALSE,FALSE,FALSE,,,FALSE,FALSE,FALSE,FALSE,FALSE,FALSE,FALSE,TRUE,FALSE,"Honeycup, Dusty Zenobia",https://inaturalist-open-data.s3.amazonaws.com/photos/19428282/medium.jpg
PLANT-00993,zephyranthes simpsonii,Zephyranthes simpsonii,rain lily,Alabama | Florida | Georgia | Mississippi | North Carolina | South Carolina,Bulb,Full sun to part shade,Medium,Medium,7,10,February,May,,,,,,,,,,,,,,,,,,,,,,,,,,,,,,,,,,,,FALSE,FALSE,FALSE,FALSE,FALSE,FALSE,FALSE,FALSE,FALSE,rain lily,https://static.inaturalist.org/photos/4437794/medium.jpg
PLANT-00994,zephyranthes treatiae,Zephyranthes treatiae,Zephyrlily,Alabama | Florida | Georgia | Louisiana,Bulb,Full sun to part shade,Medium to wet,Medium,7,10,January,April,ZETR,Liliaceae,Herb,Perennial,To about 10 inches in height.,"White , Pink","Jan , Feb , Mar , Apr , May , Jun",,,,,,,,,FALSE,FALSE,FALSE,FALSE,FALSE,FALSE,TRUE,TRUE,TRUE,TRUE,TRUE,TRUE,FALSE,FALSE,FALSE,FALSE,FALSE,FALSE,,,FALSE,FALSE,FALSE,FALSE,FALSE,FALSE,FALSE,TRUE,FALSE,Zephyrlily,https://inaturalist-open-data.s3.amazonaws.com/photos/31553170/medium.jpg
PLANT-00995,zinnia elegans,Zinnia elegans,zinnia,Alabama | California | Connecticut | Florida | Georgia | Louisiana | Maryland | Mississippi | North Carolina | Pennsylvania | South Carolina | Texas,Annual,Full sun,Medium,Medium,2,11,June,To frost,,,,,,,,,,,,,,,,,,,,,,,,,,,,,,,,,,,,FALSE,FALSE,FALSE,FALSE,FALSE,FALSE,FALSE,FALSE,FALSE,zinnia,https://inaturalist-open-data.s3.amazonaws.com/photos/24339002/medium.jpeg
PLANT-00996,zizia aptera,Zizia aptera,"Heart-leaved Meadow Parsnip, Heartleaf Meadow Parsnip, Meadow Parsnip, Heartleaf Alexanders, Meadow Zizia, Zizia",Alabama | Arkansas | Colorado | Connecticut | Delaware | Florida | Georgia | Idaho | Illinois | Indiana | Iowa | Kentucky | Maryland | Michigan | Minnesota | Mississippi | Missouri | Montana | Nevada | New Jersey | New York | North Carolina | North Dakota | Ohio | Oklahoma | Oregon | Pennsylvania | Rhode Island | South Carolina | South Dakota | Tennessee | Utah | Virginia | Washington | West Virginia | Wisconsin | Wyoming,Herbaceous perennial,Full sun to part shade,Medium,Medium,3,8,May,May,ZIAP,Apiaceae,Herb,Perennial,Up to about 3 feet tall.,Yellow,"May , Jun",,"Sun , Part Shade , Shade",Moist,,"Moist, sandy or sandy-clay soils.",,yes,Plant stratified seed in fall. Germination is often low and is best in cool soil. Mature plants can be divided in spring or fall.,TRUE,TRUE,TRUE,FALSE,FALSE,FALSE,FALSE,FALSE,FALSE,FALSE,TRUE,TRUE,FALSE,FALSE,FALSE,FALSE,FALSE,FALSE,,,FALSE,FALSE,FALSE,FALSE,FALSE,FALSE,FALSE,TRUE,FALSE,"Heart-leaved Meadow Parsnip, Heartleaf Meadow Parsnip, Meadow Parsnip, Heartleaf Alexanders, Meadow Zizia, Zizia",https://inaturalist-open-data.s3.amazonaws.com/photos/75570328/medium.jpeg
PLANT-00997,zizia aurea,Zizia aurea,"Golden Zizia, Golden Alexanders",Alabama | Arkansas | Connecticut | Delaware | Florida | Georgia | Illinois | Indiana | Iowa | Kansas | Kentucky | Louisiana | Maine | Maryland | Massachusetts | Michigan | Minnesota | Mississippi | Missouri | Montana | Nebraska | New Hampshire | New Jersey | New York | North Carolina | North Dakota | Ohio | Oklahoma | Pennsylvania | Rhode Island | South Carolina | South Dakota | Tennessee | Texas | Vermont | Virginia | West Virginia | Wisconsin,Herbaceous perennial,Full sun to part shade,Medium,Medium,3,8,May,June,ZIAU,Apiaceae,Herb,Perennial,Up to about 3 feet tall.,Yellow,"Apr , May , Jun , Jul , Aug",,"Sun , Part Shade",Moist,,"Moist, sandy or sandy-clay soils.",,yes,Plant stratified seed in fall. Seeds germinate best in cool soil. Plants can also be divided.,TRUE,TRUE,FALSE,FALSE,FALSE,FALSE,FALSE,FALSE,FALSE,TRUE,TRUE,TRUE,TRUE,TRUE,FALSE,FALSE,FALSE,FALSE,,,FALSE,FALSE,FALSE,FALSE,FALSE,FALSE,FALSE,TRUE,FALSE,"Golden Zizia, Golden Alexanders",https://inaturalist-open-data.s3.amazonaws.com/photos/387361379/medium.jpg
