scientificName,species,family,genus,county,state,decimalLatitude,decimalLongitude,eventDate,year,target_taxon_name,interaction_type,pollinator_group,evidence_type
Claytonia perfoliata subsp. perfoliata,Claytonia perfoliata,Montiaceae,Claytonia,San Diego County,California,32.780556,-117.073333,2026-02-14,2026,Andrena anisochlora,flowersVisitedBy,bee,confirmed_pollination
Claytonia perfoliata subsp. perfoliata,Claytonia perfoliata,Montiaceae,Claytonia,San Diego County,California,32.780556,-117.073333,2026-02-14,2026,Andrena,interactsWith,bee,general_interaction
Hosackia crassifolia var. crassifolia,Hosackia crassifolia,Fabaceae,Hosackia,San Diego County,California,32.954367,-116.603811,2025-05-22,2025,Bombus vosnesenskii,flowersVisitedBy,bee,confirmed_pollination
Acmispon grandiflorus var. grandiflorus,Acmispon grandiflorus,Fabaceae,Acmispon,Riverside County,California,33.765888,-116.685045,2025-06-27,2025,Bombus vosnesenskii,flowersVisitedBy,bee,confirmed_pollination
Frangula californica subsp. californica,Frangula californica,Rhamnaceae,Frangula,Marin County,California,37.957057,-122.60717,2025-09-04,2025,Andrena (Andrena),interactsWith,bee,general_interaction
Frangula californica subsp. californica,Frangula californica,Rhamnaceae,Frangula,Marin County,California,37.957057,-122.60717,2025-09-04,2025,Bombus sitkensis,interactsWith,bee,general_interaction
Frangula californica subsp. californica,Frangula californica,Rhamnaceae,Frangula,Marin County,California,37.957057,-122.60717,2025-09-04,2025,Celastrina echo,interactsWith,butterfly,general_interaction
Frangula californica subsp. californica,Frangula californica,Rhamnaceae,Frangula,Marin County,California,37.957057,-122.60717,2025-09-04,2025,Phyciodes pulchella pulchella,interactsWith,butterfly,general_interaction
Frangula californica subsp. californica,Frangula californica,Rhamnaceae,Frangula,Marin County,California,37.957057,-122.60717,2025-09-04,2025,Apis mellifera,interactsWith,bee,general_interaction
Frangula californica subsp. californica,Frangula californica,Rhamnaceae,Frangula,Marin County,California,37.957057,-122.60717,2025-09-04,2025,Tharsalea arota,interactsWith,butterfly,general_interaction
Frangula californica subsp. californica,Frangula californica,Rhamnaceae,Frangula,Marin County,California,37.957057,-122.60717,2025-09-04,2025,Colletes slevini,interactsWith,bee,general_interaction
Frangula californica subsp. californica,Frangula californica,Rhamnaceae,Frangula,Marin County,California,37.957057,-122.60717,2025-09-04,2025,Lasioglossum pacificum,interactsWith,bee,general_interaction
Frangula californica subsp. californica,Frangula californica,Rhamnaceae,Frangula,Marin County,California,37.957057,-122.60717,2025-09-04,2025,Lasioglossum,interactsWith,bee,general_interaction
Frangula californica subsp. californica,Frangula californica,Rhamnaceae,Frangula,Marin County,California,37.957057,-122.60717,2025-09-04,2025,Bombus vosnesenskii,interactsWith,bee,general_interaction
Frangula californica subsp. californica,Frangula californica,Rhamnaceae,Frangula,Marin County,California,37.957057,-122.60717,2025-09-04,2025,Melissodes,interactsWith,bee,general_interaction
Frangula californica subsp. californica,Frangula californica,Rhamnaceae,Frangula,Marin County,California,37.957057,-122.60717,2025-09-04,2025,Andrena cerasifolii,interactsWith,bee,general_interaction
Frangula californica subsp. californica,Frangula californica,Rhamnaceae,Frangula,Marin County,California,37.957057,-122.60717,2025-09-04,2025,Bombus flavifrons,interactsWith,bee,general_interaction
Frangula californica subsp. californica,Frangula californica,Rhamnaceae,Frangula,Marin County,California,37.957057,-122.60717,2025-09-04,2025,Hylaeus,interactsWith,bee,general_interaction
Frangula californica subsp. californica,Frangula californica,Rhamnaceae,Frangula,Marin County,California,37.957057,-122.60717,2025-09-04,2025,Andrena,interactsWith,bee,general_interaction
Frangula californica subsp. californica,Frangula californica,Rhamnaceae,Frangula,Marin County,California,37.957057,-122.60717,2025-09-04,2025,Bombus melanopygus,interactsWith,bee,general_interaction
Frangula californica subsp. californica,Frangula californica,Rhamnaceae,Frangula,Marin County,California,37.957057,-122.60717,2025-09-04,2025,Bombus caliginosus,interactsWith,bee,general_interaction
Frangula californica subsp. californica,Frangula californica,Rhamnaceae,Frangula,Marin County,California,37.957057,-122.60717,2025-09-04,2025,Nomada,interactsWith,bee,general_interaction
Calystegia purpurata subsp. purpurata,Convolvulus purpuratus,Convolvulaceae,Convolvulus,Marin County,California,37.899222,-122.618142,2025-03-06,2025,Poanes melane,interactsWith,butterfly,general_interaction
Calystegia purpurata subsp. purpurata,Convolvulus purpuratus,Convolvulaceae,Convolvulus,Marin County,California,37.899222,-122.618142,2025-03-06,2025,Apis mellifera,interactsWith,bee,general_interaction
Calystegia purpurata subsp. purpurata,Convolvulus purpuratus,Convolvulaceae,Convolvulus,Marin County,California,37.899222,-122.618142,2025-03-06,2025,Bombus vosnesenskii,interactsWith,bee,general_interaction
Calystegia purpurata subsp. purpurata,Convolvulus purpuratus,Convolvulaceae,Convolvulus,Marin County,California,37.899222,-122.618142,2025-03-06,2025,Agapostemon texanus,interactsWith,bee,general_interaction
Calystegia purpurata subsp. purpurata,Convolvulus purpuratus,Convolvulaceae,Convolvulus,Marin County,California,37.899222,-122.618142,2025-03-06,2025,Bombus melanopygus,interactsWith,bee,general_interaction
Calystegia purpurata subsp. purpurata,Convolvulus purpuratus,Convolvulaceae,Convolvulus,Marin County,California,37.899222,-122.618142,2025-03-06,2025,Bombus caliginosus,interactsWith,bee,general_interaction
Calystegia purpurata subsp. purpurata,Convolvulus purpuratus,Convolvulaceae,Convolvulus,Marin County,California,37.899222,-122.618142,2025-03-06,2025,Diadasia bituberculata,interactsWith,bee,general_interaction
Calystegia purpurata subsp. purpurata,Convolvulus purpuratus,Convolvulaceae,Convolvulus,Marin County,California,37.899222,-122.618142,2025-03-06,2025,Megachile perihirta,interactsWith,bee,general_interaction
Eriophyllum confertiflorum var. confertiflorum,Eriophyllum confertiflorum,Asteraceae,Eriophyllum,San Mateo County,California,37.466137,-122.28788,2026-06-01,2026,Dianthidium parvum schwarzi,interactsWith,bee,general_interaction
Eriophyllum confertiflorum var. confertiflorum,Eriophyllum confertiflorum,Asteraceae,Eriophyllum,San Mateo County,California,37.466137,-122.28788,2026-06-01,2026,Epeolus howardi,interactsWith,bee,general_interaction
Eriophyllum confertiflorum var. confertiflorum,Eriophyllum confertiflorum,Asteraceae,Eriophyllum,San Mateo County,California,37.466137,-122.28788,2026-06-01,2026,Melissodes lupina,interactsWith,bee,general_interaction
Eriophyllum confertiflorum var. confertiflorum,Eriophyllum confertiflorum,Asteraceae,Eriophyllum,San Mateo County,California,37.466137,-122.28788,2026-06-01,2026,Ochlodes agricola,interactsWith,butterfly,general_interaction
Eriophyllum confertiflorum var. confertiflorum,Eriophyllum confertiflorum,Asteraceae,Eriophyllum,San Mateo County,California,37.466137,-122.28788,2026-06-01,2026,Bombus melanopygus,interactsWith,bee,general_interaction
Eriophyllum confertiflorum var. confertiflorum,Eriophyllum confertiflorum,Asteraceae,Eriophyllum,San Mateo County,California,37.466137,-122.28788,2026-06-01,2026,Chlosyne palla,interactsWith,butterfly,general_interaction
Eriophyllum confertiflorum var. confertiflorum,Eriophyllum confertiflorum,Asteraceae,Eriophyllum,San Mateo County,California,37.466137,-122.28788,2026-06-01,2026,Sphecodes,interactsWith,bee,general_interaction
Eriophyllum confertiflorum var. confertiflorum,Eriophyllum confertiflorum,Asteraceae,Eriophyllum,San Mateo County,California,37.466137,-122.28788,2026-06-01,2026,Lycaena gorgon,interactsWith,butterfly,general_interaction
Eriophyllum confertiflorum var. confertiflorum,Eriophyllum confertiflorum,Asteraceae,Eriophyllum,San Mateo County,California,37.466137,-122.28788,2026-06-01,2026,Icaricia lupini,interactsWith,butterfly,general_interaction
Eriophyllum confertiflorum var. confertiflorum,Eriophyllum confertiflorum,Asteraceae,Eriophyllum,San Mateo County,California,37.466137,-122.28788,2026-06-01,2026,Erynnis propertius,interactsWith,butterfly,general_interaction
Eriophyllum confertiflorum var. confertiflorum,Eriophyllum confertiflorum,Asteraceae,Eriophyllum,San Mateo County,California,37.466137,-122.28788,2026-06-01,2026,Andrena,interactsWith,bee,general_interaction
Eriophyllum confertiflorum var. confertiflorum,Eriophyllum confertiflorum,Asteraceae,Eriophyllum,San Mateo County,California,37.466137,-122.28788,2026-06-01,2026,Ashmeadiella,interactsWith,bee,general_interaction
Eriophyllum confertiflorum var. confertiflorum,Eriophyllum confertiflorum,Asteraceae,Eriophyllum,San Mateo County,California,37.466137,-122.28788,2026-06-01,2026,Dialictus,interactsWith,bee,general_interaction
Eriophyllum confertiflorum var. confertiflorum,Eriophyllum confertiflorum,Asteraceae,Eriophyllum,San Mateo County,California,37.466137,-122.28788,2026-06-01,2026,Apodemia mormo,interactsWith,butterfly,general_interaction
Eriophyllum confertiflorum var. confertiflorum,Eriophyllum confertiflorum,Asteraceae,Eriophyllum,San Mateo County,California,37.466137,-122.28788,2026-06-01,2026,Andrena pallidifovea,interactsWith,bee,general_interaction
Eriophyllum confertiflorum var. confertiflorum,Eriophyllum confertiflorum,Asteraceae,Eriophyllum,San Mateo County,California,37.466137,-122.28788,2026-06-01,2026,Ashmeadiella cubiceps,interactsWith,bee,general_interaction
Eriophyllum confertiflorum var. confertiflorum,Eriophyllum confertiflorum,Asteraceae,Eriophyllum,San Mateo County,California,37.466137,-122.28788,2026-06-01,2026,Icaricia acmon,interactsWith,butterfly,general_interaction
Eriophyllum confertiflorum var. confertiflorum,Eriophyllum confertiflorum,Asteraceae,Eriophyllum,San Mateo County,California,37.466137,-122.28788,2026-06-01,2026,Bombus vosnesenskii,interactsWith,bee,general_interaction
Eriophyllum confertiflorum var. confertiflorum,Eriophyllum confertiflorum,Asteraceae,Eriophyllum,San Mateo County,California,37.466137,-122.28788,2026-06-01,2026,Heriades occidentalis,interactsWith,bee,general_interaction
Eriophyllum confertiflorum var. confertiflorum,Eriophyllum confertiflorum,Asteraceae,Eriophyllum,San Mateo County,California,37.466137,-122.28788,2026-06-01,2026,Nomada,interactsWith,bee,general_interaction
Eriophyllum confertiflorum var. confertiflorum,Eriophyllum confertiflorum,Asteraceae,Eriophyllum,San Mateo County,California,37.466137,-122.28788,2026-06-01,2026,Erynnis pacuvius,interactsWith,butterfly,general_interaction
Eriophyllum confertiflorum var. confertiflorum,Eriophyllum confertiflorum,Asteraceae,Eriophyllum,San Mateo County,California,37.466137,-122.28788,2026-06-01,2026,Vanessa virginiensis,interactsWith,butterfly,general_interaction
Eriophyllum confertiflorum var. confertiflorum,Eriophyllum confertiflorum,Asteraceae,Eriophyllum,San Mateo County,California,37.466137,-122.28788,2026-06-01,2026,Halictus tripartitus,interactsWith,bee,general_interaction
Eriophyllum confertiflorum var. confertiflorum,Eriophyllum confertiflorum,Asteraceae,Eriophyllum,San Mateo County,California,37.466137,-122.28788,2026-06-01,2026,Epeolus compactus,interactsWith,bee,general_interaction
Eriophyllum confertiflorum var. confertiflorum,Eriophyllum confertiflorum,Asteraceae,Eriophyllum,San Mateo County,California,37.466137,-122.28788,2026-06-01,2026,Vanessa cardui,interactsWith,butterfly,general_interaction
Eriophyllum confertiflorum var. confertiflorum,Eriophyllum confertiflorum,Asteraceae,Eriophyllum,San Mateo County,California,37.466137,-122.28788,2026-06-01,2026,Hylaeus,interactsWith,bee,general_interaction
Phacelia cicutaria var. cicutaria,Phacelia cicutaria,Hydrophyllaceae,Phacelia,Butte County,California,39.610503,-121.560447,2025-04-05,2025,Chelostoma phaceliae,interactsWith,bee,general_interaction
Vicia sativa subsp. sativa,Vicia sativa,Fabaceae,Vicia,Santa Barbara County,California,34.420807,-119.894648,2025-04-22,2025,Bombus melanopygus,interactsWith,bee,general_interaction
Streptanthus glandulosus subsp. glandulosus,Streptanthus glandulosus,Brassicaceae,Streptanthus,Alameda County,California,37.730199,-122.126377,2025-05-04,2025,Megachile,flowersVisitedBy,bee,confirmed_pollination
Streptanthus glandulosus subsp. glandulosus,Streptanthus glandulosus,Brassicaceae,Streptanthus,Alameda County,California,37.730199,-122.126377,2025-05-04,2025,Lasioglossum,flowersVisitedBy,bee,confirmed_pollination
Streptanthus glandulosus subsp. glandulosus,Streptanthus glandulosus,Brassicaceae,Streptanthus,Alameda County,California,37.730199,-122.126377,2025-05-04,2025,Megachile comata,flowersVisitedBy,bee,confirmed_pollination
Quercus agrifolia var. agrifolia,Quercus agrifolia,Fagaceae,Quercus,Orange County,California,33.796146,-117.755099,2025-04-25,2025,Celastrina echo,interactsWith,butterfly,general_interaction
Quercus agrifolia var. agrifolia,Quercus agrifolia,Fagaceae,Quercus,Orange County,California,33.796146,-117.755099,2025-04-25,2025,Andrena,interactsWith,bee,general_interaction
Quercus agrifolia var. agrifolia,Quercus agrifolia,Fagaceae,Quercus,Orange County,California,33.796146,-117.755099,2025-04-25,2025,Apis mellifera,interactsWith,bee,general_interaction
Quercus agrifolia var. agrifolia,Quercus agrifolia,Fagaceae,Quercus,Orange County,California,33.796146,-117.755099,2025-04-25,2025,Lasioglossum,interactsWith,bee,general_interaction
Triphysaria eriantha subsp. eriantha,Triphysaria eriantha,Orobanchaceae,Triphysaria,Solano County,California,38.273939,-121.824589,2026-04-03,2026,Andrena,interactsWith,bee,general_interaction
Triphysaria eriantha subsp. eriantha,Triphysaria eriantha,Orobanchaceae,Triphysaria,Solano County,California,38.273939,-121.824589,2026-04-03,2026,Andrena microchlora,interactsWith,bee,general_interaction
Triphysaria eriantha subsp. eriantha,Triphysaria eriantha,Orobanchaceae,Triphysaria,Butte County,California,39.777447,-121.832222,2026-04-06,2026,Andrena,interactsWith,bee,general_interaction
Triphysaria eriantha subsp. eriantha,Triphysaria eriantha,Orobanchaceae,Triphysaria,Butte County,California,39.777447,-121.832222,2026-04-06,2026,Andrena microchlora,interactsWith,bee,general_interaction
Eriophyllum confertiflorum var. confertiflorum,Eriophyllum confertiflorum,Asteraceae,Eriophyllum,San Diego County,California,33.104922,-117.203347,2026-04-18,2026,Dianthidium parvum schwarzi,interactsWith,bee,general_interaction
Eriophyllum confertiflorum var. confertiflorum,Eriophyllum confertiflorum,Asteraceae,Eriophyllum,San Diego County,California,33.104922,-117.203347,2026-04-18,2026,Epeolus howardi,interactsWith,bee,general_interaction
Eriophyllum confertiflorum var. confertiflorum,Eriophyllum confertiflorum,Asteraceae,Eriophyllum,San Diego County,California,33.104922,-117.203347,2026-04-18,2026,Melissodes lupina,interactsWith,bee,general_interaction
Eriophyllum confertiflorum var. confertiflorum,Eriophyllum confertiflorum,Asteraceae,Eriophyllum,San Diego County,California,33.104922,-117.203347,2026-04-18,2026,Ochlodes agricola,interactsWith,butterfly,general_interaction
Eriophyllum confertiflorum var. confertiflorum,Eriophyllum confertiflorum,Asteraceae,Eriophyllum,San Diego County,California,33.104922,-117.203347,2026-04-18,2026,Bombus melanopygus,interactsWith,bee,general_interaction
Eriophyllum confertiflorum var. confertiflorum,Eriophyllum confertiflorum,Asteraceae,Eriophyllum,San Diego County,California,33.104922,-117.203347,2026-04-18,2026,Chlosyne palla,interactsWith,butterfly,general_interaction
Eriophyllum confertiflorum var. confertiflorum,Eriophyllum confertiflorum,Asteraceae,Eriophyllum,San Diego County,California,33.104922,-117.203347,2026-04-18,2026,Sphecodes,interactsWith,bee,general_interaction
Eriophyllum confertiflorum var. confertiflorum,Eriophyllum confertiflorum,Asteraceae,Eriophyllum,San Diego County,California,33.104922,-117.203347,2026-04-18,2026,Lycaena gorgon,interactsWith,butterfly,general_interaction
Eriophyllum confertiflorum var. confertiflorum,Eriophyllum confertiflorum,Asteraceae,Eriophyllum,San Diego County,California,33.104922,-117.203347,2026-04-18,2026,Icaricia lupini,interactsWith,butterfly,general_interaction
Eriophyllum confertiflorum var. confertiflorum,Eriophyllum confertiflorum,Asteraceae,Eriophyllum,San Diego County,California,33.104922,-117.203347,2026-04-18,2026,Erynnis propertius,interactsWith,butterfly,general_interaction
Eriophyllum confertiflorum var. confertiflorum,Eriophyllum confertiflorum,Asteraceae,Eriophyllum,San Diego County,California,33.104922,-117.203347,2026-04-18,2026,Andrena,interactsWith,bee,general_interaction
Eriophyllum confertiflorum var. confertiflorum,Eriophyllum confertiflorum,Asteraceae,Eriophyllum,San Diego County,California,33.104922,-117.203347,2026-04-18,2026,Ashmeadiella,interactsWith,bee,general_interaction
Eriophyllum confertiflorum var. confertiflorum,Eriophyllum confertiflorum,Asteraceae,Eriophyllum,San Diego County,California,33.104922,-117.203347,2026-04-18,2026,Dialictus,interactsWith,bee,general_interaction
Eriophyllum confertiflorum var. confertiflorum,Eriophyllum confertiflorum,Asteraceae,Eriophyllum,San Diego County,California,33.104922,-117.203347,2026-04-18,2026,Apodemia mormo,interactsWith,butterfly,general_interaction
Eriophyllum confertiflorum var. confertiflorum,Eriophyllum confertiflorum,Asteraceae,Eriophyllum,San Diego County,California,33.104922,-117.203347,2026-04-18,2026,Andrena pallidifovea,interactsWith,bee,general_interaction
Eriophyllum confertiflorum var. confertiflorum,Eriophyllum confertiflorum,Asteraceae,Eriophyllum,San Diego County,California,33.104922,-117.203347,2026-04-18,2026,Ashmeadiella cubiceps,interactsWith,bee,general_interaction
Eriophyllum confertiflorum var. confertiflorum,Eriophyllum confertiflorum,Asteraceae,Eriophyllum,San Diego County,California,33.104922,-117.203347,2026-04-18,2026,Icaricia acmon,interactsWith,butterfly,general_interaction
Eriophyllum confertiflorum var. confertiflorum,Eriophyllum confertiflorum,Asteraceae,Eriophyllum,San Diego County,California,33.104922,-117.203347,2026-04-18,2026,Bombus vosnesenskii,interactsWith,bee,general_interaction
Eriophyllum confertiflorum var. confertiflorum,Eriophyllum confertiflorum,Asteraceae,Eriophyllum,San Diego County,California,33.104922,-117.203347,2026-04-18,2026,Heriades occidentalis,interactsWith,bee,general_interaction
Eriophyllum confertiflorum var. confertiflorum,Eriophyllum confertiflorum,Asteraceae,Eriophyllum,San Diego County,California,33.104922,-117.203347,2026-04-18,2026,Nomada,interactsWith,bee,general_interaction
Eriophyllum confertiflorum var. confertiflorum,Eriophyllum confertiflorum,Asteraceae,Eriophyllum,San Diego County,California,33.104922,-117.203347,2026-04-18,2026,Erynnis pacuvius,interactsWith,butterfly,general_interaction
Eriophyllum confertiflorum var. confertiflorum,Eriophyllum confertiflorum,Asteraceae,Eriophyllum,San Diego County,California,33.104922,-117.203347,2026-04-18,2026,Vanessa virginiensis,interactsWith,butterfly,general_interaction
Eriophyllum confertiflorum var. confertiflorum,Eriophyllum confertiflorum,Asteraceae,Eriophyllum,San Diego County,California,33.104922,-117.203347,2026-04-18,2026,Halictus tripartitus,interactsWith,bee,general_interaction
Eriophyllum confertiflorum var. confertiflorum,Eriophyllum confertiflorum,Asteraceae,Eriophyllum,San Diego County,California,33.104922,-117.203347,2026-04-18,2026,Epeolus compactus,interactsWith,bee,general_interaction
Eriophyllum confertiflorum var. confertiflorum,Eriophyllum confertiflorum,Asteraceae,Eriophyllum,San Diego County,California,33.104922,-117.203347,2026-04-18,2026,Vanessa cardui,interactsWith,butterfly,general_interaction
Eriophyllum confertiflorum var. confertiflorum,Eriophyllum confertiflorum,Asteraceae,Eriophyllum,San Diego County,California,33.104922,-117.203347,2026-04-18,2026,Hylaeus,interactsWith,bee,general_interaction
Arctostaphylos crustacea subsp. crustacea,Arctostaphylos crustacea,Ericaceae,Arctostaphylos,San Mateo County,California,37.438362,-122.293578,2025-03-11,2025,Andrena (Andrena),interactsWith,bee,general_interaction
Arctostaphylos crustacea subsp. crustacea,Arctostaphylos crustacea,Ericaceae,Arctostaphylos,San Mateo County,California,37.438362,-122.293578,2025-03-11,2025,Vanessa annabella,interactsWith,butterfly,general_interaction
Arctostaphylos crustacea subsp. crustacea,Arctostaphylos crustacea,Ericaceae,Arctostaphylos,San Mateo County,California,37.438362,-122.293578,2025-03-11,2025,Protosmia rubifloris,interactsWith,bee,general_interaction
Arctostaphylos crustacea subsp. crustacea,Arctostaphylos crustacea,Ericaceae,Arctostaphylos,San Mateo County,California,37.438362,-122.293578,2025-03-11,2025,Andrena principalis,interactsWith,bee,general_interaction
Arctostaphylos crustacea subsp. crustacea,Arctostaphylos crustacea,Ericaceae,Arctostaphylos,San Mateo County,California,37.438362,-122.293578,2025-03-11,2025,Habropoda depressa,interactsWith,bee,general_interaction
Arctostaphylos crustacea subsp. crustacea,Arctostaphylos crustacea,Ericaceae,Arctostaphylos,San Mateo County,California,37.438362,-122.293578,2025-03-11,2025,Hylaeus,interactsWith,bee,general_interaction
Arctostaphylos crustacea subsp. crustacea,Arctostaphylos crustacea,Ericaceae,Arctostaphylos,San Mateo County,California,37.438362,-122.293578,2025-03-11,2025,Celastrina echo,interactsWith,butterfly,general_interaction
Arctostaphylos crustacea subsp. crustacea,Arctostaphylos crustacea,Ericaceae,Arctostaphylos,San Mateo County,California,37.438362,-122.293578,2025-03-11,2025,Dialictus,interactsWith,bee,general_interaction
Arctostaphylos crustacea subsp. crustacea,Arctostaphylos crustacea,Ericaceae,Arctostaphylos,San Mateo County,California,37.438362,-122.293578,2025-03-11,2025,Lasioglossum pacificum,interactsWith,bee,general_interaction
Arctostaphylos crustacea subsp. crustacea,Arctostaphylos crustacea,Ericaceae,Arctostaphylos,San Mateo County,California,37.438362,-122.293578,2025-03-11,2025,Andrena,interactsWith,bee,general_interaction
Arctostaphylos crustacea subsp. crustacea,Arctostaphylos crustacea,Ericaceae,Arctostaphylos,San Mateo County,California,37.438362,-122.293578,2025-03-11,2025,Habropoda tristissima,interactsWith,bee,general_interaction
Arctostaphylos crustacea subsp. crustacea,Arctostaphylos crustacea,Ericaceae,Arctostaphylos,San Mateo County,California,37.438362,-122.293578,2025-03-11,2025,Vanessa cardui,interactsWith,butterfly,general_interaction
Arctostaphylos crustacea subsp. crustacea,Arctostaphylos crustacea,Ericaceae,Arctostaphylos,San Mateo County,California,37.438362,-122.293578,2025-03-11,2025,Callophrys dumetorum dumetorum,interactsWith,butterfly,general_interaction
Arctostaphylos crustacea subsp. crustacea,Arctostaphylos crustacea,Ericaceae,Arctostaphylos,San Mateo County,California,37.438362,-122.293578,2025-03-11,2025,Melecta separata callura,interactsWith,bee,general_interaction
Arctostaphylos crustacea subsp. crustacea,Arctostaphylos crustacea,Ericaceae,Arctostaphylos,San Mateo County,California,37.438362,-122.293578,2025-03-11,2025,Lasioglossum,interactsWith,bee,general_interaction
Arctostaphylos crustacea subsp. crustacea,Arctostaphylos crustacea,Ericaceae,Arctostaphylos,San Mateo County,California,37.438362,-122.293578,2025-03-11,2025,Apis mellifera,interactsWith,bee,general_interaction
Arctostaphylos crustacea subsp. crustacea,Arctostaphylos crustacea,Ericaceae,Arctostaphylos,San Mateo County,California,37.438362,-122.293578,2025-03-11,2025,Bombus vosnesenskii,interactsWith,bee,general_interaction
Arctostaphylos crustacea subsp. crustacea,Arctostaphylos crustacea,Ericaceae,Arctostaphylos,San Mateo County,California,37.438362,-122.293578,2025-03-11,2025,Bombus melanopygus,interactsWith,bee,general_interaction
Arctostaphylos crustacea subsp. crustacea,Arctostaphylos crustacea,Ericaceae,Arctostaphylos,San Mateo County,California,37.438362,-122.293578,2025-03-11,2025,Nomada,interactsWith,bee,general_interaction
Arctostaphylos crustacea subsp. crustacea,Arctostaphylos crustacea,Ericaceae,Arctostaphylos,San Mateo County,California,37.438362,-122.293578,2025-03-11,2025,Eucera atriventris,interactsWith,bee,general_interaction
Arctostaphylos crustacea subsp. crustacea,Arctostaphylos crustacea,Ericaceae,Arctostaphylos,San Mateo County,California,37.438362,-122.293578,2025-03-11,2025,Anthophora pacifica,interactsWith,bee,general_interaction
Vicia sativa subsp. sativa,Vicia sativa,Fabaceae,Vicia,San Diego County,California,33.082409,-117.087497,2025-05-18,2025,Bombus melanopygus,interactsWith,bee,general_interaction
Baccharis salicifolia subsp. salicifolia,Baccharis salicifolia,Asteraceae,Baccharis,San Diego County,California,33.119203,-117.316192,2025-02-06,2025,Hylaeus (Paraprosopis) polifolii,interactsWith,bee,general_interaction
Baccharis salicifolia subsp. salicifolia,Baccharis salicifolia,Asteraceae,Baccharis,San Diego County,California,33.119203,-117.316192,2025-02-06,2025,Megachile (Xeromegachile) subnigra angelica,interactsWith,bee,general_interaction
Baccharis salicifolia subsp. salicifolia,Baccharis salicifolia,Asteraceae,Baccharis,San Diego County,California,33.119203,-117.316192,2025-02-06,2025,Ceratina (Ceratinula) arizonensis,interactsWith,bee,general_interaction
Baccharis salicifolia subsp. salicifolia,Baccharis salicifolia,Asteraceae,Baccharis,San Diego County,California,33.119203,-117.316192,2025-02-06,2025,Augochlorella pomoniella,interactsWith,bee,general_interaction
Baccharis salicifolia subsp. salicifolia,Baccharis salicifolia,Asteraceae,Baccharis,San Diego County,California,33.119203,-117.316192,2025-02-06,2025,Hylaeus polifolii,interactsWith,bee,general_interaction
Ranunculus californicus var. californicus,Ranunculus californicus,Ranunculaceae,Ranunculus,Santa Clara County,California,37.336686,-122.107756,2025-03-31,2025,Panurginus melanocephalus,interactsWith,bee,general_interaction
Ranunculus californicus var. californicus,Ranunculus californicus,Ranunculaceae,Ranunculus,Santa Clara County,California,37.336686,-122.107756,2025-03-31,2025,Andrena suavis,interactsWith,bee,general_interaction
Ranunculus californicus var. californicus,Ranunculus californicus,Ranunculaceae,Ranunculus,Santa Clara County,California,37.336686,-122.107756,2025-03-31,2025,Agapostemon texanus,interactsWith,bee,general_interaction
Ranunculus californicus var. californicus,Ranunculus californicus,Ranunculaceae,Ranunculus,Santa Clara County,California,37.336686,-122.107756,2025-03-31,2025,Halictus rubicundus,interactsWith,bee,general_interaction
Ranunculus californicus var. californicus,Ranunculus californicus,Ranunculaceae,Ranunculus,Santa Clara County,California,37.336686,-122.107756,2025-03-31,2025,Andrena angustitarsata,interactsWith,bee,general_interaction
Ranunculus californicus var. californicus,Ranunculus californicus,Ranunculaceae,Ranunculus,Santa Clara County,California,37.336686,-122.107756,2025-03-31,2025,Nomada,interactsWith,bee,general_interaction
Ranunculus californicus var. californicus,Ranunculus californicus,Ranunculaceae,Ranunculus,Santa Clara County,California,37.336686,-122.107756,2025-03-31,2025,Halictus tripartitus,interactsWith,bee,general_interaction
Ranunculus californicus var. californicus,Ranunculus californicus,Ranunculaceae,Ranunculus,Santa Clara County,California,37.336686,-122.107756,2025-03-31,2025,Panurginus,interactsWith,bee,general_interaction
Ranunculus californicus var. californicus,Ranunculus californicus,Ranunculaceae,Ranunculus,Santa Clara County,California,37.336686,-122.107756,2025-03-31,2025,Lasioglossum,interactsWith,bee,general_interaction
Ranunculus californicus var. californicus,Ranunculus californicus,Ranunculaceae,Ranunculus,Santa Clara County,California,37.336686,-122.107756,2025-03-31,2025,Protosmia rubifloris,interactsWith,bee,general_interaction
Ranunculus californicus var. californicus,Ranunculus californicus,Ranunculaceae,Ranunculus,Santa Clara County,California,37.336686,-122.107756,2025-03-31,2025,Halictus farinosus,interactsWith,bee,general_interaction
Ranunculus californicus var. californicus,Ranunculus californicus,Ranunculaceae,Ranunculus,Santa Clara County,California,37.336686,-122.107756,2025-03-31,2025,Lasioglossum incompletum,interactsWith,bee,general_interaction
Ranunculus californicus var. californicus,Ranunculus californicus,Ranunculaceae,Ranunculus,Santa Clara County,California,37.336686,-122.107756,2025-03-31,2025,Coenonympha california,interactsWith,butterfly,general_interaction
Ranunculus californicus var. californicus,Ranunculus californicus,Ranunculaceae,Ranunculus,Santa Clara County,California,37.336686,-122.107756,2025-03-31,2025,Andrena,interactsWith,bee,general_interaction
Ranunculus californicus var. californicus,Ranunculus californicus,Ranunculaceae,Ranunculus,Santa Clara County,California,37.336686,-122.107756,2025-03-31,2025,Eresia aveyrona mylitta,interactsWith,butterfly,general_interaction
Ranunculus californicus var. californicus,Ranunculus californicus,Ranunculaceae,Ranunculus,Santa Clara County,California,37.336686,-122.107756,2025-03-31,2025,Osmia cyanella,interactsWith,bee,general_interaction
Ranunculus californicus var. californicus,Ranunculus californicus,Ranunculaceae,Ranunculus,Santa Clara County,California,37.336686,-122.107756,2025-03-31,2025,Osmia lignaria propinqua,interactsWith,bee,general_interaction
Ranunculus californicus var. californicus,Ranunculus californicus,Ranunculaceae,Ranunculus,Santa Clara County,California,37.336686,-122.107756,2025-03-31,2025,Andrena caerulea,interactsWith,bee,general_interaction
Ranunculus californicus var. californicus,Ranunculus californicus,Ranunculaceae,Ranunculus,Santa Clara County,California,37.336686,-122.107756,2025-03-31,2025,Andrena chalybaea,interactsWith,bee,general_interaction
Ranunculus californicus var. californicus,Ranunculus californicus,Ranunculaceae,Ranunculus,Santa Clara County,California,37.336686,-122.107756,2025-03-31,2025,Andrena cuneilabris,interactsWith,bee,general_interaction
Epilobium canum subsp. canum,Epilobium canum,Onagraceae,Epilobium,San Diego County,California,32.913047,-116.897462,2025-11-02,2025,Dialictus,interactsWith,bee,general_interaction
Epilobium canum subsp. canum,Epilobium canum,Onagraceae,Epilobium,San Diego County,California,32.913047,-116.897462,2025-11-02,2025,Lasioglossum,interactsWith,bee,general_interaction
Epilobium canum subsp. canum,Epilobium canum,Onagraceae,Epilobium,San Diego County,California,32.913047,-116.897462,2025-11-02,2025,Dianthidium dubium,interactsWith,bee,general_interaction
Brodiaea elegans subsp. elegans,Brodiaea elegans,Asparagaceae,Brodiaea,San Mateo County,California,37.46588,-122.295188,2026-05-28,2026,Strymon melinus,interactsWith,butterfly,general_interaction
Brodiaea elegans subsp. elegans,Brodiaea elegans,Asparagaceae,Brodiaea,San Mateo County,California,37.46588,-122.295188,2026-05-28,2026,Anthophora urbana,interactsWith,bee,general_interaction
Brodiaea elegans subsp. elegans,Brodiaea elegans,Asparagaceae,Brodiaea,San Mateo County,California,37.46588,-122.295188,2026-05-28,2026,Halictus tripartitus,interactsWith,bee,general_interaction
Brodiaea elegans subsp. elegans,Brodiaea elegans,Asparagaceae,Brodiaea,San Mateo County,California,37.46588,-122.295188,2026-05-28,2026,Lasioglossum incompletum,interactsWith,bee,general_interaction
Holodiscus discolor var. discolor,Holodiscus discolor,Rosaceae,Holodiscus,Marin County,California,37.877422,-122.578955,2025-09-26,2025,Andrena bucculenta,interactsWith,bee,general_interaction
Holodiscus discolor var. discolor,Holodiscus discolor,Rosaceae,Holodiscus,Marin County,California,37.877422,-122.578955,2025-09-26,2025,Andrena (Andrena),interactsWith,bee,general_interaction
Holodiscus discolor var. discolor,Holodiscus discolor,Rosaceae,Holodiscus,Marin County,California,37.877422,-122.578955,2025-09-26,2025,Sphecodes,interactsWith,bee,general_interaction
Holodiscus discolor var. discolor,Holodiscus discolor,Rosaceae,Holodiscus,Marin County,California,37.877422,-122.578955,2025-09-26,2025,Hylaeus punctatus,interactsWith,bee,general_interaction
Holodiscus discolor var. discolor,Holodiscus discolor,Rosaceae,Holodiscus,Marin County,California,37.877422,-122.578955,2025-09-26,2025,Lasioglossum,interactsWith,bee,general_interaction
Holodiscus discolor var. discolor,Holodiscus discolor,Rosaceae,Holodiscus,Marin County,California,37.877422,-122.578955,2025-09-26,2025,Nomada,interactsWith,bee,general_interaction
Holodiscus discolor var. discolor,Holodiscus discolor,Rosaceae,Holodiscus,Marin County,California,37.877422,-122.578955,2025-09-26,2025,Halictus tripartitus,interactsWith,bee,general_interaction
Holodiscus discolor var. discolor,Holodiscus discolor,Rosaceae,Holodiscus,Marin County,California,37.877422,-122.578955,2025-09-26,2025,Hylaeus,interactsWith,bee,general_interaction
Holodiscus discolor var. discolor,Holodiscus discolor,Rosaceae,Holodiscus,Marin County,California,37.877422,-122.578955,2025-09-26,2025,Andrena knuthiana,interactsWith,bee,general_interaction
Holodiscus discolor var. discolor,Holodiscus discolor,Rosaceae,Holodiscus,Marin County,California,37.877422,-122.578955,2025-09-26,2025,Andrena,interactsWith,bee,general_interaction
Holodiscus discolor var. discolor,Holodiscus discolor,Rosaceae,Holodiscus,Marin County,California,37.877422,-122.578955,2025-09-26,2025,Bombus vosnesenskii,interactsWith,bee,general_interaction
Vicia villosa subsp. villosa,Vicia villosa,Fabaceae,Vicia,Placer County,California,38.861219,-121.247037,2026-02-08,2026,Bombus californicus,interactsWith,bee,general_interaction
Vicia villosa subsp. villosa,Vicia villosa,Fabaceae,Vicia,Placer County,California,38.861219,-121.247037,2026-02-08,2026,Bombus vosnesenskii,interactsWith,bee,general_interaction
Arctostaphylos crustacea subsp. crustacea,Arctostaphylos crustacea,Ericaceae,Arctostaphylos,Santa Cruz County,California,37.019031,-121.694611,2025-01-06,2025,Andrena (Andrena),interactsWith,bee,general_interaction
Arctostaphylos crustacea subsp. crustacea,Arctostaphylos crustacea,Ericaceae,Arctostaphylos,Santa Cruz County,California,37.019031,-121.694611,2025-01-06,2025,Vanessa annabella,interactsWith,butterfly,general_interaction
Arctostaphylos crustacea subsp. crustacea,Arctostaphylos crustacea,Ericaceae,Arctostaphylos,Santa Cruz County,California,37.019031,-121.694611,2025-01-06,2025,Protosmia rubifloris,interactsWith,bee,general_interaction
Arctostaphylos crustacea subsp. crustacea,Arctostaphylos crustacea,Ericaceae,Arctostaphylos,Santa Cruz County,California,37.019031,-121.694611,2025-01-06,2025,Andrena principalis,interactsWith,bee,general_interaction
Arctostaphylos crustacea subsp. crustacea,Arctostaphylos crustacea,Ericaceae,Arctostaphylos,Santa Cruz County,California,37.019031,-121.694611,2025-01-06,2025,Habropoda depressa,interactsWith,bee,general_interaction
Arctostaphylos crustacea subsp. crustacea,Arctostaphylos crustacea,Ericaceae,Arctostaphylos,Santa Cruz County,California,37.019031,-121.694611,2025-01-06,2025,Hylaeus,interactsWith,bee,general_interaction
Arctostaphylos crustacea subsp. crustacea,Arctostaphylos crustacea,Ericaceae,Arctostaphylos,Santa Cruz County,California,37.019031,-121.694611,2025-01-06,2025,Celastrina echo,interactsWith,butterfly,general_interaction
Arctostaphylos crustacea subsp. crustacea,Arctostaphylos crustacea,Ericaceae,Arctostaphylos,Santa Cruz County,California,37.019031,-121.694611,2025-01-06,2025,Dialictus,interactsWith,bee,general_interaction
Arctostaphylos crustacea subsp. crustacea,Arctostaphylos crustacea,Ericaceae,Arctostaphylos,Santa Cruz County,California,37.019031,-121.694611,2025-01-06,2025,Lasioglossum pacificum,interactsWith,bee,general_interaction
Arctostaphylos crustacea subsp. crustacea,Arctostaphylos crustacea,Ericaceae,Arctostaphylos,Santa Cruz County,California,37.019031,-121.694611,2025-01-06,2025,Andrena,interactsWith,bee,general_interaction
Arctostaphylos crustacea subsp. crustacea,Arctostaphylos crustacea,Ericaceae,Arctostaphylos,Santa Cruz County,California,37.019031,-121.694611,2025-01-06,2025,Habropoda tristissima,interactsWith,bee,general_interaction
Arctostaphylos crustacea subsp. crustacea,Arctostaphylos crustacea,Ericaceae,Arctostaphylos,Santa Cruz County,California,37.019031,-121.694611,2025-01-06,2025,Vanessa cardui,interactsWith,butterfly,general_interaction
Arctostaphylos crustacea subsp. crustacea,Arctostaphylos crustacea,Ericaceae,Arctostaphylos,Santa Cruz County,California,37.019031,-121.694611,2025-01-06,2025,Callophrys dumetorum dumetorum,interactsWith,butterfly,general_interaction
Arctostaphylos crustacea subsp. crustacea,Arctostaphylos crustacea,Ericaceae,Arctostaphylos,Santa Cruz County,California,37.019031,-121.694611,2025-01-06,2025,Melecta separata callura,interactsWith,bee,general_interaction
Arctostaphylos crustacea subsp. crustacea,Arctostaphylos crustacea,Ericaceae,Arctostaphylos,Santa Cruz County,California,37.019031,-121.694611,2025-01-06,2025,Lasioglossum,interactsWith,bee,general_interaction
Arctostaphylos crustacea subsp. crustacea,Arctostaphylos crustacea,Ericaceae,Arctostaphylos,Santa Cruz County,California,37.019031,-121.694611,2025-01-06,2025,Apis mellifera,interactsWith,bee,general_interaction
Arctostaphylos crustacea subsp. crustacea,Arctostaphylos crustacea,Ericaceae,Arctostaphylos,Santa Cruz County,California,37.019031,-121.694611,2025-01-06,2025,Bombus vosnesenskii,interactsWith,bee,general_interaction
Arctostaphylos crustacea subsp. crustacea,Arctostaphylos crustacea,Ericaceae,Arctostaphylos,Santa Cruz County,California,37.019031,-121.694611,2025-01-06,2025,Bombus melanopygus,interactsWith,bee,general_interaction
Arctostaphylos crustacea subsp. crustacea,Arctostaphylos crustacea,Ericaceae,Arctostaphylos,Santa Cruz County,California,37.019031,-121.694611,2025-01-06,2025,Nomada,interactsWith,bee,general_interaction
Arctostaphylos crustacea subsp. crustacea,Arctostaphylos crustacea,Ericaceae,Arctostaphylos,Santa Cruz County,California,37.019031,-121.694611,2025-01-06,2025,Eucera atriventris,interactsWith,bee,general_interaction
Arctostaphylos crustacea subsp. crustacea,Arctostaphylos crustacea,Ericaceae,Arctostaphylos,Santa Cruz County,California,37.019031,-121.694611,2025-01-06,2025,Anthophora pacifica,interactsWith,bee,general_interaction
Vicia sativa subsp. sativa,Vicia sativa,Fabaceae,Vicia,San Mateo County,California,37.637142,-122.47422,2025-04-08,2025,Bombus melanopygus,interactsWith,bee,general_interaction
Cirsium occidentale var. occidentale,Cirsium occidentale,Asteraceae,Cirsium,San Mateo County,California,37.564647,-122.485838,2025-04-27,2025,Bombus vosnesenskii,interactsWith,bee,general_interaction
Cirsium occidentale var. occidentale,Cirsium occidentale,Asteraceae,Cirsium,San Mateo County,California,37.564647,-122.485838,2025-04-27,2025,Bombus californicus,interactsWith,bee,general_interaction
Cirsium occidentale var. occidentale,Cirsium occidentale,Asteraceae,Cirsium,San Mateo County,California,37.564647,-122.485838,2025-04-27,2025,Bombus melanopygus,interactsWith,bee,general_interaction
Cirsium occidentale var. occidentale,Cirsium occidentale,Asteraceae,Cirsium,San Mateo County,California,37.564647,-122.485838,2025-04-27,2025,Bombus crotchii,interactsWith,bee,general_interaction
Ceanothus thyrsiflorus var. thyrsiflorus,Ceanothus thyrsiflorus,Rhamnaceae,Ceanothus,San Luis Obispo County,California,35.843158,-121.402861,2025-08-09,2025,Andrena,interactsWith,bee,general_interaction
Ceanothus thyrsiflorus var. thyrsiflorus,Ceanothus thyrsiflorus,Rhamnaceae,Ceanothus,San Luis Obispo County,California,35.843158,-121.402861,2025-08-09,2025,Callophrys dumetorum dumetorum,interactsWith,butterfly,general_interaction
Ceanothus thyrsiflorus var. thyrsiflorus,Ceanothus thyrsiflorus,Rhamnaceae,Ceanothus,San Luis Obispo County,California,35.843158,-121.402861,2025-08-09,2025,Celastrina echo,interactsWith,butterfly,general_interaction
Ceanothus thyrsiflorus var. thyrsiflorus,Ceanothus thyrsiflorus,Rhamnaceae,Ceanothus,San Luis Obispo County,California,35.843158,-121.402861,2025-08-09,2025,Nomada,interactsWith,bee,general_interaction
Ceanothus thyrsiflorus var. thyrsiflorus,Ceanothus thyrsiflorus,Rhamnaceae,Ceanothus,San Luis Obispo County,California,35.843158,-121.402861,2025-08-09,2025,Dialictus,interactsWith,bee,general_interaction
Ceanothus thyrsiflorus var. thyrsiflorus,Ceanothus thyrsiflorus,Rhamnaceae,Ceanothus,San Luis Obispo County,California,35.843158,-121.402861,2025-08-09,2025,Andrena chlorogaster,interactsWith,bee,general_interaction
Ceanothus thyrsiflorus var. thyrsiflorus,Ceanothus thyrsiflorus,Rhamnaceae,Ceanothus,San Luis Obispo County,California,35.843158,-121.402861,2025-08-09,2025,Panurginus,interactsWith,bee,general_interaction
Ceanothus thyrsiflorus var. thyrsiflorus,Ceanothus thyrsiflorus,Rhamnaceae,Ceanothus,San Luis Obispo County,California,35.843158,-121.402861,2025-08-09,2025,Hylaeus,interactsWith,bee,general_interaction
Ceanothus thyrsiflorus var. thyrsiflorus,Ceanothus thyrsiflorus,Rhamnaceae,Ceanothus,San Luis Obispo County,California,35.843158,-121.402861,2025-08-09,2025,Andrena angustitarsata,interactsWith,bee,general_interaction
Camissonia campestris subsp. campestris,Camissonia campestris,Onagraceae,Camissonia,San Bernardino County,California,34.406186,-117.622028,2025-05-06,2025,Andrena siccata,flowersVisitedBy,bee,confirmed_pollination
Streptanthus glandulosus subsp. glandulosus,Streptanthus glandulosus,Brassicaceae,Streptanthus,Contra Costa County,California,37.883975,-121.972275,2025-04-28,2025,Megachile,flowersVisitedBy,bee,confirmed_pollination
Streptanthus glandulosus subsp. glandulosus,Streptanthus glandulosus,Brassicaceae,Streptanthus,Contra Costa County,California,37.883975,-121.972275,2025-04-28,2025,Lasioglossum,flowersVisitedBy,bee,confirmed_pollination
Streptanthus glandulosus subsp. glandulosus,Streptanthus glandulosus,Brassicaceae,Streptanthus,Contra Costa County,California,37.883975,-121.972275,2025-04-28,2025,Megachile comata,flowersVisitedBy,bee,confirmed_pollination
Ceanothus thyrsiflorus var. thyrsiflorus,Ceanothus thyrsiflorus,Rhamnaceae,Ceanothus,Marin County,California,37.860252,-122.574341,2025-09-18,2025,Andrena,interactsWith,bee,general_interaction
Ceanothus thyrsiflorus var. thyrsiflorus,Ceanothus thyrsiflorus,Rhamnaceae,Ceanothus,Marin County,California,37.860252,-122.574341,2025-09-18,2025,Callophrys dumetorum dumetorum,interactsWith,butterfly,general_interaction
Ceanothus thyrsiflorus var. thyrsiflorus,Ceanothus thyrsiflorus,Rhamnaceae,Ceanothus,Marin County,California,37.860252,-122.574341,2025-09-18,2025,Celastrina echo,interactsWith,butterfly,general_interaction
Ceanothus thyrsiflorus var. thyrsiflorus,Ceanothus thyrsiflorus,Rhamnaceae,Ceanothus,Marin County,California,37.860252,-122.574341,2025-09-18,2025,Nomada,interactsWith,bee,general_interaction
Ceanothus thyrsiflorus var. thyrsiflorus,Ceanothus thyrsiflorus,Rhamnaceae,Ceanothus,Marin County,California,37.860252,-122.574341,2025-09-18,2025,Dialictus,interactsWith,bee,general_interaction
Ceanothus thyrsiflorus var. thyrsiflorus,Ceanothus thyrsiflorus,Rhamnaceae,Ceanothus,Marin County,California,37.860252,-122.574341,2025-09-18,2025,Andrena chlorogaster,interactsWith,bee,general_interaction
Ceanothus thyrsiflorus var. thyrsiflorus,Ceanothus thyrsiflorus,Rhamnaceae,Ceanothus,Marin County,California,37.860252,-122.574341,2025-09-18,2025,Panurginus,interactsWith,bee,general_interaction
Ceanothus thyrsiflorus var. thyrsiflorus,Ceanothus thyrsiflorus,Rhamnaceae,Ceanothus,Marin County,California,37.860252,-122.574341,2025-09-18,2025,Hylaeus,interactsWith,bee,general_interaction
Ceanothus thyrsiflorus var. thyrsiflorus,Ceanothus thyrsiflorus,Rhamnaceae,Ceanothus,Marin County,California,37.860252,-122.574341,2025-09-18,2025,Andrena angustitarsata,interactsWith,bee,general_interaction
Phacelia cicutaria var. cicutaria,Phacelia cicutaria,Hydrophyllaceae,Phacelia,Sacramento County,California,38.684208,-121.172662,2026-04-06,2026,Chelostoma phaceliae,interactsWith,bee,general_interaction
Thermopsis californica var. californica,Thermopsis californica,Fabaceae,Thermopsis,Santa Cruz County,California,37.046203,-122.131722,2025-05-05,2025,Bombus vosnesenskii,interactsWith,bee,general_interaction
Thermopsis californica var. californica,Thermopsis californica,Fabaceae,Thermopsis,Santa Cruz County,California,37.046203,-122.131722,2025-05-05,2025,Megachile gemula,interactsWith,bee,general_interaction
Thermopsis californica var. californica,Thermopsis californica,Fabaceae,Thermopsis,Santa Cruz County,California,37.046203,-122.131722,2025-05-05,2025,Xylocopa tabaniformis orpifex,interactsWith,bee,general_interaction
Calystegia purpurata subsp. purpurata,Convolvulus purpuratus,Convolvulaceae,Convolvulus,San Mateo County,California,37.469483,-122.27687,2025-06-13,2025,Poanes melane,interactsWith,butterfly,general_interaction
Calystegia purpurata subsp. purpurata,Convolvulus purpuratus,Convolvulaceae,Convolvulus,San Mateo County,California,37.469483,-122.27687,2025-06-13,2025,Apis mellifera,interactsWith,bee,general_interaction
Calystegia purpurata subsp. purpurata,Convolvulus purpuratus,Convolvulaceae,Convolvulus,San Mateo County,California,37.469483,-122.27687,2025-06-13,2025,Bombus vosnesenskii,interactsWith,bee,general_interaction
Calystegia purpurata subsp. purpurata,Convolvulus purpuratus,Convolvulaceae,Convolvulus,San Mateo County,California,37.469483,-122.27687,2025-06-13,2025,Agapostemon texanus,interactsWith,bee,general_interaction
Calystegia purpurata subsp. purpurata,Convolvulus purpuratus,Convolvulaceae,Convolvulus,San Mateo County,California,37.469483,-122.27687,2025-06-13,2025,Bombus melanopygus,interactsWith,bee,general_interaction
Calystegia purpurata subsp. purpurata,Convolvulus purpuratus,Convolvulaceae,Convolvulus,San Mateo County,California,37.469483,-122.27687,2025-06-13,2025,Bombus caliginosus,interactsWith,bee,general_interaction
Calystegia purpurata subsp. purpurata,Convolvulus purpuratus,Convolvulaceae,Convolvulus,San Mateo County,California,37.469483,-122.27687,2025-06-13,2025,Diadasia bituberculata,interactsWith,bee,general_interaction
Calystegia purpurata subsp. purpurata,Convolvulus purpuratus,Convolvulaceae,Convolvulus,San Mateo County,California,37.469483,-122.27687,2025-06-13,2025,Megachile perihirta,interactsWith,bee,general_interaction
Camissonia campestris subsp. campestris,Camissonia campestris,Onagraceae,Camissonia,Monterey County,California,36.08612,-121.424063,2025-04-20,2025,Andrena siccata,flowersVisitedBy,bee,confirmed_pollination
Notholithocarpus densiflorus var. densiflorus,Notholithocarpus densiflorus,Fagaceae,Notholithocarpus,Marin County,California,37.899679,-122.57741,2025-09-11,2025,Limenitis bredowii californica,interactsWith,butterfly,general_interaction
Notholithocarpus densiflorus var. densiflorus,Notholithocarpus densiflorus,Fagaceae,Notholithocarpus,Marin County,California,37.899679,-122.57741,2025-09-11,2025,Colletes,interactsWith,bee,general_interaction
Notholithocarpus densiflorus var. densiflorus,Notholithocarpus densiflorus,Fagaceae,Notholithocarpus,Marin County,California,37.899679,-122.57741,2025-09-11,2025,Halictus tripartitus,interactsWith,bee,general_interaction
Notholithocarpus densiflorus var. densiflorus,Notholithocarpus densiflorus,Fagaceae,Notholithocarpus,Marin County,California,37.899679,-122.57741,2025-09-11,2025,Habrodais grunus,interactsWith,butterfly,general_interaction
Notholithocarpus densiflorus var. densiflorus,Notholithocarpus densiflorus,Fagaceae,Notholithocarpus,Marin County,California,37.899679,-122.57741,2025-09-11,2025,Hylaeus,interactsWith,bee,general_interaction
Notholithocarpus densiflorus var. densiflorus,Notholithocarpus densiflorus,Fagaceae,Notholithocarpus,Marin County,California,37.899679,-122.57741,2025-09-11,2025,Lasioglossum,interactsWith,bee,general_interaction
Lomatium dasycarpum subsp. dasycarpum,Lomatium dasycarpum,Apiaceae,Lomatium,San Diego County,California,32.975618,-116.58312,2026-05-02,2026,Andrena,interactsWith,bee,general_interaction
Lomatium dasycarpum subsp. dasycarpum,Lomatium dasycarpum,Apiaceae,Lomatium,San Diego County,California,32.975618,-116.58312,2026-05-02,2026,Andrena melanochroa,interactsWith,bee,general_interaction
Lomatium dasycarpum subsp. dasycarpum,Lomatium dasycarpum,Apiaceae,Lomatium,San Diego County,California,32.975618,-116.58312,2026-05-02,2026,Andrena chlorogaster,interactsWith,bee,general_interaction
Triphysaria eriantha subsp. eriantha,Triphysaria eriantha,Orobanchaceae,Triphysaria,Alameda County,California,37.589673,-121.630966,2025-04-28,2025,Andrena,interactsWith,bee,general_interaction
Triphysaria eriantha subsp. eriantha,Triphysaria eriantha,Orobanchaceae,Triphysaria,Alameda County,California,37.589673,-121.630966,2025-04-28,2025,Andrena microchlora,interactsWith,bee,general_interaction
Triteleia ixioides subsp. ixioides,Triteleia ixioides,Asparagaceae,Triteleia,Monterey County,California,36.624603,-121.693537,2025-05-20,2025,Eucera edwardsii,interactsWith,bee,general_interaction
Triteleia ixioides subsp. ixioides,Triteleia ixioides,Asparagaceae,Triteleia,Monterey County,California,36.624603,-121.693537,2025-05-20,2025,Halictus tripartitus,interactsWith,bee,general_interaction
Triteleia ixioides subsp. ixioides,Triteleia ixioides,Asparagaceae,Triteleia,Monterey County,California,36.624603,-121.693537,2025-05-20,2025,Bombus caliginosus,interactsWith,bee,general_interaction
Triteleia ixioides subsp. ixioides,Triteleia ixioides,Asparagaceae,Triteleia,Monterey County,California,36.624603,-121.693537,2025-05-20,2025,Anthophora urbana,interactsWith,bee,general_interaction
Triteleia ixioides subsp. ixioides,Triteleia ixioides,Asparagaceae,Triteleia,Monterey County,California,36.624603,-121.693537,2025-05-20,2025,Osmia nemoris,interactsWith,bee,general_interaction
Triteleia ixioides subsp. ixioides,Triteleia ixioides,Asparagaceae,Triteleia,Monterey County,California,36.624603,-121.693537,2025-05-20,2025,Bombus californicus,interactsWith,bee,general_interaction
Streptanthus glandulosus subsp. glandulosus,Streptanthus glandulosus,Brassicaceae,Streptanthus,San Luis Obispo County,California,35.283777,-120.621586,2026-03-28,2026,Megachile,flowersVisitedBy,bee,confirmed_pollination
Streptanthus glandulosus subsp. glandulosus,Streptanthus glandulosus,Brassicaceae,Streptanthus,San Luis Obispo County,California,35.283777,-120.621586,2026-03-28,2026,Lasioglossum,flowersVisitedBy,bee,confirmed_pollination
Streptanthus glandulosus subsp. glandulosus,Streptanthus glandulosus,Brassicaceae,Streptanthus,San Luis Obispo County,California,35.283777,-120.621586,2026-03-28,2026,Megachile comata,flowersVisitedBy,bee,confirmed_pollination
Triphysaria eriantha subsp. eriantha,Triphysaria eriantha,Orobanchaceae,Triphysaria,El Dorado County,California,38.683738,-121.035337,2025-03-20,2025,Andrena,interactsWith,bee,general_interaction
Triphysaria eriantha subsp. eriantha,Triphysaria eriantha,Orobanchaceae,Triphysaria,El Dorado County,California,38.683738,-121.035337,2025-03-20,2025,Andrena microchlora,interactsWith,bee,general_interaction
Rhodiola integrifolia subsp. integrifolia,Rhodiola integrifolia,Crassulaceae,Rhodiola,Inyo County,California,37.058178,-118.479014,2025-06-19,2025,Colias scudderi,flowersVisitedBy,butterfly,confirmed_pollination
Rhodiola integrifolia subsp. integrifolia,Rhodiola integrifolia,Crassulaceae,Rhodiola,Inyo County,California,37.058178,-118.479014,2025-06-19,2025,Erebia epipsodea,flowersVisitedBy,butterfly,confirmed_pollination
Baccharis salicifolia subsp. salicifolia,Baccharis salicifolia,Asteraceae,Baccharis,Butte County,California,39.770119,-121.768781,2026-05-16,2026,Hylaeus (Paraprosopis) polifolii,interactsWith,bee,general_interaction
Baccharis salicifolia subsp. salicifolia,Baccharis salicifolia,Asteraceae,Baccharis,Butte County,California,39.770119,-121.768781,2026-05-16,2026,Megachile (Xeromegachile) subnigra angelica,interactsWith,bee,general_interaction
Baccharis salicifolia subsp. salicifolia,Baccharis salicifolia,Asteraceae,Baccharis,Butte County,California,39.770119,-121.768781,2026-05-16,2026,Ceratina (Ceratinula) arizonensis,interactsWith,bee,general_interaction
Baccharis salicifolia subsp. salicifolia,Baccharis salicifolia,Asteraceae,Baccharis,Butte County,California,39.770119,-121.768781,2026-05-16,2026,Augochlorella pomoniella,interactsWith,bee,general_interaction
Baccharis salicifolia subsp. salicifolia,Baccharis salicifolia,Asteraceae,Baccharis,Butte County,California,39.770119,-121.768781,2026-05-16,2026,Hylaeus polifolii,interactsWith,bee,general_interaction
Chrysothamnus viscidiflorus subsp. viscidiflorus,Chrysothamnus viscidiflorus,Asteraceae,Chrysothamnus,Inyo County,California,37.500237,-118.19908,2025-07-17,2025,Anthophora albata,interactsWith,bee,general_interaction
Chrysothamnus viscidiflorus subsp. viscidiflorus,Chrysothamnus viscidiflorus,Asteraceae,Chrysothamnus,Inyo County,California,37.500237,-118.19908,2025-07-17,2025,Diadasia enavata,interactsWith,bee,general_interaction
Quercus agrifolia var. agrifolia,Quercus agrifolia,Fagaceae,Quercus,Monterey County,California,36.483353,-121.18892,2025-07-26,2025,Celastrina echo,interactsWith,butterfly,general_interaction
Quercus agrifolia var. agrifolia,Quercus agrifolia,Fagaceae,Quercus,Monterey County,California,36.483353,-121.18892,2025-07-26,2025,Andrena,interactsWith,bee,general_interaction
Quercus agrifolia var. agrifolia,Quercus agrifolia,Fagaceae,Quercus,Monterey County,California,36.483353,-121.18892,2025-07-26,2025,Apis mellifera,interactsWith,bee,general_interaction
Quercus agrifolia var. agrifolia,Quercus agrifolia,Fagaceae,Quercus,Monterey County,California,36.483353,-121.18892,2025-07-26,2025,Lasioglossum,interactsWith,bee,general_interaction
Epilobium canum subsp. canum,Epilobium canum,Onagraceae,Epilobium,Monterey County,California,36.204198,-121.733705,2025-10-24,2025,Dialictus,interactsWith,bee,general_interaction
Epilobium canum subsp. canum,Epilobium canum,Onagraceae,Epilobium,Monterey County,California,36.204198,-121.733705,2025-10-24,2025,Lasioglossum,interactsWith,bee,general_interaction
Epilobium canum subsp. canum,Epilobium canum,Onagraceae,Epilobium,Monterey County,California,36.204198,-121.733705,2025-10-24,2025,Dianthidium dubium,interactsWith,bee,general_interaction
Triphysaria eriantha subsp. eriantha,Triphysaria eriantha,Orobanchaceae,Triphysaria,Tuolumne County,California,37.931277,-120.455644,2025-04-10,2025,Andrena,interactsWith,bee,general_interaction
Triphysaria eriantha subsp. eriantha,Triphysaria eriantha,Orobanchaceae,Triphysaria,Tuolumne County,California,37.931277,-120.455644,2025-04-10,2025,Andrena microchlora,interactsWith,bee,general_interaction
Ceanothus cuneatus var. cuneatus,Ceanothus cuneatus,Rhamnaceae,Ceanothus,Mendocino County,California,39.41877,-123.272163,2025-07-02,2025,Panurginus,interactsWith,bee,general_interaction
Ceanothus cuneatus var. cuneatus,Ceanothus cuneatus,Rhamnaceae,Ceanothus,Mendocino County,California,39.41877,-123.272163,2025-07-02,2025,Celastrina echo,interactsWith,butterfly,general_interaction
Ceanothus cuneatus var. cuneatus,Ceanothus cuneatus,Rhamnaceae,Ceanothus,Mendocino County,California,39.41877,-123.272163,2025-07-02,2025,Andrena,interactsWith,bee,general_interaction
Triphysaria eriantha subsp. eriantha,Triphysaria eriantha,Orobanchaceae,Triphysaria,Santa Clara County,California,37.392425,-121.730103,2025-04-03,2025,Andrena,interactsWith,bee,general_interaction
Triphysaria eriantha subsp. eriantha,Triphysaria eriantha,Orobanchaceae,Triphysaria,Santa Clara County,California,37.392425,-121.730103,2025-04-03,2025,Andrena microchlora,interactsWith,bee,general_interaction
Eriophyllum confertiflorum var. confertiflorum,Eriophyllum confertiflorum,Asteraceae,Eriophyllum,Marin County,California,37.97077,-122.63983,2026-05-29,2026,Dianthidium parvum schwarzi,interactsWith,bee,general_interaction
Eriophyllum confertiflorum var. confertiflorum,Eriophyllum confertiflorum,Asteraceae,Eriophyllum,Marin County,California,37.97077,-122.63983,2026-05-29,2026,Epeolus howardi,interactsWith,bee,general_interaction
Eriophyllum confertiflorum var. confertiflorum,Eriophyllum confertiflorum,Asteraceae,Eriophyllum,Marin County,California,37.97077,-122.63983,2026-05-29,2026,Melissodes lupina,interactsWith,bee,general_interaction
Eriophyllum confertiflorum var. confertiflorum,Eriophyllum confertiflorum,Asteraceae,Eriophyllum,Marin County,California,37.97077,-122.63983,2026-05-29,2026,Ochlodes agricola,interactsWith,butterfly,general_interaction
Eriophyllum confertiflorum var. confertiflorum,Eriophyllum confertiflorum,Asteraceae,Eriophyllum,Marin County,California,37.97077,-122.63983,2026-05-29,2026,Bombus melanopygus,interactsWith,bee,general_interaction
Eriophyllum confertiflorum var. confertiflorum,Eriophyllum confertiflorum,Asteraceae,Eriophyllum,Marin County,California,37.97077,-122.63983,2026-05-29,2026,Chlosyne palla,interactsWith,butterfly,general_interaction
Eriophyllum confertiflorum var. confertiflorum,Eriophyllum confertiflorum,Asteraceae,Eriophyllum,Marin County,California,37.97077,-122.63983,2026-05-29,2026,Sphecodes,interactsWith,bee,general_interaction
Eriophyllum confertiflorum var. confertiflorum,Eriophyllum confertiflorum,Asteraceae,Eriophyllum,Marin County,California,37.97077,-122.63983,2026-05-29,2026,Lycaena gorgon,interactsWith,butterfly,general_interaction
Eriophyllum confertiflorum var. confertiflorum,Eriophyllum confertiflorum,Asteraceae,Eriophyllum,Marin County,California,37.97077,-122.63983,2026-05-29,2026,Icaricia lupini,interactsWith,butterfly,general_interaction
Eriophyllum confertiflorum var. confertiflorum,Eriophyllum confertiflorum,Asteraceae,Eriophyllum,Marin County,California,37.97077,-122.63983,2026-05-29,2026,Erynnis propertius,interactsWith,butterfly,general_interaction
Eriophyllum confertiflorum var. confertiflorum,Eriophyllum confertiflorum,Asteraceae,Eriophyllum,Marin County,California,37.97077,-122.63983,2026-05-29,2026,Andrena,interactsWith,bee,general_interaction
Eriophyllum confertiflorum var. confertiflorum,Eriophyllum confertiflorum,Asteraceae,Eriophyllum,Marin County,California,37.97077,-122.63983,2026-05-29,2026,Ashmeadiella,interactsWith,bee,general_interaction
Eriophyllum confertiflorum var. confertiflorum,Eriophyllum confertiflorum,Asteraceae,Eriophyllum,Marin County,California,37.97077,-122.63983,2026-05-29,2026,Dialictus,interactsWith,bee,general_interaction
Eriophyllum confertiflorum var. confertiflorum,Eriophyllum confertiflorum,Asteraceae,Eriophyllum,Marin County,California,37.97077,-122.63983,2026-05-29,2026,Apodemia mormo,interactsWith,butterfly,general_interaction
Eriophyllum confertiflorum var. confertiflorum,Eriophyllum confertiflorum,Asteraceae,Eriophyllum,Marin County,California,37.97077,-122.63983,2026-05-29,2026,Andrena pallidifovea,interactsWith,bee,general_interaction
Eriophyllum confertiflorum var. confertiflorum,Eriophyllum confertiflorum,Asteraceae,Eriophyllum,Marin County,California,37.97077,-122.63983,2026-05-29,2026,Ashmeadiella cubiceps,interactsWith,bee,general_interaction
Eriophyllum confertiflorum var. confertiflorum,Eriophyllum confertiflorum,Asteraceae,Eriophyllum,Marin County,California,37.97077,-122.63983,2026-05-29,2026,Icaricia acmon,interactsWith,butterfly,general_interaction
Eriophyllum confertiflorum var. confertiflorum,Eriophyllum confertiflorum,Asteraceae,Eriophyllum,Marin County,California,37.97077,-122.63983,2026-05-29,2026,Bombus vosnesenskii,interactsWith,bee,general_interaction
Eriophyllum confertiflorum var. confertiflorum,Eriophyllum confertiflorum,Asteraceae,Eriophyllum,Marin County,California,37.97077,-122.63983,2026-05-29,2026,Heriades occidentalis,interactsWith,bee,general_interaction
Eriophyllum confertiflorum var. confertiflorum,Eriophyllum confertiflorum,Asteraceae,Eriophyllum,Marin County,California,37.97077,-122.63983,2026-05-29,2026,Nomada,interactsWith,bee,general_interaction
Eriophyllum confertiflorum var. confertiflorum,Eriophyllum confertiflorum,Asteraceae,Eriophyllum,Marin County,California,37.97077,-122.63983,2026-05-29,2026,Erynnis pacuvius,interactsWith,butterfly,general_interaction
Eriophyllum confertiflorum var. confertiflorum,Eriophyllum confertiflorum,Asteraceae,Eriophyllum,Marin County,California,37.97077,-122.63983,2026-05-29,2026,Vanessa virginiensis,interactsWith,butterfly,general_interaction
Eriophyllum confertiflorum var. confertiflorum,Eriophyllum confertiflorum,Asteraceae,Eriophyllum,Marin County,California,37.97077,-122.63983,2026-05-29,2026,Halictus tripartitus,interactsWith,bee,general_interaction
Eriophyllum confertiflorum var. confertiflorum,Eriophyllum confertiflorum,Asteraceae,Eriophyllum,Marin County,California,37.97077,-122.63983,2026-05-29,2026,Epeolus compactus,interactsWith,bee,general_interaction
Eriophyllum confertiflorum var. confertiflorum,Eriophyllum confertiflorum,Asteraceae,Eriophyllum,Marin County,California,37.97077,-122.63983,2026-05-29,2026,Vanessa cardui,interactsWith,butterfly,general_interaction
Eriophyllum confertiflorum var. confertiflorum,Eriophyllum confertiflorum,Asteraceae,Eriophyllum,Marin County,California,37.97077,-122.63983,2026-05-29,2026,Hylaeus,interactsWith,bee,general_interaction
Triphysaria eriantha subsp. eriantha,Triphysaria eriantha,Orobanchaceae,Triphysaria,Merced County,California,37.344892,-120.242937,2025-03-29,2025,Andrena,interactsWith,bee,general_interaction
Triphysaria eriantha subsp. eriantha,Triphysaria eriantha,Orobanchaceae,Triphysaria,Merced County,California,37.344892,-120.242937,2025-03-29,2025,Andrena microchlora,interactsWith,bee,general_interaction
Hosackia crassifolia var. crassifolia,Hosackia crassifolia,Fabaceae,Hosackia,Riverside County,California,33.332978,-116.906303,2025-06-02,2025,Bombus vosnesenskii,flowersVisitedBy,bee,confirmed_pollination
Vicia villosa subsp. villosa,Vicia villosa,Fabaceae,Vicia,Los Angeles County,California,34.195937,-118.20533,2026-02-07,2026,Bombus californicus,interactsWith,bee,general_interaction
Vicia villosa subsp. villosa,Vicia villosa,Fabaceae,Vicia,Los Angeles County,California,34.195937,-118.20533,2026-02-07,2026,Bombus vosnesenskii,interactsWith,bee,general_interaction
Arctostaphylos crustacea subsp. crustacea,Arctostaphylos crustacea,Ericaceae,Arctostaphylos,Santa Clara County,California,37.171753,-121.876655,2025-03-02,2025,Andrena (Andrena),interactsWith,bee,general_interaction
Arctostaphylos crustacea subsp. crustacea,Arctostaphylos crustacea,Ericaceae,Arctostaphylos,Santa Clara County,California,37.171753,-121.876655,2025-03-02,2025,Vanessa annabella,interactsWith,butterfly,general_interaction
Arctostaphylos crustacea subsp. crustacea,Arctostaphylos crustacea,Ericaceae,Arctostaphylos,Santa Clara County,California,37.171753,-121.876655,2025-03-02,2025,Protosmia rubifloris,interactsWith,bee,general_interaction
Arctostaphylos crustacea subsp. crustacea,Arctostaphylos crustacea,Ericaceae,Arctostaphylos,Santa Clara County,California,37.171753,-121.876655,2025-03-02,2025,Andrena principalis,interactsWith,bee,general_interaction
Arctostaphylos crustacea subsp. crustacea,Arctostaphylos crustacea,Ericaceae,Arctostaphylos,Santa Clara County,California,37.171753,-121.876655,2025-03-02,2025,Habropoda depressa,interactsWith,bee,general_interaction
Arctostaphylos crustacea subsp. crustacea,Arctostaphylos crustacea,Ericaceae,Arctostaphylos,Santa Clara County,California,37.171753,-121.876655,2025-03-02,2025,Hylaeus,interactsWith,bee,general_interaction
Arctostaphylos crustacea subsp. crustacea,Arctostaphylos crustacea,Ericaceae,Arctostaphylos,Santa Clara County,California,37.171753,-121.876655,2025-03-02,2025,Celastrina echo,interactsWith,butterfly,general_interaction
Arctostaphylos crustacea subsp. crustacea,Arctostaphylos crustacea,Ericaceae,Arctostaphylos,Santa Clara County,California,37.171753,-121.876655,2025-03-02,2025,Dialictus,interactsWith,bee,general_interaction
Arctostaphylos crustacea subsp. crustacea,Arctostaphylos crustacea,Ericaceae,Arctostaphylos,Santa Clara County,California,37.171753,-121.876655,2025-03-02,2025,Lasioglossum pacificum,interactsWith,bee,general_interaction
Arctostaphylos crustacea subsp. crustacea,Arctostaphylos crustacea,Ericaceae,Arctostaphylos,Santa Clara County,California,37.171753,-121.876655,2025-03-02,2025,Andrena,interactsWith,bee,general_interaction
Arctostaphylos crustacea subsp. crustacea,Arctostaphylos crustacea,Ericaceae,Arctostaphylos,Santa Clara County,California,37.171753,-121.876655,2025-03-02,2025,Habropoda tristissima,interactsWith,bee,general_interaction
Arctostaphylos crustacea subsp. crustacea,Arctostaphylos crustacea,Ericaceae,Arctostaphylos,Santa Clara County,California,37.171753,-121.876655,2025-03-02,2025,Vanessa cardui,interactsWith,butterfly,general_interaction
Arctostaphylos crustacea subsp. crustacea,Arctostaphylos crustacea,Ericaceae,Arctostaphylos,Santa Clara County,California,37.171753,-121.876655,2025-03-02,2025,Callophrys dumetorum dumetorum,interactsWith,butterfly,general_interaction
Arctostaphylos crustacea subsp. crustacea,Arctostaphylos crustacea,Ericaceae,Arctostaphylos,Santa Clara County,California,37.171753,-121.876655,2025-03-02,2025,Melecta separata callura,interactsWith,bee,general_interaction
Arctostaphylos crustacea subsp. crustacea,Arctostaphylos crustacea,Ericaceae,Arctostaphylos,Santa Clara County,California,37.171753,-121.876655,2025-03-02,2025,Lasioglossum,interactsWith,bee,general_interaction
Arctostaphylos crustacea subsp. crustacea,Arctostaphylos crustacea,Ericaceae,Arctostaphylos,Santa Clara County,California,37.171753,-121.876655,2025-03-02,2025,Apis mellifera,interactsWith,bee,general_interaction
Arctostaphylos crustacea subsp. crustacea,Arctostaphylos crustacea,Ericaceae,Arctostaphylos,Santa Clara County,California,37.171753,-121.876655,2025-03-02,2025,Bombus vosnesenskii,interactsWith,bee,general_interaction
Arctostaphylos crustacea subsp. crustacea,Arctostaphylos crustacea,Ericaceae,Arctostaphylos,Santa Clara County,California,37.171753,-121.876655,2025-03-02,2025,Bombus melanopygus,interactsWith,bee,general_interaction
Arctostaphylos crustacea subsp. crustacea,Arctostaphylos crustacea,Ericaceae,Arctostaphylos,Santa Clara County,California,37.171753,-121.876655,2025-03-02,2025,Nomada,interactsWith,bee,general_interaction
Arctostaphylos crustacea subsp. crustacea,Arctostaphylos crustacea,Ericaceae,Arctostaphylos,Santa Clara County,California,37.171753,-121.876655,2025-03-02,2025,Eucera atriventris,interactsWith,bee,general_interaction
Arctostaphylos crustacea subsp. crustacea,Arctostaphylos crustacea,Ericaceae,Arctostaphylos,Santa Clara County,California,37.171753,-121.876655,2025-03-02,2025,Anthophora pacifica,interactsWith,bee,general_interaction
Vicia sativa subsp. sativa,Vicia sativa,Fabaceae,Vicia,Santa Cruz County,California,36.954817,-122.062693,2025-02-28,2025,Bombus melanopygus,interactsWith,bee,general_interaction
Epilobium canum subsp. canum,Epilobium canum,Onagraceae,Epilobium,Orange County,California,33.806313,-117.711238,2025-04-02,2025,Dialictus,interactsWith,bee,general_interaction
Epilobium canum subsp. canum,Epilobium canum,Onagraceae,Epilobium,Orange County,California,33.806313,-117.711238,2025-04-02,2025,Lasioglossum,interactsWith,bee,general_interaction
Epilobium canum subsp. canum,Epilobium canum,Onagraceae,Epilobium,Orange County,California,33.806313,-117.711238,2025-04-02,2025,Dianthidium dubium,interactsWith,bee,general_interaction
Phacelia cicutaria var. cicutaria,Phacelia cicutaria,Hydrophyllaceae,Phacelia,Kern County,California,35.684917,-118.220278,2025-03-09,2025,Chelostoma phaceliae,interactsWith,bee,general_interaction
Frangula californica subsp. californica,Frangula californica,Rhamnaceae,Frangula,Orange County,California,33.675833,-117.609688,2025-03-24,2025,Andrena (Andrena),interactsWith,bee,general_interaction
Frangula californica subsp. californica,Frangula californica,Rhamnaceae,Frangula,Orange County,California,33.675833,-117.609688,2025-03-24,2025,Bombus sitkensis,interactsWith,bee,general_interaction
Frangula californica subsp. californica,Frangula californica,Rhamnaceae,Frangula,Orange County,California,33.675833,-117.609688,2025-03-24,2025,Celastrina echo,interactsWith,butterfly,general_interaction
Frangula californica subsp. californica,Frangula californica,Rhamnaceae,Frangula,Orange County,California,33.675833,-117.609688,2025-03-24,2025,Phyciodes pulchella pulchella,interactsWith,butterfly,general_interaction
Frangula californica subsp. californica,Frangula californica,Rhamnaceae,Frangula,Orange County,California,33.675833,-117.609688,2025-03-24,2025,Apis mellifera,interactsWith,bee,general_interaction
Frangula californica subsp. californica,Frangula californica,Rhamnaceae,Frangula,Orange County,California,33.675833,-117.609688,2025-03-24,2025,Tharsalea arota,interactsWith,butterfly,general_interaction
Frangula californica subsp. californica,Frangula californica,Rhamnaceae,Frangula,Orange County,California,33.675833,-117.609688,2025-03-24,2025,Colletes slevini,interactsWith,bee,general_interaction
Frangula californica subsp. californica,Frangula californica,Rhamnaceae,Frangula,Orange County,California,33.675833,-117.609688,2025-03-24,2025,Lasioglossum pacificum,interactsWith,bee,general_interaction
Frangula californica subsp. californica,Frangula californica,Rhamnaceae,Frangula,Orange County,California,33.675833,-117.609688,2025-03-24,2025,Lasioglossum,interactsWith,bee,general_interaction
Frangula californica subsp. californica,Frangula californica,Rhamnaceae,Frangula,Orange County,California,33.675833,-117.609688,2025-03-24,2025,Bombus vosnesenskii,interactsWith,bee,general_interaction
Frangula californica subsp. californica,Frangula californica,Rhamnaceae,Frangula,Orange County,California,33.675833,-117.609688,2025-03-24,2025,Melissodes,interactsWith,bee,general_interaction
Frangula californica subsp. californica,Frangula californica,Rhamnaceae,Frangula,Orange County,California,33.675833,-117.609688,2025-03-24,2025,Andrena cerasifolii,interactsWith,bee,general_interaction
Frangula californica subsp. californica,Frangula californica,Rhamnaceae,Frangula,Orange County,California,33.675833,-117.609688,2025-03-24,2025,Bombus flavifrons,interactsWith,bee,general_interaction
Frangula californica subsp. californica,Frangula californica,Rhamnaceae,Frangula,Orange County,California,33.675833,-117.609688,2025-03-24,2025,Hylaeus,interactsWith,bee,general_interaction
Frangula californica subsp. californica,Frangula californica,Rhamnaceae,Frangula,Orange County,California,33.675833,-117.609688,2025-03-24,2025,Andrena,interactsWith,bee,general_interaction
Frangula californica subsp. californica,Frangula californica,Rhamnaceae,Frangula,Orange County,California,33.675833,-117.609688,2025-03-24,2025,Bombus melanopygus,interactsWith,bee,general_interaction
Frangula californica subsp. californica,Frangula californica,Rhamnaceae,Frangula,Orange County,California,33.675833,-117.609688,2025-03-24,2025,Bombus caliginosus,interactsWith,bee,general_interaction
Frangula californica subsp. californica,Frangula californica,Rhamnaceae,Frangula,Orange County,California,33.675833,-117.609688,2025-03-24,2025,Nomada,interactsWith,bee,general_interaction
Vicia sativa subsp. sativa,Vicia sativa,Fabaceae,Vicia,Solano County,California,38.346417,-121.974819,2025-02-26,2025,Bombus melanopygus,interactsWith,bee,general_interaction
Clarkia xantiana subsp. xantiana,Clarkia xantiana,Onagraceae,Clarkia,Kern County,California,35.915099,-118.485892,2025-05-29,2025,Lasioglossum pullilabris,flowersVisitedBy,bee,confirmed_pollination
Epilobium canum subsp. canum,Epilobium canum,Onagraceae,Epilobium,Los Angeles County,California,34.161217,-117.889083,2025-08-23,2025,Dialictus,interactsWith,bee,general_interaction
Epilobium canum subsp. canum,Epilobium canum,Onagraceae,Epilobium,Los Angeles County,California,34.161217,-117.889083,2025-08-23,2025,Lasioglossum,interactsWith,bee,general_interaction
Epilobium canum subsp. canum,Epilobium canum,Onagraceae,Epilobium,Los Angeles County,California,34.161217,-117.889083,2025-08-23,2025,Dianthidium dubium,interactsWith,bee,general_interaction
Phacelia cicutaria var. cicutaria,Phacelia cicutaria,Hydrophyllaceae,Phacelia,Nevada County,California,39.293423,-121.188121,2025-04-10,2025,Chelostoma phaceliae,interactsWith,bee,general_interaction
Brodiaea elegans subsp. elegans,Brodiaea elegans,Asparagaceae,Brodiaea,Sacramento County,California,38.436861,-121.40573,2025-05-03,2025,Strymon melinus,interactsWith,butterfly,general_interaction
Brodiaea elegans subsp. elegans,Brodiaea elegans,Asparagaceae,Brodiaea,Sacramento County,California,38.436861,-121.40573,2025-05-03,2025,Anthophora urbana,interactsWith,bee,general_interaction
Brodiaea elegans subsp. elegans,Brodiaea elegans,Asparagaceae,Brodiaea,Sacramento County,California,38.436861,-121.40573,2025-05-03,2025,Halictus tripartitus,interactsWith,bee,general_interaction
Brodiaea elegans subsp. elegans,Brodiaea elegans,Asparagaceae,Brodiaea,Sacramento County,California,38.436861,-121.40573,2025-05-03,2025,Lasioglossum incompletum,interactsWith,bee,general_interaction
Brodiaea elegans subsp. elegans,Brodiaea elegans,Asparagaceae,Brodiaea,Marin County,California,37.915628,-122.494622,2025-06-07,2025,Strymon melinus,interactsWith,butterfly,general_interaction
Brodiaea elegans subsp. elegans,Brodiaea elegans,Asparagaceae,Brodiaea,Marin County,California,37.915628,-122.494622,2025-06-07,2025,Anthophora urbana,interactsWith,bee,general_interaction
Brodiaea elegans subsp. elegans,Brodiaea elegans,Asparagaceae,Brodiaea,Marin County,California,37.915628,-122.494622,2025-06-07,2025,Halictus tripartitus,interactsWith,bee,general_interaction
Brodiaea elegans subsp. elegans,Brodiaea elegans,Asparagaceae,Brodiaea,Marin County,California,37.915628,-122.494622,2025-06-07,2025,Lasioglossum incompletum,interactsWith,bee,general_interaction
Arctostaphylos crustacea subsp. crustacea,Arctostaphylos crustacea,Ericaceae,Arctostaphylos,Monterey County,California,36.795447,-121.683237,2026-06-27,2026,Andrena (Andrena),interactsWith,bee,general_interaction
Arctostaphylos crustacea subsp. crustacea,Arctostaphylos crustacea,Ericaceae,Arctostaphylos,Monterey County,California,36.795447,-121.683237,2026-06-27,2026,Vanessa annabella,interactsWith,butterfly,general_interaction
Arctostaphylos crustacea subsp. crustacea,Arctostaphylos crustacea,Ericaceae,Arctostaphylos,Monterey County,California,36.795447,-121.683237,2026-06-27,2026,Protosmia rubifloris,interactsWith,bee,general_interaction
Arctostaphylos crustacea subsp. crustacea,Arctostaphylos crustacea,Ericaceae,Arctostaphylos,Monterey County,California,36.795447,-121.683237,2026-06-27,2026,Andrena principalis,interactsWith,bee,general_interaction
Arctostaphylos crustacea subsp. crustacea,Arctostaphylos crustacea,Ericaceae,Arctostaphylos,Monterey County,California,36.795447,-121.683237,2026-06-27,2026,Habropoda depressa,interactsWith,bee,general_interaction
Arctostaphylos crustacea subsp. crustacea,Arctostaphylos crustacea,Ericaceae,Arctostaphylos,Monterey County,California,36.795447,-121.683237,2026-06-27,2026,Hylaeus,interactsWith,bee,general_interaction
Arctostaphylos crustacea subsp. crustacea,Arctostaphylos crustacea,Ericaceae,Arctostaphylos,Monterey County,California,36.795447,-121.683237,2026-06-27,2026,Celastrina echo,interactsWith,butterfly,general_interaction
Arctostaphylos crustacea subsp. crustacea,Arctostaphylos crustacea,Ericaceae,Arctostaphylos,Monterey County,California,36.795447,-121.683237,2026-06-27,2026,Dialictus,interactsWith,bee,general_interaction
Arctostaphylos crustacea subsp. crustacea,Arctostaphylos crustacea,Ericaceae,Arctostaphylos,Monterey County,California,36.795447,-121.683237,2026-06-27,2026,Lasioglossum pacificum,interactsWith,bee,general_interaction
Arctostaphylos crustacea subsp. crustacea,Arctostaphylos crustacea,Ericaceae,Arctostaphylos,Monterey County,California,36.795447,-121.683237,2026-06-27,2026,Andrena,interactsWith,bee,general_interaction
Arctostaphylos crustacea subsp. crustacea,Arctostaphylos crustacea,Ericaceae,Arctostaphylos,Monterey County,California,36.795447,-121.683237,2026-06-27,2026,Habropoda tristissima,interactsWith,bee,general_interaction
Arctostaphylos crustacea subsp. crustacea,Arctostaphylos crustacea,Ericaceae,Arctostaphylos,Monterey County,California,36.795447,-121.683237,2026-06-27,2026,Vanessa cardui,interactsWith,butterfly,general_interaction
Arctostaphylos crustacea subsp. crustacea,Arctostaphylos crustacea,Ericaceae,Arctostaphylos,Monterey County,California,36.795447,-121.683237,2026-06-27,2026,Callophrys dumetorum dumetorum,interactsWith,butterfly,general_interaction
Arctostaphylos crustacea subsp. crustacea,Arctostaphylos crustacea,Ericaceae,Arctostaphylos,Monterey County,California,36.795447,-121.683237,2026-06-27,2026,Melecta separata callura,interactsWith,bee,general_interaction
Arctostaphylos crustacea subsp. crustacea,Arctostaphylos crustacea,Ericaceae,Arctostaphylos,Monterey County,California,36.795447,-121.683237,2026-06-27,2026,Lasioglossum,interactsWith,bee,general_interaction
Arctostaphylos crustacea subsp. crustacea,Arctostaphylos crustacea,Ericaceae,Arctostaphylos,Monterey County,California,36.795447,-121.683237,2026-06-27,2026,Apis mellifera,interactsWith,bee,general_interaction
Arctostaphylos crustacea subsp. crustacea,Arctostaphylos crustacea,Ericaceae,Arctostaphylos,Monterey County,California,36.795447,-121.683237,2026-06-27,2026,Bombus vosnesenskii,interactsWith,bee,general_interaction
Arctostaphylos crustacea subsp. crustacea,Arctostaphylos crustacea,Ericaceae,Arctostaphylos,Monterey County,California,36.795447,-121.683237,2026-06-27,2026,Bombus melanopygus,interactsWith,bee,general_interaction
Arctostaphylos crustacea subsp. crustacea,Arctostaphylos crustacea,Ericaceae,Arctostaphylos,Monterey County,California,36.795447,-121.683237,2026-06-27,2026,Nomada,interactsWith,bee,general_interaction
Arctostaphylos crustacea subsp. crustacea,Arctostaphylos crustacea,Ericaceae,Arctostaphylos,Monterey County,California,36.795447,-121.683237,2026-06-27,2026,Eucera atriventris,interactsWith,bee,general_interaction
Arctostaphylos crustacea subsp. crustacea,Arctostaphylos crustacea,Ericaceae,Arctostaphylos,Monterey County,California,36.795447,-121.683237,2026-06-27,2026,Anthophora pacifica,interactsWith,bee,general_interaction
Vicia sativa subsp. sativa,Vicia sativa,Fabaceae,Vicia,Humboldt County,California,40.959981,-124.116367,2025-05-18,2025,Bombus melanopygus,interactsWith,bee,general_interaction
Triphysaria eriantha subsp. eriantha,Triphysaria eriantha,Orobanchaceae,Triphysaria,Sacramento County,California,38.534828,-121.091025,2026-05-02,2026,Andrena,interactsWith,bee,general_interaction
Triphysaria eriantha subsp. eriantha,Triphysaria eriantha,Orobanchaceae,Triphysaria,Sacramento County,California,38.534828,-121.091025,2026-05-02,2026,Andrena microchlora,interactsWith,bee,general_interaction
Triphysaria eriantha subsp. eriantha,Triphysaria eriantha,Orobanchaceae,Triphysaria,Sutter County,California,39.259057,-121.823127,2025-03-29,2025,Andrena,interactsWith,bee,general_interaction
Triphysaria eriantha subsp. eriantha,Triphysaria eriantha,Orobanchaceae,Triphysaria,Sutter County,California,39.259057,-121.823127,2025-03-29,2025,Andrena microchlora,interactsWith,bee,general_interaction
Delphinium patens subsp. patens,Delphinium patens,Ranunculaceae,Delphinium,San Mateo County,California,37.473908,-122.282487,2025-04-15,2025,Bombus caliginosus,interactsWith,bee,general_interaction
Erysimum capitatum var. capitatum,Erysimum capitatum,Brassicaceae,Erysimum,Riverside County,California,33.773988,-116.677063,2025-06-09,2025,Andrena cressonii infasciata,visitedBy,bee,confirmed_pollination
Erysimum capitatum var. capitatum,Erysimum capitatum,Brassicaceae,Erysimum,Riverside County,California,33.773988,-116.677063,2025-06-09,2025,Lasioglossum sisymbrii,interactsWith,bee,general_interaction
Erysimum capitatum var. capitatum,Erysimum capitatum,Brassicaceae,Erysimum,Riverside County,California,33.773988,-116.677063,2025-06-09,2025,Lasioglossum semicaeruleum,interactsWith,bee,general_interaction
Erysimum capitatum var. capitatum,Erysimum capitatum,Brassicaceae,Erysimum,Riverside County,California,33.773988,-116.677063,2025-06-09,2025,Osmia cordata,interactsWith,bee,general_interaction
Erysimum capitatum var. capitatum,Erysimum capitatum,Brassicaceae,Erysimum,Riverside County,California,33.773988,-116.677063,2025-06-09,2025,Lasioglossum trizonatum,interactsWith,bee,general_interaction
Erysimum capitatum var. capitatum,Erysimum capitatum,Brassicaceae,Erysimum,Riverside County,California,33.773988,-116.677063,2025-06-09,2025,Lasioglossum albipenne,interactsWith,bee,general_interaction
Phacelia cicutaria var. cicutaria,Phacelia cicutaria,Hydrophyllaceae,Phacelia,Tuolumne County,California,37.928775,-120.449958,2025-03-03,2025,Chelostoma phaceliae,interactsWith,bee,general_interaction
Brodiaea elegans subsp. elegans,Brodiaea elegans,Asparagaceae,Brodiaea,El Dorado County,California,38.986642,-120.578513,2025-07-11,2025,Strymon melinus,interactsWith,butterfly,general_interaction
Brodiaea elegans subsp. elegans,Brodiaea elegans,Asparagaceae,Brodiaea,El Dorado County,California,38.986642,-120.578513,2025-07-11,2025,Anthophora urbana,interactsWith,bee,general_interaction
Brodiaea elegans subsp. elegans,Brodiaea elegans,Asparagaceae,Brodiaea,El Dorado County,California,38.986642,-120.578513,2025-07-11,2025,Halictus tripartitus,interactsWith,bee,general_interaction
Brodiaea elegans subsp. elegans,Brodiaea elegans,Asparagaceae,Brodiaea,El Dorado County,California,38.986642,-120.578513,2025-07-11,2025,Lasioglossum incompletum,interactsWith,bee,general_interaction
Ceanothus cuneatus var. cuneatus,Ceanothus cuneatus,Rhamnaceae,Ceanothus,San Mateo County,California,37.504419,-122.298161,2025-02-21,2025,Panurginus,interactsWith,bee,general_interaction
Ceanothus cuneatus var. cuneatus,Ceanothus cuneatus,Rhamnaceae,Ceanothus,San Mateo County,California,37.504419,-122.298161,2025-02-21,2025,Celastrina echo,interactsWith,butterfly,general_interaction
Ceanothus cuneatus var. cuneatus,Ceanothus cuneatus,Rhamnaceae,Ceanothus,San Mateo County,California,37.504419,-122.298161,2025-02-21,2025,Andrena,interactsWith,bee,general_interaction
Triphysaria eriantha subsp. eriantha,Triphysaria eriantha,Orobanchaceae,Triphysaria,Lake County,California,38.82533,-122.347677,2025-03-24,2025,Andrena,interactsWith,bee,general_interaction
Triphysaria eriantha subsp. eriantha,Triphysaria eriantha,Orobanchaceae,Triphysaria,Lake County,California,38.82533,-122.347677,2025-03-24,2025,Andrena microchlora,interactsWith,bee,general_interaction
Epilobium canum subsp. canum,Epilobium canum,Onagraceae,Epilobium,Ventura County,California,34.221188,-118.750625,2025-07-04,2025,Dialictus,interactsWith,bee,general_interaction
Epilobium canum subsp. canum,Epilobium canum,Onagraceae,Epilobium,Ventura County,California,34.221188,-118.750625,2025-07-04,2025,Lasioglossum,interactsWith,bee,general_interaction
Epilobium canum subsp. canum,Epilobium canum,Onagraceae,Epilobium,Ventura County,California,34.221188,-118.750625,2025-07-04,2025,Dianthidium dubium,interactsWith,bee,general_interaction
Brodiaea elegans subsp. elegans,Brodiaea elegans,Asparagaceae,Brodiaea,Shasta County,California,40.557822,-122.5318,2026-06-08,2026,Strymon melinus,interactsWith,butterfly,general_interaction
Brodiaea elegans subsp. elegans,Brodiaea elegans,Asparagaceae,Brodiaea,Shasta County,California,40.557822,-122.5318,2026-06-08,2026,Anthophora urbana,interactsWith,bee,general_interaction
Brodiaea elegans subsp. elegans,Brodiaea elegans,Asparagaceae,Brodiaea,Shasta County,California,40.557822,-122.5318,2026-06-08,2026,Halictus tripartitus,interactsWith,bee,general_interaction
Brodiaea elegans subsp. elegans,Brodiaea elegans,Asparagaceae,Brodiaea,Shasta County,California,40.557822,-122.5318,2026-06-08,2026,Lasioglossum incompletum,interactsWith,bee,general_interaction
Arctostaphylos hookeri subsp. hookeri,Arctostaphylos hookeri,Ericaceae,Arctostaphylos,San Benito County,California,36.921838,-121.632777,2025-07-24,2025,Callophrys augustinus,flowersVisitedBy,butterfly,confirmed_pollination
Arctostaphylos hookeri subsp. hookeri,Arctostaphylos hookeri,Ericaceae,Arctostaphylos,San Benito County,California,36.921838,-121.632777,2025-07-24,2025,Andrena principalis,flowersVisitedBy,bee,confirmed_pollination
Arctostaphylos hookeri subsp. hookeri,Arctostaphylos hookeri,Ericaceae,Arctostaphylos,San Benito County,California,36.921838,-121.632777,2025-07-24,2025,Vanessa atalanta,flowersVisitedBy,butterfly,confirmed_pollination
Arctostaphylos hookeri subsp. hookeri,Arctostaphylos hookeri,Ericaceae,Arctostaphylos,San Benito County,California,36.921838,-121.632777,2025-07-24,2025,Bombus melanopygus,flowersVisitedBy,bee,confirmed_pollination
Arctostaphylos hookeri subsp. hookeri,Arctostaphylos hookeri,Ericaceae,Arctostaphylos,San Benito County,California,36.921838,-121.632777,2025-07-24,2025,Andrena (Andrena),interactsWith,bee,general_interaction
Arctostaphylos hookeri subsp. hookeri,Arctostaphylos hookeri,Ericaceae,Arctostaphylos,San Benito County,California,36.921838,-121.632777,2025-07-24,2025,Callophrys dumetorum dumetorum,interactsWith,butterfly,general_interaction
Arctostaphylos hookeri subsp. hookeri,Arctostaphylos hookeri,Ericaceae,Arctostaphylos,San Benito County,California,36.921838,-121.632777,2025-07-24,2025,Habropoda cineraria,interactsWith,bee,general_interaction
Arctostaphylos hookeri subsp. hookeri,Arctostaphylos hookeri,Ericaceae,Arctostaphylos,San Benito County,California,36.921838,-121.632777,2025-07-24,2025,Andrena melanochroa,interactsWith,bee,general_interaction
Arctostaphylos hookeri subsp. hookeri,Arctostaphylos hookeri,Ericaceae,Arctostaphylos,San Benito County,California,36.921838,-121.632777,2025-07-24,2025,Nymphalis californica,interactsWith,butterfly,general_interaction
Arctostaphylos hookeri subsp. hookeri,Arctostaphylos hookeri,Ericaceae,Arctostaphylos,San Benito County,California,36.921838,-121.632777,2025-07-24,2025,Dialictus,interactsWith,bee,general_interaction
Arctostaphylos hookeri subsp. hookeri,Arctostaphylos hookeri,Ericaceae,Arctostaphylos,San Benito County,California,36.921838,-121.632777,2025-07-24,2025,Bombus vosnesenskii,interactsWith,bee,general_interaction
Arctostaphylos hookeri subsp. hookeri,Arctostaphylos hookeri,Ericaceae,Arctostaphylos,San Benito County,California,36.921838,-121.632777,2025-07-24,2025,Andrena,interactsWith,bee,general_interaction
Arctostaphylos hookeri subsp. hookeri,Arctostaphylos hookeri,Ericaceae,Arctostaphylos,San Benito County,California,36.921838,-121.632777,2025-07-24,2025,Lasioglossum nevadense,interactsWith,bee,general_interaction
Arctostaphylos hookeri subsp. hookeri,Arctostaphylos hookeri,Ericaceae,Arctostaphylos,San Benito County,California,36.921838,-121.632777,2025-07-24,2025,Lasioglossum,interactsWith,bee,general_interaction
Arctostaphylos hookeri subsp. hookeri,Arctostaphylos hookeri,Ericaceae,Arctostaphylos,San Benito County,California,36.921838,-121.632777,2025-07-24,2025,Agapostemon texanus,interactsWith,bee,general_interaction
Arctostaphylos hookeri subsp. hookeri,Arctostaphylos hookeri,Ericaceae,Arctostaphylos,San Benito County,California,36.921838,-121.632777,2025-07-24,2025,Nomada,interactsWith,bee,general_interaction
Arctostaphylos hookeri subsp. hookeri,Arctostaphylos hookeri,Ericaceae,Arctostaphylos,San Benito County,California,36.921838,-121.632777,2025-07-24,2025,Bombus caliginosus,interactsWith,bee,general_interaction
Brodiaea terrestris subsp. terrestris,Brodiaea terrestris,Asparagaceae,Brodiaea,Santa Cruz County,California,37.146563,-122.155523,2026-03-29,2026,Halictus tripartitus,interactsWith,bee,general_interaction
Brodiaea terrestris subsp. terrestris,Brodiaea terrestris,Asparagaceae,Brodiaea,Santa Cruz County,California,37.146563,-122.155523,2026-03-29,2026,Lasioglossum,interactsWith,bee,general_interaction
Brodiaea terrestris subsp. terrestris,Brodiaea terrestris,Asparagaceae,Brodiaea,Santa Cruz County,California,37.146563,-122.155523,2026-03-29,2026,Osmia nemoris,interactsWith,bee,general_interaction
Brodiaea terrestris subsp. terrestris,Brodiaea terrestris,Asparagaceae,Brodiaea,Santa Cruz County,California,37.146563,-122.155523,2026-03-29,2026,Dialictus,interactsWith,bee,general_interaction
Amsinckia spectabilis var. spectabilis,Amsinckia spectabilis,Boraginaceae,Amsinckia,Monterey County,California,36.649707,-121.791797,2025-05-14,2025,Bombus vosnesenskii,interactsWith,bee,general_interaction
Amsinckia spectabilis var. spectabilis,Amsinckia spectabilis,Boraginaceae,Amsinckia,Monterey County,California,36.649707,-121.791797,2025-05-14,2025,Habropoda tristissima,interactsWith,bee,general_interaction
Brodiaea elegans subsp. elegans,Brodiaea elegans,Asparagaceae,Brodiaea,Sierra County,California,39.354888,-120.730095,2025-06-21,2025,Strymon melinus,interactsWith,butterfly,general_interaction
Brodiaea elegans subsp. elegans,Brodiaea elegans,Asparagaceae,Brodiaea,Sierra County,California,39.354888,-120.730095,2025-06-21,2025,Anthophora urbana,interactsWith,bee,general_interaction
Brodiaea elegans subsp. elegans,Brodiaea elegans,Asparagaceae,Brodiaea,Sierra County,California,39.354888,-120.730095,2025-06-21,2025,Halictus tripartitus,interactsWith,bee,general_interaction
Brodiaea elegans subsp. elegans,Brodiaea elegans,Asparagaceae,Brodiaea,Sierra County,California,39.354888,-120.730095,2025-06-21,2025,Lasioglossum incompletum,interactsWith,bee,general_interaction
Calystegia purpurata subsp. purpurata,Convolvulus purpuratus,Convolvulaceae,Convolvulus,Santa Clara County,California,37.397578,-121.805581,2026-03-14,2026,Poanes melane,interactsWith,butterfly,general_interaction
Calystegia purpurata subsp. purpurata,Convolvulus purpuratus,Convolvulaceae,Convolvulus,Santa Clara County,California,37.397578,-121.805581,2026-03-14,2026,Apis mellifera,interactsWith,bee,general_interaction
Calystegia purpurata subsp. purpurata,Convolvulus purpuratus,Convolvulaceae,Convolvulus,Santa Clara County,California,37.397578,-121.805581,2026-03-14,2026,Bombus vosnesenskii,interactsWith,bee,general_interaction
Calystegia purpurata subsp. purpurata,Convolvulus purpuratus,Convolvulaceae,Convolvulus,Santa Clara County,California,37.397578,-121.805581,2026-03-14,2026,Agapostemon texanus,interactsWith,bee,general_interaction
Calystegia purpurata subsp. purpurata,Convolvulus purpuratus,Convolvulaceae,Convolvulus,Santa Clara County,California,37.397578,-121.805581,2026-03-14,2026,Bombus melanopygus,interactsWith,bee,general_interaction
Calystegia purpurata subsp. purpurata,Convolvulus purpuratus,Convolvulaceae,Convolvulus,Santa Clara County,California,37.397578,-121.805581,2026-03-14,2026,Bombus caliginosus,interactsWith,bee,general_interaction
Calystegia purpurata subsp. purpurata,Convolvulus purpuratus,Convolvulaceae,Convolvulus,Santa Clara County,California,37.397578,-121.805581,2026-03-14,2026,Diadasia bituberculata,interactsWith,bee,general_interaction
Calystegia purpurata subsp. purpurata,Convolvulus purpuratus,Convolvulaceae,Convolvulus,Santa Clara County,California,37.397578,-121.805581,2026-03-14,2026,Megachile perihirta,interactsWith,bee,general_interaction
Brodiaea terrestris subsp. terrestris,Brodiaea terrestris,Asparagaceae,Brodiaea,San Mateo County,California,37.459523,-122.287582,2026-04-11,2026,Halictus tripartitus,interactsWith,bee,general_interaction
Brodiaea terrestris subsp. terrestris,Brodiaea terrestris,Asparagaceae,Brodiaea,San Mateo County,California,37.459523,-122.287582,2026-04-11,2026,Lasioglossum,interactsWith,bee,general_interaction
Brodiaea terrestris subsp. terrestris,Brodiaea terrestris,Asparagaceae,Brodiaea,San Mateo County,California,37.459523,-122.287582,2026-04-11,2026,Osmia nemoris,interactsWith,bee,general_interaction
Brodiaea terrestris subsp. terrestris,Brodiaea terrestris,Asparagaceae,Brodiaea,San Mateo County,California,37.459523,-122.287582,2026-04-11,2026,Dialictus,interactsWith,bee,general_interaction
Adenostoma fasciculatum var. fasciculatum,Adenostoma fasciculatum,Rosaceae,Adenostoma,Monterey County,California,36.801375,-121.683083,2025-07-24,2025,Andrena bucculenta,interactsWith,bee,general_interaction
Adenostoma fasciculatum var. fasciculatum,Adenostoma fasciculatum,Rosaceae,Adenostoma,Monterey County,California,36.801375,-121.683083,2025-07-24,2025,Andrena (Andrena),interactsWith,bee,general_interaction
Adenostoma fasciculatum var. fasciculatum,Adenostoma fasciculatum,Rosaceae,Adenostoma,Monterey County,California,36.801375,-121.683083,2025-07-24,2025,Chelostoma incisulum,interactsWith,bee,general_interaction
Adenostoma fasciculatum var. fasciculatum,Adenostoma fasciculatum,Rosaceae,Adenostoma,Monterey County,California,36.801375,-121.683083,2025-07-24,2025,Colletes,interactsWith,bee,general_interaction
Adenostoma fasciculatum var. fasciculatum,Adenostoma fasciculatum,Rosaceae,Adenostoma,Monterey County,California,36.801375,-121.683083,2025-07-24,2025,Dialictus,interactsWith,bee,general_interaction
Adenostoma fasciculatum var. fasciculatum,Adenostoma fasciculatum,Rosaceae,Adenostoma,Monterey County,California,36.801375,-121.683083,2025-07-24,2025,Heriades occidentalis,interactsWith,bee,general_interaction
Adenostoma fasciculatum var. fasciculatum,Adenostoma fasciculatum,Rosaceae,Adenostoma,Monterey County,California,36.801375,-121.683083,2025-07-24,2025,Bombus caliginosus,interactsWith,bee,general_interaction
Adenostoma fasciculatum var. fasciculatum,Adenostoma fasciculatum,Rosaceae,Adenostoma,Monterey County,California,36.801375,-121.683083,2025-07-24,2025,Habrodais grunus,interactsWith,butterfly,general_interaction
Adenostoma fasciculatum var. fasciculatum,Adenostoma fasciculatum,Rosaceae,Adenostoma,Monterey County,California,36.801375,-121.683083,2025-07-24,2025,Andrena principalis,interactsWith,bee,general_interaction
Adenostoma fasciculatum var. fasciculatum,Adenostoma fasciculatum,Rosaceae,Adenostoma,Monterey County,California,36.801375,-121.683083,2025-07-24,2025,Andrena cerasifolii,interactsWith,bee,general_interaction
Adenostoma fasciculatum var. fasciculatum,Adenostoma fasciculatum,Rosaceae,Adenostoma,Monterey County,California,36.801375,-121.683083,2025-07-24,2025,Bombus melanopygus,interactsWith,bee,general_interaction
Adenostoma fasciculatum var. fasciculatum,Adenostoma fasciculatum,Rosaceae,Adenostoma,Monterey County,California,36.801375,-121.683083,2025-07-24,2025,Hylaeus,interactsWith,bee,general_interaction
Adenostoma fasciculatum var. fasciculatum,Adenostoma fasciculatum,Rosaceae,Adenostoma,Monterey County,California,36.801375,-121.683083,2025-07-24,2025,Bombus occidentalis,interactsWith,bee,general_interaction
Adenostoma fasciculatum var. fasciculatum,Adenostoma fasciculatum,Rosaceae,Adenostoma,Monterey County,California,36.801375,-121.683083,2025-07-24,2025,Xeromelecta californica,interactsWith,bee,general_interaction
Adenostoma fasciculatum var. fasciculatum,Adenostoma fasciculatum,Rosaceae,Adenostoma,Monterey County,California,36.801375,-121.683083,2025-07-24,2025,Ochlodes sylvanoides,interactsWith,butterfly,general_interaction
Adenostoma fasciculatum var. fasciculatum,Adenostoma fasciculatum,Rosaceae,Adenostoma,Monterey County,California,36.801375,-121.683083,2025-07-24,2025,Bombus vosnesenskii,interactsWith,bee,general_interaction
Adenostoma fasciculatum var. fasciculatum,Adenostoma fasciculatum,Rosaceae,Adenostoma,Monterey County,California,36.801375,-121.683083,2025-07-24,2025,Andrena,interactsWith,bee,general_interaction
Adenostoma fasciculatum var. fasciculatum,Adenostoma fasciculatum,Rosaceae,Adenostoma,Monterey County,California,36.801375,-121.683083,2025-07-24,2025,Satyrium saepium chalcis,interactsWith,butterfly,general_interaction
Adenostoma fasciculatum var. fasciculatum,Adenostoma fasciculatum,Rosaceae,Adenostoma,Monterey County,California,36.801375,-121.683083,2025-07-24,2025,Lasioglossum,interactsWith,bee,general_interaction
Adenostoma fasciculatum var. fasciculatum,Adenostoma fasciculatum,Rosaceae,Adenostoma,Monterey County,California,36.801375,-121.683083,2025-07-24,2025,Sphecodes,interactsWith,bee,general_interaction
Adenostoma fasciculatum var. fasciculatum,Adenostoma fasciculatum,Rosaceae,Adenostoma,Monterey County,California,36.801375,-121.683083,2025-07-24,2025,Andrena saccata,interactsWith,bee,general_interaction
Thermopsis californica var. californica,Thermopsis californica,Fabaceae,Thermopsis,Santa Clara County,California,37.3284,-121.681725,2026-04-09,2026,Bombus vosnesenskii,interactsWith,bee,general_interaction
Thermopsis californica var. californica,Thermopsis californica,Fabaceae,Thermopsis,Santa Clara County,California,37.3284,-121.681725,2026-04-09,2026,Megachile gemula,interactsWith,bee,general_interaction
Thermopsis californica var. californica,Thermopsis californica,Fabaceae,Thermopsis,Santa Clara County,California,37.3284,-121.681725,2026-04-09,2026,Xylocopa tabaniformis orpifex,interactsWith,bee,general_interaction
Arctostaphylos hookeri subsp. hookeri,Arctostaphylos hookeri,Ericaceae,Arctostaphylos,Santa Cruz County,California,36.97252,-121.757951,2026-04-13,2026,Callophrys augustinus,flowersVisitedBy,butterfly,confirmed_pollination
Arctostaphylos hookeri subsp. hookeri,Arctostaphylos hookeri,Ericaceae,Arctostaphylos,Santa Cruz County,California,36.97252,-121.757951,2026-04-13,2026,Andrena principalis,flowersVisitedBy,bee,confirmed_pollination
Arctostaphylos hookeri subsp. hookeri,Arctostaphylos hookeri,Ericaceae,Arctostaphylos,Santa Cruz County,California,36.97252,-121.757951,2026-04-13,2026,Vanessa atalanta,flowersVisitedBy,butterfly,confirmed_pollination
Arctostaphylos hookeri subsp. hookeri,Arctostaphylos hookeri,Ericaceae,Arctostaphylos,Santa Cruz County,California,36.97252,-121.757951,2026-04-13,2026,Bombus melanopygus,flowersVisitedBy,bee,confirmed_pollination
Arctostaphylos hookeri subsp. hookeri,Arctostaphylos hookeri,Ericaceae,Arctostaphylos,Santa Cruz County,California,36.97252,-121.757951,2026-04-13,2026,Andrena (Andrena),interactsWith,bee,general_interaction
Arctostaphylos hookeri subsp. hookeri,Arctostaphylos hookeri,Ericaceae,Arctostaphylos,Santa Cruz County,California,36.97252,-121.757951,2026-04-13,2026,Callophrys dumetorum dumetorum,interactsWith,butterfly,general_interaction
Arctostaphylos hookeri subsp. hookeri,Arctostaphylos hookeri,Ericaceae,Arctostaphylos,Santa Cruz County,California,36.97252,-121.757951,2026-04-13,2026,Habropoda cineraria,interactsWith,bee,general_interaction
Arctostaphylos hookeri subsp. hookeri,Arctostaphylos hookeri,Ericaceae,Arctostaphylos,Santa Cruz County,California,36.97252,-121.757951,2026-04-13,2026,Andrena melanochroa,interactsWith,bee,general_interaction
Arctostaphylos hookeri subsp. hookeri,Arctostaphylos hookeri,Ericaceae,Arctostaphylos,Santa Cruz County,California,36.97252,-121.757951,2026-04-13,2026,Nymphalis californica,interactsWith,butterfly,general_interaction
Arctostaphylos hookeri subsp. hookeri,Arctostaphylos hookeri,Ericaceae,Arctostaphylos,Santa Cruz County,California,36.97252,-121.757951,2026-04-13,2026,Dialictus,interactsWith,bee,general_interaction
Arctostaphylos hookeri subsp. hookeri,Arctostaphylos hookeri,Ericaceae,Arctostaphylos,Santa Cruz County,California,36.97252,-121.757951,2026-04-13,2026,Bombus vosnesenskii,interactsWith,bee,general_interaction
Arctostaphylos hookeri subsp. hookeri,Arctostaphylos hookeri,Ericaceae,Arctostaphylos,Santa Cruz County,California,36.97252,-121.757951,2026-04-13,2026,Andrena,interactsWith,bee,general_interaction
Arctostaphylos hookeri subsp. hookeri,Arctostaphylos hookeri,Ericaceae,Arctostaphylos,Santa Cruz County,California,36.97252,-121.757951,2026-04-13,2026,Lasioglossum nevadense,interactsWith,bee,general_interaction
Arctostaphylos hookeri subsp. hookeri,Arctostaphylos hookeri,Ericaceae,Arctostaphylos,Santa Cruz County,California,36.97252,-121.757951,2026-04-13,2026,Lasioglossum,interactsWith,bee,general_interaction
Arctostaphylos hookeri subsp. hookeri,Arctostaphylos hookeri,Ericaceae,Arctostaphylos,Santa Cruz County,California,36.97252,-121.757951,2026-04-13,2026,Agapostemon texanus,interactsWith,bee,general_interaction
Arctostaphylos hookeri subsp. hookeri,Arctostaphylos hookeri,Ericaceae,Arctostaphylos,Santa Cruz County,California,36.97252,-121.757951,2026-04-13,2026,Nomada,interactsWith,bee,general_interaction
Arctostaphylos hookeri subsp. hookeri,Arctostaphylos hookeri,Ericaceae,Arctostaphylos,Santa Cruz County,California,36.97252,-121.757951,2026-04-13,2026,Bombus caliginosus,interactsWith,bee,general_interaction
Camissonia campestris subsp. campestris,Camissonia campestris,Onagraceae,Camissonia,Kern County,California,35.020399,-118.364201,2025-05-24,2025,Andrena siccata,flowersVisitedBy,bee,confirmed_pollination
Holodiscus discolor var. discolor,Holodiscus discolor,Rosaceae,Holodiscus,Santa Clara County,California,37.331094,-122.114536,2025-12-05,2025,Andrena bucculenta,interactsWith,bee,general_interaction
Holodiscus discolor var. discolor,Holodiscus discolor,Rosaceae,Holodiscus,Santa Clara County,California,37.331094,-122.114536,2025-12-05,2025,Andrena (Andrena),interactsWith,bee,general_interaction
Holodiscus discolor var. discolor,Holodiscus discolor,Rosaceae,Holodiscus,Santa Clara County,California,37.331094,-122.114536,2025-12-05,2025,Sphecodes,interactsWith,bee,general_interaction
Holodiscus discolor var. discolor,Holodiscus discolor,Rosaceae,Holodiscus,Santa Clara County,California,37.331094,-122.114536,2025-12-05,2025,Hylaeus punctatus,interactsWith,bee,general_interaction
Holodiscus discolor var. discolor,Holodiscus discolor,Rosaceae,Holodiscus,Santa Clara County,California,37.331094,-122.114536,2025-12-05,2025,Lasioglossum,interactsWith,bee,general_interaction
Holodiscus discolor var. discolor,Holodiscus discolor,Rosaceae,Holodiscus,Santa Clara County,California,37.331094,-122.114536,2025-12-05,2025,Nomada,interactsWith,bee,general_interaction
Holodiscus discolor var. discolor,Holodiscus discolor,Rosaceae,Holodiscus,Santa Clara County,California,37.331094,-122.114536,2025-12-05,2025,Halictus tripartitus,interactsWith,bee,general_interaction
Holodiscus discolor var. discolor,Holodiscus discolor,Rosaceae,Holodiscus,Santa Clara County,California,37.331094,-122.114536,2025-12-05,2025,Hylaeus,interactsWith,bee,general_interaction
Holodiscus discolor var. discolor,Holodiscus discolor,Rosaceae,Holodiscus,Santa Clara County,California,37.331094,-122.114536,2025-12-05,2025,Andrena knuthiana,interactsWith,bee,general_interaction
Holodiscus discolor var. discolor,Holodiscus discolor,Rosaceae,Holodiscus,Santa Clara County,California,37.331094,-122.114536,2025-12-05,2025,Andrena,interactsWith,bee,general_interaction
Holodiscus discolor var. discolor,Holodiscus discolor,Rosaceae,Holodiscus,Santa Clara County,California,37.331094,-122.114536,2025-12-05,2025,Bombus vosnesenskii,interactsWith,bee,general_interaction
Lupinus albifrons var. albifrons,Lupinus albifrons,Fabaceae,Lupinus,San Mateo County,California,37.46963,-122.27658,2025-03-03,2025,Hylephila phylaeus,visitedBy,butterfly,confirmed_pollination
Lupinus albifrons var. albifrons,Lupinus albifrons,Fabaceae,Lupinus,San Mateo County,California,37.46963,-122.27658,2025-03-03,2025,Osmia brevis,interactsWith,bee,general_interaction
Lupinus albifrons var. albifrons,Lupinus albifrons,Fabaceae,Lupinus,San Mateo County,California,37.46963,-122.27658,2025-03-03,2025,Melecta edwardsii,interactsWith,bee,general_interaction
Lupinus albifrons var. albifrons,Lupinus albifrons,Fabaceae,Lupinus,San Mateo County,California,37.46963,-122.27658,2025-03-03,2025,Protosmia rubifloris,interactsWith,bee,general_interaction
Lupinus albifrons var. albifrons,Lupinus albifrons,Fabaceae,Lupinus,San Mateo County,California,37.46963,-122.27658,2025-03-03,2025,Xylocopa tabaniformis orpifex,interactsWith,bee,general_interaction
Lupinus albifrons var. albifrons,Lupinus albifrons,Fabaceae,Lupinus,San Mateo County,California,37.46963,-122.27658,2025-03-03,2025,Apodemia mormo mormo,interactsWith,butterfly,general_interaction
Lupinus albifrons var. albifrons,Lupinus albifrons,Fabaceae,Lupinus,San Mateo County,California,37.46963,-122.27658,2025-03-03,2025,Bombus melanopygus,interactsWith,bee,general_interaction
Lupinus albifrons var. albifrons,Lupinus albifrons,Fabaceae,Lupinus,San Mateo County,California,37.46963,-122.27658,2025-03-03,2025,Eucera lunata,interactsWith,bee,general_interaction
Lupinus albifrons var. albifrons,Lupinus albifrons,Fabaceae,Lupinus,San Mateo County,California,37.46963,-122.27658,2025-03-03,2025,Habropoda tristissima,interactsWith,bee,general_interaction
Lupinus albifrons var. albifrons,Lupinus albifrons,Fabaceae,Lupinus,San Mateo County,California,37.46963,-122.27658,2025-03-03,2025,Callophrys dumetorum dumetorum,interactsWith,butterfly,general_interaction
Lupinus albifrons var. albifrons,Lupinus albifrons,Fabaceae,Lupinus,San Mateo County,California,37.46963,-122.27658,2025-03-03,2025,Habropoda miserabilis,interactsWith,bee,general_interaction
Lupinus albifrons var. albifrons,Lupinus albifrons,Fabaceae,Lupinus,San Mateo County,California,37.46963,-122.27658,2025-03-03,2025,Dialictus,interactsWith,bee,general_interaction
Lupinus albifrons var. albifrons,Lupinus albifrons,Fabaceae,Lupinus,San Mateo County,California,37.46963,-122.27658,2025-03-03,2025,Bombus caliginosus,interactsWith,bee,general_interaction
Lupinus albifrons var. albifrons,Lupinus albifrons,Fabaceae,Lupinus,San Mateo County,California,37.46963,-122.27658,2025-03-03,2025,Erynnis pacuvius,interactsWith,butterfly,general_interaction
Lupinus albifrons var. albifrons,Lupinus albifrons,Fabaceae,Lupinus,San Mateo County,California,37.46963,-122.27658,2025-03-03,2025,Eucera frater albopilosa,interactsWith,bee,general_interaction
Lupinus albifrons var. albifrons,Lupinus albifrons,Fabaceae,Lupinus,San Mateo County,California,37.46963,-122.27658,2025-03-03,2025,Strymon melinus,interactsWith,butterfly,general_interaction
Lupinus albifrons var. albifrons,Lupinus albifrons,Fabaceae,Lupinus,San Mateo County,California,37.46963,-122.27658,2025-03-03,2025,Lasioglossum mellipes,interactsWith,bee,general_interaction
Lupinus albifrons var. albifrons,Lupinus albifrons,Fabaceae,Lupinus,San Mateo County,California,37.46963,-122.27658,2025-03-03,2025,Bombus vosnesenskii,interactsWith,bee,general_interaction
Ceanothus thyrsiflorus var. thyrsiflorus,Ceanothus thyrsiflorus,Rhamnaceae,Ceanothus,San Mateo County,California,37.576309,-122.465698,2025-04-27,2025,Andrena,interactsWith,bee,general_interaction
Ceanothus thyrsiflorus var. thyrsiflorus,Ceanothus thyrsiflorus,Rhamnaceae,Ceanothus,San Mateo County,California,37.576309,-122.465698,2025-04-27,2025,Callophrys dumetorum dumetorum,interactsWith,butterfly,general_interaction
Ceanothus thyrsiflorus var. thyrsiflorus,Ceanothus thyrsiflorus,Rhamnaceae,Ceanothus,San Mateo County,California,37.576309,-122.465698,2025-04-27,2025,Celastrina echo,interactsWith,butterfly,general_interaction
Ceanothus thyrsiflorus var. thyrsiflorus,Ceanothus thyrsiflorus,Rhamnaceae,Ceanothus,San Mateo County,California,37.576309,-122.465698,2025-04-27,2025,Nomada,interactsWith,bee,general_interaction
Ceanothus thyrsiflorus var. thyrsiflorus,Ceanothus thyrsiflorus,Rhamnaceae,Ceanothus,San Mateo County,California,37.576309,-122.465698,2025-04-27,2025,Dialictus,interactsWith,bee,general_interaction
Ceanothus thyrsiflorus var. thyrsiflorus,Ceanothus thyrsiflorus,Rhamnaceae,Ceanothus,San Mateo County,California,37.576309,-122.465698,2025-04-27,2025,Andrena chlorogaster,interactsWith,bee,general_interaction
Ceanothus thyrsiflorus var. thyrsiflorus,Ceanothus thyrsiflorus,Rhamnaceae,Ceanothus,San Mateo County,California,37.576309,-122.465698,2025-04-27,2025,Panurginus,interactsWith,bee,general_interaction
Ceanothus thyrsiflorus var. thyrsiflorus,Ceanothus thyrsiflorus,Rhamnaceae,Ceanothus,San Mateo County,California,37.576309,-122.465698,2025-04-27,2025,Hylaeus,interactsWith,bee,general_interaction
Ceanothus thyrsiflorus var. thyrsiflorus,Ceanothus thyrsiflorus,Rhamnaceae,Ceanothus,San Mateo County,California,37.576309,-122.465698,2025-04-27,2025,Andrena angustitarsata,interactsWith,bee,general_interaction
Collinsia bartsiifolia var. bartsiifolia,Collinsia bartsiifolia,Plantaginaceae,Collinsia,Santa Cruz County,California,37.0816,-122.059138,2025-04-27,2025,Bombus vosnesenskii,flowersVisitedBy,bee,confirmed_pollination
Brodiaea elegans subsp. elegans,Brodiaea elegans,Asparagaceae,Brodiaea,Del Norte County,California,41.790853,-124.082337,2025-07-11,2025,Strymon melinus,interactsWith,butterfly,general_interaction
Brodiaea elegans subsp. elegans,Brodiaea elegans,Asparagaceae,Brodiaea,Del Norte County,California,41.790853,-124.082337,2025-07-11,2025,Anthophora urbana,interactsWith,bee,general_interaction
Brodiaea elegans subsp. elegans,Brodiaea elegans,Asparagaceae,Brodiaea,Del Norte County,California,41.790853,-124.082337,2025-07-11,2025,Halictus tripartitus,interactsWith,bee,general_interaction
Brodiaea elegans subsp. elegans,Brodiaea elegans,Asparagaceae,Brodiaea,Del Norte County,California,41.790853,-124.082337,2025-07-11,2025,Lasioglossum incompletum,interactsWith,bee,general_interaction
Delphinium patens subsp. patens,Delphinium patens,Ranunculaceae,Delphinium,Santa Clara County,California,37.16481,-121.85015,2026-03-09,2026,Bombus caliginosus,interactsWith,bee,general_interaction
Vicia sativa subsp. sativa,Vicia sativa,Fabaceae,Vicia,San Luis Obispo County,California,35.224903,-120.696022,2025-04-10,2025,Bombus melanopygus,interactsWith,bee,general_interaction
Brodiaea terrestris subsp. terrestris,Brodiaea terrestris,Asparagaceae,Brodiaea,Solano County,California,38.274014,-121.824325,2026-03-22,2026,Halictus tripartitus,interactsWith,bee,general_interaction
Brodiaea terrestris subsp. terrestris,Brodiaea terrestris,Asparagaceae,Brodiaea,Solano County,California,38.274014,-121.824325,2026-03-22,2026,Lasioglossum,interactsWith,bee,general_interaction
Brodiaea terrestris subsp. terrestris,Brodiaea terrestris,Asparagaceae,Brodiaea,Solano County,California,38.274014,-121.824325,2026-03-22,2026,Osmia nemoris,interactsWith,bee,general_interaction
Brodiaea terrestris subsp. terrestris,Brodiaea terrestris,Asparagaceae,Brodiaea,Solano County,California,38.274014,-121.824325,2026-03-22,2026,Dialictus,interactsWith,bee,general_interaction
Hosackia crassifolia var. crassifolia,Hosackia crassifolia,Fabaceae,Hosackia,Contra Costa County,California,37.880742,-121.916953,2025-05-10,2025,Bombus vosnesenskii,flowersVisitedBy,bee,confirmed_pollination
Triphysaria eriantha subsp. eriantha,Triphysaria eriantha,Orobanchaceae,Triphysaria,Tehama County,California,40.105953,-122.038078,2025-03-05,2025,Andrena,interactsWith,bee,general_interaction
Triphysaria eriantha subsp. eriantha,Triphysaria eriantha,Orobanchaceae,Triphysaria,Tehama County,California,40.105953,-122.038078,2025-03-05,2025,Andrena microchlora,interactsWith,bee,general_interaction
Vicia sativa subsp. sativa,Vicia sativa,Fabaceae,Vicia,Alameda County,California,37.798858,-122.262194,2025-04-15,2025,Bombus melanopygus,interactsWith,bee,general_interaction
Vicia villosa subsp. villosa,Vicia villosa,Fabaceae,Vicia,Napa County,California,38.502208,-122.466195,2025-06-11,2025,Bombus californicus,interactsWith,bee,general_interaction
Vicia villosa subsp. villosa,Vicia villosa,Fabaceae,Vicia,Napa County,California,38.502208,-122.466195,2025-06-11,2025,Bombus vosnesenskii,interactsWith,bee,general_interaction
Cirsium occidentale var. occidentale,Cirsium occidentale,Asteraceae,Cirsium,Orange County,California,33.600057,-117.755453,2026-04-17,2026,Bombus vosnesenskii,interactsWith,bee,general_interaction
Cirsium occidentale var. occidentale,Cirsium occidentale,Asteraceae,Cirsium,Orange County,California,33.600057,-117.755453,2026-04-17,2026,Bombus californicus,interactsWith,bee,general_interaction
Cirsium occidentale var. occidentale,Cirsium occidentale,Asteraceae,Cirsium,Orange County,California,33.600057,-117.755453,2026-04-17,2026,Bombus melanopygus,interactsWith,bee,general_interaction
Cirsium occidentale var. occidentale,Cirsium occidentale,Asteraceae,Cirsium,Orange County,California,33.600057,-117.755453,2026-04-17,2026,Bombus crotchii,interactsWith,bee,general_interaction
Brodiaea elegans subsp. elegans,Brodiaea elegans,Asparagaceae,Brodiaea,Butte County,California,39.77299,-121.783765,2026-05-05,2026,Strymon melinus,interactsWith,butterfly,general_interaction
Brodiaea elegans subsp. elegans,Brodiaea elegans,Asparagaceae,Brodiaea,Butte County,California,39.77299,-121.783765,2026-05-05,2026,Anthophora urbana,interactsWith,bee,general_interaction
Brodiaea elegans subsp. elegans,Brodiaea elegans,Asparagaceae,Brodiaea,Butte County,California,39.77299,-121.783765,2026-05-05,2026,Halictus tripartitus,interactsWith,bee,general_interaction
Brodiaea elegans subsp. elegans,Brodiaea elegans,Asparagaceae,Brodiaea,Butte County,California,39.77299,-121.783765,2026-05-05,2026,Lasioglossum incompletum,interactsWith,bee,general_interaction
Cirsium occidentale var. occidentale,Cirsium occidentale,Asteraceae,Cirsium,Los Angeles County,California,33.339608,-118.45623,2026-02-14,2026,Bombus vosnesenskii,interactsWith,bee,general_interaction
Cirsium occidentale var. occidentale,Cirsium occidentale,Asteraceae,Cirsium,Los Angeles County,California,33.339608,-118.45623,2026-02-14,2026,Bombus californicus,interactsWith,bee,general_interaction
Cirsium occidentale var. occidentale,Cirsium occidentale,Asteraceae,Cirsium,Los Angeles County,California,33.339608,-118.45623,2026-02-14,2026,Bombus melanopygus,interactsWith,bee,general_interaction
Cirsium occidentale var. occidentale,Cirsium occidentale,Asteraceae,Cirsium,Los Angeles County,California,33.339608,-118.45623,2026-02-14,2026,Bombus crotchii,interactsWith,bee,general_interaction
Acmispon decumbens var. decumbens,Acmispon decumbens,Fabaceae,Acmispon,San Diego County,California,32.857323,-116.445081,2025-07-20,2025,Bombus melanopygus,flowersVisitedBy,bee,confirmed_pollination
Triphysaria eriantha subsp. eriantha,Triphysaria eriantha,Orobanchaceae,Triphysaria,Mendocino County,California,39.18724,-123.227439,2025-03-22,2025,Andrena,interactsWith,bee,general_interaction
Triphysaria eriantha subsp. eriantha,Triphysaria eriantha,Orobanchaceae,Triphysaria,Mendocino County,California,39.18724,-123.227439,2025-03-22,2025,Andrena microchlora,interactsWith,bee,general_interaction
Chloropyron maritimum subsp. maritimum,Chloropyron maritimum,Orobanchaceae,Chloropyron,Orange County,California,33.787803,-117.875,2025-06-17,2025,Anthidium edwardsii,interactsWith,bee,general_interaction
Triteleia ixioides subsp. ixioides,Triteleia ixioides,Asparagaceae,Triteleia,Santa Cruz County,California,37.006067,-121.978188,2025-05-26,2025,Eucera edwardsii,interactsWith,bee,general_interaction
Triteleia ixioides subsp. ixioides,Triteleia ixioides,Asparagaceae,Triteleia,Santa Cruz County,California,37.006067,-121.978188,2025-05-26,2025,Halictus tripartitus,interactsWith,bee,general_interaction
Triteleia ixioides subsp. ixioides,Triteleia ixioides,Asparagaceae,Triteleia,Santa Cruz County,California,37.006067,-121.978188,2025-05-26,2025,Bombus caliginosus,interactsWith,bee,general_interaction
Triteleia ixioides subsp. ixioides,Triteleia ixioides,Asparagaceae,Triteleia,Santa Cruz County,California,37.006067,-121.978188,2025-05-26,2025,Anthophora urbana,interactsWith,bee,general_interaction
Triteleia ixioides subsp. ixioides,Triteleia ixioides,Asparagaceae,Triteleia,Santa Cruz County,California,37.006067,-121.978188,2025-05-26,2025,Osmia nemoris,interactsWith,bee,general_interaction
Triteleia ixioides subsp. ixioides,Triteleia ixioides,Asparagaceae,Triteleia,Santa Cruz County,California,37.006067,-121.978188,2025-05-26,2025,Bombus californicus,interactsWith,bee,general_interaction
Triphysaria eriantha subsp. eriantha,Triphysaria eriantha,Orobanchaceae,Triphysaria,Napa County,California,38.272908,-122.239319,2025-03-21,2025,Andrena,interactsWith,bee,general_interaction
Triphysaria eriantha subsp. eriantha,Triphysaria eriantha,Orobanchaceae,Triphysaria,Napa County,California,38.272908,-122.239319,2025-03-21,2025,Andrena microchlora,interactsWith,bee,general_interaction
Fritillaria affinis var. affinis,Fritillaria affinis,Liliaceae,Fritillaria,San Mateo County,California,37.42777,-122.348648,2025-03-25,2025,Andrena saccata,pollinatedBy,bee,confirmed_pollination
Fritillaria affinis var. affinis,Fritillaria affinis,Liliaceae,Fritillaria,San Mateo County,California,37.42777,-122.348648,2025-03-25,2025,Andrena,interactsWith,bee,general_interaction
Lasthenia californica subsp. californica,Lasthenia californica,Asteraceae,Lasthenia,San Mateo County,California,37.465322,-122.295953,2026-04-11,2026,Andrena angustella,flowersVisitedBy,bee,confirmed_pollination
Lasthenia californica subsp. californica,Lasthenia californica,Asteraceae,Lasthenia,San Mateo County,California,37.465322,-122.295953,2026-04-11,2026,Andrena cressonii,flowersVisitedBy,bee,confirmed_pollination
Lasthenia californica subsp. californica,Lasthenia californica,Asteraceae,Lasthenia,San Mateo County,California,37.465322,-122.295953,2026-04-11,2026,Micralictoides chaenactidis,visitedBy,bee,confirmed_pollination
Lasthenia californica subsp. californica,Lasthenia californica,Asteraceae,Lasthenia,San Mateo County,California,37.465322,-122.295953,2026-04-11,2026,Perdita layiae,interactsWith,bee,general_interaction
Lasthenia californica subsp. californica,Lasthenia californica,Asteraceae,Lasthenia,San Mateo County,California,37.465322,-122.295953,2026-04-11,2026,Perdita interrupta,interactsWith,bee,general_interaction
Lasthenia californica subsp. californica,Lasthenia californica,Asteraceae,Lasthenia,San Mateo County,California,37.465322,-122.295953,2026-04-11,2026,Coenonympha california,interactsWith,butterfly,general_interaction
Lasthenia californica subsp. californica,Lasthenia californica,Asteraceae,Lasthenia,San Mateo County,California,37.465322,-122.295953,2026-04-11,2026,Habropoda miserabilis,interactsWith,bee,general_interaction
Lasthenia californica subsp. californica,Lasthenia californica,Asteraceae,Lasthenia,San Mateo County,California,37.465322,-122.295953,2026-04-11,2026,Andrena chlorogaster,interactsWith,bee,general_interaction
Lasthenia californica subsp. californica,Lasthenia californica,Asteraceae,Lasthenia,San Mateo County,California,37.465322,-122.295953,2026-04-11,2026,Icaricia acmon,interactsWith,butterfly,general_interaction
Lasthenia californica subsp. californica,Lasthenia californica,Asteraceae,Lasthenia,San Mateo County,California,37.465322,-122.295953,2026-04-11,2026,Agapostemon texanus,interactsWith,bee,general_interaction
Lasthenia californica subsp. californica,Lasthenia californica,Asteraceae,Lasthenia,San Mateo County,California,37.465322,-122.295953,2026-04-11,2026,Halictus tripartitus,interactsWith,bee,general_interaction
Lasthenia californica subsp. californica,Lasthenia californica,Asteraceae,Lasthenia,San Mateo County,California,37.465322,-122.295953,2026-04-11,2026,Junonia coenia,interactsWith,butterfly,general_interaction
Streptanthus glandulosus subsp. glandulosus,Streptanthus glandulosus,Brassicaceae,Streptanthus,Santa Clara County,California,37.14892,-121.785903,2026-04-12,2026,Megachile,flowersVisitedBy,bee,confirmed_pollination
Streptanthus glandulosus subsp. glandulosus,Streptanthus glandulosus,Brassicaceae,Streptanthus,Santa Clara County,California,37.14892,-121.785903,2026-04-12,2026,Lasioglossum,flowersVisitedBy,bee,confirmed_pollination
Streptanthus glandulosus subsp. glandulosus,Streptanthus glandulosus,Brassicaceae,Streptanthus,Santa Clara County,California,37.14892,-121.785903,2026-04-12,2026,Megachile comata,flowersVisitedBy,bee,confirmed_pollination
Phacelia cicutaria var. cicutaria,Phacelia cicutaria,Hydrophyllaceae,Phacelia,Stanislaus County,California,37.822786,-120.658147,2025-03-18,2025,Chelostoma phaceliae,interactsWith,bee,general_interaction
Lasthenia californica subsp. californica,Lasthenia californica,Asteraceae,Lasthenia,Marin County,California,37.91525,-122.492828,2025-04-23,2025,Andrena angustella,flowersVisitedBy,bee,confirmed_pollination
Lasthenia californica subsp. californica,Lasthenia californica,Asteraceae,Lasthenia,Marin County,California,37.91525,-122.492828,2025-04-23,2025,Andrena cressonii,flowersVisitedBy,bee,confirmed_pollination
Lasthenia californica subsp. californica,Lasthenia californica,Asteraceae,Lasthenia,Marin County,California,37.91525,-122.492828,2025-04-23,2025,Micralictoides chaenactidis,visitedBy,bee,confirmed_pollination
Lasthenia californica subsp. californica,Lasthenia californica,Asteraceae,Lasthenia,Marin County,California,37.91525,-122.492828,2025-04-23,2025,Perdita layiae,interactsWith,bee,general_interaction
Lasthenia californica subsp. californica,Lasthenia californica,Asteraceae,Lasthenia,Marin County,California,37.91525,-122.492828,2025-04-23,2025,Perdita interrupta,interactsWith,bee,general_interaction
Lasthenia californica subsp. californica,Lasthenia californica,Asteraceae,Lasthenia,Marin County,California,37.91525,-122.492828,2025-04-23,2025,Coenonympha california,interactsWith,butterfly,general_interaction
Lasthenia californica subsp. californica,Lasthenia californica,Asteraceae,Lasthenia,Marin County,California,37.91525,-122.492828,2025-04-23,2025,Habropoda miserabilis,interactsWith,bee,general_interaction
Lasthenia californica subsp. californica,Lasthenia californica,Asteraceae,Lasthenia,Marin County,California,37.91525,-122.492828,2025-04-23,2025,Andrena chlorogaster,interactsWith,bee,general_interaction
Lasthenia californica subsp. californica,Lasthenia californica,Asteraceae,Lasthenia,Marin County,California,37.91525,-122.492828,2025-04-23,2025,Icaricia acmon,interactsWith,butterfly,general_interaction
Lasthenia californica subsp. californica,Lasthenia californica,Asteraceae,Lasthenia,Marin County,California,37.91525,-122.492828,2025-04-23,2025,Agapostemon texanus,interactsWith,bee,general_interaction
Lasthenia californica subsp. californica,Lasthenia californica,Asteraceae,Lasthenia,Marin County,California,37.91525,-122.492828,2025-04-23,2025,Halictus tripartitus,interactsWith,bee,general_interaction
Lasthenia californica subsp. californica,Lasthenia californica,Asteraceae,Lasthenia,Marin County,California,37.91525,-122.492828,2025-04-23,2025,Junonia coenia,interactsWith,butterfly,general_interaction
Quercus agrifolia var. agrifolia,Quercus agrifolia,Fagaceae,Quercus,San Diego County,California,32.675788,-116.825412,2025-06-21,2025,Celastrina echo,interactsWith,butterfly,general_interaction
Quercus agrifolia var. agrifolia,Quercus agrifolia,Fagaceae,Quercus,San Diego County,California,32.675788,-116.825412,2025-06-21,2025,Andrena,interactsWith,bee,general_interaction
Quercus agrifolia var. agrifolia,Quercus agrifolia,Fagaceae,Quercus,San Diego County,California,32.675788,-116.825412,2025-06-21,2025,Apis mellifera,interactsWith,bee,general_interaction
Quercus agrifolia var. agrifolia,Quercus agrifolia,Fagaceae,Quercus,San Diego County,California,32.675788,-116.825412,2025-06-21,2025,Lasioglossum,interactsWith,bee,general_interaction
Triphysaria eriantha subsp. eriantha,Triphysaria eriantha,Orobanchaceae,Triphysaria,Yuba County,California,39.36247,-121.324387,2025-04-01,2025,Andrena,interactsWith,bee,general_interaction
Triphysaria eriantha subsp. eriantha,Triphysaria eriantha,Orobanchaceae,Triphysaria,Yuba County,California,39.36247,-121.324387,2025-04-01,2025,Andrena microchlora,interactsWith,bee,general_interaction
Verbena lasiostachys var. lasiostachys,Verbena lasiostachys,Verbenaceae,Verbena,San Diego County,California,32.851253,-117.142277,2025-05-18,2025,Megachile perihirta,interactsWith,bee,general_interaction
Verbena lasiostachys var. lasiostachys,Verbena lasiostachys,Verbenaceae,Verbena,San Diego County,California,32.851253,-117.142277,2025-05-18,2025,Megachile angelarum,interactsWith,bee,general_interaction
Verbena lasiostachys var. lasiostachys,Verbena lasiostachys,Verbenaceae,Verbena,San Diego County,California,32.851253,-117.142277,2025-05-18,2025,Bombus caliginosus,interactsWith,bee,general_interaction
Lomatium dasycarpum subsp. dasycarpum,Lomatium dasycarpum,Apiaceae,Lomatium,San Mateo County,California,37.692365,-122.436394,2025-03-05,2025,Andrena,interactsWith,bee,general_interaction
Lomatium dasycarpum subsp. dasycarpum,Lomatium dasycarpum,Apiaceae,Lomatium,San Mateo County,California,37.692365,-122.436394,2025-03-05,2025,Andrena melanochroa,interactsWith,bee,general_interaction
Lomatium dasycarpum subsp. dasycarpum,Lomatium dasycarpum,Apiaceae,Lomatium,San Mateo County,California,37.692365,-122.436394,2025-03-05,2025,Andrena chlorogaster,interactsWith,bee,general_interaction
Cordylanthus rigidus subsp. rigidus,Cordylanthus rigidus,Orobanchaceae,Cordylanthus,San Mateo County,California,37.45987,-122.282988,2026-04-17,2026,Megachile coquilletti,interactsWith,bee,general_interaction
Cordylanthus rigidus subsp. rigidus,Cordylanthus rigidus,Orobanchaceae,Cordylanthus,San Mateo County,California,37.45987,-122.282988,2026-04-17,2026,Anthidiellum robertsoni,interactsWith,bee,general_interaction
Cordylanthus rigidus subsp. rigidus,Cordylanthus rigidus,Orobanchaceae,Cordylanthus,San Mateo County,California,37.45987,-122.282988,2026-04-17,2026,Megachile angelarum,interactsWith,bee,general_interaction
Cordylanthus rigidus subsp. rigidus,Cordylanthus rigidus,Orobanchaceae,Cordylanthus,San Mateo County,California,37.45987,-122.282988,2026-04-17,2026,Bombus vosnesenskii,interactsWith,bee,general_interaction
Cordylanthus rigidus subsp. rigidus,Cordylanthus rigidus,Orobanchaceae,Cordylanthus,San Mateo County,California,37.45987,-122.282988,2026-04-17,2026,Anthidium placitum,interactsWith,bee,general_interaction
Calystegia macrostegia subsp. macrostegia,Convolvulus macrostegius,Convolvulaceae,Convolvulus,Ventura County,California,34.047506,-119.55258,2026-04-10,2026,Bombus melanopygus,visitedBy,bee,confirmed_pollination
Calystegia macrostegia subsp. macrostegia,Convolvulus macrostegius,Convolvulaceae,Convolvulus,Ventura County,California,34.047506,-119.55258,2026-04-10,2026,Agapostemon texanus,flowersVisitedBy,bee,confirmed_pollination
Calystegia macrostegia subsp. macrostegia,Convolvulus macrostegius,Convolvulaceae,Convolvulus,Ventura County,California,34.047506,-119.55258,2026-04-10,2026,Eucera edwardsii,visitedBy,bee,confirmed_pollination
Triphysaria eriantha subsp. eriantha,Triphysaria eriantha,Orobanchaceae,Triphysaria,Glenn County,California,39.899228,-121.982467,2025-03-22,2025,Andrena,interactsWith,bee,general_interaction
Triphysaria eriantha subsp. eriantha,Triphysaria eriantha,Orobanchaceae,Triphysaria,Glenn County,California,39.899228,-121.982467,2025-03-22,2025,Andrena microchlora,interactsWith,bee,general_interaction
Streptanthus glandulosus subsp. glandulosus,Streptanthus glandulosus,Brassicaceae,Streptanthus,Santa Cruz County,California,37.149444,-121.79145,2026-06-18,2026,Megachile,flowersVisitedBy,bee,confirmed_pollination
Streptanthus glandulosus subsp. glandulosus,Streptanthus glandulosus,Brassicaceae,Streptanthus,Santa Cruz County,California,37.149444,-121.79145,2026-06-18,2026,Lasioglossum,flowersVisitedBy,bee,confirmed_pollination
Streptanthus glandulosus subsp. glandulosus,Streptanthus glandulosus,Brassicaceae,Streptanthus,Santa Cruz County,California,37.149444,-121.79145,2026-06-18,2026,Megachile comata,flowersVisitedBy,bee,confirmed_pollination
Nemophila menziesii var. menziesii,Nemophila menziesii,Hydrophyllaceae,Nemophila,Riverside County,California,33.840486,-117.407192,2026-02-04,2026,Andrena bucculenta,interactsWith,bee,general_interaction
Nemophila menziesii var. menziesii,Nemophila menziesii,Hydrophyllaceae,Nemophila,Riverside County,California,33.840486,-117.407192,2026-02-04,2026,Andrena (Andrena),interactsWith,bee,general_interaction
Nemophila menziesii var. menziesii,Nemophila menziesii,Hydrophyllaceae,Nemophila,Riverside County,California,33.840486,-117.407192,2026-02-04,2026,Andrena nemophilae,interactsWith,bee,general_interaction
Nemophila menziesii var. menziesii,Nemophila menziesii,Hydrophyllaceae,Nemophila,Riverside County,California,33.840486,-117.407192,2026-02-04,2026,Andrena crudeni,interactsWith,bee,general_interaction
Nemophila menziesii var. menziesii,Nemophila menziesii,Hydrophyllaceae,Nemophila,Riverside County,California,33.840486,-117.407192,2026-02-04,2026,Osmia glauca,interactsWith,bee,general_interaction
Nemophila menziesii var. menziesii,Nemophila menziesii,Hydrophyllaceae,Nemophila,Riverside County,California,33.840486,-117.407192,2026-02-04,2026,Hoplitis biscutellae,interactsWith,bee,general_interaction
Nemophila menziesii var. menziesii,Nemophila menziesii,Hydrophyllaceae,Nemophila,Riverside County,California,33.840486,-117.407192,2026-02-04,2026,Andrena angustitarsata,interactsWith,bee,general_interaction
Nemophila menziesii var. menziesii,Nemophila menziesii,Hydrophyllaceae,Nemophila,Riverside County,California,33.840486,-117.407192,2026-02-04,2026,Lasioglossum titusi,interactsWith,bee,general_interaction
Nemophila menziesii var. menziesii,Nemophila menziesii,Hydrophyllaceae,Nemophila,Riverside County,California,33.840486,-117.407192,2026-02-04,2026,Andrena nigrocaerulea,interactsWith,bee,general_interaction
Nemophila menziesii var. menziesii,Nemophila menziesii,Hydrophyllaceae,Nemophila,Riverside County,California,33.840486,-117.407192,2026-02-04,2026,Osmia,interactsWith,bee,general_interaction
Nemophila menziesii var. menziesii,Nemophila menziesii,Hydrophyllaceae,Nemophila,Riverside County,California,33.840486,-117.407192,2026-02-04,2026,Hoplitis fulgida,interactsWith,bee,general_interaction
Nemophila menziesii var. menziesii,Nemophila menziesii,Hydrophyllaceae,Nemophila,Riverside County,California,33.840486,-117.407192,2026-02-04,2026,Osmia lignaria,interactsWith,bee,general_interaction
Nemophila menziesii var. menziesii,Nemophila menziesii,Hydrophyllaceae,Nemophila,Riverside County,California,33.840486,-117.407192,2026-02-04,2026,Lasioglossum,interactsWith,bee,general_interaction
Nemophila menziesii var. menziesii,Nemophila menziesii,Hydrophyllaceae,Nemophila,Riverside County,California,33.840486,-117.407192,2026-02-04,2026,Andrena orthocarpi,interactsWith,bee,general_interaction
Nemophila menziesii var. menziesii,Nemophila menziesii,Hydrophyllaceae,Nemophila,Riverside County,California,33.840486,-117.407192,2026-02-04,2026,Andrena cerasifolii,interactsWith,bee,general_interaction
Nemophila menziesii var. menziesii,Nemophila menziesii,Hydrophyllaceae,Nemophila,Riverside County,California,33.840486,-117.407192,2026-02-04,2026,Andrena suavis,interactsWith,bee,general_interaction
Nemophila menziesii var. menziesii,Nemophila menziesii,Hydrophyllaceae,Nemophila,Riverside County,California,33.840486,-117.407192,2026-02-04,2026,Andrena,interactsWith,bee,general_interaction
Nemophila menziesii var. menziesii,Nemophila menziesii,Hydrophyllaceae,Nemophila,Riverside County,California,33.840486,-117.407192,2026-02-04,2026,Bombus vosnesenskii,interactsWith,bee,general_interaction
Nemophila menziesii var. menziesii,Nemophila menziesii,Hydrophyllaceae,Nemophila,Riverside County,California,33.840486,-117.407192,2026-02-04,2026,Andrena candida,interactsWith,bee,general_interaction
Nemophila menziesii var. menziesii,Nemophila menziesii,Hydrophyllaceae,Nemophila,Riverside County,California,33.840486,-117.407192,2026-02-04,2026,Andrena nigripes,interactsWith,bee,general_interaction
Nemophila menziesii var. menziesii,Nemophila menziesii,Hydrophyllaceae,Nemophila,Riverside County,California,33.840486,-117.407192,2026-02-04,2026,Andrena viridissima,interactsWith,bee,general_interaction
Nemophila menziesii var. menziesii,Nemophila menziesii,Hydrophyllaceae,Nemophila,Riverside County,California,33.840486,-117.407192,2026-02-04,2026,Osmia nemoris,interactsWith,bee,general_interaction
Nemophila menziesii var. menziesii,Nemophila menziesii,Hydrophyllaceae,Nemophila,Riverside County,California,33.840486,-117.407192,2026-02-04,2026,Hoplitis,interactsWith,bee,general_interaction
Nemophila menziesii var. menziesii,Nemophila menziesii,Hydrophyllaceae,Nemophila,Riverside County,California,33.840486,-117.407192,2026-02-04,2026,Andrena cressonii,interactsWith,bee,general_interaction
Cirsium occidentale var. occidentale,Cirsium occidentale,Asteraceae,Cirsium,Marin County,California,37.910021,-122.613261,2026-03-25,2026,Bombus vosnesenskii,interactsWith,bee,general_interaction
Cirsium occidentale var. occidentale,Cirsium occidentale,Asteraceae,Cirsium,Marin County,California,37.910021,-122.613261,2026-03-25,2026,Bombus californicus,interactsWith,bee,general_interaction
Cirsium occidentale var. occidentale,Cirsium occidentale,Asteraceae,Cirsium,Marin County,California,37.910021,-122.613261,2026-03-25,2026,Bombus melanopygus,interactsWith,bee,general_interaction
Cirsium occidentale var. occidentale,Cirsium occidentale,Asteraceae,Cirsium,Marin County,California,37.910021,-122.613261,2026-03-25,2026,Bombus crotchii,interactsWith,bee,general_interaction
Calystegia subacaulis subsp. subacaulis,Convolvulus thellungianus,Convolvulaceae,Convolvulus,Marin County,California,37.91487,-122.49436,2026-04-26,2026,Diadasia bituberculata,interactsWith,bee,general_interaction
Arctostaphylos crustacea subsp. crustacea,Arctostaphylos crustacea,Ericaceae,Arctostaphylos,San Luis Obispo County,California,35.347137,-120.72816,2025-02-09,2025,Andrena (Andrena),interactsWith,bee,general_interaction
Arctostaphylos crustacea subsp. crustacea,Arctostaphylos crustacea,Ericaceae,Arctostaphylos,San Luis Obispo County,California,35.347137,-120.72816,2025-02-09,2025,Vanessa annabella,interactsWith,butterfly,general_interaction
Arctostaphylos crustacea subsp. crustacea,Arctostaphylos crustacea,Ericaceae,Arctostaphylos,San Luis Obispo County,California,35.347137,-120.72816,2025-02-09,2025,Protosmia rubifloris,interactsWith,bee,general_interaction
Arctostaphylos crustacea subsp. crustacea,Arctostaphylos crustacea,Ericaceae,Arctostaphylos,San Luis Obispo County,California,35.347137,-120.72816,2025-02-09,2025,Andrena principalis,interactsWith,bee,general_interaction
Arctostaphylos crustacea subsp. crustacea,Arctostaphylos crustacea,Ericaceae,Arctostaphylos,San Luis Obispo County,California,35.347137,-120.72816,2025-02-09,2025,Habropoda depressa,interactsWith,bee,general_interaction
Arctostaphylos crustacea subsp. crustacea,Arctostaphylos crustacea,Ericaceae,Arctostaphylos,San Luis Obispo County,California,35.347137,-120.72816,2025-02-09,2025,Hylaeus,interactsWith,bee,general_interaction
Arctostaphylos crustacea subsp. crustacea,Arctostaphylos crustacea,Ericaceae,Arctostaphylos,San Luis Obispo County,California,35.347137,-120.72816,2025-02-09,2025,Celastrina echo,interactsWith,butterfly,general_interaction
Arctostaphylos crustacea subsp. crustacea,Arctostaphylos crustacea,Ericaceae,Arctostaphylos,San Luis Obispo County,California,35.347137,-120.72816,2025-02-09,2025,Dialictus,interactsWith,bee,general_interaction
Arctostaphylos crustacea subsp. crustacea,Arctostaphylos crustacea,Ericaceae,Arctostaphylos,San Luis Obispo County,California,35.347137,-120.72816,2025-02-09,2025,Lasioglossum pacificum,interactsWith,bee,general_interaction
Arctostaphylos crustacea subsp. crustacea,Arctostaphylos crustacea,Ericaceae,Arctostaphylos,San Luis Obispo County,California,35.347137,-120.72816,2025-02-09,2025,Andrena,interactsWith,bee,general_interaction
Arctostaphylos crustacea subsp. crustacea,Arctostaphylos crustacea,Ericaceae,Arctostaphylos,San Luis Obispo County,California,35.347137,-120.72816,2025-02-09,2025,Habropoda tristissima,interactsWith,bee,general_interaction
Arctostaphylos crustacea subsp. crustacea,Arctostaphylos crustacea,Ericaceae,Arctostaphylos,San Luis Obispo County,California,35.347137,-120.72816,2025-02-09,2025,Vanessa cardui,interactsWith,butterfly,general_interaction
Arctostaphylos crustacea subsp. crustacea,Arctostaphylos crustacea,Ericaceae,Arctostaphylos,San Luis Obispo County,California,35.347137,-120.72816,2025-02-09,2025,Callophrys dumetorum dumetorum,interactsWith,butterfly,general_interaction
Arctostaphylos crustacea subsp. crustacea,Arctostaphylos crustacea,Ericaceae,Arctostaphylos,San Luis Obispo County,California,35.347137,-120.72816,2025-02-09,2025,Melecta separata callura,interactsWith,bee,general_interaction
Arctostaphylos crustacea subsp. crustacea,Arctostaphylos crustacea,Ericaceae,Arctostaphylos,San Luis Obispo County,California,35.347137,-120.72816,2025-02-09,2025,Lasioglossum,interactsWith,bee,general_interaction
Arctostaphylos crustacea subsp. crustacea,Arctostaphylos crustacea,Ericaceae,Arctostaphylos,San Luis Obispo County,California,35.347137,-120.72816,2025-02-09,2025,Apis mellifera,interactsWith,bee,general_interaction
Arctostaphylos crustacea subsp. crustacea,Arctostaphylos crustacea,Ericaceae,Arctostaphylos,San Luis Obispo County,California,35.347137,-120.72816,2025-02-09,2025,Bombus vosnesenskii,interactsWith,bee,general_interaction
Arctostaphylos crustacea subsp. crustacea,Arctostaphylos crustacea,Ericaceae,Arctostaphylos,San Luis Obispo County,California,35.347137,-120.72816,2025-02-09,2025,Bombus melanopygus,interactsWith,bee,general_interaction
Arctostaphylos crustacea subsp. crustacea,Arctostaphylos crustacea,Ericaceae,Arctostaphylos,San Luis Obispo County,California,35.347137,-120.72816,2025-02-09,2025,Nomada,interactsWith,bee,general_interaction
Arctostaphylos crustacea subsp. crustacea,Arctostaphylos crustacea,Ericaceae,Arctostaphylos,San Luis Obispo County,California,35.347137,-120.72816,2025-02-09,2025,Eucera atriventris,interactsWith,bee,general_interaction
Arctostaphylos crustacea subsp. crustacea,Arctostaphylos crustacea,Ericaceae,Arctostaphylos,San Luis Obispo County,California,35.347137,-120.72816,2025-02-09,2025,Anthophora pacifica,interactsWith,bee,general_interaction
Triphysaria eriantha subsp. eriantha,Triphysaria eriantha,Orobanchaceae,Triphysaria,Shasta County,California,40.644853,-122.3603,2025-03-08,2025,Andrena,interactsWith,bee,general_interaction
Triphysaria eriantha subsp. eriantha,Triphysaria eriantha,Orobanchaceae,Triphysaria,Shasta County,California,40.644853,-122.3603,2025-03-08,2025,Andrena microchlora,interactsWith,bee,general_interaction
Opuntia engelmannii var. engelmannii,Opuntia engelmannii,Cactaceae,Opuntia,San Diego County,California,33.031031,-116.436633,2025-03-01,2025,Lithurgopsis littoralis,interactsWith,bee,general_interaction
Triphysaria eriantha subsp. eriantha,Triphysaria eriantha,Orobanchaceae,Triphysaria,Fresno County,California,37.012119,-119.637367,2025-03-04,2025,Andrena,interactsWith,bee,general_interaction
Triphysaria eriantha subsp. eriantha,Triphysaria eriantha,Orobanchaceae,Triphysaria,Fresno County,California,37.012119,-119.637367,2025-03-04,2025,Andrena microchlora,interactsWith,bee,general_interaction
Calystegia subacaulis subsp. subacaulis,Convolvulus thellungianus,Convolvulaceae,Convolvulus,San Mateo County,California,37.467438,-122.277428,2025-04-15,2025,Diadasia bituberculata,interactsWith,bee,general_interaction
Phacelia cicutaria var. cicutaria,Phacelia cicutaria,Hydrophyllaceae,Phacelia,Tulare County,California,36.521066,-118.77107,2025-04-25,2025,Chelostoma phaceliae,interactsWith,bee,general_interaction
Calystegia purpurata subsp. purpurata,Convolvulus purpuratus,Convolvulaceae,Convolvulus,Monterey County,California,36.483622,-121.187338,2025-04-16,2025,Poanes melane,interactsWith,butterfly,general_interaction
Calystegia purpurata subsp. purpurata,Convolvulus purpuratus,Convolvulaceae,Convolvulus,Monterey County,California,36.483622,-121.187338,2025-04-16,2025,Apis mellifera,interactsWith,bee,general_interaction
Calystegia purpurata subsp. purpurata,Convolvulus purpuratus,Convolvulaceae,Convolvulus,Monterey County,California,36.483622,-121.187338,2025-04-16,2025,Bombus vosnesenskii,interactsWith,bee,general_interaction
Calystegia purpurata subsp. purpurata,Convolvulus purpuratus,Convolvulaceae,Convolvulus,Monterey County,California,36.483622,-121.187338,2025-04-16,2025,Agapostemon texanus,interactsWith,bee,general_interaction
Calystegia purpurata subsp. purpurata,Convolvulus purpuratus,Convolvulaceae,Convolvulus,Monterey County,California,36.483622,-121.187338,2025-04-16,2025,Bombus melanopygus,interactsWith,bee,general_interaction
Calystegia purpurata subsp. purpurata,Convolvulus purpuratus,Convolvulaceae,Convolvulus,Monterey County,California,36.483622,-121.187338,2025-04-16,2025,Bombus caliginosus,interactsWith,bee,general_interaction
Calystegia purpurata subsp. purpurata,Convolvulus purpuratus,Convolvulaceae,Convolvulus,Monterey County,California,36.483622,-121.187338,2025-04-16,2025,Diadasia bituberculata,interactsWith,bee,general_interaction
Calystegia purpurata subsp. purpurata,Convolvulus purpuratus,Convolvulaceae,Convolvulus,Monterey County,California,36.483622,-121.187338,2025-04-16,2025,Megachile perihirta,interactsWith,bee,general_interaction
Brodiaea elegans subsp. elegans,Brodiaea elegans,Asparagaceae,Brodiaea,Sonoma County,California,38.425197,-123.078278,2026-06-11,2026,Strymon melinus,interactsWith,butterfly,general_interaction
Brodiaea elegans subsp. elegans,Brodiaea elegans,Asparagaceae,Brodiaea,Sonoma County,California,38.425197,-123.078278,2026-06-11,2026,Anthophora urbana,interactsWith,bee,general_interaction
Brodiaea elegans subsp. elegans,Brodiaea elegans,Asparagaceae,Brodiaea,Sonoma County,California,38.425197,-123.078278,2026-06-11,2026,Halictus tripartitus,interactsWith,bee,general_interaction
Brodiaea elegans subsp. elegans,Brodiaea elegans,Asparagaceae,Brodiaea,Sonoma County,California,38.425197,-123.078278,2026-06-11,2026,Lasioglossum incompletum,interactsWith,bee,general_interaction
Cirsium occidentale var. occidentale,Cirsium occidentale,Asteraceae,Cirsium,Monterey County,California,36.690886,-121.602011,2026-06-10,2026,Bombus vosnesenskii,interactsWith,bee,general_interaction
Cirsium occidentale var. occidentale,Cirsium occidentale,Asteraceae,Cirsium,Monterey County,California,36.690886,-121.602011,2026-06-10,2026,Bombus californicus,interactsWith,bee,general_interaction
Cirsium occidentale var. occidentale,Cirsium occidentale,Asteraceae,Cirsium,Monterey County,California,36.690886,-121.602011,2026-06-10,2026,Bombus melanopygus,interactsWith,bee,general_interaction
Cirsium occidentale var. occidentale,Cirsium occidentale,Asteraceae,Cirsium,Monterey County,California,36.690886,-121.602011,2026-06-10,2026,Bombus crotchii,interactsWith,bee,general_interaction
Nemophila menziesii var. menziesii,Nemophila menziesii,Hydrophyllaceae,Nemophila,Santa Clara County,California,37.310082,-122.157093,2025-04-10,2025,Andrena bucculenta,interactsWith,bee,general_interaction
Nemophila menziesii var. menziesii,Nemophila menziesii,Hydrophyllaceae,Nemophila,Santa Clara County,California,37.310082,-122.157093,2025-04-10,2025,Andrena (Andrena),interactsWith,bee,general_interaction
Nemophila menziesii var. menziesii,Nemophila menziesii,Hydrophyllaceae,Nemophila,Santa Clara County,California,37.310082,-122.157093,2025-04-10,2025,Andrena nemophilae,interactsWith,bee,general_interaction
Nemophila menziesii var. menziesii,Nemophila menziesii,Hydrophyllaceae,Nemophila,Santa Clara County,California,37.310082,-122.157093,2025-04-10,2025,Andrena crudeni,interactsWith,bee,general_interaction
Nemophila menziesii var. menziesii,Nemophila menziesii,Hydrophyllaceae,Nemophila,Santa Clara County,California,37.310082,-122.157093,2025-04-10,2025,Osmia glauca,interactsWith,bee,general_interaction
Nemophila menziesii var. menziesii,Nemophila menziesii,Hydrophyllaceae,Nemophila,Santa Clara County,California,37.310082,-122.157093,2025-04-10,2025,Hoplitis biscutellae,interactsWith,bee,general_interaction
Nemophila menziesii var. menziesii,Nemophila menziesii,Hydrophyllaceae,Nemophila,Santa Clara County,California,37.310082,-122.157093,2025-04-10,2025,Andrena angustitarsata,interactsWith,bee,general_interaction
Nemophila menziesii var. menziesii,Nemophila menziesii,Hydrophyllaceae,Nemophila,Santa Clara County,California,37.310082,-122.157093,2025-04-10,2025,Lasioglossum titusi,interactsWith,bee,general_interaction
Nemophila menziesii var. menziesii,Nemophila menziesii,Hydrophyllaceae,Nemophila,Santa Clara County,California,37.310082,-122.157093,2025-04-10,2025,Andrena nigrocaerulea,interactsWith,bee,general_interaction
Nemophila menziesii var. menziesii,Nemophila menziesii,Hydrophyllaceae,Nemophila,Santa Clara County,California,37.310082,-122.157093,2025-04-10,2025,Osmia,interactsWith,bee,general_interaction
Nemophila menziesii var. menziesii,Nemophila menziesii,Hydrophyllaceae,Nemophila,Santa Clara County,California,37.310082,-122.157093,2025-04-10,2025,Hoplitis fulgida,interactsWith,bee,general_interaction
Nemophila menziesii var. menziesii,Nemophila menziesii,Hydrophyllaceae,Nemophila,Santa Clara County,California,37.310082,-122.157093,2025-04-10,2025,Osmia lignaria,interactsWith,bee,general_interaction
Nemophila menziesii var. menziesii,Nemophila menziesii,Hydrophyllaceae,Nemophila,Santa Clara County,California,37.310082,-122.157093,2025-04-10,2025,Lasioglossum,interactsWith,bee,general_interaction
Nemophila menziesii var. menziesii,Nemophila menziesii,Hydrophyllaceae,Nemophila,Santa Clara County,California,37.310082,-122.157093,2025-04-10,2025,Andrena orthocarpi,interactsWith,bee,general_interaction
Nemophila menziesii var. menziesii,Nemophila menziesii,Hydrophyllaceae,Nemophila,Santa Clara County,California,37.310082,-122.157093,2025-04-10,2025,Andrena cerasifolii,interactsWith,bee,general_interaction
Nemophila menziesii var. menziesii,Nemophila menziesii,Hydrophyllaceae,Nemophila,Santa Clara County,California,37.310082,-122.157093,2025-04-10,2025,Andrena suavis,interactsWith,bee,general_interaction
Nemophila menziesii var. menziesii,Nemophila menziesii,Hydrophyllaceae,Nemophila,Santa Clara County,California,37.310082,-122.157093,2025-04-10,2025,Andrena,interactsWith,bee,general_interaction
Nemophila menziesii var. menziesii,Nemophila menziesii,Hydrophyllaceae,Nemophila,Santa Clara County,California,37.310082,-122.157093,2025-04-10,2025,Bombus vosnesenskii,interactsWith,bee,general_interaction
Nemophila menziesii var. menziesii,Nemophila menziesii,Hydrophyllaceae,Nemophila,Santa Clara County,California,37.310082,-122.157093,2025-04-10,2025,Andrena candida,interactsWith,bee,general_interaction
Nemophila menziesii var. menziesii,Nemophila menziesii,Hydrophyllaceae,Nemophila,Santa Clara County,California,37.310082,-122.157093,2025-04-10,2025,Andrena nigripes,interactsWith,bee,general_interaction
Nemophila menziesii var. menziesii,Nemophila menziesii,Hydrophyllaceae,Nemophila,Santa Clara County,California,37.310082,-122.157093,2025-04-10,2025,Andrena viridissima,interactsWith,bee,general_interaction
Nemophila menziesii var. menziesii,Nemophila menziesii,Hydrophyllaceae,Nemophila,Santa Clara County,California,37.310082,-122.157093,2025-04-10,2025,Osmia nemoris,interactsWith,bee,general_interaction
Nemophila menziesii var. menziesii,Nemophila menziesii,Hydrophyllaceae,Nemophila,Santa Clara County,California,37.310082,-122.157093,2025-04-10,2025,Hoplitis,interactsWith,bee,general_interaction
Nemophila menziesii var. menziesii,Nemophila menziesii,Hydrophyllaceae,Nemophila,Santa Clara County,California,37.310082,-122.157093,2025-04-10,2025,Andrena cressonii,interactsWith,bee,general_interaction
Agave shawii subsp. shawii,Agave shawii,Asparagaceae,Agave,San Diego County,California,32.775306,-117.115533,2025-09-28,2025,Agathymus comstocki,interactsWith,butterfly,general_interaction
Notholithocarpus densiflorus var. densiflorus,Notholithocarpus densiflorus,Fagaceae,Notholithocarpus,Humboldt County,California,40.068989,-123.784515,2026-05-26,2026,Limenitis bredowii californica,interactsWith,butterfly,general_interaction
Notholithocarpus densiflorus var. densiflorus,Notholithocarpus densiflorus,Fagaceae,Notholithocarpus,Humboldt County,California,40.068989,-123.784515,2026-05-26,2026,Colletes,interactsWith,bee,general_interaction
Notholithocarpus densiflorus var. densiflorus,Notholithocarpus densiflorus,Fagaceae,Notholithocarpus,Humboldt County,California,40.068989,-123.784515,2026-05-26,2026,Halictus tripartitus,interactsWith,bee,general_interaction
Notholithocarpus densiflorus var. densiflorus,Notholithocarpus densiflorus,Fagaceae,Notholithocarpus,Humboldt County,California,40.068989,-123.784515,2026-05-26,2026,Habrodais grunus,interactsWith,butterfly,general_interaction
Notholithocarpus densiflorus var. densiflorus,Notholithocarpus densiflorus,Fagaceae,Notholithocarpus,Humboldt County,California,40.068989,-123.784515,2026-05-26,2026,Hylaeus,interactsWith,bee,general_interaction
Notholithocarpus densiflorus var. densiflorus,Notholithocarpus densiflorus,Fagaceae,Notholithocarpus,Humboldt County,California,40.068989,-123.784515,2026-05-26,2026,Lasioglossum,interactsWith,bee,general_interaction
Limnanthes douglasii subsp. douglasii,Limnanthes douglasii,Limnanthaceae,Limnanthes,Santa Clara County,California,37.210444,-121.435828,2025-04-06,2025,Sphecodes (Sphecodium),interactsWith,bee,general_interaction
Limnanthes douglasii subsp. douglasii,Limnanthes douglasii,Limnanthaceae,Limnanthes,Santa Clara County,California,37.210444,-121.435828,2025-04-06,2025,Panurginus,interactsWith,bee,general_interaction
Limnanthes douglasii subsp. douglasii,Limnanthes douglasii,Limnanthaceae,Limnanthes,Santa Clara County,California,37.210444,-121.435828,2025-04-06,2025,Panurginus occidentalis,interactsWith,bee,general_interaction
Camissonia campestris subsp. campestris,Camissonia campestris,Onagraceae,Camissonia,Los Angeles County,California,34.669772,-118.396372,2025-04-25,2025,Andrena siccata,flowersVisitedBy,bee,confirmed_pollination
Hibiscus trionum,Hibiscus trionum,Malvaceae,Hibiscus,San Diego County,California,32.827839,-117.247022,2025-05-17,2025,Lasioglossum pauxillum,pollinatedBy,bee,confirmed_pollination
Hibiscus trionum,Hibiscus trionum,Malvaceae,Hibiscus,San Diego County,California,32.827839,-117.247022,2025-05-17,2025,Andrena andrenoides,pollinatedBy,bee,confirmed_pollination
Hibiscus trionum,Hibiscus trionum,Malvaceae,Hibiscus,San Diego County,California,32.827839,-117.247022,2025-05-17,2025,Sphecodes smilacinae,pollinatedBy,bee,confirmed_pollination
Hibiscus trionum,Hibiscus trionum,Malvaceae,Hibiscus,San Diego County,California,32.827839,-117.247022,2025-05-17,2025,Halictus ligatus,pollinatedBy,bee,confirmed_pollination
Hibiscus trionum,Hibiscus trionum,Malvaceae,Hibiscus,San Diego County,California,32.827839,-117.247022,2025-05-17,2025,Colletes nudus,pollinatedBy,bee,confirmed_pollination
Hibiscus trionum,Hibiscus trionum,Malvaceae,Hibiscus,San Diego County,California,32.827839,-117.247022,2025-05-17,2025,Holcopasites heliopsis,pollinatedBy,bee,confirmed_pollination
Hibiscus trionum,Hibiscus trionum,Malvaceae,Hibiscus,San Diego County,California,32.827839,-117.247022,2025-05-17,2025,Andrena aliciae,pollinatedBy,bee,confirmed_pollination
Hibiscus trionum,Hibiscus trionum,Malvaceae,Hibiscus,San Diego County,California,32.827839,-117.247022,2025-05-17,2025,Lasioglossum platyparius,pollinatedBy,bee,confirmed_pollination
Hibiscus trionum,Hibiscus trionum,Malvaceae,Hibiscus,San Diego County,California,32.827839,-117.247022,2025-05-17,2025,Bombus auricomus,flowersVisitedBy,bee,confirmed_pollination
Hibiscus trionum,Hibiscus trionum,Malvaceae,Hibiscus,San Diego County,California,32.827839,-117.247022,2025-05-17,2025,Pieris rapae,flowersVisitedBy,butterfly,confirmed_pollination
Hibiscus trionum,Hibiscus trionum,Malvaceae,Hibiscus,San Diego County,California,32.827839,-117.247022,2025-05-17,2025,Bombus pensylvanicus,flowersVisitedBy,bee,confirmed_pollination
Hibiscus trionum,Hibiscus trionum,Malvaceae,Hibiscus,San Diego County,California,32.827839,-117.247022,2025-05-17,2025,Melissodes boltoniae,flowersVisitedBy,bee,confirmed_pollination
Hibiscus trionum,Hibiscus trionum,Malvaceae,Hibiscus,San Diego County,California,32.827839,-117.247022,2025-05-17,2025,Colias philodice,interactsWith,butterfly,general_interaction
Hibiscus trionum,Hibiscus trionum,Malvaceae,Hibiscus,San Diego County,California,32.827839,-117.247022,2025-05-17,2025,Melissodes,interactsWith,bee,general_interaction
Eschscholzia californica subsp. californica,Eschscholzia californica,Papaveraceae,Eschscholzia,Los Angeles County,California,34.732088,-118.393997,2025-04-12,2025,Apis mellifera,flowersVisitedBy,bee,confirmed_pollination
Eschscholzia californica subsp. californica,Eschscholzia californica,Papaveraceae,Eschscholzia,Los Angeles County,California,34.732088,-118.393997,2025-04-12,2025,Bombus vosnesenskii,flowersVisitedBy,bee,confirmed_pollination
Eschscholzia californica subsp. californica,Eschscholzia californica,Papaveraceae,Eschscholzia,Los Angeles County,California,34.732088,-118.393997,2025-04-12,2025,Lasioglossum sisymbrii,flowersVisitedBy,bee,confirmed_pollination
Eschscholzia californica subsp. californica,Eschscholzia californica,Papaveraceae,Eschscholzia,Los Angeles County,California,34.732088,-118.393997,2025-04-12,2025,Lasioglossum,flowersVisitedBy,bee,confirmed_pollination
Calystegia subacaulis subsp. subacaulis,Convolvulus thellungianus,Convolvulaceae,Convolvulus,Santa Clara County,California,37.165844,-121.738694,2026-04-15,2026,Diadasia bituberculata,interactsWith,bee,general_interaction
Ranunculus californicus var. californicus,Ranunculus californicus,Ranunculaceae,Ranunculus,Marin County,California,38.126645,-122.584437,2026-03-07,2026,Panurginus melanocephalus,interactsWith,bee,general_interaction
Ranunculus californicus var. californicus,Ranunculus californicus,Ranunculaceae,Ranunculus,Marin County,California,38.126645,-122.584437,2026-03-07,2026,Andrena suavis,interactsWith,bee,general_interaction
Ranunculus californicus var. californicus,Ranunculus californicus,Ranunculaceae,Ranunculus,Marin County,California,38.126645,-122.584437,2026-03-07,2026,Agapostemon texanus,interactsWith,bee,general_interaction
Ranunculus californicus var. californicus,Ranunculus californicus,Ranunculaceae,Ranunculus,Marin County,California,38.126645,-122.584437,2026-03-07,2026,Halictus rubicundus,interactsWith,bee,general_interaction
Ranunculus californicus var. californicus,Ranunculus californicus,Ranunculaceae,Ranunculus,Marin County,California,38.126645,-122.584437,2026-03-07,2026,Andrena angustitarsata,interactsWith,bee,general_interaction
Ranunculus californicus var. californicus,Ranunculus californicus,Ranunculaceae,Ranunculus,Marin County,California,38.126645,-122.584437,2026-03-07,2026,Nomada,interactsWith,bee,general_interaction
Ranunculus californicus var. californicus,Ranunculus californicus,Ranunculaceae,Ranunculus,Marin County,California,38.126645,-122.584437,2026-03-07,2026,Halictus tripartitus,interactsWith,bee,general_interaction
Ranunculus californicus var. californicus,Ranunculus californicus,Ranunculaceae,Ranunculus,Marin County,California,38.126645,-122.584437,2026-03-07,2026,Panurginus,interactsWith,bee,general_interaction
Ranunculus californicus var. californicus,Ranunculus californicus,Ranunculaceae,Ranunculus,Marin County,California,38.126645,-122.584437,2026-03-07,2026,Lasioglossum,interactsWith,bee,general_interaction
Ranunculus californicus var. californicus,Ranunculus californicus,Ranunculaceae,Ranunculus,Marin County,California,38.126645,-122.584437,2026-03-07,2026,Protosmia rubifloris,interactsWith,bee,general_interaction
Ranunculus californicus var. californicus,Ranunculus californicus,Ranunculaceae,Ranunculus,Marin County,California,38.126645,-122.584437,2026-03-07,2026,Halictus farinosus,interactsWith,bee,general_interaction
Ranunculus californicus var. californicus,Ranunculus californicus,Ranunculaceae,Ranunculus,Marin County,California,38.126645,-122.584437,2026-03-07,2026,Lasioglossum incompletum,interactsWith,bee,general_interaction
Ranunculus californicus var. californicus,Ranunculus californicus,Ranunculaceae,Ranunculus,Marin County,California,38.126645,-122.584437,2026-03-07,2026,Coenonympha california,interactsWith,butterfly,general_interaction
Ranunculus californicus var. californicus,Ranunculus californicus,Ranunculaceae,Ranunculus,Marin County,California,38.126645,-122.584437,2026-03-07,2026,Andrena,interactsWith,bee,general_interaction
Ranunculus californicus var. californicus,Ranunculus californicus,Ranunculaceae,Ranunculus,Marin County,California,38.126645,-122.584437,2026-03-07,2026,Eresia aveyrona mylitta,interactsWith,butterfly,general_interaction
Ranunculus californicus var. californicus,Ranunculus californicus,Ranunculaceae,Ranunculus,Marin County,California,38.126645,-122.584437,2026-03-07,2026,Osmia cyanella,interactsWith,bee,general_interaction
Ranunculus californicus var. californicus,Ranunculus californicus,Ranunculaceae,Ranunculus,Marin County,California,38.126645,-122.584437,2026-03-07,2026,Osmia lignaria propinqua,interactsWith,bee,general_interaction
Ranunculus californicus var. californicus,Ranunculus californicus,Ranunculaceae,Ranunculus,Marin County,California,38.126645,-122.584437,2026-03-07,2026,Andrena caerulea,interactsWith,bee,general_interaction
Ranunculus californicus var. californicus,Ranunculus californicus,Ranunculaceae,Ranunculus,Marin County,California,38.126645,-122.584437,2026-03-07,2026,Andrena chalybaea,interactsWith,bee,general_interaction
Ranunculus californicus var. californicus,Ranunculus californicus,Ranunculaceae,Ranunculus,Marin County,California,38.126645,-122.584437,2026-03-07,2026,Andrena cuneilabris,interactsWith,bee,general_interaction
Nemophila menziesii var. menziesii,Nemophila menziesii,Hydrophyllaceae,Nemophila,Marin County,California,37.928253,-122.630813,2025-03-09,2025,Andrena bucculenta,interactsWith,bee,general_interaction
Nemophila menziesii var. menziesii,Nemophila menziesii,Hydrophyllaceae,Nemophila,Marin County,California,37.928253,-122.630813,2025-03-09,2025,Andrena (Andrena),interactsWith,bee,general_interaction
Nemophila menziesii var. menziesii,Nemophila menziesii,Hydrophyllaceae,Nemophila,Marin County,California,37.928253,-122.630813,2025-03-09,2025,Andrena nemophilae,interactsWith,bee,general_interaction
Nemophila menziesii var. menziesii,Nemophila menziesii,Hydrophyllaceae,Nemophila,Marin County,California,37.928253,-122.630813,2025-03-09,2025,Andrena crudeni,interactsWith,bee,general_interaction
Nemophila menziesii var. menziesii,Nemophila menziesii,Hydrophyllaceae,Nemophila,Marin County,California,37.928253,-122.630813,2025-03-09,2025,Osmia glauca,interactsWith,bee,general_interaction
Nemophila menziesii var. menziesii,Nemophila menziesii,Hydrophyllaceae,Nemophila,Marin County,California,37.928253,-122.630813,2025-03-09,2025,Hoplitis biscutellae,interactsWith,bee,general_interaction
Nemophila menziesii var. menziesii,Nemophila menziesii,Hydrophyllaceae,Nemophila,Marin County,California,37.928253,-122.630813,2025-03-09,2025,Andrena angustitarsata,interactsWith,bee,general_interaction
Nemophila menziesii var. menziesii,Nemophila menziesii,Hydrophyllaceae,Nemophila,Marin County,California,37.928253,-122.630813,2025-03-09,2025,Lasioglossum titusi,interactsWith,bee,general_interaction
Nemophila menziesii var. menziesii,Nemophila menziesii,Hydrophyllaceae,Nemophila,Marin County,California,37.928253,-122.630813,2025-03-09,2025,Andrena nigrocaerulea,interactsWith,bee,general_interaction
Nemophila menziesii var. menziesii,Nemophila menziesii,Hydrophyllaceae,Nemophila,Marin County,California,37.928253,-122.630813,2025-03-09,2025,Osmia,interactsWith,bee,general_interaction
Nemophila menziesii var. menziesii,Nemophila menziesii,Hydrophyllaceae,Nemophila,Marin County,California,37.928253,-122.630813,2025-03-09,2025,Hoplitis fulgida,interactsWith,bee,general_interaction
Nemophila menziesii var. menziesii,Nemophila menziesii,Hydrophyllaceae,Nemophila,Marin County,California,37.928253,-122.630813,2025-03-09,2025,Osmia lignaria,interactsWith,bee,general_interaction
Nemophila menziesii var. menziesii,Nemophila menziesii,Hydrophyllaceae,Nemophila,Marin County,California,37.928253,-122.630813,2025-03-09,2025,Lasioglossum,interactsWith,bee,general_interaction
Nemophila menziesii var. menziesii,Nemophila menziesii,Hydrophyllaceae,Nemophila,Marin County,California,37.928253,-122.630813,2025-03-09,2025,Andrena orthocarpi,interactsWith,bee,general_interaction
Nemophila menziesii var. menziesii,Nemophila menziesii,Hydrophyllaceae,Nemophila,Marin County,California,37.928253,-122.630813,2025-03-09,2025,Andrena cerasifolii,interactsWith,bee,general_interaction
Nemophila menziesii var. menziesii,Nemophila menziesii,Hydrophyllaceae,Nemophila,Marin County,California,37.928253,-122.630813,2025-03-09,2025,Andrena suavis,interactsWith,bee,general_interaction
Nemophila menziesii var. menziesii,Nemophila menziesii,Hydrophyllaceae,Nemophila,Marin County,California,37.928253,-122.630813,2025-03-09,2025,Andrena,interactsWith,bee,general_interaction
Nemophila menziesii var. menziesii,Nemophila menziesii,Hydrophyllaceae,Nemophila,Marin County,California,37.928253,-122.630813,2025-03-09,2025,Bombus vosnesenskii,interactsWith,bee,general_interaction
Nemophila menziesii var. menziesii,Nemophila menziesii,Hydrophyllaceae,Nemophila,Marin County,California,37.928253,-122.630813,2025-03-09,2025,Andrena candida,interactsWith,bee,general_interaction
Nemophila menziesii var. menziesii,Nemophila menziesii,Hydrophyllaceae,Nemophila,Marin County,California,37.928253,-122.630813,2025-03-09,2025,Andrena nigripes,interactsWith,bee,general_interaction
Nemophila menziesii var. menziesii,Nemophila menziesii,Hydrophyllaceae,Nemophila,Marin County,California,37.928253,-122.630813,2025-03-09,2025,Andrena viridissima,interactsWith,bee,general_interaction
Nemophila menziesii var. menziesii,Nemophila menziesii,Hydrophyllaceae,Nemophila,Marin County,California,37.928253,-122.630813,2025-03-09,2025,Osmia nemoris,interactsWith,bee,general_interaction
Nemophila menziesii var. menziesii,Nemophila menziesii,Hydrophyllaceae,Nemophila,Marin County,California,37.928253,-122.630813,2025-03-09,2025,Hoplitis,interactsWith,bee,general_interaction
Nemophila menziesii var. menziesii,Nemophila menziesii,Hydrophyllaceae,Nemophila,Marin County,California,37.928253,-122.630813,2025-03-09,2025,Andrena cressonii,interactsWith,bee,general_interaction
Ribes inerme var. inerme,Ribes inerme,Grossulariaceae,Ribes,Inyo County,California,36.7723,-118.341278,2025-08-03,2025,Andrena lanhami,visitedBy,bee,confirmed_pollination
Arctostaphylos crustacea subsp. crustacea,Arctostaphylos crustacea,Ericaceae,Arctostaphylos,Contra Costa County,California,37.966083,-122.267778,2025-01-29,2025,Andrena (Andrena),interactsWith,bee,general_interaction
Arctostaphylos crustacea subsp. crustacea,Arctostaphylos crustacea,Ericaceae,Arctostaphylos,Contra Costa County,California,37.966083,-122.267778,2025-01-29,2025,Vanessa annabella,interactsWith,butterfly,general_interaction
Arctostaphylos crustacea subsp. crustacea,Arctostaphylos crustacea,Ericaceae,Arctostaphylos,Contra Costa County,California,37.966083,-122.267778,2025-01-29,2025,Protosmia rubifloris,interactsWith,bee,general_interaction
Arctostaphylos crustacea subsp. crustacea,Arctostaphylos crustacea,Ericaceae,Arctostaphylos,Contra Costa County,California,37.966083,-122.267778,2025-01-29,2025,Andrena principalis,interactsWith,bee,general_interaction
Arctostaphylos crustacea subsp. crustacea,Arctostaphylos crustacea,Ericaceae,Arctostaphylos,Contra Costa County,California,37.966083,-122.267778,2025-01-29,2025,Habropoda depressa,interactsWith,bee,general_interaction
Arctostaphylos crustacea subsp. crustacea,Arctostaphylos crustacea,Ericaceae,Arctostaphylos,Contra Costa County,California,37.966083,-122.267778,2025-01-29,2025,Hylaeus,interactsWith,bee,general_interaction
Arctostaphylos crustacea subsp. crustacea,Arctostaphylos crustacea,Ericaceae,Arctostaphylos,Contra Costa County,California,37.966083,-122.267778,2025-01-29,2025,Celastrina echo,interactsWith,butterfly,general_interaction
Arctostaphylos crustacea subsp. crustacea,Arctostaphylos crustacea,Ericaceae,Arctostaphylos,Contra Costa County,California,37.966083,-122.267778,2025-01-29,2025,Dialictus,interactsWith,bee,general_interaction
Arctostaphylos crustacea subsp. crustacea,Arctostaphylos crustacea,Ericaceae,Arctostaphylos,Contra Costa County,California,37.966083,-122.267778,2025-01-29,2025,Lasioglossum pacificum,interactsWith,bee,general_interaction
Arctostaphylos crustacea subsp. crustacea,Arctostaphylos crustacea,Ericaceae,Arctostaphylos,Contra Costa County,California,37.966083,-122.267778,2025-01-29,2025,Andrena,interactsWith,bee,general_interaction
Arctostaphylos crustacea subsp. crustacea,Arctostaphylos crustacea,Ericaceae,Arctostaphylos,Contra Costa County,California,37.966083,-122.267778,2025-01-29,2025,Habropoda tristissima,interactsWith,bee,general_interaction
Arctostaphylos crustacea subsp. crustacea,Arctostaphylos crustacea,Ericaceae,Arctostaphylos,Contra Costa County,California,37.966083,-122.267778,2025-01-29,2025,Vanessa cardui,interactsWith,butterfly,general_interaction
Arctostaphylos crustacea subsp. crustacea,Arctostaphylos crustacea,Ericaceae,Arctostaphylos,Contra Costa County,California,37.966083,-122.267778,2025-01-29,2025,Callophrys dumetorum dumetorum,interactsWith,butterfly,general_interaction
Arctostaphylos crustacea subsp. crustacea,Arctostaphylos crustacea,Ericaceae,Arctostaphylos,Contra Costa County,California,37.966083,-122.267778,2025-01-29,2025,Melecta separata callura,interactsWith,bee,general_interaction
Arctostaphylos crustacea subsp. crustacea,Arctostaphylos crustacea,Ericaceae,Arctostaphylos,Contra Costa County,California,37.966083,-122.267778,2025-01-29,2025,Lasioglossum,interactsWith,bee,general_interaction
Arctostaphylos crustacea subsp. crustacea,Arctostaphylos crustacea,Ericaceae,Arctostaphylos,Contra Costa County,California,37.966083,-122.267778,2025-01-29,2025,Apis mellifera,interactsWith,bee,general_interaction
Arctostaphylos crustacea subsp. crustacea,Arctostaphylos crustacea,Ericaceae,Arctostaphylos,Contra Costa County,California,37.966083,-122.267778,2025-01-29,2025,Bombus vosnesenskii,interactsWith,bee,general_interaction
Arctostaphylos crustacea subsp. crustacea,Arctostaphylos crustacea,Ericaceae,Arctostaphylos,Contra Costa County,California,37.966083,-122.267778,2025-01-29,2025,Bombus melanopygus,interactsWith,bee,general_interaction
Arctostaphylos crustacea subsp. crustacea,Arctostaphylos crustacea,Ericaceae,Arctostaphylos,Contra Costa County,California,37.966083,-122.267778,2025-01-29,2025,Nomada,interactsWith,bee,general_interaction
Arctostaphylos crustacea subsp. crustacea,Arctostaphylos crustacea,Ericaceae,Arctostaphylos,Contra Costa County,California,37.966083,-122.267778,2025-01-29,2025,Eucera atriventris,interactsWith,bee,general_interaction
Arctostaphylos crustacea subsp. crustacea,Arctostaphylos crustacea,Ericaceae,Arctostaphylos,Contra Costa County,California,37.966083,-122.267778,2025-01-29,2025,Anthophora pacifica,interactsWith,bee,general_interaction
Eriophyllum confertiflorum var. confertiflorum,Eriophyllum confertiflorum,Asteraceae,Eriophyllum,Santa Clara County,California,37.275083,-122.139014,2025-06-27,2025,Dianthidium parvum schwarzi,interactsWith,bee,general_interaction
Eriophyllum confertiflorum var. confertiflorum,Eriophyllum confertiflorum,Asteraceae,Eriophyllum,Santa Clara County,California,37.275083,-122.139014,2025-06-27,2025,Epeolus howardi,interactsWith,bee,general_interaction
Eriophyllum confertiflorum var. confertiflorum,Eriophyllum confertiflorum,Asteraceae,Eriophyllum,Santa Clara County,California,37.275083,-122.139014,2025-06-27,2025,Melissodes lupina,interactsWith,bee,general_interaction
Eriophyllum confertiflorum var. confertiflorum,Eriophyllum confertiflorum,Asteraceae,Eriophyllum,Santa Clara County,California,37.275083,-122.139014,2025-06-27,2025,Ochlodes agricola,interactsWith,butterfly,general_interaction
Eriophyllum confertiflorum var. confertiflorum,Eriophyllum confertiflorum,Asteraceae,Eriophyllum,Santa Clara County,California,37.275083,-122.139014,2025-06-27,2025,Bombus melanopygus,interactsWith,bee,general_interaction
Eriophyllum confertiflorum var. confertiflorum,Eriophyllum confertiflorum,Asteraceae,Eriophyllum,Santa Clara County,California,37.275083,-122.139014,2025-06-27,2025,Chlosyne palla,interactsWith,butterfly,general_interaction
Eriophyllum confertiflorum var. confertiflorum,Eriophyllum confertiflorum,Asteraceae,Eriophyllum,Santa Clara County,California,37.275083,-122.139014,2025-06-27,2025,Sphecodes,interactsWith,bee,general_interaction
Eriophyllum confertiflorum var. confertiflorum,Eriophyllum confertiflorum,Asteraceae,Eriophyllum,Santa Clara County,California,37.275083,-122.139014,2025-06-27,2025,Lycaena gorgon,interactsWith,butterfly,general_interaction
Eriophyllum confertiflorum var. confertiflorum,Eriophyllum confertiflorum,Asteraceae,Eriophyllum,Santa Clara County,California,37.275083,-122.139014,2025-06-27,2025,Icaricia lupini,interactsWith,butterfly,general_interaction
Eriophyllum confertiflorum var. confertiflorum,Eriophyllum confertiflorum,Asteraceae,Eriophyllum,Santa Clara County,California,37.275083,-122.139014,2025-06-27,2025,Erynnis propertius,interactsWith,butterfly,general_interaction
Eriophyllum confertiflorum var. confertiflorum,Eriophyllum confertiflorum,Asteraceae,Eriophyllum,Santa Clara County,California,37.275083,-122.139014,2025-06-27,2025,Andrena,interactsWith,bee,general_interaction
Eriophyllum confertiflorum var. confertiflorum,Eriophyllum confertiflorum,Asteraceae,Eriophyllum,Santa Clara County,California,37.275083,-122.139014,2025-06-27,2025,Ashmeadiella,interactsWith,bee,general_interaction
Eriophyllum confertiflorum var. confertiflorum,Eriophyllum confertiflorum,Asteraceae,Eriophyllum,Santa Clara County,California,37.275083,-122.139014,2025-06-27,2025,Dialictus,interactsWith,bee,general_interaction
Eriophyllum confertiflorum var. confertiflorum,Eriophyllum confertiflorum,Asteraceae,Eriophyllum,Santa Clara County,California,37.275083,-122.139014,2025-06-27,2025,Apodemia mormo,interactsWith,butterfly,general_interaction
Eriophyllum confertiflorum var. confertiflorum,Eriophyllum confertiflorum,Asteraceae,Eriophyllum,Santa Clara County,California,37.275083,-122.139014,2025-06-27,2025,Andrena pallidifovea,interactsWith,bee,general_interaction
Eriophyllum confertiflorum var. confertiflorum,Eriophyllum confertiflorum,Asteraceae,Eriophyllum,Santa Clara County,California,37.275083,-122.139014,2025-06-27,2025,Ashmeadiella cubiceps,interactsWith,bee,general_interaction
Eriophyllum confertiflorum var. confertiflorum,Eriophyllum confertiflorum,Asteraceae,Eriophyllum,Santa Clara County,California,37.275083,-122.139014,2025-06-27,2025,Icaricia acmon,interactsWith,butterfly,general_interaction
Eriophyllum confertiflorum var. confertiflorum,Eriophyllum confertiflorum,Asteraceae,Eriophyllum,Santa Clara County,California,37.275083,-122.139014,2025-06-27,2025,Bombus vosnesenskii,interactsWith,bee,general_interaction
Eriophyllum confertiflorum var. confertiflorum,Eriophyllum confertiflorum,Asteraceae,Eriophyllum,Santa Clara County,California,37.275083,-122.139014,2025-06-27,2025,Heriades occidentalis,interactsWith,bee,general_interaction
Eriophyllum confertiflorum var. confertiflorum,Eriophyllum confertiflorum,Asteraceae,Eriophyllum,Santa Clara County,California,37.275083,-122.139014,2025-06-27,2025,Nomada,interactsWith,bee,general_interaction
Eriophyllum confertiflorum var. confertiflorum,Eriophyllum confertiflorum,Asteraceae,Eriophyllum,Santa Clara County,California,37.275083,-122.139014,2025-06-27,2025,Erynnis pacuvius,interactsWith,butterfly,general_interaction
Eriophyllum confertiflorum var. confertiflorum,Eriophyllum confertiflorum,Asteraceae,Eriophyllum,Santa Clara County,California,37.275083,-122.139014,2025-06-27,2025,Vanessa virginiensis,interactsWith,butterfly,general_interaction
Eriophyllum confertiflorum var. confertiflorum,Eriophyllum confertiflorum,Asteraceae,Eriophyllum,Santa Clara County,California,37.275083,-122.139014,2025-06-27,2025,Halictus tripartitus,interactsWith,bee,general_interaction
Eriophyllum confertiflorum var. confertiflorum,Eriophyllum confertiflorum,Asteraceae,Eriophyllum,Santa Clara County,California,37.275083,-122.139014,2025-06-27,2025,Epeolus compactus,interactsWith,bee,general_interaction
Eriophyllum confertiflorum var. confertiflorum,Eriophyllum confertiflorum,Asteraceae,Eriophyllum,Santa Clara County,California,37.275083,-122.139014,2025-06-27,2025,Vanessa cardui,interactsWith,butterfly,general_interaction
Eriophyllum confertiflorum var. confertiflorum,Eriophyllum confertiflorum,Asteraceae,Eriophyllum,Santa Clara County,California,37.275083,-122.139014,2025-06-27,2025,Hylaeus,interactsWith,bee,general_interaction
Nemophila menziesii var. menziesii,Nemophila menziesii,Hydrophyllaceae,Nemophila,Kern County,California,35.6958,-118.214961,2025-03-19,2025,Andrena bucculenta,interactsWith,bee,general_interaction
Nemophila menziesii var. menziesii,Nemophila menziesii,Hydrophyllaceae,Nemophila,Kern County,California,35.6958,-118.214961,2025-03-19,2025,Andrena (Andrena),interactsWith,bee,general_interaction
Nemophila menziesii var. menziesii,Nemophila menziesii,Hydrophyllaceae,Nemophila,Kern County,California,35.6958,-118.214961,2025-03-19,2025,Andrena nemophilae,interactsWith,bee,general_interaction
Nemophila menziesii var. menziesii,Nemophila menziesii,Hydrophyllaceae,Nemophila,Kern County,California,35.6958,-118.214961,2025-03-19,2025,Andrena crudeni,interactsWith,bee,general_interaction
Nemophila menziesii var. menziesii,Nemophila menziesii,Hydrophyllaceae,Nemophila,Kern County,California,35.6958,-118.214961,2025-03-19,2025,Osmia glauca,interactsWith,bee,general_interaction
Nemophila menziesii var. menziesii,Nemophila menziesii,Hydrophyllaceae,Nemophila,Kern County,California,35.6958,-118.214961,2025-03-19,2025,Hoplitis biscutellae,interactsWith,bee,general_interaction
Nemophila menziesii var. menziesii,Nemophila menziesii,Hydrophyllaceae,Nemophila,Kern County,California,35.6958,-118.214961,2025-03-19,2025,Andrena angustitarsata,interactsWith,bee,general_interaction
Nemophila menziesii var. menziesii,Nemophila menziesii,Hydrophyllaceae,Nemophila,Kern County,California,35.6958,-118.214961,2025-03-19,2025,Lasioglossum titusi,interactsWith,bee,general_interaction
Nemophila menziesii var. menziesii,Nemophila menziesii,Hydrophyllaceae,Nemophila,Kern County,California,35.6958,-118.214961,2025-03-19,2025,Andrena nigrocaerulea,interactsWith,bee,general_interaction
Nemophila menziesii var. menziesii,Nemophila menziesii,Hydrophyllaceae,Nemophila,Kern County,California,35.6958,-118.214961,2025-03-19,2025,Osmia,interactsWith,bee,general_interaction
Nemophila menziesii var. menziesii,Nemophila menziesii,Hydrophyllaceae,Nemophila,Kern County,California,35.6958,-118.214961,2025-03-19,2025,Hoplitis fulgida,interactsWith,bee,general_interaction
Nemophila menziesii var. menziesii,Nemophila menziesii,Hydrophyllaceae,Nemophila,Kern County,California,35.6958,-118.214961,2025-03-19,2025,Osmia lignaria,interactsWith,bee,general_interaction
Nemophila menziesii var. menziesii,Nemophila menziesii,Hydrophyllaceae,Nemophila,Kern County,California,35.6958,-118.214961,2025-03-19,2025,Lasioglossum,interactsWith,bee,general_interaction
Nemophila menziesii var. menziesii,Nemophila menziesii,Hydrophyllaceae,Nemophila,Kern County,California,35.6958,-118.214961,2025-03-19,2025,Andrena orthocarpi,interactsWith,bee,general_interaction
Nemophila menziesii var. menziesii,Nemophila menziesii,Hydrophyllaceae,Nemophila,Kern County,California,35.6958,-118.214961,2025-03-19,2025,Andrena cerasifolii,interactsWith,bee,general_interaction
Nemophila menziesii var. menziesii,Nemophila menziesii,Hydrophyllaceae,Nemophila,Kern County,California,35.6958,-118.214961,2025-03-19,2025,Andrena suavis,interactsWith,bee,general_interaction
Nemophila menziesii var. menziesii,Nemophila menziesii,Hydrophyllaceae,Nemophila,Kern County,California,35.6958,-118.214961,2025-03-19,2025,Andrena,interactsWith,bee,general_interaction
Nemophila menziesii var. menziesii,Nemophila menziesii,Hydrophyllaceae,Nemophila,Kern County,California,35.6958,-118.214961,2025-03-19,2025,Bombus vosnesenskii,interactsWith,bee,general_interaction
Nemophila menziesii var. menziesii,Nemophila menziesii,Hydrophyllaceae,Nemophila,Kern County,California,35.6958,-118.214961,2025-03-19,2025,Andrena candida,interactsWith,bee,general_interaction
Nemophila menziesii var. menziesii,Nemophila menziesii,Hydrophyllaceae,Nemophila,Kern County,California,35.6958,-118.214961,2025-03-19,2025,Andrena nigripes,interactsWith,bee,general_interaction
Nemophila menziesii var. menziesii,Nemophila menziesii,Hydrophyllaceae,Nemophila,Kern County,California,35.6958,-118.214961,2025-03-19,2025,Andrena viridissima,interactsWith,bee,general_interaction
Nemophila menziesii var. menziesii,Nemophila menziesii,Hydrophyllaceae,Nemophila,Kern County,California,35.6958,-118.214961,2025-03-19,2025,Osmia nemoris,interactsWith,bee,general_interaction
Nemophila menziesii var. menziesii,Nemophila menziesii,Hydrophyllaceae,Nemophila,Kern County,California,35.6958,-118.214961,2025-03-19,2025,Hoplitis,interactsWith,bee,general_interaction
Nemophila menziesii var. menziesii,Nemophila menziesii,Hydrophyllaceae,Nemophila,Kern County,California,35.6958,-118.214961,2025-03-19,2025,Andrena cressonii,interactsWith,bee,general_interaction
Erysimum capitatum var. capitatum,Erysimum capitatum,Brassicaceae,Erysimum,San Diego County,California,32.870678,-116.417433,2026-05-15,2026,Andrena cressonii infasciata,visitedBy,bee,confirmed_pollination
Erysimum capitatum var. capitatum,Erysimum capitatum,Brassicaceae,Erysimum,San Diego County,California,32.870678,-116.417433,2026-05-15,2026,Lasioglossum sisymbrii,interactsWith,bee,general_interaction
Erysimum capitatum var. capitatum,Erysimum capitatum,Brassicaceae,Erysimum,San Diego County,California,32.870678,-116.417433,2026-05-15,2026,Lasioglossum semicaeruleum,interactsWith,bee,general_interaction
Erysimum capitatum var. capitatum,Erysimum capitatum,Brassicaceae,Erysimum,San Diego County,California,32.870678,-116.417433,2026-05-15,2026,Osmia cordata,interactsWith,bee,general_interaction
Erysimum capitatum var. capitatum,Erysimum capitatum,Brassicaceae,Erysimum,San Diego County,California,32.870678,-116.417433,2026-05-15,2026,Lasioglossum trizonatum,interactsWith,bee,general_interaction
Erysimum capitatum var. capitatum,Erysimum capitatum,Brassicaceae,Erysimum,San Diego County,California,32.870678,-116.417433,2026-05-15,2026,Lasioglossum albipenne,interactsWith,bee,general_interaction
Cirsium occidentale var. occidentale,Cirsium occidentale,Asteraceae,Cirsium,Santa Cruz County,California,36.882033,-121.827921,2026-05-04,2026,Bombus vosnesenskii,interactsWith,bee,general_interaction
Cirsium occidentale var. occidentale,Cirsium occidentale,Asteraceae,Cirsium,Santa Cruz County,California,36.882033,-121.827921,2026-05-04,2026,Bombus californicus,interactsWith,bee,general_interaction
Cirsium occidentale var. occidentale,Cirsium occidentale,Asteraceae,Cirsium,Santa Cruz County,California,36.882033,-121.827921,2026-05-04,2026,Bombus melanopygus,interactsWith,bee,general_interaction
Cirsium occidentale var. occidentale,Cirsium occidentale,Asteraceae,Cirsium,Santa Cruz County,California,36.882033,-121.827921,2026-05-04,2026,Bombus crotchii,interactsWith,bee,general_interaction
Delphinium patens subsp. patens,Delphinium patens,Ranunculaceae,Delphinium,Marin County,California,37.96948,-122.59582,2025-04-13,2025,Bombus caliginosus,interactsWith,bee,general_interaction
Adenostoma fasciculatum var. fasciculatum,Adenostoma fasciculatum,Rosaceae,Adenostoma,Lake County,California,38.853222,-122.411567,2026-03-28,2026,Andrena bucculenta,interactsWith,bee,general_interaction
Adenostoma fasciculatum var. fasciculatum,Adenostoma fasciculatum,Rosaceae,Adenostoma,Lake County,California,38.853222,-122.411567,2026-03-28,2026,Andrena (Andrena),interactsWith,bee,general_interaction
Adenostoma fasciculatum var. fasciculatum,Adenostoma fasciculatum,Rosaceae,Adenostoma,Lake County,California,38.853222,-122.411567,2026-03-28,2026,Chelostoma incisulum,interactsWith,bee,general_interaction
Adenostoma fasciculatum var. fasciculatum,Adenostoma fasciculatum,Rosaceae,Adenostoma,Lake County,California,38.853222,-122.411567,2026-03-28,2026,Colletes,interactsWith,bee,general_interaction
Adenostoma fasciculatum var. fasciculatum,Adenostoma fasciculatum,Rosaceae,Adenostoma,Lake County,California,38.853222,-122.411567,2026-03-28,2026,Dialictus,interactsWith,bee,general_interaction
Adenostoma fasciculatum var. fasciculatum,Adenostoma fasciculatum,Rosaceae,Adenostoma,Lake County,California,38.853222,-122.411567,2026-03-28,2026,Heriades occidentalis,interactsWith,bee,general_interaction
Adenostoma fasciculatum var. fasciculatum,Adenostoma fasciculatum,Rosaceae,Adenostoma,Lake County,California,38.853222,-122.411567,2026-03-28,2026,Bombus caliginosus,interactsWith,bee,general_interaction
Adenostoma fasciculatum var. fasciculatum,Adenostoma fasciculatum,Rosaceae,Adenostoma,Lake County,California,38.853222,-122.411567,2026-03-28,2026,Habrodais grunus,interactsWith,butterfly,general_interaction
Adenostoma fasciculatum var. fasciculatum,Adenostoma fasciculatum,Rosaceae,Adenostoma,Lake County,California,38.853222,-122.411567,2026-03-28,2026,Andrena principalis,interactsWith,bee,general_interaction
Adenostoma fasciculatum var. fasciculatum,Adenostoma fasciculatum,Rosaceae,Adenostoma,Lake County,California,38.853222,-122.411567,2026-03-28,2026,Andrena cerasifolii,interactsWith,bee,general_interaction
Adenostoma fasciculatum var. fasciculatum,Adenostoma fasciculatum,Rosaceae,Adenostoma,Lake County,California,38.853222,-122.411567,2026-03-28,2026,Bombus melanopygus,interactsWith,bee,general_interaction
Adenostoma fasciculatum var. fasciculatum,Adenostoma fasciculatum,Rosaceae,Adenostoma,Lake County,California,38.853222,-122.411567,2026-03-28,2026,Hylaeus,interactsWith,bee,general_interaction
Adenostoma fasciculatum var. fasciculatum,Adenostoma fasciculatum,Rosaceae,Adenostoma,Lake County,California,38.853222,-122.411567,2026-03-28,2026,Bombus occidentalis,interactsWith,bee,general_interaction
Adenostoma fasciculatum var. fasciculatum,Adenostoma fasciculatum,Rosaceae,Adenostoma,Lake County,California,38.853222,-122.411567,2026-03-28,2026,Xeromelecta californica,interactsWith,bee,general_interaction
Adenostoma fasciculatum var. fasciculatum,Adenostoma fasciculatum,Rosaceae,Adenostoma,Lake County,California,38.853222,-122.411567,2026-03-28,2026,Ochlodes sylvanoides,interactsWith,butterfly,general_interaction
Adenostoma fasciculatum var. fasciculatum,Adenostoma fasciculatum,Rosaceae,Adenostoma,Lake County,California,38.853222,-122.411567,2026-03-28,2026,Bombus vosnesenskii,interactsWith,bee,general_interaction
Adenostoma fasciculatum var. fasciculatum,Adenostoma fasciculatum,Rosaceae,Adenostoma,Lake County,California,38.853222,-122.411567,2026-03-28,2026,Andrena,interactsWith,bee,general_interaction
Adenostoma fasciculatum var. fasciculatum,Adenostoma fasciculatum,Rosaceae,Adenostoma,Lake County,California,38.853222,-122.411567,2026-03-28,2026,Satyrium saepium chalcis,interactsWith,butterfly,general_interaction
Adenostoma fasciculatum var. fasciculatum,Adenostoma fasciculatum,Rosaceae,Adenostoma,Lake County,California,38.853222,-122.411567,2026-03-28,2026,Lasioglossum,interactsWith,bee,general_interaction
Adenostoma fasciculatum var. fasciculatum,Adenostoma fasciculatum,Rosaceae,Adenostoma,Lake County,California,38.853222,-122.411567,2026-03-28,2026,Sphecodes,interactsWith,bee,general_interaction
Adenostoma fasciculatum var. fasciculatum,Adenostoma fasciculatum,Rosaceae,Adenostoma,Lake County,California,38.853222,-122.411567,2026-03-28,2026,Andrena saccata,interactsWith,bee,general_interaction
Eschscholzia californica subsp. californica,Eschscholzia californica,Papaveraceae,Eschscholzia,Monterey County,California,36.619043,-121.940161,2026-05-02,2026,Apis mellifera,flowersVisitedBy,bee,confirmed_pollination
Eschscholzia californica subsp. californica,Eschscholzia californica,Papaveraceae,Eschscholzia,Monterey County,California,36.619043,-121.940161,2026-05-02,2026,Bombus vosnesenskii,flowersVisitedBy,bee,confirmed_pollination
Eschscholzia californica subsp. californica,Eschscholzia californica,Papaveraceae,Eschscholzia,Monterey County,California,36.619043,-121.940161,2026-05-02,2026,Lasioglossum sisymbrii,flowersVisitedBy,bee,confirmed_pollination
Eschscholzia californica subsp. californica,Eschscholzia californica,Papaveraceae,Eschscholzia,Monterey County,California,36.619043,-121.940161,2026-05-02,2026,Lasioglossum,flowersVisitedBy,bee,confirmed_pollination
Phacelia cicutaria var. cicutaria,Phacelia cicutaria,Hydrophyllaceae,Phacelia,Mariposa County,California,37.403215,-120.095887,2025-03-26,2025,Chelostoma phaceliae,interactsWith,bee,general_interaction
Baccharis salicifolia subsp. salicifolia,Baccharis salicifolia,Asteraceae,Baccharis,Los Angeles County,California,33.970557,-118.433148,2025-11-29,2025,Hylaeus (Paraprosopis) polifolii,interactsWith,bee,general_interaction
Baccharis salicifolia subsp. salicifolia,Baccharis salicifolia,Asteraceae,Baccharis,Los Angeles County,California,33.970557,-118.433148,2025-11-29,2025,Megachile (Xeromegachile) subnigra angelica,interactsWith,bee,general_interaction
Baccharis salicifolia subsp. salicifolia,Baccharis salicifolia,Asteraceae,Baccharis,Los Angeles County,California,33.970557,-118.433148,2025-11-29,2025,Ceratina (Ceratinula) arizonensis,interactsWith,bee,general_interaction
Baccharis salicifolia subsp. salicifolia,Baccharis salicifolia,Asteraceae,Baccharis,Los Angeles County,California,33.970557,-118.433148,2025-11-29,2025,Augochlorella pomoniella,interactsWith,bee,general_interaction
Baccharis salicifolia subsp. salicifolia,Baccharis salicifolia,Asteraceae,Baccharis,Los Angeles County,California,33.970557,-118.433148,2025-11-29,2025,Hylaeus polifolii,interactsWith,bee,general_interaction
Triphysaria eriantha subsp. eriantha,Triphysaria eriantha,Orobanchaceae,Triphysaria,Sonoma County,California,38.390512,-122.581155,2026-05-08,2026,Andrena,interactsWith,bee,general_interaction
Triphysaria eriantha subsp. eriantha,Triphysaria eriantha,Orobanchaceae,Triphysaria,Sonoma County,California,38.390512,-122.581155,2026-05-08,2026,Andrena microchlora,interactsWith,bee,general_interaction
Cirsium occidentale var. occidentale,Cirsium occidentale,Asteraceae,Cirsium,San Luis Obispo County,California,35.308537,-120.867694,2025-06-19,2025,Bombus vosnesenskii,interactsWith,bee,general_interaction
Cirsium occidentale var. occidentale,Cirsium occidentale,Asteraceae,Cirsium,San Luis Obispo County,California,35.308537,-120.867694,2025-06-19,2025,Bombus californicus,interactsWith,bee,general_interaction
Cirsium occidentale var. occidentale,Cirsium occidentale,Asteraceae,Cirsium,San Luis Obispo County,California,35.308537,-120.867694,2025-06-19,2025,Bombus melanopygus,interactsWith,bee,general_interaction
Cirsium occidentale var. occidentale,Cirsium occidentale,Asteraceae,Cirsium,San Luis Obispo County,California,35.308537,-120.867694,2025-06-19,2025,Bombus crotchii,interactsWith,bee,general_interaction
Triphysaria eriantha subsp. eriantha,Triphysaria eriantha,Orobanchaceae,Triphysaria,Amador County,California,38.349838,-120.664456,2025-04-20,2025,Andrena,interactsWith,bee,general_interaction
Triphysaria eriantha subsp. eriantha,Triphysaria eriantha,Orobanchaceae,Triphysaria,Amador County,California,38.349838,-120.664456,2025-04-20,2025,Andrena microchlora,interactsWith,bee,general_interaction
Hosackia crassifolia var. crassifolia,Hosackia crassifolia,Fabaceae,Hosackia,Santa Clara County,California,37.18044,-121.826732,2026-03-26,2026,Bombus vosnesenskii,flowersVisitedBy,bee,confirmed_pollination
Eriophyllum confertiflorum var. confertiflorum,Eriophyllum confertiflorum,Asteraceae,Eriophyllum,Ventura County,California,34.532488,-119.247087,2026-06-14,2026,Dianthidium parvum schwarzi,interactsWith,bee,general_interaction
Eriophyllum confertiflorum var. confertiflorum,Eriophyllum confertiflorum,Asteraceae,Eriophyllum,Ventura County,California,34.532488,-119.247087,2026-06-14,2026,Epeolus howardi,interactsWith,bee,general_interaction
Eriophyllum confertiflorum var. confertiflorum,Eriophyllum confertiflorum,Asteraceae,Eriophyllum,Ventura County,California,34.532488,-119.247087,2026-06-14,2026,Melissodes lupina,interactsWith,bee,general_interaction
Eriophyllum confertiflorum var. confertiflorum,Eriophyllum confertiflorum,Asteraceae,Eriophyllum,Ventura County,California,34.532488,-119.247087,2026-06-14,2026,Ochlodes agricola,interactsWith,butterfly,general_interaction
Eriophyllum confertiflorum var. confertiflorum,Eriophyllum confertiflorum,Asteraceae,Eriophyllum,Ventura County,California,34.532488,-119.247087,2026-06-14,2026,Bombus melanopygus,interactsWith,bee,general_interaction
Eriophyllum confertiflorum var. confertiflorum,Eriophyllum confertiflorum,Asteraceae,Eriophyllum,Ventura County,California,34.532488,-119.247087,2026-06-14,2026,Chlosyne palla,interactsWith,butterfly,general_interaction
Eriophyllum confertiflorum var. confertiflorum,Eriophyllum confertiflorum,Asteraceae,Eriophyllum,Ventura County,California,34.532488,-119.247087,2026-06-14,2026,Sphecodes,interactsWith,bee,general_interaction
Eriophyllum confertiflorum var. confertiflorum,Eriophyllum confertiflorum,Asteraceae,Eriophyllum,Ventura County,California,34.532488,-119.247087,2026-06-14,2026,Lycaena gorgon,interactsWith,butterfly,general_interaction
Eriophyllum confertiflorum var. confertiflorum,Eriophyllum confertiflorum,Asteraceae,Eriophyllum,Ventura County,California,34.532488,-119.247087,2026-06-14,2026,Icaricia lupini,interactsWith,butterfly,general_interaction
Eriophyllum confertiflorum var. confertiflorum,Eriophyllum confertiflorum,Asteraceae,Eriophyllum,Ventura County,California,34.532488,-119.247087,2026-06-14,2026,Erynnis propertius,interactsWith,butterfly,general_interaction
Eriophyllum confertiflorum var. confertiflorum,Eriophyllum confertiflorum,Asteraceae,Eriophyllum,Ventura County,California,34.532488,-119.247087,2026-06-14,2026,Andrena,interactsWith,bee,general_interaction
Eriophyllum confertiflorum var. confertiflorum,Eriophyllum confertiflorum,Asteraceae,Eriophyllum,Ventura County,California,34.532488,-119.247087,2026-06-14,2026,Ashmeadiella,interactsWith,bee,general_interaction
Eriophyllum confertiflorum var. confertiflorum,Eriophyllum confertiflorum,Asteraceae,Eriophyllum,Ventura County,California,34.532488,-119.247087,2026-06-14,2026,Dialictus,interactsWith,bee,general_interaction
Eriophyllum confertiflorum var. confertiflorum,Eriophyllum confertiflorum,Asteraceae,Eriophyllum,Ventura County,California,34.532488,-119.247087,2026-06-14,2026,Apodemia mormo,interactsWith,butterfly,general_interaction
Eriophyllum confertiflorum var. confertiflorum,Eriophyllum confertiflorum,Asteraceae,Eriophyllum,Ventura County,California,34.532488,-119.247087,2026-06-14,2026,Andrena pallidifovea,interactsWith,bee,general_interaction
Eriophyllum confertiflorum var. confertiflorum,Eriophyllum confertiflorum,Asteraceae,Eriophyllum,Ventura County,California,34.532488,-119.247087,2026-06-14,2026,Ashmeadiella cubiceps,interactsWith,bee,general_interaction
Eriophyllum confertiflorum var. confertiflorum,Eriophyllum confertiflorum,Asteraceae,Eriophyllum,Ventura County,California,34.532488,-119.247087,2026-06-14,2026,Icaricia acmon,interactsWith,butterfly,general_interaction
Eriophyllum confertiflorum var. confertiflorum,Eriophyllum confertiflorum,Asteraceae,Eriophyllum,Ventura County,California,34.532488,-119.247087,2026-06-14,2026,Bombus vosnesenskii,interactsWith,bee,general_interaction
Eriophyllum confertiflorum var. confertiflorum,Eriophyllum confertiflorum,Asteraceae,Eriophyllum,Ventura County,California,34.532488,-119.247087,2026-06-14,2026,Heriades occidentalis,interactsWith,bee,general_interaction
Eriophyllum confertiflorum var. confertiflorum,Eriophyllum confertiflorum,Asteraceae,Eriophyllum,Ventura County,California,34.532488,-119.247087,2026-06-14,2026,Nomada,interactsWith,bee,general_interaction
Eriophyllum confertiflorum var. confertiflorum,Eriophyllum confertiflorum,Asteraceae,Eriophyllum,Ventura County,California,34.532488,-119.247087,2026-06-14,2026,Erynnis pacuvius,interactsWith,butterfly,general_interaction
Eriophyllum confertiflorum var. confertiflorum,Eriophyllum confertiflorum,Asteraceae,Eriophyllum,Ventura County,California,34.532488,-119.247087,2026-06-14,2026,Vanessa virginiensis,interactsWith,butterfly,general_interaction
Eriophyllum confertiflorum var. confertiflorum,Eriophyllum confertiflorum,Asteraceae,Eriophyllum,Ventura County,California,34.532488,-119.247087,2026-06-14,2026,Halictus tripartitus,interactsWith,bee,general_interaction
Eriophyllum confertiflorum var. confertiflorum,Eriophyllum confertiflorum,Asteraceae,Eriophyllum,Ventura County,California,34.532488,-119.247087,2026-06-14,2026,Epeolus compactus,interactsWith,bee,general_interaction
Eriophyllum confertiflorum var. confertiflorum,Eriophyllum confertiflorum,Asteraceae,Eriophyllum,Ventura County,California,34.532488,-119.247087,2026-06-14,2026,Vanessa cardui,interactsWith,butterfly,general_interaction
Eriophyllum confertiflorum var. confertiflorum,Eriophyllum confertiflorum,Asteraceae,Eriophyllum,Ventura County,California,34.532488,-119.247087,2026-06-14,2026,Hylaeus,interactsWith,bee,general_interaction
Brodiaea elegans subsp. elegans,Brodiaea elegans,Asparagaceae,Brodiaea,Contra Costa County,California,37.9091,-121.918725,2026-04-07,2026,Strymon melinus,interactsWith,butterfly,general_interaction
Brodiaea elegans subsp. elegans,Brodiaea elegans,Asparagaceae,Brodiaea,Contra Costa County,California,37.9091,-121.918725,2026-04-07,2026,Anthophora urbana,interactsWith,bee,general_interaction
Brodiaea elegans subsp. elegans,Brodiaea elegans,Asparagaceae,Brodiaea,Contra Costa County,California,37.9091,-121.918725,2026-04-07,2026,Halictus tripartitus,interactsWith,bee,general_interaction
Brodiaea elegans subsp. elegans,Brodiaea elegans,Asparagaceae,Brodiaea,Contra Costa County,California,37.9091,-121.918725,2026-04-07,2026,Lasioglossum incompletum,interactsWith,bee,general_interaction
Triphysaria eriantha subsp. eriantha,Triphysaria eriantha,Orobanchaceae,Triphysaria,Placer County,California,38.9618,-121.292183,2026-03-13,2026,Andrena,interactsWith,bee,general_interaction
Triphysaria eriantha subsp. eriantha,Triphysaria eriantha,Orobanchaceae,Triphysaria,Placer County,California,38.9618,-121.292183,2026-03-13,2026,Andrena microchlora,interactsWith,bee,general_interaction
Vicia sativa subsp. sativa,Vicia sativa,Fabaceae,Vicia,Marin County,California,38.019211,-122.590845,2025-04-21,2025,Bombus melanopygus,interactsWith,bee,general_interaction
Quercus agrifolia var. agrifolia,Quercus agrifolia,Fagaceae,Quercus,Contra Costa County,California,37.916578,-121.930703,2025-11-07,2025,Celastrina echo,interactsWith,butterfly,general_interaction
Quercus agrifolia var. agrifolia,Quercus agrifolia,Fagaceae,Quercus,Contra Costa County,California,37.916578,-121.930703,2025-11-07,2025,Andrena,interactsWith,bee,general_interaction
Quercus agrifolia var. agrifolia,Quercus agrifolia,Fagaceae,Quercus,Contra Costa County,California,37.916578,-121.930703,2025-11-07,2025,Apis mellifera,interactsWith,bee,general_interaction
Quercus agrifolia var. agrifolia,Quercus agrifolia,Fagaceae,Quercus,Contra Costa County,California,37.916578,-121.930703,2025-11-07,2025,Lasioglossum,interactsWith,bee,general_interaction
Claytonia exigua subsp. exigua,Claytonia exigua,Montiaceae,Claytonia,Marin County,California,37.90927,-122.614612,2025-04-02,2025,Andrena anisochlora,flowersVisitedBy,bee,confirmed_pollination
Symphyotrichum spathulatum var. spathulatum,Symphyotrichum occidentale,Asteraceae,Symphyotrichum,Nevada County,California,39.3189,-120.365647,2025-07-22,2025,Bombus vandykei,flowersVisitedBy,bee,confirmed_pollination
Symphyotrichum spathulatum var. spathulatum,Symphyotrichum occidentale,Asteraceae,Symphyotrichum,Nevada County,California,39.3189,-120.365647,2025-07-22,2025,Bombus vosnesenskii,flowersVisitedBy,bee,confirmed_pollination
Symphyotrichum spathulatum var. spathulatum,Symphyotrichum occidentale,Asteraceae,Symphyotrichum,Nevada County,California,39.3189,-120.365647,2025-07-22,2025,Bombus bifarius,flowersVisitedBy,bee,confirmed_pollination
Adenostoma fasciculatum var. fasciculatum,Adenostoma fasciculatum,Rosaceae,Adenostoma,San Mateo County,California,37.480348,-122.297562,2025-01-26,2025,Andrena bucculenta,interactsWith,bee,general_interaction
Adenostoma fasciculatum var. fasciculatum,Adenostoma fasciculatum,Rosaceae,Adenostoma,San Mateo County,California,37.480348,-122.297562,2025-01-26,2025,Andrena (Andrena),interactsWith,bee,general_interaction
Adenostoma fasciculatum var. fasciculatum,Adenostoma fasciculatum,Rosaceae,Adenostoma,San Mateo County,California,37.480348,-122.297562,2025-01-26,2025,Chelostoma incisulum,interactsWith,bee,general_interaction
Adenostoma fasciculatum var. fasciculatum,Adenostoma fasciculatum,Rosaceae,Adenostoma,San Mateo County,California,37.480348,-122.297562,2025-01-26,2025,Colletes,interactsWith,bee,general_interaction
Adenostoma fasciculatum var. fasciculatum,Adenostoma fasciculatum,Rosaceae,Adenostoma,San Mateo County,California,37.480348,-122.297562,2025-01-26,2025,Dialictus,interactsWith,bee,general_interaction
Adenostoma fasciculatum var. fasciculatum,Adenostoma fasciculatum,Rosaceae,Adenostoma,San Mateo County,California,37.480348,-122.297562,2025-01-26,2025,Heriades occidentalis,interactsWith,bee,general_interaction
Adenostoma fasciculatum var. fasciculatum,Adenostoma fasciculatum,Rosaceae,Adenostoma,San Mateo County,California,37.480348,-122.297562,2025-01-26,2025,Bombus caliginosus,interactsWith,bee,general_interaction
Adenostoma fasciculatum var. fasciculatum,Adenostoma fasciculatum,Rosaceae,Adenostoma,San Mateo County,California,37.480348,-122.297562,2025-01-26,2025,Habrodais grunus,interactsWith,butterfly,general_interaction
Adenostoma fasciculatum var. fasciculatum,Adenostoma fasciculatum,Rosaceae,Adenostoma,San Mateo County,California,37.480348,-122.297562,2025-01-26,2025,Andrena principalis,interactsWith,bee,general_interaction
Adenostoma fasciculatum var. fasciculatum,Adenostoma fasciculatum,Rosaceae,Adenostoma,San Mateo County,California,37.480348,-122.297562,2025-01-26,2025,Andrena cerasifolii,interactsWith,bee,general_interaction
Adenostoma fasciculatum var. fasciculatum,Adenostoma fasciculatum,Rosaceae,Adenostoma,San Mateo County,California,37.480348,-122.297562,2025-01-26,2025,Bombus melanopygus,interactsWith,bee,general_interaction
Adenostoma fasciculatum var. fasciculatum,Adenostoma fasciculatum,Rosaceae,Adenostoma,San Mateo County,California,37.480348,-122.297562,2025-01-26,2025,Hylaeus,interactsWith,bee,general_interaction
Adenostoma fasciculatum var. fasciculatum,Adenostoma fasciculatum,Rosaceae,Adenostoma,San Mateo County,California,37.480348,-122.297562,2025-01-26,2025,Bombus occidentalis,interactsWith,bee,general_interaction
Adenostoma fasciculatum var. fasciculatum,Adenostoma fasciculatum,Rosaceae,Adenostoma,San Mateo County,California,37.480348,-122.297562,2025-01-26,2025,Xeromelecta californica,interactsWith,bee,general_interaction
Adenostoma fasciculatum var. fasciculatum,Adenostoma fasciculatum,Rosaceae,Adenostoma,San Mateo County,California,37.480348,-122.297562,2025-01-26,2025,Ochlodes sylvanoides,interactsWith,butterfly,general_interaction
Adenostoma fasciculatum var. fasciculatum,Adenostoma fasciculatum,Rosaceae,Adenostoma,San Mateo County,California,37.480348,-122.297562,2025-01-26,2025,Bombus vosnesenskii,interactsWith,bee,general_interaction
Adenostoma fasciculatum var. fasciculatum,Adenostoma fasciculatum,Rosaceae,Adenostoma,San Mateo County,California,37.480348,-122.297562,2025-01-26,2025,Andrena,interactsWith,bee,general_interaction
Adenostoma fasciculatum var. fasciculatum,Adenostoma fasciculatum,Rosaceae,Adenostoma,San Mateo County,California,37.480348,-122.297562,2025-01-26,2025,Satyrium saepium chalcis,interactsWith,butterfly,general_interaction
Adenostoma fasciculatum var. fasciculatum,Adenostoma fasciculatum,Rosaceae,Adenostoma,San Mateo County,California,37.480348,-122.297562,2025-01-26,2025,Lasioglossum,interactsWith,bee,general_interaction
Adenostoma fasciculatum var. fasciculatum,Adenostoma fasciculatum,Rosaceae,Adenostoma,San Mateo County,California,37.480348,-122.297562,2025-01-26,2025,Sphecodes,interactsWith,bee,general_interaction
Adenostoma fasciculatum var. fasciculatum,Adenostoma fasciculatum,Rosaceae,Adenostoma,San Mateo County,California,37.480348,-122.297562,2025-01-26,2025,Andrena saccata,interactsWith,bee,general_interaction
Vicia villosa subsp. villosa,Vicia villosa,Fabaceae,Vicia,Sacramento County,California,38.580779,-121.422931,2026-03-31,2026,Bombus californicus,interactsWith,bee,general_interaction
Vicia villosa subsp. villosa,Vicia villosa,Fabaceae,Vicia,Sacramento County,California,38.580779,-121.422931,2026-03-31,2026,Bombus vosnesenskii,interactsWith,bee,general_interaction
Triphysaria eriantha subsp. eriantha,Triphysaria eriantha,Orobanchaceae,Triphysaria,Kern County,California,35.867767,-118.725075,2025-04-09,2025,Andrena,interactsWith,bee,general_interaction
Triphysaria eriantha subsp. eriantha,Triphysaria eriantha,Orobanchaceae,Triphysaria,Kern County,California,35.867767,-118.725075,2025-04-09,2025,Andrena microchlora,interactsWith,bee,general_interaction
Vicia sativa subsp. sativa,Vicia sativa,Fabaceae,Vicia,Santa Clara County,California,37.193667,-121.832605,2025-03-29,2025,Bombus melanopygus,interactsWith,bee,general_interaction
Frangula californica subsp. californica,Frangula californica,Rhamnaceae,Frangula,San Mateo County,California,37.35543,-122.211013,2025-04-28,2025,Andrena (Andrena),interactsWith,bee,general_interaction
Frangula californica subsp. californica,Frangula californica,Rhamnaceae,Frangula,San Mateo County,California,37.35543,-122.211013,2025-04-28,2025,Bombus sitkensis,interactsWith,bee,general_interaction
Frangula californica subsp. californica,Frangula californica,Rhamnaceae,Frangula,San Mateo County,California,37.35543,-122.211013,2025-04-28,2025,Celastrina echo,interactsWith,butterfly,general_interaction
Frangula californica subsp. californica,Frangula californica,Rhamnaceae,Frangula,San Mateo County,California,37.35543,-122.211013,2025-04-28,2025,Phyciodes pulchella pulchella,interactsWith,butterfly,general_interaction
Frangula californica subsp. californica,Frangula californica,Rhamnaceae,Frangula,San Mateo County,California,37.35543,-122.211013,2025-04-28,2025,Apis mellifera,interactsWith,bee,general_interaction
Frangula californica subsp. californica,Frangula californica,Rhamnaceae,Frangula,San Mateo County,California,37.35543,-122.211013,2025-04-28,2025,Tharsalea arota,interactsWith,butterfly,general_interaction
Frangula californica subsp. californica,Frangula californica,Rhamnaceae,Frangula,San Mateo County,California,37.35543,-122.211013,2025-04-28,2025,Colletes slevini,interactsWith,bee,general_interaction
Frangula californica subsp. californica,Frangula californica,Rhamnaceae,Frangula,San Mateo County,California,37.35543,-122.211013,2025-04-28,2025,Lasioglossum pacificum,interactsWith,bee,general_interaction
Frangula californica subsp. californica,Frangula californica,Rhamnaceae,Frangula,San Mateo County,California,37.35543,-122.211013,2025-04-28,2025,Lasioglossum,interactsWith,bee,general_interaction
Frangula californica subsp. californica,Frangula californica,Rhamnaceae,Frangula,San Mateo County,California,37.35543,-122.211013,2025-04-28,2025,Bombus vosnesenskii,interactsWith,bee,general_interaction
Frangula californica subsp. californica,Frangula californica,Rhamnaceae,Frangula,San Mateo County,California,37.35543,-122.211013,2025-04-28,2025,Melissodes,interactsWith,bee,general_interaction
Frangula californica subsp. californica,Frangula californica,Rhamnaceae,Frangula,San Mateo County,California,37.35543,-122.211013,2025-04-28,2025,Andrena cerasifolii,interactsWith,bee,general_interaction
Frangula californica subsp. californica,Frangula californica,Rhamnaceae,Frangula,San Mateo County,California,37.35543,-122.211013,2025-04-28,2025,Bombus flavifrons,interactsWith,bee,general_interaction
Frangula californica subsp. californica,Frangula californica,Rhamnaceae,Frangula,San Mateo County,California,37.35543,-122.211013,2025-04-28,2025,Hylaeus,interactsWith,bee,general_interaction
Frangula californica subsp. californica,Frangula californica,Rhamnaceae,Frangula,San Mateo County,California,37.35543,-122.211013,2025-04-28,2025,Andrena,interactsWith,bee,general_interaction
Frangula californica subsp. californica,Frangula californica,Rhamnaceae,Frangula,San Mateo County,California,37.35543,-122.211013,2025-04-28,2025,Bombus melanopygus,interactsWith,bee,general_interaction
Frangula californica subsp. californica,Frangula californica,Rhamnaceae,Frangula,San Mateo County,California,37.35543,-122.211013,2025-04-28,2025,Bombus caliginosus,interactsWith,bee,general_interaction
Frangula californica subsp. californica,Frangula californica,Rhamnaceae,Frangula,San Mateo County,California,37.35543,-122.211013,2025-04-28,2025,Nomada,interactsWith,bee,general_interaction
Vicia villosa subsp. villosa,Vicia villosa,Fabaceae,Vicia,San Bernardino County,California,34.036864,-117.242188,2025-05-12,2025,Bombus californicus,interactsWith,bee,general_interaction
Vicia villosa subsp. villosa,Vicia villosa,Fabaceae,Vicia,San Bernardino County,California,34.036864,-117.242188,2025-05-12,2025,Bombus vosnesenskii,interactsWith,bee,general_interaction
Carduus pycnocephalus subsp. pycnocephalus,Carduus pycnocephalus,Asteraceae,Carduus,Riverside County,California,33.640741,-117.46325,2026-05-02,2026,Pieris marginalis,interactsWith,butterfly,general_interaction
Carduus pycnocephalus subsp. pycnocephalus,Carduus pycnocephalus,Asteraceae,Carduus,Riverside County,California,33.640741,-117.46325,2026-05-02,2026,Xylocopa tabaniformis orpifex,interactsWith,bee,general_interaction
Carduus pycnocephalus subsp. pycnocephalus,Carduus pycnocephalus,Asteraceae,Carduus,Riverside County,California,33.640741,-117.46325,2026-05-02,2026,Ochlodes agricola,interactsWith,butterfly,general_interaction
Carduus pycnocephalus subsp. pycnocephalus,Carduus pycnocephalus,Asteraceae,Carduus,Riverside County,California,33.640741,-117.46325,2026-05-02,2026,Hylephila phyleus,interactsWith,butterfly,general_interaction
Carduus pycnocephalus subsp. pycnocephalus,Carduus pycnocephalus,Asteraceae,Carduus,Riverside County,California,33.640741,-117.46325,2026-05-02,2026,Vanessa cardui,interactsWith,butterfly,general_interaction
Carduus pycnocephalus subsp. pycnocephalus,Carduus pycnocephalus,Asteraceae,Carduus,Riverside County,California,33.640741,-117.46325,2026-05-02,2026,Osmia texana,interactsWith,bee,general_interaction
Carduus pycnocephalus subsp. pycnocephalus,Carduus pycnocephalus,Asteraceae,Carduus,Riverside County,California,33.640741,-117.46325,2026-05-02,2026,Papilio rutulus,interactsWith,butterfly,general_interaction
Carduus pycnocephalus subsp. pycnocephalus,Carduus pycnocephalus,Asteraceae,Carduus,Riverside County,California,33.640741,-117.46325,2026-05-02,2026,Anthophora californica,interactsWith,bee,general_interaction
Carduus pycnocephalus subsp. pycnocephalus,Carduus pycnocephalus,Asteraceae,Carduus,Riverside County,California,33.640741,-117.46325,2026-05-02,2026,Heriades occidentalis,interactsWith,bee,general_interaction
Carduus pycnocephalus subsp. pycnocephalus,Carduus pycnocephalus,Asteraceae,Carduus,Riverside County,California,33.640741,-117.46325,2026-05-02,2026,Bombus melanopygus,interactsWith,bee,general_interaction
Carduus pycnocephalus subsp. pycnocephalus,Carduus pycnocephalus,Asteraceae,Carduus,Riverside County,California,33.640741,-117.46325,2026-05-02,2026,Anthophora urbana,interactsWith,bee,general_interaction
Carduus pycnocephalus subsp. pycnocephalus,Carduus pycnocephalus,Asteraceae,Carduus,Riverside County,California,33.640741,-117.46325,2026-05-02,2026,Speyeria coronis,interactsWith,butterfly,general_interaction
Carduus pycnocephalus subsp. pycnocephalus,Carduus pycnocephalus,Asteraceae,Carduus,Riverside County,California,33.640741,-117.46325,2026-05-02,2026,Melissodes lupina,interactsWith,bee,general_interaction
Carduus pycnocephalus subsp. pycnocephalus,Carduus pycnocephalus,Asteraceae,Carduus,Riverside County,California,33.640741,-117.46325,2026-05-02,2026,Icaricia icarioides,interactsWith,butterfly,general_interaction
Carduus pycnocephalus subsp. pycnocephalus,Carduus pycnocephalus,Asteraceae,Carduus,Riverside County,California,33.640741,-117.46325,2026-05-02,2026,Agapostemon texanus,interactsWith,bee,general_interaction
Carduus pycnocephalus subsp. pycnocephalus,Carduus pycnocephalus,Asteraceae,Carduus,Riverside County,California,33.640741,-117.46325,2026-05-02,2026,Bombus vosnesenskii,interactsWith,bee,general_interaction
Vicia sativa subsp. sativa,Vicia sativa,Fabaceae,Vicia,Sonoma County,California,38.343225,-122.706684,2025-05-15,2025,Bombus melanopygus,interactsWith,bee,general_interaction
Nemophila menziesii var. menziesii,Nemophila menziesii,Hydrophyllaceae,Nemophila,Tulare County,California,36.149314,-118.799775,2025-03-21,2025,Andrena bucculenta,interactsWith,bee,general_interaction
Nemophila menziesii var. menziesii,Nemophila menziesii,Hydrophyllaceae,Nemophila,Tulare County,California,36.149314,-118.799775,2025-03-21,2025,Andrena (Andrena),interactsWith,bee,general_interaction
Nemophila menziesii var. menziesii,Nemophila menziesii,Hydrophyllaceae,Nemophila,Tulare County,California,36.149314,-118.799775,2025-03-21,2025,Andrena nemophilae,interactsWith,bee,general_interaction
Nemophila menziesii var. menziesii,Nemophila menziesii,Hydrophyllaceae,Nemophila,Tulare County,California,36.149314,-118.799775,2025-03-21,2025,Andrena crudeni,interactsWith,bee,general_interaction
Nemophila menziesii var. menziesii,Nemophila menziesii,Hydrophyllaceae,Nemophila,Tulare County,California,36.149314,-118.799775,2025-03-21,2025,Osmia glauca,interactsWith,bee,general_interaction
Nemophila menziesii var. menziesii,Nemophila menziesii,Hydrophyllaceae,Nemophila,Tulare County,California,36.149314,-118.799775,2025-03-21,2025,Hoplitis biscutellae,interactsWith,bee,general_interaction
Nemophila menziesii var. menziesii,Nemophila menziesii,Hydrophyllaceae,Nemophila,Tulare County,California,36.149314,-118.799775,2025-03-21,2025,Andrena angustitarsata,interactsWith,bee,general_interaction
Nemophila menziesii var. menziesii,Nemophila menziesii,Hydrophyllaceae,Nemophila,Tulare County,California,36.149314,-118.799775,2025-03-21,2025,Lasioglossum titusi,interactsWith,bee,general_interaction
Nemophila menziesii var. menziesii,Nemophila menziesii,Hydrophyllaceae,Nemophila,Tulare County,California,36.149314,-118.799775,2025-03-21,2025,Andrena nigrocaerulea,interactsWith,bee,general_interaction
Nemophila menziesii var. menziesii,Nemophila menziesii,Hydrophyllaceae,Nemophila,Tulare County,California,36.149314,-118.799775,2025-03-21,2025,Osmia,interactsWith,bee,general_interaction
Nemophila menziesii var. menziesii,Nemophila menziesii,Hydrophyllaceae,Nemophila,Tulare County,California,36.149314,-118.799775,2025-03-21,2025,Hoplitis fulgida,interactsWith,bee,general_interaction
Nemophila menziesii var. menziesii,Nemophila menziesii,Hydrophyllaceae,Nemophila,Tulare County,California,36.149314,-118.799775,2025-03-21,2025,Osmia lignaria,interactsWith,bee,general_interaction
Nemophila menziesii var. menziesii,Nemophila menziesii,Hydrophyllaceae,Nemophila,Tulare County,California,36.149314,-118.799775,2025-03-21,2025,Lasioglossum,interactsWith,bee,general_interaction
Nemophila menziesii var. menziesii,Nemophila menziesii,Hydrophyllaceae,Nemophila,Tulare County,California,36.149314,-118.799775,2025-03-21,2025,Andrena orthocarpi,interactsWith,bee,general_interaction
Nemophila menziesii var. menziesii,Nemophila menziesii,Hydrophyllaceae,Nemophila,Tulare County,California,36.149314,-118.799775,2025-03-21,2025,Andrena cerasifolii,interactsWith,bee,general_interaction
Nemophila menziesii var. menziesii,Nemophila menziesii,Hydrophyllaceae,Nemophila,Tulare County,California,36.149314,-118.799775,2025-03-21,2025,Andrena suavis,interactsWith,bee,general_interaction
Nemophila menziesii var. menziesii,Nemophila menziesii,Hydrophyllaceae,Nemophila,Tulare County,California,36.149314,-118.799775,2025-03-21,2025,Andrena,interactsWith,bee,general_interaction
Nemophila menziesii var. menziesii,Nemophila menziesii,Hydrophyllaceae,Nemophila,Tulare County,California,36.149314,-118.799775,2025-03-21,2025,Bombus vosnesenskii,interactsWith,bee,general_interaction
Nemophila menziesii var. menziesii,Nemophila menziesii,Hydrophyllaceae,Nemophila,Tulare County,California,36.149314,-118.799775,2025-03-21,2025,Andrena candida,interactsWith,bee,general_interaction
Nemophila menziesii var. menziesii,Nemophila menziesii,Hydrophyllaceae,Nemophila,Tulare County,California,36.149314,-118.799775,2025-03-21,2025,Andrena nigripes,interactsWith,bee,general_interaction
Nemophila menziesii var. menziesii,Nemophila menziesii,Hydrophyllaceae,Nemophila,Tulare County,California,36.149314,-118.799775,2025-03-21,2025,Andrena viridissima,interactsWith,bee,general_interaction
Nemophila menziesii var. menziesii,Nemophila menziesii,Hydrophyllaceae,Nemophila,Tulare County,California,36.149314,-118.799775,2025-03-21,2025,Osmia nemoris,interactsWith,bee,general_interaction
Nemophila menziesii var. menziesii,Nemophila menziesii,Hydrophyllaceae,Nemophila,Tulare County,California,36.149314,-118.799775,2025-03-21,2025,Hoplitis,interactsWith,bee,general_interaction
Nemophila menziesii var. menziesii,Nemophila menziesii,Hydrophyllaceae,Nemophila,Tulare County,California,36.149314,-118.799775,2025-03-21,2025,Andrena cressonii,interactsWith,bee,general_interaction
Cylindropuntia californica subsp. californica,Cylindropuntia californica,Cactaceae,Cylindropuntia,San Diego County,California,32.744682,-116.971482,2026-04-29,2026,Melissodes tessellatus,flowersVisitedBy,bee,confirmed_pollination
Cylindropuntia californica subsp. californica,Cylindropuntia californica,Cactaceae,Cylindropuntia,San Diego County,California,32.744682,-116.971482,2026-04-29,2026,Ashmeadiella opuntiae,flowersVisitedBy,bee,confirmed_pollination
Cylindropuntia californica subsp. californica,Cylindropuntia californica,Cactaceae,Cylindropuntia,San Diego County,California,32.744682,-116.971482,2026-04-29,2026,Agapostemon texanus,flowersVisitedBy,bee,confirmed_pollination
Cylindropuntia californica subsp. californica,Cylindropuntia californica,Cactaceae,Cylindropuntia,San Diego County,California,32.744682,-116.971482,2026-04-29,2026,Anthophorula nitens,flowersVisitedBy,bee,confirmed_pollination
Cylindropuntia californica subsp. californica,Cylindropuntia californica,Cactaceae,Cylindropuntia,San Diego County,California,32.744682,-116.971482,2026-04-29,2026,Agapostemon angelicus,flowersVisitedBy,bee,confirmed_pollination
Cylindropuntia californica subsp. californica,Cylindropuntia californica,Cactaceae,Cylindropuntia,San Diego County,California,32.744682,-116.971482,2026-04-29,2026,Lasioglossum incompletum,flowersVisitedBy,bee,confirmed_pollination
Cylindropuntia californica subsp. californica,Cylindropuntia californica,Cactaceae,Cylindropuntia,San Diego County,California,32.744682,-116.971482,2026-04-29,2026,Melissodes (Melissodes) communis alopex,interactsWith,bee,general_interaction
Nemophila menziesii var. menziesii,Nemophila menziesii,Hydrophyllaceae,Nemophila,San Diego County,California,33.215536,-116.489131,2026-02-28,2026,Andrena bucculenta,interactsWith,bee,general_interaction
Nemophila menziesii var. menziesii,Nemophila menziesii,Hydrophyllaceae,Nemophila,San Diego County,California,33.215536,-116.489131,2026-02-28,2026,Andrena (Andrena),interactsWith,bee,general_interaction
Nemophila menziesii var. menziesii,Nemophila menziesii,Hydrophyllaceae,Nemophila,San Diego County,California,33.215536,-116.489131,2026-02-28,2026,Andrena nemophilae,interactsWith,bee,general_interaction
Nemophila menziesii var. menziesii,Nemophila menziesii,Hydrophyllaceae,Nemophila,San Diego County,California,33.215536,-116.489131,2026-02-28,2026,Andrena crudeni,interactsWith,bee,general_interaction
Nemophila menziesii var. menziesii,Nemophila menziesii,Hydrophyllaceae,Nemophila,San Diego County,California,33.215536,-116.489131,2026-02-28,2026,Osmia glauca,interactsWith,bee,general_interaction
Nemophila menziesii var. menziesii,Nemophila menziesii,Hydrophyllaceae,Nemophila,San Diego County,California,33.215536,-116.489131,2026-02-28,2026,Hoplitis biscutellae,interactsWith,bee,general_interaction
Nemophila menziesii var. menziesii,Nemophila menziesii,Hydrophyllaceae,Nemophila,San Diego County,California,33.215536,-116.489131,2026-02-28,2026,Andrena angustitarsata,interactsWith,bee,general_interaction
Nemophila menziesii var. menziesii,Nemophila menziesii,Hydrophyllaceae,Nemophila,San Diego County,California,33.215536,-116.489131,2026-02-28,2026,Lasioglossum titusi,interactsWith,bee,general_interaction
Nemophila menziesii var. menziesii,Nemophila menziesii,Hydrophyllaceae,Nemophila,San Diego County,California,33.215536,-116.489131,2026-02-28,2026,Andrena nigrocaerulea,interactsWith,bee,general_interaction
Nemophila menziesii var. menziesii,Nemophila menziesii,Hydrophyllaceae,Nemophila,San Diego County,California,33.215536,-116.489131,2026-02-28,2026,Osmia,interactsWith,bee,general_interaction
Nemophila menziesii var. menziesii,Nemophila menziesii,Hydrophyllaceae,Nemophila,San Diego County,California,33.215536,-116.489131,2026-02-28,2026,Hoplitis fulgida,interactsWith,bee,general_interaction
Nemophila menziesii var. menziesii,Nemophila menziesii,Hydrophyllaceae,Nemophila,San Diego County,California,33.215536,-116.489131,2026-02-28,2026,Osmia lignaria,interactsWith,bee,general_interaction
Nemophila menziesii var. menziesii,Nemophila menziesii,Hydrophyllaceae,Nemophila,San Diego County,California,33.215536,-116.489131,2026-02-28,2026,Lasioglossum,interactsWith,bee,general_interaction
Nemophila menziesii var. menziesii,Nemophila menziesii,Hydrophyllaceae,Nemophila,San Diego County,California,33.215536,-116.489131,2026-02-28,2026,Andrena orthocarpi,interactsWith,bee,general_interaction
Nemophila menziesii var. menziesii,Nemophila menziesii,Hydrophyllaceae,Nemophila,San Diego County,California,33.215536,-116.489131,2026-02-28,2026,Andrena cerasifolii,interactsWith,bee,general_interaction
Nemophila menziesii var. menziesii,Nemophila menziesii,Hydrophyllaceae,Nemophila,San Diego County,California,33.215536,-116.489131,2026-02-28,2026,Andrena suavis,interactsWith,bee,general_interaction
Nemophila menziesii var. menziesii,Nemophila menziesii,Hydrophyllaceae,Nemophila,San Diego County,California,33.215536,-116.489131,2026-02-28,2026,Andrena,interactsWith,bee,general_interaction
Nemophila menziesii var. menziesii,Nemophila menziesii,Hydrophyllaceae,Nemophila,San Diego County,California,33.215536,-116.489131,2026-02-28,2026,Bombus vosnesenskii,interactsWith,bee,general_interaction
Nemophila menziesii var. menziesii,Nemophila menziesii,Hydrophyllaceae,Nemophila,San Diego County,California,33.215536,-116.489131,2026-02-28,2026,Andrena candida,interactsWith,bee,general_interaction
Nemophila menziesii var. menziesii,Nemophila menziesii,Hydrophyllaceae,Nemophila,San Diego County,California,33.215536,-116.489131,2026-02-28,2026,Andrena nigripes,interactsWith,bee,general_interaction
Nemophila menziesii var. menziesii,Nemophila menziesii,Hydrophyllaceae,Nemophila,San Diego County,California,33.215536,-116.489131,2026-02-28,2026,Andrena viridissima,interactsWith,bee,general_interaction
Nemophila menziesii var. menziesii,Nemophila menziesii,Hydrophyllaceae,Nemophila,San Diego County,California,33.215536,-116.489131,2026-02-28,2026,Osmia nemoris,interactsWith,bee,general_interaction
Nemophila menziesii var. menziesii,Nemophila menziesii,Hydrophyllaceae,Nemophila,San Diego County,California,33.215536,-116.489131,2026-02-28,2026,Hoplitis,interactsWith,bee,general_interaction
Nemophila menziesii var. menziesii,Nemophila menziesii,Hydrophyllaceae,Nemophila,San Diego County,California,33.215536,-116.489131,2026-02-28,2026,Andrena cressonii,interactsWith,bee,general_interaction
Lomatium dasycarpum subsp. dasycarpum,Lomatium dasycarpum,Apiaceae,Lomatium,Santa Clara County,California,37.38764,-121.467115,2025-04-16,2025,Andrena,interactsWith,bee,general_interaction
Lomatium dasycarpum subsp. dasycarpum,Lomatium dasycarpum,Apiaceae,Lomatium,Santa Clara County,California,37.38764,-121.467115,2025-04-16,2025,Andrena melanochroa,interactsWith,bee,general_interaction
Lomatium dasycarpum subsp. dasycarpum,Lomatium dasycarpum,Apiaceae,Lomatium,Santa Clara County,California,37.38764,-121.467115,2025-04-16,2025,Andrena chlorogaster,interactsWith,bee,general_interaction
Claytonia perfoliata subsp. perfoliata,Claytonia perfoliata,Montiaceae,Claytonia,Madera County,California,37.534557,-119.650976,2025-05-18,2025,Andrena anisochlora,flowersVisitedBy,bee,confirmed_pollination
Claytonia perfoliata subsp. perfoliata,Claytonia perfoliata,Montiaceae,Claytonia,Madera County,California,37.534557,-119.650976,2025-05-18,2025,Andrena,interactsWith,bee,general_interaction
Arctostaphylos hookeri subsp. hookeri,Arctostaphylos hookeri,Ericaceae,Arctostaphylos,Monterey County,California,36.764027,-121.734985,2025-01-17,2025,Callophrys augustinus,flowersVisitedBy,butterfly,confirmed_pollination
Arctostaphylos hookeri subsp. hookeri,Arctostaphylos hookeri,Ericaceae,Arctostaphylos,Monterey County,California,36.764027,-121.734985,2025-01-17,2025,Andrena principalis,flowersVisitedBy,bee,confirmed_pollination
Arctostaphylos hookeri subsp. hookeri,Arctostaphylos hookeri,Ericaceae,Arctostaphylos,Monterey County,California,36.764027,-121.734985,2025-01-17,2025,Vanessa atalanta,flowersVisitedBy,butterfly,confirmed_pollination
Arctostaphylos hookeri subsp. hookeri,Arctostaphylos hookeri,Ericaceae,Arctostaphylos,Monterey County,California,36.764027,-121.734985,2025-01-17,2025,Bombus melanopygus,flowersVisitedBy,bee,confirmed_pollination
Arctostaphylos hookeri subsp. hookeri,Arctostaphylos hookeri,Ericaceae,Arctostaphylos,Monterey County,California,36.764027,-121.734985,2025-01-17,2025,Andrena (Andrena),interactsWith,bee,general_interaction
Arctostaphylos hookeri subsp. hookeri,Arctostaphylos hookeri,Ericaceae,Arctostaphylos,Monterey County,California,36.764027,-121.734985,2025-01-17,2025,Callophrys dumetorum dumetorum,interactsWith,butterfly,general_interaction
Arctostaphylos hookeri subsp. hookeri,Arctostaphylos hookeri,Ericaceae,Arctostaphylos,Monterey County,California,36.764027,-121.734985,2025-01-17,2025,Habropoda cineraria,interactsWith,bee,general_interaction
Arctostaphylos hookeri subsp. hookeri,Arctostaphylos hookeri,Ericaceae,Arctostaphylos,Monterey County,California,36.764027,-121.734985,2025-01-17,2025,Andrena melanochroa,interactsWith,bee,general_interaction
Arctostaphylos hookeri subsp. hookeri,Arctostaphylos hookeri,Ericaceae,Arctostaphylos,Monterey County,California,36.764027,-121.734985,2025-01-17,2025,Nymphalis californica,interactsWith,butterfly,general_interaction
Arctostaphylos hookeri subsp. hookeri,Arctostaphylos hookeri,Ericaceae,Arctostaphylos,Monterey County,California,36.764027,-121.734985,2025-01-17,2025,Dialictus,interactsWith,bee,general_interaction
Arctostaphylos hookeri subsp. hookeri,Arctostaphylos hookeri,Ericaceae,Arctostaphylos,Monterey County,California,36.764027,-121.734985,2025-01-17,2025,Bombus vosnesenskii,interactsWith,bee,general_interaction
Arctostaphylos hookeri subsp. hookeri,Arctostaphylos hookeri,Ericaceae,Arctostaphylos,Monterey County,California,36.764027,-121.734985,2025-01-17,2025,Andrena,interactsWith,bee,general_interaction
Arctostaphylos hookeri subsp. hookeri,Arctostaphylos hookeri,Ericaceae,Arctostaphylos,Monterey County,California,36.764027,-121.734985,2025-01-17,2025,Lasioglossum nevadense,interactsWith,bee,general_interaction
Arctostaphylos hookeri subsp. hookeri,Arctostaphylos hookeri,Ericaceae,Arctostaphylos,Monterey County,California,36.764027,-121.734985,2025-01-17,2025,Lasioglossum,interactsWith,bee,general_interaction
Arctostaphylos hookeri subsp. hookeri,Arctostaphylos hookeri,Ericaceae,Arctostaphylos,Monterey County,California,36.764027,-121.734985,2025-01-17,2025,Agapostemon texanus,interactsWith,bee,general_interaction
Arctostaphylos hookeri subsp. hookeri,Arctostaphylos hookeri,Ericaceae,Arctostaphylos,Monterey County,California,36.764027,-121.734985,2025-01-17,2025,Nomada,interactsWith,bee,general_interaction
Arctostaphylos hookeri subsp. hookeri,Arctostaphylos hookeri,Ericaceae,Arctostaphylos,Monterey County,California,36.764027,-121.734985,2025-01-17,2025,Bombus caliginosus,interactsWith,bee,general_interaction
Cordylanthus rigidus subsp. rigidus,Cordylanthus rigidus,Orobanchaceae,Cordylanthus,Santa Clara County,California,37.202756,-121.983353,2026-06-08,2026,Megachile coquilletti,interactsWith,bee,general_interaction
Cordylanthus rigidus subsp. rigidus,Cordylanthus rigidus,Orobanchaceae,Cordylanthus,Santa Clara County,California,37.202756,-121.983353,2026-06-08,2026,Anthidiellum robertsoni,interactsWith,bee,general_interaction
Cordylanthus rigidus subsp. rigidus,Cordylanthus rigidus,Orobanchaceae,Cordylanthus,Santa Clara County,California,37.202756,-121.983353,2026-06-08,2026,Megachile angelarum,interactsWith,bee,general_interaction
Cordylanthus rigidus subsp. rigidus,Cordylanthus rigidus,Orobanchaceae,Cordylanthus,Santa Clara County,California,37.202756,-121.983353,2026-06-08,2026,Bombus vosnesenskii,interactsWith,bee,general_interaction
Cordylanthus rigidus subsp. rigidus,Cordylanthus rigidus,Orobanchaceae,Cordylanthus,Santa Clara County,California,37.202756,-121.983353,2026-06-08,2026,Anthidium placitum,interactsWith,bee,general_interaction
Eschscholzia californica subsp. californica,Eschscholzia californica,Papaveraceae,Eschscholzia,Humboldt County,California,40.929675,-124.120217,2025-04-03,2025,Apis mellifera,flowersVisitedBy,bee,confirmed_pollination
Eschscholzia californica subsp. californica,Eschscholzia californica,Papaveraceae,Eschscholzia,Humboldt County,California,40.929675,-124.120217,2025-04-03,2025,Bombus vosnesenskii,flowersVisitedBy,bee,confirmed_pollination
Eschscholzia californica subsp. californica,Eschscholzia californica,Papaveraceae,Eschscholzia,Humboldt County,California,40.929675,-124.120217,2025-04-03,2025,Lasioglossum sisymbrii,flowersVisitedBy,bee,confirmed_pollination
Eschscholzia californica subsp. californica,Eschscholzia californica,Papaveraceae,Eschscholzia,Humboldt County,California,40.929675,-124.120217,2025-04-03,2025,Lasioglossum,flowersVisitedBy,bee,confirmed_pollination
Brodiaea terrestris subsp. terrestris,Brodiaea terrestris,Asparagaceae,Brodiaea,Sonoma County,California,38.565014,-123.326936,2025-06-30,2025,Halictus tripartitus,interactsWith,bee,general_interaction
Brodiaea terrestris subsp. terrestris,Brodiaea terrestris,Asparagaceae,Brodiaea,Sonoma County,California,38.565014,-123.326936,2025-06-30,2025,Lasioglossum,interactsWith,bee,general_interaction
Brodiaea terrestris subsp. terrestris,Brodiaea terrestris,Asparagaceae,Brodiaea,Sonoma County,California,38.565014,-123.326936,2025-06-30,2025,Osmia nemoris,interactsWith,bee,general_interaction
Brodiaea terrestris subsp. terrestris,Brodiaea terrestris,Asparagaceae,Brodiaea,Sonoma County,California,38.565014,-123.326936,2025-06-30,2025,Dialictus,interactsWith,bee,general_interaction
Ribes cereum var. cereum,Ribes cereum,Grossulariaceae,Ribes,El Dorado County,California,38.696586,-119.992639,2026-06-26,2026,Andrena porterae,flowersVisitedBy,bee,confirmed_pollination
Calystegia macrostegia subsp. macrostegia,Convolvulus macrostegius,Convolvulaceae,Convolvulus,Santa Barbara County,California,34.047695,-119.565872,2025-10-20,2025,Bombus melanopygus,visitedBy,bee,confirmed_pollination
Calystegia macrostegia subsp. macrostegia,Convolvulus macrostegius,Convolvulaceae,Convolvulus,Santa Barbara County,California,34.047695,-119.565872,2025-10-20,2025,Agapostemon texanus,flowersVisitedBy,bee,confirmed_pollination
Calystegia macrostegia subsp. macrostegia,Convolvulus macrostegius,Convolvulaceae,Convolvulus,Santa Barbara County,California,34.047695,-119.565872,2025-10-20,2025,Eucera edwardsii,visitedBy,bee,confirmed_pollination
Ranunculus californicus var. californicus,Ranunculus californicus,Ranunculaceae,Ranunculus,San Mateo County,California,37.508236,-122.305703,2025-03-21,2025,Panurginus melanocephalus,interactsWith,bee,general_interaction
Ranunculus californicus var. californicus,Ranunculus californicus,Ranunculaceae,Ranunculus,San Mateo County,California,37.508236,-122.305703,2025-03-21,2025,Andrena suavis,interactsWith,bee,general_interaction
Ranunculus californicus var. californicus,Ranunculus californicus,Ranunculaceae,Ranunculus,San Mateo County,California,37.508236,-122.305703,2025-03-21,2025,Agapostemon texanus,interactsWith,bee,general_interaction
Ranunculus californicus var. californicus,Ranunculus californicus,Ranunculaceae,Ranunculus,San Mateo County,California,37.508236,-122.305703,2025-03-21,2025,Halictus rubicundus,interactsWith,bee,general_interaction
Ranunculus californicus var. californicus,Ranunculus californicus,Ranunculaceae,Ranunculus,San Mateo County,California,37.508236,-122.305703,2025-03-21,2025,Andrena angustitarsata,interactsWith,bee,general_interaction
Ranunculus californicus var. californicus,Ranunculus californicus,Ranunculaceae,Ranunculus,San Mateo County,California,37.508236,-122.305703,2025-03-21,2025,Nomada,interactsWith,bee,general_interaction
Ranunculus californicus var. californicus,Ranunculus californicus,Ranunculaceae,Ranunculus,San Mateo County,California,37.508236,-122.305703,2025-03-21,2025,Halictus tripartitus,interactsWith,bee,general_interaction
Ranunculus californicus var. californicus,Ranunculus californicus,Ranunculaceae,Ranunculus,San Mateo County,California,37.508236,-122.305703,2025-03-21,2025,Panurginus,interactsWith,bee,general_interaction
Ranunculus californicus var. californicus,Ranunculus californicus,Ranunculaceae,Ranunculus,San Mateo County,California,37.508236,-122.305703,2025-03-21,2025,Lasioglossum,interactsWith,bee,general_interaction
Ranunculus californicus var. californicus,Ranunculus californicus,Ranunculaceae,Ranunculus,San Mateo County,California,37.508236,-122.305703,2025-03-21,2025,Protosmia rubifloris,interactsWith,bee,general_interaction
Ranunculus californicus var. californicus,Ranunculus californicus,Ranunculaceae,Ranunculus,San Mateo County,California,37.508236,-122.305703,2025-03-21,2025,Halictus farinosus,interactsWith,bee,general_interaction
Ranunculus californicus var. californicus,Ranunculus californicus,Ranunculaceae,Ranunculus,San Mateo County,California,37.508236,-122.305703,2025-03-21,2025,Lasioglossum incompletum,interactsWith,bee,general_interaction
Ranunculus californicus var. californicus,Ranunculus californicus,Ranunculaceae,Ranunculus,San Mateo County,California,37.508236,-122.305703,2025-03-21,2025,Coenonympha california,interactsWith,butterfly,general_interaction
Ranunculus californicus var. californicus,Ranunculus californicus,Ranunculaceae,Ranunculus,San Mateo County,California,37.508236,-122.305703,2025-03-21,2025,Andrena,interactsWith,bee,general_interaction
Ranunculus californicus var. californicus,Ranunculus californicus,Ranunculaceae,Ranunculus,San Mateo County,California,37.508236,-122.305703,2025-03-21,2025,Eresia aveyrona mylitta,interactsWith,butterfly,general_interaction
Ranunculus californicus var. californicus,Ranunculus californicus,Ranunculaceae,Ranunculus,San Mateo County,California,37.508236,-122.305703,2025-03-21,2025,Osmia cyanella,interactsWith,bee,general_interaction
Ranunculus californicus var. californicus,Ranunculus californicus,Ranunculaceae,Ranunculus,San Mateo County,California,37.508236,-122.305703,2025-03-21,2025,Osmia lignaria propinqua,interactsWith,bee,general_interaction
Ranunculus californicus var. californicus,Ranunculus californicus,Ranunculaceae,Ranunculus,San Mateo County,California,37.508236,-122.305703,2025-03-21,2025,Andrena caerulea,interactsWith,bee,general_interaction
Ranunculus californicus var. californicus,Ranunculus californicus,Ranunculaceae,Ranunculus,San Mateo County,California,37.508236,-122.305703,2025-03-21,2025,Andrena chalybaea,interactsWith,bee,general_interaction
Ranunculus californicus var. californicus,Ranunculus californicus,Ranunculaceae,Ranunculus,San Mateo County,California,37.508236,-122.305703,2025-03-21,2025,Andrena cuneilabris,interactsWith,bee,general_interaction
Claytonia perfoliata subsp. perfoliata,Claytonia perfoliata,Montiaceae,Claytonia,Contra Costa County,California,37.917481,-122.331297,2026-02-03,2026,Andrena anisochlora,flowersVisitedBy,bee,confirmed_pollination
Claytonia perfoliata subsp. perfoliata,Claytonia perfoliata,Montiaceae,Claytonia,Contra Costa County,California,37.917481,-122.331297,2026-02-03,2026,Andrena,interactsWith,bee,general_interaction
Quercus agrifolia var. agrifolia,Quercus agrifolia,Fagaceae,Quercus,San Francisco County,California,37.803192,-122.406175,2025-11-09,2025,Celastrina echo,interactsWith,butterfly,general_interaction
Quercus agrifolia var. agrifolia,Quercus agrifolia,Fagaceae,Quercus,San Francisco County,California,37.803192,-122.406175,2025-11-09,2025,Andrena,interactsWith,bee,general_interaction
Quercus agrifolia var. agrifolia,Quercus agrifolia,Fagaceae,Quercus,San Francisco County,California,37.803192,-122.406175,2025-11-09,2025,Apis mellifera,interactsWith,bee,general_interaction
Quercus agrifolia var. agrifolia,Quercus agrifolia,Fagaceae,Quercus,San Francisco County,California,37.803192,-122.406175,2025-11-09,2025,Lasioglossum,interactsWith,bee,general_interaction
Eriophyllum confertiflorum var. confertiflorum,Eriophyllum confertiflorum,Asteraceae,Eriophyllum,Orange County,California,33.609185,-117.766474,2025-02-17,2025,Dianthidium parvum schwarzi,interactsWith,bee,general_interaction
Eriophyllum confertiflorum var. confertiflorum,Eriophyllum confertiflorum,Asteraceae,Eriophyllum,Orange County,California,33.609185,-117.766474,2025-02-17,2025,Epeolus howardi,interactsWith,bee,general_interaction
Eriophyllum confertiflorum var. confertiflorum,Eriophyllum confertiflorum,Asteraceae,Eriophyllum,Orange County,California,33.609185,-117.766474,2025-02-17,2025,Melissodes lupina,interactsWith,bee,general_interaction
Eriophyllum confertiflorum var. confertiflorum,Eriophyllum confertiflorum,Asteraceae,Eriophyllum,Orange County,California,33.609185,-117.766474,2025-02-17,2025,Ochlodes agricola,interactsWith,butterfly,general_interaction
Eriophyllum confertiflorum var. confertiflorum,Eriophyllum confertiflorum,Asteraceae,Eriophyllum,Orange County,California,33.609185,-117.766474,2025-02-17,2025,Bombus melanopygus,interactsWith,bee,general_interaction
Eriophyllum confertiflorum var. confertiflorum,Eriophyllum confertiflorum,Asteraceae,Eriophyllum,Orange County,California,33.609185,-117.766474,2025-02-17,2025,Chlosyne palla,interactsWith,butterfly,general_interaction
Eriophyllum confertiflorum var. confertiflorum,Eriophyllum confertiflorum,Asteraceae,Eriophyllum,Orange County,California,33.609185,-117.766474,2025-02-17,2025,Sphecodes,interactsWith,bee,general_interaction
Eriophyllum confertiflorum var. confertiflorum,Eriophyllum confertiflorum,Asteraceae,Eriophyllum,Orange County,California,33.609185,-117.766474,2025-02-17,2025,Lycaena gorgon,interactsWith,butterfly,general_interaction
Eriophyllum confertiflorum var. confertiflorum,Eriophyllum confertiflorum,Asteraceae,Eriophyllum,Orange County,California,33.609185,-117.766474,2025-02-17,2025,Icaricia lupini,interactsWith,butterfly,general_interaction
Eriophyllum confertiflorum var. confertiflorum,Eriophyllum confertiflorum,Asteraceae,Eriophyllum,Orange County,California,33.609185,-117.766474,2025-02-17,2025,Erynnis propertius,interactsWith,butterfly,general_interaction
Eriophyllum confertiflorum var. confertiflorum,Eriophyllum confertiflorum,Asteraceae,Eriophyllum,Orange County,California,33.609185,-117.766474,2025-02-17,2025,Andrena,interactsWith,bee,general_interaction
Eriophyllum confertiflorum var. confertiflorum,Eriophyllum confertiflorum,Asteraceae,Eriophyllum,Orange County,California,33.609185,-117.766474,2025-02-17,2025,Ashmeadiella,interactsWith,bee,general_interaction
Eriophyllum confertiflorum var. confertiflorum,Eriophyllum confertiflorum,Asteraceae,Eriophyllum,Orange County,California,33.609185,-117.766474,2025-02-17,2025,Dialictus,interactsWith,bee,general_interaction
Eriophyllum confertiflorum var. confertiflorum,Eriophyllum confertiflorum,Asteraceae,Eriophyllum,Orange County,California,33.609185,-117.766474,2025-02-17,2025,Apodemia mormo,interactsWith,butterfly,general_interaction
Eriophyllum confertiflorum var. confertiflorum,Eriophyllum confertiflorum,Asteraceae,Eriophyllum,Orange County,California,33.609185,-117.766474,2025-02-17,2025,Andrena pallidifovea,interactsWith,bee,general_interaction
Eriophyllum confertiflorum var. confertiflorum,Eriophyllum confertiflorum,Asteraceae,Eriophyllum,Orange County,California,33.609185,-117.766474,2025-02-17,2025,Ashmeadiella cubiceps,interactsWith,bee,general_interaction
Eriophyllum confertiflorum var. confertiflorum,Eriophyllum confertiflorum,Asteraceae,Eriophyllum,Orange County,California,33.609185,-117.766474,2025-02-17,2025,Icaricia acmon,interactsWith,butterfly,general_interaction
Eriophyllum confertiflorum var. confertiflorum,Eriophyllum confertiflorum,Asteraceae,Eriophyllum,Orange County,California,33.609185,-117.766474,2025-02-17,2025,Bombus vosnesenskii,interactsWith,bee,general_interaction
Eriophyllum confertiflorum var. confertiflorum,Eriophyllum confertiflorum,Asteraceae,Eriophyllum,Orange County,California,33.609185,-117.766474,2025-02-17,2025,Heriades occidentalis,interactsWith,bee,general_interaction
Eriophyllum confertiflorum var. confertiflorum,Eriophyllum confertiflorum,Asteraceae,Eriophyllum,Orange County,California,33.609185,-117.766474,2025-02-17,2025,Nomada,interactsWith,bee,general_interaction
Eriophyllum confertiflorum var. confertiflorum,Eriophyllum confertiflorum,Asteraceae,Eriophyllum,Orange County,California,33.609185,-117.766474,2025-02-17,2025,Erynnis pacuvius,interactsWith,butterfly,general_interaction
Eriophyllum confertiflorum var. confertiflorum,Eriophyllum confertiflorum,Asteraceae,Eriophyllum,Orange County,California,33.609185,-117.766474,2025-02-17,2025,Vanessa virginiensis,interactsWith,butterfly,general_interaction
Eriophyllum confertiflorum var. confertiflorum,Eriophyllum confertiflorum,Asteraceae,Eriophyllum,Orange County,California,33.609185,-117.766474,2025-02-17,2025,Halictus tripartitus,interactsWith,bee,general_interaction
Eriophyllum confertiflorum var. confertiflorum,Eriophyllum confertiflorum,Asteraceae,Eriophyllum,Orange County,California,33.609185,-117.766474,2025-02-17,2025,Epeolus compactus,interactsWith,bee,general_interaction
Eriophyllum confertiflorum var. confertiflorum,Eriophyllum confertiflorum,Asteraceae,Eriophyllum,Orange County,California,33.609185,-117.766474,2025-02-17,2025,Vanessa cardui,interactsWith,butterfly,general_interaction
Eriophyllum confertiflorum var. confertiflorum,Eriophyllum confertiflorum,Asteraceae,Eriophyllum,Orange County,California,33.609185,-117.766474,2025-02-17,2025,Hylaeus,interactsWith,bee,general_interaction
Eriophyllum confertiflorum var. confertiflorum,Eriophyllum confertiflorum,Asteraceae,Eriophyllum,Los Angeles County,California,34.482804,-118.560041,2026-02-23,2026,Dianthidium parvum schwarzi,interactsWith,bee,general_interaction
Eriophyllum confertiflorum var. confertiflorum,Eriophyllum confertiflorum,Asteraceae,Eriophyllum,Los Angeles County,California,34.482804,-118.560041,2026-02-23,2026,Epeolus howardi,interactsWith,bee,general_interaction
Eriophyllum confertiflorum var. confertiflorum,Eriophyllum confertiflorum,Asteraceae,Eriophyllum,Los Angeles County,California,34.482804,-118.560041,2026-02-23,2026,Melissodes lupina,interactsWith,bee,general_interaction
Eriophyllum confertiflorum var. confertiflorum,Eriophyllum confertiflorum,Asteraceae,Eriophyllum,Los Angeles County,California,34.482804,-118.560041,2026-02-23,2026,Ochlodes agricola,interactsWith,butterfly,general_interaction
Eriophyllum confertiflorum var. confertiflorum,Eriophyllum confertiflorum,Asteraceae,Eriophyllum,Los Angeles County,California,34.482804,-118.560041,2026-02-23,2026,Bombus melanopygus,interactsWith,bee,general_interaction
Eriophyllum confertiflorum var. confertiflorum,Eriophyllum confertiflorum,Asteraceae,Eriophyllum,Los Angeles County,California,34.482804,-118.560041,2026-02-23,2026,Chlosyne palla,interactsWith,butterfly,general_interaction
Eriophyllum confertiflorum var. confertiflorum,Eriophyllum confertiflorum,Asteraceae,Eriophyllum,Los Angeles County,California,34.482804,-118.560041,2026-02-23,2026,Sphecodes,interactsWith,bee,general_interaction
Eriophyllum confertiflorum var. confertiflorum,Eriophyllum confertiflorum,Asteraceae,Eriophyllum,Los Angeles County,California,34.482804,-118.560041,2026-02-23,2026,Lycaena gorgon,interactsWith,butterfly,general_interaction
Eriophyllum confertiflorum var. confertiflorum,Eriophyllum confertiflorum,Asteraceae,Eriophyllum,Los Angeles County,California,34.482804,-118.560041,2026-02-23,2026,Icaricia lupini,interactsWith,butterfly,general_interaction
Eriophyllum confertiflorum var. confertiflorum,Eriophyllum confertiflorum,Asteraceae,Eriophyllum,Los Angeles County,California,34.482804,-118.560041,2026-02-23,2026,Erynnis propertius,interactsWith,butterfly,general_interaction
Eriophyllum confertiflorum var. confertiflorum,Eriophyllum confertiflorum,Asteraceae,Eriophyllum,Los Angeles County,California,34.482804,-118.560041,2026-02-23,2026,Andrena,interactsWith,bee,general_interaction
Eriophyllum confertiflorum var. confertiflorum,Eriophyllum confertiflorum,Asteraceae,Eriophyllum,Los Angeles County,California,34.482804,-118.560041,2026-02-23,2026,Ashmeadiella,interactsWith,bee,general_interaction
Eriophyllum confertiflorum var. confertiflorum,Eriophyllum confertiflorum,Asteraceae,Eriophyllum,Los Angeles County,California,34.482804,-118.560041,2026-02-23,2026,Dialictus,interactsWith,bee,general_interaction
Eriophyllum confertiflorum var. confertiflorum,Eriophyllum confertiflorum,Asteraceae,Eriophyllum,Los Angeles County,California,34.482804,-118.560041,2026-02-23,2026,Apodemia mormo,interactsWith,butterfly,general_interaction
Eriophyllum confertiflorum var. confertiflorum,Eriophyllum confertiflorum,Asteraceae,Eriophyllum,Los Angeles County,California,34.482804,-118.560041,2026-02-23,2026,Andrena pallidifovea,interactsWith,bee,general_interaction
Eriophyllum confertiflorum var. confertiflorum,Eriophyllum confertiflorum,Asteraceae,Eriophyllum,Los Angeles County,California,34.482804,-118.560041,2026-02-23,2026,Ashmeadiella cubiceps,interactsWith,bee,general_interaction
Eriophyllum confertiflorum var. confertiflorum,Eriophyllum confertiflorum,Asteraceae,Eriophyllum,Los Angeles County,California,34.482804,-118.560041,2026-02-23,2026,Icaricia acmon,interactsWith,butterfly,general_interaction
Eriophyllum confertiflorum var. confertiflorum,Eriophyllum confertiflorum,Asteraceae,Eriophyllum,Los Angeles County,California,34.482804,-118.560041,2026-02-23,2026,Bombus vosnesenskii,interactsWith,bee,general_interaction
Eriophyllum confertiflorum var. confertiflorum,Eriophyllum confertiflorum,Asteraceae,Eriophyllum,Los Angeles County,California,34.482804,-118.560041,2026-02-23,2026,Heriades occidentalis,interactsWith,bee,general_interaction
Eriophyllum confertiflorum var. confertiflorum,Eriophyllum confertiflorum,Asteraceae,Eriophyllum,Los Angeles County,California,34.482804,-118.560041,2026-02-23,2026,Nomada,interactsWith,bee,general_interaction
Eriophyllum confertiflorum var. confertiflorum,Eriophyllum confertiflorum,Asteraceae,Eriophyllum,Los Angeles County,California,34.482804,-118.560041,2026-02-23,2026,Erynnis pacuvius,interactsWith,butterfly,general_interaction
Eriophyllum confertiflorum var. confertiflorum,Eriophyllum confertiflorum,Asteraceae,Eriophyllum,Los Angeles County,California,34.482804,-118.560041,2026-02-23,2026,Vanessa virginiensis,interactsWith,butterfly,general_interaction
Eriophyllum confertiflorum var. confertiflorum,Eriophyllum confertiflorum,Asteraceae,Eriophyllum,Los Angeles County,California,34.482804,-118.560041,2026-02-23,2026,Halictus tripartitus,interactsWith,bee,general_interaction
Eriophyllum confertiflorum var. confertiflorum,Eriophyllum confertiflorum,Asteraceae,Eriophyllum,Los Angeles County,California,34.482804,-118.560041,2026-02-23,2026,Epeolus compactus,interactsWith,bee,general_interaction
Eriophyllum confertiflorum var. confertiflorum,Eriophyllum confertiflorum,Asteraceae,Eriophyllum,Los Angeles County,California,34.482804,-118.560041,2026-02-23,2026,Vanessa cardui,interactsWith,butterfly,general_interaction
Eriophyllum confertiflorum var. confertiflorum,Eriophyllum confertiflorum,Asteraceae,Eriophyllum,Los Angeles County,California,34.482804,-118.560041,2026-02-23,2026,Hylaeus,interactsWith,bee,general_interaction
Limnanthes douglasii subsp. douglasii,Limnanthes douglasii,Limnanthaceae,Limnanthes,Sonoma County,California,38.364958,-122.510951,2025-04-06,2025,Sphecodes (Sphecodium),interactsWith,bee,general_interaction
Limnanthes douglasii subsp. douglasii,Limnanthes douglasii,Limnanthaceae,Limnanthes,Sonoma County,California,38.364958,-122.510951,2025-04-06,2025,Panurginus,interactsWith,bee,general_interaction
Limnanthes douglasii subsp. douglasii,Limnanthes douglasii,Limnanthaceae,Limnanthes,Sonoma County,California,38.364958,-122.510951,2025-04-06,2025,Panurginus occidentalis,interactsWith,bee,general_interaction
Calystegia purpurata subsp. purpurata,Convolvulus purpuratus,Convolvulaceae,Convolvulus,San Francisco County,California,37.75922,-122.45723,2025-07-04,2025,Poanes melane,interactsWith,butterfly,general_interaction
Calystegia purpurata subsp. purpurata,Convolvulus purpuratus,Convolvulaceae,Convolvulus,San Francisco County,California,37.75922,-122.45723,2025-07-04,2025,Apis mellifera,interactsWith,bee,general_interaction
Calystegia purpurata subsp. purpurata,Convolvulus purpuratus,Convolvulaceae,Convolvulus,San Francisco County,California,37.75922,-122.45723,2025-07-04,2025,Bombus vosnesenskii,interactsWith,bee,general_interaction
Calystegia purpurata subsp. purpurata,Convolvulus purpuratus,Convolvulaceae,Convolvulus,San Francisco County,California,37.75922,-122.45723,2025-07-04,2025,Agapostemon texanus,interactsWith,bee,general_interaction
Calystegia purpurata subsp. purpurata,Convolvulus purpuratus,Convolvulaceae,Convolvulus,San Francisco County,California,37.75922,-122.45723,2025-07-04,2025,Bombus melanopygus,interactsWith,bee,general_interaction
Calystegia purpurata subsp. purpurata,Convolvulus purpuratus,Convolvulaceae,Convolvulus,San Francisco County,California,37.75922,-122.45723,2025-07-04,2025,Bombus caliginosus,interactsWith,bee,general_interaction
Calystegia purpurata subsp. purpurata,Convolvulus purpuratus,Convolvulaceae,Convolvulus,San Francisco County,California,37.75922,-122.45723,2025-07-04,2025,Diadasia bituberculata,interactsWith,bee,general_interaction
Calystegia purpurata subsp. purpurata,Convolvulus purpuratus,Convolvulaceae,Convolvulus,San Francisco County,California,37.75922,-122.45723,2025-07-04,2025,Megachile perihirta,interactsWith,bee,general_interaction
Ceanothus cuneatus var. cuneatus,Ceanothus cuneatus,Rhamnaceae,Ceanothus,Contra Costa County,California,37.902489,-121.926753,2025-11-07,2025,Panurginus,interactsWith,bee,general_interaction
Ceanothus cuneatus var. cuneatus,Ceanothus cuneatus,Rhamnaceae,Ceanothus,Contra Costa County,California,37.902489,-121.926753,2025-11-07,2025,Celastrina echo,interactsWith,butterfly,general_interaction
Ceanothus cuneatus var. cuneatus,Ceanothus cuneatus,Rhamnaceae,Ceanothus,Contra Costa County,California,37.902489,-121.926753,2025-11-07,2025,Andrena,interactsWith,bee,general_interaction
Epilobium ciliatum subsp. ciliatum,Epilobium ciliatum,Onagraceae,Epilobium,Riverside County,California,33.370708,-116.851545,2025-10-08,2025,Anthidium tenuiflorae,interactsWith,bee,general_interaction
Epilobium ciliatum subsp. ciliatum,Epilobium ciliatum,Onagraceae,Epilobium,Riverside County,California,33.370708,-116.851545,2025-10-08,2025,Bombus vosnesenskii,interactsWith,bee,general_interaction
Sidalcea malviflora subsp. malviflora,Sidalcea malviflora,Malvaceae,Sidalcea,Mendocino County,California,39.461845,-123.806695,2025-07-04,2025,Andrena saccata,interactsWith,bee,general_interaction
Sidalcea malviflora subsp. malviflora,Sidalcea malviflora,Malvaceae,Sidalcea,Mendocino County,California,39.461845,-123.806695,2025-07-04,2025,Lasioglossum pavonotum,interactsWith,bee,general_interaction
Arctostaphylos crustacea subsp. crustacea,Arctostaphylos crustacea,Ericaceae,Arctostaphylos,San Benito County,California,36.7636,-121.502572,2025-03-11,2025,Andrena (Andrena),interactsWith,bee,general_interaction
Arctostaphylos crustacea subsp. crustacea,Arctostaphylos crustacea,Ericaceae,Arctostaphylos,San Benito County,California,36.7636,-121.502572,2025-03-11,2025,Vanessa annabella,interactsWith,butterfly,general_interaction
Arctostaphylos crustacea subsp. crustacea,Arctostaphylos crustacea,Ericaceae,Arctostaphylos,San Benito County,California,36.7636,-121.502572,2025-03-11,2025,Protosmia rubifloris,interactsWith,bee,general_interaction
Arctostaphylos crustacea subsp. crustacea,Arctostaphylos crustacea,Ericaceae,Arctostaphylos,San Benito County,California,36.7636,-121.502572,2025-03-11,2025,Andrena principalis,interactsWith,bee,general_interaction
Arctostaphylos crustacea subsp. crustacea,Arctostaphylos crustacea,Ericaceae,Arctostaphylos,San Benito County,California,36.7636,-121.502572,2025-03-11,2025,Habropoda depressa,interactsWith,bee,general_interaction
Arctostaphylos crustacea subsp. crustacea,Arctostaphylos crustacea,Ericaceae,Arctostaphylos,San Benito County,California,36.7636,-121.502572,2025-03-11,2025,Hylaeus,interactsWith,bee,general_interaction
Arctostaphylos crustacea subsp. crustacea,Arctostaphylos crustacea,Ericaceae,Arctostaphylos,San Benito County,California,36.7636,-121.502572,2025-03-11,2025,Celastrina echo,interactsWith,butterfly,general_interaction
Arctostaphylos crustacea subsp. crustacea,Arctostaphylos crustacea,Ericaceae,Arctostaphylos,San Benito County,California,36.7636,-121.502572,2025-03-11,2025,Dialictus,interactsWith,bee,general_interaction
Arctostaphylos crustacea subsp. crustacea,Arctostaphylos crustacea,Ericaceae,Arctostaphylos,San Benito County,California,36.7636,-121.502572,2025-03-11,2025,Lasioglossum pacificum,interactsWith,bee,general_interaction
Arctostaphylos crustacea subsp. crustacea,Arctostaphylos crustacea,Ericaceae,Arctostaphylos,San Benito County,California,36.7636,-121.502572,2025-03-11,2025,Andrena,interactsWith,bee,general_interaction
Arctostaphylos crustacea subsp. crustacea,Arctostaphylos crustacea,Ericaceae,Arctostaphylos,San Benito County,California,36.7636,-121.502572,2025-03-11,2025,Habropoda tristissima,interactsWith,bee,general_interaction
Arctostaphylos crustacea subsp. crustacea,Arctostaphylos crustacea,Ericaceae,Arctostaphylos,San Benito County,California,36.7636,-121.502572,2025-03-11,2025,Vanessa cardui,interactsWith,butterfly,general_interaction
Arctostaphylos crustacea subsp. crustacea,Arctostaphylos crustacea,Ericaceae,Arctostaphylos,San Benito County,California,36.7636,-121.502572,2025-03-11,2025,Callophrys dumetorum dumetorum,interactsWith,butterfly,general_interaction
Arctostaphylos crustacea subsp. crustacea,Arctostaphylos crustacea,Ericaceae,Arctostaphylos,San Benito County,California,36.7636,-121.502572,2025-03-11,2025,Melecta separata callura,interactsWith,bee,general_interaction
Arctostaphylos crustacea subsp. crustacea,Arctostaphylos crustacea,Ericaceae,Arctostaphylos,San Benito County,California,36.7636,-121.502572,2025-03-11,2025,Lasioglossum,interactsWith,bee,general_interaction
Arctostaphylos crustacea subsp. crustacea,Arctostaphylos crustacea,Ericaceae,Arctostaphylos,San Benito County,California,36.7636,-121.502572,2025-03-11,2025,Apis mellifera,interactsWith,bee,general_interaction
Arctostaphylos crustacea subsp. crustacea,Arctostaphylos crustacea,Ericaceae,Arctostaphylos,San Benito County,California,36.7636,-121.502572,2025-03-11,2025,Bombus vosnesenskii,interactsWith,bee,general_interaction
Arctostaphylos crustacea subsp. crustacea,Arctostaphylos crustacea,Ericaceae,Arctostaphylos,San Benito County,California,36.7636,-121.502572,2025-03-11,2025,Bombus melanopygus,interactsWith,bee,general_interaction
Arctostaphylos crustacea subsp. crustacea,Arctostaphylos crustacea,Ericaceae,Arctostaphylos,San Benito County,California,36.7636,-121.502572,2025-03-11,2025,Nomada,interactsWith,bee,general_interaction
Arctostaphylos crustacea subsp. crustacea,Arctostaphylos crustacea,Ericaceae,Arctostaphylos,San Benito County,California,36.7636,-121.502572,2025-03-11,2025,Eucera atriventris,interactsWith,bee,general_interaction
Arctostaphylos crustacea subsp. crustacea,Arctostaphylos crustacea,Ericaceae,Arctostaphylos,San Benito County,California,36.7636,-121.502572,2025-03-11,2025,Anthophora pacifica,interactsWith,bee,general_interaction
Eschscholzia californica subsp. californica,Eschscholzia californica,Papaveraceae,Eschscholzia,Santa Cruz County,California,37.009869,-122.193712,2025-04-23,2025,Apis mellifera,flowersVisitedBy,bee,confirmed_pollination
Eschscholzia californica subsp. californica,Eschscholzia californica,Papaveraceae,Eschscholzia,Santa Cruz County,California,37.009869,-122.193712,2025-04-23,2025,Bombus vosnesenskii,flowersVisitedBy,bee,confirmed_pollination
Eschscholzia californica subsp. californica,Eschscholzia californica,Papaveraceae,Eschscholzia,Santa Cruz County,California,37.009869,-122.193712,2025-04-23,2025,Lasioglossum sisymbrii,flowersVisitedBy,bee,confirmed_pollination
Eschscholzia californica subsp. californica,Eschscholzia californica,Papaveraceae,Eschscholzia,Santa Cruz County,California,37.009869,-122.193712,2025-04-23,2025,Lasioglossum,flowersVisitedBy,bee,confirmed_pollination
Ceanothus cuneatus var. cuneatus,Ceanothus cuneatus,Rhamnaceae,Ceanothus,Butte County,California,39.775587,-121.775938,2026-03-03,2026,Panurginus,interactsWith,bee,general_interaction
Ceanothus cuneatus var. cuneatus,Ceanothus cuneatus,Rhamnaceae,Ceanothus,Butte County,California,39.775587,-121.775938,2026-03-03,2026,Celastrina echo,interactsWith,butterfly,general_interaction
Ceanothus cuneatus var. cuneatus,Ceanothus cuneatus,Rhamnaceae,Ceanothus,Butte County,California,39.775587,-121.775938,2026-03-03,2026,Andrena,interactsWith,bee,general_interaction
Brodiaea terrestris subsp. terrestris,Brodiaea terrestris,Asparagaceae,Brodiaea,Marin County,California,37.95137,-122.597283,2026-05-12,2026,Halictus tripartitus,interactsWith,bee,general_interaction
Brodiaea terrestris subsp. terrestris,Brodiaea terrestris,Asparagaceae,Brodiaea,Marin County,California,37.95137,-122.597283,2026-05-12,2026,Lasioglossum,interactsWith,bee,general_interaction
Brodiaea terrestris subsp. terrestris,Brodiaea terrestris,Asparagaceae,Brodiaea,Marin County,California,37.95137,-122.597283,2026-05-12,2026,Osmia nemoris,interactsWith,bee,general_interaction
Brodiaea terrestris subsp. terrestris,Brodiaea terrestris,Asparagaceae,Brodiaea,Marin County,California,37.95137,-122.597283,2026-05-12,2026,Dialictus,interactsWith,bee,general_interaction
Epilobium ciliatum subsp. ciliatum,Epilobium ciliatum,Onagraceae,Epilobium,Inyo County,California,37.504968,-118.150874,2025-07-16,2025,Anthidium tenuiflorae,interactsWith,bee,general_interaction
Epilobium ciliatum subsp. ciliatum,Epilobium ciliatum,Onagraceae,Epilobium,Inyo County,California,37.504968,-118.150874,2025-07-16,2025,Bombus vosnesenskii,interactsWith,bee,general_interaction
Erysimum capitatum var. capitatum,Erysimum capitatum,Brassicaceae,Erysimum,Lake County,California,39.048333,-122.410317,2025-04-19,2025,Andrena cressonii infasciata,visitedBy,bee,confirmed_pollination
Erysimum capitatum var. capitatum,Erysimum capitatum,Brassicaceae,Erysimum,Lake County,California,39.048333,-122.410317,2025-04-19,2025,Lasioglossum sisymbrii,interactsWith,bee,general_interaction
Erysimum capitatum var. capitatum,Erysimum capitatum,Brassicaceae,Erysimum,Lake County,California,39.048333,-122.410317,2025-04-19,2025,Lasioglossum semicaeruleum,interactsWith,bee,general_interaction
Erysimum capitatum var. capitatum,Erysimum capitatum,Brassicaceae,Erysimum,Lake County,California,39.048333,-122.410317,2025-04-19,2025,Osmia cordata,interactsWith,bee,general_interaction
Erysimum capitatum var. capitatum,Erysimum capitatum,Brassicaceae,Erysimum,Lake County,California,39.048333,-122.410317,2025-04-19,2025,Lasioglossum trizonatum,interactsWith,bee,general_interaction
Erysimum capitatum var. capitatum,Erysimum capitatum,Brassicaceae,Erysimum,Lake County,California,39.048333,-122.410317,2025-04-19,2025,Lasioglossum albipenne,interactsWith,bee,general_interaction
Ceanothus cuneatus var. cuneatus,Ceanothus cuneatus,Rhamnaceae,Ceanothus,Shasta County,California,40.777075,-122.341847,2025-04-06,2025,Panurginus,interactsWith,bee,general_interaction
Ceanothus cuneatus var. cuneatus,Ceanothus cuneatus,Rhamnaceae,Ceanothus,Shasta County,California,40.777075,-122.341847,2025-04-06,2025,Celastrina echo,interactsWith,butterfly,general_interaction
Ceanothus cuneatus var. cuneatus,Ceanothus cuneatus,Rhamnaceae,Ceanothus,Shasta County,California,40.777075,-122.341847,2025-04-06,2025,Andrena,interactsWith,bee,general_interaction
Vicia sativa subsp. sativa,Vicia sativa,Fabaceae,Vicia,Los Angeles County,California,34.12954,-118.542931,2025-04-22,2025,Bombus melanopygus,interactsWith,bee,general_interaction
Symphyotrichum spathulatum var. spathulatum,Symphyotrichum occidentale,Asteraceae,Symphyotrichum,Riverside County,California,33.769039,-116.663306,2025-08-15,2025,Bombus vandykei,flowersVisitedBy,bee,confirmed_pollination
Symphyotrichum spathulatum var. spathulatum,Symphyotrichum occidentale,Asteraceae,Symphyotrichum,Riverside County,California,33.769039,-116.663306,2025-08-15,2025,Bombus vosnesenskii,flowersVisitedBy,bee,confirmed_pollination
Symphyotrichum spathulatum var. spathulatum,Symphyotrichum occidentale,Asteraceae,Symphyotrichum,Riverside County,California,33.769039,-116.663306,2025-08-15,2025,Bombus bifarius,flowersVisitedBy,bee,confirmed_pollination
Perideridia gairdneri subsp. gairdneri,Perideridia gairdneri,Apiaceae,Perideridia,Marin County,California,37.953378,-122.598533,2025-07-28,2025,Hylaeus,interactsWith,bee,general_interaction
Perideridia gairdneri subsp. gairdneri,Perideridia gairdneri,Apiaceae,Perideridia,Marin County,California,37.953378,-122.598533,2025-07-28,2025,Lasioglossum incompletum,interactsWith,bee,general_interaction
Perideridia gairdneri subsp. gairdneri,Perideridia gairdneri,Apiaceae,Perideridia,Marin County,California,37.953378,-122.598533,2025-07-28,2025,Halictus farinosus,interactsWith,bee,general_interaction
Perideridia gairdneri subsp. gairdneri,Perideridia gairdneri,Apiaceae,Perideridia,Marin County,California,37.953378,-122.598533,2025-07-28,2025,Bombus vosnesenskii,interactsWith,bee,general_interaction
Perideridia gairdneri subsp. gairdneri,Perideridia gairdneri,Apiaceae,Perideridia,Marin County,California,37.953378,-122.598533,2025-07-28,2025,Dialictus,interactsWith,bee,general_interaction
Perideridia gairdneri subsp. gairdneri,Perideridia gairdneri,Apiaceae,Perideridia,Marin County,California,37.953378,-122.598533,2025-07-28,2025,Lasioglossum,interactsWith,bee,general_interaction
Perideridia gairdneri subsp. gairdneri,Perideridia gairdneri,Apiaceae,Perideridia,Marin County,California,37.953378,-122.598533,2025-07-28,2025,Apis mellifera,interactsWith,bee,general_interaction
Perideridia gairdneri subsp. gairdneri,Perideridia gairdneri,Apiaceae,Perideridia,Marin County,California,37.953378,-122.598533,2025-07-28,2025,Sphecodes,interactsWith,bee,general_interaction
Perideridia gairdneri subsp. gairdneri,Perideridia gairdneri,Apiaceae,Perideridia,Marin County,California,37.953378,-122.598533,2025-07-28,2025,Agapostemon texanus,interactsWith,bee,general_interaction
Chrysothamnus viscidiflorus subsp. viscidiflorus,Chrysothamnus viscidiflorus,Asteraceae,Chrysothamnus,Mono County,California,37.65976,-118.786575,2025-08-08,2025,Anthophora albata,interactsWith,bee,general_interaction
Chrysothamnus viscidiflorus subsp. viscidiflorus,Chrysothamnus viscidiflorus,Asteraceae,Chrysothamnus,Mono County,California,37.65976,-118.786575,2025-08-08,2025,Diadasia enavata,interactsWith,bee,general_interaction
Brodiaea elegans subsp. elegans,Brodiaea elegans,Asparagaceae,Brodiaea,Napa County,California,38.516212,-122.60858,2026-06-08,2026,Strymon melinus,interactsWith,butterfly,general_interaction
Brodiaea elegans subsp. elegans,Brodiaea elegans,Asparagaceae,Brodiaea,Napa County,California,38.516212,-122.60858,2026-06-08,2026,Anthophora urbana,interactsWith,bee,general_interaction
Brodiaea elegans subsp. elegans,Brodiaea elegans,Asparagaceae,Brodiaea,Napa County,California,38.516212,-122.60858,2026-06-08,2026,Halictus tripartitus,interactsWith,bee,general_interaction
Brodiaea elegans subsp. elegans,Brodiaea elegans,Asparagaceae,Brodiaea,Napa County,California,38.516212,-122.60858,2026-06-08,2026,Lasioglossum incompletum,interactsWith,bee,general_interaction
Quercus agrifolia var. agrifolia,Quercus agrifolia,Fagaceae,Quercus,Santa Barbara County,California,33.995933,-119.719842,2026-03-13,2026,Celastrina echo,interactsWith,butterfly,general_interaction
Quercus agrifolia var. agrifolia,Quercus agrifolia,Fagaceae,Quercus,Santa Barbara County,California,33.995933,-119.719842,2026-03-13,2026,Andrena,interactsWith,bee,general_interaction
Quercus agrifolia var. agrifolia,Quercus agrifolia,Fagaceae,Quercus,Santa Barbara County,California,33.995933,-119.719842,2026-03-13,2026,Apis mellifera,interactsWith,bee,general_interaction
Quercus agrifolia var. agrifolia,Quercus agrifolia,Fagaceae,Quercus,Santa Barbara County,California,33.995933,-119.719842,2026-03-13,2026,Lasioglossum,interactsWith,bee,general_interaction
Ipomopsis aggregata subsp. aggregata,Ipomopsis aggregata,Polemoniaceae,Ipomopsis,Siskiyou County,California,41.585608,-123.079719,2025-09-04,2025,Bombus appositus,flowersVisitedBy,bee,confirmed_pollination
Ipomopsis aggregata subsp. aggregata,Ipomopsis aggregata,Polemoniaceae,Ipomopsis,Siskiyou County,California,41.585608,-123.079719,2025-09-04,2025,Xylocopa,interactsWith,bee,general_interaction
Ipomopsis aggregata subsp. aggregata,Ipomopsis aggregata,Polemoniaceae,Ipomopsis,Siskiyou County,California,41.585608,-123.079719,2025-09-04,2025,Xylocopa virginica,interactsWith,bee,general_interaction
Acmispon grandiflorus var. grandiflorus,Acmispon grandiflorus,Fabaceae,Acmispon,Santa Barbara County,California,34.045158,-119.811425,2026-03-13,2026,Bombus vosnesenskii,flowersVisitedBy,bee,confirmed_pollination
Brodiaea elegans subsp. elegans,Brodiaea elegans,Asparagaceae,Brodiaea,San Benito County,California,36.759919,-121.500916,2026-05-25,2026,Strymon melinus,interactsWith,butterfly,general_interaction
Brodiaea elegans subsp. elegans,Brodiaea elegans,Asparagaceae,Brodiaea,San Benito County,California,36.759919,-121.500916,2026-05-25,2026,Anthophora urbana,interactsWith,bee,general_interaction
Brodiaea elegans subsp. elegans,Brodiaea elegans,Asparagaceae,Brodiaea,San Benito County,California,36.759919,-121.500916,2026-05-25,2026,Halictus tripartitus,interactsWith,bee,general_interaction
Brodiaea elegans subsp. elegans,Brodiaea elegans,Asparagaceae,Brodiaea,San Benito County,California,36.759919,-121.500916,2026-05-25,2026,Lasioglossum incompletum,interactsWith,bee,general_interaction
Triphysaria eriantha subsp. eriantha,Triphysaria eriantha,Orobanchaceae,Triphysaria,Calaveras County,California,37.900795,-120.62252,2025-04-24,2025,Andrena,interactsWith,bee,general_interaction
Triphysaria eriantha subsp. eriantha,Triphysaria eriantha,Orobanchaceae,Triphysaria,Calaveras County,California,37.900795,-120.62252,2025-04-24,2025,Andrena microchlora,interactsWith,bee,general_interaction
Adenostoma fasciculatum var. fasciculatum,Adenostoma fasciculatum,Rosaceae,Adenostoma,Santa Barbara County,California,34.000942,-119.73957,2026-03-10,2026,Andrena bucculenta,interactsWith,bee,general_interaction
Adenostoma fasciculatum var. fasciculatum,Adenostoma fasciculatum,Rosaceae,Adenostoma,Santa Barbara County,California,34.000942,-119.73957,2026-03-10,2026,Andrena (Andrena),interactsWith,bee,general_interaction
Adenostoma fasciculatum var. fasciculatum,Adenostoma fasciculatum,Rosaceae,Adenostoma,Santa Barbara County,California,34.000942,-119.73957,2026-03-10,2026,Chelostoma incisulum,interactsWith,bee,general_interaction
Adenostoma fasciculatum var. fasciculatum,Adenostoma fasciculatum,Rosaceae,Adenostoma,Santa Barbara County,California,34.000942,-119.73957,2026-03-10,2026,Colletes,interactsWith,bee,general_interaction
Adenostoma fasciculatum var. fasciculatum,Adenostoma fasciculatum,Rosaceae,Adenostoma,Santa Barbara County,California,34.000942,-119.73957,2026-03-10,2026,Dialictus,interactsWith,bee,general_interaction
Adenostoma fasciculatum var. fasciculatum,Adenostoma fasciculatum,Rosaceae,Adenostoma,Santa Barbara County,California,34.000942,-119.73957,2026-03-10,2026,Heriades occidentalis,interactsWith,bee,general_interaction
Adenostoma fasciculatum var. fasciculatum,Adenostoma fasciculatum,Rosaceae,Adenostoma,Santa Barbara County,California,34.000942,-119.73957,2026-03-10,2026,Bombus caliginosus,interactsWith,bee,general_interaction
Adenostoma fasciculatum var. fasciculatum,Adenostoma fasciculatum,Rosaceae,Adenostoma,Santa Barbara County,California,34.000942,-119.73957,2026-03-10,2026,Habrodais grunus,interactsWith,butterfly,general_interaction
Adenostoma fasciculatum var. fasciculatum,Adenostoma fasciculatum,Rosaceae,Adenostoma,Santa Barbara County,California,34.000942,-119.73957,2026-03-10,2026,Andrena principalis,interactsWith,bee,general_interaction
Adenostoma fasciculatum var. fasciculatum,Adenostoma fasciculatum,Rosaceae,Adenostoma,Santa Barbara County,California,34.000942,-119.73957,2026-03-10,2026,Andrena cerasifolii,interactsWith,bee,general_interaction
Adenostoma fasciculatum var. fasciculatum,Adenostoma fasciculatum,Rosaceae,Adenostoma,Santa Barbara County,California,34.000942,-119.73957,2026-03-10,2026,Bombus melanopygus,interactsWith,bee,general_interaction
Adenostoma fasciculatum var. fasciculatum,Adenostoma fasciculatum,Rosaceae,Adenostoma,Santa Barbara County,California,34.000942,-119.73957,2026-03-10,2026,Hylaeus,interactsWith,bee,general_interaction
Adenostoma fasciculatum var. fasciculatum,Adenostoma fasciculatum,Rosaceae,Adenostoma,Santa Barbara County,California,34.000942,-119.73957,2026-03-10,2026,Bombus occidentalis,interactsWith,bee,general_interaction
Adenostoma fasciculatum var. fasciculatum,Adenostoma fasciculatum,Rosaceae,Adenostoma,Santa Barbara County,California,34.000942,-119.73957,2026-03-10,2026,Xeromelecta californica,interactsWith,bee,general_interaction
Adenostoma fasciculatum var. fasciculatum,Adenostoma fasciculatum,Rosaceae,Adenostoma,Santa Barbara County,California,34.000942,-119.73957,2026-03-10,2026,Ochlodes sylvanoides,interactsWith,butterfly,general_interaction
Adenostoma fasciculatum var. fasciculatum,Adenostoma fasciculatum,Rosaceae,Adenostoma,Santa Barbara County,California,34.000942,-119.73957,2026-03-10,2026,Bombus vosnesenskii,interactsWith,bee,general_interaction
Adenostoma fasciculatum var. fasciculatum,Adenostoma fasciculatum,Rosaceae,Adenostoma,Santa Barbara County,California,34.000942,-119.73957,2026-03-10,2026,Andrena,interactsWith,bee,general_interaction
Adenostoma fasciculatum var. fasciculatum,Adenostoma fasciculatum,Rosaceae,Adenostoma,Santa Barbara County,California,34.000942,-119.73957,2026-03-10,2026,Satyrium saepium chalcis,interactsWith,butterfly,general_interaction
Adenostoma fasciculatum var. fasciculatum,Adenostoma fasciculatum,Rosaceae,Adenostoma,Santa Barbara County,California,34.000942,-119.73957,2026-03-10,2026,Lasioglossum,interactsWith,bee,general_interaction
Adenostoma fasciculatum var. fasciculatum,Adenostoma fasciculatum,Rosaceae,Adenostoma,Santa Barbara County,California,34.000942,-119.73957,2026-03-10,2026,Sphecodes,interactsWith,bee,general_interaction
Adenostoma fasciculatum var. fasciculatum,Adenostoma fasciculatum,Rosaceae,Adenostoma,Santa Barbara County,California,34.000942,-119.73957,2026-03-10,2026,Andrena saccata,interactsWith,bee,general_interaction
Hosackia crassifolia var. crassifolia,Hosackia crassifolia,Fabaceae,Hosackia,Tulare County,California,36.156488,-118.624527,2025-06-13,2025,Bombus vosnesenskii,flowersVisitedBy,bee,confirmed_pollination
Acmispon americanus var. americanus,Acmispon americanus,Fabaceae,Acmispon,Santa Clara County,California,37.315242,-122.188422,2025-07-21,2025,Ashmeadiella cactorum basalis,pollinatedBy,bee,confirmed_pollination
Acmispon americanus var. americanus,Acmispon americanus,Fabaceae,Acmispon,Santa Clara County,California,37.315242,-122.188422,2025-07-21,2025,Anthidiellum robertsoni,pollinatedBy,bee,confirmed_pollination
Acmispon americanus var. americanus,Acmispon americanus,Fabaceae,Acmispon,Santa Clara County,California,37.315242,-122.188422,2025-07-21,2025,Megachile angelarum,pollinatedBy,bee,confirmed_pollination
Acmispon americanus var. americanus,Acmispon americanus,Fabaceae,Acmispon,Santa Clara County,California,37.315242,-122.188422,2025-07-21,2025,Megachile brevis,pollinatedBy,bee,confirmed_pollination
Acmispon americanus var. americanus,Acmispon americanus,Fabaceae,Acmispon,Santa Clara County,California,37.315242,-122.188422,2025-07-21,2025,Anthidiellum notatum,pollinatedBy,bee,confirmed_pollination
Acmispon americanus var. americanus,Acmispon americanus,Fabaceae,Acmispon,Santa Clara County,California,37.315242,-122.188422,2025-07-21,2025,Megachile coquilletti,interactsWith,bee,general_interaction
Acmispon americanus var. americanus,Acmispon americanus,Fabaceae,Acmispon,Santa Clara County,California,37.315242,-122.188422,2025-07-21,2025,Bombus occidentalis,interactsWith,bee,general_interaction
Acmispon americanus var. americanus,Acmispon americanus,Fabaceae,Acmispon,Santa Clara County,California,37.315242,-122.188422,2025-07-21,2025,Megachile,interactsWith,bee,general_interaction
Acmispon americanus var. americanus,Acmispon americanus,Fabaceae,Acmispon,Santa Clara County,California,37.315242,-122.188422,2025-07-21,2025,Anthidium edwardsii,interactsWith,bee,general_interaction
Frangula californica subsp. californica,Frangula californica,Rhamnaceae,Frangula,Solano County,California,38.401297,-122.1062,2025-07-31,2025,Andrena (Andrena),interactsWith,bee,general_interaction
Frangula californica subsp. californica,Frangula californica,Rhamnaceae,Frangula,Solano County,California,38.401297,-122.1062,2025-07-31,2025,Bombus sitkensis,interactsWith,bee,general_interaction
Frangula californica subsp. californica,Frangula californica,Rhamnaceae,Frangula,Solano County,California,38.401297,-122.1062,2025-07-31,2025,Celastrina echo,interactsWith,butterfly,general_interaction
Frangula californica subsp. californica,Frangula californica,Rhamnaceae,Frangula,Solano County,California,38.401297,-122.1062,2025-07-31,2025,Phyciodes pulchella pulchella,interactsWith,butterfly,general_interaction
Frangula californica subsp. californica,Frangula californica,Rhamnaceae,Frangula,Solano County,California,38.401297,-122.1062,2025-07-31,2025,Apis mellifera,interactsWith,bee,general_interaction
Frangula californica subsp. californica,Frangula californica,Rhamnaceae,Frangula,Solano County,California,38.401297,-122.1062,2025-07-31,2025,Tharsalea arota,interactsWith,butterfly,general_interaction
Frangula californica subsp. californica,Frangula californica,Rhamnaceae,Frangula,Solano County,California,38.401297,-122.1062,2025-07-31,2025,Colletes slevini,interactsWith,bee,general_interaction
Frangula californica subsp. californica,Frangula californica,Rhamnaceae,Frangula,Solano County,California,38.401297,-122.1062,2025-07-31,2025,Lasioglossum pacificum,interactsWith,bee,general_interaction
Frangula californica subsp. californica,Frangula californica,Rhamnaceae,Frangula,Solano County,California,38.401297,-122.1062,2025-07-31,2025,Lasioglossum,interactsWith,bee,general_interaction
Frangula californica subsp. californica,Frangula californica,Rhamnaceae,Frangula,Solano County,California,38.401297,-122.1062,2025-07-31,2025,Bombus vosnesenskii,interactsWith,bee,general_interaction
Frangula californica subsp. californica,Frangula californica,Rhamnaceae,Frangula,Solano County,California,38.401297,-122.1062,2025-07-31,2025,Melissodes,interactsWith,bee,general_interaction
Frangula californica subsp. californica,Frangula californica,Rhamnaceae,Frangula,Solano County,California,38.401297,-122.1062,2025-07-31,2025,Andrena cerasifolii,interactsWith,bee,general_interaction
Frangula californica subsp. californica,Frangula californica,Rhamnaceae,Frangula,Solano County,California,38.401297,-122.1062,2025-07-31,2025,Bombus flavifrons,interactsWith,bee,general_interaction
Frangula californica subsp. californica,Frangula californica,Rhamnaceae,Frangula,Solano County,California,38.401297,-122.1062,2025-07-31,2025,Hylaeus,interactsWith,bee,general_interaction
Frangula californica subsp. californica,Frangula californica,Rhamnaceae,Frangula,Solano County,California,38.401297,-122.1062,2025-07-31,2025,Andrena,interactsWith,bee,general_interaction
Frangula californica subsp. californica,Frangula californica,Rhamnaceae,Frangula,Solano County,California,38.401297,-122.1062,2025-07-31,2025,Bombus melanopygus,interactsWith,bee,general_interaction
Frangula californica subsp. californica,Frangula californica,Rhamnaceae,Frangula,Solano County,California,38.401297,-122.1062,2025-07-31,2025,Bombus caliginosus,interactsWith,bee,general_interaction
Frangula californica subsp. californica,Frangula californica,Rhamnaceae,Frangula,Solano County,California,38.401297,-122.1062,2025-07-31,2025,Nomada,interactsWith,bee,general_interaction
Lupinus albifrons var. albifrons,Lupinus albifrons,Fabaceae,Lupinus,Monterey County,California,36.485437,-121.755134,2025-04-22,2025,Hylephila phylaeus,visitedBy,butterfly,confirmed_pollination
Lupinus albifrons var. albifrons,Lupinus albifrons,Fabaceae,Lupinus,Monterey County,California,36.485437,-121.755134,2025-04-22,2025,Osmia brevis,interactsWith,bee,general_interaction
Lupinus albifrons var. albifrons,Lupinus albifrons,Fabaceae,Lupinus,Monterey County,California,36.485437,-121.755134,2025-04-22,2025,Melecta edwardsii,interactsWith,bee,general_interaction
Lupinus albifrons var. albifrons,Lupinus albifrons,Fabaceae,Lupinus,Monterey County,California,36.485437,-121.755134,2025-04-22,2025,Protosmia rubifloris,interactsWith,bee,general_interaction
Lupinus albifrons var. albifrons,Lupinus albifrons,Fabaceae,Lupinus,Monterey County,California,36.485437,-121.755134,2025-04-22,2025,Xylocopa tabaniformis orpifex,interactsWith,bee,general_interaction
Lupinus albifrons var. albifrons,Lupinus albifrons,Fabaceae,Lupinus,Monterey County,California,36.485437,-121.755134,2025-04-22,2025,Apodemia mormo mormo,interactsWith,butterfly,general_interaction
Lupinus albifrons var. albifrons,Lupinus albifrons,Fabaceae,Lupinus,Monterey County,California,36.485437,-121.755134,2025-04-22,2025,Bombus melanopygus,interactsWith,bee,general_interaction
Lupinus albifrons var. albifrons,Lupinus albifrons,Fabaceae,Lupinus,Monterey County,California,36.485437,-121.755134,2025-04-22,2025,Eucera lunata,interactsWith,bee,general_interaction
Lupinus albifrons var. albifrons,Lupinus albifrons,Fabaceae,Lupinus,Monterey County,California,36.485437,-121.755134,2025-04-22,2025,Habropoda tristissima,interactsWith,bee,general_interaction
Lupinus albifrons var. albifrons,Lupinus albifrons,Fabaceae,Lupinus,Monterey County,California,36.485437,-121.755134,2025-04-22,2025,Callophrys dumetorum dumetorum,interactsWith,butterfly,general_interaction
Lupinus albifrons var. albifrons,Lupinus albifrons,Fabaceae,Lupinus,Monterey County,California,36.485437,-121.755134,2025-04-22,2025,Habropoda miserabilis,interactsWith,bee,general_interaction
Lupinus albifrons var. albifrons,Lupinus albifrons,Fabaceae,Lupinus,Monterey County,California,36.485437,-121.755134,2025-04-22,2025,Dialictus,interactsWith,bee,general_interaction
Lupinus albifrons var. albifrons,Lupinus albifrons,Fabaceae,Lupinus,Monterey County,California,36.485437,-121.755134,2025-04-22,2025,Bombus caliginosus,interactsWith,bee,general_interaction
Lupinus albifrons var. albifrons,Lupinus albifrons,Fabaceae,Lupinus,Monterey County,California,36.485437,-121.755134,2025-04-22,2025,Erynnis pacuvius,interactsWith,butterfly,general_interaction
Lupinus albifrons var. albifrons,Lupinus albifrons,Fabaceae,Lupinus,Monterey County,California,36.485437,-121.755134,2025-04-22,2025,Eucera frater albopilosa,interactsWith,bee,general_interaction
Lupinus albifrons var. albifrons,Lupinus albifrons,Fabaceae,Lupinus,Monterey County,California,36.485437,-121.755134,2025-04-22,2025,Strymon melinus,interactsWith,butterfly,general_interaction
Lupinus albifrons var. albifrons,Lupinus albifrons,Fabaceae,Lupinus,Monterey County,California,36.485437,-121.755134,2025-04-22,2025,Lasioglossum mellipes,interactsWith,bee,general_interaction
Lupinus albifrons var. albifrons,Lupinus albifrons,Fabaceae,Lupinus,Monterey County,California,36.485437,-121.755134,2025-04-22,2025,Bombus vosnesenskii,interactsWith,bee,general_interaction
Adenostoma fasciculatum var. fasciculatum,Adenostoma fasciculatum,Rosaceae,Adenostoma,Santa Cruz County,California,37.050872,-122.137894,2025-07-23,2025,Andrena bucculenta,interactsWith,bee,general_interaction
Adenostoma fasciculatum var. fasciculatum,Adenostoma fasciculatum,Rosaceae,Adenostoma,Santa Cruz County,California,37.050872,-122.137894,2025-07-23,2025,Andrena (Andrena),interactsWith,bee,general_interaction
Adenostoma fasciculatum var. fasciculatum,Adenostoma fasciculatum,Rosaceae,Adenostoma,Santa Cruz County,California,37.050872,-122.137894,2025-07-23,2025,Chelostoma incisulum,interactsWith,bee,general_interaction
Adenostoma fasciculatum var. fasciculatum,Adenostoma fasciculatum,Rosaceae,Adenostoma,Santa Cruz County,California,37.050872,-122.137894,2025-07-23,2025,Colletes,interactsWith,bee,general_interaction
Adenostoma fasciculatum var. fasciculatum,Adenostoma fasciculatum,Rosaceae,Adenostoma,Santa Cruz County,California,37.050872,-122.137894,2025-07-23,2025,Dialictus,interactsWith,bee,general_interaction
Adenostoma fasciculatum var. fasciculatum,Adenostoma fasciculatum,Rosaceae,Adenostoma,Santa Cruz County,California,37.050872,-122.137894,2025-07-23,2025,Heriades occidentalis,interactsWith,bee,general_interaction
Adenostoma fasciculatum var. fasciculatum,Adenostoma fasciculatum,Rosaceae,Adenostoma,Santa Cruz County,California,37.050872,-122.137894,2025-07-23,2025,Bombus caliginosus,interactsWith,bee,general_interaction
Adenostoma fasciculatum var. fasciculatum,Adenostoma fasciculatum,Rosaceae,Adenostoma,Santa Cruz County,California,37.050872,-122.137894,2025-07-23,2025,Habrodais grunus,interactsWith,butterfly,general_interaction
Adenostoma fasciculatum var. fasciculatum,Adenostoma fasciculatum,Rosaceae,Adenostoma,Santa Cruz County,California,37.050872,-122.137894,2025-07-23,2025,Andrena principalis,interactsWith,bee,general_interaction
Adenostoma fasciculatum var. fasciculatum,Adenostoma fasciculatum,Rosaceae,Adenostoma,Santa Cruz County,California,37.050872,-122.137894,2025-07-23,2025,Andrena cerasifolii,interactsWith,bee,general_interaction
Adenostoma fasciculatum var. fasciculatum,Adenostoma fasciculatum,Rosaceae,Adenostoma,Santa Cruz County,California,37.050872,-122.137894,2025-07-23,2025,Bombus melanopygus,interactsWith,bee,general_interaction
Adenostoma fasciculatum var. fasciculatum,Adenostoma fasciculatum,Rosaceae,Adenostoma,Santa Cruz County,California,37.050872,-122.137894,2025-07-23,2025,Hylaeus,interactsWith,bee,general_interaction
Adenostoma fasciculatum var. fasciculatum,Adenostoma fasciculatum,Rosaceae,Adenostoma,Santa Cruz County,California,37.050872,-122.137894,2025-07-23,2025,Bombus occidentalis,interactsWith,bee,general_interaction
Adenostoma fasciculatum var. fasciculatum,Adenostoma fasciculatum,Rosaceae,Adenostoma,Santa Cruz County,California,37.050872,-122.137894,2025-07-23,2025,Xeromelecta californica,interactsWith,bee,general_interaction
Adenostoma fasciculatum var. fasciculatum,Adenostoma fasciculatum,Rosaceae,Adenostoma,Santa Cruz County,California,37.050872,-122.137894,2025-07-23,2025,Ochlodes sylvanoides,interactsWith,butterfly,general_interaction
Adenostoma fasciculatum var. fasciculatum,Adenostoma fasciculatum,Rosaceae,Adenostoma,Santa Cruz County,California,37.050872,-122.137894,2025-07-23,2025,Bombus vosnesenskii,interactsWith,bee,general_interaction
Adenostoma fasciculatum var. fasciculatum,Adenostoma fasciculatum,Rosaceae,Adenostoma,Santa Cruz County,California,37.050872,-122.137894,2025-07-23,2025,Andrena,interactsWith,bee,general_interaction
Adenostoma fasciculatum var. fasciculatum,Adenostoma fasciculatum,Rosaceae,Adenostoma,Santa Cruz County,California,37.050872,-122.137894,2025-07-23,2025,Satyrium saepium chalcis,interactsWith,butterfly,general_interaction
Adenostoma fasciculatum var. fasciculatum,Adenostoma fasciculatum,Rosaceae,Adenostoma,Santa Cruz County,California,37.050872,-122.137894,2025-07-23,2025,Lasioglossum,interactsWith,bee,general_interaction
Adenostoma fasciculatum var. fasciculatum,Adenostoma fasciculatum,Rosaceae,Adenostoma,Santa Cruz County,California,37.050872,-122.137894,2025-07-23,2025,Sphecodes,interactsWith,bee,general_interaction
Adenostoma fasciculatum var. fasciculatum,Adenostoma fasciculatum,Rosaceae,Adenostoma,Santa Cruz County,California,37.050872,-122.137894,2025-07-23,2025,Andrena saccata,interactsWith,bee,general_interaction
Cordylanthus rigidus subsp. rigidus,Cordylanthus rigidus,Orobanchaceae,Cordylanthus,Los Angeles County,California,34.36662,-118.48552,2025-09-16,2025,Megachile coquilletti,interactsWith,bee,general_interaction
Cordylanthus rigidus subsp. rigidus,Cordylanthus rigidus,Orobanchaceae,Cordylanthus,Los Angeles County,California,34.36662,-118.48552,2025-09-16,2025,Anthidiellum robertsoni,interactsWith,bee,general_interaction
Cordylanthus rigidus subsp. rigidus,Cordylanthus rigidus,Orobanchaceae,Cordylanthus,Los Angeles County,California,34.36662,-118.48552,2025-09-16,2025,Megachile angelarum,interactsWith,bee,general_interaction
Cordylanthus rigidus subsp. rigidus,Cordylanthus rigidus,Orobanchaceae,Cordylanthus,Los Angeles County,California,34.36662,-118.48552,2025-09-16,2025,Bombus vosnesenskii,interactsWith,bee,general_interaction
Cordylanthus rigidus subsp. rigidus,Cordylanthus rigidus,Orobanchaceae,Cordylanthus,Los Angeles County,California,34.36662,-118.48552,2025-09-16,2025,Anthidium placitum,interactsWith,bee,general_interaction
Brodiaea elegans subsp. elegans,Brodiaea elegans,Asparagaceae,Brodiaea,Placer County,California,38.867192,-121.055567,2026-05-11,2026,Strymon melinus,interactsWith,butterfly,general_interaction
Brodiaea elegans subsp. elegans,Brodiaea elegans,Asparagaceae,Brodiaea,Placer County,California,38.867192,-121.055567,2026-05-11,2026,Anthophora urbana,interactsWith,bee,general_interaction
Brodiaea elegans subsp. elegans,Brodiaea elegans,Asparagaceae,Brodiaea,Placer County,California,38.867192,-121.055567,2026-05-11,2026,Halictus tripartitus,interactsWith,bee,general_interaction
Brodiaea elegans subsp. elegans,Brodiaea elegans,Asparagaceae,Brodiaea,Placer County,California,38.867192,-121.055567,2026-05-11,2026,Lasioglossum incompletum,interactsWith,bee,general_interaction
Camissoniopsis cheiranthifolia subsp. cheiranthifolia,Camissoniopsis cheiranthifolia,Onagraceae,Camissoniopsis,Marin County,California,38.188349,-122.964284,2025-04-26,2025,Bombus pensylvanicus,flowersVisitedBy,bee,confirmed_pollination
Camissoniopsis cheiranthifolia subsp. cheiranthifolia,Camissoniopsis cheiranthifolia,Onagraceae,Camissoniopsis,Marin County,California,38.188349,-122.964284,2025-04-26,2025,Lasioglossum pavonotum,interactsWith,bee,general_interaction
Phacelia cicutaria var. cicutaria,Phacelia cicutaria,Hydrophyllaceae,Phacelia,Fresno County,California,36.868592,-119.323347,2025-04-05,2025,Chelostoma phaceliae,interactsWith,bee,general_interaction
Claytonia perfoliata subsp. perfoliata,Claytonia perfoliata,Montiaceae,Claytonia,San Mateo County,California,37.470394,-122.27645,2025-03-19,2025,Andrena anisochlora,flowersVisitedBy,bee,confirmed_pollination
Claytonia perfoliata subsp. perfoliata,Claytonia perfoliata,Montiaceae,Claytonia,San Mateo County,California,37.470394,-122.27645,2025-03-19,2025,Andrena,interactsWith,bee,general_interaction
Ceanothus cuneatus var. cuneatus,Ceanothus cuneatus,Rhamnaceae,Ceanothus,Santa Clara County,California,37.347388,-122.181525,2026-01-19,2026,Panurginus,interactsWith,bee,general_interaction
Ceanothus cuneatus var. cuneatus,Ceanothus cuneatus,Rhamnaceae,Ceanothus,Santa Clara County,California,37.347388,-122.181525,2026-01-19,2026,Celastrina echo,interactsWith,butterfly,general_interaction
Ceanothus cuneatus var. cuneatus,Ceanothus cuneatus,Rhamnaceae,Ceanothus,Santa Clara County,California,37.347388,-122.181525,2026-01-19,2026,Andrena,interactsWith,bee,general_interaction
Delphinium patens subsp. patens,Delphinium patens,Ranunculaceae,Delphinium,Contra Costa County,California,37.976453,-121.854692,2025-04-06,2025,Bombus caliginosus,interactsWith,bee,general_interaction
Acmispon americanus var. americanus,Acmispon americanus,Fabaceae,Acmispon,San Diego County,California,32.82852,-116.858921,2026-04-27,2026,Ashmeadiella cactorum basalis,pollinatedBy,bee,confirmed_pollination
Acmispon americanus var. americanus,Acmispon americanus,Fabaceae,Acmispon,San Diego County,California,32.82852,-116.858921,2026-04-27,2026,Anthidiellum robertsoni,pollinatedBy,bee,confirmed_pollination
Acmispon americanus var. americanus,Acmispon americanus,Fabaceae,Acmispon,San Diego County,California,32.82852,-116.858921,2026-04-27,2026,Megachile angelarum,pollinatedBy,bee,confirmed_pollination
Acmispon americanus var. americanus,Acmispon americanus,Fabaceae,Acmispon,San Diego County,California,32.82852,-116.858921,2026-04-27,2026,Megachile brevis,pollinatedBy,bee,confirmed_pollination
Acmispon americanus var. americanus,Acmispon americanus,Fabaceae,Acmispon,San Diego County,California,32.82852,-116.858921,2026-04-27,2026,Anthidiellum notatum,pollinatedBy,bee,confirmed_pollination
Acmispon americanus var. americanus,Acmispon americanus,Fabaceae,Acmispon,San Diego County,California,32.82852,-116.858921,2026-04-27,2026,Megachile coquilletti,interactsWith,bee,general_interaction
Acmispon americanus var. americanus,Acmispon americanus,Fabaceae,Acmispon,San Diego County,California,32.82852,-116.858921,2026-04-27,2026,Bombus occidentalis,interactsWith,bee,general_interaction
Acmispon americanus var. americanus,Acmispon americanus,Fabaceae,Acmispon,San Diego County,California,32.82852,-116.858921,2026-04-27,2026,Megachile,interactsWith,bee,general_interaction
Acmispon americanus var. americanus,Acmispon americanus,Fabaceae,Acmispon,San Diego County,California,32.82852,-116.858921,2026-04-27,2026,Anthidium edwardsii,interactsWith,bee,general_interaction
Eriophyllum confertiflorum var. confertiflorum,Eriophyllum confertiflorum,Asteraceae,Eriophyllum,Tulare County,California,36.835186,-118.8228,2025-07-26,2025,Dianthidium parvum schwarzi,interactsWith,bee,general_interaction
Eriophyllum confertiflorum var. confertiflorum,Eriophyllum confertiflorum,Asteraceae,Eriophyllum,Tulare County,California,36.835186,-118.8228,2025-07-26,2025,Epeolus howardi,interactsWith,bee,general_interaction
Eriophyllum confertiflorum var. confertiflorum,Eriophyllum confertiflorum,Asteraceae,Eriophyllum,Tulare County,California,36.835186,-118.8228,2025-07-26,2025,Melissodes lupina,interactsWith,bee,general_interaction
Eriophyllum confertiflorum var. confertiflorum,Eriophyllum confertiflorum,Asteraceae,Eriophyllum,Tulare County,California,36.835186,-118.8228,2025-07-26,2025,Ochlodes agricola,interactsWith,butterfly,general_interaction
Eriophyllum confertiflorum var. confertiflorum,Eriophyllum confertiflorum,Asteraceae,Eriophyllum,Tulare County,California,36.835186,-118.8228,2025-07-26,2025,Bombus melanopygus,interactsWith,bee,general_interaction
Eriophyllum confertiflorum var. confertiflorum,Eriophyllum confertiflorum,Asteraceae,Eriophyllum,Tulare County,California,36.835186,-118.8228,2025-07-26,2025,Chlosyne palla,interactsWith,butterfly,general_interaction
Eriophyllum confertiflorum var. confertiflorum,Eriophyllum confertiflorum,Asteraceae,Eriophyllum,Tulare County,California,36.835186,-118.8228,2025-07-26,2025,Sphecodes,interactsWith,bee,general_interaction
Eriophyllum confertiflorum var. confertiflorum,Eriophyllum confertiflorum,Asteraceae,Eriophyllum,Tulare County,California,36.835186,-118.8228,2025-07-26,2025,Lycaena gorgon,interactsWith,butterfly,general_interaction
Eriophyllum confertiflorum var. confertiflorum,Eriophyllum confertiflorum,Asteraceae,Eriophyllum,Tulare County,California,36.835186,-118.8228,2025-07-26,2025,Icaricia lupini,interactsWith,butterfly,general_interaction
Eriophyllum confertiflorum var. confertiflorum,Eriophyllum confertiflorum,Asteraceae,Eriophyllum,Tulare County,California,36.835186,-118.8228,2025-07-26,2025,Erynnis propertius,interactsWith,butterfly,general_interaction
Eriophyllum confertiflorum var. confertiflorum,Eriophyllum confertiflorum,Asteraceae,Eriophyllum,Tulare County,California,36.835186,-118.8228,2025-07-26,2025,Andrena,interactsWith,bee,general_interaction
Eriophyllum confertiflorum var. confertiflorum,Eriophyllum confertiflorum,Asteraceae,Eriophyllum,Tulare County,California,36.835186,-118.8228,2025-07-26,2025,Ashmeadiella,interactsWith,bee,general_interaction
Eriophyllum confertiflorum var. confertiflorum,Eriophyllum confertiflorum,Asteraceae,Eriophyllum,Tulare County,California,36.835186,-118.8228,2025-07-26,2025,Dialictus,interactsWith,bee,general_interaction
Eriophyllum confertiflorum var. confertiflorum,Eriophyllum confertiflorum,Asteraceae,Eriophyllum,Tulare County,California,36.835186,-118.8228,2025-07-26,2025,Apodemia mormo,interactsWith,butterfly,general_interaction
Eriophyllum confertiflorum var. confertiflorum,Eriophyllum confertiflorum,Asteraceae,Eriophyllum,Tulare County,California,36.835186,-118.8228,2025-07-26,2025,Andrena pallidifovea,interactsWith,bee,general_interaction
Eriophyllum confertiflorum var. confertiflorum,Eriophyllum confertiflorum,Asteraceae,Eriophyllum,Tulare County,California,36.835186,-118.8228,2025-07-26,2025,Ashmeadiella cubiceps,interactsWith,bee,general_interaction
Eriophyllum confertiflorum var. confertiflorum,Eriophyllum confertiflorum,Asteraceae,Eriophyllum,Tulare County,California,36.835186,-118.8228,2025-07-26,2025,Icaricia acmon,interactsWith,butterfly,general_interaction
Eriophyllum confertiflorum var. confertiflorum,Eriophyllum confertiflorum,Asteraceae,Eriophyllum,Tulare County,California,36.835186,-118.8228,2025-07-26,2025,Bombus vosnesenskii,interactsWith,bee,general_interaction
Eriophyllum confertiflorum var. confertiflorum,Eriophyllum confertiflorum,Asteraceae,Eriophyllum,Tulare County,California,36.835186,-118.8228,2025-07-26,2025,Heriades occidentalis,interactsWith,bee,general_interaction
Eriophyllum confertiflorum var. confertiflorum,Eriophyllum confertiflorum,Asteraceae,Eriophyllum,Tulare County,California,36.835186,-118.8228,2025-07-26,2025,Nomada,interactsWith,bee,general_interaction
Eriophyllum confertiflorum var. confertiflorum,Eriophyllum confertiflorum,Asteraceae,Eriophyllum,Tulare County,California,36.835186,-118.8228,2025-07-26,2025,Erynnis pacuvius,interactsWith,butterfly,general_interaction
Eriophyllum confertiflorum var. confertiflorum,Eriophyllum confertiflorum,Asteraceae,Eriophyllum,Tulare County,California,36.835186,-118.8228,2025-07-26,2025,Vanessa virginiensis,interactsWith,butterfly,general_interaction
Eriophyllum confertiflorum var. confertiflorum,Eriophyllum confertiflorum,Asteraceae,Eriophyllum,Tulare County,California,36.835186,-118.8228,2025-07-26,2025,Halictus tripartitus,interactsWith,bee,general_interaction
Eriophyllum confertiflorum var. confertiflorum,Eriophyllum confertiflorum,Asteraceae,Eriophyllum,Tulare County,California,36.835186,-118.8228,2025-07-26,2025,Epeolus compactus,interactsWith,bee,general_interaction
Eriophyllum confertiflorum var. confertiflorum,Eriophyllum confertiflorum,Asteraceae,Eriophyllum,Tulare County,California,36.835186,-118.8228,2025-07-26,2025,Vanessa cardui,interactsWith,butterfly,general_interaction
Eriophyllum confertiflorum var. confertiflorum,Eriophyllum confertiflorum,Asteraceae,Eriophyllum,Tulare County,California,36.835186,-118.8228,2025-07-26,2025,Hylaeus,interactsWith,bee,general_interaction
Adenostoma fasciculatum var. fasciculatum,Adenostoma fasciculatum,Rosaceae,Adenostoma,Riverside County,California,33.780208,-117.328662,2026-02-05,2026,Andrena bucculenta,interactsWith,bee,general_interaction
Adenostoma fasciculatum var. fasciculatum,Adenostoma fasciculatum,Rosaceae,Adenostoma,Riverside County,California,33.780208,-117.328662,2026-02-05,2026,Andrena (Andrena),interactsWith,bee,general_interaction
Adenostoma fasciculatum var. fasciculatum,Adenostoma fasciculatum,Rosaceae,Adenostoma,Riverside County,California,33.780208,-117.328662,2026-02-05,2026,Chelostoma incisulum,interactsWith,bee,general_interaction
Adenostoma fasciculatum var. fasciculatum,Adenostoma fasciculatum,Rosaceae,Adenostoma,Riverside County,California,33.780208,-117.328662,2026-02-05,2026,Colletes,interactsWith,bee,general_interaction
Adenostoma fasciculatum var. fasciculatum,Adenostoma fasciculatum,Rosaceae,Adenostoma,Riverside County,California,33.780208,-117.328662,2026-02-05,2026,Dialictus,interactsWith,bee,general_interaction
Adenostoma fasciculatum var. fasciculatum,Adenostoma fasciculatum,Rosaceae,Adenostoma,Riverside County,California,33.780208,-117.328662,2026-02-05,2026,Heriades occidentalis,interactsWith,bee,general_interaction
Adenostoma fasciculatum var. fasciculatum,Adenostoma fasciculatum,Rosaceae,Adenostoma,Riverside County,California,33.780208,-117.328662,2026-02-05,2026,Bombus caliginosus,interactsWith,bee,general_interaction
Adenostoma fasciculatum var. fasciculatum,Adenostoma fasciculatum,Rosaceae,Adenostoma,Riverside County,California,33.780208,-117.328662,2026-02-05,2026,Habrodais grunus,interactsWith,butterfly,general_interaction
Adenostoma fasciculatum var. fasciculatum,Adenostoma fasciculatum,Rosaceae,Adenostoma,Riverside County,California,33.780208,-117.328662,2026-02-05,2026,Andrena principalis,interactsWith,bee,general_interaction
Adenostoma fasciculatum var. fasciculatum,Adenostoma fasciculatum,Rosaceae,Adenostoma,Riverside County,California,33.780208,-117.328662,2026-02-05,2026,Andrena cerasifolii,interactsWith,bee,general_interaction
Adenostoma fasciculatum var. fasciculatum,Adenostoma fasciculatum,Rosaceae,Adenostoma,Riverside County,California,33.780208,-117.328662,2026-02-05,2026,Bombus melanopygus,interactsWith,bee,general_interaction
Adenostoma fasciculatum var. fasciculatum,Adenostoma fasciculatum,Rosaceae,Adenostoma,Riverside County,California,33.780208,-117.328662,2026-02-05,2026,Hylaeus,interactsWith,bee,general_interaction
Adenostoma fasciculatum var. fasciculatum,Adenostoma fasciculatum,Rosaceae,Adenostoma,Riverside County,California,33.780208,-117.328662,2026-02-05,2026,Bombus occidentalis,interactsWith,bee,general_interaction
Adenostoma fasciculatum var. fasciculatum,Adenostoma fasciculatum,Rosaceae,Adenostoma,Riverside County,California,33.780208,-117.328662,2026-02-05,2026,Xeromelecta californica,interactsWith,bee,general_interaction
Adenostoma fasciculatum var. fasciculatum,Adenostoma fasciculatum,Rosaceae,Adenostoma,Riverside County,California,33.780208,-117.328662,2026-02-05,2026,Ochlodes sylvanoides,interactsWith,butterfly,general_interaction
Adenostoma fasciculatum var. fasciculatum,Adenostoma fasciculatum,Rosaceae,Adenostoma,Riverside County,California,33.780208,-117.328662,2026-02-05,2026,Bombus vosnesenskii,interactsWith,bee,general_interaction
Adenostoma fasciculatum var. fasciculatum,Adenostoma fasciculatum,Rosaceae,Adenostoma,Riverside County,California,33.780208,-117.328662,2026-02-05,2026,Andrena,interactsWith,bee,general_interaction
Adenostoma fasciculatum var. fasciculatum,Adenostoma fasciculatum,Rosaceae,Adenostoma,Riverside County,California,33.780208,-117.328662,2026-02-05,2026,Satyrium saepium chalcis,interactsWith,butterfly,general_interaction
Adenostoma fasciculatum var. fasciculatum,Adenostoma fasciculatum,Rosaceae,Adenostoma,Riverside County,California,33.780208,-117.328662,2026-02-05,2026,Lasioglossum,interactsWith,bee,general_interaction
Adenostoma fasciculatum var. fasciculatum,Adenostoma fasciculatum,Rosaceae,Adenostoma,Riverside County,California,33.780208,-117.328662,2026-02-05,2026,Sphecodes,interactsWith,bee,general_interaction
Adenostoma fasciculatum var. fasciculatum,Adenostoma fasciculatum,Rosaceae,Adenostoma,Riverside County,California,33.780208,-117.328662,2026-02-05,2026,Andrena saccata,interactsWith,bee,general_interaction
Vicia sativa subsp. sativa,Vicia sativa,Fabaceae,Vicia,Contra Costa County,California,37.969937,-122.107697,2025-04-02,2025,Bombus melanopygus,interactsWith,bee,general_interaction
Quercus agrifolia var. agrifolia,Quercus agrifolia,Fagaceae,Quercus,Riverside County,California,33.6479,-117.446145,2025-11-23,2025,Celastrina echo,interactsWith,butterfly,general_interaction
Quercus agrifolia var. agrifolia,Quercus agrifolia,Fagaceae,Quercus,Riverside County,California,33.6479,-117.446145,2025-11-23,2025,Andrena,interactsWith,bee,general_interaction
Quercus agrifolia var. agrifolia,Quercus agrifolia,Fagaceae,Quercus,Riverside County,California,33.6479,-117.446145,2025-11-23,2025,Apis mellifera,interactsWith,bee,general_interaction
Quercus agrifolia var. agrifolia,Quercus agrifolia,Fagaceae,Quercus,Riverside County,California,33.6479,-117.446145,2025-11-23,2025,Lasioglossum,interactsWith,bee,general_interaction
Cirsium occidentale var. occidentale,Cirsium occidentale,Asteraceae,Cirsium,Ventura County,California,34.29545,-119.197411,2026-04-01,2026,Bombus vosnesenskii,interactsWith,bee,general_interaction
Cirsium occidentale var. occidentale,Cirsium occidentale,Asteraceae,Cirsium,Ventura County,California,34.29545,-119.197411,2026-04-01,2026,Bombus californicus,interactsWith,bee,general_interaction
Cirsium occidentale var. occidentale,Cirsium occidentale,Asteraceae,Cirsium,Ventura County,California,34.29545,-119.197411,2026-04-01,2026,Bombus melanopygus,interactsWith,bee,general_interaction
Cirsium occidentale var. occidentale,Cirsium occidentale,Asteraceae,Cirsium,Ventura County,California,34.29545,-119.197411,2026-04-01,2026,Bombus crotchii,interactsWith,bee,general_interaction
Verbena lasiostachys var. lasiostachys,Verbena lasiostachys,Verbenaceae,Verbena,Los Angeles County,California,34.074283,-118.454686,2026-05-03,2026,Megachile perihirta,interactsWith,bee,general_interaction
Verbena lasiostachys var. lasiostachys,Verbena lasiostachys,Verbenaceae,Verbena,Los Angeles County,California,34.074283,-118.454686,2026-05-03,2026,Megachile angelarum,interactsWith,bee,general_interaction
Verbena lasiostachys var. lasiostachys,Verbena lasiostachys,Verbenaceae,Verbena,Los Angeles County,California,34.074283,-118.454686,2026-05-03,2026,Bombus caliginosus,interactsWith,bee,general_interaction
Baccharis salicifolia subsp. salicifolia,Baccharis salicifolia,Asteraceae,Baccharis,Orange County,California,33.735478,-117.670747,2025-10-05,2025,Hylaeus (Paraprosopis) polifolii,interactsWith,bee,general_interaction
Baccharis salicifolia subsp. salicifolia,Baccharis salicifolia,Asteraceae,Baccharis,Orange County,California,33.735478,-117.670747,2025-10-05,2025,Megachile (Xeromegachile) subnigra angelica,interactsWith,bee,general_interaction
Baccharis salicifolia subsp. salicifolia,Baccharis salicifolia,Asteraceae,Baccharis,Orange County,California,33.735478,-117.670747,2025-10-05,2025,Ceratina (Ceratinula) arizonensis,interactsWith,bee,general_interaction
Baccharis salicifolia subsp. salicifolia,Baccharis salicifolia,Asteraceae,Baccharis,Orange County,California,33.735478,-117.670747,2025-10-05,2025,Augochlorella pomoniella,interactsWith,bee,general_interaction
Baccharis salicifolia subsp. salicifolia,Baccharis salicifolia,Asteraceae,Baccharis,Orange County,California,33.735478,-117.670747,2025-10-05,2025,Hylaeus polifolii,interactsWith,bee,general_interaction
Brodiaea terrestris subsp. terrestris,Brodiaea terrestris,Asparagaceae,Brodiaea,San Luis Obispo County,California,35.401292,-120.280398,2026-04-16,2026,Halictus tripartitus,interactsWith,bee,general_interaction
Brodiaea terrestris subsp. terrestris,Brodiaea terrestris,Asparagaceae,Brodiaea,San Luis Obispo County,California,35.401292,-120.280398,2026-04-16,2026,Lasioglossum,interactsWith,bee,general_interaction
Brodiaea terrestris subsp. terrestris,Brodiaea terrestris,Asparagaceae,Brodiaea,San Luis Obispo County,California,35.401292,-120.280398,2026-04-16,2026,Osmia nemoris,interactsWith,bee,general_interaction
Brodiaea terrestris subsp. terrestris,Brodiaea terrestris,Asparagaceae,Brodiaea,San Luis Obispo County,California,35.401292,-120.280398,2026-04-16,2026,Dialictus,interactsWith,bee,general_interaction
Eriophyllum confertiflorum var. confertiflorum,Eriophyllum confertiflorum,Asteraceae,Eriophyllum,Riverside County,California,33.349111,-116.724037,2026-04-27,2026,Dianthidium parvum schwarzi,interactsWith,bee,general_interaction
Eriophyllum confertiflorum var. confertiflorum,Eriophyllum confertiflorum,Asteraceae,Eriophyllum,Riverside County,California,33.349111,-116.724037,2026-04-27,2026,Epeolus howardi,interactsWith,bee,general_interaction
Eriophyllum confertiflorum var. confertiflorum,Eriophyllum confertiflorum,Asteraceae,Eriophyllum,Riverside County,California,33.349111,-116.724037,2026-04-27,2026,Melissodes lupina,interactsWith,bee,general_interaction
Eriophyllum confertiflorum var. confertiflorum,Eriophyllum confertiflorum,Asteraceae,Eriophyllum,Riverside County,California,33.349111,-116.724037,2026-04-27,2026,Ochlodes agricola,interactsWith,butterfly,general_interaction
Eriophyllum confertiflorum var. confertiflorum,Eriophyllum confertiflorum,Asteraceae,Eriophyllum,Riverside County,California,33.349111,-116.724037,2026-04-27,2026,Bombus melanopygus,interactsWith,bee,general_interaction
Eriophyllum confertiflorum var. confertiflorum,Eriophyllum confertiflorum,Asteraceae,Eriophyllum,Riverside County,California,33.349111,-116.724037,2026-04-27,2026,Chlosyne palla,interactsWith,butterfly,general_interaction
Eriophyllum confertiflorum var. confertiflorum,Eriophyllum confertiflorum,Asteraceae,Eriophyllum,Riverside County,California,33.349111,-116.724037,2026-04-27,2026,Sphecodes,interactsWith,bee,general_interaction
Eriophyllum confertiflorum var. confertiflorum,Eriophyllum confertiflorum,Asteraceae,Eriophyllum,Riverside County,California,33.349111,-116.724037,2026-04-27,2026,Lycaena gorgon,interactsWith,butterfly,general_interaction
Eriophyllum confertiflorum var. confertiflorum,Eriophyllum confertiflorum,Asteraceae,Eriophyllum,Riverside County,California,33.349111,-116.724037,2026-04-27,2026,Icaricia lupini,interactsWith,butterfly,general_interaction
Eriophyllum confertiflorum var. confertiflorum,Eriophyllum confertiflorum,Asteraceae,Eriophyllum,Riverside County,California,33.349111,-116.724037,2026-04-27,2026,Erynnis propertius,interactsWith,butterfly,general_interaction
Eriophyllum confertiflorum var. confertiflorum,Eriophyllum confertiflorum,Asteraceae,Eriophyllum,Riverside County,California,33.349111,-116.724037,2026-04-27,2026,Andrena,interactsWith,bee,general_interaction
Eriophyllum confertiflorum var. confertiflorum,Eriophyllum confertiflorum,Asteraceae,Eriophyllum,Riverside County,California,33.349111,-116.724037,2026-04-27,2026,Ashmeadiella,interactsWith,bee,general_interaction
Eriophyllum confertiflorum var. confertiflorum,Eriophyllum confertiflorum,Asteraceae,Eriophyllum,Riverside County,California,33.349111,-116.724037,2026-04-27,2026,Dialictus,interactsWith,bee,general_interaction
Eriophyllum confertiflorum var. confertiflorum,Eriophyllum confertiflorum,Asteraceae,Eriophyllum,Riverside County,California,33.349111,-116.724037,2026-04-27,2026,Apodemia mormo,interactsWith,butterfly,general_interaction
Eriophyllum confertiflorum var. confertiflorum,Eriophyllum confertiflorum,Asteraceae,Eriophyllum,Riverside County,California,33.349111,-116.724037,2026-04-27,2026,Andrena pallidifovea,interactsWith,bee,general_interaction
Eriophyllum confertiflorum var. confertiflorum,Eriophyllum confertiflorum,Asteraceae,Eriophyllum,Riverside County,California,33.349111,-116.724037,2026-04-27,2026,Ashmeadiella cubiceps,interactsWith,bee,general_interaction
Eriophyllum confertiflorum var. confertiflorum,Eriophyllum confertiflorum,Asteraceae,Eriophyllum,Riverside County,California,33.349111,-116.724037,2026-04-27,2026,Icaricia acmon,interactsWith,butterfly,general_interaction
Eriophyllum confertiflorum var. confertiflorum,Eriophyllum confertiflorum,Asteraceae,Eriophyllum,Riverside County,California,33.349111,-116.724037,2026-04-27,2026,Bombus vosnesenskii,interactsWith,bee,general_interaction
Eriophyllum confertiflorum var. confertiflorum,Eriophyllum confertiflorum,Asteraceae,Eriophyllum,Riverside County,California,33.349111,-116.724037,2026-04-27,2026,Heriades occidentalis,interactsWith,bee,general_interaction
Eriophyllum confertiflorum var. confertiflorum,Eriophyllum confertiflorum,Asteraceae,Eriophyllum,Riverside County,California,33.349111,-116.724037,2026-04-27,2026,Nomada,interactsWith,bee,general_interaction
Eriophyllum confertiflorum var. confertiflorum,Eriophyllum confertiflorum,Asteraceae,Eriophyllum,Riverside County,California,33.349111,-116.724037,2026-04-27,2026,Erynnis pacuvius,interactsWith,butterfly,general_interaction
Eriophyllum confertiflorum var. confertiflorum,Eriophyllum confertiflorum,Asteraceae,Eriophyllum,Riverside County,California,33.349111,-116.724037,2026-04-27,2026,Vanessa virginiensis,interactsWith,butterfly,general_interaction
Eriophyllum confertiflorum var. confertiflorum,Eriophyllum confertiflorum,Asteraceae,Eriophyllum,Riverside County,California,33.349111,-116.724037,2026-04-27,2026,Halictus tripartitus,interactsWith,bee,general_interaction
Eriophyllum confertiflorum var. confertiflorum,Eriophyllum confertiflorum,Asteraceae,Eriophyllum,Riverside County,California,33.349111,-116.724037,2026-04-27,2026,Epeolus compactus,interactsWith,bee,general_interaction
Eriophyllum confertiflorum var. confertiflorum,Eriophyllum confertiflorum,Asteraceae,Eriophyllum,Riverside County,California,33.349111,-116.724037,2026-04-27,2026,Vanessa cardui,interactsWith,butterfly,general_interaction
Eriophyllum confertiflorum var. confertiflorum,Eriophyllum confertiflorum,Asteraceae,Eriophyllum,Riverside County,California,33.349111,-116.724037,2026-04-27,2026,Hylaeus,interactsWith,bee,general_interaction
Nemophila menziesii var. menziesii,Nemophila menziesii,Hydrophyllaceae,Nemophila,Sutter County,California,39.225605,-121.79235,2025-03-28,2025,Andrena bucculenta,interactsWith,bee,general_interaction
Nemophila menziesii var. menziesii,Nemophila menziesii,Hydrophyllaceae,Nemophila,Sutter County,California,39.225605,-121.79235,2025-03-28,2025,Andrena (Andrena),interactsWith,bee,general_interaction
Nemophila menziesii var. menziesii,Nemophila menziesii,Hydrophyllaceae,Nemophila,Sutter County,California,39.225605,-121.79235,2025-03-28,2025,Andrena nemophilae,interactsWith,bee,general_interaction
Nemophila menziesii var. menziesii,Nemophila menziesii,Hydrophyllaceae,Nemophila,Sutter County,California,39.225605,-121.79235,2025-03-28,2025,Andrena crudeni,interactsWith,bee,general_interaction
Nemophila menziesii var. menziesii,Nemophila menziesii,Hydrophyllaceae,Nemophila,Sutter County,California,39.225605,-121.79235,2025-03-28,2025,Osmia glauca,interactsWith,bee,general_interaction
Nemophila menziesii var. menziesii,Nemophila menziesii,Hydrophyllaceae,Nemophila,Sutter County,California,39.225605,-121.79235,2025-03-28,2025,Hoplitis biscutellae,interactsWith,bee,general_interaction
Nemophila menziesii var. menziesii,Nemophila menziesii,Hydrophyllaceae,Nemophila,Sutter County,California,39.225605,-121.79235,2025-03-28,2025,Andrena angustitarsata,interactsWith,bee,general_interaction
Nemophila menziesii var. menziesii,Nemophila menziesii,Hydrophyllaceae,Nemophila,Sutter County,California,39.225605,-121.79235,2025-03-28,2025,Lasioglossum titusi,interactsWith,bee,general_interaction
Nemophila menziesii var. menziesii,Nemophila menziesii,Hydrophyllaceae,Nemophila,Sutter County,California,39.225605,-121.79235,2025-03-28,2025,Andrena nigrocaerulea,interactsWith,bee,general_interaction
Nemophila menziesii var. menziesii,Nemophila menziesii,Hydrophyllaceae,Nemophila,Sutter County,California,39.225605,-121.79235,2025-03-28,2025,Osmia,interactsWith,bee,general_interaction
Nemophila menziesii var. menziesii,Nemophila menziesii,Hydrophyllaceae,Nemophila,Sutter County,California,39.225605,-121.79235,2025-03-28,2025,Hoplitis fulgida,interactsWith,bee,general_interaction
Nemophila menziesii var. menziesii,Nemophila menziesii,Hydrophyllaceae,Nemophila,Sutter County,California,39.225605,-121.79235,2025-03-28,2025,Osmia lignaria,interactsWith,bee,general_interaction
Nemophila menziesii var. menziesii,Nemophila menziesii,Hydrophyllaceae,Nemophila,Sutter County,California,39.225605,-121.79235,2025-03-28,2025,Lasioglossum,interactsWith,bee,general_interaction
Nemophila menziesii var. menziesii,Nemophila menziesii,Hydrophyllaceae,Nemophila,Sutter County,California,39.225605,-121.79235,2025-03-28,2025,Andrena orthocarpi,interactsWith,bee,general_interaction
Nemophila menziesii var. menziesii,Nemophila menziesii,Hydrophyllaceae,Nemophila,Sutter County,California,39.225605,-121.79235,2025-03-28,2025,Andrena cerasifolii,interactsWith,bee,general_interaction
Nemophila menziesii var. menziesii,Nemophila menziesii,Hydrophyllaceae,Nemophila,Sutter County,California,39.225605,-121.79235,2025-03-28,2025,Andrena suavis,interactsWith,bee,general_interaction
Nemophila menziesii var. menziesii,Nemophila menziesii,Hydrophyllaceae,Nemophila,Sutter County,California,39.225605,-121.79235,2025-03-28,2025,Andrena,interactsWith,bee,general_interaction
Nemophila menziesii var. menziesii,Nemophila menziesii,Hydrophyllaceae,Nemophila,Sutter County,California,39.225605,-121.79235,2025-03-28,2025,Bombus vosnesenskii,interactsWith,bee,general_interaction
Nemophila menziesii var. menziesii,Nemophila menziesii,Hydrophyllaceae,Nemophila,Sutter County,California,39.225605,-121.79235,2025-03-28,2025,Andrena candida,interactsWith,bee,general_interaction
Nemophila menziesii var. menziesii,Nemophila menziesii,Hydrophyllaceae,Nemophila,Sutter County,California,39.225605,-121.79235,2025-03-28,2025,Andrena nigripes,interactsWith,bee,general_interaction
Nemophila menziesii var. menziesii,Nemophila menziesii,Hydrophyllaceae,Nemophila,Sutter County,California,39.225605,-121.79235,2025-03-28,2025,Andrena viridissima,interactsWith,bee,general_interaction
Nemophila menziesii var. menziesii,Nemophila menziesii,Hydrophyllaceae,Nemophila,Sutter County,California,39.225605,-121.79235,2025-03-28,2025,Osmia nemoris,interactsWith,bee,general_interaction
Nemophila menziesii var. menziesii,Nemophila menziesii,Hydrophyllaceae,Nemophila,Sutter County,California,39.225605,-121.79235,2025-03-28,2025,Hoplitis,interactsWith,bee,general_interaction
Nemophila menziesii var. menziesii,Nemophila menziesii,Hydrophyllaceae,Nemophila,Sutter County,California,39.225605,-121.79235,2025-03-28,2025,Andrena cressonii,interactsWith,bee,general_interaction
Cirsium occidentale var. occidentale,Cirsium occidentale,Asteraceae,Cirsium,San Diego County,California,32.723623,-117.074552,2025-06-04,2025,Bombus vosnesenskii,interactsWith,bee,general_interaction
Cirsium occidentale var. occidentale,Cirsium occidentale,Asteraceae,Cirsium,San Diego County,California,32.723623,-117.074552,2025-06-04,2025,Bombus californicus,interactsWith,bee,general_interaction
Cirsium occidentale var. occidentale,Cirsium occidentale,Asteraceae,Cirsium,San Diego County,California,32.723623,-117.074552,2025-06-04,2025,Bombus melanopygus,interactsWith,bee,general_interaction
Cirsium occidentale var. occidentale,Cirsium occidentale,Asteraceae,Cirsium,San Diego County,California,32.723623,-117.074552,2025-06-04,2025,Bombus crotchii,interactsWith,bee,general_interaction
Camissoniopsis cheiranthifolia subsp. cheiranthifolia,Camissoniopsis cheiranthifolia,Onagraceae,Camissoniopsis,Los Angeles County,California,32.990478,-118.57109,2025-04-27,2025,Bombus pensylvanicus,flowersVisitedBy,bee,confirmed_pollination
Camissoniopsis cheiranthifolia subsp. cheiranthifolia,Camissoniopsis cheiranthifolia,Onagraceae,Camissoniopsis,Los Angeles County,California,32.990478,-118.57109,2025-04-27,2025,Lasioglossum pavonotum,interactsWith,bee,general_interaction
Brodiaea elegans subsp. elegans,Brodiaea elegans,Asparagaceae,Brodiaea,Tulare County,California,36.571142,-118.632012,2026-06-27,2026,Strymon melinus,interactsWith,butterfly,general_interaction
Brodiaea elegans subsp. elegans,Brodiaea elegans,Asparagaceae,Brodiaea,Tulare County,California,36.571142,-118.632012,2026-06-27,2026,Anthophora urbana,interactsWith,bee,general_interaction
Brodiaea elegans subsp. elegans,Brodiaea elegans,Asparagaceae,Brodiaea,Tulare County,California,36.571142,-118.632012,2026-06-27,2026,Halictus tripartitus,interactsWith,bee,general_interaction
Brodiaea elegans subsp. elegans,Brodiaea elegans,Asparagaceae,Brodiaea,Tulare County,California,36.571142,-118.632012,2026-06-27,2026,Lasioglossum incompletum,interactsWith,bee,general_interaction
Delphinium patens subsp. patens,Delphinium patens,Ranunculaceae,Delphinium,Solano County,California,38.251394,-122.134538,2025-04-04,2025,Bombus caliginosus,interactsWith,bee,general_interaction
Lupinus albifrons var. albifrons,Lupinus albifrons,Fabaceae,Lupinus,Santa Cruz County,California,37.051553,-122.135506,2025-05-05,2025,Hylephila phylaeus,visitedBy,butterfly,confirmed_pollination
Lupinus albifrons var. albifrons,Lupinus albifrons,Fabaceae,Lupinus,Santa Cruz County,California,37.051553,-122.135506,2025-05-05,2025,Osmia brevis,interactsWith,bee,general_interaction
Lupinus albifrons var. albifrons,Lupinus albifrons,Fabaceae,Lupinus,Santa Cruz County,California,37.051553,-122.135506,2025-05-05,2025,Melecta edwardsii,interactsWith,bee,general_interaction
Lupinus albifrons var. albifrons,Lupinus albifrons,Fabaceae,Lupinus,Santa Cruz County,California,37.051553,-122.135506,2025-05-05,2025,Protosmia rubifloris,interactsWith,bee,general_interaction
Lupinus albifrons var. albifrons,Lupinus albifrons,Fabaceae,Lupinus,Santa Cruz County,California,37.051553,-122.135506,2025-05-05,2025,Xylocopa tabaniformis orpifex,interactsWith,bee,general_interaction
Lupinus albifrons var. albifrons,Lupinus albifrons,Fabaceae,Lupinus,Santa Cruz County,California,37.051553,-122.135506,2025-05-05,2025,Apodemia mormo mormo,interactsWith,butterfly,general_interaction
Lupinus albifrons var. albifrons,Lupinus albifrons,Fabaceae,Lupinus,Santa Cruz County,California,37.051553,-122.135506,2025-05-05,2025,Bombus melanopygus,interactsWith,bee,general_interaction
Lupinus albifrons var. albifrons,Lupinus albifrons,Fabaceae,Lupinus,Santa Cruz County,California,37.051553,-122.135506,2025-05-05,2025,Eucera lunata,interactsWith,bee,general_interaction
Lupinus albifrons var. albifrons,Lupinus albifrons,Fabaceae,Lupinus,Santa Cruz County,California,37.051553,-122.135506,2025-05-05,2025,Habropoda tristissima,interactsWith,bee,general_interaction
Lupinus albifrons var. albifrons,Lupinus albifrons,Fabaceae,Lupinus,Santa Cruz County,California,37.051553,-122.135506,2025-05-05,2025,Callophrys dumetorum dumetorum,interactsWith,butterfly,general_interaction
Lupinus albifrons var. albifrons,Lupinus albifrons,Fabaceae,Lupinus,Santa Cruz County,California,37.051553,-122.135506,2025-05-05,2025,Habropoda miserabilis,interactsWith,bee,general_interaction
Lupinus albifrons var. albifrons,Lupinus albifrons,Fabaceae,Lupinus,Santa Cruz County,California,37.051553,-122.135506,2025-05-05,2025,Dialictus,interactsWith,bee,general_interaction
Lupinus albifrons var. albifrons,Lupinus albifrons,Fabaceae,Lupinus,Santa Cruz County,California,37.051553,-122.135506,2025-05-05,2025,Bombus caliginosus,interactsWith,bee,general_interaction
Lupinus albifrons var. albifrons,Lupinus albifrons,Fabaceae,Lupinus,Santa Cruz County,California,37.051553,-122.135506,2025-05-05,2025,Erynnis pacuvius,interactsWith,butterfly,general_interaction
Lupinus albifrons var. albifrons,Lupinus albifrons,Fabaceae,Lupinus,Santa Cruz County,California,37.051553,-122.135506,2025-05-05,2025,Eucera frater albopilosa,interactsWith,bee,general_interaction
Lupinus albifrons var. albifrons,Lupinus albifrons,Fabaceae,Lupinus,Santa Cruz County,California,37.051553,-122.135506,2025-05-05,2025,Strymon melinus,interactsWith,butterfly,general_interaction
Lupinus albifrons var. albifrons,Lupinus albifrons,Fabaceae,Lupinus,Santa Cruz County,California,37.051553,-122.135506,2025-05-05,2025,Lasioglossum mellipes,interactsWith,bee,general_interaction
Lupinus albifrons var. albifrons,Lupinus albifrons,Fabaceae,Lupinus,Santa Cruz County,California,37.051553,-122.135506,2025-05-05,2025,Bombus vosnesenskii,interactsWith,bee,general_interaction
Calystegia purpurata subsp. purpurata,Convolvulus purpuratus,Convolvulaceae,Convolvulus,Santa Cruz County,California,37.102548,-122.104559,2025-05-14,2025,Poanes melane,interactsWith,butterfly,general_interaction
Calystegia purpurata subsp. purpurata,Convolvulus purpuratus,Convolvulaceae,Convolvulus,Santa Cruz County,California,37.102548,-122.104559,2025-05-14,2025,Apis mellifera,interactsWith,bee,general_interaction
Calystegia purpurata subsp. purpurata,Convolvulus purpuratus,Convolvulaceae,Convolvulus,Santa Cruz County,California,37.102548,-122.104559,2025-05-14,2025,Bombus vosnesenskii,interactsWith,bee,general_interaction
Calystegia purpurata subsp. purpurata,Convolvulus purpuratus,Convolvulaceae,Convolvulus,Santa Cruz County,California,37.102548,-122.104559,2025-05-14,2025,Agapostemon texanus,interactsWith,bee,general_interaction
Calystegia purpurata subsp. purpurata,Convolvulus purpuratus,Convolvulaceae,Convolvulus,Santa Cruz County,California,37.102548,-122.104559,2025-05-14,2025,Bombus melanopygus,interactsWith,bee,general_interaction
Calystegia purpurata subsp. purpurata,Convolvulus purpuratus,Convolvulaceae,Convolvulus,Santa Cruz County,California,37.102548,-122.104559,2025-05-14,2025,Bombus caliginosus,interactsWith,bee,general_interaction
Calystegia purpurata subsp. purpurata,Convolvulus purpuratus,Convolvulaceae,Convolvulus,Santa Cruz County,California,37.102548,-122.104559,2025-05-14,2025,Diadasia bituberculata,interactsWith,bee,general_interaction
Calystegia purpurata subsp. purpurata,Convolvulus purpuratus,Convolvulaceae,Convolvulus,Santa Cruz County,California,37.102548,-122.104559,2025-05-14,2025,Megachile perihirta,interactsWith,bee,general_interaction
Holodiscus discolor var. discolor,Holodiscus discolor,Rosaceae,Holodiscus,Placer County,California,38.955014,-120.107644,2025-08-27,2025,Andrena bucculenta,interactsWith,bee,general_interaction
Holodiscus discolor var. discolor,Holodiscus discolor,Rosaceae,Holodiscus,Placer County,California,38.955014,-120.107644,2025-08-27,2025,Andrena (Andrena),interactsWith,bee,general_interaction
Holodiscus discolor var. discolor,Holodiscus discolor,Rosaceae,Holodiscus,Placer County,California,38.955014,-120.107644,2025-08-27,2025,Sphecodes,interactsWith,bee,general_interaction
Holodiscus discolor var. discolor,Holodiscus discolor,Rosaceae,Holodiscus,Placer County,California,38.955014,-120.107644,2025-08-27,2025,Hylaeus punctatus,interactsWith,bee,general_interaction
Holodiscus discolor var. discolor,Holodiscus discolor,Rosaceae,Holodiscus,Placer County,California,38.955014,-120.107644,2025-08-27,2025,Lasioglossum,interactsWith,bee,general_interaction
Holodiscus discolor var. discolor,Holodiscus discolor,Rosaceae,Holodiscus,Placer County,California,38.955014,-120.107644,2025-08-27,2025,Nomada,interactsWith,bee,general_interaction
Holodiscus discolor var. discolor,Holodiscus discolor,Rosaceae,Holodiscus,Placer County,California,38.955014,-120.107644,2025-08-27,2025,Halictus tripartitus,interactsWith,bee,general_interaction
Holodiscus discolor var. discolor,Holodiscus discolor,Rosaceae,Holodiscus,Placer County,California,38.955014,-120.107644,2025-08-27,2025,Hylaeus,interactsWith,bee,general_interaction
Holodiscus discolor var. discolor,Holodiscus discolor,Rosaceae,Holodiscus,Placer County,California,38.955014,-120.107644,2025-08-27,2025,Andrena knuthiana,interactsWith,bee,general_interaction
Holodiscus discolor var. discolor,Holodiscus discolor,Rosaceae,Holodiscus,Placer County,California,38.955014,-120.107644,2025-08-27,2025,Andrena,interactsWith,bee,general_interaction
Holodiscus discolor var. discolor,Holodiscus discolor,Rosaceae,Holodiscus,Placer County,California,38.955014,-120.107644,2025-08-27,2025,Bombus vosnesenskii,interactsWith,bee,general_interaction
Notholithocarpus densiflorus var. densiflorus,Notholithocarpus densiflorus,Fagaceae,Notholithocarpus,San Mateo County,California,37.28542,-122.269378,2025-12-09,2025,Limenitis bredowii californica,interactsWith,butterfly,general_interaction
Notholithocarpus densiflorus var. densiflorus,Notholithocarpus densiflorus,Fagaceae,Notholithocarpus,San Mateo County,California,37.28542,-122.269378,2025-12-09,2025,Colletes,interactsWith,bee,general_interaction
Notholithocarpus densiflorus var. densiflorus,Notholithocarpus densiflorus,Fagaceae,Notholithocarpus,San Mateo County,California,37.28542,-122.269378,2025-12-09,2025,Halictus tripartitus,interactsWith,bee,general_interaction
Notholithocarpus densiflorus var. densiflorus,Notholithocarpus densiflorus,Fagaceae,Notholithocarpus,San Mateo County,California,37.28542,-122.269378,2025-12-09,2025,Habrodais grunus,interactsWith,butterfly,general_interaction
Notholithocarpus densiflorus var. densiflorus,Notholithocarpus densiflorus,Fagaceae,Notholithocarpus,San Mateo County,California,37.28542,-122.269378,2025-12-09,2025,Hylaeus,interactsWith,bee,general_interaction
Notholithocarpus densiflorus var. densiflorus,Notholithocarpus densiflorus,Fagaceae,Notholithocarpus,San Mateo County,California,37.28542,-122.269378,2025-12-09,2025,Lasioglossum,interactsWith,bee,general_interaction
Eriophyllum confertiflorum var. confertiflorum,Eriophyllum confertiflorum,Asteraceae,Eriophyllum,San Bernardino County,California,34.150136,-116.45333,2025-03-11,2025,Dianthidium parvum schwarzi,interactsWith,bee,general_interaction
Eriophyllum confertiflorum var. confertiflorum,Eriophyllum confertiflorum,Asteraceae,Eriophyllum,San Bernardino County,California,34.150136,-116.45333,2025-03-11,2025,Epeolus howardi,interactsWith,bee,general_interaction
Eriophyllum confertiflorum var. confertiflorum,Eriophyllum confertiflorum,Asteraceae,Eriophyllum,San Bernardino County,California,34.150136,-116.45333,2025-03-11,2025,Melissodes lupina,interactsWith,bee,general_interaction
Eriophyllum confertiflorum var. confertiflorum,Eriophyllum confertiflorum,Asteraceae,Eriophyllum,San Bernardino County,California,34.150136,-116.45333,2025-03-11,2025,Ochlodes agricola,interactsWith,butterfly,general_interaction
Eriophyllum confertiflorum var. confertiflorum,Eriophyllum confertiflorum,Asteraceae,Eriophyllum,San Bernardino County,California,34.150136,-116.45333,2025-03-11,2025,Bombus melanopygus,interactsWith,bee,general_interaction
Eriophyllum confertiflorum var. confertiflorum,Eriophyllum confertiflorum,Asteraceae,Eriophyllum,San Bernardino County,California,34.150136,-116.45333,2025-03-11,2025,Chlosyne palla,interactsWith,butterfly,general_interaction
Eriophyllum confertiflorum var. confertiflorum,Eriophyllum confertiflorum,Asteraceae,Eriophyllum,San Bernardino County,California,34.150136,-116.45333,2025-03-11,2025,Sphecodes,interactsWith,bee,general_interaction
Eriophyllum confertiflorum var. confertiflorum,Eriophyllum confertiflorum,Asteraceae,Eriophyllum,San Bernardino County,California,34.150136,-116.45333,2025-03-11,2025,Lycaena gorgon,interactsWith,butterfly,general_interaction
Eriophyllum confertiflorum var. confertiflorum,Eriophyllum confertiflorum,Asteraceae,Eriophyllum,San Bernardino County,California,34.150136,-116.45333,2025-03-11,2025,Icaricia lupini,interactsWith,butterfly,general_interaction
Eriophyllum confertiflorum var. confertiflorum,Eriophyllum confertiflorum,Asteraceae,Eriophyllum,San Bernardino County,California,34.150136,-116.45333,2025-03-11,2025,Erynnis propertius,interactsWith,butterfly,general_interaction
Eriophyllum confertiflorum var. confertiflorum,Eriophyllum confertiflorum,Asteraceae,Eriophyllum,San Bernardino County,California,34.150136,-116.45333,2025-03-11,2025,Andrena,interactsWith,bee,general_interaction
Eriophyllum confertiflorum var. confertiflorum,Eriophyllum confertiflorum,Asteraceae,Eriophyllum,San Bernardino County,California,34.150136,-116.45333,2025-03-11,2025,Ashmeadiella,interactsWith,bee,general_interaction
Eriophyllum confertiflorum var. confertiflorum,Eriophyllum confertiflorum,Asteraceae,Eriophyllum,San Bernardino County,California,34.150136,-116.45333,2025-03-11,2025,Dialictus,interactsWith,bee,general_interaction
Eriophyllum confertiflorum var. confertiflorum,Eriophyllum confertiflorum,Asteraceae,Eriophyllum,San Bernardino County,California,34.150136,-116.45333,2025-03-11,2025,Apodemia mormo,interactsWith,butterfly,general_interaction
Eriophyllum confertiflorum var. confertiflorum,Eriophyllum confertiflorum,Asteraceae,Eriophyllum,San Bernardino County,California,34.150136,-116.45333,2025-03-11,2025,Andrena pallidifovea,interactsWith,bee,general_interaction
Eriophyllum confertiflorum var. confertiflorum,Eriophyllum confertiflorum,Asteraceae,Eriophyllum,San Bernardino County,California,34.150136,-116.45333,2025-03-11,2025,Ashmeadiella cubiceps,interactsWith,bee,general_interaction
Eriophyllum confertiflorum var. confertiflorum,Eriophyllum confertiflorum,Asteraceae,Eriophyllum,San Bernardino County,California,34.150136,-116.45333,2025-03-11,2025,Icaricia acmon,interactsWith,butterfly,general_interaction
Eriophyllum confertiflorum var. confertiflorum,Eriophyllum confertiflorum,Asteraceae,Eriophyllum,San Bernardino County,California,34.150136,-116.45333,2025-03-11,2025,Bombus vosnesenskii,interactsWith,bee,general_interaction
Eriophyllum confertiflorum var. confertiflorum,Eriophyllum confertiflorum,Asteraceae,Eriophyllum,San Bernardino County,California,34.150136,-116.45333,2025-03-11,2025,Heriades occidentalis,interactsWith,bee,general_interaction
Eriophyllum confertiflorum var. confertiflorum,Eriophyllum confertiflorum,Asteraceae,Eriophyllum,San Bernardino County,California,34.150136,-116.45333,2025-03-11,2025,Nomada,interactsWith,bee,general_interaction
Eriophyllum confertiflorum var. confertiflorum,Eriophyllum confertiflorum,Asteraceae,Eriophyllum,San Bernardino County,California,34.150136,-116.45333,2025-03-11,2025,Erynnis pacuvius,interactsWith,butterfly,general_interaction
Eriophyllum confertiflorum var. confertiflorum,Eriophyllum confertiflorum,Asteraceae,Eriophyllum,San Bernardino County,California,34.150136,-116.45333,2025-03-11,2025,Vanessa virginiensis,interactsWith,butterfly,general_interaction
Eriophyllum confertiflorum var. confertiflorum,Eriophyllum confertiflorum,Asteraceae,Eriophyllum,San Bernardino County,California,34.150136,-116.45333,2025-03-11,2025,Halictus tripartitus,interactsWith,bee,general_interaction
Eriophyllum confertiflorum var. confertiflorum,Eriophyllum confertiflorum,Asteraceae,Eriophyllum,San Bernardino County,California,34.150136,-116.45333,2025-03-11,2025,Epeolus compactus,interactsWith,bee,general_interaction
Eriophyllum confertiflorum var. confertiflorum,Eriophyllum confertiflorum,Asteraceae,Eriophyllum,San Bernardino County,California,34.150136,-116.45333,2025-03-11,2025,Vanessa cardui,interactsWith,butterfly,general_interaction
Eriophyllum confertiflorum var. confertiflorum,Eriophyllum confertiflorum,Asteraceae,Eriophyllum,San Bernardino County,California,34.150136,-116.45333,2025-03-11,2025,Hylaeus,interactsWith,bee,general_interaction
Brodiaea elegans subsp. elegans,Brodiaea elegans,Asparagaceae,Brodiaea,Trinity County,California,40.598533,-122.893587,2025-06-11,2025,Strymon melinus,interactsWith,butterfly,general_interaction
Brodiaea elegans subsp. elegans,Brodiaea elegans,Asparagaceae,Brodiaea,Trinity County,California,40.598533,-122.893587,2025-06-11,2025,Anthophora urbana,interactsWith,bee,general_interaction
Brodiaea elegans subsp. elegans,Brodiaea elegans,Asparagaceae,Brodiaea,Trinity County,California,40.598533,-122.893587,2025-06-11,2025,Halictus tripartitus,interactsWith,bee,general_interaction
Brodiaea elegans subsp. elegans,Brodiaea elegans,Asparagaceae,Brodiaea,Trinity County,California,40.598533,-122.893587,2025-06-11,2025,Lasioglossum incompletum,interactsWith,bee,general_interaction
Holodiscus discolor var. discolor,Holodiscus discolor,Rosaceae,Holodiscus,Siskiyou County,California,41.061928,-122.321542,2026-04-14,2026,Andrena bucculenta,interactsWith,bee,general_interaction
Holodiscus discolor var. discolor,Holodiscus discolor,Rosaceae,Holodiscus,Siskiyou County,California,41.061928,-122.321542,2026-04-14,2026,Andrena (Andrena),interactsWith,bee,general_interaction
Holodiscus discolor var. discolor,Holodiscus discolor,Rosaceae,Holodiscus,Siskiyou County,California,41.061928,-122.321542,2026-04-14,2026,Sphecodes,interactsWith,bee,general_interaction
Holodiscus discolor var. discolor,Holodiscus discolor,Rosaceae,Holodiscus,Siskiyou County,California,41.061928,-122.321542,2026-04-14,2026,Hylaeus punctatus,interactsWith,bee,general_interaction
Holodiscus discolor var. discolor,Holodiscus discolor,Rosaceae,Holodiscus,Siskiyou County,California,41.061928,-122.321542,2026-04-14,2026,Lasioglossum,interactsWith,bee,general_interaction
Holodiscus discolor var. discolor,Holodiscus discolor,Rosaceae,Holodiscus,Siskiyou County,California,41.061928,-122.321542,2026-04-14,2026,Nomada,interactsWith,bee,general_interaction
Holodiscus discolor var. discolor,Holodiscus discolor,Rosaceae,Holodiscus,Siskiyou County,California,41.061928,-122.321542,2026-04-14,2026,Halictus tripartitus,interactsWith,bee,general_interaction
Holodiscus discolor var. discolor,Holodiscus discolor,Rosaceae,Holodiscus,Siskiyou County,California,41.061928,-122.321542,2026-04-14,2026,Hylaeus,interactsWith,bee,general_interaction
Holodiscus discolor var. discolor,Holodiscus discolor,Rosaceae,Holodiscus,Siskiyou County,California,41.061928,-122.321542,2026-04-14,2026,Andrena knuthiana,interactsWith,bee,general_interaction
Holodiscus discolor var. discolor,Holodiscus discolor,Rosaceae,Holodiscus,Siskiyou County,California,41.061928,-122.321542,2026-04-14,2026,Andrena,interactsWith,bee,general_interaction
Holodiscus discolor var. discolor,Holodiscus discolor,Rosaceae,Holodiscus,Siskiyou County,California,41.061928,-122.321542,2026-04-14,2026,Bombus vosnesenskii,interactsWith,bee,general_interaction
Calystegia subacaulis subsp. subacaulis,Convolvulus thellungianus,Convolvulaceae,Convolvulus,Contra Costa County,California,37.849033,-121.915108,2025-09-10,2025,Diadasia bituberculata,interactsWith,bee,general_interaction
Nemophila menziesii var. menziesii,Nemophila menziesii,Hydrophyllaceae,Nemophila,Lake County,California,38.855988,-122.623497,2025-04-19,2025,Andrena bucculenta,interactsWith,bee,general_interaction
Nemophila menziesii var. menziesii,Nemophila menziesii,Hydrophyllaceae,Nemophila,Lake County,California,38.855988,-122.623497,2025-04-19,2025,Andrena (Andrena),interactsWith,bee,general_interaction
Nemophila menziesii var. menziesii,Nemophila menziesii,Hydrophyllaceae,Nemophila,Lake County,California,38.855988,-122.623497,2025-04-19,2025,Andrena nemophilae,interactsWith,bee,general_interaction
Nemophila menziesii var. menziesii,Nemophila menziesii,Hydrophyllaceae,Nemophila,Lake County,California,38.855988,-122.623497,2025-04-19,2025,Andrena crudeni,interactsWith,bee,general_interaction
Nemophila menziesii var. menziesii,Nemophila menziesii,Hydrophyllaceae,Nemophila,Lake County,California,38.855988,-122.623497,2025-04-19,2025,Osmia glauca,interactsWith,bee,general_interaction
Nemophila menziesii var. menziesii,Nemophila menziesii,Hydrophyllaceae,Nemophila,Lake County,California,38.855988,-122.623497,2025-04-19,2025,Hoplitis biscutellae,interactsWith,bee,general_interaction
Nemophila menziesii var. menziesii,Nemophila menziesii,Hydrophyllaceae,Nemophila,Lake County,California,38.855988,-122.623497,2025-04-19,2025,Andrena angustitarsata,interactsWith,bee,general_interaction
Nemophila menziesii var. menziesii,Nemophila menziesii,Hydrophyllaceae,Nemophila,Lake County,California,38.855988,-122.623497,2025-04-19,2025,Lasioglossum titusi,interactsWith,bee,general_interaction
Nemophila menziesii var. menziesii,Nemophila menziesii,Hydrophyllaceae,Nemophila,Lake County,California,38.855988,-122.623497,2025-04-19,2025,Andrena nigrocaerulea,interactsWith,bee,general_interaction
Nemophila menziesii var. menziesii,Nemophila menziesii,Hydrophyllaceae,Nemophila,Lake County,California,38.855988,-122.623497,2025-04-19,2025,Osmia,interactsWith,bee,general_interaction
Nemophila menziesii var. menziesii,Nemophila menziesii,Hydrophyllaceae,Nemophila,Lake County,California,38.855988,-122.623497,2025-04-19,2025,Hoplitis fulgida,interactsWith,bee,general_interaction
Nemophila menziesii var. menziesii,Nemophila menziesii,Hydrophyllaceae,Nemophila,Lake County,California,38.855988,-122.623497,2025-04-19,2025,Osmia lignaria,interactsWith,bee,general_interaction
Nemophila menziesii var. menziesii,Nemophila menziesii,Hydrophyllaceae,Nemophila,Lake County,California,38.855988,-122.623497,2025-04-19,2025,Lasioglossum,interactsWith,bee,general_interaction
Nemophila menziesii var. menziesii,Nemophila menziesii,Hydrophyllaceae,Nemophila,Lake County,California,38.855988,-122.623497,2025-04-19,2025,Andrena orthocarpi,interactsWith,bee,general_interaction
Nemophila menziesii var. menziesii,Nemophila menziesii,Hydrophyllaceae,Nemophila,Lake County,California,38.855988,-122.623497,2025-04-19,2025,Andrena cerasifolii,interactsWith,bee,general_interaction
Nemophila menziesii var. menziesii,Nemophila menziesii,Hydrophyllaceae,Nemophila,Lake County,California,38.855988,-122.623497,2025-04-19,2025,Andrena suavis,interactsWith,bee,general_interaction
Nemophila menziesii var. menziesii,Nemophila menziesii,Hydrophyllaceae,Nemophila,Lake County,California,38.855988,-122.623497,2025-04-19,2025,Andrena,interactsWith,bee,general_interaction
Nemophila menziesii var. menziesii,Nemophila menziesii,Hydrophyllaceae,Nemophila,Lake County,California,38.855988,-122.623497,2025-04-19,2025,Bombus vosnesenskii,interactsWith,bee,general_interaction
Nemophila menziesii var. menziesii,Nemophila menziesii,Hydrophyllaceae,Nemophila,Lake County,California,38.855988,-122.623497,2025-04-19,2025,Andrena candida,interactsWith,bee,general_interaction
Nemophila menziesii var. menziesii,Nemophila menziesii,Hydrophyllaceae,Nemophila,Lake County,California,38.855988,-122.623497,2025-04-19,2025,Andrena nigripes,interactsWith,bee,general_interaction
Nemophila menziesii var. menziesii,Nemophila menziesii,Hydrophyllaceae,Nemophila,Lake County,California,38.855988,-122.623497,2025-04-19,2025,Andrena viridissima,interactsWith,bee,general_interaction
Nemophila menziesii var. menziesii,Nemophila menziesii,Hydrophyllaceae,Nemophila,Lake County,California,38.855988,-122.623497,2025-04-19,2025,Osmia nemoris,interactsWith,bee,general_interaction
Nemophila menziesii var. menziesii,Nemophila menziesii,Hydrophyllaceae,Nemophila,Lake County,California,38.855988,-122.623497,2025-04-19,2025,Hoplitis,interactsWith,bee,general_interaction
Nemophila menziesii var. menziesii,Nemophila menziesii,Hydrophyllaceae,Nemophila,Lake County,California,38.855988,-122.623497,2025-04-19,2025,Andrena cressonii,interactsWith,bee,general_interaction
Ribes cereum var. cereum,Ribes cereum,Grossulariaceae,Ribes,Inyo County,California,37.50632,-118.16334,2025-08-09,2025,Andrena porterae,flowersVisitedBy,bee,confirmed_pollination
Phacelia cicutaria var. cicutaria,Phacelia cicutaria,Hydrophyllaceae,Phacelia,Yuba County,California,39.207169,-121.345658,2026-03-13,2026,Chelostoma phaceliae,interactsWith,bee,general_interaction
Ceanothus thyrsiflorus var. thyrsiflorus,Ceanothus thyrsiflorus,Rhamnaceae,Ceanothus,Santa Cruz County,California,37.006742,-122.065847,2026-05-10,2026,Andrena,interactsWith,bee,general_interaction
Ceanothus thyrsiflorus var. thyrsiflorus,Ceanothus thyrsiflorus,Rhamnaceae,Ceanothus,Santa Cruz County,California,37.006742,-122.065847,2026-05-10,2026,Callophrys dumetorum dumetorum,interactsWith,butterfly,general_interaction
Ceanothus thyrsiflorus var. thyrsiflorus,Ceanothus thyrsiflorus,Rhamnaceae,Ceanothus,Santa Cruz County,California,37.006742,-122.065847,2026-05-10,2026,Celastrina echo,interactsWith,butterfly,general_interaction
Ceanothus thyrsiflorus var. thyrsiflorus,Ceanothus thyrsiflorus,Rhamnaceae,Ceanothus,Santa Cruz County,California,37.006742,-122.065847,2026-05-10,2026,Nomada,interactsWith,bee,general_interaction
Ceanothus thyrsiflorus var. thyrsiflorus,Ceanothus thyrsiflorus,Rhamnaceae,Ceanothus,Santa Cruz County,California,37.006742,-122.065847,2026-05-10,2026,Dialictus,interactsWith,bee,general_interaction
Ceanothus thyrsiflorus var. thyrsiflorus,Ceanothus thyrsiflorus,Rhamnaceae,Ceanothus,Santa Cruz County,California,37.006742,-122.065847,2026-05-10,2026,Andrena chlorogaster,interactsWith,bee,general_interaction
Ceanothus thyrsiflorus var. thyrsiflorus,Ceanothus thyrsiflorus,Rhamnaceae,Ceanothus,Santa Cruz County,California,37.006742,-122.065847,2026-05-10,2026,Panurginus,interactsWith,bee,general_interaction
Ceanothus thyrsiflorus var. thyrsiflorus,Ceanothus thyrsiflorus,Rhamnaceae,Ceanothus,Santa Cruz County,California,37.006742,-122.065847,2026-05-10,2026,Hylaeus,interactsWith,bee,general_interaction
Ceanothus thyrsiflorus var. thyrsiflorus,Ceanothus thyrsiflorus,Rhamnaceae,Ceanothus,Santa Cruz County,California,37.006742,-122.065847,2026-05-10,2026,Andrena angustitarsata,interactsWith,bee,general_interaction
Lomatium dasycarpum subsp. dasycarpum,Lomatium dasycarpum,Apiaceae,Lomatium,Stanislaus County,California,37.439628,-121.33628,2025-01-16,2025,Andrena,interactsWith,bee,general_interaction
Lomatium dasycarpum subsp. dasycarpum,Lomatium dasycarpum,Apiaceae,Lomatium,Stanislaus County,California,37.439628,-121.33628,2025-01-16,2025,Andrena melanochroa,interactsWith,bee,general_interaction
Lomatium dasycarpum subsp. dasycarpum,Lomatium dasycarpum,Apiaceae,Lomatium,Stanislaus County,California,37.439628,-121.33628,2025-01-16,2025,Andrena chlorogaster,interactsWith,bee,general_interaction
Vicia sativa subsp. sativa,Vicia sativa,Fabaceae,Vicia,Mendocino County,California,39.010044,-123.378997,2026-04-25,2026,Bombus melanopygus,interactsWith,bee,general_interaction
Adenostoma fasciculatum var. fasciculatum,Adenostoma fasciculatum,Rosaceae,Adenostoma,Santa Clara County,California,37.175525,-121.791795,2025-04-27,2025,Andrena bucculenta,interactsWith,bee,general_interaction
Adenostoma fasciculatum var. fasciculatum,Adenostoma fasciculatum,Rosaceae,Adenostoma,Santa Clara County,California,37.175525,-121.791795,2025-04-27,2025,Andrena (Andrena),interactsWith,bee,general_interaction
Adenostoma fasciculatum var. fasciculatum,Adenostoma fasciculatum,Rosaceae,Adenostoma,Santa Clara County,California,37.175525,-121.791795,2025-04-27,2025,Chelostoma incisulum,interactsWith,bee,general_interaction
Adenostoma fasciculatum var. fasciculatum,Adenostoma fasciculatum,Rosaceae,Adenostoma,Santa Clara County,California,37.175525,-121.791795,2025-04-27,2025,Colletes,interactsWith,bee,general_interaction
Adenostoma fasciculatum var. fasciculatum,Adenostoma fasciculatum,Rosaceae,Adenostoma,Santa Clara County,California,37.175525,-121.791795,2025-04-27,2025,Dialictus,interactsWith,bee,general_interaction
Adenostoma fasciculatum var. fasciculatum,Adenostoma fasciculatum,Rosaceae,Adenostoma,Santa Clara County,California,37.175525,-121.791795,2025-04-27,2025,Heriades occidentalis,interactsWith,bee,general_interaction
Adenostoma fasciculatum var. fasciculatum,Adenostoma fasciculatum,Rosaceae,Adenostoma,Santa Clara County,California,37.175525,-121.791795,2025-04-27,2025,Bombus caliginosus,interactsWith,bee,general_interaction
Adenostoma fasciculatum var. fasciculatum,Adenostoma fasciculatum,Rosaceae,Adenostoma,Santa Clara County,California,37.175525,-121.791795,2025-04-27,2025,Habrodais grunus,interactsWith,butterfly,general_interaction
Adenostoma fasciculatum var. fasciculatum,Adenostoma fasciculatum,Rosaceae,Adenostoma,Santa Clara County,California,37.175525,-121.791795,2025-04-27,2025,Andrena principalis,interactsWith,bee,general_interaction
Adenostoma fasciculatum var. fasciculatum,Adenostoma fasciculatum,Rosaceae,Adenostoma,Santa Clara County,California,37.175525,-121.791795,2025-04-27,2025,Andrena cerasifolii,interactsWith,bee,general_interaction
Adenostoma fasciculatum var. fasciculatum,Adenostoma fasciculatum,Rosaceae,Adenostoma,Santa Clara County,California,37.175525,-121.791795,2025-04-27,2025,Bombus melanopygus,interactsWith,bee,general_interaction
Adenostoma fasciculatum var. fasciculatum,Adenostoma fasciculatum,Rosaceae,Adenostoma,Santa Clara County,California,37.175525,-121.791795,2025-04-27,2025,Hylaeus,interactsWith,bee,general_interaction
Adenostoma fasciculatum var. fasciculatum,Adenostoma fasciculatum,Rosaceae,Adenostoma,Santa Clara County,California,37.175525,-121.791795,2025-04-27,2025,Bombus occidentalis,interactsWith,bee,general_interaction
Adenostoma fasciculatum var. fasciculatum,Adenostoma fasciculatum,Rosaceae,Adenostoma,Santa Clara County,California,37.175525,-121.791795,2025-04-27,2025,Xeromelecta californica,interactsWith,bee,general_interaction
Adenostoma fasciculatum var. fasciculatum,Adenostoma fasciculatum,Rosaceae,Adenostoma,Santa Clara County,California,37.175525,-121.791795,2025-04-27,2025,Ochlodes sylvanoides,interactsWith,butterfly,general_interaction
Adenostoma fasciculatum var. fasciculatum,Adenostoma fasciculatum,Rosaceae,Adenostoma,Santa Clara County,California,37.175525,-121.791795,2025-04-27,2025,Bombus vosnesenskii,interactsWith,bee,general_interaction
Adenostoma fasciculatum var. fasciculatum,Adenostoma fasciculatum,Rosaceae,Adenostoma,Santa Clara County,California,37.175525,-121.791795,2025-04-27,2025,Andrena,interactsWith,bee,general_interaction
Adenostoma fasciculatum var. fasciculatum,Adenostoma fasciculatum,Rosaceae,Adenostoma,Santa Clara County,California,37.175525,-121.791795,2025-04-27,2025,Satyrium saepium chalcis,interactsWith,butterfly,general_interaction
Adenostoma fasciculatum var. fasciculatum,Adenostoma fasciculatum,Rosaceae,Adenostoma,Santa Clara County,California,37.175525,-121.791795,2025-04-27,2025,Lasioglossum,interactsWith,bee,general_interaction
Adenostoma fasciculatum var. fasciculatum,Adenostoma fasciculatum,Rosaceae,Adenostoma,Santa Clara County,California,37.175525,-121.791795,2025-04-27,2025,Sphecodes,interactsWith,bee,general_interaction
Adenostoma fasciculatum var. fasciculatum,Adenostoma fasciculatum,Rosaceae,Adenostoma,Santa Clara County,California,37.175525,-121.791795,2025-04-27,2025,Andrena saccata,interactsWith,bee,general_interaction
Eschscholzia californica subsp. californica,Eschscholzia californica,Papaveraceae,Eschscholzia,Marin County,California,37.993578,-122.97473,2025-04-17,2025,Apis mellifera,flowersVisitedBy,bee,confirmed_pollination
Eschscholzia californica subsp. californica,Eschscholzia californica,Papaveraceae,Eschscholzia,Marin County,California,37.993578,-122.97473,2025-04-17,2025,Bombus vosnesenskii,flowersVisitedBy,bee,confirmed_pollination
Eschscholzia californica subsp. californica,Eschscholzia californica,Papaveraceae,Eschscholzia,Marin County,California,37.993578,-122.97473,2025-04-17,2025,Lasioglossum sisymbrii,flowersVisitedBy,bee,confirmed_pollination
Eschscholzia californica subsp. californica,Eschscholzia californica,Papaveraceae,Eschscholzia,Marin County,California,37.993578,-122.97473,2025-04-17,2025,Lasioglossum,flowersVisitedBy,bee,confirmed_pollination
Triteleia ixioides subsp. ixioides,Triteleia ixioides,Asparagaceae,Triteleia,San Mateo County,California,37.394563,-122.254023,2025-06-22,2025,Eucera edwardsii,interactsWith,bee,general_interaction
Triteleia ixioides subsp. ixioides,Triteleia ixioides,Asparagaceae,Triteleia,San Mateo County,California,37.394563,-122.254023,2025-06-22,2025,Halictus tripartitus,interactsWith,bee,general_interaction
Triteleia ixioides subsp. ixioides,Triteleia ixioides,Asparagaceae,Triteleia,San Mateo County,California,37.394563,-122.254023,2025-06-22,2025,Bombus caliginosus,interactsWith,bee,general_interaction
Triteleia ixioides subsp. ixioides,Triteleia ixioides,Asparagaceae,Triteleia,San Mateo County,California,37.394563,-122.254023,2025-06-22,2025,Anthophora urbana,interactsWith,bee,general_interaction
Triteleia ixioides subsp. ixioides,Triteleia ixioides,Asparagaceae,Triteleia,San Mateo County,California,37.394563,-122.254023,2025-06-22,2025,Osmia nemoris,interactsWith,bee,general_interaction
Triteleia ixioides subsp. ixioides,Triteleia ixioides,Asparagaceae,Triteleia,San Mateo County,California,37.394563,-122.254023,2025-06-22,2025,Bombus californicus,interactsWith,bee,general_interaction
Brodiaea elegans subsp. elegans,Brodiaea elegans,Asparagaceae,Brodiaea,Mendocino County,California,39.190454,-123.180404,2026-05-29,2026,Strymon melinus,interactsWith,butterfly,general_interaction
Brodiaea elegans subsp. elegans,Brodiaea elegans,Asparagaceae,Brodiaea,Mendocino County,California,39.190454,-123.180404,2026-05-29,2026,Anthophora urbana,interactsWith,bee,general_interaction
Brodiaea elegans subsp. elegans,Brodiaea elegans,Asparagaceae,Brodiaea,Mendocino County,California,39.190454,-123.180404,2026-05-29,2026,Halictus tripartitus,interactsWith,bee,general_interaction
Brodiaea elegans subsp. elegans,Brodiaea elegans,Asparagaceae,Brodiaea,Mendocino County,California,39.190454,-123.180404,2026-05-29,2026,Lasioglossum incompletum,interactsWith,bee,general_interaction
Proboscidea louisianica subsp. louisianica,Proboscidea louisianica,Martyniaceae,Proboscidea,Orange County,California,33.683528,-118.028167,2025-01-21,2025,Andrena miserabilis,pollinatedBy,bee,confirmed_pollination
Proboscidea louisianica subsp. louisianica,Proboscidea louisianica,Martyniaceae,Proboscidea,Orange County,California,33.683528,-118.028167,2025-01-21,2025,Melissodes agilis,pollinatedBy,bee,confirmed_pollination
Proboscidea louisianica subsp. louisianica,Proboscidea louisianica,Martyniaceae,Proboscidea,Orange County,California,33.683528,-118.028167,2025-01-21,2025,Osmia conjuncta,pollinatedBy,bee,confirmed_pollination
Proboscidea louisianica subsp. louisianica,Proboscidea louisianica,Martyniaceae,Proboscidea,Orange County,California,33.683528,-118.028167,2025-01-21,2025,Andrena helianthi,pollinatedBy,bee,confirmed_pollination
Proboscidea louisianica subsp. louisianica,Proboscidea louisianica,Martyniaceae,Proboscidea,Orange County,California,33.683528,-118.028167,2025-01-21,2025,Elymnias mimalon,pollinatedBy,butterfly,confirmed_pollination
Proboscidea louisianica subsp. louisianica,Proboscidea louisianica,Martyniaceae,Proboscidea,Orange County,California,33.683528,-118.028167,2025-01-21,2025,Limenitis archippus,pollinatedBy,butterfly,confirmed_pollination
Proboscidea louisianica subsp. louisianica,Proboscidea louisianica,Martyniaceae,Proboscidea,Orange County,California,33.683528,-118.028167,2025-01-21,2025,Triepeolus cressonii,pollinatedBy,bee,confirmed_pollination
Proboscidea louisianica subsp. louisianica,Proboscidea louisianica,Martyniaceae,Proboscidea,Orange County,California,33.683528,-118.028167,2025-01-21,2025,Sphecodes illinoensis,pollinatedBy,bee,confirmed_pollination
Proboscidea louisianica subsp. louisianica,Proboscidea louisianica,Martyniaceae,Proboscidea,Orange County,California,33.683528,-118.028167,2025-01-21,2025,Ashmeadiella bucconis,pollinatedBy,bee,confirmed_pollination
Proboscidea louisianica subsp. louisianica,Proboscidea louisianica,Martyniaceae,Proboscidea,Orange County,California,33.683528,-118.028167,2025-01-21,2025,Ceratina dupla,pollinatedBy,bee,confirmed_pollination
Proboscidea louisianica subsp. louisianica,Proboscidea louisianica,Martyniaceae,Proboscidea,Orange County,California,33.683528,-118.028167,2025-01-21,2025,Bombus pensylvanicus,flowersVisitedBy,bee,confirmed_pollination
Proboscidea louisianica subsp. louisianica,Proboscidea louisianica,Martyniaceae,Proboscidea,Orange County,California,33.683528,-118.028167,2025-01-21,2025,Melissodes communis communis,interactsWith,bee,general_interaction
Proboscidea louisianica subsp. louisianica,Proboscidea louisianica,Martyniaceae,Proboscidea,Orange County,California,33.683528,-118.028167,2025-01-21,2025,Centris lanosa,interactsWith,bee,general_interaction
Proboscidea louisianica subsp. louisianica,Proboscidea louisianica,Martyniaceae,Proboscidea,Orange County,California,33.683528,-118.028167,2025-01-21,2025,Lasioglossum,interactsWith,bee,general_interaction
Proboscidea louisianica subsp. louisianica,Proboscidea louisianica,Martyniaceae,Proboscidea,Orange County,California,33.683528,-118.028167,2025-01-21,2025,Anthophora occidentalis,interactsWith,bee,general_interaction
Proboscidea louisianica subsp. louisianica,Proboscidea louisianica,Martyniaceae,Proboscidea,Orange County,California,33.683528,-118.028167,2025-01-21,2025,Augochlorella striata,interactsWith,bee,general_interaction
Proboscidea louisianica subsp. louisianica,Proboscidea louisianica,Martyniaceae,Proboscidea,Orange County,California,33.683528,-118.028167,2025-01-21,2025,Melissodes communis,interactsWith,bee,general_interaction
Triphysaria eriantha subsp. eriantha,Triphysaria eriantha,Orobanchaceae,Triphysaria,Contra Costa County,California,37.822783,-121.789453,2025-03-23,2025,Andrena,interactsWith,bee,general_interaction
Triphysaria eriantha subsp. eriantha,Triphysaria eriantha,Orobanchaceae,Triphysaria,Contra Costa County,California,37.822783,-121.789453,2025-03-23,2025,Andrena microchlora,interactsWith,bee,general_interaction
Cordylanthus rigidus subsp. rigidus,Cordylanthus rigidus,Orobanchaceae,Cordylanthus,San Joaquin County,California,37.508572,-121.539545,2025-09-06,2025,Megachile coquilletti,interactsWith,bee,general_interaction
Cordylanthus rigidus subsp. rigidus,Cordylanthus rigidus,Orobanchaceae,Cordylanthus,San Joaquin County,California,37.508572,-121.539545,2025-09-06,2025,Anthidiellum robertsoni,interactsWith,bee,general_interaction
Cordylanthus rigidus subsp. rigidus,Cordylanthus rigidus,Orobanchaceae,Cordylanthus,San Joaquin County,California,37.508572,-121.539545,2025-09-06,2025,Megachile angelarum,interactsWith,bee,general_interaction
Cordylanthus rigidus subsp. rigidus,Cordylanthus rigidus,Orobanchaceae,Cordylanthus,San Joaquin County,California,37.508572,-121.539545,2025-09-06,2025,Bombus vosnesenskii,interactsWith,bee,general_interaction
Cordylanthus rigidus subsp. rigidus,Cordylanthus rigidus,Orobanchaceae,Cordylanthus,San Joaquin County,California,37.508572,-121.539545,2025-09-06,2025,Anthidium placitum,interactsWith,bee,general_interaction
Phacelia cicutaria var. cicutaria,Phacelia cicutaria,Hydrophyllaceae,Phacelia,Calaveras County,California,37.860847,-120.632544,2025-05-04,2025,Chelostoma phaceliae,interactsWith,bee,general_interaction
Quercus agrifolia var. agrifolia,Quercus agrifolia,Fagaceae,Quercus,Marin County,California,37.956888,-122.57335,2025-04-28,2025,Celastrina echo,interactsWith,butterfly,general_interaction
Quercus agrifolia var. agrifolia,Quercus agrifolia,Fagaceae,Quercus,Marin County,California,37.956888,-122.57335,2025-04-28,2025,Andrena,interactsWith,bee,general_interaction
Quercus agrifolia var. agrifolia,Quercus agrifolia,Fagaceae,Quercus,Marin County,California,37.956888,-122.57335,2025-04-28,2025,Apis mellifera,interactsWith,bee,general_interaction
Quercus agrifolia var. agrifolia,Quercus agrifolia,Fagaceae,Quercus,Marin County,California,37.956888,-122.57335,2025-04-28,2025,Lasioglossum,interactsWith,bee,general_interaction
Ipomopsis aggregata subsp. aggregata,Ipomopsis aggregata,Polemoniaceae,Ipomopsis,Trinity County,California,41.255947,-122.954338,2025-10-03,2025,Bombus appositus,flowersVisitedBy,bee,confirmed_pollination
Ipomopsis aggregata subsp. aggregata,Ipomopsis aggregata,Polemoniaceae,Ipomopsis,Trinity County,California,41.255947,-122.954338,2025-10-03,2025,Xylocopa,interactsWith,bee,general_interaction
Ipomopsis aggregata subsp. aggregata,Ipomopsis aggregata,Polemoniaceae,Ipomopsis,Trinity County,California,41.255947,-122.954338,2025-10-03,2025,Xylocopa virginica,interactsWith,bee,general_interaction
Brodiaea elegans subsp. elegans,Brodiaea elegans,Asparagaceae,Brodiaea,Humboldt County,California,40.231741,-124.114226,2025-06-01,2025,Strymon melinus,interactsWith,butterfly,general_interaction
Brodiaea elegans subsp. elegans,Brodiaea elegans,Asparagaceae,Brodiaea,Humboldt County,California,40.231741,-124.114226,2025-06-01,2025,Anthophora urbana,interactsWith,bee,general_interaction
Brodiaea elegans subsp. elegans,Brodiaea elegans,Asparagaceae,Brodiaea,Humboldt County,California,40.231741,-124.114226,2025-06-01,2025,Halictus tripartitus,interactsWith,bee,general_interaction
Brodiaea elegans subsp. elegans,Brodiaea elegans,Asparagaceae,Brodiaea,Humboldt County,California,40.231741,-124.114226,2025-06-01,2025,Lasioglossum incompletum,interactsWith,bee,general_interaction
Brodiaea elegans subsp. elegans,Brodiaea elegans,Asparagaceae,Brodiaea,Mono County,California,37.5606,-119.267922,2026-06-30,2026,Strymon melinus,interactsWith,butterfly,general_interaction
Brodiaea elegans subsp. elegans,Brodiaea elegans,Asparagaceae,Brodiaea,Mono County,California,37.5606,-119.267922,2026-06-30,2026,Anthophora urbana,interactsWith,bee,general_interaction
Brodiaea elegans subsp. elegans,Brodiaea elegans,Asparagaceae,Brodiaea,Mono County,California,37.5606,-119.267922,2026-06-30,2026,Halictus tripartitus,interactsWith,bee,general_interaction
Brodiaea elegans subsp. elegans,Brodiaea elegans,Asparagaceae,Brodiaea,Mono County,California,37.5606,-119.267922,2026-06-30,2026,Lasioglossum incompletum,interactsWith,bee,general_interaction
Triphysaria eriantha subsp. eriantha,Triphysaria eriantha,Orobanchaceae,Triphysaria,Yolo County,California,38.604158,-121.585796,2025-03-26,2025,Andrena,interactsWith,bee,general_interaction
Triphysaria eriantha subsp. eriantha,Triphysaria eriantha,Orobanchaceae,Triphysaria,Yolo County,California,38.604158,-121.585796,2025-03-26,2025,Andrena microchlora,interactsWith,bee,general_interaction
Calystegia purpurata subsp. purpurata,Convolvulus purpuratus,Convolvulaceae,Convolvulus,Yolo County,California,38.50782,-122.09758,2025-04-27,2025,Poanes melane,interactsWith,butterfly,general_interaction
Calystegia purpurata subsp. purpurata,Convolvulus purpuratus,Convolvulaceae,Convolvulus,Yolo County,California,38.50782,-122.09758,2025-04-27,2025,Apis mellifera,interactsWith,bee,general_interaction
Calystegia purpurata subsp. purpurata,Convolvulus purpuratus,Convolvulaceae,Convolvulus,Yolo County,California,38.50782,-122.09758,2025-04-27,2025,Bombus vosnesenskii,interactsWith,bee,general_interaction
Calystegia purpurata subsp. purpurata,Convolvulus purpuratus,Convolvulaceae,Convolvulus,Yolo County,California,38.50782,-122.09758,2025-04-27,2025,Agapostemon texanus,interactsWith,bee,general_interaction
Calystegia purpurata subsp. purpurata,Convolvulus purpuratus,Convolvulaceae,Convolvulus,Yolo County,California,38.50782,-122.09758,2025-04-27,2025,Bombus melanopygus,interactsWith,bee,general_interaction
Calystegia purpurata subsp. purpurata,Convolvulus purpuratus,Convolvulaceae,Convolvulus,Yolo County,California,38.50782,-122.09758,2025-04-27,2025,Bombus caliginosus,interactsWith,bee,general_interaction
Calystegia purpurata subsp. purpurata,Convolvulus purpuratus,Convolvulaceae,Convolvulus,Yolo County,California,38.50782,-122.09758,2025-04-27,2025,Diadasia bituberculata,interactsWith,bee,general_interaction
Calystegia purpurata subsp. purpurata,Convolvulus purpuratus,Convolvulaceae,Convolvulus,Yolo County,California,38.50782,-122.09758,2025-04-27,2025,Megachile perihirta,interactsWith,bee,general_interaction
Erysimum capitatum var. capitatum,Erysimum capitatum,Brassicaceae,Erysimum,Contra Costa County,California,37.881097,-121.91372,2025-05-10,2025,Andrena cressonii infasciata,visitedBy,bee,confirmed_pollination
Erysimum capitatum var. capitatum,Erysimum capitatum,Brassicaceae,Erysimum,Contra Costa County,California,37.881097,-121.91372,2025-05-10,2025,Lasioglossum sisymbrii,interactsWith,bee,general_interaction
Erysimum capitatum var. capitatum,Erysimum capitatum,Brassicaceae,Erysimum,Contra Costa County,California,37.881097,-121.91372,2025-05-10,2025,Lasioglossum semicaeruleum,interactsWith,bee,general_interaction
Erysimum capitatum var. capitatum,Erysimum capitatum,Brassicaceae,Erysimum,Contra Costa County,California,37.881097,-121.91372,2025-05-10,2025,Osmia cordata,interactsWith,bee,general_interaction
Erysimum capitatum var. capitatum,Erysimum capitatum,Brassicaceae,Erysimum,Contra Costa County,California,37.881097,-121.91372,2025-05-10,2025,Lasioglossum trizonatum,interactsWith,bee,general_interaction
Erysimum capitatum var. capitatum,Erysimum capitatum,Brassicaceae,Erysimum,Contra Costa County,California,37.881097,-121.91372,2025-05-10,2025,Lasioglossum albipenne,interactsWith,bee,general_interaction
Triphysaria eriantha subsp. eriantha,Triphysaria eriantha,Orobanchaceae,Triphysaria,Nevada County,California,39.229153,-121.079964,2025-04-08,2025,Andrena,interactsWith,bee,general_interaction
Triphysaria eriantha subsp. eriantha,Triphysaria eriantha,Orobanchaceae,Triphysaria,Nevada County,California,39.229153,-121.079964,2025-04-08,2025,Andrena microchlora,interactsWith,bee,general_interaction
Lappula occidentalis var. occidentalis,Lappula occidentalis,Boraginaceae,Lappula,Inyo County,California,37.416172,-118.191703,2025-08-09,2025,Pholisora mejicanus,flowersVisitedBy,butterfly,confirmed_pollination
Lappula occidentalis var. occidentalis,Lappula occidentalis,Boraginaceae,Lappula,Inyo County,California,37.416172,-118.191703,2025-08-09,2025,Oarisma garita,flowersVisitedBy,butterfly,confirmed_pollination
Lappula occidentalis var. occidentalis,Lappula occidentalis,Boraginaceae,Lappula,Inyo County,California,37.416172,-118.191703,2025-08-09,2025,Pyrgus communis,flowersVisitedBy,butterfly,confirmed_pollination
Ceanothus cuneatus var. cuneatus,Ceanothus cuneatus,Rhamnaceae,Ceanothus,Napa County,California,38.648717,-122.528755,2025-04-14,2025,Panurginus,interactsWith,bee,general_interaction
Ceanothus cuneatus var. cuneatus,Ceanothus cuneatus,Rhamnaceae,Ceanothus,Napa County,California,38.648717,-122.528755,2025-04-14,2025,Celastrina echo,interactsWith,butterfly,general_interaction
Ceanothus cuneatus var. cuneatus,Ceanothus cuneatus,Rhamnaceae,Ceanothus,Napa County,California,38.648717,-122.528755,2025-04-14,2025,Andrena,interactsWith,bee,general_interaction
Quercus agrifolia var. agrifolia,Quercus agrifolia,Fagaceae,Quercus,Santa Cruz County,California,37.050561,-122.138528,2025-07-23,2025,Celastrina echo,interactsWith,butterfly,general_interaction
Quercus agrifolia var. agrifolia,Quercus agrifolia,Fagaceae,Quercus,Santa Cruz County,California,37.050561,-122.138528,2025-07-23,2025,Andrena,interactsWith,bee,general_interaction
Quercus agrifolia var. agrifolia,Quercus agrifolia,Fagaceae,Quercus,Santa Cruz County,California,37.050561,-122.138528,2025-07-23,2025,Apis mellifera,interactsWith,bee,general_interaction
Quercus agrifolia var. agrifolia,Quercus agrifolia,Fagaceae,Quercus,Santa Cruz County,California,37.050561,-122.138528,2025-07-23,2025,Lasioglossum,interactsWith,bee,general_interaction
Vicia sativa subsp. sativa,Vicia sativa,Fabaceae,Vicia,San Francisco County,California,37.8003,-122.471006,2026-03-21,2026,Bombus melanopygus,interactsWith,bee,general_interaction
Phacelia cicutaria var. cicutaria,Phacelia cicutaria,Hydrophyllaceae,Phacelia,Madera County,California,37.272869,-119.8535,2025-03-27,2025,Chelostoma phaceliae,interactsWith,bee,general_interaction
Chylismia brevipes subsp. brevipes,Chylismia brevipes,Onagraceae,Chylismia,San Bernardino County,California,36.346114,-117.308289,2026-02-03,2026,Anthophora (Paramegilla) centriformis,interactsWith,bee,general_interaction
Chylismia brevipes subsp. brevipes,Chylismia brevipes,Onagraceae,Chylismia,San Bernardino County,California,36.346114,-117.308289,2026-02-03,2026,Anthophora (Heliophila) abroniae,interactsWith,bee,general_interaction
Chylismia brevipes subsp. brevipes,Chylismia brevipes,Onagraceae,Chylismia,San Bernardino County,California,36.346114,-117.308289,2026-02-03,2026,Anthophora (Heliophila) hololeuca,interactsWith,bee,general_interaction
Chylismia brevipes subsp. brevipes,Chylismia brevipes,Onagraceae,Chylismia,San Bernardino County,California,36.346114,-117.308289,2026-02-03,2026,Anthophora hololeuca,interactsWith,bee,general_interaction
Phacelia cicutaria var. cicutaria,Phacelia cicutaria,Hydrophyllaceae,Phacelia,Merced County,California,37.462783,-120.271362,2026-03-05,2026,Chelostoma phaceliae,interactsWith,bee,general_interaction
Ranunculus californicus var. californicus,Ranunculus californicus,Ranunculaceae,Ranunculus,San Diego County,California,32.862412,-116.461722,2025-05-26,2025,Panurginus melanocephalus,interactsWith,bee,general_interaction
Ranunculus californicus var. californicus,Ranunculus californicus,Ranunculaceae,Ranunculus,San Diego County,California,32.862412,-116.461722,2025-05-26,2025,Andrena suavis,interactsWith,bee,general_interaction
Ranunculus californicus var. californicus,Ranunculus californicus,Ranunculaceae,Ranunculus,San Diego County,California,32.862412,-116.461722,2025-05-26,2025,Agapostemon texanus,interactsWith,bee,general_interaction
Ranunculus californicus var. californicus,Ranunculus californicus,Ranunculaceae,Ranunculus,San Diego County,California,32.862412,-116.461722,2025-05-26,2025,Halictus rubicundus,interactsWith,bee,general_interaction
Ranunculus californicus var. californicus,Ranunculus californicus,Ranunculaceae,Ranunculus,San Diego County,California,32.862412,-116.461722,2025-05-26,2025,Andrena angustitarsata,interactsWith,bee,general_interaction
Ranunculus californicus var. californicus,Ranunculus californicus,Ranunculaceae,Ranunculus,San Diego County,California,32.862412,-116.461722,2025-05-26,2025,Nomada,interactsWith,bee,general_interaction
Ranunculus californicus var. californicus,Ranunculus californicus,Ranunculaceae,Ranunculus,San Diego County,California,32.862412,-116.461722,2025-05-26,2025,Halictus tripartitus,interactsWith,bee,general_interaction
Ranunculus californicus var. californicus,Ranunculus californicus,Ranunculaceae,Ranunculus,San Diego County,California,32.862412,-116.461722,2025-05-26,2025,Panurginus,interactsWith,bee,general_interaction
Ranunculus californicus var. californicus,Ranunculus californicus,Ranunculaceae,Ranunculus,San Diego County,California,32.862412,-116.461722,2025-05-26,2025,Lasioglossum,interactsWith,bee,general_interaction
Ranunculus californicus var. californicus,Ranunculus californicus,Ranunculaceae,Ranunculus,San Diego County,California,32.862412,-116.461722,2025-05-26,2025,Protosmia rubifloris,interactsWith,bee,general_interaction
Ranunculus californicus var. californicus,Ranunculus californicus,Ranunculaceae,Ranunculus,San Diego County,California,32.862412,-116.461722,2025-05-26,2025,Halictus farinosus,interactsWith,bee,general_interaction
Ranunculus californicus var. californicus,Ranunculus californicus,Ranunculaceae,Ranunculus,San Diego County,California,32.862412,-116.461722,2025-05-26,2025,Lasioglossum incompletum,interactsWith,bee,general_interaction
Ranunculus californicus var. californicus,Ranunculus californicus,Ranunculaceae,Ranunculus,San Diego County,California,32.862412,-116.461722,2025-05-26,2025,Coenonympha california,interactsWith,butterfly,general_interaction
Ranunculus californicus var. californicus,Ranunculus californicus,Ranunculaceae,Ranunculus,San Diego County,California,32.862412,-116.461722,2025-05-26,2025,Andrena,interactsWith,bee,general_interaction
Ranunculus californicus var. californicus,Ranunculus californicus,Ranunculaceae,Ranunculus,San Diego County,California,32.862412,-116.461722,2025-05-26,2025,Eresia aveyrona mylitta,interactsWith,butterfly,general_interaction
Ranunculus californicus var. californicus,Ranunculus californicus,Ranunculaceae,Ranunculus,San Diego County,California,32.862412,-116.461722,2025-05-26,2025,Osmia cyanella,interactsWith,bee,general_interaction
Ranunculus californicus var. californicus,Ranunculus californicus,Ranunculaceae,Ranunculus,San Diego County,California,32.862412,-116.461722,2025-05-26,2025,Osmia lignaria propinqua,interactsWith,bee,general_interaction
Ranunculus californicus var. californicus,Ranunculus californicus,Ranunculaceae,Ranunculus,San Diego County,California,32.862412,-116.461722,2025-05-26,2025,Andrena caerulea,interactsWith,bee,general_interaction
Ranunculus californicus var. californicus,Ranunculus californicus,Ranunculaceae,Ranunculus,San Diego County,California,32.862412,-116.461722,2025-05-26,2025,Andrena chalybaea,interactsWith,bee,general_interaction
Ranunculus californicus var. californicus,Ranunculus californicus,Ranunculaceae,Ranunculus,San Diego County,California,32.862412,-116.461722,2025-05-26,2025,Andrena cuneilabris,interactsWith,bee,general_interaction
Ribes cereum var. cereum,Ribes cereum,Grossulariaceae,Ribes,Riverside County,California,33.812556,-116.642047,2025-07-27,2025,Andrena porterae,flowersVisitedBy,bee,confirmed_pollination
Ceanothus cuneatus var. cuneatus,Ceanothus cuneatus,Rhamnaceae,Ceanothus,San Joaquin County,California,37.502447,-121.538825,2025-04-17,2025,Panurginus,interactsWith,bee,general_interaction
Ceanothus cuneatus var. cuneatus,Ceanothus cuneatus,Rhamnaceae,Ceanothus,San Joaquin County,California,37.502447,-121.538825,2025-04-17,2025,Celastrina echo,interactsWith,butterfly,general_interaction
Ceanothus cuneatus var. cuneatus,Ceanothus cuneatus,Rhamnaceae,Ceanothus,San Joaquin County,California,37.502447,-121.538825,2025-04-17,2025,Andrena,interactsWith,bee,general_interaction
Nemophila menziesii var. menziesii,Nemophila menziesii,Hydrophyllaceae,Nemophila,Mendocino County,California,39.000713,-123.079207,2025-03-11,2025,Andrena bucculenta,interactsWith,bee,general_interaction
Nemophila menziesii var. menziesii,Nemophila menziesii,Hydrophyllaceae,Nemophila,Mendocino County,California,39.000713,-123.079207,2025-03-11,2025,Andrena (Andrena),interactsWith,bee,general_interaction
Nemophila menziesii var. menziesii,Nemophila menziesii,Hydrophyllaceae,Nemophila,Mendocino County,California,39.000713,-123.079207,2025-03-11,2025,Andrena nemophilae,interactsWith,bee,general_interaction
Nemophila menziesii var. menziesii,Nemophila menziesii,Hydrophyllaceae,Nemophila,Mendocino County,California,39.000713,-123.079207,2025-03-11,2025,Andrena crudeni,interactsWith,bee,general_interaction
Nemophila menziesii var. menziesii,Nemophila menziesii,Hydrophyllaceae,Nemophila,Mendocino County,California,39.000713,-123.079207,2025-03-11,2025,Osmia glauca,interactsWith,bee,general_interaction
Nemophila menziesii var. menziesii,Nemophila menziesii,Hydrophyllaceae,Nemophila,Mendocino County,California,39.000713,-123.079207,2025-03-11,2025,Hoplitis biscutellae,interactsWith,bee,general_interaction
Nemophila menziesii var. menziesii,Nemophila menziesii,Hydrophyllaceae,Nemophila,Mendocino County,California,39.000713,-123.079207,2025-03-11,2025,Andrena angustitarsata,interactsWith,bee,general_interaction
Nemophila menziesii var. menziesii,Nemophila menziesii,Hydrophyllaceae,Nemophila,Mendocino County,California,39.000713,-123.079207,2025-03-11,2025,Lasioglossum titusi,interactsWith,bee,general_interaction
Nemophila menziesii var. menziesii,Nemophila menziesii,Hydrophyllaceae,Nemophila,Mendocino County,California,39.000713,-123.079207,2025-03-11,2025,Andrena nigrocaerulea,interactsWith,bee,general_interaction
Nemophila menziesii var. menziesii,Nemophila menziesii,Hydrophyllaceae,Nemophila,Mendocino County,California,39.000713,-123.079207,2025-03-11,2025,Osmia,interactsWith,bee,general_interaction
Nemophila menziesii var. menziesii,Nemophila menziesii,Hydrophyllaceae,Nemophila,Mendocino County,California,39.000713,-123.079207,2025-03-11,2025,Hoplitis fulgida,interactsWith,bee,general_interaction
Nemophila menziesii var. menziesii,Nemophila menziesii,Hydrophyllaceae,Nemophila,Mendocino County,California,39.000713,-123.079207,2025-03-11,2025,Osmia lignaria,interactsWith,bee,general_interaction
Nemophila menziesii var. menziesii,Nemophila menziesii,Hydrophyllaceae,Nemophila,Mendocino County,California,39.000713,-123.079207,2025-03-11,2025,Lasioglossum,interactsWith,bee,general_interaction
Nemophila menziesii var. menziesii,Nemophila menziesii,Hydrophyllaceae,Nemophila,Mendocino County,California,39.000713,-123.079207,2025-03-11,2025,Andrena orthocarpi,interactsWith,bee,general_interaction
Nemophila menziesii var. menziesii,Nemophila menziesii,Hydrophyllaceae,Nemophila,Mendocino County,California,39.000713,-123.079207,2025-03-11,2025,Andrena cerasifolii,interactsWith,bee,general_interaction
Nemophila menziesii var. menziesii,Nemophila menziesii,Hydrophyllaceae,Nemophila,Mendocino County,California,39.000713,-123.079207,2025-03-11,2025,Andrena suavis,interactsWith,bee,general_interaction
Nemophila menziesii var. menziesii,Nemophila menziesii,Hydrophyllaceae,Nemophila,Mendocino County,California,39.000713,-123.079207,2025-03-11,2025,Andrena,interactsWith,bee,general_interaction
Nemophila menziesii var. menziesii,Nemophila menziesii,Hydrophyllaceae,Nemophila,Mendocino County,California,39.000713,-123.079207,2025-03-11,2025,Bombus vosnesenskii,interactsWith,bee,general_interaction
Nemophila menziesii var. menziesii,Nemophila menziesii,Hydrophyllaceae,Nemophila,Mendocino County,California,39.000713,-123.079207,2025-03-11,2025,Andrena candida,interactsWith,bee,general_interaction
Nemophila menziesii var. menziesii,Nemophila menziesii,Hydrophyllaceae,Nemophila,Mendocino County,California,39.000713,-123.079207,2025-03-11,2025,Andrena nigripes,interactsWith,bee,general_interaction
Nemophila menziesii var. menziesii,Nemophila menziesii,Hydrophyllaceae,Nemophila,Mendocino County,California,39.000713,-123.079207,2025-03-11,2025,Andrena viridissima,interactsWith,bee,general_interaction
Nemophila menziesii var. menziesii,Nemophila menziesii,Hydrophyllaceae,Nemophila,Mendocino County,California,39.000713,-123.079207,2025-03-11,2025,Osmia nemoris,interactsWith,bee,general_interaction
Nemophila menziesii var. menziesii,Nemophila menziesii,Hydrophyllaceae,Nemophila,Mendocino County,California,39.000713,-123.079207,2025-03-11,2025,Hoplitis,interactsWith,bee,general_interaction
Nemophila menziesii var. menziesii,Nemophila menziesii,Hydrophyllaceae,Nemophila,Mendocino County,California,39.000713,-123.079207,2025-03-11,2025,Andrena cressonii,interactsWith,bee,general_interaction
Vicia villosa subsp. villosa,Vicia villosa,Fabaceae,Vicia,Santa Cruz County,California,37.049347,-122.029342,2026-03-31,2026,Bombus californicus,interactsWith,bee,general_interaction
Vicia villosa subsp. villosa,Vicia villosa,Fabaceae,Vicia,Santa Cruz County,California,37.049347,-122.029342,2026-03-31,2026,Bombus vosnesenskii,interactsWith,bee,general_interaction
Ribes cereum var. cereum,Ribes cereum,Grossulariaceae,Ribes,San Bernardino County,California,34.223688,-116.909622,2026-07-04,2026,Andrena porterae,flowersVisitedBy,bee,confirmed_pollination
Vicia sativa subsp. sativa,Vicia sativa,Fabaceae,Vicia,Butte County,California,39.733412,-121.692658,2025-04-15,2025,Bombus melanopygus,interactsWith,bee,general_interaction
Lupinus albifrons var. albifrons,Lupinus albifrons,Fabaceae,Lupinus,Santa Clara County,California,37.159711,-121.899073,2026-01-24,2026,Hylephila phylaeus,visitedBy,butterfly,confirmed_pollination
Lupinus albifrons var. albifrons,Lupinus albifrons,Fabaceae,Lupinus,Santa Clara County,California,37.159711,-121.899073,2026-01-24,2026,Osmia brevis,interactsWith,bee,general_interaction
Lupinus albifrons var. albifrons,Lupinus albifrons,Fabaceae,Lupinus,Santa Clara County,California,37.159711,-121.899073,2026-01-24,2026,Melecta edwardsii,interactsWith,bee,general_interaction
Lupinus albifrons var. albifrons,Lupinus albifrons,Fabaceae,Lupinus,Santa Clara County,California,37.159711,-121.899073,2026-01-24,2026,Protosmia rubifloris,interactsWith,bee,general_interaction
Lupinus albifrons var. albifrons,Lupinus albifrons,Fabaceae,Lupinus,Santa Clara County,California,37.159711,-121.899073,2026-01-24,2026,Xylocopa tabaniformis orpifex,interactsWith,bee,general_interaction
Lupinus albifrons var. albifrons,Lupinus albifrons,Fabaceae,Lupinus,Santa Clara County,California,37.159711,-121.899073,2026-01-24,2026,Apodemia mormo mormo,interactsWith,butterfly,general_interaction
Lupinus albifrons var. albifrons,Lupinus albifrons,Fabaceae,Lupinus,Santa Clara County,California,37.159711,-121.899073,2026-01-24,2026,Bombus melanopygus,interactsWith,bee,general_interaction
Lupinus albifrons var. albifrons,Lupinus albifrons,Fabaceae,Lupinus,Santa Clara County,California,37.159711,-121.899073,2026-01-24,2026,Eucera lunata,interactsWith,bee,general_interaction
Lupinus albifrons var. albifrons,Lupinus albifrons,Fabaceae,Lupinus,Santa Clara County,California,37.159711,-121.899073,2026-01-24,2026,Habropoda tristissima,interactsWith,bee,general_interaction
Lupinus albifrons var. albifrons,Lupinus albifrons,Fabaceae,Lupinus,Santa Clara County,California,37.159711,-121.899073,2026-01-24,2026,Callophrys dumetorum dumetorum,interactsWith,butterfly,general_interaction
Lupinus albifrons var. albifrons,Lupinus albifrons,Fabaceae,Lupinus,Santa Clara County,California,37.159711,-121.899073,2026-01-24,2026,Habropoda miserabilis,interactsWith,bee,general_interaction
Lupinus albifrons var. albifrons,Lupinus albifrons,Fabaceae,Lupinus,Santa Clara County,California,37.159711,-121.899073,2026-01-24,2026,Dialictus,interactsWith,bee,general_interaction
Lupinus albifrons var. albifrons,Lupinus albifrons,Fabaceae,Lupinus,Santa Clara County,California,37.159711,-121.899073,2026-01-24,2026,Bombus caliginosus,interactsWith,bee,general_interaction
Lupinus albifrons var. albifrons,Lupinus albifrons,Fabaceae,Lupinus,Santa Clara County,California,37.159711,-121.899073,2026-01-24,2026,Erynnis pacuvius,interactsWith,butterfly,general_interaction
Lupinus albifrons var. albifrons,Lupinus albifrons,Fabaceae,Lupinus,Santa Clara County,California,37.159711,-121.899073,2026-01-24,2026,Eucera frater albopilosa,interactsWith,bee,general_interaction
Lupinus albifrons var. albifrons,Lupinus albifrons,Fabaceae,Lupinus,Santa Clara County,California,37.159711,-121.899073,2026-01-24,2026,Strymon melinus,interactsWith,butterfly,general_interaction
Lupinus albifrons var. albifrons,Lupinus albifrons,Fabaceae,Lupinus,Santa Clara County,California,37.159711,-121.899073,2026-01-24,2026,Lasioglossum mellipes,interactsWith,bee,general_interaction
Lupinus albifrons var. albifrons,Lupinus albifrons,Fabaceae,Lupinus,Santa Clara County,California,37.159711,-121.899073,2026-01-24,2026,Bombus vosnesenskii,interactsWith,bee,general_interaction
Claytonia exigua subsp. exigua,Claytonia exigua,Montiaceae,Claytonia,Napa County,California,38.558322,-122.396637,2026-03-22,2026,Andrena anisochlora,flowersVisitedBy,bee,confirmed_pollination
Ceanothus cuneatus var. cuneatus,Ceanothus cuneatus,Rhamnaceae,Ceanothus,Solano County,California,38.40592,-122.110161,2026-03-07,2026,Panurginus,interactsWith,bee,general_interaction
Ceanothus cuneatus var. cuneatus,Ceanothus cuneatus,Rhamnaceae,Ceanothus,Solano County,California,38.40592,-122.110161,2026-03-07,2026,Celastrina echo,interactsWith,butterfly,general_interaction
Ceanothus cuneatus var. cuneatus,Ceanothus cuneatus,Rhamnaceae,Ceanothus,Solano County,California,38.40592,-122.110161,2026-03-07,2026,Andrena,interactsWith,bee,general_interaction
Epilobium canum subsp. canum,Epilobium canum,Onagraceae,Epilobium,Santa Clara County,California,37.159936,-121.89975,2025-09-12,2025,Dialictus,interactsWith,bee,general_interaction
Epilobium canum subsp. canum,Epilobium canum,Onagraceae,Epilobium,Santa Clara County,California,37.159936,-121.89975,2025-09-12,2025,Lasioglossum,interactsWith,bee,general_interaction
Epilobium canum subsp. canum,Epilobium canum,Onagraceae,Epilobium,Santa Clara County,California,37.159936,-121.89975,2025-09-12,2025,Dianthidium dubium,interactsWith,bee,general_interaction
Cordylanthus rigidus subsp. rigidus,Cordylanthus rigidus,Orobanchaceae,Cordylanthus,San Benito County,California,36.731768,-121.299164,2025-08-06,2025,Megachile coquilletti,interactsWith,bee,general_interaction
Cordylanthus rigidus subsp. rigidus,Cordylanthus rigidus,Orobanchaceae,Cordylanthus,San Benito County,California,36.731768,-121.299164,2025-08-06,2025,Anthidiellum robertsoni,interactsWith,bee,general_interaction
Cordylanthus rigidus subsp. rigidus,Cordylanthus rigidus,Orobanchaceae,Cordylanthus,San Benito County,California,36.731768,-121.299164,2025-08-06,2025,Megachile angelarum,interactsWith,bee,general_interaction
Cordylanthus rigidus subsp. rigidus,Cordylanthus rigidus,Orobanchaceae,Cordylanthus,San Benito County,California,36.731768,-121.299164,2025-08-06,2025,Bombus vosnesenskii,interactsWith,bee,general_interaction
Cordylanthus rigidus subsp. rigidus,Cordylanthus rigidus,Orobanchaceae,Cordylanthus,San Benito County,California,36.731768,-121.299164,2025-08-06,2025,Anthidium placitum,interactsWith,bee,general_interaction
Vicia villosa subsp. villosa,Vicia villosa,Fabaceae,Vicia,Contra Costa County,California,38.011948,-121.784232,2025-03-25,2025,Bombus californicus,interactsWith,bee,general_interaction
Vicia villosa subsp. villosa,Vicia villosa,Fabaceae,Vicia,Contra Costa County,California,38.011948,-121.784232,2025-03-25,2025,Bombus vosnesenskii,interactsWith,bee,general_interaction
Epilobium ciliatum subsp. ciliatum,Epilobium ciliatum,Onagraceae,Epilobium,San Diego County,California,33.113842,-116.707786,2025-10-29,2025,Anthidium tenuiflorae,interactsWith,bee,general_interaction
Epilobium ciliatum subsp. ciliatum,Epilobium ciliatum,Onagraceae,Epilobium,San Diego County,California,33.113842,-116.707786,2025-10-29,2025,Bombus vosnesenskii,interactsWith,bee,general_interaction
Adenostoma fasciculatum var. fasciculatum,Adenostoma fasciculatum,Rosaceae,Adenostoma,San Luis Obispo County,California,35.350538,-120.647147,2025-06-19,2025,Andrena bucculenta,interactsWith,bee,general_interaction
Adenostoma fasciculatum var. fasciculatum,Adenostoma fasciculatum,Rosaceae,Adenostoma,San Luis Obispo County,California,35.350538,-120.647147,2025-06-19,2025,Andrena (Andrena),interactsWith,bee,general_interaction
Adenostoma fasciculatum var. fasciculatum,Adenostoma fasciculatum,Rosaceae,Adenostoma,San Luis Obispo County,California,35.350538,-120.647147,2025-06-19,2025,Chelostoma incisulum,interactsWith,bee,general_interaction
Adenostoma fasciculatum var. fasciculatum,Adenostoma fasciculatum,Rosaceae,Adenostoma,San Luis Obispo County,California,35.350538,-120.647147,2025-06-19,2025,Colletes,interactsWith,bee,general_interaction
Adenostoma fasciculatum var. fasciculatum,Adenostoma fasciculatum,Rosaceae,Adenostoma,San Luis Obispo County,California,35.350538,-120.647147,2025-06-19,2025,Dialictus,interactsWith,bee,general_interaction
Adenostoma fasciculatum var. fasciculatum,Adenostoma fasciculatum,Rosaceae,Adenostoma,San Luis Obispo County,California,35.350538,-120.647147,2025-06-19,2025,Heriades occidentalis,interactsWith,bee,general_interaction
Adenostoma fasciculatum var. fasciculatum,Adenostoma fasciculatum,Rosaceae,Adenostoma,San Luis Obispo County,California,35.350538,-120.647147,2025-06-19,2025,Bombus caliginosus,interactsWith,bee,general_interaction
Adenostoma fasciculatum var. fasciculatum,Adenostoma fasciculatum,Rosaceae,Adenostoma,San Luis Obispo County,California,35.350538,-120.647147,2025-06-19,2025,Habrodais grunus,interactsWith,butterfly,general_interaction
Adenostoma fasciculatum var. fasciculatum,Adenostoma fasciculatum,Rosaceae,Adenostoma,San Luis Obispo County,California,35.350538,-120.647147,2025-06-19,2025,Andrena principalis,interactsWith,bee,general_interaction
Adenostoma fasciculatum var. fasciculatum,Adenostoma fasciculatum,Rosaceae,Adenostoma,San Luis Obispo County,California,35.350538,-120.647147,2025-06-19,2025,Andrena cerasifolii,interactsWith,bee,general_interaction
Adenostoma fasciculatum var. fasciculatum,Adenostoma fasciculatum,Rosaceae,Adenostoma,San Luis Obispo County,California,35.350538,-120.647147,2025-06-19,2025,Bombus melanopygus,interactsWith,bee,general_interaction
Adenostoma fasciculatum var. fasciculatum,Adenostoma fasciculatum,Rosaceae,Adenostoma,San Luis Obispo County,California,35.350538,-120.647147,2025-06-19,2025,Hylaeus,interactsWith,bee,general_interaction
Adenostoma fasciculatum var. fasciculatum,Adenostoma fasciculatum,Rosaceae,Adenostoma,San Luis Obispo County,California,35.350538,-120.647147,2025-06-19,2025,Bombus occidentalis,interactsWith,bee,general_interaction
Adenostoma fasciculatum var. fasciculatum,Adenostoma fasciculatum,Rosaceae,Adenostoma,San Luis Obispo County,California,35.350538,-120.647147,2025-06-19,2025,Xeromelecta californica,interactsWith,bee,general_interaction
Adenostoma fasciculatum var. fasciculatum,Adenostoma fasciculatum,Rosaceae,Adenostoma,San Luis Obispo County,California,35.350538,-120.647147,2025-06-19,2025,Ochlodes sylvanoides,interactsWith,butterfly,general_interaction
Adenostoma fasciculatum var. fasciculatum,Adenostoma fasciculatum,Rosaceae,Adenostoma,San Luis Obispo County,California,35.350538,-120.647147,2025-06-19,2025,Bombus vosnesenskii,interactsWith,bee,general_interaction
Adenostoma fasciculatum var. fasciculatum,Adenostoma fasciculatum,Rosaceae,Adenostoma,San Luis Obispo County,California,35.350538,-120.647147,2025-06-19,2025,Andrena,interactsWith,bee,general_interaction
Adenostoma fasciculatum var. fasciculatum,Adenostoma fasciculatum,Rosaceae,Adenostoma,San Luis Obispo County,California,35.350538,-120.647147,2025-06-19,2025,Satyrium saepium chalcis,interactsWith,butterfly,general_interaction
Adenostoma fasciculatum var. fasciculatum,Adenostoma fasciculatum,Rosaceae,Adenostoma,San Luis Obispo County,California,35.350538,-120.647147,2025-06-19,2025,Lasioglossum,interactsWith,bee,general_interaction
Adenostoma fasciculatum var. fasciculatum,Adenostoma fasciculatum,Rosaceae,Adenostoma,San Luis Obispo County,California,35.350538,-120.647147,2025-06-19,2025,Sphecodes,interactsWith,bee,general_interaction
Adenostoma fasciculatum var. fasciculatum,Adenostoma fasciculatum,Rosaceae,Adenostoma,San Luis Obispo County,California,35.350538,-120.647147,2025-06-19,2025,Andrena saccata,interactsWith,bee,general_interaction
Brodiaea elegans subsp. elegans,Brodiaea elegans,Asparagaceae,Brodiaea,San Joaquin County,California,38.268605,-121.438217,2025-05-14,2025,Strymon melinus,interactsWith,butterfly,general_interaction
Brodiaea elegans subsp. elegans,Brodiaea elegans,Asparagaceae,Brodiaea,San Joaquin County,California,38.268605,-121.438217,2025-05-14,2025,Anthophora urbana,interactsWith,bee,general_interaction
Brodiaea elegans subsp. elegans,Brodiaea elegans,Asparagaceae,Brodiaea,San Joaquin County,California,38.268605,-121.438217,2025-05-14,2025,Halictus tripartitus,interactsWith,bee,general_interaction
Brodiaea elegans subsp. elegans,Brodiaea elegans,Asparagaceae,Brodiaea,San Joaquin County,California,38.268605,-121.438217,2025-05-14,2025,Lasioglossum incompletum,interactsWith,bee,general_interaction
Ceanothus cuneatus var. cuneatus,Ceanothus cuneatus,Rhamnaceae,Ceanothus,Marin County,California,37.950896,-122.572068,2025-03-23,2025,Panurginus,interactsWith,bee,general_interaction
Ceanothus cuneatus var. cuneatus,Ceanothus cuneatus,Rhamnaceae,Ceanothus,Marin County,California,37.950896,-122.572068,2025-03-23,2025,Celastrina echo,interactsWith,butterfly,general_interaction
Ceanothus cuneatus var. cuneatus,Ceanothus cuneatus,Rhamnaceae,Ceanothus,Marin County,California,37.950896,-122.572068,2025-03-23,2025,Andrena,interactsWith,bee,general_interaction
Ribes cereum var. cereum,Ribes cereum,Grossulariaceae,Ribes,Siskiyou County,California,41.822707,-121.500982,2025-06-21,2025,Andrena porterae,flowersVisitedBy,bee,confirmed_pollination
Brodiaea elegans subsp. elegans,Brodiaea elegans,Asparagaceae,Brodiaea,Santa Clara County,California,37.186755,-121.547165,2026-05-17,2026,Strymon melinus,interactsWith,butterfly,general_interaction
Brodiaea elegans subsp. elegans,Brodiaea elegans,Asparagaceae,Brodiaea,Santa Clara County,California,37.186755,-121.547165,2026-05-17,2026,Anthophora urbana,interactsWith,bee,general_interaction
Brodiaea elegans subsp. elegans,Brodiaea elegans,Asparagaceae,Brodiaea,Santa Clara County,California,37.186755,-121.547165,2026-05-17,2026,Halictus tripartitus,interactsWith,bee,general_interaction
Brodiaea elegans subsp. elegans,Brodiaea elegans,Asparagaceae,Brodiaea,Santa Clara County,California,37.186755,-121.547165,2026-05-17,2026,Lasioglossum incompletum,interactsWith,bee,general_interaction
Phacelia cicutaria var. cicutaria,Phacelia cicutaria,Hydrophyllaceae,Phacelia,El Dorado County,California,38.81595,-120.977633,2025-04-02,2025,Chelostoma phaceliae,interactsWith,bee,general_interaction
Streptanthus glandulosus subsp. glandulosus,Streptanthus glandulosus,Brassicaceae,Streptanthus,Stanislaus County,California,37.408897,-121.408538,2025-05-09,2025,Megachile,flowersVisitedBy,bee,confirmed_pollination
Streptanthus glandulosus subsp. glandulosus,Streptanthus glandulosus,Brassicaceae,Streptanthus,Stanislaus County,California,37.408897,-121.408538,2025-05-09,2025,Lasioglossum,flowersVisitedBy,bee,confirmed_pollination
Streptanthus glandulosus subsp. glandulosus,Streptanthus glandulosus,Brassicaceae,Streptanthus,Stanislaus County,California,37.408897,-121.408538,2025-05-09,2025,Megachile comata,flowersVisitedBy,bee,confirmed_pollination
Triphysaria eriantha subsp. eriantha,Triphysaria eriantha,Orobanchaceae,Triphysaria,Tulare County,California,35.865637,-119.306725,2026-03-03,2026,Andrena,interactsWith,bee,general_interaction
Triphysaria eriantha subsp. eriantha,Triphysaria eriantha,Orobanchaceae,Triphysaria,Tulare County,California,35.865637,-119.306725,2026-03-03,2026,Andrena microchlora,interactsWith,bee,general_interaction
Amsinckia spectabilis var. spectabilis,Amsinckia spectabilis,Boraginaceae,Amsinckia,Marin County,California,38.188015,-122.963992,2025-04-26,2025,Bombus vosnesenskii,interactsWith,bee,general_interaction
Amsinckia spectabilis var. spectabilis,Amsinckia spectabilis,Boraginaceae,Amsinckia,Marin County,California,38.188015,-122.963992,2025-04-26,2025,Habropoda tristissima,interactsWith,bee,general_interaction
Phacelia cicutaria var. cicutaria,Phacelia cicutaria,Hydrophyllaceae,Phacelia,Placer County,California,38.974942,-121.149495,2025-04-16,2025,Chelostoma phaceliae,interactsWith,bee,general_interaction
Acmispon americanus var. americanus,Acmispon americanus,Fabaceae,Acmispon,San Mateo County,California,37.469009,-122.280147,2025-06-03,2025,Ashmeadiella cactorum basalis,pollinatedBy,bee,confirmed_pollination
Acmispon americanus var. americanus,Acmispon americanus,Fabaceae,Acmispon,San Mateo County,California,37.469009,-122.280147,2025-06-03,2025,Anthidiellum robertsoni,pollinatedBy,bee,confirmed_pollination
Acmispon americanus var. americanus,Acmispon americanus,Fabaceae,Acmispon,San Mateo County,California,37.469009,-122.280147,2025-06-03,2025,Megachile angelarum,pollinatedBy,bee,confirmed_pollination
Acmispon americanus var. americanus,Acmispon americanus,Fabaceae,Acmispon,San Mateo County,California,37.469009,-122.280147,2025-06-03,2025,Megachile brevis,pollinatedBy,bee,confirmed_pollination
Acmispon americanus var. americanus,Acmispon americanus,Fabaceae,Acmispon,San Mateo County,California,37.469009,-122.280147,2025-06-03,2025,Anthidiellum notatum,pollinatedBy,bee,confirmed_pollination
Acmispon americanus var. americanus,Acmispon americanus,Fabaceae,Acmispon,San Mateo County,California,37.469009,-122.280147,2025-06-03,2025,Megachile coquilletti,interactsWith,bee,general_interaction
Acmispon americanus var. americanus,Acmispon americanus,Fabaceae,Acmispon,San Mateo County,California,37.469009,-122.280147,2025-06-03,2025,Bombus occidentalis,interactsWith,bee,general_interaction
Acmispon americanus var. americanus,Acmispon americanus,Fabaceae,Acmispon,San Mateo County,California,37.469009,-122.280147,2025-06-03,2025,Megachile,interactsWith,bee,general_interaction
Acmispon americanus var. americanus,Acmispon americanus,Fabaceae,Acmispon,San Mateo County,California,37.469009,-122.280147,2025-06-03,2025,Anthidium edwardsii,interactsWith,bee,general_interaction
Arctostaphylos nummularia subsp. nummularia,Arctostaphylos nummularia,Ericaceae,Arctostaphylos,Mendocino County,California,39.33925,-123.761008,2025-02-17,2025,Hylaeus nunemacheri,interactsWith,bee,general_interaction
Arctostaphylos nummularia subsp. nummularia,Arctostaphylos nummularia,Ericaceae,Arctostaphylos,Mendocino County,California,39.33925,-123.761008,2025-02-17,2025,Andrena (Andrena),interactsWith,bee,general_interaction
Arctostaphylos nummularia subsp. nummularia,Arctostaphylos nummularia,Ericaceae,Arctostaphylos,Mendocino County,California,39.33925,-123.761008,2025-02-17,2025,Psammandrena,interactsWith,bee,general_interaction
Arctostaphylos nummularia subsp. nummularia,Arctostaphylos nummularia,Ericaceae,Arctostaphylos,Mendocino County,California,39.33925,-123.761008,2025-02-17,2025,Protosmia rubifloris,interactsWith,bee,general_interaction
Arctostaphylos nummularia subsp. nummularia,Arctostaphylos nummularia,Ericaceae,Arctostaphylos,Mendocino County,California,39.33925,-123.761008,2025-02-17,2025,Perdita,interactsWith,bee,general_interaction
Arctostaphylos nummularia subsp. nummularia,Arctostaphylos nummularia,Ericaceae,Arctostaphylos,Mendocino County,California,39.33925,-123.761008,2025-02-17,2025,Apis mellifera,interactsWith,bee,general_interaction
Arctostaphylos nummularia subsp. nummularia,Arctostaphylos nummularia,Ericaceae,Arctostaphylos,Mendocino County,California,39.33925,-123.761008,2025-02-17,2025,Habropoda miserabilis,interactsWith,bee,general_interaction
Arctostaphylos nummularia subsp. nummularia,Arctostaphylos nummularia,Ericaceae,Arctostaphylos,Mendocino County,California,39.33925,-123.761008,2025-02-17,2025,Habropoda tristissima,interactsWith,bee,general_interaction
Arctostaphylos nummularia subsp. nummularia,Arctostaphylos nummularia,Ericaceae,Arctostaphylos,Mendocino County,California,39.33925,-123.761008,2025-02-17,2025,Andrena,interactsWith,bee,general_interaction
Arctostaphylos nummularia subsp. nummularia,Arctostaphylos nummularia,Ericaceae,Arctostaphylos,Mendocino County,California,39.33925,-123.761008,2025-02-17,2025,Sphecodes,interactsWith,bee,general_interaction
Arctostaphylos nummularia subsp. nummularia,Arctostaphylos nummularia,Ericaceae,Arctostaphylos,Mendocino County,California,39.33925,-123.761008,2025-02-17,2025,Andrena principalis,interactsWith,bee,general_interaction
Arctostaphylos nummularia subsp. nummularia,Arctostaphylos nummularia,Ericaceae,Arctostaphylos,Mendocino County,California,39.33925,-123.761008,2025-02-17,2025,Bombus vosnesenskii,interactsWith,bee,general_interaction
Arctostaphylos nummularia subsp. nummularia,Arctostaphylos nummularia,Ericaceae,Arctostaphylos,Mendocino County,California,39.33925,-123.761008,2025-02-17,2025,Lasioglossum,interactsWith,bee,general_interaction
Arctostaphylos nummularia subsp. nummularia,Arctostaphylos nummularia,Ericaceae,Arctostaphylos,Mendocino County,California,39.33925,-123.761008,2025-02-17,2025,Bombus melanopygus,interactsWith,bee,general_interaction
Arctostaphylos nummularia subsp. nummularia,Arctostaphylos nummularia,Ericaceae,Arctostaphylos,Mendocino County,California,39.33925,-123.761008,2025-02-17,2025,Hylaeus,interactsWith,bee,general_interaction
Arctostaphylos nummularia subsp. nummularia,Arctostaphylos nummularia,Ericaceae,Arctostaphylos,Mendocino County,California,39.33925,-123.761008,2025-02-17,2025,Dialictus,interactsWith,bee,general_interaction
Arctostaphylos nummularia subsp. nummularia,Arctostaphylos nummularia,Ericaceae,Arctostaphylos,Mendocino County,California,39.33925,-123.761008,2025-02-17,2025,Nomada,interactsWith,bee,general_interaction
Delphinium patens subsp. patens,Delphinium patens,Ranunculaceae,Delphinium,Santa Cruz County,California,37.144467,-121.797997,2025-05-02,2025,Bombus caliginosus,interactsWith,bee,general_interaction
Brodiaea elegans subsp. elegans,Brodiaea elegans,Asparagaceae,Brodiaea,Solano County,California,38.15722,-122.125008,2026-05-14,2026,Strymon melinus,interactsWith,butterfly,general_interaction
Brodiaea elegans subsp. elegans,Brodiaea elegans,Asparagaceae,Brodiaea,Solano County,California,38.15722,-122.125008,2026-05-14,2026,Anthophora urbana,interactsWith,bee,general_interaction
Brodiaea elegans subsp. elegans,Brodiaea elegans,Asparagaceae,Brodiaea,Solano County,California,38.15722,-122.125008,2026-05-14,2026,Halictus tripartitus,interactsWith,bee,general_interaction
Brodiaea elegans subsp. elegans,Brodiaea elegans,Asparagaceae,Brodiaea,Solano County,California,38.15722,-122.125008,2026-05-14,2026,Lasioglossum incompletum,interactsWith,bee,general_interaction
Quercus agrifolia var. agrifolia,Quercus agrifolia,Fagaceae,Quercus,San Luis Obispo County,California,35.253517,-120.874192,2025-02-17,2025,Celastrina echo,interactsWith,butterfly,general_interaction
Quercus agrifolia var. agrifolia,Quercus agrifolia,Fagaceae,Quercus,San Luis Obispo County,California,35.253517,-120.874192,2025-02-17,2025,Andrena,interactsWith,bee,general_interaction
Quercus agrifolia var. agrifolia,Quercus agrifolia,Fagaceae,Quercus,San Luis Obispo County,California,35.253517,-120.874192,2025-02-17,2025,Apis mellifera,interactsWith,bee,general_interaction
Quercus agrifolia var. agrifolia,Quercus agrifolia,Fagaceae,Quercus,San Luis Obispo County,California,35.253517,-120.874192,2025-02-17,2025,Lasioglossum,interactsWith,bee,general_interaction
Sidalcea malviflora subsp. malviflora,Sidalcea malviflora,Malvaceae,Sidalcea,Monterey County,California,36.596203,-121.911994,2025-04-17,2025,Andrena saccata,interactsWith,bee,general_interaction
Sidalcea malviflora subsp. malviflora,Sidalcea malviflora,Malvaceae,Sidalcea,Monterey County,California,36.596203,-121.911994,2025-04-17,2025,Lasioglossum pavonotum,interactsWith,bee,general_interaction
Quercus agrifolia var. agrifolia,Quercus agrifolia,Fagaceae,Quercus,Los Angeles County,California,34.188497,-118.203545,2025-12-01,2025,Celastrina echo,interactsWith,butterfly,general_interaction
Quercus agrifolia var. agrifolia,Quercus agrifolia,Fagaceae,Quercus,Los Angeles County,California,34.188497,-118.203545,2025-12-01,2025,Andrena,interactsWith,bee,general_interaction
Quercus agrifolia var. agrifolia,Quercus agrifolia,Fagaceae,Quercus,Los Angeles County,California,34.188497,-118.203545,2025-12-01,2025,Apis mellifera,interactsWith,bee,general_interaction
Quercus agrifolia var. agrifolia,Quercus agrifolia,Fagaceae,Quercus,Los Angeles County,California,34.188497,-118.203545,2025-12-01,2025,Lasioglossum,interactsWith,bee,general_interaction
Cordylanthus rigidus subsp. rigidus,Cordylanthus rigidus,Orobanchaceae,Cordylanthus,Ventura County,California,34.22573,-118.772033,2025-07-29,2025,Megachile coquilletti,interactsWith,bee,general_interaction
Cordylanthus rigidus subsp. rigidus,Cordylanthus rigidus,Orobanchaceae,Cordylanthus,Ventura County,California,34.22573,-118.772033,2025-07-29,2025,Anthidiellum robertsoni,interactsWith,bee,general_interaction
Cordylanthus rigidus subsp. rigidus,Cordylanthus rigidus,Orobanchaceae,Cordylanthus,Ventura County,California,34.22573,-118.772033,2025-07-29,2025,Megachile angelarum,interactsWith,bee,general_interaction
Cordylanthus rigidus subsp. rigidus,Cordylanthus rigidus,Orobanchaceae,Cordylanthus,Ventura County,California,34.22573,-118.772033,2025-07-29,2025,Bombus vosnesenskii,interactsWith,bee,general_interaction
Cordylanthus rigidus subsp. rigidus,Cordylanthus rigidus,Orobanchaceae,Cordylanthus,Ventura County,California,34.22573,-118.772033,2025-07-29,2025,Anthidium placitum,interactsWith,bee,general_interaction
Notholithocarpus densiflorus var. densiflorus,Notholithocarpus densiflorus,Fagaceae,Notholithocarpus,Butte County,California,39.64612,-121.3414,2026-04-26,2026,Limenitis bredowii californica,interactsWith,butterfly,general_interaction
Notholithocarpus densiflorus var. densiflorus,Notholithocarpus densiflorus,Fagaceae,Notholithocarpus,Butte County,California,39.64612,-121.3414,2026-04-26,2026,Colletes,interactsWith,bee,general_interaction
Notholithocarpus densiflorus var. densiflorus,Notholithocarpus densiflorus,Fagaceae,Notholithocarpus,Butte County,California,39.64612,-121.3414,2026-04-26,2026,Halictus tripartitus,interactsWith,bee,general_interaction
Notholithocarpus densiflorus var. densiflorus,Notholithocarpus densiflorus,Fagaceae,Notholithocarpus,Butte County,California,39.64612,-121.3414,2026-04-26,2026,Habrodais grunus,interactsWith,butterfly,general_interaction
Notholithocarpus densiflorus var. densiflorus,Notholithocarpus densiflorus,Fagaceae,Notholithocarpus,Butte County,California,39.64612,-121.3414,2026-04-26,2026,Hylaeus,interactsWith,bee,general_interaction
Notholithocarpus densiflorus var. densiflorus,Notholithocarpus densiflorus,Fagaceae,Notholithocarpus,Butte County,California,39.64612,-121.3414,2026-04-26,2026,Lasioglossum,interactsWith,bee,general_interaction
Ribes cereum var. cereum,Ribes cereum,Grossulariaceae,Ribes,Nevada County,California,39.432997,-120.202852,2025-05-26,2025,Andrena porterae,flowersVisitedBy,bee,confirmed_pollination
Lomatium dasycarpum subsp. dasycarpum,Lomatium dasycarpum,Apiaceae,Lomatium,Riverside County,California,33.6389,-116.632956,2026-02-27,2026,Andrena,interactsWith,bee,general_interaction
Lomatium dasycarpum subsp. dasycarpum,Lomatium dasycarpum,Apiaceae,Lomatium,Riverside County,California,33.6389,-116.632956,2026-02-27,2026,Andrena melanochroa,interactsWith,bee,general_interaction
Lomatium dasycarpum subsp. dasycarpum,Lomatium dasycarpum,Apiaceae,Lomatium,Riverside County,California,33.6389,-116.632956,2026-02-27,2026,Andrena chlorogaster,interactsWith,bee,general_interaction
Erythronium grandiflorum subsp. grandiflorum,Erythronium grandiflorum,Liliaceae,Erythronium,Siskiyou County,California,41.558978,-123.757906,2026-05-02,2026,Andrena,pollinatedBy,bee,confirmed_pollination
Erythronium grandiflorum subsp. grandiflorum,Erythronium grandiflorum,Liliaceae,Erythronium,Siskiyou County,California,41.558978,-123.757906,2026-05-02,2026,Bombus,pollinatedBy,bee,confirmed_pollination
Nemophila menziesii var. menziesii,Nemophila menziesii,Hydrophyllaceae,Nemophila,Madera County,California,37.360212,-119.696847,2025-03-30,2025,Andrena bucculenta,interactsWith,bee,general_interaction
Nemophila menziesii var. menziesii,Nemophila menziesii,Hydrophyllaceae,Nemophila,Madera County,California,37.360212,-119.696847,2025-03-30,2025,Andrena (Andrena),interactsWith,bee,general_interaction
Nemophila menziesii var. menziesii,Nemophila menziesii,Hydrophyllaceae,Nemophila,Madera County,California,37.360212,-119.696847,2025-03-30,2025,Andrena nemophilae,interactsWith,bee,general_interaction
Nemophila menziesii var. menziesii,Nemophila menziesii,Hydrophyllaceae,Nemophila,Madera County,California,37.360212,-119.696847,2025-03-30,2025,Andrena crudeni,interactsWith,bee,general_interaction
Nemophila menziesii var. menziesii,Nemophila menziesii,Hydrophyllaceae,Nemophila,Madera County,California,37.360212,-119.696847,2025-03-30,2025,Osmia glauca,interactsWith,bee,general_interaction
Nemophila menziesii var. menziesii,Nemophila menziesii,Hydrophyllaceae,Nemophila,Madera County,California,37.360212,-119.696847,2025-03-30,2025,Hoplitis biscutellae,interactsWith,bee,general_interaction
Nemophila menziesii var. menziesii,Nemophila menziesii,Hydrophyllaceae,Nemophila,Madera County,California,37.360212,-119.696847,2025-03-30,2025,Andrena angustitarsata,interactsWith,bee,general_interaction
Nemophila menziesii var. menziesii,Nemophila menziesii,Hydrophyllaceae,Nemophila,Madera County,California,37.360212,-119.696847,2025-03-30,2025,Lasioglossum titusi,interactsWith,bee,general_interaction
Nemophila menziesii var. menziesii,Nemophila menziesii,Hydrophyllaceae,Nemophila,Madera County,California,37.360212,-119.696847,2025-03-30,2025,Andrena nigrocaerulea,interactsWith,bee,general_interaction
Nemophila menziesii var. menziesii,Nemophila menziesii,Hydrophyllaceae,Nemophila,Madera County,California,37.360212,-119.696847,2025-03-30,2025,Osmia,interactsWith,bee,general_interaction
Nemophila menziesii var. menziesii,Nemophila menziesii,Hydrophyllaceae,Nemophila,Madera County,California,37.360212,-119.696847,2025-03-30,2025,Hoplitis fulgida,interactsWith,bee,general_interaction
Nemophila menziesii var. menziesii,Nemophila menziesii,Hydrophyllaceae,Nemophila,Madera County,California,37.360212,-119.696847,2025-03-30,2025,Osmia lignaria,interactsWith,bee,general_interaction
Nemophila menziesii var. menziesii,Nemophila menziesii,Hydrophyllaceae,Nemophila,Madera County,California,37.360212,-119.696847,2025-03-30,2025,Lasioglossum,interactsWith,bee,general_interaction
Nemophila menziesii var. menziesii,Nemophila menziesii,Hydrophyllaceae,Nemophila,Madera County,California,37.360212,-119.696847,2025-03-30,2025,Andrena orthocarpi,interactsWith,bee,general_interaction
Nemophila menziesii var. menziesii,Nemophila menziesii,Hydrophyllaceae,Nemophila,Madera County,California,37.360212,-119.696847,2025-03-30,2025,Andrena cerasifolii,interactsWith,bee,general_interaction
Nemophila menziesii var. menziesii,Nemophila menziesii,Hydrophyllaceae,Nemophila,Madera County,California,37.360212,-119.696847,2025-03-30,2025,Andrena suavis,interactsWith,bee,general_interaction
Nemophila menziesii var. menziesii,Nemophila menziesii,Hydrophyllaceae,Nemophila,Madera County,California,37.360212,-119.696847,2025-03-30,2025,Andrena,interactsWith,bee,general_interaction
Nemophila menziesii var. menziesii,Nemophila menziesii,Hydrophyllaceae,Nemophila,Madera County,California,37.360212,-119.696847,2025-03-30,2025,Bombus vosnesenskii,interactsWith,bee,general_interaction
Nemophila menziesii var. menziesii,Nemophila menziesii,Hydrophyllaceae,Nemophila,Madera County,California,37.360212,-119.696847,2025-03-30,2025,Andrena candida,interactsWith,bee,general_interaction
Nemophila menziesii var. menziesii,Nemophila menziesii,Hydrophyllaceae,Nemophila,Madera County,California,37.360212,-119.696847,2025-03-30,2025,Andrena nigripes,interactsWith,bee,general_interaction
Nemophila menziesii var. menziesii,Nemophila menziesii,Hydrophyllaceae,Nemophila,Madera County,California,37.360212,-119.696847,2025-03-30,2025,Andrena viridissima,interactsWith,bee,general_interaction
Nemophila menziesii var. menziesii,Nemophila menziesii,Hydrophyllaceae,Nemophila,Madera County,California,37.360212,-119.696847,2025-03-30,2025,Osmia nemoris,interactsWith,bee,general_interaction
Nemophila menziesii var. menziesii,Nemophila menziesii,Hydrophyllaceae,Nemophila,Madera County,California,37.360212,-119.696847,2025-03-30,2025,Hoplitis,interactsWith,bee,general_interaction
Nemophila menziesii var. menziesii,Nemophila menziesii,Hydrophyllaceae,Nemophila,Madera County,California,37.360212,-119.696847,2025-03-30,2025,Andrena cressonii,interactsWith,bee,general_interaction
Eriogonum ovalifolium var. ovalifolium,Eriogonum ovalifolium,Polygonaceae,Eriogonum,Mono County,California,38.30869,-119.21056,2025-05-30,2025,Callophrys gryneus siva,flowersVisitedBy,butterfly,confirmed_pollination
Eriogonum ovalifolium var. ovalifolium,Eriogonum ovalifolium,Polygonaceae,Eriogonum,Mono County,California,38.30869,-119.21056,2025-05-30,2025,Euphilotes enoptes ancilla,flowersVisitedBy,butterfly,confirmed_pollination
Eriogonum ovalifolium var. ovalifolium,Eriogonum ovalifolium,Polygonaceae,Eriogonum,Mono County,California,38.30869,-119.21056,2025-05-30,2025,Bombus vosnesenskii,flowersVisitedBy,bee,confirmed_pollination
Eriogonum ovalifolium var. ovalifolium,Eriogonum ovalifolium,Polygonaceae,Eriogonum,Mono County,California,38.30869,-119.21056,2025-05-30,2025,Bombus huntii,flowersVisitedBy,bee,confirmed_pollination
Eriogonum ovalifolium var. ovalifolium,Eriogonum ovalifolium,Polygonaceae,Eriogonum,Mono County,California,38.30869,-119.21056,2025-05-30,2025,Bombus rufocinctus,flowersVisitedBy,bee,confirmed_pollination
Brodiaea terrestris subsp. terrestris,Brodiaea terrestris,Asparagaceae,Brodiaea,Monterey County,California,35.914883,-121.471175,2026-05-15,2026,Halictus tripartitus,interactsWith,bee,general_interaction
Brodiaea terrestris subsp. terrestris,Brodiaea terrestris,Asparagaceae,Brodiaea,Monterey County,California,35.914883,-121.471175,2026-05-15,2026,Lasioglossum,interactsWith,bee,general_interaction
Brodiaea terrestris subsp. terrestris,Brodiaea terrestris,Asparagaceae,Brodiaea,Monterey County,California,35.914883,-121.471175,2026-05-15,2026,Osmia nemoris,interactsWith,bee,general_interaction
Brodiaea terrestris subsp. terrestris,Brodiaea terrestris,Asparagaceae,Brodiaea,Monterey County,California,35.914883,-121.471175,2026-05-15,2026,Dialictus,interactsWith,bee,general_interaction
Acmispon americanus var. americanus,Acmispon americanus,Fabaceae,Acmispon,El Dorado County,California,38.813394,-120.014617,2025-06-08,2025,Ashmeadiella cactorum basalis,pollinatedBy,bee,confirmed_pollination
Acmispon americanus var. americanus,Acmispon americanus,Fabaceae,Acmispon,El Dorado County,California,38.813394,-120.014617,2025-06-08,2025,Anthidiellum robertsoni,pollinatedBy,bee,confirmed_pollination
Acmispon americanus var. americanus,Acmispon americanus,Fabaceae,Acmispon,El Dorado County,California,38.813394,-120.014617,2025-06-08,2025,Megachile angelarum,pollinatedBy,bee,confirmed_pollination
Acmispon americanus var. americanus,Acmispon americanus,Fabaceae,Acmispon,El Dorado County,California,38.813394,-120.014617,2025-06-08,2025,Megachile brevis,pollinatedBy,bee,confirmed_pollination
Acmispon americanus var. americanus,Acmispon americanus,Fabaceae,Acmispon,El Dorado County,California,38.813394,-120.014617,2025-06-08,2025,Anthidiellum notatum,pollinatedBy,bee,confirmed_pollination
Acmispon americanus var. americanus,Acmispon americanus,Fabaceae,Acmispon,El Dorado County,California,38.813394,-120.014617,2025-06-08,2025,Megachile coquilletti,interactsWith,bee,general_interaction
Acmispon americanus var. americanus,Acmispon americanus,Fabaceae,Acmispon,El Dorado County,California,38.813394,-120.014617,2025-06-08,2025,Bombus occidentalis,interactsWith,bee,general_interaction
Acmispon americanus var. americanus,Acmispon americanus,Fabaceae,Acmispon,El Dorado County,California,38.813394,-120.014617,2025-06-08,2025,Megachile,interactsWith,bee,general_interaction
Acmispon americanus var. americanus,Acmispon americanus,Fabaceae,Acmispon,El Dorado County,California,38.813394,-120.014617,2025-06-08,2025,Anthidium edwardsii,interactsWith,bee,general_interaction
Epilobium canum subsp. canum,Epilobium canum,Onagraceae,Epilobium,Santa Cruz County,California,37.150211,-121.798994,2025-07-25,2025,Dialictus,interactsWith,bee,general_interaction
Epilobium canum subsp. canum,Epilobium canum,Onagraceae,Epilobium,Santa Cruz County,California,37.150211,-121.798994,2025-07-25,2025,Lasioglossum,interactsWith,bee,general_interaction
Epilobium canum subsp. canum,Epilobium canum,Onagraceae,Epilobium,Santa Cruz County,California,37.150211,-121.798994,2025-07-25,2025,Dianthidium dubium,interactsWith,bee,general_interaction
Ceanothus cuneatus var. cuneatus,Ceanothus cuneatus,Rhamnaceae,Ceanothus,Tehama County,California,40.106361,-122.036522,2025-03-05,2025,Panurginus,interactsWith,bee,general_interaction
Ceanothus cuneatus var. cuneatus,Ceanothus cuneatus,Rhamnaceae,Ceanothus,Tehama County,California,40.106361,-122.036522,2025-03-05,2025,Celastrina echo,interactsWith,butterfly,general_interaction
Ceanothus cuneatus var. cuneatus,Ceanothus cuneatus,Rhamnaceae,Ceanothus,Tehama County,California,40.106361,-122.036522,2025-03-05,2025,Andrena,interactsWith,bee,general_interaction
Thermopsis californica var. californica,Thermopsis californica,Fabaceae,Thermopsis,Marin County,California,37.966577,-122.641148,2026-04-14,2026,Bombus vosnesenskii,interactsWith,bee,general_interaction
Thermopsis californica var. californica,Thermopsis californica,Fabaceae,Thermopsis,Marin County,California,37.966577,-122.641148,2026-04-14,2026,Megachile gemula,interactsWith,bee,general_interaction
Thermopsis californica var. californica,Thermopsis californica,Fabaceae,Thermopsis,Marin County,California,37.966577,-122.641148,2026-04-14,2026,Xylocopa tabaniformis orpifex,interactsWith,bee,general_interaction
Sidalcea hickmanii subsp. hickmanii,Sidalcea hickmanii,Malvaceae,Sidalcea,Monterey County,California,36.018028,-121.517234,2025-05-03,2025,Anthophora,flowersVisitedBy,bee,confirmed_pollination
Sidalcea hickmanii subsp. hickmanii,Sidalcea hickmanii,Malvaceae,Sidalcea,Monterey County,California,36.018028,-121.517234,2025-05-03,2025,Melissodes,flowersVisitedBy,bee,confirmed_pollination
Sidalcea hickmanii subsp. hickmanii,Sidalcea hickmanii,Malvaceae,Sidalcea,Monterey County,California,36.018028,-121.517234,2025-05-03,2025,Halictus,flowersVisitedBy,bee,confirmed_pollination
Sidalcea hickmanii subsp. hickmanii,Sidalcea hickmanii,Malvaceae,Sidalcea,Monterey County,California,36.018028,-121.517234,2025-05-03,2025,Megachile,flowersVisitedBy,bee,confirmed_pollination
Claytonia exigua subsp. exigua,Claytonia exigua,Montiaceae,Claytonia,Nevada County,California,39.284789,-121.114857,2026-03-22,2026,Andrena anisochlora,flowersVisitedBy,bee,confirmed_pollination
Brodiaea elegans subsp. elegans,Brodiaea elegans,Asparagaceae,Brodiaea,Mariposa County,California,37.976619,-119.588632,2025-07-22,2025,Strymon melinus,interactsWith,butterfly,general_interaction
Brodiaea elegans subsp. elegans,Brodiaea elegans,Asparagaceae,Brodiaea,Mariposa County,California,37.976619,-119.588632,2025-07-22,2025,Anthophora urbana,interactsWith,bee,general_interaction
Brodiaea elegans subsp. elegans,Brodiaea elegans,Asparagaceae,Brodiaea,Mariposa County,California,37.976619,-119.588632,2025-07-22,2025,Halictus tripartitus,interactsWith,bee,general_interaction
Brodiaea elegans subsp. elegans,Brodiaea elegans,Asparagaceae,Brodiaea,Mariposa County,California,37.976619,-119.588632,2025-07-22,2025,Lasioglossum incompletum,interactsWith,bee,general_interaction
Ipomopsis aggregata subsp. aggregata,Ipomopsis aggregata,Polemoniaceae,Ipomopsis,Plumas County,California,40.497988,-121.464295,2025-07-21,2025,Bombus appositus,flowersVisitedBy,bee,confirmed_pollination
Ipomopsis aggregata subsp. aggregata,Ipomopsis aggregata,Polemoniaceae,Ipomopsis,Plumas County,California,40.497988,-121.464295,2025-07-21,2025,Xylocopa,interactsWith,bee,general_interaction
Ipomopsis aggregata subsp. aggregata,Ipomopsis aggregata,Polemoniaceae,Ipomopsis,Plumas County,California,40.497988,-121.464295,2025-07-21,2025,Xylocopa virginica,interactsWith,bee,general_interaction
Acmispon decumbens var. decumbens,Acmispon decumbens,Fabaceae,Acmispon,Riverside County,California,33.800125,-116.641587,2025-08-21,2025,Bombus melanopygus,flowersVisitedBy,bee,confirmed_pollination
Lupinus albifrons var. albifrons,Lupinus albifrons,Fabaceae,Lupinus,Alameda County,California,37.547569,-122.092405,2026-01-08,2026,Hylephila phylaeus,visitedBy,butterfly,confirmed_pollination
Lupinus albifrons var. albifrons,Lupinus albifrons,Fabaceae,Lupinus,Alameda County,California,37.547569,-122.092405,2026-01-08,2026,Osmia brevis,interactsWith,bee,general_interaction
Lupinus albifrons var. albifrons,Lupinus albifrons,Fabaceae,Lupinus,Alameda County,California,37.547569,-122.092405,2026-01-08,2026,Melecta edwardsii,interactsWith,bee,general_interaction
Lupinus albifrons var. albifrons,Lupinus albifrons,Fabaceae,Lupinus,Alameda County,California,37.547569,-122.092405,2026-01-08,2026,Protosmia rubifloris,interactsWith,bee,general_interaction
Lupinus albifrons var. albifrons,Lupinus albifrons,Fabaceae,Lupinus,Alameda County,California,37.547569,-122.092405,2026-01-08,2026,Xylocopa tabaniformis orpifex,interactsWith,bee,general_interaction
Lupinus albifrons var. albifrons,Lupinus albifrons,Fabaceae,Lupinus,Alameda County,California,37.547569,-122.092405,2026-01-08,2026,Apodemia mormo mormo,interactsWith,butterfly,general_interaction
Lupinus albifrons var. albifrons,Lupinus albifrons,Fabaceae,Lupinus,Alameda County,California,37.547569,-122.092405,2026-01-08,2026,Bombus melanopygus,interactsWith,bee,general_interaction
Lupinus albifrons var. albifrons,Lupinus albifrons,Fabaceae,Lupinus,Alameda County,California,37.547569,-122.092405,2026-01-08,2026,Eucera lunata,interactsWith,bee,general_interaction
Lupinus albifrons var. albifrons,Lupinus albifrons,Fabaceae,Lupinus,Alameda County,California,37.547569,-122.092405,2026-01-08,2026,Habropoda tristissima,interactsWith,bee,general_interaction
Lupinus albifrons var. albifrons,Lupinus albifrons,Fabaceae,Lupinus,Alameda County,California,37.547569,-122.092405,2026-01-08,2026,Callophrys dumetorum dumetorum,interactsWith,butterfly,general_interaction
Lupinus albifrons var. albifrons,Lupinus albifrons,Fabaceae,Lupinus,Alameda County,California,37.547569,-122.092405,2026-01-08,2026,Habropoda miserabilis,interactsWith,bee,general_interaction
Lupinus albifrons var. albifrons,Lupinus albifrons,Fabaceae,Lupinus,Alameda County,California,37.547569,-122.092405,2026-01-08,2026,Dialictus,interactsWith,bee,general_interaction
Lupinus albifrons var. albifrons,Lupinus albifrons,Fabaceae,Lupinus,Alameda County,California,37.547569,-122.092405,2026-01-08,2026,Bombus caliginosus,interactsWith,bee,general_interaction
Lupinus albifrons var. albifrons,Lupinus albifrons,Fabaceae,Lupinus,Alameda County,California,37.547569,-122.092405,2026-01-08,2026,Erynnis pacuvius,interactsWith,butterfly,general_interaction
Lupinus albifrons var. albifrons,Lupinus albifrons,Fabaceae,Lupinus,Alameda County,California,37.547569,-122.092405,2026-01-08,2026,Eucera frater albopilosa,interactsWith,bee,general_interaction
Lupinus albifrons var. albifrons,Lupinus albifrons,Fabaceae,Lupinus,Alameda County,California,37.547569,-122.092405,2026-01-08,2026,Strymon melinus,interactsWith,butterfly,general_interaction
Lupinus albifrons var. albifrons,Lupinus albifrons,Fabaceae,Lupinus,Alameda County,California,37.547569,-122.092405,2026-01-08,2026,Lasioglossum mellipes,interactsWith,bee,general_interaction
Lupinus albifrons var. albifrons,Lupinus albifrons,Fabaceae,Lupinus,Alameda County,California,37.547569,-122.092405,2026-01-08,2026,Bombus vosnesenskii,interactsWith,bee,general_interaction
Brodiaea terrestris subsp. terrestris,Brodiaea terrestris,Asparagaceae,Brodiaea,Santa Clara County,California,37.070245,-121.530372,2026-03-12,2026,Halictus tripartitus,interactsWith,bee,general_interaction
Brodiaea terrestris subsp. terrestris,Brodiaea terrestris,Asparagaceae,Brodiaea,Santa Clara County,California,37.070245,-121.530372,2026-03-12,2026,Lasioglossum,interactsWith,bee,general_interaction
Brodiaea terrestris subsp. terrestris,Brodiaea terrestris,Asparagaceae,Brodiaea,Santa Clara County,California,37.070245,-121.530372,2026-03-12,2026,Osmia nemoris,interactsWith,bee,general_interaction
Brodiaea terrestris subsp. terrestris,Brodiaea terrestris,Asparagaceae,Brodiaea,Santa Clara County,California,37.070245,-121.530372,2026-03-12,2026,Dialictus,interactsWith,bee,general_interaction
Camissonia campestris subsp. campestris,Camissonia campestris,Onagraceae,Camissonia,San Luis Obispo County,California,35.475824,-120.329913,2025-04-06,2025,Andrena siccata,flowersVisitedBy,bee,confirmed_pollination
Adenostoma fasciculatum var. fasciculatum,Adenostoma fasciculatum,Rosaceae,Adenostoma,Trinity County,California,40.599062,-122.89132,2025-06-11,2025,Andrena bucculenta,interactsWith,bee,general_interaction
Adenostoma fasciculatum var. fasciculatum,Adenostoma fasciculatum,Rosaceae,Adenostoma,Trinity County,California,40.599062,-122.89132,2025-06-11,2025,Andrena (Andrena),interactsWith,bee,general_interaction
Adenostoma fasciculatum var. fasciculatum,Adenostoma fasciculatum,Rosaceae,Adenostoma,Trinity County,California,40.599062,-122.89132,2025-06-11,2025,Chelostoma incisulum,interactsWith,bee,general_interaction
Adenostoma fasciculatum var. fasciculatum,Adenostoma fasciculatum,Rosaceae,Adenostoma,Trinity County,California,40.599062,-122.89132,2025-06-11,2025,Colletes,interactsWith,bee,general_interaction
Adenostoma fasciculatum var. fasciculatum,Adenostoma fasciculatum,Rosaceae,Adenostoma,Trinity County,California,40.599062,-122.89132,2025-06-11,2025,Dialictus,interactsWith,bee,general_interaction
Adenostoma fasciculatum var. fasciculatum,Adenostoma fasciculatum,Rosaceae,Adenostoma,Trinity County,California,40.599062,-122.89132,2025-06-11,2025,Heriades occidentalis,interactsWith,bee,general_interaction
Adenostoma fasciculatum var. fasciculatum,Adenostoma fasciculatum,Rosaceae,Adenostoma,Trinity County,California,40.599062,-122.89132,2025-06-11,2025,Bombus caliginosus,interactsWith,bee,general_interaction
Adenostoma fasciculatum var. fasciculatum,Adenostoma fasciculatum,Rosaceae,Adenostoma,Trinity County,California,40.599062,-122.89132,2025-06-11,2025,Habrodais grunus,interactsWith,butterfly,general_interaction
Adenostoma fasciculatum var. fasciculatum,Adenostoma fasciculatum,Rosaceae,Adenostoma,Trinity County,California,40.599062,-122.89132,2025-06-11,2025,Andrena principalis,interactsWith,bee,general_interaction
Adenostoma fasciculatum var. fasciculatum,Adenostoma fasciculatum,Rosaceae,Adenostoma,Trinity County,California,40.599062,-122.89132,2025-06-11,2025,Andrena cerasifolii,interactsWith,bee,general_interaction
Adenostoma fasciculatum var. fasciculatum,Adenostoma fasciculatum,Rosaceae,Adenostoma,Trinity County,California,40.599062,-122.89132,2025-06-11,2025,Bombus melanopygus,interactsWith,bee,general_interaction
Adenostoma fasciculatum var. fasciculatum,Adenostoma fasciculatum,Rosaceae,Adenostoma,Trinity County,California,40.599062,-122.89132,2025-06-11,2025,Hylaeus,interactsWith,bee,general_interaction
Adenostoma fasciculatum var. fasciculatum,Adenostoma fasciculatum,Rosaceae,Adenostoma,Trinity County,California,40.599062,-122.89132,2025-06-11,2025,Bombus occidentalis,interactsWith,bee,general_interaction
Adenostoma fasciculatum var. fasciculatum,Adenostoma fasciculatum,Rosaceae,Adenostoma,Trinity County,California,40.599062,-122.89132,2025-06-11,2025,Xeromelecta californica,interactsWith,bee,general_interaction
Adenostoma fasciculatum var. fasciculatum,Adenostoma fasciculatum,Rosaceae,Adenostoma,Trinity County,California,40.599062,-122.89132,2025-06-11,2025,Ochlodes sylvanoides,interactsWith,butterfly,general_interaction
Adenostoma fasciculatum var. fasciculatum,Adenostoma fasciculatum,Rosaceae,Adenostoma,Trinity County,California,40.599062,-122.89132,2025-06-11,2025,Bombus vosnesenskii,interactsWith,bee,general_interaction
Adenostoma fasciculatum var. fasciculatum,Adenostoma fasciculatum,Rosaceae,Adenostoma,Trinity County,California,40.599062,-122.89132,2025-06-11,2025,Andrena,interactsWith,bee,general_interaction
Adenostoma fasciculatum var. fasciculatum,Adenostoma fasciculatum,Rosaceae,Adenostoma,Trinity County,California,40.599062,-122.89132,2025-06-11,2025,Satyrium saepium chalcis,interactsWith,butterfly,general_interaction
Adenostoma fasciculatum var. fasciculatum,Adenostoma fasciculatum,Rosaceae,Adenostoma,Trinity County,California,40.599062,-122.89132,2025-06-11,2025,Lasioglossum,interactsWith,bee,general_interaction
Adenostoma fasciculatum var. fasciculatum,Adenostoma fasciculatum,Rosaceae,Adenostoma,Trinity County,California,40.599062,-122.89132,2025-06-11,2025,Sphecodes,interactsWith,bee,general_interaction
Adenostoma fasciculatum var. fasciculatum,Adenostoma fasciculatum,Rosaceae,Adenostoma,Trinity County,California,40.599062,-122.89132,2025-06-11,2025,Andrena saccata,interactsWith,bee,general_interaction
Arctostaphylos hookeri subsp. hookeri,Arctostaphylos hookeri,Ericaceae,Arctostaphylos,Santa Clara County,California,36.991502,-121.649434,2026-02-07,2026,Callophrys augustinus,flowersVisitedBy,butterfly,confirmed_pollination
Arctostaphylos hookeri subsp. hookeri,Arctostaphylos hookeri,Ericaceae,Arctostaphylos,Santa Clara County,California,36.991502,-121.649434,2026-02-07,2026,Andrena principalis,flowersVisitedBy,bee,confirmed_pollination
Arctostaphylos hookeri subsp. hookeri,Arctostaphylos hookeri,Ericaceae,Arctostaphylos,Santa Clara County,California,36.991502,-121.649434,2026-02-07,2026,Vanessa atalanta,flowersVisitedBy,butterfly,confirmed_pollination
Arctostaphylos hookeri subsp. hookeri,Arctostaphylos hookeri,Ericaceae,Arctostaphylos,Santa Clara County,California,36.991502,-121.649434,2026-02-07,2026,Bombus melanopygus,flowersVisitedBy,bee,confirmed_pollination
Arctostaphylos hookeri subsp. hookeri,Arctostaphylos hookeri,Ericaceae,Arctostaphylos,Santa Clara County,California,36.991502,-121.649434,2026-02-07,2026,Andrena (Andrena),interactsWith,bee,general_interaction
Arctostaphylos hookeri subsp. hookeri,Arctostaphylos hookeri,Ericaceae,Arctostaphylos,Santa Clara County,California,36.991502,-121.649434,2026-02-07,2026,Callophrys dumetorum dumetorum,interactsWith,butterfly,general_interaction
Arctostaphylos hookeri subsp. hookeri,Arctostaphylos hookeri,Ericaceae,Arctostaphylos,Santa Clara County,California,36.991502,-121.649434,2026-02-07,2026,Habropoda cineraria,interactsWith,bee,general_interaction
Arctostaphylos hookeri subsp. hookeri,Arctostaphylos hookeri,Ericaceae,Arctostaphylos,Santa Clara County,California,36.991502,-121.649434,2026-02-07,2026,Andrena melanochroa,interactsWith,bee,general_interaction
Arctostaphylos hookeri subsp. hookeri,Arctostaphylos hookeri,Ericaceae,Arctostaphylos,Santa Clara County,California,36.991502,-121.649434,2026-02-07,2026,Nymphalis californica,interactsWith,butterfly,general_interaction
Arctostaphylos hookeri subsp. hookeri,Arctostaphylos hookeri,Ericaceae,Arctostaphylos,Santa Clara County,California,36.991502,-121.649434,2026-02-07,2026,Dialictus,interactsWith,bee,general_interaction
Arctostaphylos hookeri subsp. hookeri,Arctostaphylos hookeri,Ericaceae,Arctostaphylos,Santa Clara County,California,36.991502,-121.649434,2026-02-07,2026,Bombus vosnesenskii,interactsWith,bee,general_interaction
Arctostaphylos hookeri subsp. hookeri,Arctostaphylos hookeri,Ericaceae,Arctostaphylos,Santa Clara County,California,36.991502,-121.649434,2026-02-07,2026,Andrena,interactsWith,bee,general_interaction
Arctostaphylos hookeri subsp. hookeri,Arctostaphylos hookeri,Ericaceae,Arctostaphylos,Santa Clara County,California,36.991502,-121.649434,2026-02-07,2026,Lasioglossum nevadense,interactsWith,bee,general_interaction
Arctostaphylos hookeri subsp. hookeri,Arctostaphylos hookeri,Ericaceae,Arctostaphylos,Santa Clara County,California,36.991502,-121.649434,2026-02-07,2026,Lasioglossum,interactsWith,bee,general_interaction
Arctostaphylos hookeri subsp. hookeri,Arctostaphylos hookeri,Ericaceae,Arctostaphylos,Santa Clara County,California,36.991502,-121.649434,2026-02-07,2026,Agapostemon texanus,interactsWith,bee,general_interaction
Arctostaphylos hookeri subsp. hookeri,Arctostaphylos hookeri,Ericaceae,Arctostaphylos,Santa Clara County,California,36.991502,-121.649434,2026-02-07,2026,Nomada,interactsWith,bee,general_interaction
Arctostaphylos hookeri subsp. hookeri,Arctostaphylos hookeri,Ericaceae,Arctostaphylos,Santa Clara County,California,36.991502,-121.649434,2026-02-07,2026,Bombus caliginosus,interactsWith,bee,general_interaction
Adenostoma fasciculatum var. fasciculatum,Adenostoma fasciculatum,Rosaceae,Adenostoma,Marin County,California,37.944767,-122.586228,2026-02-21,2026,Andrena bucculenta,interactsWith,bee,general_interaction
Adenostoma fasciculatum var. fasciculatum,Adenostoma fasciculatum,Rosaceae,Adenostoma,Marin County,California,37.944767,-122.586228,2026-02-21,2026,Andrena (Andrena),interactsWith,bee,general_interaction
Adenostoma fasciculatum var. fasciculatum,Adenostoma fasciculatum,Rosaceae,Adenostoma,Marin County,California,37.944767,-122.586228,2026-02-21,2026,Chelostoma incisulum,interactsWith,bee,general_interaction
Adenostoma fasciculatum var. fasciculatum,Adenostoma fasciculatum,Rosaceae,Adenostoma,Marin County,California,37.944767,-122.586228,2026-02-21,2026,Colletes,interactsWith,bee,general_interaction
Adenostoma fasciculatum var. fasciculatum,Adenostoma fasciculatum,Rosaceae,Adenostoma,Marin County,California,37.944767,-122.586228,2026-02-21,2026,Dialictus,interactsWith,bee,general_interaction
Adenostoma fasciculatum var. fasciculatum,Adenostoma fasciculatum,Rosaceae,Adenostoma,Marin County,California,37.944767,-122.586228,2026-02-21,2026,Heriades occidentalis,interactsWith,bee,general_interaction
Adenostoma fasciculatum var. fasciculatum,Adenostoma fasciculatum,Rosaceae,Adenostoma,Marin County,California,37.944767,-122.586228,2026-02-21,2026,Bombus caliginosus,interactsWith,bee,general_interaction
Adenostoma fasciculatum var. fasciculatum,Adenostoma fasciculatum,Rosaceae,Adenostoma,Marin County,California,37.944767,-122.586228,2026-02-21,2026,Habrodais grunus,interactsWith,butterfly,general_interaction
Adenostoma fasciculatum var. fasciculatum,Adenostoma fasciculatum,Rosaceae,Adenostoma,Marin County,California,37.944767,-122.586228,2026-02-21,2026,Andrena principalis,interactsWith,bee,general_interaction
Adenostoma fasciculatum var. fasciculatum,Adenostoma fasciculatum,Rosaceae,Adenostoma,Marin County,California,37.944767,-122.586228,2026-02-21,2026,Andrena cerasifolii,interactsWith,bee,general_interaction
Adenostoma fasciculatum var. fasciculatum,Adenostoma fasciculatum,Rosaceae,Adenostoma,Marin County,California,37.944767,-122.586228,2026-02-21,2026,Bombus melanopygus,interactsWith,bee,general_interaction
Adenostoma fasciculatum var. fasciculatum,Adenostoma fasciculatum,Rosaceae,Adenostoma,Marin County,California,37.944767,-122.586228,2026-02-21,2026,Hylaeus,interactsWith,bee,general_interaction
Adenostoma fasciculatum var. fasciculatum,Adenostoma fasciculatum,Rosaceae,Adenostoma,Marin County,California,37.944767,-122.586228,2026-02-21,2026,Bombus occidentalis,interactsWith,bee,general_interaction
Adenostoma fasciculatum var. fasciculatum,Adenostoma fasciculatum,Rosaceae,Adenostoma,Marin County,California,37.944767,-122.586228,2026-02-21,2026,Xeromelecta californica,interactsWith,bee,general_interaction
Adenostoma fasciculatum var. fasciculatum,Adenostoma fasciculatum,Rosaceae,Adenostoma,Marin County,California,37.944767,-122.586228,2026-02-21,2026,Ochlodes sylvanoides,interactsWith,butterfly,general_interaction
Adenostoma fasciculatum var. fasciculatum,Adenostoma fasciculatum,Rosaceae,Adenostoma,Marin County,California,37.944767,-122.586228,2026-02-21,2026,Bombus vosnesenskii,interactsWith,bee,general_interaction
Adenostoma fasciculatum var. fasciculatum,Adenostoma fasciculatum,Rosaceae,Adenostoma,Marin County,California,37.944767,-122.586228,2026-02-21,2026,Andrena,interactsWith,bee,general_interaction
Adenostoma fasciculatum var. fasciculatum,Adenostoma fasciculatum,Rosaceae,Adenostoma,Marin County,California,37.944767,-122.586228,2026-02-21,2026,Satyrium saepium chalcis,interactsWith,butterfly,general_interaction
Adenostoma fasciculatum var. fasciculatum,Adenostoma fasciculatum,Rosaceae,Adenostoma,Marin County,California,37.944767,-122.586228,2026-02-21,2026,Lasioglossum,interactsWith,bee,general_interaction
Adenostoma fasciculatum var. fasciculatum,Adenostoma fasciculatum,Rosaceae,Adenostoma,Marin County,California,37.944767,-122.586228,2026-02-21,2026,Sphecodes,interactsWith,bee,general_interaction
Adenostoma fasciculatum var. fasciculatum,Adenostoma fasciculatum,Rosaceae,Adenostoma,Marin County,California,37.944767,-122.586228,2026-02-21,2026,Andrena saccata,interactsWith,bee,general_interaction
Baccharis salicifolia subsp. salicifolia,Baccharis salicifolia,Asteraceae,Baccharis,Riverside County,California,33.418783,-116.665364,2025-04-09,2025,Hylaeus (Paraprosopis) polifolii,interactsWith,bee,general_interaction
Baccharis salicifolia subsp. salicifolia,Baccharis salicifolia,Asteraceae,Baccharis,Riverside County,California,33.418783,-116.665364,2025-04-09,2025,Megachile (Xeromegachile) subnigra angelica,interactsWith,bee,general_interaction
Baccharis salicifolia subsp. salicifolia,Baccharis salicifolia,Asteraceae,Baccharis,Riverside County,California,33.418783,-116.665364,2025-04-09,2025,Ceratina (Ceratinula) arizonensis,interactsWith,bee,general_interaction
Baccharis salicifolia subsp. salicifolia,Baccharis salicifolia,Asteraceae,Baccharis,Riverside County,California,33.418783,-116.665364,2025-04-09,2025,Augochlorella pomoniella,interactsWith,bee,general_interaction
Baccharis salicifolia subsp. salicifolia,Baccharis salicifolia,Asteraceae,Baccharis,Riverside County,California,33.418783,-116.665364,2025-04-09,2025,Hylaeus polifolii,interactsWith,bee,general_interaction
Eriophyllum confertiflorum var. confertiflorum,Eriophyllum confertiflorum,Asteraceae,Eriophyllum,Santa Cruz County,California,37.050542,-122.135492,2025-05-05,2025,Dianthidium parvum schwarzi,interactsWith,bee,general_interaction
Eriophyllum confertiflorum var. confertiflorum,Eriophyllum confertiflorum,Asteraceae,Eriophyllum,Santa Cruz County,California,37.050542,-122.135492,2025-05-05,2025,Epeolus howardi,interactsWith,bee,general_interaction
Eriophyllum confertiflorum var. confertiflorum,Eriophyllum confertiflorum,Asteraceae,Eriophyllum,Santa Cruz County,California,37.050542,-122.135492,2025-05-05,2025,Melissodes lupina,interactsWith,bee,general_interaction
Eriophyllum confertiflorum var. confertiflorum,Eriophyllum confertiflorum,Asteraceae,Eriophyllum,Santa Cruz County,California,37.050542,-122.135492,2025-05-05,2025,Ochlodes agricola,interactsWith,butterfly,general_interaction
Eriophyllum confertiflorum var. confertiflorum,Eriophyllum confertiflorum,Asteraceae,Eriophyllum,Santa Cruz County,California,37.050542,-122.135492,2025-05-05,2025,Bombus melanopygus,interactsWith,bee,general_interaction
Eriophyllum confertiflorum var. confertiflorum,Eriophyllum confertiflorum,Asteraceae,Eriophyllum,Santa Cruz County,California,37.050542,-122.135492,2025-05-05,2025,Chlosyne palla,interactsWith,butterfly,general_interaction
Eriophyllum confertiflorum var. confertiflorum,Eriophyllum confertiflorum,Asteraceae,Eriophyllum,Santa Cruz County,California,37.050542,-122.135492,2025-05-05,2025,Sphecodes,interactsWith,bee,general_interaction
Eriophyllum confertiflorum var. confertiflorum,Eriophyllum confertiflorum,Asteraceae,Eriophyllum,Santa Cruz County,California,37.050542,-122.135492,2025-05-05,2025,Lycaena gorgon,interactsWith,butterfly,general_interaction
Eriophyllum confertiflorum var. confertiflorum,Eriophyllum confertiflorum,Asteraceae,Eriophyllum,Santa Cruz County,California,37.050542,-122.135492,2025-05-05,2025,Icaricia lupini,interactsWith,butterfly,general_interaction
Eriophyllum confertiflorum var. confertiflorum,Eriophyllum confertiflorum,Asteraceae,Eriophyllum,Santa Cruz County,California,37.050542,-122.135492,2025-05-05,2025,Erynnis propertius,interactsWith,butterfly,general_interaction
Eriophyllum confertiflorum var. confertiflorum,Eriophyllum confertiflorum,Asteraceae,Eriophyllum,Santa Cruz County,California,37.050542,-122.135492,2025-05-05,2025,Andrena,interactsWith,bee,general_interaction
Eriophyllum confertiflorum var. confertiflorum,Eriophyllum confertiflorum,Asteraceae,Eriophyllum,Santa Cruz County,California,37.050542,-122.135492,2025-05-05,2025,Ashmeadiella,interactsWith,bee,general_interaction
Eriophyllum confertiflorum var. confertiflorum,Eriophyllum confertiflorum,Asteraceae,Eriophyllum,Santa Cruz County,California,37.050542,-122.135492,2025-05-05,2025,Dialictus,interactsWith,bee,general_interaction
Eriophyllum confertiflorum var. confertiflorum,Eriophyllum confertiflorum,Asteraceae,Eriophyllum,Santa Cruz County,California,37.050542,-122.135492,2025-05-05,2025,Apodemia mormo,interactsWith,butterfly,general_interaction
Eriophyllum confertiflorum var. confertiflorum,Eriophyllum confertiflorum,Asteraceae,Eriophyllum,Santa Cruz County,California,37.050542,-122.135492,2025-05-05,2025,Andrena pallidifovea,interactsWith,bee,general_interaction
Eriophyllum confertiflorum var. confertiflorum,Eriophyllum confertiflorum,Asteraceae,Eriophyllum,Santa Cruz County,California,37.050542,-122.135492,2025-05-05,2025,Ashmeadiella cubiceps,interactsWith,bee,general_interaction
Eriophyllum confertiflorum var. confertiflorum,Eriophyllum confertiflorum,Asteraceae,Eriophyllum,Santa Cruz County,California,37.050542,-122.135492,2025-05-05,2025,Icaricia acmon,interactsWith,butterfly,general_interaction
Eriophyllum confertiflorum var. confertiflorum,Eriophyllum confertiflorum,Asteraceae,Eriophyllum,Santa Cruz County,California,37.050542,-122.135492,2025-05-05,2025,Bombus vosnesenskii,interactsWith,bee,general_interaction
Eriophyllum confertiflorum var. confertiflorum,Eriophyllum confertiflorum,Asteraceae,Eriophyllum,Santa Cruz County,California,37.050542,-122.135492,2025-05-05,2025,Heriades occidentalis,interactsWith,bee,general_interaction
Eriophyllum confertiflorum var. confertiflorum,Eriophyllum confertiflorum,Asteraceae,Eriophyllum,Santa Cruz County,California,37.050542,-122.135492,2025-05-05,2025,Nomada,interactsWith,bee,general_interaction
Eriophyllum confertiflorum var. confertiflorum,Eriophyllum confertiflorum,Asteraceae,Eriophyllum,Santa Cruz County,California,37.050542,-122.135492,2025-05-05,2025,Erynnis pacuvius,interactsWith,butterfly,general_interaction
Eriophyllum confertiflorum var. confertiflorum,Eriophyllum confertiflorum,Asteraceae,Eriophyllum,Santa Cruz County,California,37.050542,-122.135492,2025-05-05,2025,Vanessa virginiensis,interactsWith,butterfly,general_interaction
Eriophyllum confertiflorum var. confertiflorum,Eriophyllum confertiflorum,Asteraceae,Eriophyllum,Santa Cruz County,California,37.050542,-122.135492,2025-05-05,2025,Halictus tripartitus,interactsWith,bee,general_interaction
Eriophyllum confertiflorum var. confertiflorum,Eriophyllum confertiflorum,Asteraceae,Eriophyllum,Santa Cruz County,California,37.050542,-122.135492,2025-05-05,2025,Epeolus compactus,interactsWith,bee,general_interaction
Eriophyllum confertiflorum var. confertiflorum,Eriophyllum confertiflorum,Asteraceae,Eriophyllum,Santa Cruz County,California,37.050542,-122.135492,2025-05-05,2025,Vanessa cardui,interactsWith,butterfly,general_interaction
Eriophyllum confertiflorum var. confertiflorum,Eriophyllum confertiflorum,Asteraceae,Eriophyllum,Santa Cruz County,California,37.050542,-122.135492,2025-05-05,2025,Hylaeus,interactsWith,bee,general_interaction
Lomatium dasycarpum subsp. dasycarpum,Lomatium dasycarpum,Apiaceae,Lomatium,San Luis Obispo County,California,35.246597,-120.69178,2026-04-24,2026,Andrena,interactsWith,bee,general_interaction
Lomatium dasycarpum subsp. dasycarpum,Lomatium dasycarpum,Apiaceae,Lomatium,San Luis Obispo County,California,35.246597,-120.69178,2026-04-24,2026,Andrena melanochroa,interactsWith,bee,general_interaction
Lomatium dasycarpum subsp. dasycarpum,Lomatium dasycarpum,Apiaceae,Lomatium,San Luis Obispo County,California,35.246597,-120.69178,2026-04-24,2026,Andrena chlorogaster,interactsWith,bee,general_interaction
Chloropyron molle subsp. molle,Chloropyron molle,Orobanchaceae,Chloropyron,Solano County,California,38.171275,-122.08465,2025-05-17,2025,Anthidium edwardsii,interactsWith,bee,general_interaction
Epilobium ciliatum subsp. ciliatum,Epilobium ciliatum,Onagraceae,Epilobium,Orange County,California,33.703438,-118.006814,2026-06-26,2026,Anthidium tenuiflorae,interactsWith,bee,general_interaction
Epilobium ciliatum subsp. ciliatum,Epilobium ciliatum,Onagraceae,Epilobium,Orange County,California,33.703438,-118.006814,2026-06-26,2026,Bombus vosnesenskii,interactsWith,bee,general_interaction
Notholithocarpus densiflorus var. densiflorus,Notholithocarpus densiflorus,Fagaceae,Notholithocarpus,San Luis Obispo County,California,35.335372,-120.611336,2026-05-02,2026,Limenitis bredowii californica,interactsWith,butterfly,general_interaction
Notholithocarpus densiflorus var. densiflorus,Notholithocarpus densiflorus,Fagaceae,Notholithocarpus,San Luis Obispo County,California,35.335372,-120.611336,2026-05-02,2026,Colletes,interactsWith,bee,general_interaction
Notholithocarpus densiflorus var. densiflorus,Notholithocarpus densiflorus,Fagaceae,Notholithocarpus,San Luis Obispo County,California,35.335372,-120.611336,2026-05-02,2026,Halictus tripartitus,interactsWith,bee,general_interaction
Notholithocarpus densiflorus var. densiflorus,Notholithocarpus densiflorus,Fagaceae,Notholithocarpus,San Luis Obispo County,California,35.335372,-120.611336,2026-05-02,2026,Habrodais grunus,interactsWith,butterfly,general_interaction
Notholithocarpus densiflorus var. densiflorus,Notholithocarpus densiflorus,Fagaceae,Notholithocarpus,San Luis Obispo County,California,35.335372,-120.611336,2026-05-02,2026,Hylaeus,interactsWith,bee,general_interaction
Notholithocarpus densiflorus var. densiflorus,Notholithocarpus densiflorus,Fagaceae,Notholithocarpus,San Luis Obispo County,California,35.335372,-120.611336,2026-05-02,2026,Lasioglossum,interactsWith,bee,general_interaction
Hypericum perforatum subsp. perforatum,Hypericum perforatum,Hypericaceae,Hypericum,Nevada County,California,39.227512,-121.085494,2026-04-08,2026,Bombus vosnesenskii,interactsWith,bee,general_interaction
Acmispon americanus var. americanus,Acmispon americanus,Fabaceae,Acmispon,Los Angeles County,California,34.376788,-118.470017,2026-05-07,2026,Ashmeadiella cactorum basalis,pollinatedBy,bee,confirmed_pollination
Acmispon americanus var. americanus,Acmispon americanus,Fabaceae,Acmispon,Los Angeles County,California,34.376788,-118.470017,2026-05-07,2026,Anthidiellum robertsoni,pollinatedBy,bee,confirmed_pollination
Acmispon americanus var. americanus,Acmispon americanus,Fabaceae,Acmispon,Los Angeles County,California,34.376788,-118.470017,2026-05-07,2026,Megachile angelarum,pollinatedBy,bee,confirmed_pollination
Acmispon americanus var. americanus,Acmispon americanus,Fabaceae,Acmispon,Los Angeles County,California,34.376788,-118.470017,2026-05-07,2026,Megachile brevis,pollinatedBy,bee,confirmed_pollination
Acmispon americanus var. americanus,Acmispon americanus,Fabaceae,Acmispon,Los Angeles County,California,34.376788,-118.470017,2026-05-07,2026,Anthidiellum notatum,pollinatedBy,bee,confirmed_pollination
Acmispon americanus var. americanus,Acmispon americanus,Fabaceae,Acmispon,Los Angeles County,California,34.376788,-118.470017,2026-05-07,2026,Megachile coquilletti,interactsWith,bee,general_interaction
Acmispon americanus var. americanus,Acmispon americanus,Fabaceae,Acmispon,Los Angeles County,California,34.376788,-118.470017,2026-05-07,2026,Bombus occidentalis,interactsWith,bee,general_interaction
Acmispon americanus var. americanus,Acmispon americanus,Fabaceae,Acmispon,Los Angeles County,California,34.376788,-118.470017,2026-05-07,2026,Megachile,interactsWith,bee,general_interaction
Acmispon americanus var. americanus,Acmispon americanus,Fabaceae,Acmispon,Los Angeles County,California,34.376788,-118.470017,2026-05-07,2026,Anthidium edwardsii,interactsWith,bee,general_interaction
Brodiaea terrestris subsp. terrestris,Brodiaea terrestris,Asparagaceae,Brodiaea,Mendocino County,California,39.491988,-123.793778,2026-05-07,2026,Halictus tripartitus,interactsWith,bee,general_interaction
Brodiaea terrestris subsp. terrestris,Brodiaea terrestris,Asparagaceae,Brodiaea,Mendocino County,California,39.491988,-123.793778,2026-05-07,2026,Lasioglossum,interactsWith,bee,general_interaction
Brodiaea terrestris subsp. terrestris,Brodiaea terrestris,Asparagaceae,Brodiaea,Mendocino County,California,39.491988,-123.793778,2026-05-07,2026,Osmia nemoris,interactsWith,bee,general_interaction
Brodiaea terrestris subsp. terrestris,Brodiaea terrestris,Asparagaceae,Brodiaea,Mendocino County,California,39.491988,-123.793778,2026-05-07,2026,Dialictus,interactsWith,bee,general_interaction
Chrysothamnus viscidiflorus subsp. viscidiflorus,Chrysothamnus viscidiflorus,Asteraceae,Chrysothamnus,San Bernardino County,California,34.300032,-116.889407,2025-10-11,2025,Anthophora albata,interactsWith,bee,general_interaction
Chrysothamnus viscidiflorus subsp. viscidiflorus,Chrysothamnus viscidiflorus,Asteraceae,Chrysothamnus,San Bernardino County,California,34.300032,-116.889407,2025-10-11,2025,Diadasia enavata,interactsWith,bee,general_interaction
Eriophyllum confertiflorum var. confertiflorum,Eriophyllum confertiflorum,Asteraceae,Eriophyllum,San Luis Obispo County,California,35.274605,-120.096267,2025-05-03,2025,Dianthidium parvum schwarzi,interactsWith,bee,general_interaction
Eriophyllum confertiflorum var. confertiflorum,Eriophyllum confertiflorum,Asteraceae,Eriophyllum,San Luis Obispo County,California,35.274605,-120.096267,2025-05-03,2025,Epeolus howardi,interactsWith,bee,general_interaction
Eriophyllum confertiflorum var. confertiflorum,Eriophyllum confertiflorum,Asteraceae,Eriophyllum,San Luis Obispo County,California,35.274605,-120.096267,2025-05-03,2025,Melissodes lupina,interactsWith,bee,general_interaction
Eriophyllum confertiflorum var. confertiflorum,Eriophyllum confertiflorum,Asteraceae,Eriophyllum,San Luis Obispo County,California,35.274605,-120.096267,2025-05-03,2025,Ochlodes agricola,interactsWith,butterfly,general_interaction
Eriophyllum confertiflorum var. confertiflorum,Eriophyllum confertiflorum,Asteraceae,Eriophyllum,San Luis Obispo County,California,35.274605,-120.096267,2025-05-03,2025,Bombus melanopygus,interactsWith,bee,general_interaction
Eriophyllum confertiflorum var. confertiflorum,Eriophyllum confertiflorum,Asteraceae,Eriophyllum,San Luis Obispo County,California,35.274605,-120.096267,2025-05-03,2025,Chlosyne palla,interactsWith,butterfly,general_interaction
Eriophyllum confertiflorum var. confertiflorum,Eriophyllum confertiflorum,Asteraceae,Eriophyllum,San Luis Obispo County,California,35.274605,-120.096267,2025-05-03,2025,Sphecodes,interactsWith,bee,general_interaction
Eriophyllum confertiflorum var. confertiflorum,Eriophyllum confertiflorum,Asteraceae,Eriophyllum,San Luis Obispo County,California,35.274605,-120.096267,2025-05-03,2025,Lycaena gorgon,interactsWith,butterfly,general_interaction
Eriophyllum confertiflorum var. confertiflorum,Eriophyllum confertiflorum,Asteraceae,Eriophyllum,San Luis Obispo County,California,35.274605,-120.096267,2025-05-03,2025,Icaricia lupini,interactsWith,butterfly,general_interaction
Eriophyllum confertiflorum var. confertiflorum,Eriophyllum confertiflorum,Asteraceae,Eriophyllum,San Luis Obispo County,California,35.274605,-120.096267,2025-05-03,2025,Erynnis propertius,interactsWith,butterfly,general_interaction
Eriophyllum confertiflorum var. confertiflorum,Eriophyllum confertiflorum,Asteraceae,Eriophyllum,San Luis Obispo County,California,35.274605,-120.096267,2025-05-03,2025,Andrena,interactsWith,bee,general_interaction
Eriophyllum confertiflorum var. confertiflorum,Eriophyllum confertiflorum,Asteraceae,Eriophyllum,San Luis Obispo County,California,35.274605,-120.096267,2025-05-03,2025,Ashmeadiella,interactsWith,bee,general_interaction
Eriophyllum confertiflorum var. confertiflorum,Eriophyllum confertiflorum,Asteraceae,Eriophyllum,San Luis Obispo County,California,35.274605,-120.096267,2025-05-03,2025,Dialictus,interactsWith,bee,general_interaction
Eriophyllum confertiflorum var. confertiflorum,Eriophyllum confertiflorum,Asteraceae,Eriophyllum,San Luis Obispo County,California,35.274605,-120.096267,2025-05-03,2025,Apodemia mormo,interactsWith,butterfly,general_interaction
Eriophyllum confertiflorum var. confertiflorum,Eriophyllum confertiflorum,Asteraceae,Eriophyllum,San Luis Obispo County,California,35.274605,-120.096267,2025-05-03,2025,Andrena pallidifovea,interactsWith,bee,general_interaction
Eriophyllum confertiflorum var. confertiflorum,Eriophyllum confertiflorum,Asteraceae,Eriophyllum,San Luis Obispo County,California,35.274605,-120.096267,2025-05-03,2025,Ashmeadiella cubiceps,interactsWith,bee,general_interaction
Eriophyllum confertiflorum var. confertiflorum,Eriophyllum confertiflorum,Asteraceae,Eriophyllum,San Luis Obispo County,California,35.274605,-120.096267,2025-05-03,2025,Icaricia acmon,interactsWith,butterfly,general_interaction
Eriophyllum confertiflorum var. confertiflorum,Eriophyllum confertiflorum,Asteraceae,Eriophyllum,San Luis Obispo County,California,35.274605,-120.096267,2025-05-03,2025,Bombus vosnesenskii,interactsWith,bee,general_interaction
Eriophyllum confertiflorum var. confertiflorum,Eriophyllum confertiflorum,Asteraceae,Eriophyllum,San Luis Obispo County,California,35.274605,-120.096267,2025-05-03,2025,Heriades occidentalis,interactsWith,bee,general_interaction
Eriophyllum confertiflorum var. confertiflorum,Eriophyllum confertiflorum,Asteraceae,Eriophyllum,San Luis Obispo County,California,35.274605,-120.096267,2025-05-03,2025,Nomada,interactsWith,bee,general_interaction
Eriophyllum confertiflorum var. confertiflorum,Eriophyllum confertiflorum,Asteraceae,Eriophyllum,San Luis Obispo County,California,35.274605,-120.096267,2025-05-03,2025,Erynnis pacuvius,interactsWith,butterfly,general_interaction
Eriophyllum confertiflorum var. confertiflorum,Eriophyllum confertiflorum,Asteraceae,Eriophyllum,San Luis Obispo County,California,35.274605,-120.096267,2025-05-03,2025,Vanessa virginiensis,interactsWith,butterfly,general_interaction
Eriophyllum confertiflorum var. confertiflorum,Eriophyllum confertiflorum,Asteraceae,Eriophyllum,San Luis Obispo County,California,35.274605,-120.096267,2025-05-03,2025,Halictus tripartitus,interactsWith,bee,general_interaction
Eriophyllum confertiflorum var. confertiflorum,Eriophyllum confertiflorum,Asteraceae,Eriophyllum,San Luis Obispo County,California,35.274605,-120.096267,2025-05-03,2025,Epeolus compactus,interactsWith,bee,general_interaction
Eriophyllum confertiflorum var. confertiflorum,Eriophyllum confertiflorum,Asteraceae,Eriophyllum,San Luis Obispo County,California,35.274605,-120.096267,2025-05-03,2025,Vanessa cardui,interactsWith,butterfly,general_interaction
Eriophyllum confertiflorum var. confertiflorum,Eriophyllum confertiflorum,Asteraceae,Eriophyllum,San Luis Obispo County,California,35.274605,-120.096267,2025-05-03,2025,Hylaeus,interactsWith,bee,general_interaction
Ceanothus thyrsiflorus var. thyrsiflorus,Ceanothus thyrsiflorus,Rhamnaceae,Ceanothus,Humboldt County,California,40.873903,-124.077919,2025-01-15,2025,Andrena,interactsWith,bee,general_interaction
Ceanothus thyrsiflorus var. thyrsiflorus,Ceanothus thyrsiflorus,Rhamnaceae,Ceanothus,Humboldt County,California,40.873903,-124.077919,2025-01-15,2025,Callophrys dumetorum dumetorum,interactsWith,butterfly,general_interaction
Ceanothus thyrsiflorus var. thyrsiflorus,Ceanothus thyrsiflorus,Rhamnaceae,Ceanothus,Humboldt County,California,40.873903,-124.077919,2025-01-15,2025,Celastrina echo,interactsWith,butterfly,general_interaction
Ceanothus thyrsiflorus var. thyrsiflorus,Ceanothus thyrsiflorus,Rhamnaceae,Ceanothus,Humboldt County,California,40.873903,-124.077919,2025-01-15,2025,Nomada,interactsWith,bee,general_interaction
Ceanothus thyrsiflorus var. thyrsiflorus,Ceanothus thyrsiflorus,Rhamnaceae,Ceanothus,Humboldt County,California,40.873903,-124.077919,2025-01-15,2025,Dialictus,interactsWith,bee,general_interaction
Ceanothus thyrsiflorus var. thyrsiflorus,Ceanothus thyrsiflorus,Rhamnaceae,Ceanothus,Humboldt County,California,40.873903,-124.077919,2025-01-15,2025,Andrena chlorogaster,interactsWith,bee,general_interaction
Ceanothus thyrsiflorus var. thyrsiflorus,Ceanothus thyrsiflorus,Rhamnaceae,Ceanothus,Humboldt County,California,40.873903,-124.077919,2025-01-15,2025,Panurginus,interactsWith,bee,general_interaction
Ceanothus thyrsiflorus var. thyrsiflorus,Ceanothus thyrsiflorus,Rhamnaceae,Ceanothus,Humboldt County,California,40.873903,-124.077919,2025-01-15,2025,Hylaeus,interactsWith,bee,general_interaction
Ceanothus thyrsiflorus var. thyrsiflorus,Ceanothus thyrsiflorus,Rhamnaceae,Ceanothus,Humboldt County,California,40.873903,-124.077919,2025-01-15,2025,Andrena angustitarsata,interactsWith,bee,general_interaction
Quercus agrifolia var. agrifolia,Quercus agrifolia,Fagaceae,Quercus,San Mateo County,California,37.425036,-122.230952,2025-10-07,2025,Celastrina echo,interactsWith,butterfly,general_interaction
Quercus agrifolia var. agrifolia,Quercus agrifolia,Fagaceae,Quercus,San Mateo County,California,37.425036,-122.230952,2025-10-07,2025,Andrena,interactsWith,bee,general_interaction
Quercus agrifolia var. agrifolia,Quercus agrifolia,Fagaceae,Quercus,San Mateo County,California,37.425036,-122.230952,2025-10-07,2025,Apis mellifera,interactsWith,bee,general_interaction
Quercus agrifolia var. agrifolia,Quercus agrifolia,Fagaceae,Quercus,San Mateo County,California,37.425036,-122.230952,2025-10-07,2025,Lasioglossum,interactsWith,bee,general_interaction
Vicia sativa subsp. sativa,Vicia sativa,Fabaceae,Vicia,Monterey County,California,36.238422,-121.812958,2025-05-19,2025,Bombus melanopygus,interactsWith,bee,general_interaction
Phacelia cicutaria var. cicutaria,Phacelia cicutaria,Hydrophyllaceae,Phacelia,Amador County,California,38.289238,-120.766297,2026-04-17,2026,Chelostoma phaceliae,interactsWith,bee,general_interaction
Frangula californica subsp. californica,Frangula californica,Rhamnaceae,Frangula,Sonoma County,California,38.570675,-123.002547,2025-09-21,2025,Andrena (Andrena),interactsWith,bee,general_interaction
Frangula californica subsp. californica,Frangula californica,Rhamnaceae,Frangula,Sonoma County,California,38.570675,-123.002547,2025-09-21,2025,Bombus sitkensis,interactsWith,bee,general_interaction
Frangula californica subsp. californica,Frangula californica,Rhamnaceae,Frangula,Sonoma County,California,38.570675,-123.002547,2025-09-21,2025,Celastrina echo,interactsWith,butterfly,general_interaction
Frangula californica subsp. californica,Frangula californica,Rhamnaceae,Frangula,Sonoma County,California,38.570675,-123.002547,2025-09-21,2025,Phyciodes pulchella pulchella,interactsWith,butterfly,general_interaction
Frangula californica subsp. californica,Frangula californica,Rhamnaceae,Frangula,Sonoma County,California,38.570675,-123.002547,2025-09-21,2025,Apis mellifera,interactsWith,bee,general_interaction
Frangula californica subsp. californica,Frangula californica,Rhamnaceae,Frangula,Sonoma County,California,38.570675,-123.002547,2025-09-21,2025,Tharsalea arota,interactsWith,butterfly,general_interaction
Frangula californica subsp. californica,Frangula californica,Rhamnaceae,Frangula,Sonoma County,California,38.570675,-123.002547,2025-09-21,2025,Colletes slevini,interactsWith,bee,general_interaction
Frangula californica subsp. californica,Frangula californica,Rhamnaceae,Frangula,Sonoma County,California,38.570675,-123.002547,2025-09-21,2025,Lasioglossum pacificum,interactsWith,bee,general_interaction
Frangula californica subsp. californica,Frangula californica,Rhamnaceae,Frangula,Sonoma County,California,38.570675,-123.002547,2025-09-21,2025,Lasioglossum,interactsWith,bee,general_interaction
Frangula californica subsp. californica,Frangula californica,Rhamnaceae,Frangula,Sonoma County,California,38.570675,-123.002547,2025-09-21,2025,Bombus vosnesenskii,interactsWith,bee,general_interaction
Frangula californica subsp. californica,Frangula californica,Rhamnaceae,Frangula,Sonoma County,California,38.570675,-123.002547,2025-09-21,2025,Melissodes,interactsWith,bee,general_interaction
Frangula californica subsp. californica,Frangula californica,Rhamnaceae,Frangula,Sonoma County,California,38.570675,-123.002547,2025-09-21,2025,Andrena cerasifolii,interactsWith,bee,general_interaction
Frangula californica subsp. californica,Frangula californica,Rhamnaceae,Frangula,Sonoma County,California,38.570675,-123.002547,2025-09-21,2025,Bombus flavifrons,interactsWith,bee,general_interaction
Frangula californica subsp. californica,Frangula californica,Rhamnaceae,Frangula,Sonoma County,California,38.570675,-123.002547,2025-09-21,2025,Hylaeus,interactsWith,bee,general_interaction
Frangula californica subsp. californica,Frangula californica,Rhamnaceae,Frangula,Sonoma County,California,38.570675,-123.002547,2025-09-21,2025,Andrena,interactsWith,bee,general_interaction
Frangula californica subsp. californica,Frangula californica,Rhamnaceae,Frangula,Sonoma County,California,38.570675,-123.002547,2025-09-21,2025,Bombus melanopygus,interactsWith,bee,general_interaction
Frangula californica subsp. californica,Frangula californica,Rhamnaceae,Frangula,Sonoma County,California,38.570675,-123.002547,2025-09-21,2025,Bombus caliginosus,interactsWith,bee,general_interaction
Frangula californica subsp. californica,Frangula californica,Rhamnaceae,Frangula,Sonoma County,California,38.570675,-123.002547,2025-09-21,2025,Nomada,interactsWith,bee,general_interaction
Frangula californica subsp. californica,Frangula californica,Rhamnaceae,Frangula,Riverside County,California,33.792061,-117.551942,2025-04-19,2025,Andrena (Andrena),interactsWith,bee,general_interaction
Frangula californica subsp. californica,Frangula californica,Rhamnaceae,Frangula,Riverside County,California,33.792061,-117.551942,2025-04-19,2025,Bombus sitkensis,interactsWith,bee,general_interaction
Frangula californica subsp. californica,Frangula californica,Rhamnaceae,Frangula,Riverside County,California,33.792061,-117.551942,2025-04-19,2025,Celastrina echo,interactsWith,butterfly,general_interaction
Frangula californica subsp. californica,Frangula californica,Rhamnaceae,Frangula,Riverside County,California,33.792061,-117.551942,2025-04-19,2025,Phyciodes pulchella pulchella,interactsWith,butterfly,general_interaction
Frangula californica subsp. californica,Frangula californica,Rhamnaceae,Frangula,Riverside County,California,33.792061,-117.551942,2025-04-19,2025,Apis mellifera,interactsWith,bee,general_interaction
Frangula californica subsp. californica,Frangula californica,Rhamnaceae,Frangula,Riverside County,California,33.792061,-117.551942,2025-04-19,2025,Tharsalea arota,interactsWith,butterfly,general_interaction
Frangula californica subsp. californica,Frangula californica,Rhamnaceae,Frangula,Riverside County,California,33.792061,-117.551942,2025-04-19,2025,Colletes slevini,interactsWith,bee,general_interaction
Frangula californica subsp. californica,Frangula californica,Rhamnaceae,Frangula,Riverside County,California,33.792061,-117.551942,2025-04-19,2025,Lasioglossum pacificum,interactsWith,bee,general_interaction
Frangula californica subsp. californica,Frangula californica,Rhamnaceae,Frangula,Riverside County,California,33.792061,-117.551942,2025-04-19,2025,Lasioglossum,interactsWith,bee,general_interaction
Frangula californica subsp. californica,Frangula californica,Rhamnaceae,Frangula,Riverside County,California,33.792061,-117.551942,2025-04-19,2025,Bombus vosnesenskii,interactsWith,bee,general_interaction
Frangula californica subsp. californica,Frangula californica,Rhamnaceae,Frangula,Riverside County,California,33.792061,-117.551942,2025-04-19,2025,Melissodes,interactsWith,bee,general_interaction
Frangula californica subsp. californica,Frangula californica,Rhamnaceae,Frangula,Riverside County,California,33.792061,-117.551942,2025-04-19,2025,Andrena cerasifolii,interactsWith,bee,general_interaction
Frangula californica subsp. californica,Frangula californica,Rhamnaceae,Frangula,Riverside County,California,33.792061,-117.551942,2025-04-19,2025,Bombus flavifrons,interactsWith,bee,general_interaction
Frangula californica subsp. californica,Frangula californica,Rhamnaceae,Frangula,Riverside County,California,33.792061,-117.551942,2025-04-19,2025,Hylaeus,interactsWith,bee,general_interaction
Frangula californica subsp. californica,Frangula californica,Rhamnaceae,Frangula,Riverside County,California,33.792061,-117.551942,2025-04-19,2025,Andrena,interactsWith,bee,general_interaction
Frangula californica subsp. californica,Frangula californica,Rhamnaceae,Frangula,Riverside County,California,33.792061,-117.551942,2025-04-19,2025,Bombus melanopygus,interactsWith,bee,general_interaction
Frangula californica subsp. californica,Frangula californica,Rhamnaceae,Frangula,Riverside County,California,33.792061,-117.551942,2025-04-19,2025,Bombus caliginosus,interactsWith,bee,general_interaction
Frangula californica subsp. californica,Frangula californica,Rhamnaceae,Frangula,Riverside County,California,33.792061,-117.551942,2025-04-19,2025,Nomada,interactsWith,bee,general_interaction
Erysimum capitatum var. capitatum,Erysimum capitatum,Brassicaceae,Erysimum,Ventura County,California,34.511336,-119.273321,2025-04-09,2025,Andrena cressonii infasciata,visitedBy,bee,confirmed_pollination
Erysimum capitatum var. capitatum,Erysimum capitatum,Brassicaceae,Erysimum,Ventura County,California,34.511336,-119.273321,2025-04-09,2025,Lasioglossum sisymbrii,interactsWith,bee,general_interaction
Erysimum capitatum var. capitatum,Erysimum capitatum,Brassicaceae,Erysimum,Ventura County,California,34.511336,-119.273321,2025-04-09,2025,Lasioglossum semicaeruleum,interactsWith,bee,general_interaction
Erysimum capitatum var. capitatum,Erysimum capitatum,Brassicaceae,Erysimum,Ventura County,California,34.511336,-119.273321,2025-04-09,2025,Osmia cordata,interactsWith,bee,general_interaction
Erysimum capitatum var. capitatum,Erysimum capitatum,Brassicaceae,Erysimum,Ventura County,California,34.511336,-119.273321,2025-04-09,2025,Lasioglossum trizonatum,interactsWith,bee,general_interaction
Erysimum capitatum var. capitatum,Erysimum capitatum,Brassicaceae,Erysimum,Ventura County,California,34.511336,-119.273321,2025-04-09,2025,Lasioglossum albipenne,interactsWith,bee,general_interaction
Triphysaria eriantha subsp. eriantha,Triphysaria eriantha,Orobanchaceae,Triphysaria,Madera County,California,37.080367,-119.88343,2025-03-09,2025,Andrena,interactsWith,bee,general_interaction
Triphysaria eriantha subsp. eriantha,Triphysaria eriantha,Orobanchaceae,Triphysaria,Madera County,California,37.080367,-119.88343,2025-03-09,2025,Andrena microchlora,interactsWith,bee,general_interaction
Sidalcea hickmanii subsp. hickmanii,Sidalcea hickmanii,Malvaceae,Sidalcea,Santa Cruz County,California,37.014662,-121.989582,2026-05-14,2026,Anthophora,flowersVisitedBy,bee,confirmed_pollination
Sidalcea hickmanii subsp. hickmanii,Sidalcea hickmanii,Malvaceae,Sidalcea,Santa Cruz County,California,37.014662,-121.989582,2026-05-14,2026,Melissodes,flowersVisitedBy,bee,confirmed_pollination
Sidalcea hickmanii subsp. hickmanii,Sidalcea hickmanii,Malvaceae,Sidalcea,Santa Cruz County,California,37.014662,-121.989582,2026-05-14,2026,Halictus,flowersVisitedBy,bee,confirmed_pollination
Sidalcea hickmanii subsp. hickmanii,Sidalcea hickmanii,Malvaceae,Sidalcea,Santa Cruz County,California,37.014662,-121.989582,2026-05-14,2026,Megachile,flowersVisitedBy,bee,confirmed_pollination
Vicia sativa subsp. sativa,Vicia sativa,Fabaceae,Vicia,Napa County,California,38.181167,-122.274672,2025-04-10,2025,Bombus melanopygus,interactsWith,bee,general_interaction
Chylismia brevipes subsp. brevipes,Chylismia brevipes,Onagraceae,Chylismia,Riverside County,California,33.71795,-115.80915,2026-02-11,2026,Anthophora (Paramegilla) centriformis,interactsWith,bee,general_interaction
Chylismia brevipes subsp. brevipes,Chylismia brevipes,Onagraceae,Chylismia,Riverside County,California,33.71795,-115.80915,2026-02-11,2026,Anthophora (Heliophila) abroniae,interactsWith,bee,general_interaction
Chylismia brevipes subsp. brevipes,Chylismia brevipes,Onagraceae,Chylismia,Riverside County,California,33.71795,-115.80915,2026-02-11,2026,Anthophora (Heliophila) hololeuca,interactsWith,bee,general_interaction
Chylismia brevipes subsp. brevipes,Chylismia brevipes,Onagraceae,Chylismia,Riverside County,California,33.71795,-115.80915,2026-02-11,2026,Anthophora hololeuca,interactsWith,bee,general_interaction
Nemophila menziesii var. menziesii,Nemophila menziesii,Hydrophyllaceae,Nemophila,Placer County,California,38.791291,-121.24859,2025-03-10,2025,Andrena bucculenta,interactsWith,bee,general_interaction
Nemophila menziesii var. menziesii,Nemophila menziesii,Hydrophyllaceae,Nemophila,Placer County,California,38.791291,-121.24859,2025-03-10,2025,Andrena (Andrena),interactsWith,bee,general_interaction
Nemophila menziesii var. menziesii,Nemophila menziesii,Hydrophyllaceae,Nemophila,Placer County,California,38.791291,-121.24859,2025-03-10,2025,Andrena nemophilae,interactsWith,bee,general_interaction
Nemophila menziesii var. menziesii,Nemophila menziesii,Hydrophyllaceae,Nemophila,Placer County,California,38.791291,-121.24859,2025-03-10,2025,Andrena crudeni,interactsWith,bee,general_interaction
Nemophila menziesii var. menziesii,Nemophila menziesii,Hydrophyllaceae,Nemophila,Placer County,California,38.791291,-121.24859,2025-03-10,2025,Osmia glauca,interactsWith,bee,general_interaction
Nemophila menziesii var. menziesii,Nemophila menziesii,Hydrophyllaceae,Nemophila,Placer County,California,38.791291,-121.24859,2025-03-10,2025,Hoplitis biscutellae,interactsWith,bee,general_interaction
Nemophila menziesii var. menziesii,Nemophila menziesii,Hydrophyllaceae,Nemophila,Placer County,California,38.791291,-121.24859,2025-03-10,2025,Andrena angustitarsata,interactsWith,bee,general_interaction
Nemophila menziesii var. menziesii,Nemophila menziesii,Hydrophyllaceae,Nemophila,Placer County,California,38.791291,-121.24859,2025-03-10,2025,Lasioglossum titusi,interactsWith,bee,general_interaction
Nemophila menziesii var. menziesii,Nemophila menziesii,Hydrophyllaceae,Nemophila,Placer County,California,38.791291,-121.24859,2025-03-10,2025,Andrena nigrocaerulea,interactsWith,bee,general_interaction
Nemophila menziesii var. menziesii,Nemophila menziesii,Hydrophyllaceae,Nemophila,Placer County,California,38.791291,-121.24859,2025-03-10,2025,Osmia,interactsWith,bee,general_interaction
Nemophila menziesii var. menziesii,Nemophila menziesii,Hydrophyllaceae,Nemophila,Placer County,California,38.791291,-121.24859,2025-03-10,2025,Hoplitis fulgida,interactsWith,bee,general_interaction
Nemophila menziesii var. menziesii,Nemophila menziesii,Hydrophyllaceae,Nemophila,Placer County,California,38.791291,-121.24859,2025-03-10,2025,Osmia lignaria,interactsWith,bee,general_interaction
Nemophila menziesii var. menziesii,Nemophila menziesii,Hydrophyllaceae,Nemophila,Placer County,California,38.791291,-121.24859,2025-03-10,2025,Lasioglossum,interactsWith,bee,general_interaction
Nemophila menziesii var. menziesii,Nemophila menziesii,Hydrophyllaceae,Nemophila,Placer County,California,38.791291,-121.24859,2025-03-10,2025,Andrena orthocarpi,interactsWith,bee,general_interaction
Nemophila menziesii var. menziesii,Nemophila menziesii,Hydrophyllaceae,Nemophila,Placer County,California,38.791291,-121.24859,2025-03-10,2025,Andrena cerasifolii,interactsWith,bee,general_interaction
Nemophila menziesii var. menziesii,Nemophila menziesii,Hydrophyllaceae,Nemophila,Placer County,California,38.791291,-121.24859,2025-03-10,2025,Andrena suavis,interactsWith,bee,general_interaction
Nemophila menziesii var. menziesii,Nemophila menziesii,Hydrophyllaceae,Nemophila,Placer County,California,38.791291,-121.24859,2025-03-10,2025,Andrena,interactsWith,bee,general_interaction
Nemophila menziesii var. menziesii,Nemophila menziesii,Hydrophyllaceae,Nemophila,Placer County,California,38.791291,-121.24859,2025-03-10,2025,Bombus vosnesenskii,interactsWith,bee,general_interaction
Nemophila menziesii var. menziesii,Nemophila menziesii,Hydrophyllaceae,Nemophila,Placer County,California,38.791291,-121.24859,2025-03-10,2025,Andrena candida,interactsWith,bee,general_interaction
Nemophila menziesii var. menziesii,Nemophila menziesii,Hydrophyllaceae,Nemophila,Placer County,California,38.791291,-121.24859,2025-03-10,2025,Andrena nigripes,interactsWith,bee,general_interaction
Nemophila menziesii var. menziesii,Nemophila menziesii,Hydrophyllaceae,Nemophila,Placer County,California,38.791291,-121.24859,2025-03-10,2025,Andrena viridissima,interactsWith,bee,general_interaction
Nemophila menziesii var. menziesii,Nemophila menziesii,Hydrophyllaceae,Nemophila,Placer County,California,38.791291,-121.24859,2025-03-10,2025,Osmia nemoris,interactsWith,bee,general_interaction
Nemophila menziesii var. menziesii,Nemophila menziesii,Hydrophyllaceae,Nemophila,Placer County,California,38.791291,-121.24859,2025-03-10,2025,Hoplitis,interactsWith,bee,general_interaction
Nemophila menziesii var. menziesii,Nemophila menziesii,Hydrophyllaceae,Nemophila,Placer County,California,38.791291,-121.24859,2025-03-10,2025,Andrena cressonii,interactsWith,bee,general_interaction
Eriophyllum confertiflorum var. confertiflorum,Eriophyllum confertiflorum,Asteraceae,Eriophyllum,Monterey County,California,36.483361,-121.188945,2025-10-02,2025,Dianthidium parvum schwarzi,interactsWith,bee,general_interaction
Eriophyllum confertiflorum var. confertiflorum,Eriophyllum confertiflorum,Asteraceae,Eriophyllum,Monterey County,California,36.483361,-121.188945,2025-10-02,2025,Epeolus howardi,interactsWith,bee,general_interaction
Eriophyllum confertiflorum var. confertiflorum,Eriophyllum confertiflorum,Asteraceae,Eriophyllum,Monterey County,California,36.483361,-121.188945,2025-10-02,2025,Melissodes lupina,interactsWith,bee,general_interaction
Eriophyllum confertiflorum var. confertiflorum,Eriophyllum confertiflorum,Asteraceae,Eriophyllum,Monterey County,California,36.483361,-121.188945,2025-10-02,2025,Ochlodes agricola,interactsWith,butterfly,general_interaction
Eriophyllum confertiflorum var. confertiflorum,Eriophyllum confertiflorum,Asteraceae,Eriophyllum,Monterey County,California,36.483361,-121.188945,2025-10-02,2025,Bombus melanopygus,interactsWith,bee,general_interaction
Eriophyllum confertiflorum var. confertiflorum,Eriophyllum confertiflorum,Asteraceae,Eriophyllum,Monterey County,California,36.483361,-121.188945,2025-10-02,2025,Chlosyne palla,interactsWith,butterfly,general_interaction
Eriophyllum confertiflorum var. confertiflorum,Eriophyllum confertiflorum,Asteraceae,Eriophyllum,Monterey County,California,36.483361,-121.188945,2025-10-02,2025,Sphecodes,interactsWith,bee,general_interaction
Eriophyllum confertiflorum var. confertiflorum,Eriophyllum confertiflorum,Asteraceae,Eriophyllum,Monterey County,California,36.483361,-121.188945,2025-10-02,2025,Lycaena gorgon,interactsWith,butterfly,general_interaction
Eriophyllum confertiflorum var. confertiflorum,Eriophyllum confertiflorum,Asteraceae,Eriophyllum,Monterey County,California,36.483361,-121.188945,2025-10-02,2025,Icaricia lupini,interactsWith,butterfly,general_interaction
Eriophyllum confertiflorum var. confertiflorum,Eriophyllum confertiflorum,Asteraceae,Eriophyllum,Monterey County,California,36.483361,-121.188945,2025-10-02,2025,Erynnis propertius,interactsWith,butterfly,general_interaction
Eriophyllum confertiflorum var. confertiflorum,Eriophyllum confertiflorum,Asteraceae,Eriophyllum,Monterey County,California,36.483361,-121.188945,2025-10-02,2025,Andrena,interactsWith,bee,general_interaction
Eriophyllum confertiflorum var. confertiflorum,Eriophyllum confertiflorum,Asteraceae,Eriophyllum,Monterey County,California,36.483361,-121.188945,2025-10-02,2025,Ashmeadiella,interactsWith,bee,general_interaction
Eriophyllum confertiflorum var. confertiflorum,Eriophyllum confertiflorum,Asteraceae,Eriophyllum,Monterey County,California,36.483361,-121.188945,2025-10-02,2025,Dialictus,interactsWith,bee,general_interaction
Eriophyllum confertiflorum var. confertiflorum,Eriophyllum confertiflorum,Asteraceae,Eriophyllum,Monterey County,California,36.483361,-121.188945,2025-10-02,2025,Apodemia mormo,interactsWith,butterfly,general_interaction
Eriophyllum confertiflorum var. confertiflorum,Eriophyllum confertiflorum,Asteraceae,Eriophyllum,Monterey County,California,36.483361,-121.188945,2025-10-02,2025,Andrena pallidifovea,interactsWith,bee,general_interaction
Eriophyllum confertiflorum var. confertiflorum,Eriophyllum confertiflorum,Asteraceae,Eriophyllum,Monterey County,California,36.483361,-121.188945,2025-10-02,2025,Ashmeadiella cubiceps,interactsWith,bee,general_interaction
Eriophyllum confertiflorum var. confertiflorum,Eriophyllum confertiflorum,Asteraceae,Eriophyllum,Monterey County,California,36.483361,-121.188945,2025-10-02,2025,Icaricia acmon,interactsWith,butterfly,general_interaction
Eriophyllum confertiflorum var. confertiflorum,Eriophyllum confertiflorum,Asteraceae,Eriophyllum,Monterey County,California,36.483361,-121.188945,2025-10-02,2025,Bombus vosnesenskii,interactsWith,bee,general_interaction
Eriophyllum confertiflorum var. confertiflorum,Eriophyllum confertiflorum,Asteraceae,Eriophyllum,Monterey County,California,36.483361,-121.188945,2025-10-02,2025,Heriades occidentalis,interactsWith,bee,general_interaction
Eriophyllum confertiflorum var. confertiflorum,Eriophyllum confertiflorum,Asteraceae,Eriophyllum,Monterey County,California,36.483361,-121.188945,2025-10-02,2025,Nomada,interactsWith,bee,general_interaction
Eriophyllum confertiflorum var. confertiflorum,Eriophyllum confertiflorum,Asteraceae,Eriophyllum,Monterey County,California,36.483361,-121.188945,2025-10-02,2025,Erynnis pacuvius,interactsWith,butterfly,general_interaction
Eriophyllum confertiflorum var. confertiflorum,Eriophyllum confertiflorum,Asteraceae,Eriophyllum,Monterey County,California,36.483361,-121.188945,2025-10-02,2025,Vanessa virginiensis,interactsWith,butterfly,general_interaction
Eriophyllum confertiflorum var. confertiflorum,Eriophyllum confertiflorum,Asteraceae,Eriophyllum,Monterey County,California,36.483361,-121.188945,2025-10-02,2025,Halictus tripartitus,interactsWith,bee,general_interaction
Eriophyllum confertiflorum var. confertiflorum,Eriophyllum confertiflorum,Asteraceae,Eriophyllum,Monterey County,California,36.483361,-121.188945,2025-10-02,2025,Epeolus compactus,interactsWith,bee,general_interaction
Eriophyllum confertiflorum var. confertiflorum,Eriophyllum confertiflorum,Asteraceae,Eriophyllum,Monterey County,California,36.483361,-121.188945,2025-10-02,2025,Vanessa cardui,interactsWith,butterfly,general_interaction
Eriophyllum confertiflorum var. confertiflorum,Eriophyllum confertiflorum,Asteraceae,Eriophyllum,Monterey County,California,36.483361,-121.188945,2025-10-02,2025,Hylaeus,interactsWith,bee,general_interaction
Calystegia purpurata subsp. purpurata,Convolvulus purpuratus,Convolvulaceae,Convolvulus,Contra Costa County,California,37.822833,-122.050278,2025-06-21,2025,Poanes melane,interactsWith,butterfly,general_interaction
Calystegia purpurata subsp. purpurata,Convolvulus purpuratus,Convolvulaceae,Convolvulus,Contra Costa County,California,37.822833,-122.050278,2025-06-21,2025,Apis mellifera,interactsWith,bee,general_interaction
Calystegia purpurata subsp. purpurata,Convolvulus purpuratus,Convolvulaceae,Convolvulus,Contra Costa County,California,37.822833,-122.050278,2025-06-21,2025,Bombus vosnesenskii,interactsWith,bee,general_interaction
Calystegia purpurata subsp. purpurata,Convolvulus purpuratus,Convolvulaceae,Convolvulus,Contra Costa County,California,37.822833,-122.050278,2025-06-21,2025,Agapostemon texanus,interactsWith,bee,general_interaction
Calystegia purpurata subsp. purpurata,Convolvulus purpuratus,Convolvulaceae,Convolvulus,Contra Costa County,California,37.822833,-122.050278,2025-06-21,2025,Bombus melanopygus,interactsWith,bee,general_interaction
Calystegia purpurata subsp. purpurata,Convolvulus purpuratus,Convolvulaceae,Convolvulus,Contra Costa County,California,37.822833,-122.050278,2025-06-21,2025,Bombus caliginosus,interactsWith,bee,general_interaction
Calystegia purpurata subsp. purpurata,Convolvulus purpuratus,Convolvulaceae,Convolvulus,Contra Costa County,California,37.822833,-122.050278,2025-06-21,2025,Diadasia bituberculata,interactsWith,bee,general_interaction
Calystegia purpurata subsp. purpurata,Convolvulus purpuratus,Convolvulaceae,Convolvulus,Contra Costa County,California,37.822833,-122.050278,2025-06-21,2025,Megachile perihirta,interactsWith,bee,general_interaction
Clarkia amoena subsp. amoena,Clarkia amoena,Onagraceae,Clarkia,Marin County,California,38.017558,-122.66893,2025-07-27,2025,Anthidium banningense,interactsWith,bee,general_interaction
Clarkia amoena subsp. amoena,Clarkia amoena,Onagraceae,Clarkia,Marin County,California,38.017558,-122.66893,2025-07-27,2025,Anthidium utahense,interactsWith,bee,general_interaction
Clarkia amoena subsp. amoena,Clarkia amoena,Onagraceae,Clarkia,Marin County,California,38.017558,-122.66893,2025-07-27,2025,Bombus vosnesenskii,interactsWith,bee,general_interaction
Brodiaea elegans subsp. elegans,Brodiaea elegans,Asparagaceae,Brodiaea,Fresno County,California,36.984805,-119.023903,2025-07-08,2025,Strymon melinus,interactsWith,butterfly,general_interaction
Brodiaea elegans subsp. elegans,Brodiaea elegans,Asparagaceae,Brodiaea,Fresno County,California,36.984805,-119.023903,2025-07-08,2025,Anthophora urbana,interactsWith,bee,general_interaction
Brodiaea elegans subsp. elegans,Brodiaea elegans,Asparagaceae,Brodiaea,Fresno County,California,36.984805,-119.023903,2025-07-08,2025,Halictus tripartitus,interactsWith,bee,general_interaction
Brodiaea elegans subsp. elegans,Brodiaea elegans,Asparagaceae,Brodiaea,Fresno County,California,36.984805,-119.023903,2025-07-08,2025,Lasioglossum incompletum,interactsWith,bee,general_interaction
Vicia villosa subsp. villosa,Vicia villosa,Fabaceae,Vicia,Alameda County,California,37.721109,-122.044035,2026-03-31,2026,Bombus californicus,interactsWith,bee,general_interaction
Vicia villosa subsp. villosa,Vicia villosa,Fabaceae,Vicia,Alameda County,California,37.721109,-122.044035,2026-03-31,2026,Bombus vosnesenskii,interactsWith,bee,general_interaction
Calystegia subacaulis subsp. subacaulis,Convolvulus thellungianus,Convolvulaceae,Convolvulus,Monterey County,California,36.674369,-121.795924,2025-05-05,2025,Diadasia bituberculata,interactsWith,bee,general_interaction
Ceanothus cuneatus var. cuneatus,Ceanothus cuneatus,Rhamnaceae,Ceanothus,Kern County,California,35.675103,-118.221942,2025-02-08,2025,Panurginus,interactsWith,bee,general_interaction
Ceanothus cuneatus var. cuneatus,Ceanothus cuneatus,Rhamnaceae,Ceanothus,Kern County,California,35.675103,-118.221942,2025-02-08,2025,Celastrina echo,interactsWith,butterfly,general_interaction
Ceanothus cuneatus var. cuneatus,Ceanothus cuneatus,Rhamnaceae,Ceanothus,Kern County,California,35.675103,-118.221942,2025-02-08,2025,Andrena,interactsWith,bee,general_interaction
Ceanothus thyrsiflorus var. thyrsiflorus,Ceanothus thyrsiflorus,Rhamnaceae,Ceanothus,Santa Clara County,California,37.231645,-122.09749,2025-06-08,2025,Andrena,interactsWith,bee,general_interaction
Ceanothus thyrsiflorus var. thyrsiflorus,Ceanothus thyrsiflorus,Rhamnaceae,Ceanothus,Santa Clara County,California,37.231645,-122.09749,2025-06-08,2025,Callophrys dumetorum dumetorum,interactsWith,butterfly,general_interaction
Ceanothus thyrsiflorus var. thyrsiflorus,Ceanothus thyrsiflorus,Rhamnaceae,Ceanothus,Santa Clara County,California,37.231645,-122.09749,2025-06-08,2025,Celastrina echo,interactsWith,butterfly,general_interaction
Ceanothus thyrsiflorus var. thyrsiflorus,Ceanothus thyrsiflorus,Rhamnaceae,Ceanothus,Santa Clara County,California,37.231645,-122.09749,2025-06-08,2025,Nomada,interactsWith,bee,general_interaction
Ceanothus thyrsiflorus var. thyrsiflorus,Ceanothus thyrsiflorus,Rhamnaceae,Ceanothus,Santa Clara County,California,37.231645,-122.09749,2025-06-08,2025,Dialictus,interactsWith,bee,general_interaction
Ceanothus thyrsiflorus var. thyrsiflorus,Ceanothus thyrsiflorus,Rhamnaceae,Ceanothus,Santa Clara County,California,37.231645,-122.09749,2025-06-08,2025,Andrena chlorogaster,interactsWith,bee,general_interaction
Ceanothus thyrsiflorus var. thyrsiflorus,Ceanothus thyrsiflorus,Rhamnaceae,Ceanothus,Santa Clara County,California,37.231645,-122.09749,2025-06-08,2025,Panurginus,interactsWith,bee,general_interaction
Ceanothus thyrsiflorus var. thyrsiflorus,Ceanothus thyrsiflorus,Rhamnaceae,Ceanothus,Santa Clara County,California,37.231645,-122.09749,2025-06-08,2025,Hylaeus,interactsWith,bee,general_interaction
Ceanothus thyrsiflorus var. thyrsiflorus,Ceanothus thyrsiflorus,Rhamnaceae,Ceanothus,Santa Clara County,California,37.231645,-122.09749,2025-06-08,2025,Andrena angustitarsata,interactsWith,bee,general_interaction
Acmispon americanus var. americanus,Acmispon americanus,Fabaceae,Acmispon,Butte County,California,39.553505,-121.431687,2026-04-26,2026,Ashmeadiella cactorum basalis,pollinatedBy,bee,confirmed_pollination
Acmispon americanus var. americanus,Acmispon americanus,Fabaceae,Acmispon,Butte County,California,39.553505,-121.431687,2026-04-26,2026,Anthidiellum robertsoni,pollinatedBy,bee,confirmed_pollination
Acmispon americanus var. americanus,Acmispon americanus,Fabaceae,Acmispon,Butte County,California,39.553505,-121.431687,2026-04-26,2026,Megachile angelarum,pollinatedBy,bee,confirmed_pollination
Acmispon americanus var. americanus,Acmispon americanus,Fabaceae,Acmispon,Butte County,California,39.553505,-121.431687,2026-04-26,2026,Megachile brevis,pollinatedBy,bee,confirmed_pollination
Acmispon americanus var. americanus,Acmispon americanus,Fabaceae,Acmispon,Butte County,California,39.553505,-121.431687,2026-04-26,2026,Anthidiellum notatum,pollinatedBy,bee,confirmed_pollination
Acmispon americanus var. americanus,Acmispon americanus,Fabaceae,Acmispon,Butte County,California,39.553505,-121.431687,2026-04-26,2026,Megachile coquilletti,interactsWith,bee,general_interaction
Acmispon americanus var. americanus,Acmispon americanus,Fabaceae,Acmispon,Butte County,California,39.553505,-121.431687,2026-04-26,2026,Bombus occidentalis,interactsWith,bee,general_interaction
Acmispon americanus var. americanus,Acmispon americanus,Fabaceae,Acmispon,Butte County,California,39.553505,-121.431687,2026-04-26,2026,Megachile,interactsWith,bee,general_interaction
Acmispon americanus var. americanus,Acmispon americanus,Fabaceae,Acmispon,Butte County,California,39.553505,-121.431687,2026-04-26,2026,Anthidium edwardsii,interactsWith,bee,general_interaction
Acmispon americanus var. americanus,Acmispon americanus,Fabaceae,Acmispon,Mariposa County,California,37.960239,-119.529547,2025-06-25,2025,Ashmeadiella cactorum basalis,pollinatedBy,bee,confirmed_pollination
Acmispon americanus var. americanus,Acmispon americanus,Fabaceae,Acmispon,Mariposa County,California,37.960239,-119.529547,2025-06-25,2025,Anthidiellum robertsoni,pollinatedBy,bee,confirmed_pollination
Acmispon americanus var. americanus,Acmispon americanus,Fabaceae,Acmispon,Mariposa County,California,37.960239,-119.529547,2025-06-25,2025,Megachile angelarum,pollinatedBy,bee,confirmed_pollination
Acmispon americanus var. americanus,Acmispon americanus,Fabaceae,Acmispon,Mariposa County,California,37.960239,-119.529547,2025-06-25,2025,Megachile brevis,pollinatedBy,bee,confirmed_pollination
Acmispon americanus var. americanus,Acmispon americanus,Fabaceae,Acmispon,Mariposa County,California,37.960239,-119.529547,2025-06-25,2025,Anthidiellum notatum,pollinatedBy,bee,confirmed_pollination
Acmispon americanus var. americanus,Acmispon americanus,Fabaceae,Acmispon,Mariposa County,California,37.960239,-119.529547,2025-06-25,2025,Megachile coquilletti,interactsWith,bee,general_interaction
Acmispon americanus var. americanus,Acmispon americanus,Fabaceae,Acmispon,Mariposa County,California,37.960239,-119.529547,2025-06-25,2025,Bombus occidentalis,interactsWith,bee,general_interaction
Acmispon americanus var. americanus,Acmispon americanus,Fabaceae,Acmispon,Mariposa County,California,37.960239,-119.529547,2025-06-25,2025,Megachile,interactsWith,bee,general_interaction
Acmispon americanus var. americanus,Acmispon americanus,Fabaceae,Acmispon,Mariposa County,California,37.960239,-119.529547,2025-06-25,2025,Anthidium edwardsii,interactsWith,bee,general_interaction
Hibiscus trionum,Hibiscus trionum,Malvaceae,Hibiscus,San Joaquin County,California,38.043547,-121.299028,2025-07-23,2025,Lasioglossum pauxillum,pollinatedBy,bee,confirmed_pollination
Hibiscus trionum,Hibiscus trionum,Malvaceae,Hibiscus,San Joaquin County,California,38.043547,-121.299028,2025-07-23,2025,Andrena andrenoides,pollinatedBy,bee,confirmed_pollination
Hibiscus trionum,Hibiscus trionum,Malvaceae,Hibiscus,San Joaquin County,California,38.043547,-121.299028,2025-07-23,2025,Sphecodes smilacinae,pollinatedBy,bee,confirmed_pollination
Hibiscus trionum,Hibiscus trionum,Malvaceae,Hibiscus,San Joaquin County,California,38.043547,-121.299028,2025-07-23,2025,Halictus ligatus,pollinatedBy,bee,confirmed_pollination
Hibiscus trionum,Hibiscus trionum,Malvaceae,Hibiscus,San Joaquin County,California,38.043547,-121.299028,2025-07-23,2025,Colletes nudus,pollinatedBy,bee,confirmed_pollination
Hibiscus trionum,Hibiscus trionum,Malvaceae,Hibiscus,San Joaquin County,California,38.043547,-121.299028,2025-07-23,2025,Holcopasites heliopsis,pollinatedBy,bee,confirmed_pollination
Hibiscus trionum,Hibiscus trionum,Malvaceae,Hibiscus,San Joaquin County,California,38.043547,-121.299028,2025-07-23,2025,Andrena aliciae,pollinatedBy,bee,confirmed_pollination
Hibiscus trionum,Hibiscus trionum,Malvaceae,Hibiscus,San Joaquin County,California,38.043547,-121.299028,2025-07-23,2025,Lasioglossum platyparius,pollinatedBy,bee,confirmed_pollination
Hibiscus trionum,Hibiscus trionum,Malvaceae,Hibiscus,San Joaquin County,California,38.043547,-121.299028,2025-07-23,2025,Bombus auricomus,flowersVisitedBy,bee,confirmed_pollination
Hibiscus trionum,Hibiscus trionum,Malvaceae,Hibiscus,San Joaquin County,California,38.043547,-121.299028,2025-07-23,2025,Pieris rapae,flowersVisitedBy,butterfly,confirmed_pollination
Hibiscus trionum,Hibiscus trionum,Malvaceae,Hibiscus,San Joaquin County,California,38.043547,-121.299028,2025-07-23,2025,Bombus pensylvanicus,flowersVisitedBy,bee,confirmed_pollination
Hibiscus trionum,Hibiscus trionum,Malvaceae,Hibiscus,San Joaquin County,California,38.043547,-121.299028,2025-07-23,2025,Melissodes boltoniae,flowersVisitedBy,bee,confirmed_pollination
Hibiscus trionum,Hibiscus trionum,Malvaceae,Hibiscus,San Joaquin County,California,38.043547,-121.299028,2025-07-23,2025,Colias philodice,interactsWith,butterfly,general_interaction
Hibiscus trionum,Hibiscus trionum,Malvaceae,Hibiscus,San Joaquin County,California,38.043547,-121.299028,2025-07-23,2025,Melissodes,interactsWith,bee,general_interaction
Eschscholzia californica subsp. californica,Eschscholzia californica,Papaveraceae,Eschscholzia,San Mateo County,California,37.52865,-122.287464,2025-04-08,2025,Apis mellifera,flowersVisitedBy,bee,confirmed_pollination
Eschscholzia californica subsp. californica,Eschscholzia californica,Papaveraceae,Eschscholzia,San Mateo County,California,37.52865,-122.287464,2025-04-08,2025,Bombus vosnesenskii,flowersVisitedBy,bee,confirmed_pollination
Eschscholzia californica subsp. californica,Eschscholzia californica,Papaveraceae,Eschscholzia,San Mateo County,California,37.52865,-122.287464,2025-04-08,2025,Lasioglossum sisymbrii,flowersVisitedBy,bee,confirmed_pollination
Eschscholzia californica subsp. californica,Eschscholzia californica,Papaveraceae,Eschscholzia,San Mateo County,California,37.52865,-122.287464,2025-04-08,2025,Lasioglossum,flowersVisitedBy,bee,confirmed_pollination
Centromadia pungens subsp. pungens,Centromadia pungens,Asteraceae,Centromadia,Solano County,California,38.270122,-121.83088,2025-06-23,2025,Agapostemon (Agapostemon) texanus,interactsWith,bee,general_interaction
Centromadia pungens subsp. pungens,Centromadia pungens,Asteraceae,Centromadia,Solano County,California,38.270122,-121.83088,2025-06-23,2025,Melissodes lupinus,interactsWith,bee,general_interaction
Centromadia pungens subsp. pungens,Centromadia pungens,Asteraceae,Centromadia,Solano County,California,38.270122,-121.83088,2025-06-23,2025,Melissodes subillatus,interactsWith,bee,general_interaction
Centromadia pungens subsp. pungens,Centromadia pungens,Asteraceae,Centromadia,Solano County,California,38.270122,-121.83088,2025-06-23,2025,Lasioglossum kincaidii,interactsWith,bee,general_interaction
Frangula californica subsp. californica,Frangula californica,Rhamnaceae,Frangula,Los Angeles County,California,34.301467,-117.837928,2025-08-30,2025,Andrena (Andrena),interactsWith,bee,general_interaction
Frangula californica subsp. californica,Frangula californica,Rhamnaceae,Frangula,Los Angeles County,California,34.301467,-117.837928,2025-08-30,2025,Bombus sitkensis,interactsWith,bee,general_interaction
Frangula californica subsp. californica,Frangula californica,Rhamnaceae,Frangula,Los Angeles County,California,34.301467,-117.837928,2025-08-30,2025,Celastrina echo,interactsWith,butterfly,general_interaction
Frangula californica subsp. californica,Frangula californica,Rhamnaceae,Frangula,Los Angeles County,California,34.301467,-117.837928,2025-08-30,2025,Phyciodes pulchella pulchella,interactsWith,butterfly,general_interaction
Frangula californica subsp. californica,Frangula californica,Rhamnaceae,Frangula,Los Angeles County,California,34.301467,-117.837928,2025-08-30,2025,Apis mellifera,interactsWith,bee,general_interaction
Frangula californica subsp. californica,Frangula californica,Rhamnaceae,Frangula,Los Angeles County,California,34.301467,-117.837928,2025-08-30,2025,Tharsalea arota,interactsWith,butterfly,general_interaction
Frangula californica subsp. californica,Frangula californica,Rhamnaceae,Frangula,Los Angeles County,California,34.301467,-117.837928,2025-08-30,2025,Colletes slevini,interactsWith,bee,general_interaction
Frangula californica subsp. californica,Frangula californica,Rhamnaceae,Frangula,Los Angeles County,California,34.301467,-117.837928,2025-08-30,2025,Lasioglossum pacificum,interactsWith,bee,general_interaction
Frangula californica subsp. californica,Frangula californica,Rhamnaceae,Frangula,Los Angeles County,California,34.301467,-117.837928,2025-08-30,2025,Lasioglossum,interactsWith,bee,general_interaction
Frangula californica subsp. californica,Frangula californica,Rhamnaceae,Frangula,Los Angeles County,California,34.301467,-117.837928,2025-08-30,2025,Bombus vosnesenskii,interactsWith,bee,general_interaction
Frangula californica subsp. californica,Frangula californica,Rhamnaceae,Frangula,Los Angeles County,California,34.301467,-117.837928,2025-08-30,2025,Melissodes,interactsWith,bee,general_interaction
Frangula californica subsp. californica,Frangula californica,Rhamnaceae,Frangula,Los Angeles County,California,34.301467,-117.837928,2025-08-30,2025,Andrena cerasifolii,interactsWith,bee,general_interaction
Frangula californica subsp. californica,Frangula californica,Rhamnaceae,Frangula,Los Angeles County,California,34.301467,-117.837928,2025-08-30,2025,Bombus flavifrons,interactsWith,bee,general_interaction
Frangula californica subsp. californica,Frangula californica,Rhamnaceae,Frangula,Los Angeles County,California,34.301467,-117.837928,2025-08-30,2025,Hylaeus,interactsWith,bee,general_interaction
Frangula californica subsp. californica,Frangula californica,Rhamnaceae,Frangula,Los Angeles County,California,34.301467,-117.837928,2025-08-30,2025,Andrena,interactsWith,bee,general_interaction
Frangula californica subsp. californica,Frangula californica,Rhamnaceae,Frangula,Los Angeles County,California,34.301467,-117.837928,2025-08-30,2025,Bombus melanopygus,interactsWith,bee,general_interaction
Frangula californica subsp. californica,Frangula californica,Rhamnaceae,Frangula,Los Angeles County,California,34.301467,-117.837928,2025-08-30,2025,Bombus caliginosus,interactsWith,bee,general_interaction
Frangula californica subsp. californica,Frangula californica,Rhamnaceae,Frangula,Los Angeles County,California,34.301467,-117.837928,2025-08-30,2025,Nomada,interactsWith,bee,general_interaction
Acmispon grandiflorus var. grandiflorus,Acmispon grandiflorus,Fabaceae,Acmispon,San Diego County,California,32.715748,-116.708226,2026-04-04,2026,Bombus vosnesenskii,flowersVisitedBy,bee,confirmed_pollination
Lupinus albifrons var. albifrons,Lupinus albifrons,Fabaceae,Lupinus,Los Angeles County,California,33.32723,-118.34329,2026-03-28,2026,Hylephila phylaeus,visitedBy,butterfly,confirmed_pollination
Lupinus albifrons var. albifrons,Lupinus albifrons,Fabaceae,Lupinus,Los Angeles County,California,33.32723,-118.34329,2026-03-28,2026,Osmia brevis,interactsWith,bee,general_interaction
Lupinus albifrons var. albifrons,Lupinus albifrons,Fabaceae,Lupinus,Los Angeles County,California,33.32723,-118.34329,2026-03-28,2026,Melecta edwardsii,interactsWith,bee,general_interaction
Lupinus albifrons var. albifrons,Lupinus albifrons,Fabaceae,Lupinus,Los Angeles County,California,33.32723,-118.34329,2026-03-28,2026,Protosmia rubifloris,interactsWith,bee,general_interaction
Lupinus albifrons var. albifrons,Lupinus albifrons,Fabaceae,Lupinus,Los Angeles County,California,33.32723,-118.34329,2026-03-28,2026,Xylocopa tabaniformis orpifex,interactsWith,bee,general_interaction
Lupinus albifrons var. albifrons,Lupinus albifrons,Fabaceae,Lupinus,Los Angeles County,California,33.32723,-118.34329,2026-03-28,2026,Apodemia mormo mormo,interactsWith,butterfly,general_interaction
Lupinus albifrons var. albifrons,Lupinus albifrons,Fabaceae,Lupinus,Los Angeles County,California,33.32723,-118.34329,2026-03-28,2026,Bombus melanopygus,interactsWith,bee,general_interaction
Lupinus albifrons var. albifrons,Lupinus albifrons,Fabaceae,Lupinus,Los Angeles County,California,33.32723,-118.34329,2026-03-28,2026,Eucera lunata,interactsWith,bee,general_interaction
Lupinus albifrons var. albifrons,Lupinus albifrons,Fabaceae,Lupinus,Los Angeles County,California,33.32723,-118.34329,2026-03-28,2026,Habropoda tristissima,interactsWith,bee,general_interaction
Lupinus albifrons var. albifrons,Lupinus albifrons,Fabaceae,Lupinus,Los Angeles County,California,33.32723,-118.34329,2026-03-28,2026,Callophrys dumetorum dumetorum,interactsWith,butterfly,general_interaction
Lupinus albifrons var. albifrons,Lupinus albifrons,Fabaceae,Lupinus,Los Angeles County,California,33.32723,-118.34329,2026-03-28,2026,Habropoda miserabilis,interactsWith,bee,general_interaction
Lupinus albifrons var. albifrons,Lupinus albifrons,Fabaceae,Lupinus,Los Angeles County,California,33.32723,-118.34329,2026-03-28,2026,Dialictus,interactsWith,bee,general_interaction
Lupinus albifrons var. albifrons,Lupinus albifrons,Fabaceae,Lupinus,Los Angeles County,California,33.32723,-118.34329,2026-03-28,2026,Bombus caliginosus,interactsWith,bee,general_interaction
Lupinus albifrons var. albifrons,Lupinus albifrons,Fabaceae,Lupinus,Los Angeles County,California,33.32723,-118.34329,2026-03-28,2026,Erynnis pacuvius,interactsWith,butterfly,general_interaction
Lupinus albifrons var. albifrons,Lupinus albifrons,Fabaceae,Lupinus,Los Angeles County,California,33.32723,-118.34329,2026-03-28,2026,Eucera frater albopilosa,interactsWith,bee,general_interaction
Lupinus albifrons var. albifrons,Lupinus albifrons,Fabaceae,Lupinus,Los Angeles County,California,33.32723,-118.34329,2026-03-28,2026,Strymon melinus,interactsWith,butterfly,general_interaction
Lupinus albifrons var. albifrons,Lupinus albifrons,Fabaceae,Lupinus,Los Angeles County,California,33.32723,-118.34329,2026-03-28,2026,Lasioglossum mellipes,interactsWith,bee,general_interaction
Lupinus albifrons var. albifrons,Lupinus albifrons,Fabaceae,Lupinus,Los Angeles County,California,33.32723,-118.34329,2026-03-28,2026,Bombus vosnesenskii,interactsWith,bee,general_interaction
Ceanothus thyrsiflorus var. thyrsiflorus,Ceanothus thyrsiflorus,Rhamnaceae,Ceanothus,Monterey County,California,35.972507,-121.465873,2025-03-10,2025,Andrena,interactsWith,bee,general_interaction
Ceanothus thyrsiflorus var. thyrsiflorus,Ceanothus thyrsiflorus,Rhamnaceae,Ceanothus,Monterey County,California,35.972507,-121.465873,2025-03-10,2025,Callophrys dumetorum dumetorum,interactsWith,butterfly,general_interaction
Ceanothus thyrsiflorus var. thyrsiflorus,Ceanothus thyrsiflorus,Rhamnaceae,Ceanothus,Monterey County,California,35.972507,-121.465873,2025-03-10,2025,Celastrina echo,interactsWith,butterfly,general_interaction
Ceanothus thyrsiflorus var. thyrsiflorus,Ceanothus thyrsiflorus,Rhamnaceae,Ceanothus,Monterey County,California,35.972507,-121.465873,2025-03-10,2025,Nomada,interactsWith,bee,general_interaction
Ceanothus thyrsiflorus var. thyrsiflorus,Ceanothus thyrsiflorus,Rhamnaceae,Ceanothus,Monterey County,California,35.972507,-121.465873,2025-03-10,2025,Dialictus,interactsWith,bee,general_interaction
Ceanothus thyrsiflorus var. thyrsiflorus,Ceanothus thyrsiflorus,Rhamnaceae,Ceanothus,Monterey County,California,35.972507,-121.465873,2025-03-10,2025,Andrena chlorogaster,interactsWith,bee,general_interaction
Ceanothus thyrsiflorus var. thyrsiflorus,Ceanothus thyrsiflorus,Rhamnaceae,Ceanothus,Monterey County,California,35.972507,-121.465873,2025-03-10,2025,Panurginus,interactsWith,bee,general_interaction
Ceanothus thyrsiflorus var. thyrsiflorus,Ceanothus thyrsiflorus,Rhamnaceae,Ceanothus,Monterey County,California,35.972507,-121.465873,2025-03-10,2025,Hylaeus,interactsWith,bee,general_interaction
Ceanothus thyrsiflorus var. thyrsiflorus,Ceanothus thyrsiflorus,Rhamnaceae,Ceanothus,Monterey County,California,35.972507,-121.465873,2025-03-10,2025,Andrena angustitarsata,interactsWith,bee,general_interaction
Erysimum capitatum var. capitatum,Erysimum capitatum,Brassicaceae,Erysimum,Santa Clara County,California,37.158844,-121.900056,2025-06-09,2025,Andrena cressonii infasciata,visitedBy,bee,confirmed_pollination
Erysimum capitatum var. capitatum,Erysimum capitatum,Brassicaceae,Erysimum,Santa Clara County,California,37.158844,-121.900056,2025-06-09,2025,Lasioglossum sisymbrii,interactsWith,bee,general_interaction
Erysimum capitatum var. capitatum,Erysimum capitatum,Brassicaceae,Erysimum,Santa Clara County,California,37.158844,-121.900056,2025-06-09,2025,Lasioglossum semicaeruleum,interactsWith,bee,general_interaction
Erysimum capitatum var. capitatum,Erysimum capitatum,Brassicaceae,Erysimum,Santa Clara County,California,37.158844,-121.900056,2025-06-09,2025,Osmia cordata,interactsWith,bee,general_interaction
Erysimum capitatum var. capitatum,Erysimum capitatum,Brassicaceae,Erysimum,Santa Clara County,California,37.158844,-121.900056,2025-06-09,2025,Lasioglossum trizonatum,interactsWith,bee,general_interaction
Erysimum capitatum var. capitatum,Erysimum capitatum,Brassicaceae,Erysimum,Santa Clara County,California,37.158844,-121.900056,2025-06-09,2025,Lasioglossum albipenne,interactsWith,bee,general_interaction
Vicia sativa subsp. sativa,Vicia sativa,Fabaceae,Vicia,Sacramento County,California,38.473851,-121.488126,2026-02-28,2026,Bombus melanopygus,interactsWith,bee,general_interaction
Quercus agrifolia var. agrifolia,Quercus agrifolia,Fagaceae,Quercus,San Benito County,California,36.824198,-121.534324,2025-12-18,2025,Celastrina echo,interactsWith,butterfly,general_interaction
Quercus agrifolia var. agrifolia,Quercus agrifolia,Fagaceae,Quercus,San Benito County,California,36.824198,-121.534324,2025-12-18,2025,Andrena,interactsWith,bee,general_interaction
Quercus agrifolia var. agrifolia,Quercus agrifolia,Fagaceae,Quercus,San Benito County,California,36.824198,-121.534324,2025-12-18,2025,Apis mellifera,interactsWith,bee,general_interaction
Quercus agrifolia var. agrifolia,Quercus agrifolia,Fagaceae,Quercus,San Benito County,California,36.824198,-121.534324,2025-12-18,2025,Lasioglossum,interactsWith,bee,general_interaction
Camissoniopsis cheiranthifolia subsp. cheiranthifolia,Camissoniopsis cheiranthifolia,Onagraceae,Camissoniopsis,Monterey County,California,36.671012,-121.816746,2025-11-06,2025,Bombus pensylvanicus,flowersVisitedBy,bee,confirmed_pollination
Camissoniopsis cheiranthifolia subsp. cheiranthifolia,Camissoniopsis cheiranthifolia,Onagraceae,Camissoniopsis,Monterey County,California,36.671012,-121.816746,2025-11-06,2025,Lasioglossum pavonotum,interactsWith,bee,general_interaction
Centromadia pungens subsp. pungens,Centromadia pungens,Asteraceae,Centromadia,Sacramento County,California,38.340272,-121.327362,2025-05-15,2025,Agapostemon (Agapostemon) texanus,interactsWith,bee,general_interaction
Centromadia pungens subsp. pungens,Centromadia pungens,Asteraceae,Centromadia,Sacramento County,California,38.340272,-121.327362,2025-05-15,2025,Melissodes lupinus,interactsWith,bee,general_interaction
Centromadia pungens subsp. pungens,Centromadia pungens,Asteraceae,Centromadia,Sacramento County,California,38.340272,-121.327362,2025-05-15,2025,Melissodes subillatus,interactsWith,bee,general_interaction
Centromadia pungens subsp. pungens,Centromadia pungens,Asteraceae,Centromadia,Sacramento County,California,38.340272,-121.327362,2025-05-15,2025,Lasioglossum kincaidii,interactsWith,bee,general_interaction
Amsinckia spectabilis var. spectabilis,Amsinckia spectabilis,Boraginaceae,Amsinckia,Santa Cruz County,California,37.14549,-122.350353,2025-03-23,2025,Bombus vosnesenskii,interactsWith,bee,general_interaction
Amsinckia spectabilis var. spectabilis,Amsinckia spectabilis,Boraginaceae,Amsinckia,Santa Cruz County,California,37.14549,-122.350353,2025-03-23,2025,Habropoda tristissima,interactsWith,bee,general_interaction
Fritillaria affinis var. affinis,Fritillaria affinis,Liliaceae,Fritillaria,Marin County,California,37.798384,-122.479559,2026-03-07,2026,Andrena saccata,pollinatedBy,bee,confirmed_pollination
Fritillaria affinis var. affinis,Fritillaria affinis,Liliaceae,Fritillaria,Marin County,California,37.798384,-122.479559,2026-03-07,2026,Andrena,interactsWith,bee,general_interaction
Ribes cereum var. cereum,Ribes cereum,Grossulariaceae,Ribes,Modoc County,California,41.529201,-120.283548,2025-06-22,2025,Andrena porterae,flowersVisitedBy,bee,confirmed_pollination
Erythronium grandiflorum subsp. grandiflorum,Erythronium grandiflorum,Liliaceae,Erythronium,Trinity County,California,40.931013,-122.87438,2026-06-06,2026,Andrena,pollinatedBy,bee,confirmed_pollination
Erythronium grandiflorum subsp. grandiflorum,Erythronium grandiflorum,Liliaceae,Erythronium,Trinity County,California,40.931013,-122.87438,2026-06-06,2026,Bombus,pollinatedBy,bee,confirmed_pollination
Camissoniopsis cheiranthifolia subsp. cheiranthifolia,Camissoniopsis cheiranthifolia,Onagraceae,Camissoniopsis,Humboldt County,California,41.020261,-124.109425,2026-04-04,2026,Bombus pensylvanicus,flowersVisitedBy,bee,confirmed_pollination
Camissoniopsis cheiranthifolia subsp. cheiranthifolia,Camissoniopsis cheiranthifolia,Onagraceae,Camissoniopsis,Humboldt County,California,41.020261,-124.109425,2026-04-04,2026,Lasioglossum pavonotum,interactsWith,bee,general_interaction
Nemophila menziesii var. menziesii,Nemophila menziesii,Hydrophyllaceae,Nemophila,Monterey County,California,36.441944,-121.039805,2026-03-20,2026,Andrena bucculenta,interactsWith,bee,general_interaction
Nemophila menziesii var. menziesii,Nemophila menziesii,Hydrophyllaceae,Nemophila,Monterey County,California,36.441944,-121.039805,2026-03-20,2026,Andrena (Andrena),interactsWith,bee,general_interaction
Nemophila menziesii var. menziesii,Nemophila menziesii,Hydrophyllaceae,Nemophila,Monterey County,California,36.441944,-121.039805,2026-03-20,2026,Andrena nemophilae,interactsWith,bee,general_interaction
Nemophila menziesii var. menziesii,Nemophila menziesii,Hydrophyllaceae,Nemophila,Monterey County,California,36.441944,-121.039805,2026-03-20,2026,Andrena crudeni,interactsWith,bee,general_interaction
Nemophila menziesii var. menziesii,Nemophila menziesii,Hydrophyllaceae,Nemophila,Monterey County,California,36.441944,-121.039805,2026-03-20,2026,Osmia glauca,interactsWith,bee,general_interaction
Nemophila menziesii var. menziesii,Nemophila menziesii,Hydrophyllaceae,Nemophila,Monterey County,California,36.441944,-121.039805,2026-03-20,2026,Hoplitis biscutellae,interactsWith,bee,general_interaction
Nemophila menziesii var. menziesii,Nemophila menziesii,Hydrophyllaceae,Nemophila,Monterey County,California,36.441944,-121.039805,2026-03-20,2026,Andrena angustitarsata,interactsWith,bee,general_interaction
Nemophila menziesii var. menziesii,Nemophila menziesii,Hydrophyllaceae,Nemophila,Monterey County,California,36.441944,-121.039805,2026-03-20,2026,Lasioglossum titusi,interactsWith,bee,general_interaction
Nemophila menziesii var. menziesii,Nemophila menziesii,Hydrophyllaceae,Nemophila,Monterey County,California,36.441944,-121.039805,2026-03-20,2026,Andrena nigrocaerulea,interactsWith,bee,general_interaction
Nemophila menziesii var. menziesii,Nemophila menziesii,Hydrophyllaceae,Nemophila,Monterey County,California,36.441944,-121.039805,2026-03-20,2026,Osmia,interactsWith,bee,general_interaction
Nemophila menziesii var. menziesii,Nemophila menziesii,Hydrophyllaceae,Nemophila,Monterey County,California,36.441944,-121.039805,2026-03-20,2026,Hoplitis fulgida,interactsWith,bee,general_interaction
Nemophila menziesii var. menziesii,Nemophila menziesii,Hydrophyllaceae,Nemophila,Monterey County,California,36.441944,-121.039805,2026-03-20,2026,Osmia lignaria,interactsWith,bee,general_interaction
Nemophila menziesii var. menziesii,Nemophila menziesii,Hydrophyllaceae,Nemophila,Monterey County,California,36.441944,-121.039805,2026-03-20,2026,Lasioglossum,interactsWith,bee,general_interaction
Nemophila menziesii var. menziesii,Nemophila menziesii,Hydrophyllaceae,Nemophila,Monterey County,California,36.441944,-121.039805,2026-03-20,2026,Andrena orthocarpi,interactsWith,bee,general_interaction
Nemophila menziesii var. menziesii,Nemophila menziesii,Hydrophyllaceae,Nemophila,Monterey County,California,36.441944,-121.039805,2026-03-20,2026,Andrena cerasifolii,interactsWith,bee,general_interaction
Nemophila menziesii var. menziesii,Nemophila menziesii,Hydrophyllaceae,Nemophila,Monterey County,California,36.441944,-121.039805,2026-03-20,2026,Andrena suavis,interactsWith,bee,general_interaction
Nemophila menziesii var. menziesii,Nemophila menziesii,Hydrophyllaceae,Nemophila,Monterey County,California,36.441944,-121.039805,2026-03-20,2026,Andrena,interactsWith,bee,general_interaction
Nemophila menziesii var. menziesii,Nemophila menziesii,Hydrophyllaceae,Nemophila,Monterey County,California,36.441944,-121.039805,2026-03-20,2026,Bombus vosnesenskii,interactsWith,bee,general_interaction
Nemophila menziesii var. menziesii,Nemophila menziesii,Hydrophyllaceae,Nemophila,Monterey County,California,36.441944,-121.039805,2026-03-20,2026,Andrena candida,interactsWith,bee,general_interaction
Nemophila menziesii var. menziesii,Nemophila menziesii,Hydrophyllaceae,Nemophila,Monterey County,California,36.441944,-121.039805,2026-03-20,2026,Andrena nigripes,interactsWith,bee,general_interaction
Nemophila menziesii var. menziesii,Nemophila menziesii,Hydrophyllaceae,Nemophila,Monterey County,California,36.441944,-121.039805,2026-03-20,2026,Andrena viridissima,interactsWith,bee,general_interaction
Nemophila menziesii var. menziesii,Nemophila menziesii,Hydrophyllaceae,Nemophila,Monterey County,California,36.441944,-121.039805,2026-03-20,2026,Osmia nemoris,interactsWith,bee,general_interaction
Nemophila menziesii var. menziesii,Nemophila menziesii,Hydrophyllaceae,Nemophila,Monterey County,California,36.441944,-121.039805,2026-03-20,2026,Hoplitis,interactsWith,bee,general_interaction
Nemophila menziesii var. menziesii,Nemophila menziesii,Hydrophyllaceae,Nemophila,Monterey County,California,36.441944,-121.039805,2026-03-20,2026,Andrena cressonii,interactsWith,bee,general_interaction
Ceanothus cuneatus var. cuneatus,Ceanothus cuneatus,Rhamnaceae,Ceanothus,Monterey County,California,35.903345,-121.364783,2026-03-15,2026,Panurginus,interactsWith,bee,general_interaction
Ceanothus cuneatus var. cuneatus,Ceanothus cuneatus,Rhamnaceae,Ceanothus,Monterey County,California,35.903345,-121.364783,2026-03-15,2026,Celastrina echo,interactsWith,butterfly,general_interaction
Ceanothus cuneatus var. cuneatus,Ceanothus cuneatus,Rhamnaceae,Ceanothus,Monterey County,California,35.903345,-121.364783,2026-03-15,2026,Andrena,interactsWith,bee,general_interaction
Frangula californica subsp. californica,Frangula californica,Rhamnaceae,Frangula,San Bernardino County,California,34.319503,-117.381562,2025-09-07,2025,Andrena (Andrena),interactsWith,bee,general_interaction
Frangula californica subsp. californica,Frangula californica,Rhamnaceae,Frangula,San Bernardino County,California,34.319503,-117.381562,2025-09-07,2025,Bombus sitkensis,interactsWith,bee,general_interaction
Frangula californica subsp. californica,Frangula californica,Rhamnaceae,Frangula,San Bernardino County,California,34.319503,-117.381562,2025-09-07,2025,Celastrina echo,interactsWith,butterfly,general_interaction
Frangula californica subsp. californica,Frangula californica,Rhamnaceae,Frangula,San Bernardino County,California,34.319503,-117.381562,2025-09-07,2025,Phyciodes pulchella pulchella,interactsWith,butterfly,general_interaction
Frangula californica subsp. californica,Frangula californica,Rhamnaceae,Frangula,San Bernardino County,California,34.319503,-117.381562,2025-09-07,2025,Apis mellifera,interactsWith,bee,general_interaction
Frangula californica subsp. californica,Frangula californica,Rhamnaceae,Frangula,San Bernardino County,California,34.319503,-117.381562,2025-09-07,2025,Tharsalea arota,interactsWith,butterfly,general_interaction
Frangula californica subsp. californica,Frangula californica,Rhamnaceae,Frangula,San Bernardino County,California,34.319503,-117.381562,2025-09-07,2025,Colletes slevini,interactsWith,bee,general_interaction
Frangula californica subsp. californica,Frangula californica,Rhamnaceae,Frangula,San Bernardino County,California,34.319503,-117.381562,2025-09-07,2025,Lasioglossum pacificum,interactsWith,bee,general_interaction
Frangula californica subsp. californica,Frangula californica,Rhamnaceae,Frangula,San Bernardino County,California,34.319503,-117.381562,2025-09-07,2025,Lasioglossum,interactsWith,bee,general_interaction
Frangula californica subsp. californica,Frangula californica,Rhamnaceae,Frangula,San Bernardino County,California,34.319503,-117.381562,2025-09-07,2025,Bombus vosnesenskii,interactsWith,bee,general_interaction
Frangula californica subsp. californica,Frangula californica,Rhamnaceae,Frangula,San Bernardino County,California,34.319503,-117.381562,2025-09-07,2025,Melissodes,interactsWith,bee,general_interaction
Frangula californica subsp. californica,Frangula californica,Rhamnaceae,Frangula,San Bernardino County,California,34.319503,-117.381562,2025-09-07,2025,Andrena cerasifolii,interactsWith,bee,general_interaction
Frangula californica subsp. californica,Frangula californica,Rhamnaceae,Frangula,San Bernardino County,California,34.319503,-117.381562,2025-09-07,2025,Bombus flavifrons,interactsWith,bee,general_interaction
Frangula californica subsp. californica,Frangula californica,Rhamnaceae,Frangula,San Bernardino County,California,34.319503,-117.381562,2025-09-07,2025,Hylaeus,interactsWith,bee,general_interaction
Frangula californica subsp. californica,Frangula californica,Rhamnaceae,Frangula,San Bernardino County,California,34.319503,-117.381562,2025-09-07,2025,Andrena,interactsWith,bee,general_interaction
Frangula californica subsp. californica,Frangula californica,Rhamnaceae,Frangula,San Bernardino County,California,34.319503,-117.381562,2025-09-07,2025,Bombus melanopygus,interactsWith,bee,general_interaction
Frangula californica subsp. californica,Frangula californica,Rhamnaceae,Frangula,San Bernardino County,California,34.319503,-117.381562,2025-09-07,2025,Bombus caliginosus,interactsWith,bee,general_interaction
Frangula californica subsp. californica,Frangula californica,Rhamnaceae,Frangula,San Bernardino County,California,34.319503,-117.381562,2025-09-07,2025,Nomada,interactsWith,bee,general_interaction
Notholithocarpus densiflorus var. densiflorus,Notholithocarpus densiflorus,Fagaceae,Notholithocarpus,Santa Clara County,California,37.295994,-122.167989,2025-10-30,2025,Limenitis bredowii californica,interactsWith,butterfly,general_interaction
Notholithocarpus densiflorus var. densiflorus,Notholithocarpus densiflorus,Fagaceae,Notholithocarpus,Santa Clara County,California,37.295994,-122.167989,2025-10-30,2025,Colletes,interactsWith,bee,general_interaction
Notholithocarpus densiflorus var. densiflorus,Notholithocarpus densiflorus,Fagaceae,Notholithocarpus,Santa Clara County,California,37.295994,-122.167989,2025-10-30,2025,Halictus tripartitus,interactsWith,bee,general_interaction
Notholithocarpus densiflorus var. densiflorus,Notholithocarpus densiflorus,Fagaceae,Notholithocarpus,Santa Clara County,California,37.295994,-122.167989,2025-10-30,2025,Habrodais grunus,interactsWith,butterfly,general_interaction
Notholithocarpus densiflorus var. densiflorus,Notholithocarpus densiflorus,Fagaceae,Notholithocarpus,Santa Clara County,California,37.295994,-122.167989,2025-10-30,2025,Hylaeus,interactsWith,bee,general_interaction
Notholithocarpus densiflorus var. densiflorus,Notholithocarpus densiflorus,Fagaceae,Notholithocarpus,Santa Clara County,California,37.295994,-122.167989,2025-10-30,2025,Lasioglossum,interactsWith,bee,general_interaction
Acmispon decumbens var. decumbens,Acmispon decumbens,Fabaceae,Acmispon,Butte County,California,39.772571,-121.76035,2025-06-14,2025,Bombus melanopygus,flowersVisitedBy,bee,confirmed_pollination
Ribes inerme var. inerme,Ribes inerme,Grossulariaceae,Ribes,El Dorado County,California,38.932872,-119.989647,2025-05-20,2025,Andrena lanhami,visitedBy,bee,confirmed_pollination
Claytonia exigua subsp. exigua,Claytonia exigua,Montiaceae,Claytonia,Monterey County,California,36.441946,-121.03981,2026-03-20,2026,Andrena anisochlora,flowersVisitedBy,bee,confirmed_pollination
Calystegia subacaulis subsp. subacaulis,Convolvulus thellungianus,Convolvulaceae,Convolvulus,San Francisco County,California,37.792586,-122.458193,2025-07-05,2025,Diadasia bituberculata,interactsWith,bee,general_interaction
Hosackia crassifolia var. crassifolia,Hosackia crassifolia,Fabaceae,Hosackia,Siskiyou County,California,41.251424,-122.424532,2025-05-28,2025,Bombus vosnesenskii,flowersVisitedBy,bee,confirmed_pollination
Frangula californica subsp. californica,Frangula californica,Rhamnaceae,Frangula,Ventura County,California,34.248517,-119.266578,2026-03-16,2026,Andrena (Andrena),interactsWith,bee,general_interaction
Frangula californica subsp. californica,Frangula californica,Rhamnaceae,Frangula,Ventura County,California,34.248517,-119.266578,2026-03-16,2026,Bombus sitkensis,interactsWith,bee,general_interaction
Frangula californica subsp. californica,Frangula californica,Rhamnaceae,Frangula,Ventura County,California,34.248517,-119.266578,2026-03-16,2026,Celastrina echo,interactsWith,butterfly,general_interaction
Frangula californica subsp. californica,Frangula californica,Rhamnaceae,Frangula,Ventura County,California,34.248517,-119.266578,2026-03-16,2026,Phyciodes pulchella pulchella,interactsWith,butterfly,general_interaction
Frangula californica subsp. californica,Frangula californica,Rhamnaceae,Frangula,Ventura County,California,34.248517,-119.266578,2026-03-16,2026,Apis mellifera,interactsWith,bee,general_interaction
Frangula californica subsp. californica,Frangula californica,Rhamnaceae,Frangula,Ventura County,California,34.248517,-119.266578,2026-03-16,2026,Tharsalea arota,interactsWith,butterfly,general_interaction
Frangula californica subsp. californica,Frangula californica,Rhamnaceae,Frangula,Ventura County,California,34.248517,-119.266578,2026-03-16,2026,Colletes slevini,interactsWith,bee,general_interaction
Frangula californica subsp. californica,Frangula californica,Rhamnaceae,Frangula,Ventura County,California,34.248517,-119.266578,2026-03-16,2026,Lasioglossum pacificum,interactsWith,bee,general_interaction
Frangula californica subsp. californica,Frangula californica,Rhamnaceae,Frangula,Ventura County,California,34.248517,-119.266578,2026-03-16,2026,Lasioglossum,interactsWith,bee,general_interaction
Frangula californica subsp. californica,Frangula californica,Rhamnaceae,Frangula,Ventura County,California,34.248517,-119.266578,2026-03-16,2026,Bombus vosnesenskii,interactsWith,bee,general_interaction
Frangula californica subsp. californica,Frangula californica,Rhamnaceae,Frangula,Ventura County,California,34.248517,-119.266578,2026-03-16,2026,Melissodes,interactsWith,bee,general_interaction
Frangula californica subsp. californica,Frangula californica,Rhamnaceae,Frangula,Ventura County,California,34.248517,-119.266578,2026-03-16,2026,Andrena cerasifolii,interactsWith,bee,general_interaction
Frangula californica subsp. californica,Frangula californica,Rhamnaceae,Frangula,Ventura County,California,34.248517,-119.266578,2026-03-16,2026,Bombus flavifrons,interactsWith,bee,general_interaction
Frangula californica subsp. californica,Frangula californica,Rhamnaceae,Frangula,Ventura County,California,34.248517,-119.266578,2026-03-16,2026,Hylaeus,interactsWith,bee,general_interaction
Frangula californica subsp. californica,Frangula californica,Rhamnaceae,Frangula,Ventura County,California,34.248517,-119.266578,2026-03-16,2026,Andrena,interactsWith,bee,general_interaction
Frangula californica subsp. californica,Frangula californica,Rhamnaceae,Frangula,Ventura County,California,34.248517,-119.266578,2026-03-16,2026,Bombus melanopygus,interactsWith,bee,general_interaction
Frangula californica subsp. californica,Frangula californica,Rhamnaceae,Frangula,Ventura County,California,34.248517,-119.266578,2026-03-16,2026,Bombus caliginosus,interactsWith,bee,general_interaction
Frangula californica subsp. californica,Frangula californica,Rhamnaceae,Frangula,Ventura County,California,34.248517,-119.266578,2026-03-16,2026,Nomada,interactsWith,bee,general_interaction
Thermopsis californica var. californica,Thermopsis californica,Fabaceae,Thermopsis,Lake County,California,38.860692,-122.414847,2026-03-28,2026,Bombus vosnesenskii,interactsWith,bee,general_interaction
Thermopsis californica var. californica,Thermopsis californica,Fabaceae,Thermopsis,Lake County,California,38.860692,-122.414847,2026-03-28,2026,Megachile gemula,interactsWith,bee,general_interaction
Thermopsis californica var. californica,Thermopsis californica,Fabaceae,Thermopsis,Lake County,California,38.860692,-122.414847,2026-03-28,2026,Xylocopa tabaniformis orpifex,interactsWith,bee,general_interaction
Ceanothus cuneatus var. cuneatus,Ceanothus cuneatus,Rhamnaceae,Ceanothus,San Luis Obispo County,California,35.211067,-120.353081,2025-04-05,2025,Panurginus,interactsWith,bee,general_interaction
Ceanothus cuneatus var. cuneatus,Ceanothus cuneatus,Rhamnaceae,Ceanothus,San Luis Obispo County,California,35.211067,-120.353081,2025-04-05,2025,Celastrina echo,interactsWith,butterfly,general_interaction
Ceanothus cuneatus var. cuneatus,Ceanothus cuneatus,Rhamnaceae,Ceanothus,San Luis Obispo County,California,35.211067,-120.353081,2025-04-05,2025,Andrena,interactsWith,bee,general_interaction
Frangula californica subsp. californica,Frangula californica,Rhamnaceae,Frangula,San Luis Obispo County,California,35.346975,-120.62685,2026-05-02,2026,Andrena (Andrena),interactsWith,bee,general_interaction
Frangula californica subsp. californica,Frangula californica,Rhamnaceae,Frangula,San Luis Obispo County,California,35.346975,-120.62685,2026-05-02,2026,Bombus sitkensis,interactsWith,bee,general_interaction
Frangula californica subsp. californica,Frangula californica,Rhamnaceae,Frangula,San Luis Obispo County,California,35.346975,-120.62685,2026-05-02,2026,Celastrina echo,interactsWith,butterfly,general_interaction
Frangula californica subsp. californica,Frangula californica,Rhamnaceae,Frangula,San Luis Obispo County,California,35.346975,-120.62685,2026-05-02,2026,Phyciodes pulchella pulchella,interactsWith,butterfly,general_interaction
Frangula californica subsp. californica,Frangula californica,Rhamnaceae,Frangula,San Luis Obispo County,California,35.346975,-120.62685,2026-05-02,2026,Apis mellifera,interactsWith,bee,general_interaction
Frangula californica subsp. californica,Frangula californica,Rhamnaceae,Frangula,San Luis Obispo County,California,35.346975,-120.62685,2026-05-02,2026,Tharsalea arota,interactsWith,butterfly,general_interaction
Frangula californica subsp. californica,Frangula californica,Rhamnaceae,Frangula,San Luis Obispo County,California,35.346975,-120.62685,2026-05-02,2026,Colletes slevini,interactsWith,bee,general_interaction
Frangula californica subsp. californica,Frangula californica,Rhamnaceae,Frangula,San Luis Obispo County,California,35.346975,-120.62685,2026-05-02,2026,Lasioglossum pacificum,interactsWith,bee,general_interaction
Frangula californica subsp. californica,Frangula californica,Rhamnaceae,Frangula,San Luis Obispo County,California,35.346975,-120.62685,2026-05-02,2026,Lasioglossum,interactsWith,bee,general_interaction
Frangula californica subsp. californica,Frangula californica,Rhamnaceae,Frangula,San Luis Obispo County,California,35.346975,-120.62685,2026-05-02,2026,Bombus vosnesenskii,interactsWith,bee,general_interaction
Frangula californica subsp. californica,Frangula californica,Rhamnaceae,Frangula,San Luis Obispo County,California,35.346975,-120.62685,2026-05-02,2026,Melissodes,interactsWith,bee,general_interaction
Frangula californica subsp. californica,Frangula californica,Rhamnaceae,Frangula,San Luis Obispo County,California,35.346975,-120.62685,2026-05-02,2026,Andrena cerasifolii,interactsWith,bee,general_interaction
Frangula californica subsp. californica,Frangula californica,Rhamnaceae,Frangula,San Luis Obispo County,California,35.346975,-120.62685,2026-05-02,2026,Bombus flavifrons,interactsWith,bee,general_interaction
Frangula californica subsp. californica,Frangula californica,Rhamnaceae,Frangula,San Luis Obispo County,California,35.346975,-120.62685,2026-05-02,2026,Hylaeus,interactsWith,bee,general_interaction
Frangula californica subsp. californica,Frangula californica,Rhamnaceae,Frangula,San Luis Obispo County,California,35.346975,-120.62685,2026-05-02,2026,Andrena,interactsWith,bee,general_interaction
Frangula californica subsp. californica,Frangula californica,Rhamnaceae,Frangula,San Luis Obispo County,California,35.346975,-120.62685,2026-05-02,2026,Bombus melanopygus,interactsWith,bee,general_interaction
Frangula californica subsp. californica,Frangula californica,Rhamnaceae,Frangula,San Luis Obispo County,California,35.346975,-120.62685,2026-05-02,2026,Bombus caliginosus,interactsWith,bee,general_interaction
Frangula californica subsp. californica,Frangula californica,Rhamnaceae,Frangula,San Luis Obispo County,California,35.346975,-120.62685,2026-05-02,2026,Nomada,interactsWith,bee,general_interaction
Collinsia bartsiifolia var. bartsiifolia,Collinsia bartsiifolia,Plantaginaceae,Collinsia,Mariposa County,California,37.424187,-119.969588,2025-05-04,2025,Bombus vosnesenskii,flowersVisitedBy,bee,confirmed_pollination
Brodiaea elegans subsp. elegans,Brodiaea elegans,Asparagaceae,Brodiaea,Tuolumne County,California,37.75334,-120.196928,2025-05-25,2025,Strymon melinus,interactsWith,butterfly,general_interaction
Brodiaea elegans subsp. elegans,Brodiaea elegans,Asparagaceae,Brodiaea,Tuolumne County,California,37.75334,-120.196928,2025-05-25,2025,Anthophora urbana,interactsWith,bee,general_interaction
Brodiaea elegans subsp. elegans,Brodiaea elegans,Asparagaceae,Brodiaea,Tuolumne County,California,37.75334,-120.196928,2025-05-25,2025,Halictus tripartitus,interactsWith,bee,general_interaction
Brodiaea elegans subsp. elegans,Brodiaea elegans,Asparagaceae,Brodiaea,Tuolumne County,California,37.75334,-120.196928,2025-05-25,2025,Lasioglossum incompletum,interactsWith,bee,general_interaction
Claytonia perfoliata subsp. perfoliata,Claytonia perfoliata,Montiaceae,Claytonia,Yuba County,California,39.344517,-121.360375,2025-03-09,2025,Andrena anisochlora,flowersVisitedBy,bee,confirmed_pollination
Claytonia perfoliata subsp. perfoliata,Claytonia perfoliata,Montiaceae,Claytonia,Yuba County,California,39.344517,-121.360375,2025-03-09,2025,Andrena,interactsWith,bee,general_interaction
Vicia villosa subsp. villosa,Vicia villosa,Fabaceae,Vicia,El Dorado County,California,38.94413,-120.975722,2026-04-24,2026,Bombus californicus,interactsWith,bee,general_interaction
Vicia villosa subsp. villosa,Vicia villosa,Fabaceae,Vicia,El Dorado County,California,38.94413,-120.975722,2026-04-24,2026,Bombus vosnesenskii,interactsWith,bee,general_interaction
Triphysaria eriantha subsp. eriantha,Triphysaria eriantha,Orobanchaceae,Triphysaria,Mariposa County,California,37.537046,-120.090887,2025-03-22,2025,Andrena,interactsWith,bee,general_interaction
Triphysaria eriantha subsp. eriantha,Triphysaria eriantha,Orobanchaceae,Triphysaria,Mariposa County,California,37.537046,-120.090887,2025-03-22,2025,Andrena microchlora,interactsWith,bee,general_interaction
Lomatium dasycarpum subsp. dasycarpum,Lomatium dasycarpum,Apiaceae,Lomatium,Alameda County,California,37.566266,-121.751691,2025-04-25,2025,Andrena,interactsWith,bee,general_interaction
Lomatium dasycarpum subsp. dasycarpum,Lomatium dasycarpum,Apiaceae,Lomatium,Alameda County,California,37.566266,-121.751691,2025-04-25,2025,Andrena melanochroa,interactsWith,bee,general_interaction
Lomatium dasycarpum subsp. dasycarpum,Lomatium dasycarpum,Apiaceae,Lomatium,Alameda County,California,37.566266,-121.751691,2025-04-25,2025,Andrena chlorogaster,interactsWith,bee,general_interaction
Brodiaea terrestris subsp. terrestris,Brodiaea terrestris,Asparagaceae,Brodiaea,San Benito County,California,36.70694,-121.290057,2026-04-07,2026,Halictus tripartitus,interactsWith,bee,general_interaction
Brodiaea terrestris subsp. terrestris,Brodiaea terrestris,Asparagaceae,Brodiaea,San Benito County,California,36.70694,-121.290057,2026-04-07,2026,Lasioglossum,interactsWith,bee,general_interaction
Brodiaea terrestris subsp. terrestris,Brodiaea terrestris,Asparagaceae,Brodiaea,San Benito County,California,36.70694,-121.290057,2026-04-07,2026,Osmia nemoris,interactsWith,bee,general_interaction
Brodiaea terrestris subsp. terrestris,Brodiaea terrestris,Asparagaceae,Brodiaea,San Benito County,California,36.70694,-121.290057,2026-04-07,2026,Dialictus,interactsWith,bee,general_interaction
Thermopsis californica var. californica,Thermopsis californica,Fabaceae,Thermopsis,San Luis Obispo County,California,35.247288,-120.692588,2026-04-24,2026,Bombus vosnesenskii,interactsWith,bee,general_interaction
Thermopsis californica var. californica,Thermopsis californica,Fabaceae,Thermopsis,San Luis Obispo County,California,35.247288,-120.692588,2026-04-24,2026,Megachile gemula,interactsWith,bee,general_interaction
Thermopsis californica var. californica,Thermopsis californica,Fabaceae,Thermopsis,San Luis Obispo County,California,35.247288,-120.692588,2026-04-24,2026,Xylocopa tabaniformis orpifex,interactsWith,bee,general_interaction
Claytonia perfoliata subsp. perfoliata,Claytonia perfoliata,Montiaceae,Claytonia,Los Angeles County,California,33.35617,-118.443345,2026-01-14,2026,Andrena anisochlora,flowersVisitedBy,bee,confirmed_pollination
Claytonia perfoliata subsp. perfoliata,Claytonia perfoliata,Montiaceae,Claytonia,Los Angeles County,California,33.35617,-118.443345,2026-01-14,2026,Andrena,interactsWith,bee,general_interaction
Brodiaea elegans subsp. elegans,Brodiaea elegans,Asparagaceae,Brodiaea,Siskiyou County,California,41.633587,-123.079453,2026-06-22,2026,Strymon melinus,interactsWith,butterfly,general_interaction
Brodiaea elegans subsp. elegans,Brodiaea elegans,Asparagaceae,Brodiaea,Siskiyou County,California,41.633587,-123.079453,2026-06-22,2026,Anthophora urbana,interactsWith,bee,general_interaction
Brodiaea elegans subsp. elegans,Brodiaea elegans,Asparagaceae,Brodiaea,Siskiyou County,California,41.633587,-123.079453,2026-06-22,2026,Halictus tripartitus,interactsWith,bee,general_interaction
Brodiaea elegans subsp. elegans,Brodiaea elegans,Asparagaceae,Brodiaea,Siskiyou County,California,41.633587,-123.079453,2026-06-22,2026,Lasioglossum incompletum,interactsWith,bee,general_interaction
Holodiscus discolor var. discolor,Holodiscus discolor,Rosaceae,Holodiscus,San Mateo County,California,37.468017,-122.278747,2025-06-11,2025,Andrena bucculenta,interactsWith,bee,general_interaction
Holodiscus discolor var. discolor,Holodiscus discolor,Rosaceae,Holodiscus,San Mateo County,California,37.468017,-122.278747,2025-06-11,2025,Andrena (Andrena),interactsWith,bee,general_interaction
Holodiscus discolor var. discolor,Holodiscus discolor,Rosaceae,Holodiscus,San Mateo County,California,37.468017,-122.278747,2025-06-11,2025,Sphecodes,interactsWith,bee,general_interaction
Holodiscus discolor var. discolor,Holodiscus discolor,Rosaceae,Holodiscus,San Mateo County,California,37.468017,-122.278747,2025-06-11,2025,Hylaeus punctatus,interactsWith,bee,general_interaction
Holodiscus discolor var. discolor,Holodiscus discolor,Rosaceae,Holodiscus,San Mateo County,California,37.468017,-122.278747,2025-06-11,2025,Lasioglossum,interactsWith,bee,general_interaction
Holodiscus discolor var. discolor,Holodiscus discolor,Rosaceae,Holodiscus,San Mateo County,California,37.468017,-122.278747,2025-06-11,2025,Nomada,interactsWith,bee,general_interaction
Holodiscus discolor var. discolor,Holodiscus discolor,Rosaceae,Holodiscus,San Mateo County,California,37.468017,-122.278747,2025-06-11,2025,Halictus tripartitus,interactsWith,bee,general_interaction
Holodiscus discolor var. discolor,Holodiscus discolor,Rosaceae,Holodiscus,San Mateo County,California,37.468017,-122.278747,2025-06-11,2025,Hylaeus,interactsWith,bee,general_interaction
Holodiscus discolor var. discolor,Holodiscus discolor,Rosaceae,Holodiscus,San Mateo County,California,37.468017,-122.278747,2025-06-11,2025,Andrena knuthiana,interactsWith,bee,general_interaction
Holodiscus discolor var. discolor,Holodiscus discolor,Rosaceae,Holodiscus,San Mateo County,California,37.468017,-122.278747,2025-06-11,2025,Andrena,interactsWith,bee,general_interaction
Holodiscus discolor var. discolor,Holodiscus discolor,Rosaceae,Holodiscus,San Mateo County,California,37.468017,-122.278747,2025-06-11,2025,Bombus vosnesenskii,interactsWith,bee,general_interaction
Erysimum capitatum var. capitatum,Erysimum capitatum,Brassicaceae,Erysimum,El Dorado County,California,38.904364,-120.038672,2025-05-29,2025,Andrena cressonii infasciata,visitedBy,bee,confirmed_pollination
Erysimum capitatum var. capitatum,Erysimum capitatum,Brassicaceae,Erysimum,El Dorado County,California,38.904364,-120.038672,2025-05-29,2025,Lasioglossum sisymbrii,interactsWith,bee,general_interaction
Erysimum capitatum var. capitatum,Erysimum capitatum,Brassicaceae,Erysimum,El Dorado County,California,38.904364,-120.038672,2025-05-29,2025,Lasioglossum semicaeruleum,interactsWith,bee,general_interaction
Erysimum capitatum var. capitatum,Erysimum capitatum,Brassicaceae,Erysimum,El Dorado County,California,38.904364,-120.038672,2025-05-29,2025,Osmia cordata,interactsWith,bee,general_interaction
Erysimum capitatum var. capitatum,Erysimum capitatum,Brassicaceae,Erysimum,El Dorado County,California,38.904364,-120.038672,2025-05-29,2025,Lasioglossum trizonatum,interactsWith,bee,general_interaction
Erysimum capitatum var. capitatum,Erysimum capitatum,Brassicaceae,Erysimum,El Dorado County,California,38.904364,-120.038672,2025-05-29,2025,Lasioglossum albipenne,interactsWith,bee,general_interaction
Hosackia crassifolia var. crassifolia,Hosackia crassifolia,Fabaceae,Hosackia,Shasta County,California,40.795933,-122.547517,2026-07-01,2026,Bombus vosnesenskii,flowersVisitedBy,bee,confirmed_pollination
Notholithocarpus densiflorus var. densiflorus,Notholithocarpus densiflorus,Fagaceae,Notholithocarpus,Sonoma County,California,38.518389,-123.068675,2025-06-06,2025,Limenitis bredowii californica,interactsWith,butterfly,general_interaction
Notholithocarpus densiflorus var. densiflorus,Notholithocarpus densiflorus,Fagaceae,Notholithocarpus,Sonoma County,California,38.518389,-123.068675,2025-06-06,2025,Colletes,interactsWith,bee,general_interaction
Notholithocarpus densiflorus var. densiflorus,Notholithocarpus densiflorus,Fagaceae,Notholithocarpus,Sonoma County,California,38.518389,-123.068675,2025-06-06,2025,Halictus tripartitus,interactsWith,bee,general_interaction
Notholithocarpus densiflorus var. densiflorus,Notholithocarpus densiflorus,Fagaceae,Notholithocarpus,Sonoma County,California,38.518389,-123.068675,2025-06-06,2025,Habrodais grunus,interactsWith,butterfly,general_interaction
Notholithocarpus densiflorus var. densiflorus,Notholithocarpus densiflorus,Fagaceae,Notholithocarpus,Sonoma County,California,38.518389,-123.068675,2025-06-06,2025,Hylaeus,interactsWith,bee,general_interaction
Notholithocarpus densiflorus var. densiflorus,Notholithocarpus densiflorus,Fagaceae,Notholithocarpus,Sonoma County,California,38.518389,-123.068675,2025-06-06,2025,Lasioglossum,interactsWith,bee,general_interaction
Hypericum perforatum subsp. perforatum,Hypericum perforatum,Hypericaceae,Hypericum,Butte County,California,39.746187,-121.608187,2026-05-14,2026,Bombus vosnesenskii,interactsWith,bee,general_interaction
Notholithocarpus densiflorus var. densiflorus,Notholithocarpus densiflorus,Fagaceae,Notholithocarpus,Santa Cruz County,California,37.059886,-122.113105,2025-07-23,2025,Limenitis bredowii californica,interactsWith,butterfly,general_interaction
Notholithocarpus densiflorus var. densiflorus,Notholithocarpus densiflorus,Fagaceae,Notholithocarpus,Santa Cruz County,California,37.059886,-122.113105,2025-07-23,2025,Colletes,interactsWith,bee,general_interaction
Notholithocarpus densiflorus var. densiflorus,Notholithocarpus densiflorus,Fagaceae,Notholithocarpus,Santa Cruz County,California,37.059886,-122.113105,2025-07-23,2025,Halictus tripartitus,interactsWith,bee,general_interaction
Notholithocarpus densiflorus var. densiflorus,Notholithocarpus densiflorus,Fagaceae,Notholithocarpus,Santa Cruz County,California,37.059886,-122.113105,2025-07-23,2025,Habrodais grunus,interactsWith,butterfly,general_interaction
Notholithocarpus densiflorus var. densiflorus,Notholithocarpus densiflorus,Fagaceae,Notholithocarpus,Santa Cruz County,California,37.059886,-122.113105,2025-07-23,2025,Hylaeus,interactsWith,bee,general_interaction
Notholithocarpus densiflorus var. densiflorus,Notholithocarpus densiflorus,Fagaceae,Notholithocarpus,Santa Cruz County,California,37.059886,-122.113105,2025-07-23,2025,Lasioglossum,interactsWith,bee,general_interaction
Notholithocarpus densiflorus var. densiflorus,Notholithocarpus densiflorus,Fagaceae,Notholithocarpus,Siskiyou County,California,41.167088,-122.322747,2025-07-19,2025,Limenitis bredowii californica,interactsWith,butterfly,general_interaction
Notholithocarpus densiflorus var. densiflorus,Notholithocarpus densiflorus,Fagaceae,Notholithocarpus,Siskiyou County,California,41.167088,-122.322747,2025-07-19,2025,Colletes,interactsWith,bee,general_interaction
Notholithocarpus densiflorus var. densiflorus,Notholithocarpus densiflorus,Fagaceae,Notholithocarpus,Siskiyou County,California,41.167088,-122.322747,2025-07-19,2025,Halictus tripartitus,interactsWith,bee,general_interaction
Notholithocarpus densiflorus var. densiflorus,Notholithocarpus densiflorus,Fagaceae,Notholithocarpus,Siskiyou County,California,41.167088,-122.322747,2025-07-19,2025,Habrodais grunus,interactsWith,butterfly,general_interaction
Notholithocarpus densiflorus var. densiflorus,Notholithocarpus densiflorus,Fagaceae,Notholithocarpus,Siskiyou County,California,41.167088,-122.322747,2025-07-19,2025,Hylaeus,interactsWith,bee,general_interaction
Notholithocarpus densiflorus var. densiflorus,Notholithocarpus densiflorus,Fagaceae,Notholithocarpus,Siskiyou County,California,41.167088,-122.322747,2025-07-19,2025,Lasioglossum,interactsWith,bee,general_interaction
Quercus agrifolia var. agrifolia,Quercus agrifolia,Fagaceae,Quercus,Santa Clara County,California,37.2961,-122.168053,2025-10-30,2025,Celastrina echo,interactsWith,butterfly,general_interaction
Quercus agrifolia var. agrifolia,Quercus agrifolia,Fagaceae,Quercus,Santa Clara County,California,37.2961,-122.168053,2025-10-30,2025,Andrena,interactsWith,bee,general_interaction
Quercus agrifolia var. agrifolia,Quercus agrifolia,Fagaceae,Quercus,Santa Clara County,California,37.2961,-122.168053,2025-10-30,2025,Apis mellifera,interactsWith,bee,general_interaction
Quercus agrifolia var. agrifolia,Quercus agrifolia,Fagaceae,Quercus,Santa Clara County,California,37.2961,-122.168053,2025-10-30,2025,Lasioglossum,interactsWith,bee,general_interaction
Brodiaea elegans subsp. elegans,Brodiaea elegans,Asparagaceae,Brodiaea,Nevada County,California,39.165375,-121.146264,2025-05-19,2025,Strymon melinus,interactsWith,butterfly,general_interaction
Brodiaea elegans subsp. elegans,Brodiaea elegans,Asparagaceae,Brodiaea,Nevada County,California,39.165375,-121.146264,2025-05-19,2025,Anthophora urbana,interactsWith,bee,general_interaction
Brodiaea elegans subsp. elegans,Brodiaea elegans,Asparagaceae,Brodiaea,Nevada County,California,39.165375,-121.146264,2025-05-19,2025,Halictus tripartitus,interactsWith,bee,general_interaction
Brodiaea elegans subsp. elegans,Brodiaea elegans,Asparagaceae,Brodiaea,Nevada County,California,39.165375,-121.146264,2025-05-19,2025,Lasioglossum incompletum,interactsWith,bee,general_interaction
Erysimum capitatum var. capitatum,Erysimum capitatum,Brassicaceae,Erysimum,Sierra County,California,39.357618,-120.810882,2025-05-24,2025,Andrena cressonii infasciata,visitedBy,bee,confirmed_pollination
Erysimum capitatum var. capitatum,Erysimum capitatum,Brassicaceae,Erysimum,Sierra County,California,39.357618,-120.810882,2025-05-24,2025,Lasioglossum sisymbrii,interactsWith,bee,general_interaction
Erysimum capitatum var. capitatum,Erysimum capitatum,Brassicaceae,Erysimum,Sierra County,California,39.357618,-120.810882,2025-05-24,2025,Lasioglossum semicaeruleum,interactsWith,bee,general_interaction
Erysimum capitatum var. capitatum,Erysimum capitatum,Brassicaceae,Erysimum,Sierra County,California,39.357618,-120.810882,2025-05-24,2025,Osmia cordata,interactsWith,bee,general_interaction
Erysimum capitatum var. capitatum,Erysimum capitatum,Brassicaceae,Erysimum,Sierra County,California,39.357618,-120.810882,2025-05-24,2025,Lasioglossum trizonatum,interactsWith,bee,general_interaction
Erysimum capitatum var. capitatum,Erysimum capitatum,Brassicaceae,Erysimum,Sierra County,California,39.357618,-120.810882,2025-05-24,2025,Lasioglossum albipenne,interactsWith,bee,general_interaction
Adenostoma fasciculatum var. fasciculatum,Adenostoma fasciculatum,Rosaceae,Adenostoma,Tehama County,California,40.037689,-122.630225,2026-03-19,2026,Andrena bucculenta,interactsWith,bee,general_interaction
Adenostoma fasciculatum var. fasciculatum,Adenostoma fasciculatum,Rosaceae,Adenostoma,Tehama County,California,40.037689,-122.630225,2026-03-19,2026,Andrena (Andrena),interactsWith,bee,general_interaction
Adenostoma fasciculatum var. fasciculatum,Adenostoma fasciculatum,Rosaceae,Adenostoma,Tehama County,California,40.037689,-122.630225,2026-03-19,2026,Chelostoma incisulum,interactsWith,bee,general_interaction
Adenostoma fasciculatum var. fasciculatum,Adenostoma fasciculatum,Rosaceae,Adenostoma,Tehama County,California,40.037689,-122.630225,2026-03-19,2026,Colletes,interactsWith,bee,general_interaction
Adenostoma fasciculatum var. fasciculatum,Adenostoma fasciculatum,Rosaceae,Adenostoma,Tehama County,California,40.037689,-122.630225,2026-03-19,2026,Dialictus,interactsWith,bee,general_interaction
Adenostoma fasciculatum var. fasciculatum,Adenostoma fasciculatum,Rosaceae,Adenostoma,Tehama County,California,40.037689,-122.630225,2026-03-19,2026,Heriades occidentalis,interactsWith,bee,general_interaction
Adenostoma fasciculatum var. fasciculatum,Adenostoma fasciculatum,Rosaceae,Adenostoma,Tehama County,California,40.037689,-122.630225,2026-03-19,2026,Bombus caliginosus,interactsWith,bee,general_interaction
Adenostoma fasciculatum var. fasciculatum,Adenostoma fasciculatum,Rosaceae,Adenostoma,Tehama County,California,40.037689,-122.630225,2026-03-19,2026,Habrodais grunus,interactsWith,butterfly,general_interaction
Adenostoma fasciculatum var. fasciculatum,Adenostoma fasciculatum,Rosaceae,Adenostoma,Tehama County,California,40.037689,-122.630225,2026-03-19,2026,Andrena principalis,interactsWith,bee,general_interaction
Adenostoma fasciculatum var. fasciculatum,Adenostoma fasciculatum,Rosaceae,Adenostoma,Tehama County,California,40.037689,-122.630225,2026-03-19,2026,Andrena cerasifolii,interactsWith,bee,general_interaction
Adenostoma fasciculatum var. fasciculatum,Adenostoma fasciculatum,Rosaceae,Adenostoma,Tehama County,California,40.037689,-122.630225,2026-03-19,2026,Bombus melanopygus,interactsWith,bee,general_interaction
Adenostoma fasciculatum var. fasciculatum,Adenostoma fasciculatum,Rosaceae,Adenostoma,Tehama County,California,40.037689,-122.630225,2026-03-19,2026,Hylaeus,interactsWith,bee,general_interaction
Adenostoma fasciculatum var. fasciculatum,Adenostoma fasciculatum,Rosaceae,Adenostoma,Tehama County,California,40.037689,-122.630225,2026-03-19,2026,Bombus occidentalis,interactsWith,bee,general_interaction
Adenostoma fasciculatum var. fasciculatum,Adenostoma fasciculatum,Rosaceae,Adenostoma,Tehama County,California,40.037689,-122.630225,2026-03-19,2026,Xeromelecta californica,interactsWith,bee,general_interaction
Adenostoma fasciculatum var. fasciculatum,Adenostoma fasciculatum,Rosaceae,Adenostoma,Tehama County,California,40.037689,-122.630225,2026-03-19,2026,Ochlodes sylvanoides,interactsWith,butterfly,general_interaction
Adenostoma fasciculatum var. fasciculatum,Adenostoma fasciculatum,Rosaceae,Adenostoma,Tehama County,California,40.037689,-122.630225,2026-03-19,2026,Bombus vosnesenskii,interactsWith,bee,general_interaction
Adenostoma fasciculatum var. fasciculatum,Adenostoma fasciculatum,Rosaceae,Adenostoma,Tehama County,California,40.037689,-122.630225,2026-03-19,2026,Andrena,interactsWith,bee,general_interaction
Adenostoma fasciculatum var. fasciculatum,Adenostoma fasciculatum,Rosaceae,Adenostoma,Tehama County,California,40.037689,-122.630225,2026-03-19,2026,Satyrium saepium chalcis,interactsWith,butterfly,general_interaction
Adenostoma fasciculatum var. fasciculatum,Adenostoma fasciculatum,Rosaceae,Adenostoma,Tehama County,California,40.037689,-122.630225,2026-03-19,2026,Lasioglossum,interactsWith,bee,general_interaction
Adenostoma fasciculatum var. fasciculatum,Adenostoma fasciculatum,Rosaceae,Adenostoma,Tehama County,California,40.037689,-122.630225,2026-03-19,2026,Sphecodes,interactsWith,bee,general_interaction
Adenostoma fasciculatum var. fasciculatum,Adenostoma fasciculatum,Rosaceae,Adenostoma,Tehama County,California,40.037689,-122.630225,2026-03-19,2026,Andrena saccata,interactsWith,bee,general_interaction
Notholithocarpus densiflorus var. densiflorus,Notholithocarpus densiflorus,Fagaceae,Notholithocarpus,Monterey County,California,36.2511,-121.738037,2025-03-30,2025,Limenitis bredowii californica,interactsWith,butterfly,general_interaction
Notholithocarpus densiflorus var. densiflorus,Notholithocarpus densiflorus,Fagaceae,Notholithocarpus,Monterey County,California,36.2511,-121.738037,2025-03-30,2025,Colletes,interactsWith,bee,general_interaction
Notholithocarpus densiflorus var. densiflorus,Notholithocarpus densiflorus,Fagaceae,Notholithocarpus,Monterey County,California,36.2511,-121.738037,2025-03-30,2025,Halictus tripartitus,interactsWith,bee,general_interaction
Notholithocarpus densiflorus var. densiflorus,Notholithocarpus densiflorus,Fagaceae,Notholithocarpus,Monterey County,California,36.2511,-121.738037,2025-03-30,2025,Habrodais grunus,interactsWith,butterfly,general_interaction
Notholithocarpus densiflorus var. densiflorus,Notholithocarpus densiflorus,Fagaceae,Notholithocarpus,Monterey County,California,36.2511,-121.738037,2025-03-30,2025,Hylaeus,interactsWith,bee,general_interaction
Notholithocarpus densiflorus var. densiflorus,Notholithocarpus densiflorus,Fagaceae,Notholithocarpus,Monterey County,California,36.2511,-121.738037,2025-03-30,2025,Lasioglossum,interactsWith,bee,general_interaction
Holodiscus discolor var. discolor,Holodiscus discolor,Rosaceae,Holodiscus,San Luis Obispo County,California,35.78215,-121.323746,2026-07-03,2026,Andrena bucculenta,interactsWith,bee,general_interaction
Holodiscus discolor var. discolor,Holodiscus discolor,Rosaceae,Holodiscus,San Luis Obispo County,California,35.78215,-121.323746,2026-07-03,2026,Andrena (Andrena),interactsWith,bee,general_interaction
Holodiscus discolor var. discolor,Holodiscus discolor,Rosaceae,Holodiscus,San Luis Obispo County,California,35.78215,-121.323746,2026-07-03,2026,Sphecodes,interactsWith,bee,general_interaction
Holodiscus discolor var. discolor,Holodiscus discolor,Rosaceae,Holodiscus,San Luis Obispo County,California,35.78215,-121.323746,2026-07-03,2026,Hylaeus punctatus,interactsWith,bee,general_interaction
Holodiscus discolor var. discolor,Holodiscus discolor,Rosaceae,Holodiscus,San Luis Obispo County,California,35.78215,-121.323746,2026-07-03,2026,Lasioglossum,interactsWith,bee,general_interaction
Holodiscus discolor var. discolor,Holodiscus discolor,Rosaceae,Holodiscus,San Luis Obispo County,California,35.78215,-121.323746,2026-07-03,2026,Nomada,interactsWith,bee,general_interaction
Holodiscus discolor var. discolor,Holodiscus discolor,Rosaceae,Holodiscus,San Luis Obispo County,California,35.78215,-121.323746,2026-07-03,2026,Halictus tripartitus,interactsWith,bee,general_interaction
Holodiscus discolor var. discolor,Holodiscus discolor,Rosaceae,Holodiscus,San Luis Obispo County,California,35.78215,-121.323746,2026-07-03,2026,Hylaeus,interactsWith,bee,general_interaction
Holodiscus discolor var. discolor,Holodiscus discolor,Rosaceae,Holodiscus,San Luis Obispo County,California,35.78215,-121.323746,2026-07-03,2026,Andrena knuthiana,interactsWith,bee,general_interaction
Holodiscus discolor var. discolor,Holodiscus discolor,Rosaceae,Holodiscus,San Luis Obispo County,California,35.78215,-121.323746,2026-07-03,2026,Andrena,interactsWith,bee,general_interaction
Holodiscus discolor var. discolor,Holodiscus discolor,Rosaceae,Holodiscus,San Luis Obispo County,California,35.78215,-121.323746,2026-07-03,2026,Bombus vosnesenskii,interactsWith,bee,general_interaction
Sidalcea malviflora subsp. malviflora,Sidalcea malviflora,Malvaceae,Sidalcea,San Mateo County,California,37.353917,-122.210175,2025-04-28,2025,Andrena saccata,interactsWith,bee,general_interaction
Sidalcea malviflora subsp. malviflora,Sidalcea malviflora,Malvaceae,Sidalcea,San Mateo County,California,37.353917,-122.210175,2025-04-28,2025,Lasioglossum pavonotum,interactsWith,bee,general_interaction
Lupinus albifrons var. albifrons,Lupinus albifrons,Fabaceae,Lupinus,Tulare County,California,35.683846,-118.88439,2025-04-06,2025,Hylephila phylaeus,visitedBy,butterfly,confirmed_pollination
Lupinus albifrons var. albifrons,Lupinus albifrons,Fabaceae,Lupinus,Tulare County,California,35.683846,-118.88439,2025-04-06,2025,Osmia brevis,interactsWith,bee,general_interaction
Lupinus albifrons var. albifrons,Lupinus albifrons,Fabaceae,Lupinus,Tulare County,California,35.683846,-118.88439,2025-04-06,2025,Melecta edwardsii,interactsWith,bee,general_interaction
Lupinus albifrons var. albifrons,Lupinus albifrons,Fabaceae,Lupinus,Tulare County,California,35.683846,-118.88439,2025-04-06,2025,Protosmia rubifloris,interactsWith,bee,general_interaction
Lupinus albifrons var. albifrons,Lupinus albifrons,Fabaceae,Lupinus,Tulare County,California,35.683846,-118.88439,2025-04-06,2025,Xylocopa tabaniformis orpifex,interactsWith,bee,general_interaction
Lupinus albifrons var. albifrons,Lupinus albifrons,Fabaceae,Lupinus,Tulare County,California,35.683846,-118.88439,2025-04-06,2025,Apodemia mormo mormo,interactsWith,butterfly,general_interaction
Lupinus albifrons var. albifrons,Lupinus albifrons,Fabaceae,Lupinus,Tulare County,California,35.683846,-118.88439,2025-04-06,2025,Bombus melanopygus,interactsWith,bee,general_interaction
Lupinus albifrons var. albifrons,Lupinus albifrons,Fabaceae,Lupinus,Tulare County,California,35.683846,-118.88439,2025-04-06,2025,Eucera lunata,interactsWith,bee,general_interaction
Lupinus albifrons var. albifrons,Lupinus albifrons,Fabaceae,Lupinus,Tulare County,California,35.683846,-118.88439,2025-04-06,2025,Habropoda tristissima,interactsWith,bee,general_interaction
Lupinus albifrons var. albifrons,Lupinus albifrons,Fabaceae,Lupinus,Tulare County,California,35.683846,-118.88439,2025-04-06,2025,Callophrys dumetorum dumetorum,interactsWith,butterfly,general_interaction
Lupinus albifrons var. albifrons,Lupinus albifrons,Fabaceae,Lupinus,Tulare County,California,35.683846,-118.88439,2025-04-06,2025,Habropoda miserabilis,interactsWith,bee,general_interaction
Lupinus albifrons var. albifrons,Lupinus albifrons,Fabaceae,Lupinus,Tulare County,California,35.683846,-118.88439,2025-04-06,2025,Dialictus,interactsWith,bee,general_interaction
Lupinus albifrons var. albifrons,Lupinus albifrons,Fabaceae,Lupinus,Tulare County,California,35.683846,-118.88439,2025-04-06,2025,Bombus caliginosus,interactsWith,bee,general_interaction
Lupinus albifrons var. albifrons,Lupinus albifrons,Fabaceae,Lupinus,Tulare County,California,35.683846,-118.88439,2025-04-06,2025,Erynnis pacuvius,interactsWith,butterfly,general_interaction
Lupinus albifrons var. albifrons,Lupinus albifrons,Fabaceae,Lupinus,Tulare County,California,35.683846,-118.88439,2025-04-06,2025,Eucera frater albopilosa,interactsWith,bee,general_interaction
Lupinus albifrons var. albifrons,Lupinus albifrons,Fabaceae,Lupinus,Tulare County,California,35.683846,-118.88439,2025-04-06,2025,Strymon melinus,interactsWith,butterfly,general_interaction
Lupinus albifrons var. albifrons,Lupinus albifrons,Fabaceae,Lupinus,Tulare County,California,35.683846,-118.88439,2025-04-06,2025,Lasioglossum mellipes,interactsWith,bee,general_interaction
Lupinus albifrons var. albifrons,Lupinus albifrons,Fabaceae,Lupinus,Tulare County,California,35.683846,-118.88439,2025-04-06,2025,Bombus vosnesenskii,interactsWith,bee,general_interaction
Claytonia perfoliata subsp. perfoliata,Claytonia perfoliata,Montiaceae,Claytonia,San Francisco County,California,37.798681,-122.467675,2026-01-08,2026,Andrena anisochlora,flowersVisitedBy,bee,confirmed_pollination
Claytonia perfoliata subsp. perfoliata,Claytonia perfoliata,Montiaceae,Claytonia,San Francisco County,California,37.798681,-122.467675,2026-01-08,2026,Andrena,interactsWith,bee,general_interaction
Triphysaria eriantha subsp. eriantha,Triphysaria eriantha,Orobanchaceae,Triphysaria,Plumas County,California,39.940348,-120.902113,2026-03-27,2026,Andrena,interactsWith,bee,general_interaction
Triphysaria eriantha subsp. eriantha,Triphysaria eriantha,Orobanchaceae,Triphysaria,Plumas County,California,39.940348,-120.902113,2026-03-27,2026,Andrena microchlora,interactsWith,bee,general_interaction
Salix exigua var. exigua,Salix exigua,Salicaceae,Salix,San Diego County,California,33.371443,-116.423282,2025-01-12,2025,Bombus griseocollis,flowersVisitedBy,bee,confirmed_pollination
Erythronium grandiflorum subsp. grandiflorum,Erythronium grandiflorum,Liliaceae,Erythronium,Mendocino County,California,40.043071,-122.949166,2026-06-11,2026,Andrena,pollinatedBy,bee,confirmed_pollination
Erythronium grandiflorum subsp. grandiflorum,Erythronium grandiflorum,Liliaceae,Erythronium,Mendocino County,California,40.043071,-122.949166,2026-06-11,2026,Bombus,pollinatedBy,bee,confirmed_pollination
Adenostoma fasciculatum var. fasciculatum,Adenostoma fasciculatum,Rosaceae,Adenostoma,Tulare County,California,36.503192,-118.868897,2025-10-16,2025,Andrena bucculenta,interactsWith,bee,general_interaction
Adenostoma fasciculatum var. fasciculatum,Adenostoma fasciculatum,Rosaceae,Adenostoma,Tulare County,California,36.503192,-118.868897,2025-10-16,2025,Andrena (Andrena),interactsWith,bee,general_interaction
Adenostoma fasciculatum var. fasciculatum,Adenostoma fasciculatum,Rosaceae,Adenostoma,Tulare County,California,36.503192,-118.868897,2025-10-16,2025,Chelostoma incisulum,interactsWith,bee,general_interaction
Adenostoma fasciculatum var. fasciculatum,Adenostoma fasciculatum,Rosaceae,Adenostoma,Tulare County,California,36.503192,-118.868897,2025-10-16,2025,Colletes,interactsWith,bee,general_interaction
Adenostoma fasciculatum var. fasciculatum,Adenostoma fasciculatum,Rosaceae,Adenostoma,Tulare County,California,36.503192,-118.868897,2025-10-16,2025,Dialictus,interactsWith,bee,general_interaction
Adenostoma fasciculatum var. fasciculatum,Adenostoma fasciculatum,Rosaceae,Adenostoma,Tulare County,California,36.503192,-118.868897,2025-10-16,2025,Heriades occidentalis,interactsWith,bee,general_interaction
Adenostoma fasciculatum var. fasciculatum,Adenostoma fasciculatum,Rosaceae,Adenostoma,Tulare County,California,36.503192,-118.868897,2025-10-16,2025,Bombus caliginosus,interactsWith,bee,general_interaction
Adenostoma fasciculatum var. fasciculatum,Adenostoma fasciculatum,Rosaceae,Adenostoma,Tulare County,California,36.503192,-118.868897,2025-10-16,2025,Habrodais grunus,interactsWith,butterfly,general_interaction
Adenostoma fasciculatum var. fasciculatum,Adenostoma fasciculatum,Rosaceae,Adenostoma,Tulare County,California,36.503192,-118.868897,2025-10-16,2025,Andrena principalis,interactsWith,bee,general_interaction
Adenostoma fasciculatum var. fasciculatum,Adenostoma fasciculatum,Rosaceae,Adenostoma,Tulare County,California,36.503192,-118.868897,2025-10-16,2025,Andrena cerasifolii,interactsWith,bee,general_interaction
Adenostoma fasciculatum var. fasciculatum,Adenostoma fasciculatum,Rosaceae,Adenostoma,Tulare County,California,36.503192,-118.868897,2025-10-16,2025,Bombus melanopygus,interactsWith,bee,general_interaction
Adenostoma fasciculatum var. fasciculatum,Adenostoma fasciculatum,Rosaceae,Adenostoma,Tulare County,California,36.503192,-118.868897,2025-10-16,2025,Hylaeus,interactsWith,bee,general_interaction
Adenostoma fasciculatum var. fasciculatum,Adenostoma fasciculatum,Rosaceae,Adenostoma,Tulare County,California,36.503192,-118.868897,2025-10-16,2025,Bombus occidentalis,interactsWith,bee,general_interaction
Adenostoma fasciculatum var. fasciculatum,Adenostoma fasciculatum,Rosaceae,Adenostoma,Tulare County,California,36.503192,-118.868897,2025-10-16,2025,Xeromelecta californica,interactsWith,bee,general_interaction
Adenostoma fasciculatum var. fasciculatum,Adenostoma fasciculatum,Rosaceae,Adenostoma,Tulare County,California,36.503192,-118.868897,2025-10-16,2025,Ochlodes sylvanoides,interactsWith,butterfly,general_interaction
Adenostoma fasciculatum var. fasciculatum,Adenostoma fasciculatum,Rosaceae,Adenostoma,Tulare County,California,36.503192,-118.868897,2025-10-16,2025,Bombus vosnesenskii,interactsWith,bee,general_interaction
Adenostoma fasciculatum var. fasciculatum,Adenostoma fasciculatum,Rosaceae,Adenostoma,Tulare County,California,36.503192,-118.868897,2025-10-16,2025,Andrena,interactsWith,bee,general_interaction
Adenostoma fasciculatum var. fasciculatum,Adenostoma fasciculatum,Rosaceae,Adenostoma,Tulare County,California,36.503192,-118.868897,2025-10-16,2025,Satyrium saepium chalcis,interactsWith,butterfly,general_interaction
Adenostoma fasciculatum var. fasciculatum,Adenostoma fasciculatum,Rosaceae,Adenostoma,Tulare County,California,36.503192,-118.868897,2025-10-16,2025,Lasioglossum,interactsWith,bee,general_interaction
Adenostoma fasciculatum var. fasciculatum,Adenostoma fasciculatum,Rosaceae,Adenostoma,Tulare County,California,36.503192,-118.868897,2025-10-16,2025,Sphecodes,interactsWith,bee,general_interaction
Adenostoma fasciculatum var. fasciculatum,Adenostoma fasciculatum,Rosaceae,Adenostoma,Tulare County,California,36.503192,-118.868897,2025-10-16,2025,Andrena saccata,interactsWith,bee,general_interaction
Centromadia pungens subsp. pungens,Centromadia pungens,Asteraceae,Centromadia,Kern County,California,35.515498,-119.501564,2025-03-31,2025,Agapostemon (Agapostemon) texanus,interactsWith,bee,general_interaction
Centromadia pungens subsp. pungens,Centromadia pungens,Asteraceae,Centromadia,Kern County,California,35.515498,-119.501564,2025-03-31,2025,Melissodes lupinus,interactsWith,bee,general_interaction
Centromadia pungens subsp. pungens,Centromadia pungens,Asteraceae,Centromadia,Kern County,California,35.515498,-119.501564,2025-03-31,2025,Melissodes subillatus,interactsWith,bee,general_interaction
Centromadia pungens subsp. pungens,Centromadia pungens,Asteraceae,Centromadia,Kern County,California,35.515498,-119.501564,2025-03-31,2025,Lasioglossum kincaidii,interactsWith,bee,general_interaction
Nemophila menziesii var. menziesii,Nemophila menziesii,Hydrophyllaceae,Nemophila,San Bernardino County,California,34.32978,-117.184438,2026-03-12,2026,Andrena bucculenta,interactsWith,bee,general_interaction
Nemophila menziesii var. menziesii,Nemophila menziesii,Hydrophyllaceae,Nemophila,San Bernardino County,California,34.32978,-117.184438,2026-03-12,2026,Andrena (Andrena),interactsWith,bee,general_interaction
Nemophila menziesii var. menziesii,Nemophila menziesii,Hydrophyllaceae,Nemophila,San Bernardino County,California,34.32978,-117.184438,2026-03-12,2026,Andrena nemophilae,interactsWith,bee,general_interaction
Nemophila menziesii var. menziesii,Nemophila menziesii,Hydrophyllaceae,Nemophila,San Bernardino County,California,34.32978,-117.184438,2026-03-12,2026,Andrena crudeni,interactsWith,bee,general_interaction
Nemophila menziesii var. menziesii,Nemophila menziesii,Hydrophyllaceae,Nemophila,San Bernardino County,California,34.32978,-117.184438,2026-03-12,2026,Osmia glauca,interactsWith,bee,general_interaction
Nemophila menziesii var. menziesii,Nemophila menziesii,Hydrophyllaceae,Nemophila,San Bernardino County,California,34.32978,-117.184438,2026-03-12,2026,Hoplitis biscutellae,interactsWith,bee,general_interaction
Nemophila menziesii var. menziesii,Nemophila menziesii,Hydrophyllaceae,Nemophila,San Bernardino County,California,34.32978,-117.184438,2026-03-12,2026,Andrena angustitarsata,interactsWith,bee,general_interaction
Nemophila menziesii var. menziesii,Nemophila menziesii,Hydrophyllaceae,Nemophila,San Bernardino County,California,34.32978,-117.184438,2026-03-12,2026,Lasioglossum titusi,interactsWith,bee,general_interaction
Nemophila menziesii var. menziesii,Nemophila menziesii,Hydrophyllaceae,Nemophila,San Bernardino County,California,34.32978,-117.184438,2026-03-12,2026,Andrena nigrocaerulea,interactsWith,bee,general_interaction
Nemophila menziesii var. menziesii,Nemophila menziesii,Hydrophyllaceae,Nemophila,San Bernardino County,California,34.32978,-117.184438,2026-03-12,2026,Osmia,interactsWith,bee,general_interaction
Nemophila menziesii var. menziesii,Nemophila menziesii,Hydrophyllaceae,Nemophila,San Bernardino County,California,34.32978,-117.184438,2026-03-12,2026,Hoplitis fulgida,interactsWith,bee,general_interaction
Nemophila menziesii var. menziesii,Nemophila menziesii,Hydrophyllaceae,Nemophila,San Bernardino County,California,34.32978,-117.184438,2026-03-12,2026,Osmia lignaria,interactsWith,bee,general_interaction
Nemophila menziesii var. menziesii,Nemophila menziesii,Hydrophyllaceae,Nemophila,San Bernardino County,California,34.32978,-117.184438,2026-03-12,2026,Lasioglossum,interactsWith,bee,general_interaction
Nemophila menziesii var. menziesii,Nemophila menziesii,Hydrophyllaceae,Nemophila,San Bernardino County,California,34.32978,-117.184438,2026-03-12,2026,Andrena orthocarpi,interactsWith,bee,general_interaction
Nemophila menziesii var. menziesii,Nemophila menziesii,Hydrophyllaceae,Nemophila,San Bernardino County,California,34.32978,-117.184438,2026-03-12,2026,Andrena cerasifolii,interactsWith,bee,general_interaction
Nemophila menziesii var. menziesii,Nemophila menziesii,Hydrophyllaceae,Nemophila,San Bernardino County,California,34.32978,-117.184438,2026-03-12,2026,Andrena suavis,interactsWith,bee,general_interaction
Nemophila menziesii var. menziesii,Nemophila menziesii,Hydrophyllaceae,Nemophila,San Bernardino County,California,34.32978,-117.184438,2026-03-12,2026,Andrena,interactsWith,bee,general_interaction
Nemophila menziesii var. menziesii,Nemophila menziesii,Hydrophyllaceae,Nemophila,San Bernardino County,California,34.32978,-117.184438,2026-03-12,2026,Bombus vosnesenskii,interactsWith,bee,general_interaction
Nemophila menziesii var. menziesii,Nemophila menziesii,Hydrophyllaceae,Nemophila,San Bernardino County,California,34.32978,-117.184438,2026-03-12,2026,Andrena candida,interactsWith,bee,general_interaction
Nemophila menziesii var. menziesii,Nemophila menziesii,Hydrophyllaceae,Nemophila,San Bernardino County,California,34.32978,-117.184438,2026-03-12,2026,Andrena nigripes,interactsWith,bee,general_interaction
Nemophila menziesii var. menziesii,Nemophila menziesii,Hydrophyllaceae,Nemophila,San Bernardino County,California,34.32978,-117.184438,2026-03-12,2026,Andrena viridissima,interactsWith,bee,general_interaction
Nemophila menziesii var. menziesii,Nemophila menziesii,Hydrophyllaceae,Nemophila,San Bernardino County,California,34.32978,-117.184438,2026-03-12,2026,Osmia nemoris,interactsWith,bee,general_interaction
Nemophila menziesii var. menziesii,Nemophila menziesii,Hydrophyllaceae,Nemophila,San Bernardino County,California,34.32978,-117.184438,2026-03-12,2026,Hoplitis,interactsWith,bee,general_interaction
Nemophila menziesii var. menziesii,Nemophila menziesii,Hydrophyllaceae,Nemophila,San Bernardino County,California,34.32978,-117.184438,2026-03-12,2026,Andrena cressonii,interactsWith,bee,general_interaction
Lupinus albifrons var. albifrons,Lupinus albifrons,Fabaceae,Lupinus,Placer County,California,39.113697,-120.915,2025-04-07,2025,Hylephila phylaeus,visitedBy,butterfly,confirmed_pollination
Lupinus albifrons var. albifrons,Lupinus albifrons,Fabaceae,Lupinus,Placer County,California,39.113697,-120.915,2025-04-07,2025,Osmia brevis,interactsWith,bee,general_interaction
Lupinus albifrons var. albifrons,Lupinus albifrons,Fabaceae,Lupinus,Placer County,California,39.113697,-120.915,2025-04-07,2025,Melecta edwardsii,interactsWith,bee,general_interaction
Lupinus albifrons var. albifrons,Lupinus albifrons,Fabaceae,Lupinus,Placer County,California,39.113697,-120.915,2025-04-07,2025,Protosmia rubifloris,interactsWith,bee,general_interaction
Lupinus albifrons var. albifrons,Lupinus albifrons,Fabaceae,Lupinus,Placer County,California,39.113697,-120.915,2025-04-07,2025,Xylocopa tabaniformis orpifex,interactsWith,bee,general_interaction
Lupinus albifrons var. albifrons,Lupinus albifrons,Fabaceae,Lupinus,Placer County,California,39.113697,-120.915,2025-04-07,2025,Apodemia mormo mormo,interactsWith,butterfly,general_interaction
Lupinus albifrons var. albifrons,Lupinus albifrons,Fabaceae,Lupinus,Placer County,California,39.113697,-120.915,2025-04-07,2025,Bombus melanopygus,interactsWith,bee,general_interaction
Lupinus albifrons var. albifrons,Lupinus albifrons,Fabaceae,Lupinus,Placer County,California,39.113697,-120.915,2025-04-07,2025,Eucera lunata,interactsWith,bee,general_interaction
Lupinus albifrons var. albifrons,Lupinus albifrons,Fabaceae,Lupinus,Placer County,California,39.113697,-120.915,2025-04-07,2025,Habropoda tristissima,interactsWith,bee,general_interaction
Lupinus albifrons var. albifrons,Lupinus albifrons,Fabaceae,Lupinus,Placer County,California,39.113697,-120.915,2025-04-07,2025,Callophrys dumetorum dumetorum,interactsWith,butterfly,general_interaction
Lupinus albifrons var. albifrons,Lupinus albifrons,Fabaceae,Lupinus,Placer County,California,39.113697,-120.915,2025-04-07,2025,Habropoda miserabilis,interactsWith,bee,general_interaction
Lupinus albifrons var. albifrons,Lupinus albifrons,Fabaceae,Lupinus,Placer County,California,39.113697,-120.915,2025-04-07,2025,Dialictus,interactsWith,bee,general_interaction
Lupinus albifrons var. albifrons,Lupinus albifrons,Fabaceae,Lupinus,Placer County,California,39.113697,-120.915,2025-04-07,2025,Bombus caliginosus,interactsWith,bee,general_interaction
Lupinus albifrons var. albifrons,Lupinus albifrons,Fabaceae,Lupinus,Placer County,California,39.113697,-120.915,2025-04-07,2025,Erynnis pacuvius,interactsWith,butterfly,general_interaction
Lupinus albifrons var. albifrons,Lupinus albifrons,Fabaceae,Lupinus,Placer County,California,39.113697,-120.915,2025-04-07,2025,Eucera frater albopilosa,interactsWith,bee,general_interaction
Lupinus albifrons var. albifrons,Lupinus albifrons,Fabaceae,Lupinus,Placer County,California,39.113697,-120.915,2025-04-07,2025,Strymon melinus,interactsWith,butterfly,general_interaction
Lupinus albifrons var. albifrons,Lupinus albifrons,Fabaceae,Lupinus,Placer County,California,39.113697,-120.915,2025-04-07,2025,Lasioglossum mellipes,interactsWith,bee,general_interaction
Lupinus albifrons var. albifrons,Lupinus albifrons,Fabaceae,Lupinus,Placer County,California,39.113697,-120.915,2025-04-07,2025,Bombus vosnesenskii,interactsWith,bee,general_interaction
Ranunculus californicus var. californicus,Ranunculus californicus,Ranunculaceae,Ranunculus,Orange County,California,33.576451,-117.748102,2025-04-08,2025,Panurginus melanocephalus,interactsWith,bee,general_interaction
Ranunculus californicus var. californicus,Ranunculus californicus,Ranunculaceae,Ranunculus,Orange County,California,33.576451,-117.748102,2025-04-08,2025,Andrena suavis,interactsWith,bee,general_interaction
Ranunculus californicus var. californicus,Ranunculus californicus,Ranunculaceae,Ranunculus,Orange County,California,33.576451,-117.748102,2025-04-08,2025,Agapostemon texanus,interactsWith,bee,general_interaction
Ranunculus californicus var. californicus,Ranunculus californicus,Ranunculaceae,Ranunculus,Orange County,California,33.576451,-117.748102,2025-04-08,2025,Halictus rubicundus,interactsWith,bee,general_interaction
Ranunculus californicus var. californicus,Ranunculus californicus,Ranunculaceae,Ranunculus,Orange County,California,33.576451,-117.748102,2025-04-08,2025,Andrena angustitarsata,interactsWith,bee,general_interaction
Ranunculus californicus var. californicus,Ranunculus californicus,Ranunculaceae,Ranunculus,Orange County,California,33.576451,-117.748102,2025-04-08,2025,Nomada,interactsWith,bee,general_interaction
Ranunculus californicus var. californicus,Ranunculus californicus,Ranunculaceae,Ranunculus,Orange County,California,33.576451,-117.748102,2025-04-08,2025,Halictus tripartitus,interactsWith,bee,general_interaction
Ranunculus californicus var. californicus,Ranunculus californicus,Ranunculaceae,Ranunculus,Orange County,California,33.576451,-117.748102,2025-04-08,2025,Panurginus,interactsWith,bee,general_interaction
Ranunculus californicus var. californicus,Ranunculus californicus,Ranunculaceae,Ranunculus,Orange County,California,33.576451,-117.748102,2025-04-08,2025,Lasioglossum,interactsWith,bee,general_interaction
Ranunculus californicus var. californicus,Ranunculus californicus,Ranunculaceae,Ranunculus,Orange County,California,33.576451,-117.748102,2025-04-08,2025,Protosmia rubifloris,interactsWith,bee,general_interaction
Ranunculus californicus var. californicus,Ranunculus californicus,Ranunculaceae,Ranunculus,Orange County,California,33.576451,-117.748102,2025-04-08,2025,Halictus farinosus,interactsWith,bee,general_interaction
Ranunculus californicus var. californicus,Ranunculus californicus,Ranunculaceae,Ranunculus,Orange County,California,33.576451,-117.748102,2025-04-08,2025,Lasioglossum incompletum,interactsWith,bee,general_interaction
Ranunculus californicus var. californicus,Ranunculus californicus,Ranunculaceae,Ranunculus,Orange County,California,33.576451,-117.748102,2025-04-08,2025,Coenonympha california,interactsWith,butterfly,general_interaction
Ranunculus californicus var. californicus,Ranunculus californicus,Ranunculaceae,Ranunculus,Orange County,California,33.576451,-117.748102,2025-04-08,2025,Andrena,interactsWith,bee,general_interaction
Ranunculus californicus var. californicus,Ranunculus californicus,Ranunculaceae,Ranunculus,Orange County,California,33.576451,-117.748102,2025-04-08,2025,Eresia aveyrona mylitta,interactsWith,butterfly,general_interaction
Ranunculus californicus var. californicus,Ranunculus californicus,Ranunculaceae,Ranunculus,Orange County,California,33.576451,-117.748102,2025-04-08,2025,Osmia cyanella,interactsWith,bee,general_interaction
Ranunculus californicus var. californicus,Ranunculus californicus,Ranunculaceae,Ranunculus,Orange County,California,33.576451,-117.748102,2025-04-08,2025,Osmia lignaria propinqua,interactsWith,bee,general_interaction
Ranunculus californicus var. californicus,Ranunculus californicus,Ranunculaceae,Ranunculus,Orange County,California,33.576451,-117.748102,2025-04-08,2025,Andrena caerulea,interactsWith,bee,general_interaction
Ranunculus californicus var. californicus,Ranunculus californicus,Ranunculaceae,Ranunculus,Orange County,California,33.576451,-117.748102,2025-04-08,2025,Andrena chalybaea,interactsWith,bee,general_interaction
Ranunculus californicus var. californicus,Ranunculus californicus,Ranunculaceae,Ranunculus,Orange County,California,33.576451,-117.748102,2025-04-08,2025,Andrena cuneilabris,interactsWith,bee,general_interaction
Frangula rubra subsp. rubra,Frangula rubra,Rhamnaceae,Frangula,Siskiyou County,California,41.07265,-122.310325,2026-04-13,2026,Andrena cressonii,flowersVisitedBy,bee,confirmed_pollination
Frangula californica subsp. californica,Frangula californica,Rhamnaceae,Frangula,Monterey County,California,36.799478,-121.686822,2025-07-24,2025,Andrena (Andrena),interactsWith,bee,general_interaction
Frangula californica subsp. californica,Frangula californica,Rhamnaceae,Frangula,Monterey County,California,36.799478,-121.686822,2025-07-24,2025,Bombus sitkensis,interactsWith,bee,general_interaction
Frangula californica subsp. californica,Frangula californica,Rhamnaceae,Frangula,Monterey County,California,36.799478,-121.686822,2025-07-24,2025,Celastrina echo,interactsWith,butterfly,general_interaction
Frangula californica subsp. californica,Frangula californica,Rhamnaceae,Frangula,Monterey County,California,36.799478,-121.686822,2025-07-24,2025,Phyciodes pulchella pulchella,interactsWith,butterfly,general_interaction
Frangula californica subsp. californica,Frangula californica,Rhamnaceae,Frangula,Monterey County,California,36.799478,-121.686822,2025-07-24,2025,Apis mellifera,interactsWith,bee,general_interaction
Frangula californica subsp. californica,Frangula californica,Rhamnaceae,Frangula,Monterey County,California,36.799478,-121.686822,2025-07-24,2025,Tharsalea arota,interactsWith,butterfly,general_interaction
Frangula californica subsp. californica,Frangula californica,Rhamnaceae,Frangula,Monterey County,California,36.799478,-121.686822,2025-07-24,2025,Colletes slevini,interactsWith,bee,general_interaction
Frangula californica subsp. californica,Frangula californica,Rhamnaceae,Frangula,Monterey County,California,36.799478,-121.686822,2025-07-24,2025,Lasioglossum pacificum,interactsWith,bee,general_interaction
Frangula californica subsp. californica,Frangula californica,Rhamnaceae,Frangula,Monterey County,California,36.799478,-121.686822,2025-07-24,2025,Lasioglossum,interactsWith,bee,general_interaction
Frangula californica subsp. californica,Frangula californica,Rhamnaceae,Frangula,Monterey County,California,36.799478,-121.686822,2025-07-24,2025,Bombus vosnesenskii,interactsWith,bee,general_interaction
Frangula californica subsp. californica,Frangula californica,Rhamnaceae,Frangula,Monterey County,California,36.799478,-121.686822,2025-07-24,2025,Melissodes,interactsWith,bee,general_interaction
Frangula californica subsp. californica,Frangula californica,Rhamnaceae,Frangula,Monterey County,California,36.799478,-121.686822,2025-07-24,2025,Andrena cerasifolii,interactsWith,bee,general_interaction
Frangula californica subsp. californica,Frangula californica,Rhamnaceae,Frangula,Monterey County,California,36.799478,-121.686822,2025-07-24,2025,Bombus flavifrons,interactsWith,bee,general_interaction
Frangula californica subsp. californica,Frangula californica,Rhamnaceae,Frangula,Monterey County,California,36.799478,-121.686822,2025-07-24,2025,Hylaeus,interactsWith,bee,general_interaction
Frangula californica subsp. californica,Frangula californica,Rhamnaceae,Frangula,Monterey County,California,36.799478,-121.686822,2025-07-24,2025,Andrena,interactsWith,bee,general_interaction
Frangula californica subsp. californica,Frangula californica,Rhamnaceae,Frangula,Monterey County,California,36.799478,-121.686822,2025-07-24,2025,Bombus melanopygus,interactsWith,bee,general_interaction
Frangula californica subsp. californica,Frangula californica,Rhamnaceae,Frangula,Monterey County,California,36.799478,-121.686822,2025-07-24,2025,Bombus caliginosus,interactsWith,bee,general_interaction
Frangula californica subsp. californica,Frangula californica,Rhamnaceae,Frangula,Monterey County,California,36.799478,-121.686822,2025-07-24,2025,Nomada,interactsWith,bee,general_interaction
Triphysaria eriantha subsp. eriantha,Triphysaria eriantha,Orobanchaceae,Triphysaria,San Benito County,California,37.036778,-121.209412,2025-03-10,2025,Andrena,interactsWith,bee,general_interaction
Triphysaria eriantha subsp. eriantha,Triphysaria eriantha,Orobanchaceae,Triphysaria,San Benito County,California,37.036778,-121.209412,2025-03-10,2025,Andrena microchlora,interactsWith,bee,general_interaction
Lomatium dasycarpum subsp. dasycarpum,Lomatium dasycarpum,Apiaceae,Lomatium,Marin County,California,37.912475,-122.491967,2025-03-28,2025,Andrena,interactsWith,bee,general_interaction
Lomatium dasycarpum subsp. dasycarpum,Lomatium dasycarpum,Apiaceae,Lomatium,Marin County,California,37.912475,-122.491967,2025-03-28,2025,Andrena melanochroa,interactsWith,bee,general_interaction
Lomatium dasycarpum subsp. dasycarpum,Lomatium dasycarpum,Apiaceae,Lomatium,Marin County,California,37.912475,-122.491967,2025-03-28,2025,Andrena chlorogaster,interactsWith,bee,general_interaction
Calystegia purpurata subsp. purpurata,Convolvulus purpuratus,Convolvulaceae,Convolvulus,Napa County,California,38.6245,-122.487,2026-05-19,2026,Poanes melane,interactsWith,butterfly,general_interaction
Calystegia purpurata subsp. purpurata,Convolvulus purpuratus,Convolvulaceae,Convolvulus,Napa County,California,38.6245,-122.487,2026-05-19,2026,Apis mellifera,interactsWith,bee,general_interaction
Calystegia purpurata subsp. purpurata,Convolvulus purpuratus,Convolvulaceae,Convolvulus,Napa County,California,38.6245,-122.487,2026-05-19,2026,Bombus vosnesenskii,interactsWith,bee,general_interaction
Calystegia purpurata subsp. purpurata,Convolvulus purpuratus,Convolvulaceae,Convolvulus,Napa County,California,38.6245,-122.487,2026-05-19,2026,Agapostemon texanus,interactsWith,bee,general_interaction
Calystegia purpurata subsp. purpurata,Convolvulus purpuratus,Convolvulaceae,Convolvulus,Napa County,California,38.6245,-122.487,2026-05-19,2026,Bombus melanopygus,interactsWith,bee,general_interaction
Calystegia purpurata subsp. purpurata,Convolvulus purpuratus,Convolvulaceae,Convolvulus,Napa County,California,38.6245,-122.487,2026-05-19,2026,Bombus caliginosus,interactsWith,bee,general_interaction
Calystegia purpurata subsp. purpurata,Convolvulus purpuratus,Convolvulaceae,Convolvulus,Napa County,California,38.6245,-122.487,2026-05-19,2026,Diadasia bituberculata,interactsWith,bee,general_interaction
Calystegia purpurata subsp. purpurata,Convolvulus purpuratus,Convolvulaceae,Convolvulus,Napa County,California,38.6245,-122.487,2026-05-19,2026,Megachile perihirta,interactsWith,bee,general_interaction
Salix exigua var. exigua,Salix exigua,Salicaceae,Salix,Inyo County,California,37.363138,-118.38233,2025-04-29,2025,Bombus griseocollis,flowersVisitedBy,bee,confirmed_pollination
Triphysaria eriantha subsp. eriantha,Triphysaria eriantha,Orobanchaceae,Triphysaria,Trinity County,California,40.417216,-123.084673,2026-04-07,2026,Andrena,interactsWith,bee,general_interaction
Triphysaria eriantha subsp. eriantha,Triphysaria eriantha,Orobanchaceae,Triphysaria,Trinity County,California,40.417216,-123.084673,2026-04-07,2026,Andrena microchlora,interactsWith,bee,general_interaction
Camissonia campestris subsp. campestris,Camissonia campestris,Onagraceae,Camissonia,Kings County,California,36.051342,-120.149839,2025-02-27,2025,Andrena siccata,flowersVisitedBy,bee,confirmed_pollination
Brodiaea elegans subsp. elegans,Brodiaea elegans,Asparagaceae,Brodiaea,Calaveras County,California,38.134939,-120.929888,2025-05-20,2025,Strymon melinus,interactsWith,butterfly,general_interaction
Brodiaea elegans subsp. elegans,Brodiaea elegans,Asparagaceae,Brodiaea,Calaveras County,California,38.134939,-120.929888,2025-05-20,2025,Anthophora urbana,interactsWith,bee,general_interaction
Brodiaea elegans subsp. elegans,Brodiaea elegans,Asparagaceae,Brodiaea,Calaveras County,California,38.134939,-120.929888,2025-05-20,2025,Halictus tripartitus,interactsWith,bee,general_interaction
Brodiaea elegans subsp. elegans,Brodiaea elegans,Asparagaceae,Brodiaea,Calaveras County,California,38.134939,-120.929888,2025-05-20,2025,Lasioglossum incompletum,interactsWith,bee,general_interaction
Adenostoma fasciculatum var. fasciculatum,Adenostoma fasciculatum,Rosaceae,Adenostoma,El Dorado County,California,38.713122,-120.989525,2026-03-05,2026,Andrena bucculenta,interactsWith,bee,general_interaction
Adenostoma fasciculatum var. fasciculatum,Adenostoma fasciculatum,Rosaceae,Adenostoma,El Dorado County,California,38.713122,-120.989525,2026-03-05,2026,Andrena (Andrena),interactsWith,bee,general_interaction
Adenostoma fasciculatum var. fasciculatum,Adenostoma fasciculatum,Rosaceae,Adenostoma,El Dorado County,California,38.713122,-120.989525,2026-03-05,2026,Chelostoma incisulum,interactsWith,bee,general_interaction
Adenostoma fasciculatum var. fasciculatum,Adenostoma fasciculatum,Rosaceae,Adenostoma,El Dorado County,California,38.713122,-120.989525,2026-03-05,2026,Colletes,interactsWith,bee,general_interaction
Adenostoma fasciculatum var. fasciculatum,Adenostoma fasciculatum,Rosaceae,Adenostoma,El Dorado County,California,38.713122,-120.989525,2026-03-05,2026,Dialictus,interactsWith,bee,general_interaction
Adenostoma fasciculatum var. fasciculatum,Adenostoma fasciculatum,Rosaceae,Adenostoma,El Dorado County,California,38.713122,-120.989525,2026-03-05,2026,Heriades occidentalis,interactsWith,bee,general_interaction
Adenostoma fasciculatum var. fasciculatum,Adenostoma fasciculatum,Rosaceae,Adenostoma,El Dorado County,California,38.713122,-120.989525,2026-03-05,2026,Bombus caliginosus,interactsWith,bee,general_interaction
Adenostoma fasciculatum var. fasciculatum,Adenostoma fasciculatum,Rosaceae,Adenostoma,El Dorado County,California,38.713122,-120.989525,2026-03-05,2026,Habrodais grunus,interactsWith,butterfly,general_interaction
Adenostoma fasciculatum var. fasciculatum,Adenostoma fasciculatum,Rosaceae,Adenostoma,El Dorado County,California,38.713122,-120.989525,2026-03-05,2026,Andrena principalis,interactsWith,bee,general_interaction
Adenostoma fasciculatum var. fasciculatum,Adenostoma fasciculatum,Rosaceae,Adenostoma,El Dorado County,California,38.713122,-120.989525,2026-03-05,2026,Andrena cerasifolii,interactsWith,bee,general_interaction
Adenostoma fasciculatum var. fasciculatum,Adenostoma fasciculatum,Rosaceae,Adenostoma,El Dorado County,California,38.713122,-120.989525,2026-03-05,2026,Bombus melanopygus,interactsWith,bee,general_interaction
Adenostoma fasciculatum var. fasciculatum,Adenostoma fasciculatum,Rosaceae,Adenostoma,El Dorado County,California,38.713122,-120.989525,2026-03-05,2026,Hylaeus,interactsWith,bee,general_interaction
Adenostoma fasciculatum var. fasciculatum,Adenostoma fasciculatum,Rosaceae,Adenostoma,El Dorado County,California,38.713122,-120.989525,2026-03-05,2026,Bombus occidentalis,interactsWith,bee,general_interaction
Adenostoma fasciculatum var. fasciculatum,Adenostoma fasciculatum,Rosaceae,Adenostoma,El Dorado County,California,38.713122,-120.989525,2026-03-05,2026,Xeromelecta californica,interactsWith,bee,general_interaction
Adenostoma fasciculatum var. fasciculatum,Adenostoma fasciculatum,Rosaceae,Adenostoma,El Dorado County,California,38.713122,-120.989525,2026-03-05,2026,Ochlodes sylvanoides,interactsWith,butterfly,general_interaction
Adenostoma fasciculatum var. fasciculatum,Adenostoma fasciculatum,Rosaceae,Adenostoma,El Dorado County,California,38.713122,-120.989525,2026-03-05,2026,Bombus vosnesenskii,interactsWith,bee,general_interaction
Adenostoma fasciculatum var. fasciculatum,Adenostoma fasciculatum,Rosaceae,Adenostoma,El Dorado County,California,38.713122,-120.989525,2026-03-05,2026,Andrena,interactsWith,bee,general_interaction
Adenostoma fasciculatum var. fasciculatum,Adenostoma fasciculatum,Rosaceae,Adenostoma,El Dorado County,California,38.713122,-120.989525,2026-03-05,2026,Satyrium saepium chalcis,interactsWith,butterfly,general_interaction
Adenostoma fasciculatum var. fasciculatum,Adenostoma fasciculatum,Rosaceae,Adenostoma,El Dorado County,California,38.713122,-120.989525,2026-03-05,2026,Lasioglossum,interactsWith,bee,general_interaction
Adenostoma fasciculatum var. fasciculatum,Adenostoma fasciculatum,Rosaceae,Adenostoma,El Dorado County,California,38.713122,-120.989525,2026-03-05,2026,Sphecodes,interactsWith,bee,general_interaction
Adenostoma fasciculatum var. fasciculatum,Adenostoma fasciculatum,Rosaceae,Adenostoma,El Dorado County,California,38.713122,-120.989525,2026-03-05,2026,Andrena saccata,interactsWith,bee,general_interaction
Adenostoma fasciculatum var. fasciculatum,Adenostoma fasciculatum,Rosaceae,Adenostoma,Contra Costa County,California,37.953819,-121.868356,2025-03-30,2025,Andrena bucculenta,interactsWith,bee,general_interaction
Adenostoma fasciculatum var. fasciculatum,Adenostoma fasciculatum,Rosaceae,Adenostoma,Contra Costa County,California,37.953819,-121.868356,2025-03-30,2025,Andrena (Andrena),interactsWith,bee,general_interaction
Adenostoma fasciculatum var. fasciculatum,Adenostoma fasciculatum,Rosaceae,Adenostoma,Contra Costa County,California,37.953819,-121.868356,2025-03-30,2025,Chelostoma incisulum,interactsWith,bee,general_interaction
Adenostoma fasciculatum var. fasciculatum,Adenostoma fasciculatum,Rosaceae,Adenostoma,Contra Costa County,California,37.953819,-121.868356,2025-03-30,2025,Colletes,interactsWith,bee,general_interaction
Adenostoma fasciculatum var. fasciculatum,Adenostoma fasciculatum,Rosaceae,Adenostoma,Contra Costa County,California,37.953819,-121.868356,2025-03-30,2025,Dialictus,interactsWith,bee,general_interaction
Adenostoma fasciculatum var. fasciculatum,Adenostoma fasciculatum,Rosaceae,Adenostoma,Contra Costa County,California,37.953819,-121.868356,2025-03-30,2025,Heriades occidentalis,interactsWith,bee,general_interaction
Adenostoma fasciculatum var. fasciculatum,Adenostoma fasciculatum,Rosaceae,Adenostoma,Contra Costa County,California,37.953819,-121.868356,2025-03-30,2025,Bombus caliginosus,interactsWith,bee,general_interaction
Adenostoma fasciculatum var. fasciculatum,Adenostoma fasciculatum,Rosaceae,Adenostoma,Contra Costa County,California,37.953819,-121.868356,2025-03-30,2025,Habrodais grunus,interactsWith,butterfly,general_interaction
Adenostoma fasciculatum var. fasciculatum,Adenostoma fasciculatum,Rosaceae,Adenostoma,Contra Costa County,California,37.953819,-121.868356,2025-03-30,2025,Andrena principalis,interactsWith,bee,general_interaction
Adenostoma fasciculatum var. fasciculatum,Adenostoma fasciculatum,Rosaceae,Adenostoma,Contra Costa County,California,37.953819,-121.868356,2025-03-30,2025,Andrena cerasifolii,interactsWith,bee,general_interaction
Adenostoma fasciculatum var. fasciculatum,Adenostoma fasciculatum,Rosaceae,Adenostoma,Contra Costa County,California,37.953819,-121.868356,2025-03-30,2025,Bombus melanopygus,interactsWith,bee,general_interaction
Adenostoma fasciculatum var. fasciculatum,Adenostoma fasciculatum,Rosaceae,Adenostoma,Contra Costa County,California,37.953819,-121.868356,2025-03-30,2025,Hylaeus,interactsWith,bee,general_interaction
Adenostoma fasciculatum var. fasciculatum,Adenostoma fasciculatum,Rosaceae,Adenostoma,Contra Costa County,California,37.953819,-121.868356,2025-03-30,2025,Bombus occidentalis,interactsWith,bee,general_interaction
Adenostoma fasciculatum var. fasciculatum,Adenostoma fasciculatum,Rosaceae,Adenostoma,Contra Costa County,California,37.953819,-121.868356,2025-03-30,2025,Xeromelecta californica,interactsWith,bee,general_interaction
Adenostoma fasciculatum var. fasciculatum,Adenostoma fasciculatum,Rosaceae,Adenostoma,Contra Costa County,California,37.953819,-121.868356,2025-03-30,2025,Ochlodes sylvanoides,interactsWith,butterfly,general_interaction
Adenostoma fasciculatum var. fasciculatum,Adenostoma fasciculatum,Rosaceae,Adenostoma,Contra Costa County,California,37.953819,-121.868356,2025-03-30,2025,Bombus vosnesenskii,interactsWith,bee,general_interaction
Adenostoma fasciculatum var. fasciculatum,Adenostoma fasciculatum,Rosaceae,Adenostoma,Contra Costa County,California,37.953819,-121.868356,2025-03-30,2025,Andrena,interactsWith,bee,general_interaction
Adenostoma fasciculatum var. fasciculatum,Adenostoma fasciculatum,Rosaceae,Adenostoma,Contra Costa County,California,37.953819,-121.868356,2025-03-30,2025,Satyrium saepium chalcis,interactsWith,butterfly,general_interaction
Adenostoma fasciculatum var. fasciculatum,Adenostoma fasciculatum,Rosaceae,Adenostoma,Contra Costa County,California,37.953819,-121.868356,2025-03-30,2025,Lasioglossum,interactsWith,bee,general_interaction
Adenostoma fasciculatum var. fasciculatum,Adenostoma fasciculatum,Rosaceae,Adenostoma,Contra Costa County,California,37.953819,-121.868356,2025-03-30,2025,Sphecodes,interactsWith,bee,general_interaction
Adenostoma fasciculatum var. fasciculatum,Adenostoma fasciculatum,Rosaceae,Adenostoma,Contra Costa County,California,37.953819,-121.868356,2025-03-30,2025,Andrena saccata,interactsWith,bee,general_interaction
Rhodiola integrifolia subsp. integrifolia,Rhodiola integrifolia,Crassulaceae,Rhodiola,Tulare County,California,36.418953,-118.549683,2025-07-03,2025,Colias scudderi,flowersVisitedBy,butterfly,confirmed_pollination
Rhodiola integrifolia subsp. integrifolia,Rhodiola integrifolia,Crassulaceae,Rhodiola,Tulare County,California,36.418953,-118.549683,2025-07-03,2025,Erebia epipsodea,flowersVisitedBy,butterfly,confirmed_pollination
Lupinus albifrons var. albifrons,Lupinus albifrons,Fabaceae,Lupinus,Yuba County,California,39.344497,-121.360267,2025-03-09,2025,Hylephila phylaeus,visitedBy,butterfly,confirmed_pollination
Lupinus albifrons var. albifrons,Lupinus albifrons,Fabaceae,Lupinus,Yuba County,California,39.344497,-121.360267,2025-03-09,2025,Osmia brevis,interactsWith,bee,general_interaction
Lupinus albifrons var. albifrons,Lupinus albifrons,Fabaceae,Lupinus,Yuba County,California,39.344497,-121.360267,2025-03-09,2025,Melecta edwardsii,interactsWith,bee,general_interaction
Lupinus albifrons var. albifrons,Lupinus albifrons,Fabaceae,Lupinus,Yuba County,California,39.344497,-121.360267,2025-03-09,2025,Protosmia rubifloris,interactsWith,bee,general_interaction
Lupinus albifrons var. albifrons,Lupinus albifrons,Fabaceae,Lupinus,Yuba County,California,39.344497,-121.360267,2025-03-09,2025,Xylocopa tabaniformis orpifex,interactsWith,bee,general_interaction
Lupinus albifrons var. albifrons,Lupinus albifrons,Fabaceae,Lupinus,Yuba County,California,39.344497,-121.360267,2025-03-09,2025,Apodemia mormo mormo,interactsWith,butterfly,general_interaction
Lupinus albifrons var. albifrons,Lupinus albifrons,Fabaceae,Lupinus,Yuba County,California,39.344497,-121.360267,2025-03-09,2025,Bombus melanopygus,interactsWith,bee,general_interaction
Lupinus albifrons var. albifrons,Lupinus albifrons,Fabaceae,Lupinus,Yuba County,California,39.344497,-121.360267,2025-03-09,2025,Eucera lunata,interactsWith,bee,general_interaction
Lupinus albifrons var. albifrons,Lupinus albifrons,Fabaceae,Lupinus,Yuba County,California,39.344497,-121.360267,2025-03-09,2025,Habropoda tristissima,interactsWith,bee,general_interaction
Lupinus albifrons var. albifrons,Lupinus albifrons,Fabaceae,Lupinus,Yuba County,California,39.344497,-121.360267,2025-03-09,2025,Callophrys dumetorum dumetorum,interactsWith,butterfly,general_interaction
Lupinus albifrons var. albifrons,Lupinus albifrons,Fabaceae,Lupinus,Yuba County,California,39.344497,-121.360267,2025-03-09,2025,Habropoda miserabilis,interactsWith,bee,general_interaction
Lupinus albifrons var. albifrons,Lupinus albifrons,Fabaceae,Lupinus,Yuba County,California,39.344497,-121.360267,2025-03-09,2025,Dialictus,interactsWith,bee,general_interaction
Lupinus albifrons var. albifrons,Lupinus albifrons,Fabaceae,Lupinus,Yuba County,California,39.344497,-121.360267,2025-03-09,2025,Bombus caliginosus,interactsWith,bee,general_interaction
Lupinus albifrons var. albifrons,Lupinus albifrons,Fabaceae,Lupinus,Yuba County,California,39.344497,-121.360267,2025-03-09,2025,Erynnis pacuvius,interactsWith,butterfly,general_interaction
Lupinus albifrons var. albifrons,Lupinus albifrons,Fabaceae,Lupinus,Yuba County,California,39.344497,-121.360267,2025-03-09,2025,Eucera frater albopilosa,interactsWith,bee,general_interaction
Lupinus albifrons var. albifrons,Lupinus albifrons,Fabaceae,Lupinus,Yuba County,California,39.344497,-121.360267,2025-03-09,2025,Strymon melinus,interactsWith,butterfly,general_interaction
Lupinus albifrons var. albifrons,Lupinus albifrons,Fabaceae,Lupinus,Yuba County,California,39.344497,-121.360267,2025-03-09,2025,Lasioglossum mellipes,interactsWith,bee,general_interaction
Lupinus albifrons var. albifrons,Lupinus albifrons,Fabaceae,Lupinus,Yuba County,California,39.344497,-121.360267,2025-03-09,2025,Bombus vosnesenskii,interactsWith,bee,general_interaction
Calystegia purpurata subsp. purpurata,Convolvulus purpuratus,Convolvulaceae,Convolvulus,Ventura County,California,34.116251,-118.924766,2026-01-28,2026,Poanes melane,interactsWith,butterfly,general_interaction
Calystegia purpurata subsp. purpurata,Convolvulus purpuratus,Convolvulaceae,Convolvulus,Ventura County,California,34.116251,-118.924766,2026-01-28,2026,Apis mellifera,interactsWith,bee,general_interaction
Calystegia purpurata subsp. purpurata,Convolvulus purpuratus,Convolvulaceae,Convolvulus,Ventura County,California,34.116251,-118.924766,2026-01-28,2026,Bombus vosnesenskii,interactsWith,bee,general_interaction
Calystegia purpurata subsp. purpurata,Convolvulus purpuratus,Convolvulaceae,Convolvulus,Ventura County,California,34.116251,-118.924766,2026-01-28,2026,Agapostemon texanus,interactsWith,bee,general_interaction
Calystegia purpurata subsp. purpurata,Convolvulus purpuratus,Convolvulaceae,Convolvulus,Ventura County,California,34.116251,-118.924766,2026-01-28,2026,Bombus melanopygus,interactsWith,bee,general_interaction
Calystegia purpurata subsp. purpurata,Convolvulus purpuratus,Convolvulaceae,Convolvulus,Ventura County,California,34.116251,-118.924766,2026-01-28,2026,Bombus caliginosus,interactsWith,bee,general_interaction
Calystegia purpurata subsp. purpurata,Convolvulus purpuratus,Convolvulaceae,Convolvulus,Ventura County,California,34.116251,-118.924766,2026-01-28,2026,Diadasia bituberculata,interactsWith,bee,general_interaction
Calystegia purpurata subsp. purpurata,Convolvulus purpuratus,Convolvulaceae,Convolvulus,Ventura County,California,34.116251,-118.924766,2026-01-28,2026,Megachile perihirta,interactsWith,bee,general_interaction
Triphysaria eriantha subsp. eriantha,Triphysaria eriantha,Orobanchaceae,Triphysaria,San Luis Obispo County,California,35.3449,-120.718994,2025-04-02,2025,Andrena,interactsWith,bee,general_interaction
Triphysaria eriantha subsp. eriantha,Triphysaria eriantha,Orobanchaceae,Triphysaria,San Luis Obispo County,California,35.3449,-120.718994,2025-04-02,2025,Andrena microchlora,interactsWith,bee,general_interaction
Vicia villosa subsp. villosa,Vicia villosa,Fabaceae,Vicia,San Diego County,California,33.047828,-116.9075,2025-05-12,2025,Bombus californicus,interactsWith,bee,general_interaction
Vicia villosa subsp. villosa,Vicia villosa,Fabaceae,Vicia,San Diego County,California,33.047828,-116.9075,2025-05-12,2025,Bombus vosnesenskii,interactsWith,bee,general_interaction
Cordylanthus rigidus subsp. rigidus,Cordylanthus rigidus,Orobanchaceae,Cordylanthus,Stanislaus County,California,37.40876,-121.412247,2025-10-05,2025,Megachile coquilletti,interactsWith,bee,general_interaction
Cordylanthus rigidus subsp. rigidus,Cordylanthus rigidus,Orobanchaceae,Cordylanthus,Stanislaus County,California,37.40876,-121.412247,2025-10-05,2025,Anthidiellum robertsoni,interactsWith,bee,general_interaction
Cordylanthus rigidus subsp. rigidus,Cordylanthus rigidus,Orobanchaceae,Cordylanthus,Stanislaus County,California,37.40876,-121.412247,2025-10-05,2025,Megachile angelarum,interactsWith,bee,general_interaction
Cordylanthus rigidus subsp. rigidus,Cordylanthus rigidus,Orobanchaceae,Cordylanthus,Stanislaus County,California,37.40876,-121.412247,2025-10-05,2025,Bombus vosnesenskii,interactsWith,bee,general_interaction
Cordylanthus rigidus subsp. rigidus,Cordylanthus rigidus,Orobanchaceae,Cordylanthus,Stanislaus County,California,37.40876,-121.412247,2025-10-05,2025,Anthidium placitum,interactsWith,bee,general_interaction
Triphysaria eriantha subsp. eriantha,Triphysaria eriantha,Orobanchaceae,Triphysaria,Stanislaus County,California,37.74414,-120.592154,2025-03-05,2025,Andrena,interactsWith,bee,general_interaction
Triphysaria eriantha subsp. eriantha,Triphysaria eriantha,Orobanchaceae,Triphysaria,Stanislaus County,California,37.74414,-120.592154,2025-03-05,2025,Andrena microchlora,interactsWith,bee,general_interaction
Brodiaea elegans subsp. elegans,Brodiaea elegans,Asparagaceae,Brodiaea,Inyo County,California,36.789201,-118.559845,2025-07-15,2025,Strymon melinus,interactsWith,butterfly,general_interaction
Brodiaea elegans subsp. elegans,Brodiaea elegans,Asparagaceae,Brodiaea,Inyo County,California,36.789201,-118.559845,2025-07-15,2025,Anthophora urbana,interactsWith,bee,general_interaction
Brodiaea elegans subsp. elegans,Brodiaea elegans,Asparagaceae,Brodiaea,Inyo County,California,36.789201,-118.559845,2025-07-15,2025,Halictus tripartitus,interactsWith,bee,general_interaction
Brodiaea elegans subsp. elegans,Brodiaea elegans,Asparagaceae,Brodiaea,Inyo County,California,36.789201,-118.559845,2025-07-15,2025,Lasioglossum incompletum,interactsWith,bee,general_interaction
Vicia villosa subsp. villosa,Vicia villosa,Fabaceae,Vicia,Sutter County,California,39.128003,-121.601587,2025-03-31,2025,Bombus californicus,interactsWith,bee,general_interaction
Vicia villosa subsp. villosa,Vicia villosa,Fabaceae,Vicia,Sutter County,California,39.128003,-121.601587,2025-03-31,2025,Bombus vosnesenskii,interactsWith,bee,general_interaction
Streptanthus glandulosus subsp. glandulosus,Streptanthus glandulosus,Brassicaceae,Streptanthus,San Mateo County,California,37.357725,-122.183686,2025-04-26,2025,Megachile,flowersVisitedBy,bee,confirmed_pollination
Streptanthus glandulosus subsp. glandulosus,Streptanthus glandulosus,Brassicaceae,Streptanthus,San Mateo County,California,37.357725,-122.183686,2025-04-26,2025,Lasioglossum,flowersVisitedBy,bee,confirmed_pollination
Streptanthus glandulosus subsp. glandulosus,Streptanthus glandulosus,Brassicaceae,Streptanthus,San Mateo County,California,37.357725,-122.183686,2025-04-26,2025,Megachile comata,flowersVisitedBy,bee,confirmed_pollination
Erysimum capitatum var. capitatum,Erysimum capitatum,Brassicaceae,Erysimum,Monterey County,California,36.47632,-121.744385,2025-06-11,2025,Andrena cressonii infasciata,visitedBy,bee,confirmed_pollination
Erysimum capitatum var. capitatum,Erysimum capitatum,Brassicaceae,Erysimum,Monterey County,California,36.47632,-121.744385,2025-06-11,2025,Lasioglossum sisymbrii,interactsWith,bee,general_interaction
Erysimum capitatum var. capitatum,Erysimum capitatum,Brassicaceae,Erysimum,Monterey County,California,36.47632,-121.744385,2025-06-11,2025,Lasioglossum semicaeruleum,interactsWith,bee,general_interaction
Erysimum capitatum var. capitatum,Erysimum capitatum,Brassicaceae,Erysimum,Monterey County,California,36.47632,-121.744385,2025-06-11,2025,Osmia cordata,interactsWith,bee,general_interaction
Erysimum capitatum var. capitatum,Erysimum capitatum,Brassicaceae,Erysimum,Monterey County,California,36.47632,-121.744385,2025-06-11,2025,Lasioglossum trizonatum,interactsWith,bee,general_interaction
Erysimum capitatum var. capitatum,Erysimum capitatum,Brassicaceae,Erysimum,Monterey County,California,36.47632,-121.744385,2025-06-11,2025,Lasioglossum albipenne,interactsWith,bee,general_interaction
Triphysaria eriantha subsp. eriantha,Triphysaria eriantha,Orobanchaceae,Triphysaria,Monterey County,California,36.431486,-120.73111,2026-02-23,2026,Andrena,interactsWith,bee,general_interaction
Triphysaria eriantha subsp. eriantha,Triphysaria eriantha,Orobanchaceae,Triphysaria,Monterey County,California,36.431486,-120.73111,2026-02-23,2026,Andrena microchlora,interactsWith,bee,general_interaction
Eriophyllum confertiflorum var. confertiflorum,Eriophyllum confertiflorum,Asteraceae,Eriophyllum,Sonoma County,California,38.374597,-122.490928,2026-04-25,2026,Dianthidium parvum schwarzi,interactsWith,bee,general_interaction
Eriophyllum confertiflorum var. confertiflorum,Eriophyllum confertiflorum,Asteraceae,Eriophyllum,Sonoma County,California,38.374597,-122.490928,2026-04-25,2026,Epeolus howardi,interactsWith,bee,general_interaction
Eriophyllum confertiflorum var. confertiflorum,Eriophyllum confertiflorum,Asteraceae,Eriophyllum,Sonoma County,California,38.374597,-122.490928,2026-04-25,2026,Melissodes lupina,interactsWith,bee,general_interaction
Eriophyllum confertiflorum var. confertiflorum,Eriophyllum confertiflorum,Asteraceae,Eriophyllum,Sonoma County,California,38.374597,-122.490928,2026-04-25,2026,Ochlodes agricola,interactsWith,butterfly,general_interaction
Eriophyllum confertiflorum var. confertiflorum,Eriophyllum confertiflorum,Asteraceae,Eriophyllum,Sonoma County,California,38.374597,-122.490928,2026-04-25,2026,Bombus melanopygus,interactsWith,bee,general_interaction
Eriophyllum confertiflorum var. confertiflorum,Eriophyllum confertiflorum,Asteraceae,Eriophyllum,Sonoma County,California,38.374597,-122.490928,2026-04-25,2026,Chlosyne palla,interactsWith,butterfly,general_interaction
Eriophyllum confertiflorum var. confertiflorum,Eriophyllum confertiflorum,Asteraceae,Eriophyllum,Sonoma County,California,38.374597,-122.490928,2026-04-25,2026,Sphecodes,interactsWith,bee,general_interaction
Eriophyllum confertiflorum var. confertiflorum,Eriophyllum confertiflorum,Asteraceae,Eriophyllum,Sonoma County,California,38.374597,-122.490928,2026-04-25,2026,Lycaena gorgon,interactsWith,butterfly,general_interaction
Eriophyllum confertiflorum var. confertiflorum,Eriophyllum confertiflorum,Asteraceae,Eriophyllum,Sonoma County,California,38.374597,-122.490928,2026-04-25,2026,Icaricia lupini,interactsWith,butterfly,general_interaction
Eriophyllum confertiflorum var. confertiflorum,Eriophyllum confertiflorum,Asteraceae,Eriophyllum,Sonoma County,California,38.374597,-122.490928,2026-04-25,2026,Erynnis propertius,interactsWith,butterfly,general_interaction
Eriophyllum confertiflorum var. confertiflorum,Eriophyllum confertiflorum,Asteraceae,Eriophyllum,Sonoma County,California,38.374597,-122.490928,2026-04-25,2026,Andrena,interactsWith,bee,general_interaction
Eriophyllum confertiflorum var. confertiflorum,Eriophyllum confertiflorum,Asteraceae,Eriophyllum,Sonoma County,California,38.374597,-122.490928,2026-04-25,2026,Ashmeadiella,interactsWith,bee,general_interaction
Eriophyllum confertiflorum var. confertiflorum,Eriophyllum confertiflorum,Asteraceae,Eriophyllum,Sonoma County,California,38.374597,-122.490928,2026-04-25,2026,Dialictus,interactsWith,bee,general_interaction
Eriophyllum confertiflorum var. confertiflorum,Eriophyllum confertiflorum,Asteraceae,Eriophyllum,Sonoma County,California,38.374597,-122.490928,2026-04-25,2026,Apodemia mormo,interactsWith,butterfly,general_interaction
Eriophyllum confertiflorum var. confertiflorum,Eriophyllum confertiflorum,Asteraceae,Eriophyllum,Sonoma County,California,38.374597,-122.490928,2026-04-25,2026,Andrena pallidifovea,interactsWith,bee,general_interaction
Eriophyllum confertiflorum var. confertiflorum,Eriophyllum confertiflorum,Asteraceae,Eriophyllum,Sonoma County,California,38.374597,-122.490928,2026-04-25,2026,Ashmeadiella cubiceps,interactsWith,bee,general_interaction
Eriophyllum confertiflorum var. confertiflorum,Eriophyllum confertiflorum,Asteraceae,Eriophyllum,Sonoma County,California,38.374597,-122.490928,2026-04-25,2026,Icaricia acmon,interactsWith,butterfly,general_interaction
Eriophyllum confertiflorum var. confertiflorum,Eriophyllum confertiflorum,Asteraceae,Eriophyllum,Sonoma County,California,38.374597,-122.490928,2026-04-25,2026,Bombus vosnesenskii,interactsWith,bee,general_interaction
Eriophyllum confertiflorum var. confertiflorum,Eriophyllum confertiflorum,Asteraceae,Eriophyllum,Sonoma County,California,38.374597,-122.490928,2026-04-25,2026,Heriades occidentalis,interactsWith,bee,general_interaction
Eriophyllum confertiflorum var. confertiflorum,Eriophyllum confertiflorum,Asteraceae,Eriophyllum,Sonoma County,California,38.374597,-122.490928,2026-04-25,2026,Nomada,interactsWith,bee,general_interaction
Eriophyllum confertiflorum var. confertiflorum,Eriophyllum confertiflorum,Asteraceae,Eriophyllum,Sonoma County,California,38.374597,-122.490928,2026-04-25,2026,Erynnis pacuvius,interactsWith,butterfly,general_interaction
Eriophyllum confertiflorum var. confertiflorum,Eriophyllum confertiflorum,Asteraceae,Eriophyllum,Sonoma County,California,38.374597,-122.490928,2026-04-25,2026,Vanessa virginiensis,interactsWith,butterfly,general_interaction
Eriophyllum confertiflorum var. confertiflorum,Eriophyllum confertiflorum,Asteraceae,Eriophyllum,Sonoma County,California,38.374597,-122.490928,2026-04-25,2026,Halictus tripartitus,interactsWith,bee,general_interaction
Eriophyllum confertiflorum var. confertiflorum,Eriophyllum confertiflorum,Asteraceae,Eriophyllum,Sonoma County,California,38.374597,-122.490928,2026-04-25,2026,Epeolus compactus,interactsWith,bee,general_interaction
Eriophyllum confertiflorum var. confertiflorum,Eriophyllum confertiflorum,Asteraceae,Eriophyllum,Sonoma County,California,38.374597,-122.490928,2026-04-25,2026,Vanessa cardui,interactsWith,butterfly,general_interaction
Eriophyllum confertiflorum var. confertiflorum,Eriophyllum confertiflorum,Asteraceae,Eriophyllum,Sonoma County,California,38.374597,-122.490928,2026-04-25,2026,Hylaeus,interactsWith,bee,general_interaction
Ceanothus thyrsiflorus var. thyrsiflorus,Ceanothus thyrsiflorus,Rhamnaceae,Ceanothus,San Francisco County,California,37.764978,-122.438442,2025-09-03,2025,Andrena,interactsWith,bee,general_interaction
Ceanothus thyrsiflorus var. thyrsiflorus,Ceanothus thyrsiflorus,Rhamnaceae,Ceanothus,San Francisco County,California,37.764978,-122.438442,2025-09-03,2025,Callophrys dumetorum dumetorum,interactsWith,butterfly,general_interaction
Ceanothus thyrsiflorus var. thyrsiflorus,Ceanothus thyrsiflorus,Rhamnaceae,Ceanothus,San Francisco County,California,37.764978,-122.438442,2025-09-03,2025,Celastrina echo,interactsWith,butterfly,general_interaction
Ceanothus thyrsiflorus var. thyrsiflorus,Ceanothus thyrsiflorus,Rhamnaceae,Ceanothus,San Francisco County,California,37.764978,-122.438442,2025-09-03,2025,Nomada,interactsWith,bee,general_interaction
Ceanothus thyrsiflorus var. thyrsiflorus,Ceanothus thyrsiflorus,Rhamnaceae,Ceanothus,San Francisco County,California,37.764978,-122.438442,2025-09-03,2025,Dialictus,interactsWith,bee,general_interaction
Ceanothus thyrsiflorus var. thyrsiflorus,Ceanothus thyrsiflorus,Rhamnaceae,Ceanothus,San Francisco County,California,37.764978,-122.438442,2025-09-03,2025,Andrena chlorogaster,interactsWith,bee,general_interaction
Ceanothus thyrsiflorus var. thyrsiflorus,Ceanothus thyrsiflorus,Rhamnaceae,Ceanothus,San Francisco County,California,37.764978,-122.438442,2025-09-03,2025,Panurginus,interactsWith,bee,general_interaction
Ceanothus thyrsiflorus var. thyrsiflorus,Ceanothus thyrsiflorus,Rhamnaceae,Ceanothus,San Francisco County,California,37.764978,-122.438442,2025-09-03,2025,Hylaeus,interactsWith,bee,general_interaction
Ceanothus thyrsiflorus var. thyrsiflorus,Ceanothus thyrsiflorus,Rhamnaceae,Ceanothus,San Francisco County,California,37.764978,-122.438442,2025-09-03,2025,Andrena angustitarsata,interactsWith,bee,general_interaction
Acmispon decumbens var. decumbens,Acmispon decumbens,Fabaceae,Acmispon,Shasta County,California,41.040458,-121.647437,2025-06-09,2025,Bombus melanopygus,flowersVisitedBy,bee,confirmed_pollination
Hosackia crassifolia var. crassifolia,Hosackia crassifolia,Fabaceae,Hosackia,Madera County,California,37.364503,-119.537111,2025-05-30,2025,Bombus vosnesenskii,flowersVisitedBy,bee,confirmed_pollination
Epilobium ciliatum subsp. ciliatum,Epilobium ciliatum,Onagraceae,Epilobium,Los Angeles County,California,33.801988,-118.160767,2026-04-11,2026,Anthidium tenuiflorae,interactsWith,bee,general_interaction
Epilobium ciliatum subsp. ciliatum,Epilobium ciliatum,Onagraceae,Epilobium,Los Angeles County,California,33.801988,-118.160767,2026-04-11,2026,Bombus vosnesenskii,interactsWith,bee,general_interaction
Triphysaria eriantha subsp. eriantha,Triphysaria eriantha,Orobanchaceae,Triphysaria,Colusa County,California,38.998084,-122.358189,2025-04-09,2025,Andrena,interactsWith,bee,general_interaction
Triphysaria eriantha subsp. eriantha,Triphysaria eriantha,Orobanchaceae,Triphysaria,Colusa County,California,38.998084,-122.358189,2025-04-09,2025,Andrena microchlora,interactsWith,bee,general_interaction
Platanthera dilatata var. dilatata,Platanthera dilatata,Orchidaceae,Platanthera,Humboldt County,California,41.162413,-124.129457,2026-06-30,2026,Plebejus saepiolus,flowersVisitedBy,butterfly,confirmed_pollination
Frangula rubra subsp. rubra,Frangula rubra,Rhamnaceae,Frangula,Butte County,California,39.627188,-121.272583,2026-02-12,2026,Andrena cressonii,flowersVisitedBy,bee,confirmed_pollination
Lupinus albifrons var. albifrons,Lupinus albifrons,Fabaceae,Lupinus,Contra Costa County,California,37.839322,-122.186142,2026-01-15,2026,Hylephila phylaeus,visitedBy,butterfly,confirmed_pollination
Lupinus albifrons var. albifrons,Lupinus albifrons,Fabaceae,Lupinus,Contra Costa County,California,37.839322,-122.186142,2026-01-15,2026,Osmia brevis,interactsWith,bee,general_interaction
Lupinus albifrons var. albifrons,Lupinus albifrons,Fabaceae,Lupinus,Contra Costa County,California,37.839322,-122.186142,2026-01-15,2026,Melecta edwardsii,interactsWith,bee,general_interaction
Lupinus albifrons var. albifrons,Lupinus albifrons,Fabaceae,Lupinus,Contra Costa County,California,37.839322,-122.186142,2026-01-15,2026,Protosmia rubifloris,interactsWith,bee,general_interaction
Lupinus albifrons var. albifrons,Lupinus albifrons,Fabaceae,Lupinus,Contra Costa County,California,37.839322,-122.186142,2026-01-15,2026,Xylocopa tabaniformis orpifex,interactsWith,bee,general_interaction
Lupinus albifrons var. albifrons,Lupinus albifrons,Fabaceae,Lupinus,Contra Costa County,California,37.839322,-122.186142,2026-01-15,2026,Apodemia mormo mormo,interactsWith,butterfly,general_interaction
Lupinus albifrons var. albifrons,Lupinus albifrons,Fabaceae,Lupinus,Contra Costa County,California,37.839322,-122.186142,2026-01-15,2026,Bombus melanopygus,interactsWith,bee,general_interaction
Lupinus albifrons var. albifrons,Lupinus albifrons,Fabaceae,Lupinus,Contra Costa County,California,37.839322,-122.186142,2026-01-15,2026,Eucera lunata,interactsWith,bee,general_interaction
Lupinus albifrons var. albifrons,Lupinus albifrons,Fabaceae,Lupinus,Contra Costa County,California,37.839322,-122.186142,2026-01-15,2026,Habropoda tristissima,interactsWith,bee,general_interaction
Lupinus albifrons var. albifrons,Lupinus albifrons,Fabaceae,Lupinus,Contra Costa County,California,37.839322,-122.186142,2026-01-15,2026,Callophrys dumetorum dumetorum,interactsWith,butterfly,general_interaction
Lupinus albifrons var. albifrons,Lupinus albifrons,Fabaceae,Lupinus,Contra Costa County,California,37.839322,-122.186142,2026-01-15,2026,Habropoda miserabilis,interactsWith,bee,general_interaction
Lupinus albifrons var. albifrons,Lupinus albifrons,Fabaceae,Lupinus,Contra Costa County,California,37.839322,-122.186142,2026-01-15,2026,Dialictus,interactsWith,bee,general_interaction
Lupinus albifrons var. albifrons,Lupinus albifrons,Fabaceae,Lupinus,Contra Costa County,California,37.839322,-122.186142,2026-01-15,2026,Bombus caliginosus,interactsWith,bee,general_interaction
Lupinus albifrons var. albifrons,Lupinus albifrons,Fabaceae,Lupinus,Contra Costa County,California,37.839322,-122.186142,2026-01-15,2026,Erynnis pacuvius,interactsWith,butterfly,general_interaction
Lupinus albifrons var. albifrons,Lupinus albifrons,Fabaceae,Lupinus,Contra Costa County,California,37.839322,-122.186142,2026-01-15,2026,Eucera frater albopilosa,interactsWith,bee,general_interaction
Lupinus albifrons var. albifrons,Lupinus albifrons,Fabaceae,Lupinus,Contra Costa County,California,37.839322,-122.186142,2026-01-15,2026,Strymon melinus,interactsWith,butterfly,general_interaction
Lupinus albifrons var. albifrons,Lupinus albifrons,Fabaceae,Lupinus,Contra Costa County,California,37.839322,-122.186142,2026-01-15,2026,Lasioglossum mellipes,interactsWith,bee,general_interaction
Lupinus albifrons var. albifrons,Lupinus albifrons,Fabaceae,Lupinus,Contra Costa County,California,37.839322,-122.186142,2026-01-15,2026,Bombus vosnesenskii,interactsWith,bee,general_interaction
Lupinus argenteus subsp. argenteus,Lupinus argenteus,Fabaceae,Lupinus,Siskiyou County,California,41.481566,-122.475211,2026-05-09,2026,Hoplitis (Monumetha) fulgida,interactsWith,bee,general_interaction
Acmispon decumbens var. decumbens,Acmispon decumbens,Fabaceae,Acmispon,El Dorado County,California,38.814139,-120.015756,2025-06-08,2025,Bombus melanopygus,flowersVisitedBy,bee,confirmed_pollination
Symphyotrichum spathulatum var. spathulatum,Symphyotrichum occidentale,Asteraceae,Symphyotrichum,Butte County,California,39.745705,-121.505822,2025-04-29,2025,Bombus vandykei,flowersVisitedBy,bee,confirmed_pollination
Symphyotrichum spathulatum var. spathulatum,Symphyotrichum occidentale,Asteraceae,Symphyotrichum,Butte County,California,39.745705,-121.505822,2025-04-29,2025,Bombus vosnesenskii,flowersVisitedBy,bee,confirmed_pollination
Symphyotrichum spathulatum var. spathulatum,Symphyotrichum occidentale,Asteraceae,Symphyotrichum,Butte County,California,39.745705,-121.505822,2025-04-29,2025,Bombus bifarius,flowersVisitedBy,bee,confirmed_pollination
Epilobium ciliatum subsp. ciliatum,Epilobium ciliatum,Onagraceae,Epilobium,Contra Costa County,California,37.925197,-122.380495,2026-05-06,2026,Anthidium tenuiflorae,interactsWith,bee,general_interaction
Epilobium ciliatum subsp. ciliatum,Epilobium ciliatum,Onagraceae,Epilobium,Contra Costa County,California,37.925197,-122.380495,2026-05-06,2026,Bombus vosnesenskii,interactsWith,bee,general_interaction
Carduus pycnocephalus subsp. pycnocephalus,Carduus pycnocephalus,Asteraceae,Carduus,San Luis Obispo County,California,35.191369,-120.44359,2026-04-26,2026,Pieris marginalis,interactsWith,butterfly,general_interaction
Carduus pycnocephalus subsp. pycnocephalus,Carduus pycnocephalus,Asteraceae,Carduus,San Luis Obispo County,California,35.191369,-120.44359,2026-04-26,2026,Xylocopa tabaniformis orpifex,interactsWith,bee,general_interaction
Carduus pycnocephalus subsp. pycnocephalus,Carduus pycnocephalus,Asteraceae,Carduus,San Luis Obispo County,California,35.191369,-120.44359,2026-04-26,2026,Ochlodes agricola,interactsWith,butterfly,general_interaction
Carduus pycnocephalus subsp. pycnocephalus,Carduus pycnocephalus,Asteraceae,Carduus,San Luis Obispo County,California,35.191369,-120.44359,2026-04-26,2026,Hylephila phyleus,interactsWith,butterfly,general_interaction
Carduus pycnocephalus subsp. pycnocephalus,Carduus pycnocephalus,Asteraceae,Carduus,San Luis Obispo County,California,35.191369,-120.44359,2026-04-26,2026,Vanessa cardui,interactsWith,butterfly,general_interaction
Carduus pycnocephalus subsp. pycnocephalus,Carduus pycnocephalus,Asteraceae,Carduus,San Luis Obispo County,California,35.191369,-120.44359,2026-04-26,2026,Osmia texana,interactsWith,bee,general_interaction
Carduus pycnocephalus subsp. pycnocephalus,Carduus pycnocephalus,Asteraceae,Carduus,San Luis Obispo County,California,35.191369,-120.44359,2026-04-26,2026,Papilio rutulus,interactsWith,butterfly,general_interaction
Carduus pycnocephalus subsp. pycnocephalus,Carduus pycnocephalus,Asteraceae,Carduus,San Luis Obispo County,California,35.191369,-120.44359,2026-04-26,2026,Anthophora californica,interactsWith,bee,general_interaction
Carduus pycnocephalus subsp. pycnocephalus,Carduus pycnocephalus,Asteraceae,Carduus,San Luis Obispo County,California,35.191369,-120.44359,2026-04-26,2026,Heriades occidentalis,interactsWith,bee,general_interaction
Carduus pycnocephalus subsp. pycnocephalus,Carduus pycnocephalus,Asteraceae,Carduus,San Luis Obispo County,California,35.191369,-120.44359,2026-04-26,2026,Bombus melanopygus,interactsWith,bee,general_interaction
Carduus pycnocephalus subsp. pycnocephalus,Carduus pycnocephalus,Asteraceae,Carduus,San Luis Obispo County,California,35.191369,-120.44359,2026-04-26,2026,Anthophora urbana,interactsWith,bee,general_interaction
Carduus pycnocephalus subsp. pycnocephalus,Carduus pycnocephalus,Asteraceae,Carduus,San Luis Obispo County,California,35.191369,-120.44359,2026-04-26,2026,Speyeria coronis,interactsWith,butterfly,general_interaction
Carduus pycnocephalus subsp. pycnocephalus,Carduus pycnocephalus,Asteraceae,Carduus,San Luis Obispo County,California,35.191369,-120.44359,2026-04-26,2026,Melissodes lupina,interactsWith,bee,general_interaction
Carduus pycnocephalus subsp. pycnocephalus,Carduus pycnocephalus,Asteraceae,Carduus,San Luis Obispo County,California,35.191369,-120.44359,2026-04-26,2026,Icaricia icarioides,interactsWith,butterfly,general_interaction
Carduus pycnocephalus subsp. pycnocephalus,Carduus pycnocephalus,Asteraceae,Carduus,San Luis Obispo County,California,35.191369,-120.44359,2026-04-26,2026,Agapostemon texanus,interactsWith,bee,general_interaction
Carduus pycnocephalus subsp. pycnocephalus,Carduus pycnocephalus,Asteraceae,Carduus,San Luis Obispo County,California,35.191369,-120.44359,2026-04-26,2026,Bombus vosnesenskii,interactsWith,bee,general_interaction
Ceanothus cuneatus var. cuneatus,Ceanothus cuneatus,Rhamnaceae,Ceanothus,Riverside County,California,33.717194,-116.720925,2025-04-13,2025,Panurginus,interactsWith,bee,general_interaction
Ceanothus cuneatus var. cuneatus,Ceanothus cuneatus,Rhamnaceae,Ceanothus,Riverside County,California,33.717194,-116.720925,2025-04-13,2025,Celastrina echo,interactsWith,butterfly,general_interaction
Ceanothus cuneatus var. cuneatus,Ceanothus cuneatus,Rhamnaceae,Ceanothus,Riverside County,California,33.717194,-116.720925,2025-04-13,2025,Andrena,interactsWith,bee,general_interaction
Erysimum capitatum var. capitatum,Erysimum capitatum,Brassicaceae,Erysimum,Butte County,California,39.749247,-121.476867,2025-04-25,2025,Andrena cressonii infasciata,visitedBy,bee,confirmed_pollination
Erysimum capitatum var. capitatum,Erysimum capitatum,Brassicaceae,Erysimum,Butte County,California,39.749247,-121.476867,2025-04-25,2025,Lasioglossum sisymbrii,interactsWith,bee,general_interaction
Erysimum capitatum var. capitatum,Erysimum capitatum,Brassicaceae,Erysimum,Butte County,California,39.749247,-121.476867,2025-04-25,2025,Lasioglossum semicaeruleum,interactsWith,bee,general_interaction
Erysimum capitatum var. capitatum,Erysimum capitatum,Brassicaceae,Erysimum,Butte County,California,39.749247,-121.476867,2025-04-25,2025,Osmia cordata,interactsWith,bee,general_interaction
Erysimum capitatum var. capitatum,Erysimum capitatum,Brassicaceae,Erysimum,Butte County,California,39.749247,-121.476867,2025-04-25,2025,Lasioglossum trizonatum,interactsWith,bee,general_interaction
Erysimum capitatum var. capitatum,Erysimum capitatum,Brassicaceae,Erysimum,Butte County,California,39.749247,-121.476867,2025-04-25,2025,Lasioglossum albipenne,interactsWith,bee,general_interaction
Ranunculus californicus var. californicus,Ranunculus californicus,Ranunculaceae,Ranunculus,San Luis Obispo County,California,35.233205,-120.695567,2025-04-05,2025,Panurginus melanocephalus,interactsWith,bee,general_interaction
Ranunculus californicus var. californicus,Ranunculus californicus,Ranunculaceae,Ranunculus,San Luis Obispo County,California,35.233205,-120.695567,2025-04-05,2025,Andrena suavis,interactsWith,bee,general_interaction
Ranunculus californicus var. californicus,Ranunculus californicus,Ranunculaceae,Ranunculus,San Luis Obispo County,California,35.233205,-120.695567,2025-04-05,2025,Agapostemon texanus,interactsWith,bee,general_interaction
Ranunculus californicus var. californicus,Ranunculus californicus,Ranunculaceae,Ranunculus,San Luis Obispo County,California,35.233205,-120.695567,2025-04-05,2025,Halictus rubicundus,interactsWith,bee,general_interaction
Ranunculus californicus var. californicus,Ranunculus californicus,Ranunculaceae,Ranunculus,San Luis Obispo County,California,35.233205,-120.695567,2025-04-05,2025,Andrena angustitarsata,interactsWith,bee,general_interaction
Ranunculus californicus var. californicus,Ranunculus californicus,Ranunculaceae,Ranunculus,San Luis Obispo County,California,35.233205,-120.695567,2025-04-05,2025,Nomada,interactsWith,bee,general_interaction
Ranunculus californicus var. californicus,Ranunculus californicus,Ranunculaceae,Ranunculus,San Luis Obispo County,California,35.233205,-120.695567,2025-04-05,2025,Halictus tripartitus,interactsWith,bee,general_interaction
Ranunculus californicus var. californicus,Ranunculus californicus,Ranunculaceae,Ranunculus,San Luis Obispo County,California,35.233205,-120.695567,2025-04-05,2025,Panurginus,interactsWith,bee,general_interaction
Ranunculus californicus var. californicus,Ranunculus californicus,Ranunculaceae,Ranunculus,San Luis Obispo County,California,35.233205,-120.695567,2025-04-05,2025,Lasioglossum,interactsWith,bee,general_interaction
Ranunculus californicus var. californicus,Ranunculus californicus,Ranunculaceae,Ranunculus,San Luis Obispo County,California,35.233205,-120.695567,2025-04-05,2025,Protosmia rubifloris,interactsWith,bee,general_interaction
Ranunculus californicus var. californicus,Ranunculus californicus,Ranunculaceae,Ranunculus,San Luis Obispo County,California,35.233205,-120.695567,2025-04-05,2025,Halictus farinosus,interactsWith,bee,general_interaction
Ranunculus californicus var. californicus,Ranunculus californicus,Ranunculaceae,Ranunculus,San Luis Obispo County,California,35.233205,-120.695567,2025-04-05,2025,Lasioglossum incompletum,interactsWith,bee,general_interaction
Ranunculus californicus var. californicus,Ranunculus californicus,Ranunculaceae,Ranunculus,San Luis Obispo County,California,35.233205,-120.695567,2025-04-05,2025,Coenonympha california,interactsWith,butterfly,general_interaction
Ranunculus californicus var. californicus,Ranunculus californicus,Ranunculaceae,Ranunculus,San Luis Obispo County,California,35.233205,-120.695567,2025-04-05,2025,Andrena,interactsWith,bee,general_interaction
Ranunculus californicus var. californicus,Ranunculus californicus,Ranunculaceae,Ranunculus,San Luis Obispo County,California,35.233205,-120.695567,2025-04-05,2025,Eresia aveyrona mylitta,interactsWith,butterfly,general_interaction
Ranunculus californicus var. californicus,Ranunculus californicus,Ranunculaceae,Ranunculus,San Luis Obispo County,California,35.233205,-120.695567,2025-04-05,2025,Osmia cyanella,interactsWith,bee,general_interaction
Ranunculus californicus var. californicus,Ranunculus californicus,Ranunculaceae,Ranunculus,San Luis Obispo County,California,35.233205,-120.695567,2025-04-05,2025,Osmia lignaria propinqua,interactsWith,bee,general_interaction
Ranunculus californicus var. californicus,Ranunculus californicus,Ranunculaceae,Ranunculus,San Luis Obispo County,California,35.233205,-120.695567,2025-04-05,2025,Andrena caerulea,interactsWith,bee,general_interaction
Ranunculus californicus var. californicus,Ranunculus californicus,Ranunculaceae,Ranunculus,San Luis Obispo County,California,35.233205,-120.695567,2025-04-05,2025,Andrena chalybaea,interactsWith,bee,general_interaction
Ranunculus californicus var. californicus,Ranunculus californicus,Ranunculaceae,Ranunculus,San Luis Obispo County,California,35.233205,-120.695567,2025-04-05,2025,Andrena cuneilabris,interactsWith,bee,general_interaction
Claytonia exigua subsp. exigua,Claytonia exigua,Montiaceae,Claytonia,Santa Cruz County,California,37.090612,-122.062716,2025-03-17,2025,Andrena anisochlora,flowersVisitedBy,bee,confirmed_pollination
Brodiaea terrestris subsp. terrestris,Brodiaea terrestris,Asparagaceae,Brodiaea,Del Norte County,California,41.823347,-124.219717,2026-06-20,2026,Halictus tripartitus,interactsWith,bee,general_interaction
Brodiaea terrestris subsp. terrestris,Brodiaea terrestris,Asparagaceae,Brodiaea,Del Norte County,California,41.823347,-124.219717,2026-06-20,2026,Lasioglossum,interactsWith,bee,general_interaction
Brodiaea terrestris subsp. terrestris,Brodiaea terrestris,Asparagaceae,Brodiaea,Del Norte County,California,41.823347,-124.219717,2026-06-20,2026,Osmia nemoris,interactsWith,bee,general_interaction
Brodiaea terrestris subsp. terrestris,Brodiaea terrestris,Asparagaceae,Brodiaea,Del Norte County,California,41.823347,-124.219717,2026-06-20,2026,Dialictus,interactsWith,bee,general_interaction
Eriogonum ovalifolium var. ovalifolium,Eriogonum ovalifolium,Polygonaceae,Eriogonum,Inyo County,California,37.45918,-117.955281,2026-06-09,2026,Callophrys gryneus siva,flowersVisitedBy,butterfly,confirmed_pollination
Eriogonum ovalifolium var. ovalifolium,Eriogonum ovalifolium,Polygonaceae,Eriogonum,Inyo County,California,37.45918,-117.955281,2026-06-09,2026,Euphilotes enoptes ancilla,flowersVisitedBy,butterfly,confirmed_pollination
Eriogonum ovalifolium var. ovalifolium,Eriogonum ovalifolium,Polygonaceae,Eriogonum,Inyo County,California,37.45918,-117.955281,2026-06-09,2026,Bombus vosnesenskii,flowersVisitedBy,bee,confirmed_pollination
Eriogonum ovalifolium var. ovalifolium,Eriogonum ovalifolium,Polygonaceae,Eriogonum,Inyo County,California,37.45918,-117.955281,2026-06-09,2026,Bombus huntii,flowersVisitedBy,bee,confirmed_pollination
Eriogonum ovalifolium var. ovalifolium,Eriogonum ovalifolium,Polygonaceae,Eriogonum,Inyo County,California,37.45918,-117.955281,2026-06-09,2026,Bombus rufocinctus,flowersVisitedBy,bee,confirmed_pollination
Ribes cereum var. cereum,Ribes cereum,Grossulariaceae,Ribes,Mono County,California,38.268015,-119.453444,2025-08-27,2025,Andrena porterae,flowersVisitedBy,bee,confirmed_pollination
Raphanus raphanistrum subsp. raphanistrum,Raphanus raphanistrum,Brassicaceae,Raphanus,Santa Cruz County,California,36.955299,-122.062473,2025-04-28,2025,Lasioglossum smeathmanellum,flowersVisitedBy,bee,confirmed_pollination
Raphanus raphanistrum subsp. raphanistrum,Raphanus raphanistrum,Brassicaceae,Raphanus,Santa Cruz County,California,36.955299,-122.062473,2025-04-28,2025,Nomada goodeniana,flowersVisitedBy,bee,confirmed_pollination
Raphanus raphanistrum subsp. raphanistrum,Raphanus raphanistrum,Brassicaceae,Raphanus,Santa Cruz County,California,36.955299,-122.062473,2025-04-28,2025,Andrena minutula,flowersVisitedBy,bee,confirmed_pollination
Raphanus raphanistrum subsp. raphanistrum,Raphanus raphanistrum,Brassicaceae,Raphanus,Santa Cruz County,California,36.955299,-122.062473,2025-04-28,2025,Apis mellifera,flowersVisitedBy,bee,confirmed_pollination
Raphanus raphanistrum subsp. raphanistrum,Raphanus raphanistrum,Brassicaceae,Raphanus,Santa Cruz County,California,36.955299,-122.062473,2025-04-28,2025,Lasioglossum albipes,flowersVisitedBy,bee,confirmed_pollination
Raphanus raphanistrum subsp. raphanistrum,Raphanus raphanistrum,Brassicaceae,Raphanus,Santa Cruz County,California,36.955299,-122.062473,2025-04-28,2025,Bombus humilis,flowersVisitedBy,bee,confirmed_pollination
Raphanus raphanistrum subsp. raphanistrum,Raphanus raphanistrum,Brassicaceae,Raphanus,Santa Cruz County,California,36.955299,-122.062473,2025-04-28,2025,Andrena barbilabris,flowersVisitedBy,bee,confirmed_pollination
Raphanus raphanistrum subsp. raphanistrum,Raphanus raphanistrum,Brassicaceae,Raphanus,Santa Cruz County,California,36.955299,-122.062473,2025-04-28,2025,Andrena chrysosceles,flowersVisitedBy,bee,confirmed_pollination
Raphanus raphanistrum subsp. raphanistrum,Raphanus raphanistrum,Brassicaceae,Raphanus,Santa Cruz County,California,36.955299,-122.062473,2025-04-28,2025,Bombus sp.,flowersVisitedBy,bee,confirmed_pollination
Raphanus raphanistrum subsp. raphanistrum,Raphanus raphanistrum,Brassicaceae,Raphanus,Santa Cruz County,California,36.955299,-122.062473,2025-04-28,2025,Andrena flavipes,flowersVisitedBy,bee,confirmed_pollination
Raphanus raphanistrum subsp. raphanistrum,Raphanus raphanistrum,Brassicaceae,Raphanus,Santa Cruz County,California,36.955299,-122.062473,2025-04-28,2025,Pieris rapae,flowersVisitedBy,butterfly,confirmed_pollination
Raphanus raphanistrum subsp. raphanistrum,Raphanus raphanistrum,Brassicaceae,Raphanus,Santa Cruz County,California,36.955299,-122.062473,2025-04-28,2025,Bombus lucorum,flowersVisitedBy,bee,confirmed_pollination
Raphanus raphanistrum subsp. raphanistrum,Raphanus raphanistrum,Brassicaceae,Raphanus,Santa Cruz County,California,36.955299,-122.062473,2025-04-28,2025,Bombus pascuorum,flowersVisitedBy,bee,confirmed_pollination
Raphanus raphanistrum subsp. raphanistrum,Raphanus raphanistrum,Brassicaceae,Raphanus,Santa Cruz County,California,36.955299,-122.062473,2025-04-28,2025,Andrena dorsata,flowersVisitedBy,bee,confirmed_pollination
Raphanus raphanistrum subsp. raphanistrum,Raphanus raphanistrum,Brassicaceae,Raphanus,Santa Cruz County,California,36.955299,-122.062473,2025-04-28,2025,Pieris brassicae,flowersVisitedBy,butterfly,confirmed_pollination
Raphanus raphanistrum subsp. raphanistrum,Raphanus raphanistrum,Brassicaceae,Raphanus,Santa Cruz County,California,36.955299,-122.062473,2025-04-28,2025,Bombus sylvestris,flowersVisitedBy,bee,confirmed_pollination
Raphanus raphanistrum subsp. raphanistrum,Raphanus raphanistrum,Brassicaceae,Raphanus,Santa Cruz County,California,36.955299,-122.062473,2025-04-28,2025,Lasioglossum sexnotatum,flowersVisitedBy,bee,confirmed_pollination
Raphanus raphanistrum subsp. raphanistrum,Raphanus raphanistrum,Brassicaceae,Raphanus,Santa Cruz County,California,36.955299,-122.062473,2025-04-28,2025,Bombus lapidarius,flowersVisitedBy,bee,confirmed_pollination
Raphanus raphanistrum subsp. raphanistrum,Raphanus raphanistrum,Brassicaceae,Raphanus,Santa Cruz County,California,36.955299,-122.062473,2025-04-28,2025,Andrena labiata,flowersVisitedBy,bee,confirmed_pollination
Raphanus raphanistrum subsp. raphanistrum,Raphanus raphanistrum,Brassicaceae,Raphanus,Santa Cruz County,California,36.955299,-122.062473,2025-04-28,2025,Andrena bicolor,flowersVisitedBy,bee,confirmed_pollination
Raphanus raphanistrum subsp. raphanistrum,Raphanus raphanistrum,Brassicaceae,Raphanus,Santa Cruz County,California,36.955299,-122.062473,2025-04-28,2025,Bombus pratorum,flowersVisitedBy,bee,confirmed_pollination
Raphanus raphanistrum subsp. raphanistrum,Raphanus raphanistrum,Brassicaceae,Raphanus,Santa Cruz County,California,36.955299,-122.062473,2025-04-28,2025,Andrena haemorrhoa,flowersVisitedBy,bee,confirmed_pollination
Raphanus raphanistrum subsp. raphanistrum,Raphanus raphanistrum,Brassicaceae,Raphanus,Santa Cruz County,California,36.955299,-122.062473,2025-04-28,2025,Lasioglossum laevigatum,flowersVisitedBy,bee,confirmed_pollination
Raphanus raphanistrum subsp. raphanistrum,Raphanus raphanistrum,Brassicaceae,Raphanus,Santa Cruz County,California,36.955299,-122.062473,2025-04-28,2025,Andrena carantonica,flowersVisitedBy,bee,confirmed_pollination
Raphanus raphanistrum subsp. raphanistrum,Raphanus raphanistrum,Brassicaceae,Raphanus,Santa Cruz County,California,36.955299,-122.062473,2025-04-28,2025,Andrena niveata,visitedBy,bee,confirmed_pollination
Raphanus raphanistrum subsp. raphanistrum,Raphanus raphanistrum,Brassicaceae,Raphanus,Santa Cruz County,California,36.955299,-122.062473,2025-04-28,2025,Andrena lepida,visitedBy,bee,confirmed_pollination
Raphanus raphanistrum subsp. raphanistrum,Raphanus raphanistrum,Brassicaceae,Raphanus,Santa Cruz County,California,36.955299,-122.062473,2025-04-28,2025,Andrena agilissima,visitedBy,bee,confirmed_pollination
Raphanus raphanistrum subsp. raphanistrum,Raphanus raphanistrum,Brassicaceae,Raphanus,Santa Cruz County,California,36.955299,-122.062473,2025-04-28,2025,Andrena argentata,visitedBy,bee,confirmed_pollination
Acmispon americanus var. americanus,Acmispon americanus,Fabaceae,Acmispon,San Luis Obispo County,California,35.641237,-120.667887,2026-05-20,2026,Ashmeadiella cactorum basalis,pollinatedBy,bee,confirmed_pollination
Acmispon americanus var. americanus,Acmispon americanus,Fabaceae,Acmispon,San Luis Obispo County,California,35.641237,-120.667887,2026-05-20,2026,Anthidiellum robertsoni,pollinatedBy,bee,confirmed_pollination
Acmispon americanus var. americanus,Acmispon americanus,Fabaceae,Acmispon,San Luis Obispo County,California,35.641237,-120.667887,2026-05-20,2026,Megachile angelarum,pollinatedBy,bee,confirmed_pollination
Acmispon americanus var. americanus,Acmispon americanus,Fabaceae,Acmispon,San Luis Obispo County,California,35.641237,-120.667887,2026-05-20,2026,Megachile brevis,pollinatedBy,bee,confirmed_pollination
Acmispon americanus var. americanus,Acmispon americanus,Fabaceae,Acmispon,San Luis Obispo County,California,35.641237,-120.667887,2026-05-20,2026,Anthidiellum notatum,pollinatedBy,bee,confirmed_pollination
Acmispon americanus var. americanus,Acmispon americanus,Fabaceae,Acmispon,San Luis Obispo County,California,35.641237,-120.667887,2026-05-20,2026,Megachile coquilletti,interactsWith,bee,general_interaction
Acmispon americanus var. americanus,Acmispon americanus,Fabaceae,Acmispon,San Luis Obispo County,California,35.641237,-120.667887,2026-05-20,2026,Bombus occidentalis,interactsWith,bee,general_interaction
Acmispon americanus var. americanus,Acmispon americanus,Fabaceae,Acmispon,San Luis Obispo County,California,35.641237,-120.667887,2026-05-20,2026,Megachile,interactsWith,bee,general_interaction
Acmispon americanus var. americanus,Acmispon americanus,Fabaceae,Acmispon,San Luis Obispo County,California,35.641237,-120.667887,2026-05-20,2026,Anthidium edwardsii,interactsWith,bee,general_interaction
Ipomopsis aggregata subsp. aggregata,Ipomopsis aggregata,Polemoniaceae,Ipomopsis,Inyo County,California,36.223557,-118.082326,2025-06-27,2025,Bombus appositus,flowersVisitedBy,bee,confirmed_pollination
Ipomopsis aggregata subsp. aggregata,Ipomopsis aggregata,Polemoniaceae,Ipomopsis,Inyo County,California,36.223557,-118.082326,2025-06-27,2025,Xylocopa,interactsWith,bee,general_interaction
Ipomopsis aggregata subsp. aggregata,Ipomopsis aggregata,Polemoniaceae,Ipomopsis,Inyo County,California,36.223557,-118.082326,2025-06-27,2025,Xylocopa virginica,interactsWith,bee,general_interaction
Vicia villosa subsp. villosa,Vicia villosa,Fabaceae,Vicia,Yolo County,California,38.602792,-121.563653,2026-04-24,2026,Bombus californicus,interactsWith,bee,general_interaction
Vicia villosa subsp. villosa,Vicia villosa,Fabaceae,Vicia,Yolo County,California,38.602792,-121.563653,2026-04-24,2026,Bombus vosnesenskii,interactsWith,bee,general_interaction
Ceanothus cuneatus var. cuneatus,Ceanothus cuneatus,Rhamnaceae,Ceanothus,Lake County,California,38.827542,-122.361228,2025-03-03,2025,Panurginus,interactsWith,bee,general_interaction
Ceanothus cuneatus var. cuneatus,Ceanothus cuneatus,Rhamnaceae,Ceanothus,Lake County,California,38.827542,-122.361228,2025-03-03,2025,Celastrina echo,interactsWith,butterfly,general_interaction
Ceanothus cuneatus var. cuneatus,Ceanothus cuneatus,Rhamnaceae,Ceanothus,Lake County,California,38.827542,-122.361228,2025-03-03,2025,Andrena,interactsWith,bee,general_interaction
Epilobium canum subsp. canum,Epilobium canum,Onagraceae,Epilobium,Riverside County,California,33.879248,-117.051703,2025-06-03,2025,Dialictus,interactsWith,bee,general_interaction
Epilobium canum subsp. canum,Epilobium canum,Onagraceae,Epilobium,Riverside County,California,33.879248,-117.051703,2025-06-03,2025,Lasioglossum,interactsWith,bee,general_interaction
Epilobium canum subsp. canum,Epilobium canum,Onagraceae,Epilobium,Riverside County,California,33.879248,-117.051703,2025-06-03,2025,Dianthidium dubium,interactsWith,bee,general_interaction
Camissonia campestris subsp. campestris,Camissonia campestris,Onagraceae,Camissonia,Inyo County,California,36.25031,-118.012045,2025-04-24,2025,Andrena siccata,flowersVisitedBy,bee,confirmed_pollination
Amsinckia spectabilis var. spectabilis,Amsinckia spectabilis,Boraginaceae,Amsinckia,San Luis Obispo County,California,35.665383,-121.286422,2026-04-25,2026,Bombus vosnesenskii,interactsWith,bee,general_interaction
Amsinckia spectabilis var. spectabilis,Amsinckia spectabilis,Boraginaceae,Amsinckia,San Luis Obispo County,California,35.665383,-121.286422,2026-04-25,2026,Habropoda tristissima,interactsWith,bee,general_interaction
Fritillaria affinis var. affinis,Fritillaria affinis,Liliaceae,Fritillaria,Alameda County,California,37.720425,-122.104072,2025-03-24,2025,Andrena saccata,pollinatedBy,bee,confirmed_pollination
Fritillaria affinis var. affinis,Fritillaria affinis,Liliaceae,Fritillaria,Alameda County,California,37.720425,-122.104072,2025-03-24,2025,Andrena,interactsWith,bee,general_interaction
